# --- TSP Genetic Algorithm Run ---
# Number of Cities: 34
# Population Size: 200
# Total Generations: 200
# Map Shape: Circular
# ---------------------------------
Generation Rank Fitness City_1 City_2 City_3 City_4 City_5 City_6 City_7 City_8 City_9 City_10 City_11 City_12 City_13 City_14 City_15 City_16 City_17 City_18 City_19 City_20 City_21 City_22 City_23 City_24 City_25 City_26 City_27 City_28 City_29 City_30 City_31 City_32 City_33 City_34 City_35 
0 0 34.2458 1 10 4 17 23 28 29 26 33 31 25 16 20 21 30 11 34 13 9 3 22 6 7 18 14 8 12 19 5 27 15 24 2 32 1 
0 1 34.5505
0 2 35.2817
0 3 35.5274
0 4 35.842
0 5 35.925
0 6 36.0436
0 7 36.4269
0 8 36.7427
0 9 36.8609
0 10 36.9063
0 11 36.9286
0 12 37.005
0 13 37.3773
0 14 37.4834
0 15 37.5214
0 16 37.6142
0 17 37.6428
0 18 37.9256
0 19 37.9781
0 20 38.0279
0 21 38.0862
0 22 38.0919
0 23 38.1462
0 24 38.151
0 25 38.1738
0 26 38.2112
0 27 38.2316
0 28 38.255
0 29 38.3069
0 30 38.32
0 31 38.336
0 32 38.3777
0 33 38.539
0 34 38.7594
0 35 39.1189
0 36 39.1605
0 37 39.3062
0 38 39.4689
0 39 39.5211
0 40 39.6074
0 41 39.6346
0 42 39.755
0 43 39.7926
0 44 39.9516
0 45 40.0027
0 46 40.0382
0 47 40.1153
0 48 40.2546
0 49 40.307
0 50 40.3179
0 51 40.3493
0 52 40.3924
0 53 40.4607
0 54 40.5145
0 55 40.6963
0 56 40.8274
0 57 40.9487
0 58 41.046
0 59 41.1025
0 60 41.1063
0 61 41.1109
0 62 41.1418
0 63 41.2
0 64 41.2983
0 65 41.5183
0 66 41.5381
0 67 41.5621
0 68 41.6079
0 69 41.6565
0 70 41.7385
0 71 41.8098
0 72 41.8174
0 73 41.9043
0 74 41.9111
0 75 41.926
0 76 41.9781
0 77 42.0547
0 78 42.1686
0 79 42.192
0 80 42.2378
0 81 42.2828
0 82 42.2901
0 83 42.3542
0 84 42.3731
0 85 42.3963
0 86 42.403
0 87 42.4476
0 88 42.4747
0 89 42.5634
0 90 42.5822
0 91 42.628
0 92 42.7003
0 93 42.7042
0 94 42.7178
0 95 42.7251
0 96 42.8667
0 97 42.9442
0 98 42.9504
0 99 42.9706
0 100 43.0012
0 101 43.0801
0 102 43.206
0 103 43.2517
0 104 43.3817
0 105 43.4972
0 106 43.4989
0 107 43.6068
0 108 43.6736
0 109 43.6834
0 110 43.8013
0 111 43.8273
0 112 43.9109
0 113 43.929
0 114 44.0038
0 115 44.0246
0 116 44.1464
0 117 44.1484
0 118 44.3346
0 119 44.3609
0 120 44.3923
0 121 44.4358
0 122 44.4868
0 123 44.4908
0 124 44.5548
0 125 44.5641
0 126 44.5813
0 127 44.6749
0 128 44.7034
0 129 44.7535
0 130 44.7689
0 131 44.8641
0 132 44.9601
0 133 45.0362
0 134 45.0681
0 135 45.0698
0 136 45.0867
0 137 45.1461
0 138 45.2398
0 139 45.2444
0 140 45.2513
0 141 45.3163
0 142 45.3449
0 143 45.4935
0 144 45.5458
0 145 45.5461
0 146 45.5938
0 147 45.6919
0 148 45.8657
0 149 45.872
0 150 46.0034
0 151 46.0517
0 152 46.1308
0 153 46.1552
0 154 46.3204
0 155 46.37
0 156 46.392
0 157 46.395
0 158 46.4372
0 159 46.5508
0 160 46.5527
0 161 46.6114
0 162 46.6305
0 163 46.6498
0 164 46.6757
0 165 46.6903
0 166 46.7652
0 167 46.8388
0 168 46.8714
0 169 46.9038
0 170 46.9206
0 171 46.931
0 172 46.9533
0 173 47.0924
0 174 47.132
0 175 47.4628
0 176 47.5537
0 177 47.5901
0 178 47.5972
0 179 47.6957
0 180 47.7218
0 181 47.8498
0 182 48.2152
0 183 48.2235
0 184 48.5191
0 185 48.6354
0 186 48.8048
0 187 48.8552
0 188 48.8773
0 189 49.4633
0 190 49.5294
0 191 50.2976
0 192 50.4154
0 193 50.5148
0 194 50.8358
0 195 50.8705
0 196 50.9932
0 197 51.1948
0 198 51.5018
0 199 51.961
1 0 31.5398 1 24 32 10 8 14 7 33 3 34 16 17 2 21 28 18 31 30 15 12 13 25 27 29 5 20 9 6 4 23 11 26 22 19 1 
1 1 32.7834
1 2 33.1555
1 3 33.497
1 4 33.6112
1 5 34.0509
1 6 34.2319
1 7 34.2458
1 8 34.2458
1 9 34.2458
1 10 34.2458
1 11 34.2458
1 12 34.2458
1 13 34.2458
1 14 34.2458
1 15 34.2458
1 16 34.2458
1 17 34.2458
1 18 34.2458
1 19 34.2458
1 20 34.3356
1 21 34.408
1 22 34.5505
1 23 34.5505
1 24 34.5505
1 25 34.6006
1 26 34.6343
1 27 34.8095
1 28 34.8625
1 29 35.4767
1 30 35.4789
1 31 35.5274
1 32 35.5274
1 33 35.5541
1 34 35.6257
1 35 35.7725
1 36 35.8109
1 37 35.8923
1 38 36.0436
1 39 36.0436
1 40 36.0436
1 41 36.4269
1 42 36.4269
1 43 36.4333
1 44 36.525
1 45 36.6013
1 46 36.6289
1 47 36.6545
1 48 36.6622
1 49 36.6716
1 50 36.6797
1 51 36.6952
1 52 36.7427
1 53 36.7427
1 54 36.8313
1 55 36.8609
1 56 36.8666
1 57 36.8912
1 58 36.9063
1 59 36.914
1 60 36.9286
1 61 37.005
1 62 37.005
1 63 37.0795
1 64 37.4834
1 65 37.6142
1 66 37.6664
1 67 37.6734
1 68 37.8334
1 69 37.9489
1 70 37.9701
1 71 38.0988
1 72 38.2198
1 73 38.2316
1 74 38.2986
1 75 38.7576
1 76 38.8448
1 77 38.8958
1 78 38.9163
1 79 39.1685
1 80 39.3493
1 81 39.4202
1 82 39.4505
1 83 39.4509
1 84 39.4513
1 85 39.4861
1 86 39.5457
1 87 39.5611
1 88 39.6123
1 89 39.7225
1 90 39.7926
1 91 39.8855
1 92 39.9807
1 93 40.0242
1 94 40.0762
1 95 40.1213
1 96 40.2023
1 97 40.2222
1 98 40.2864
1 99 40.3097
1 100 40.3717
1 101 40.4024
1 102 40.49
1 103 40.5205
1 104 40.5513
1 105 40.679
1 106 40.7009
1 107 40.7443
1 108 40.7447
1 109 40.8274
1 110 40.8594
1 111 40.9284
1 112 40.9425
1 113 40.9715
1 114 41.009
1 115 41.0378
1 116 41.1606
1 117 41.1943
1 118 41.2005
1 119 41.2069
1 120 41.3851
1 121 41.4013
1 122 41.4081
1 123 41.5545
1 124 41.6534
1 125 41.6565
1 126 41.7385
1 127 41.9766
1 128 41.9922
1 129 42.0547
1 130 42.0583
1 131 42.1686
1 132 42.1972
1 133 42.218
1 134 42.2602
1 135 42.3714
1 136 42.444
1 137 42.5231
1 138 42.5332
1 139 42.6489
1 140 42.7466
1 141 42.858
1 142 42.9244
1 143 42.9272
1 144 42.9288
1 145 42.9427
1 146 43.0085
1 147 43.0162
1 148 43.0268
1 149 43.0546
1 150 43.1026
1 151 43.357
1 152 43.6068
1 153 43.7395
1 154 43.778
1 155 43.8185
1 156 43.8464
1 157 43.9682
1 158 43.9964
1 159 44.0265
1 160 44.1464
1 161 44.4115
1 162 44.5316
1 163 44.6458
1 164 44.6778
1 165 44.6825
1 166 44.6949
1 167 44.7599
1 168 45.0228
1 169 45.0362
1 170 45.0873
1 171 45.1782
1 172 45.2087
1 173 45.253
1 174 45.3932
1 175 45.5461
1 176 45.6731
1 177 45.7263
1 178 46.4372
1 179 46.7236
1 180 46.7652
1 181 46.896
1 182 46.9116
1 183 47.0924
1 184 47.7241
1 185 47.7577
1 186 47.8498
1 187 48.4794
1 188 48.5958
1 189 48.6069
1 190 48.6126
1 191 48.6354
1 192 49.2011
1 193 49.3592
1 194 49.9911
1 195 50.1833
1 196 50.4058
1 197 50.8358
1 198 50.8373
1 199 52.4071
2 0 29.7895 1 24 32 10 8 14 7 33 25 27 29 5 20 9 6 18 31 30 15 12 13 3 34 16 17 2 21 28 4 23 11 26 22 19 1 
2 1 29.9117
2 2 30.6964
2 3 31.0818
2 4 31.1166
2 5 31.2594
2 6 31.3908
2 7 31.5398
2 8 31.5398
2 9 31.5398
2 10 31.5398
2 11 31.5398
2 12 31.5398
2 13 31.5398
2 14 31.5398
2 15 31.5398
2 16 31.5588
2 17 32.2408
2 18 32.3136
2 19 32.3741
2 20 32.4377
2 21 32.5621
2 22 32.6889
2 23 32.7834
2 24 32.7834
2 25 32.7834
2 26 32.7834
2 27 33.0834
2 28 33.1172
2 29 33.1555
2 30 33.341
2 31 33.5542
2 32 33.593
2 33 33.6051
2 34 33.6112
2 35 33.6112
2 36 33.733
2 37 33.9257
2 38 33.9263
2 39 34.0314
2 40 34.0595
2 41 34.115
2 42 34.2319
2 43 34.2353
2 44 34.2428
2 45 34.2458
2 46 34.2458
2 47 34.2458
2 48 34.2458
2 49 34.2458
2 50 34.2458
2 51 34.2458
2 52 34.2458
2 53 34.2458
2 54 34.2458
2 55 34.3356
2 56 34.3356
2 57 34.3813
2 58 34.408
2 59 34.4188
2 60 34.5532
2 61 34.6433
2 62 34.6494
2 63 34.6648
2 64 34.7881
2 65 34.7997
2 66 34.8543
2 67 34.9531
2 68 35.0939
2 69 35.1661
2 70 35.1935
2 71 35.2441
2 72 35.5034
2 73 35.5274
2 74 35.5541
2 75 35.6063
2 76 35.6562
2 77 35.7725
2 78 35.787
2 79 35.7888
2 80 35.8914
2 81 35.9146
2 82 35.9867
2 83 36.0436
2 84 36.0612
2 85 36.2484
2 86 36.2717
2 87 36.2811
2 88 36.2928
2 89 36.3974
2 90 36.4024
2 91 36.4061
2 92 36.4461
2 93 36.4617
2 94 36.6062
2 95 36.7125
2 96 36.7427
2 97 36.9659
2 98 36.9701
2 99 37.0043
2 100 37.0111
2 101 37.0402
2 102 37.1033
2 103 37.1103
2 104 37.1123
2 105 37.168
2 106 37.1778
2 107 37.1906
2 108 37.2489
2 109 37.343
2 110 37.3836
2 111 37.4038
2 112 37.431
2 113 37.446
2 114 37.4499
2 115 37.6824
2 116 37.7192
2 117 37.7765
2 118 37.79
2 119 37.8407
2 120 37.9602
2 121 38.0309
2 122 38.139
2 123 38.1796
2 124 38.2048
2 125 38.2071
2 126 38.2165
2 127 38.2986
2 128 38.3066
2 129 38.3091
2 130 38.3206
2 131 38.4203
2 132 38.435
2 133 38.657
2 134 38.6786
2 135 38.8092
2 136 38.8473
2 137 39.0301
2 138 39.1139
2 139 39.1271
2 140 39.286
2 141 39.3356
2 142 39.3854
2 143 39.4208
2 144 39.4509
2 145 39.4568
2 146 39.5457
2 147 39.6002
2 148 39.6325
2 149 39.7646
2 150 39.8144
2 151 39.8868
2 152 40.008
2 153 40.0828
2 154 40.2541
2 155 40.3923
2 156 40.4864
2 157 40.9329
2 158 40.9955
2 159 41.1596
2 160 41.1647
2 161 41.2044
2 162 41.2453
2 163 41.3275
2 164 41.443
2 165 41.4585
2 166 41.48
2 167 41.5385
2 168 41.5514
2 169 41.6536
2 170 41.721
2 171 41.853
2 172 41.863
2 173 42.1972
2 174 42.5369
2 175 42.858
2 176 42.9201
2 177 43.0085
2 178 43.0386
2 179 43.0524
2 180 43.1979
2 181 43.2947
2 182 43.5027
2 183 44.5292
2 184 45.0622
2 185 45.2135
2 186 45.4119
2 187 45.5104
2 188 45.5442
2 189 45.5999
2 190 45.6211
2 191 46.1666
2 192 46.2029
2 193 46.7236
2 194 46.8548
2 195 47.0789
2 196 47.7001
2 197 48.0102
2 198 48.6069
2 199 50.4058
3 0 26.8735 1 24 30 4 23 29 32 10 8 14 7 33 25 27 5 20 9 6 18 31 15 12 13 3 34 16 17 2 21 28 11 26 22 19 1 
3 1 29.7895
3 2 29.7895
3 3 29.7895
3 4 29.7895
3 5 29.7895
3 6 29.7895
3 7 29.7895
3 8 29.7895
3 9 29.7895
3 10 29.7895
3 11 29.7895
3 12 29.7895
3 13 29.7895
3 14 29.7895
3 15 29.8406
3 16 29.8609
3 17 29.9117
3 18 29.9117
3 19 29.9117
3 20 29.9117
3 21 29.9117
3 22 30.1695
3 23 30.3992
3 24 30.5485
3 25 30.5631
3 26 30.569
3 27 30.6964
3 28 30.7213
3 29 30.7289
3 30 30.7756
3 31 31.0383
3 32 31.1919
3 33 31.1996
3 34 31.2151
3 35 31.2194
3 36 31.4059
3 37 31.5119
3 38 31.5398
3 39 31.5398
3 40 31.5398
3 41 31.5398
3 42 31.5398
3 43 31.5398
3 44 31.5398
3 45 31.5398
3 46 31.5594
3 47 31.5658
3 48 31.7072
3 49 31.7412
3 50 32.0928
3 51 32.1496
3 52 32.1917
3 53 32.1985
3 54 32.2957
3 55 32.3425
3 56 32.3689
3 57 32.3712
3 58 32.4023
3 59 32.4023
3 60 32.5352
3 61 32.5379
3 62 32.5621
3 63 32.5647
3 64 32.5857
3 65 32.7098
3 66 32.7733
3 67 32.7834
3 68 32.8886
3 69 32.9211
3 70 32.9534
3 71 32.9675
3 72 33.0084
3 73 33.0867
3 74 33.2037
3 75 33.274
3 76 33.3286
3 77 33.3286
3 78 33.3893
3 79 33.43
3 80 33.5932
3 81 33.6112
3 82 33.7648
3 83 33.7711
3 84 34.0087
3 85 34.0232
3 86 34.0314
3 87 34.0573
3 88 34.1079
3 89 34.115
3 90 34.1519
3 91 34.1666
3 92 34.1749
3 93 34.2036
3 94 34.2428
3 95 34.2458
3 96 34.2751
3 97 34.2824
3 98 34.2839
3 99 34.408
3 100 34.507
3 101 34.5307
3 102 34.5715
3 103 34.6416
3 104 34.6772
3 105 34.6795
3 106 34.747
3 107 34.789
3 108 34.8543
3 109 34.8894
3 110 35.0295
3 111 35.0785
3 112 35.1935
3 113 35.3957
3 114 35.4362
3 115 35.4654
3 116 35.4775
3 117 35.6034
3 118 35.6063
3 119 35.6796
3 120 35.7783
3 121 35.8116
3 122 35.972
3 123 35.9806
3 124 36.0988
3 125 36.1041
3 126 36.1563
3 127 36.1734
3 128 36.2436
3 129 36.2603
3 130 36.2928
3 131 36.3987
3 132 36.4024
3 133 36.4024
3 134 36.4024
3 135 36.508
3 136 36.5962
3 137 36.7986
3 138 36.943
3 139 37.1033
3 140 37.1081
3 141 37.1778
3 142 37.2005
3 143 37.3232
3 144 37.3326
3 145 37.431
3 146 37.4349
3 147 37.4556
3 148 37.5144
3 149 37.5634
3 150 37.583
3 151 37.636
3 152 37.6824
3 153 37.7265
3 154 37.7469
3 155 37.9032
3 156 37.9043
3 157 37.9154
3 158 38.2165
3 159 38.3092
3 160 38.3237
3 161 38.3814
3 162 38.4189
3 163 38.4968
3 164 38.8092
3 165 38.853
3 166 38.9717
3 167 39.0659
3 168 39.1271
3 169 39.2445
3 170 39.286
3 171 39.5457
3 172 39.5823
3 173 39.6532
3 174 40.0791
3 175 40.2541
3 176 40.3212
3 177 40.4893
3 178 40.7085
3 179 40.8479
3 180 41.0219
3 181 41.0595
3 182 41.0659
3 183 41.1215
3 184 41.2492
3 185 41.3275
3 186 41.863
3 187 42.1421
3 188 42.2117
3 189 42.5369
3 190 42.8002
3 191 43.0386
3 192 43.0524
3 193 43.8922
3 194 43.9668
3 195 44.4094
3 196 44.5885
3 197 45.5442
3 198 46.7236
3 199 48.6069
4 0 26.4857 1 24 30 4 23 29 32 10 8 14 7 33 25 27 5 20 9 6 18 31 15 12 13 3 34 16 17 2 21 26 22 28 11 19 1 
4 1 26.8735
4 2 26.8735
4 3 26.8735
4 4 26.8735
4 5 26.8735
4 6 26.8735
4 7 26.8735
4 8 26.8735
4 9 27.3355
4 10 27.413
4 11 27.4447
4 12 27.4953
4 13 27.7784
4 14 28.3218
4 15 28.4341
4 16 28.4462
4 17 29.0401
4 18 29.2512
4 19 29.3759
4 20 29.43
4 21 29.4666
4 22 29.581
4 23 29.7175
4 24 29.7311
4 25 29.7895
4 26 29.7895
4 27 29.7895
4 28 29.7895
4 29 29.7895
4 30 29.7895
4 31 29.7895
4 32 29.7895
4 33 29.7895
4 34 29.7895
4 35 29.7895
4 36 29.7895
4 37 29.7895
4 38 29.7895
4 39 29.7895
4 40 29.7895
4 41 29.7895
4 42 29.7895
4 43 29.7895
4 44 29.7895
4 45 29.7895
4 46 29.7895
4 47 29.7895
4 48 29.7895
4 49 29.7966
4 50 29.8406
4 51 29.9117
4 52 29.9117
4 53 29.9117
4 54 29.9117
4 55 29.9117
4 56 29.9117
4 57 29.9117
4 58 30.0018
4 59 30.1536
4 60 30.1695
4 61 30.2096
4 62 30.3992
4 63 30.5154
4 64 30.6816
4 65 30.6838
4 66 30.6881
4 67 30.7756
4 68 30.8661
4 69 30.9733
4 70 31.0383
4 71 31.1003
4 72 31.1778
4 73 31.1862
4 74 31.1919
4 75 31.2151
4 76 31.2151
4 77 31.2194
4 78 31.2705
4 79 31.2743
4 80 31.3968
4 81 31.4963
4 82 31.5119
4 83 31.5161
4 84 31.5398
4 85 31.5398
4 86 31.5398
4 87 31.5398
4 88 31.5998
4 89 31.616
4 90 31.6677
4 91 31.7027
4 92 31.7412
4 93 31.7412
4 94 31.8688
4 95 31.9427
4 96 32.0332
4 97 32.0433
4 98 32.0484
4 99 32.0519
4 100 32.1491
4 101 32.1917
4 102 32.2851
4 103 32.2883
4 104 32.3076
4 105 32.3682
4 106 32.3712
4 107 32.3731
4 108 32.4292
4 109 32.4446
4 110 32.4449
4 111 32.6017
4 112 32.6954
4 113 32.7834
4 114 32.8704
4 115 32.8886
4 116 32.9534
4 117 33.0715
4 118 33.1408
4 119 33.1707
4 120 33.2037
4 121 33.2481
4 122 33.257
4 123 33.3789
4 124 33.5787
4 125 33.6553
4 126 33.7648
4 127 33.9062
4 128 34.0232
4 129 34.115
4 130 34.1519
4 131 34.1673
4 132 34.1749
4 133 34.2165
4 134 34.2458
4 135 34.2524
4 136 34.282
4 137 34.2824
4 138 34.3801
4 139 34.4035
4 140 34.408
4 141 34.4916
4 142 34.5307
4 143 34.6291
4 144 34.6772
4 145 34.747
4 146 34.8166
4 147 34.8408
4 148 34.8543
4 149 34.8565
4 150 35.0018
4 151 35.0084
4 152 35.0785
4 153 35.0922
4 154 35.3957
4 155 35.4654
4 156 35.4718
4 157 35.5909
4 158 35.7495
4 159 35.7518
4 160 35.8168
4 161 35.9064
4 162 35.9408
4 163 35.9595
4 164 36.0688
4 165 36.1235
4 166 36.3258
4 167 36.3487
4 168 36.3535
4 169 36.508
4 170 36.5461
4 171 37.0643
4 172 37.1327
4 173 37.2222
4 174 37.2541
4 175 37.431
4 176 37.4692
4 177 37.4826
4 178 37.636
4 179 37.7997
4 180 37.9043
4 181 38.3209
4 182 38.3357
4 183 38.6936
4 184 38.8238
4 185 39.0659
4 186 39.1005
4 187 39.3634
4 188 39.4218
4 189 39.5457
4 190 39.6532
4 191 40.4769
4 192 40.9206
4 193 41.7181
4 194 42.2117
4 195 42.4666
4 196 44.2107
4 197 44.5885
4 198 44.9005
4 199 45.5472
5 0 24.5661 1 24 30 4 23 29 32 10 12 13 3 34 16 17 2 21 28 11 26 22 19 8 14 7 33 25 27 5 20 9 6 18 31 15 1 
5 1 25.5824
5 2 26.4857
5 3 26.4857
5 4 26.4857
5 5 26.4857
5 6 26.4857
5 7 26.4857
5 8 26.4857
5 9 26.4857
5 10 26.4857
5 11 26.4857
5 12 26.5955
5 13 26.6244
5 14 26.8492
5 15 26.8735
5 16 26.8735
5 17 26.8735
5 18 26.8735
5 19 26.8735
5 20 26.8735
5 21 26.8735
5 22 26.8735
5 23 26.8735
5 24 26.8735
5 25 26.8735
5 26 26.8735
5 27 26.8735
5 28 26.8735
5 29 26.8735
5 30 26.8735
5 31 27.3355
5 32 27.413
5 33 27.4447
5 34 27.4447
5 35 27.5416
5 36 27.692
5 37 27.7106
5 38 27.8245
5 39 27.8249
5 40 27.8308
5 41 27.8468
5 42 27.9082
5 43 27.9339
5 44 27.9339
5 45 27.9409
5 46 28.2698
5 47 28.2738
5 48 28.3218
5 49 28.3755
5 50 28.3974
5 51 28.4341
5 52 28.4462
5 53 28.4688
5 54 28.4931
5 55 28.4933
5 56 28.5576
5 57 28.6266
5 58 28.6266
5 59 28.8568
5 60 29.0659
5 61 29.103
5 62 29.1986
5 63 29.383
5 64 29.4328
5 65 29.4447
5 66 29.4666
5 67 29.4687
5 68 29.5364
5 69 29.5386
5 70 29.5446
5 71 29.5467
5 72 29.5796
5 73 29.6462
5 74 29.6948
5 75 29.7311
5 76 29.7311
5 77 29.7895
5 78 29.7895
5 79 29.7895
5 80 29.7895
5 81 29.7895
5 82 29.7895
5 83 29.7895
5 84 29.7895
5 85 29.7895
5 86 29.8158
5 87 29.9117
5 88 29.9199
5 89 29.9569
5 90 29.9649
5 91 30.1536
5 92 30.3757
5 93 30.4854
5 94 30.5241
5 95 30.5808
5 96 30.6261
5 97 30.6816
5 98 30.6816
5 99 30.7186
5 100 30.7558
5 101 30.7648
5 102 30.7756
5 103 30.868
5 104 30.9398
5 105 30.9476
5 106 30.9523
5 107 30.9733
5 108 31.0197
5 109 31.1526
5 110 31.1778
5 111 31.1919
5 112 31.2194
5 113 31.2307
5 114 31.2549
5 115 31.3974
5 116 31.4425
5 117 31.4425
5 118 31.4559
5 119 31.4579
5 120 31.5119
5 121 31.5161
5 122 31.5188
5 123 31.5398
5 124 31.5398
5 125 31.5562
5 126 31.6148
5 127 31.63
5 128 31.6677
5 129 31.6954
5 130 31.6968
5 131 31.8632
5 132 31.9185
5 133 31.9427
5 134 31.9439
5 135 32.0433
5 136 32.0519
5 137 32.1491
5 138 32.1993
5 139 32.2343
5 140 32.2851
5 141 32.3007
5 142 32.3663
5 143 32.4009
5 144 32.4626
5 145 32.5235
5 146 32.8002
5 147 32.8471
5 148 32.9882
5 149 33.0425
5 150 33.0715
5 151 33.0827
5 152 33.4007
5 153 33.5629
5 154 33.5911
5 155 33.6272
5 156 33.6733
5 157 33.6975
5 158 33.7202
5 159 33.944
5 160 34.0899
5 161 34.2882
5 162 34.3499
5 163 34.4684
5 164 34.4803
5 165 34.7952
5 166 34.9023
5 167 34.9344
5 168 35.0113
5 169 35.0317
5 170 35.0785
5 171 35.0934
5 172 35.383
5 173 35.4948
5 174 35.6211
5 175 35.633
5 176 35.7336
5 177 35.9595
5 178 36.2058
5 179 36.528
5 180 37.0643
5 181 37.1211
5 182 37.1327
5 183 37.1911
5 184 37.2222
5 185 37.2222
5 186 37.4089
5 187 37.4335
5 188 37.8647
5 189 38.0633
5 190 38.3099
5 191 38.4909
5 192 38.8626
5 193 38.8965
5 194 39.4218
5 195 39.4964
5 196 39.7151
5 197 40.0821
5 198 40.5004
5 199 42.8702
6 0 24.3928 1 24 30 4 23 29 32 10 12 13 3 34 16 17 2 21 8 14 7 33 25 27 5 20 9 6 18 31 15 28 11 26 22 19 1 
6 1 24.4408
6 2 24.5661
6 3 24.5661
6 4 24.5661
6 5 24.5661
6 6 24.5661
6 7 24.5661
6 8 24.5661
6 9 24.5661
6 10 24.5661
6 11 24.5661
6 12 24.5661
6 13 24.5661
6 14 24.5661
6 15 24.5661
6 16 24.5661
6 17 24.5661
6 18 24.576
6 19 24.7389
6 20 24.9792
6 21 25.5366
6 22 25.5824
6 23 25.5824
6 24 25.5824
6 25 25.6349
6 26 25.865
6 27 26.4659
6 28 26.4857
6 29 26.4857
6 30 26.4857
6 31 26.4857
6 32 26.4857
6 33 26.4857
6 34 26.4857
6 35 26.4857
6 36 26.4857
6 37 26.4857
6 38 26.4857
6 39 26.4857
6 40 26.4857
6 41 26.5763
6 42 26.6244
6 43 26.8379
6 44 26.8492
6 45 26.8735
6 46 26.8735
6 47 26.8735
6 48 26.8735
6 49 26.8735
6 50 26.8735
6 51 26.8735
6 52 26.8735
6 53 26.8752
6 54 27.0691
6 55 27.0957
6 56 27.3535
6 57 27.4477
6 58 27.5444
6 59 27.5449
6 60 27.5577
6 61 27.5711
6 62 27.6091
6 63 27.6135
6 64 27.6149
6 65 27.6487
6 66 27.7124
6 67 27.748
6 68 27.8468
6 69 27.884
6 70 27.8923
6 71 27.9053
6 72 27.9082
6 73 27.9339
6 74 27.9535
6 75 28.1411
6 76 28.1411
6 77 28.1414
6 78 28.1487
6 79 28.1906
6 80 28.1956
6 81 28.341
6 82 28.4462
6 83 28.8391
6 84 28.8898
6 85 28.9392
6 86 29.0659
6 87 29.103
6 88 29.2012
6 89 29.2048
6 90 29.2285
6 91 29.2811
6 92 29.2831
6 93 29.3319
6 94 29.389
6 95 29.412
6 96 29.4447
6 97 29.4508
6 98 29.454
6 99 29.5156
6 100 29.7334
6 101 29.7895
6 102 29.8158
6 103 29.8229
6 104 29.8492
6 105 29.903
6 106 29.9523
6 107 29.9724
6 108 30.0069
6 109 30.0469
6 110 30.1279
6 111 30.1359
6 112 30.1891
6 113 30.1918
6 114 30.2131
6 115 30.2667
6 116 30.2775
6 117 30.3457
6 118 30.3475
6 119 30.3501
6 120 30.372
6 121 30.4008
6 122 30.5564
6 123 30.5851
6 124 30.5871
6 125 30.6017
6 126 30.6086
6 127 30.7775
6 128 30.868
6 129 30.9173
6 130 30.9686
6 131 31.0289
6 132 31.0909
6 133 31.1157
6 134 31.1919
6 135 31.2351
6 136 31.2516
6 137 31.362
6 138 31.3702
6 139 31.3813
6 140 31.3974
6 141 31.4579
6 142 31.6627
6 143 31.6906
6 144 31.8239
6 145 31.871
6 146 31.9239
6 147 31.9563
6 148 31.9589
6 149 31.9624
6 150 32.0073
6 151 32.078
6 152 32.0822
6 153 32.2343
6 154 32.2851
6 155 32.2899
6 156 32.3229
6 157 32.4264
6 158 32.4626
6 159 32.5059
6 160 32.6616
6 161 32.6677
6 162 32.6843
6 163 32.7019
6 164 32.7374
6 165 32.8175
6 166 32.8409
6 167 32.9126
6 168 32.9685
6 169 33.194
6 170 33.2267
6 171 33.5494
6 172 33.8621
6 173 34.0481
6 174 34.2026
6 175 34.224
6 176 34.3804
6 177 34.4137
6 178 34.416
6 179 34.4541
6 180 34.6969
6 181 34.8111
6 182 34.8228
6 183 34.9066
6 184 35.0592
6 185 35.54
6 186 35.5534
6 187 35.5879
6 188 35.9643
6 189 36.461
6 190 36.528
6 191 36.6067
6 192 36.8452
6 193 37.1211
6 194 37.5288
6 195 37.9756
6 196 38.112
6 197 39.0284
6 198 39.9451
6 199 42.917
7 0 23.1287 1 24 30 4 23 29 32 10 12 13 3 34 16 17 2 21 8 14 7 33 25 27 5 28 20 9 6 18 31 15 11 26 22 19 1 
7 1 23.3632
7 2 23.6776
7 3 24.1618
7 4 24.3928
7 5 24.3928
7 6 24.3928
7 7 24.3928
7 8 24.3928
7 9 24.3928
7 10 24.3928
7 11 24.3928
7 12 24.3928
7 13 24.3928
7 14 24.3928
7 15 24.3928
7 16 24.3928
7 17 24.3928
7 18 24.3928
7 19 24.3928
7 20 24.3928
7 21 24.3928
7 22 24.3935
7 23 24.4408
7 24 24.4408
7 25 24.4408
7 26 24.4408
7 27 24.4464
7 28 24.5656
7 29 24.5661
7 30 24.5661
7 31 24.5661
7 32 24.5661
7 33 24.5661
7 34 24.5661
7 35 24.5661
7 36 24.5661
7 37 24.5661
7 38 24.5661
7 39 24.5661
7 40 24.5661
7 41 24.5661
7 42 24.5661
7 43 24.5661
7 44 24.5661
7 45 24.5661
7 46 24.5661
7 47 24.5661
7 48 24.5661
7 49 24.5661
7 50 24.5661
7 51 24.5661
7 52 24.5661
7 53 24.5661
7 54 24.5661
7 55 24.5661
7 56 24.5661
7 57 24.5661
7 58 24.5667
7 59 24.576
7 60 24.699
7 61 24.7389
7 62 24.7868
7 63 24.9792
7 64 25.1655
7 65 25.2209
7 66 25.5366
7 67 25.5824
7 68 25.5952
7 69 25.6106
7 70 25.6349
7 71 25.6354
7 72 25.6719
7 73 25.6878
7 74 25.7193
7 75 25.7701
7 76 25.8198
7 77 25.9347
7 78 26.0025
7 79 26.2761
7 80 26.4816
7 81 26.4857
7 82 26.4857
7 83 26.4857
7 84 26.4857
7 85 26.4857
7 86 26.4857
7 87 26.4857
7 88 26.4857
7 89 26.5198
7 90 26.5345
7 91 26.5734
7 92 26.5763
7 93 26.8496
7 94 26.8735
7 95 26.8735
7 96 26.8735
7 97 26.8735
7 98 26.8735
7 99 26.9391
7 100 27.0691
7 101 27.0937
7 102 27.344
7 103 27.3535
7 104 27.3602
7 105 27.4477
7 106 27.4523
7 107 27.4753
7 108 27.5124
7 109 27.5444
7 110 27.5577
7 111 27.6149
7 112 27.6794
7 113 27.7124
7 114 27.7966
7 115 27.8427
7 116 27.8468
7 117 27.8681
7 118 27.8729
7 119 27.881
7 120 27.884
7 121 27.9078
7 122 27.9169
7 123 27.9339
7 124 28.0145
7 125 28.0509
7 126 28.0936
7 127 28.1377
7 128 28.1411
7 129 28.1411
7 130 28.1414
7 131 28.1474
7 132 28.1487
7 133 28.2819
7 134 28.5368
7 135 28.8642
7 136 28.896
7 137 29.0511
7 138 29.14
7 139 29.1411
7 140 29.1827
7 141 29.1987
7 142 29.2811
7 143 29.2831
7 144 29.3341
7 145 29.3703
7 146 29.3987
7 147 29.4952
7 148 29.7334
7 149 29.751
7 150 29.7626
7 151 29.78
7 152 29.8509
7 153 29.8621
7 154 30.0049
7 155 30.1359
7 156 30.2224
7 157 30.5851
7 158 30.7588
7 159 30.898
7 160 31.1766
7 161 31.2261
7 162 31.2743
7 163 31.3886
7 164 31.3914
7 165 31.4579
7 166 31.654
7 167 31.951
7 168 31.9589
7 169 31.999
7 170 32.2851
7 171 32.3229
7 172 32.6359
7 173 32.6616
7 174 32.6843
7 175 32.7766
7 176 32.789
7 177 32.8175
7 178 32.8175
7 179 32.8672
7 180 32.9793
7 181 33.0682
7 182 33.203
7 183 33.2267
7 184 33.2643
7 185 33.4251
7 186 33.432
7 187 33.5192
7 188 33.6828
7 189 34.3791
7 190 34.6645
7 191 34.8034
7 192 35.2297
7 193 35.5513
7 194 37.1218
7 195 37.596
7 196 37.9756
7 197 38.2808
7 198 39.0284
7 199 39.1243
8 0 20.9267 1 24 30 4 23 29 32 10 12 13 3 34 16 17 2 15 21 8 14 7 33 25 27 5 28 20 9 6 18 31 11 26 22 19 1 
8 1 22.6805
8 2 23.1287
8 3 23.1287
8 4 23.1287
8 5 23.1287
8 6 23.1287
8 7 23.1287
8 8 23.1287
8 9 23.1287
8 10 23.1287
8 11 23.1287
8 12 23.1287
8 13 23.1287
8 14 23.1287
8 15 23.1287
8 16 23.1287
8 17 23.1287
8 18 23.1287
8 19 23.1287
8 20 23.2903
8 21 23.3632
8 22 23.3632
8 23 23.3632
8 24 23.3632
8 25 23.3632
8 26 23.4427
8 27 23.4718
8 28 23.6776
8 29 23.6776
8 30 23.807
8 31 24.0493
8 32 24.1287
8 33 24.1618
8 34 24.2272
8 35 24.2434
8 36 24.3088
8 37 24.3181
8 38 24.3928
8 39 24.3928
8 40 24.3928
8 41 24.3928
8 42 24.3928
8 43 24.3928
8 44 24.3928
8 45 24.3928
8 46 24.3928
8 47 24.3928
8 48 24.3928
8 49 24.3928
8 50 24.3928
8 51 24.3928
8 52 24.3928
8 53 24.3928
8 54 24.3928
8 55 24.3928
8 56 24.3928
8 57 24.3928
8 58 24.3928
8 59 24.4408
8 60 24.4408
8 61 24.4464
8 62 24.5233
8 63 24.5233
8 64 24.5453
8 65 24.557
8 66 24.5656
8 67 24.5661
8 68 24.5661
8 69 24.5661
8 70 24.5661
8 71 24.5661
8 72 24.5661
8 73 24.5661
8 74 24.5661
8 75 24.5661
8 76 24.5661
8 77 24.5661
8 78 24.5661
8 79 24.5661
8 80 24.5661
8 81 24.5661
8 82 24.5661
8 83 24.5661
8 84 24.5667
8 85 24.5717
8 86 24.6321
8 87 24.6321
8 88 24.7868
8 89 24.9596
8 90 25.0362
8 91 25.0508
8 92 25.0969
8 93 25.1655
8 94 25.2209
8 95 25.3006
8 96 25.4166
8 97 25.4998
8 98 25.5138
8 99 25.5366
8 100 25.5901
8 101 25.6354
8 102 25.6719
8 103 25.6719
8 104 25.6719
8 105 25.7148
8 106 25.7701
8 107 25.7823
8 108 25.7846
8 109 25.8066
8 110 25.8196
8 111 25.8198
8 112 25.8684
8 113 25.9222
8 114 26.025
8 115 26.4857
8 116 26.4857
8 117 26.5116
8 118 26.6435
8 119 26.6765
8 120 26.7575
8 121 26.7922
8 122 26.8517
8 123 26.8735
8 124 27.0279
8 125 27.0775
8 126 27.1387
8 127 27.2074
8 128 27.2074
8 129 27.2344
8 130 27.248
8 131 27.3192
8 132 27.4443
8 133 27.4511
8 134 27.4523
8 135 27.4547
8 136 27.5092
8 137 27.5648
8 138 27.5837
8 139 27.6149
8 140 27.6849
8 141 27.7914
8 142 27.8195
8 143 27.8252
8 144 27.8352
8 145 27.9078
8 146 27.9254
8 147 27.9407
8 148 27.971
8 149 27.973
8 150 27.9837
8 151 28.0572
8 152 28.0896
8 153 28.1249
8 154 28.1474
8 155 28.2097
8 156 28.4692
8 157 28.4872
8 158 28.5059
8 159 28.6105
8 160 28.9905
8 161 29.0385
8 162 29.0737
8 163 29.092
8 164 29.14
8 165 29.1987
8 166 29.2812
8 167 29.3987
8 168 29.4346
8 169 29.5599
8 170 29.569
8 171 29.6929
8 172 30.0517
8 173 30.1727
8 174 30.3035
8 175 30.3077
8 176 30.3523
8 177 30.6762
8 178 31.2714
8 179 31.4102
8 180 31.4579
8 181 31.4913
8 182 31.5706
8 183 31.8217
8 184 31.999
8 185 32.0978
8 186 32.216
8 187 32.6359
8 188 32.6616
8 189 32.8175
8 190 32.8824
8 191 32.9793
8 192 32.9909
8 193 33.4854
8 194 34.3025
8 195 35.8908
8 196 37.2207
8 197 38.8697
8 198 39.1243
8 199 39.4185
9 0 20.9267 1 24 30 4 23 29 32 10 12 13 3 34 16 17 2 15 21 8 14 7 33 25 27 5 28 20 9 6 18 31 11 26 22 19 1 
9 1 20.9267
9 2 20.9267
9 3 20.9267
9 4 20.9267
9 5 20.9267
9 6 20.9267
9 7 20.9267
9 8 20.9267
9 9 20.9267
9 10 20.9267
9 11 20.9267
9 12 20.9267
9 13 20.9267
9 14 20.9267
9 15 20.9267
9 16 20.9267
9 17 20.9267
9 18 20.9267
9 19 20.9273
9 20 21.0592
9 21 21.0806
9 22 21.154
9 23 21.4759
9 24 21.6375
9 25 21.9435
9 26 22.1219
9 27 22.1982
9 28 22.3075
9 29 22.6145
9 30 22.6318
9 31 22.6805
9 32 22.6805
9 33 22.6805
9 34 22.6805
9 35 22.6805
9 36 22.6805
9 37 22.7037
9 38 22.8737
9 39 22.8756
9 40 22.8987
9 41 23.0456
9 42 23.1202
9 43 23.1242
9 44 23.1287
9 45 23.1287
9 46 23.1287
9 47 23.1287
9 48 23.1287
9 49 23.1287
9 50 23.1287
9 51 23.1287
9 52 23.1287
9 53 23.1287
9 54 23.1287
9 55 23.1287
9 56 23.1287
9 57 23.1287
9 58 23.1287
9 59 23.1287
9 60 23.1287
9 61 23.1287
9 62 23.1287
9 63 23.1287
9 64 23.1287
9 65 23.1287
9 66 23.1287
9 67 23.1374
9 68 23.2677
9 69 23.2683
9 70 23.3632
9 71 23.3632
9 72 23.4295
9 73 23.4427
9 74 23.5898
9 75 23.6572
9 76 23.6706
9 77 23.6776
9 78 23.7314
9 79 24.0493
9 80 24.1
9 81 24.1332
9 82 24.1618
9 83 24.1996
9 84 24.202
9 85 24.2645
9 86 24.3088
9 87 24.3181
9 88 24.3559
9 89 24.3869
9 90 24.3928
9 91 24.3928
9 92 24.3928
9 93 24.3928
9 94 24.3928
9 95 24.3928
9 96 24.3928
9 97 24.3928
9 98 24.4079
9 99 24.4115
9 100 24.4255
9 101 24.4376
9 102 24.4408
9 103 24.4464
9 104 24.5661
9 105 24.5661
9 106 24.5661
9 107 24.5661
9 108 24.5661
9 109 24.5661
9 110 24.5661
9 111 24.5661
9 112 24.5661
9 113 24.5661
9 114 24.6321
9 115 24.6321
9 116 24.6379
9 117 24.7868
9 118 24.7984
9 119 24.9305
9 120 24.9596
9 121 25.2209
9 122 25.2464
9 123 25.3006
9 124 25.3666
9 125 25.3756
9 126 25.4166
9 127 25.4251
9 128 25.5667
9 129 25.6121
9 130 25.6122
9 131 25.6354
9 132 25.8086
9 133 25.8818
9 134 26.0077
9 135 26.1043
9 136 26.1678
9 137 26.199
9 138 26.3521
9 139 26.4856
9 140 26.4857
9 141 26.5169
9 142 26.605
9 143 26.7457
9 144 26.8735
9 145 26.8903
9 146 26.9638
9 147 26.9761
9 148 27.1306
9 149 27.1409
9 150 27.2671
9 151 27.3192
9 152 27.3192
9 153 27.3199
9 154 27.342
9 155 27.3712
9 156 27.412
9 157 27.459
9 158 27.5313
9 159 27.5593
9 160 27.5859
9 161 27.6149
9 162 28.1095
9 163 28.3466
9 164 28.3879
9 165 28.5972
9 166 28.7178
9 167 28.7949
9 168 28.8168
9 169 28.9055
9 170 28.9673
9 171 29.2284
9 172 29.284
9 173 29.3093
9 174 29.3884
9 175 29.5386
9 176 29.6134
9 177 29.6929
9 178 29.8528
9 179 29.881
9 180 29.9706
9 181 29.9746
9 182 30.2605
9 183 30.2705
9 184 30.4563
9 185 30.5241
9 186 30.5687
9 187 30.7268
9 188 30.8157
9 189 31.5665
9 190 31.5706
9 191 31.6646
9 192 31.8217
9 193 31.8499
9 194 31.8773
9 195 31.916
9 196 32.7785
9 197 33.0206
9 198 33.4721
9 199 34.2601
10 0 20.5851 1 24 30 4 23 29 32 10 12 13 3 34 16 17 2 15 21 8 14 7 9 6 33 25 27 5 28 20 18 31 11 26 22 19 1 
10 1 20.6726
10 2 20.8997
10 3 20.9267
10 4 20.9267
10 5 20.9267
10 6 20.9267
10 7 20.9267
10 8 20.9267
10 9 20.9267
10 10 20.9267
10 11 20.9267
10 12 20.9267
10 13 20.9267
10 14 20.9267
10 15 20.9267
10 16 20.9267
10 17 20.9267
10 18 20.9267
10 19 20.9267
10 20 20.9267
10 21 20.9267
10 22 20.9267
10 23 20.9267
10 24 20.9267
10 25 20.9267
10 26 20.9267
10 27 20.9267
10 28 20.9267
10 29 20.9267
10 30 20.9267
10 31 20.9267
10 32 20.9267
10 33 20.9267
10 34 20.9267
10 35 20.9267
10 36 20.9267
10 37 20.9267
10 38 20.9267
10 39 20.9267
10 40 20.9267
10 41 20.9267
10 42 20.9267
10 43 20.9267
10 44 20.9267
10 45 20.9267
10 46 20.9267
10 47 20.9267
10 48 20.9272
10 49 20.9273
10 50 20.9273
10 51 21.0806
10 52 21.1869
10 53 21.1953
10 54 21.1953
10 55 21.5292
10 56 21.5865
10 57 21.6375
10 58 21.857
10 59 21.8979
10 60 22.0276
10 61 22.1477
10 62 22.1982
10 63 22.3075
10 64 22.5438
10 65 22.6145
10 66 22.6289
10 67 22.6805
10 68 22.6805
10 69 22.6805
10 70 22.6812
10 71 22.6812
10 72 22.7294
10 73 22.7497
10 74 22.789
10 75 22.8581
10 76 22.8737
10 77 22.9128
10 78 23.0118
10 79 23.0863
10 80 23.1287
10 81 23.1287
10 82 23.1287
10 83 23.1287
10 84 23.1287
10 85 23.1287
10 86 23.1287
10 87 23.3632
10 88 23.3926
10 89 23.4329
10 90 23.6706
10 91 23.6706
10 92 23.7207
10 93 23.7323
10 94 23.7378
10 95 23.7517
10 96 23.8236
10 97 23.8337
10 98 23.8478
10 99 23.9017
10 100 24.0824
10 101 24.1836
10 102 24.1996
10 103 24.2434
10 104 24.2645
10 105 24.2716
10 106 24.285
10 107 24.3184
10 108 24.3396
10 109 24.3731
10 110 24.3869
10 111 24.3928
10 112 24.3928
10 113 24.3928
10 114 24.3928
10 115 24.418
10 116 24.4318
10 117 24.4434
10 118 24.4434
10 119 24.4464
10 120 24.4483
10 121 24.4546
10 122 24.5257
10 123 24.5424
10 124 24.5661
10 125 24.7173
10 126 24.7984
10 127 24.8292
10 128 24.8376
10 129 24.8471
10 130 24.87
10 131 25.0614
10 132 25.1929
10 133 25.3156
10 134 25.3666
10 135 25.3756
10 136 25.4165
10 137 25.4166
10 138 25.4278
10 139 25.4913
10 140 25.4958
10 141 25.5191
10 142 25.5763
10 143 25.6121
10 144 25.6354
10 145 25.8588
10 146 26.0224
10 147 26.1043
10 148 26.1673
10 149 26.1744
10 150 26.199
10 151 26.2144
10 152 26.2705
10 153 26.3247
10 154 26.4632
10 155 26.506
10 156 26.6129
10 157 26.6351
10 158 26.6415
10 159 26.7994
10 160 26.8569
10 161 26.8584
10 162 26.8735
10 163 26.9108
10 164 26.9323
10 165 26.9512
10 166 27.0134
10 167 27.0826
10 168 27.0937
10 169 27.412
10 170 27.4956
10 171 27.5859
10 172 27.7172
10 173 27.7825
10 174 28.0499
10 175 28.2701
10 176 28.5095
10 177 28.6289
10 178 28.6382
10 179 28.9542
10 180 29.3179
10 181 29.338
10 182 29.3525
10 183 29.4118
10 184 29.6134
10 185 29.7467
10 186 29.8319
10 187 29.8528
10 188 29.9173
10 189 30.2673
10 190 30.5222
10 191 30.6557
10 192 30.8517
10 193 30.9739
10 194 31.0937
10 195 31.6646
10 196 32.5886
10 197 32.9329
10 198 33.7297
10 199 37.9072
11 0 19.3245 1 24 30 4 23 29 32 10 12 13 3 34 16 17 2 15 21 26 22 7 33 25 27 5 28 20 9 6 18 31 11 8 14 19 1 
11 1 19.5138
11 2 20.0267
11 3 20.5851
11 4 20.5851
11 5 20.5851
11 6 20.5851
11 7 20.5851
11 8 20.5851
11 9 20.5851
11 10 20.5851
11 11 20.5851
11 12 20.5851
11 13 20.5851
11 14 20.5851
11 15 20.5851
11 16 20.5851
11 17 20.5851
11 18 20.5851
11 19 20.5851
11 20 20.651
11 21 20.6726
11 22 20.6726
11 23 20.6726
11 24 20.6726
11 25 20.6726
11 26 20.6726
11 27 20.8724
11 28 20.8997
11 29 20.8997
11 30 20.9016
11 31 20.9023
11 32 20.9267
11 33 20.9267
11 34 20.9267
11 35 20.9267
11 36 20.9267
11 37 20.9267
11 38 20.9267
11 39 20.9267
11 40 20.9267
11 41 20.9267
11 42 20.9267
11 43 20.9267
11 44 20.9267
11 45 20.9267
11 46 20.9267
11 47 20.9267
11 48 20.9267
11 49 20.9267
11 50 20.9267
11 51 20.9267
11 52 20.9267
11 53 20.9267
11 54 20.9267
11 55 20.9267
11 56 20.9267
11 57 20.9267
11 58 20.9267
11 59 20.9267
11 60 20.9267
11 61 20.9267
11 62 20.9267
11 63 20.9267
11 64 20.9267
11 65 20.9267
11 66 20.9267
11 67 20.9267
11 68 20.9267
11 69 20.9267
11 70 20.9267
11 71 20.9267
11 72 20.9267
11 73 20.9267
11 74 20.9267
11 75 20.9267
11 76 20.9267
11 77 20.9267
11 78 20.9267
11 79 20.9273
11 80 21.0698
11 81 21.1953
11 82 21.1953
11 83 21.2394
11 84 21.2978
11 85 21.3903
11 86 21.5865
11 87 21.5865
11 88 22.0276
11 89 22.0793
11 90 22.0793
11 91 22.1477
11 92 22.1967
11 93 22.2913
11 94 22.3151
11 95 22.4845
11 96 22.5378
11 97 22.5438
11 98 22.5438
11 99 22.6812
11 100 22.6812
11 101 22.7139
11 102 22.7294
11 103 22.8083
11 104 22.8544
11 105 22.8581
11 106 22.8642
11 107 22.8737
11 108 22.8786
11 109 22.9377
11 110 23.1287
11 111 23.1287
11 112 23.1287
11 113 23.1288
11 114 23.1413
11 115 23.2202
11 116 23.2576
11 117 23.2973
11 118 23.4259
11 119 23.4287
11 120 23.4329
11 121 23.4329
11 122 23.4424
11 123 23.4568
11 124 23.4883
11 125 23.5758
11 126 23.5948
11 127 23.6706
11 128 23.6706
11 129 23.6719
11 130 23.7905
11 131 23.8304
11 132 23.9212
11 133 23.9242
11 134 23.9495
11 135 24.0858
11 136 24.1437
11 137 24.2434
11 138 24.2716
11 139 24.2722
11 140 24.2923
11 141 24.3731
11 142 24.379
11 143 24.3808
11 144 24.3862
11 145 24.3925
11 146 24.6681
11 147 24.7004
11 148 24.7984
11 149 24.8376
11 150 24.87
11 151 24.9878
11 152 25.0397
11 153 25.041
11 154 25.042
11 155 25.0931
11 156 25.1061
11 157 25.2827
11 158 25.3666
11 159 25.4355
11 160 25.5148
11 161 25.6354
11 162 25.6968
11 163 25.751
11 164 25.7958
11 165 25.9431
11 166 26.0513
11 167 26.1317
11 168 26.1353
11 169 26.1738
11 170 26.2494
11 171 26.3646
11 172 26.4312
11 173 26.5918
11 174 26.7591
11 175 26.7974
11 176 26.806
11 177 26.9108
11 178 26.9414
11 179 26.9485
11 180 26.9729
11 181 27.0134
11 182 27.3326
11 183 27.3835
11 184 27.5859
11 185 27.6314
11 186 27.6344
11 187 27.6813
11 188 27.9632
11 189 27.9768
11 190 27.9828
11 191 28.1032
11 192 28.6104
11 193 28.9814
11 194 29.0421
11 195 29.637
11 196 29.8146
11 197 30.2673
11 198 30.6571
11 199 34.2306
12 0 18.8137 1 24 30 4 23 29 17 2 15 21 8 14 7 33 25 32 10 12 13 3 34 16 27 5 28 20 9 6 18 31 11 26 22 19 1 
12 1 19.3245
12 2 19.3245
12 3 19.3245
12 4 19.3245
12 5 19.3245
12 6 19.3245
12 7 19.3245
12 8 19.3245
12 9 19.3245
12 10 19.3245
12 11 19.3245
12 12 19.3245
12 13 19.3245
12 14 19.3245
12 15 19.3814
12 16 19.5138
12 17 19.7608
12 18 20.0398
12 19 20.0468
12 20 20.445
12 21 20.445
12 22 20.5851
12 23 20.5851
12 24 20.5851
12 25 20.5851
12 26 20.5851
12 27 20.5851
12 28 20.5851
12 29 20.5851
12 30 20.5851
12 31 20.5851
12 32 20.5851
12 33 20.5851
12 34 20.5851
12 35 20.5851
12 36 20.5851
12 37 20.5851
12 38 20.5851
12 39 20.5851
12 40 20.5851
12 41 20.5851
12 42 20.5851
12 43 20.5851
12 44 20.5851
12 45 20.5851
12 46 20.5851
12 47 20.5851
12 48 20.5851
12 49 20.5851
12 50 20.5867
12 51 20.6404
12 52 20.651
12 53 20.651
12 54 20.6598
12 55 20.6726
12 56 20.6726
12 57 20.6726
12 58 20.7553
12 59 20.7696
12 60 20.8524
12 61 20.8724
12 62 20.8822
12 63 20.9023
12 64 20.9023
12 65 20.9124
12 66 20.9207
12 67 20.9267
12 68 20.9267
12 69 20.9267
12 70 20.9267
12 71 20.9267
12 72 20.9267
12 73 20.9267
12 74 20.9267
12 75 20.9267
12 76 20.9267
12 77 20.9267
12 78 20.9267
12 79 20.9267
12 80 20.9533
12 81 20.9799
12 82 20.9811
12 83 21.001
12 84 21.182
12 85 21.1953
12 86 21.2394
12 87 21.2432
12 88 21.3026
12 89 21.3377
12 90 21.3877
12 91 21.4965
12 92 21.699
12 93 21.823
12 94 21.8676
12 95 21.9284
12 96 21.9441
12 97 22.0793
12 98 22.1675
12 99 22.2806
12 100 22.2841
12 101 22.5438
12 102 22.5788
12 103 22.6097
12 104 22.623
12 105 22.6801
12 106 22.6812
12 107 22.7433
12 108 22.9008
12 109 22.9377
12 110 22.9786
12 111 22.9818
12 112 22.9825
12 113 23.0459
12 114 23.0677
12 115 23.0688
12 116 23.1039
12 117 23.1288
12 118 23.1935
12 119 23.1939
12 120 23.1994
12 121 23.2033
12 122 23.2202
12 123 23.2309
12 124 23.3138
12 125 23.3757
12 126 23.3916
12 127 23.4339
12 128 23.4364
12 129 23.4455
12 130 23.4639
12 131 23.4735
12 132 23.497
12 133 23.5618
12 134 23.6793
12 135 23.695
12 136 23.7107
12 137 23.7619
12 138 23.7619
12 139 23.8057
12 140 23.8943
12 141 23.9095
12 142 23.9144
12 143 23.9242
12 144 23.9242
12 145 23.9384
12 146 23.9674
12 147 24.0542
12 148 24.0946
12 149 24.2091
12 150 24.2129
12 151 24.213
12 152 24.3137
12 153 24.4362
12 154 24.467
12 155 24.5636
12 156 24.5963
12 157 24.63
12 158 24.7642
12 159 24.8376
12 160 24.8627
12 161 24.9009
12 162 24.9522
12 163 24.9534
12 164 25.0082
12 165 25.0775
12 166 25.086
12 167 25.1218
12 168 25.1574
12 169 25.3603
12 170 25.4396
12 171 25.6952
12 172 25.8147
12 173 25.9487
12 174 26.0228
12 175 26.1578
12 176 26.2278
12 177 26.3244
12 178 26.3597
12 179 26.4312
12 180 26.4399
12 181 26.5209
12 182 26.5918
12 183 26.7272
12 184 26.808
12 185 26.8911
12 186 27.0134
12 187 27.0134
12 188 27.0513
12 189 27.7798
12 190 28.0373
12 191 28.1032
12 192 28.5764
12 193 28.5936
12 194 28.8404
12 195 29.3352
12 196 29.9929
12 197 31.1526
12 198 31.4862
12 199 32.0005
13 0 17.9003 1 24 30 4 23 29 17 2 15 21 8 14 7 33 25 32 10 12 13 3 9 20 28 5 27 16 34 6 18 31 11 26 22 19 1 
13 1 18.7976
13 2 18.8137
13 3 18.8137
13 4 18.8137
13 5 18.8137
13 6 18.8137
13 7 18.8137
13 8 18.8137
13 9 18.8137
13 10 18.8137
13 11 18.8137
13 12 18.8137
13 13 18.8137
13 14 18.8137
13 15 18.8137
13 16 18.8137
13 17 18.8137
13 18 18.8137
13 19 18.8137
13 20 18.9465
13 21 19.3245
13 22 19.3245
13 23 19.3245
13 24 19.3245
13 25 19.3245
13 26 19.3245
13 27 19.3245
13 28 19.3245
13 29 19.3245
13 30 19.3245
13 31 19.3245
13 32 19.3245
13 33 19.3245
13 34 19.3245
13 35 19.3245
13 36 19.3245
13 37 19.3245
13 38 19.3245
13 39 19.3245
13 40 19.3245
13 41 19.3245
13 42 19.3245
13 43 19.3245
13 44 19.3245
13 45 19.3245
13 46 19.3245
13 47 19.3245
13 48 19.3814
13 49 19.4961
13 50 19.7608
13 51 19.7975
13 52 19.937
13 53 20.029
13 54 20.0398
13 55 20.0449
13 56 20.0468
13 57 20.1776
13 58 20.3974
13 59 20.4349
13 60 20.445
13 61 20.4532
13 62 20.4557
13 63 20.5493
13 64 20.5851
13 65 20.5851
13 66 20.5851
13 67 20.5851
13 68 20.5851
13 69 20.5851
13 70 20.5851
13 71 20.5851
13 72 20.5851
13 73 20.5851
13 74 20.5851
13 75 20.651
13 76 20.651
13 77 20.6598
13 78 20.6726
13 79 20.6726
13 80 20.6726
13 81 20.6726
13 82 20.6726
13 83 20.6913
13 84 20.8265
13 85 20.8535
13 86 20.876
13 87 20.9267
13 88 20.9267
13 89 20.9267
13 90 20.9267
13 91 20.9267
13 92 20.9267
13 93 20.9267
13 94 20.9327
13 95 20.9327
13 96 20.9533
13 97 21.0718
13 98 21.0784
13 99 21.1391
13 100 21.1536
13 101 21.1558
13 102 21.2394
13 103 21.2399
13 104 21.2669
13 105 21.3377
13 106 21.3721
13 107 21.434
13 108 21.6467
13 109 21.6821
13 110 21.6927
13 111 21.6944
13 112 21.7863
13 113 21.7863
13 114 21.8032
13 115 21.8211
13 116 21.8676
13 117 21.8676
13 118 21.8808
13 119 21.9441
13 120 21.978
13 121 22.0331
13 122 22.1549
13 123 22.1675
13 124 22.2841
13 125 22.4381
13 126 22.4387
13 127 22.4502
13 128 22.4593
13 129 22.4984
13 130 22.5149
13 131 22.6222
13 132 22.696
13 133 22.7289
13 134 22.8164
13 135 22.8298
13 136 22.8943
13 137 22.9303
13 138 22.9654
13 139 22.9786
13 140 22.9803
13 141 23.2033
13 142 23.2309
13 143 23.2309
13 144 23.2384
13 145 23.248
13 146 23.2643
13 147 23.3273
13 148 23.3732
13 149 23.388
13 150 23.3916
13 151 23.4332
13 152 23.4455
13 153 23.4735
13 154 23.497
13 155 23.5156
13 156 23.695
13 157 23.7017
13 158 23.709
13 159 23.7613
13 160 23.8245
13 161 23.8432
13 162 23.8817
13 163 23.9077
13 164 23.9095
13 165 23.9969
13 166 24.3137
13 167 24.4221
13 168 24.4374
13 169 24.4582
13 170 24.63
13 171 24.6737
13 172 24.6767
13 173 24.7642
13 174 24.82
13 175 24.836
13 176 24.9535
13 177 24.9638
13 178 25.365
13 179 25.5141
13 180 25.5697
13 181 25.5744
13 182 25.6209
13 183 25.6544
13 184 25.8879
13 185 25.9657
13 186 25.9945
13 187 26.0668
13 188 26.1293
13 189 26.1578
13 190 26.3441
13 191 26.5573
13 192 27.0134
13 193 27.0513
13 194 27.474
13 195 27.5217
13 196 27.6377
13 197 27.7803
13 198 27.9246
13 199 28.5936
14 0 17.5916 1 24 30 4 23 29 17 2 15 21 32 10 12 13 3 34 16 26 22 7 33 25 27 5 28 20 9 6 18 31 11 8 14 19 1 
14 1 17.898
14 2 17.9003
14 3 17.9003
14 4 17.9003
14 5 17.9003
14 6 17.9003
14 7 17.9003
14 8 17.9003
14 9 17.9003
14 10 17.9003
14 11 17.9003
14 12 17.9003
14 13 17.9003
14 14 17.9003
14 15 17.9003
14 16 17.9003
14 17 17.9003
14 18 17.9003
14 19 17.9003
14 20 17.9003
14 21 17.9003
14 22 17.9003
14 23 17.9003
14 24 17.9003
14 25 17.9003
14 26 17.9003
14 27 17.9003
14 28 17.9339
14 29 18.0063
14 30 18.3425
14 31 18.4354
14 32 18.4504
14 33 18.7145
14 34 18.7976
14 35 18.7976
14 36 18.8035
14 37 18.8047
14 38 18.8137
14 39 18.8137
14 40 18.8137
14 41 18.8137
14 42 18.8137
14 43 18.8137
14 44 18.8137
14 45 18.8137
14 46 18.8137
14 47 18.8137
14 48 18.8137
14 49 18.8137
14 50 18.8137
14 51 18.8137
14 52 18.8137
14 53 18.8137
14 54 18.8137
14 55 18.8137
14 56 18.8137
14 57 18.8137
14 58 18.8137
14 59 18.8137
14 60 18.8137
14 61 18.8137
14 62 18.8137
14 63 18.9303
14 64 19.1115
14 65 19.1663
14 66 19.2354
14 67 19.2536
14 68 19.3042
14 69 19.3042
14 70 19.3042
14 71 19.3245
14 72 19.3245
14 73 19.3245
14 74 19.3245
14 75 19.3245
14 76 19.3245
14 77 19.3245
14 78 19.3245
14 79 19.3245
14 80 19.3245
14 81 19.3245
14 82 19.3353
14 83 19.4961
14 84 19.734
14 85 19.7458
14 86 19.7975
14 87 19.8498
14 88 19.8663
14 89 19.9123
14 90 19.937
14 91 20.0571
14 92 20.1726
14 93 20.1844
14 94 20.2039
14 95 20.2201
14 96 20.2511
14 97 20.2872
14 98 20.2992
14 99 20.3475
14 100 20.4349
14 101 20.4557
14 102 20.4631
14 103 20.5461
14 104 20.5518
14 105 20.5851
14 106 20.651
14 107 20.651
14 108 20.6726
14 109 20.6726
14 110 20.6913
14 111 20.727
14 112 20.7696
14 113 20.775
14 114 20.8228
14 115 20.876
14 116 20.9267
14 117 20.9267
14 118 20.9267
14 119 20.9267
14 120 20.9267
14 121 21.0978
14 122 21.1391
14 123 21.1619
14 124 21.1951
14 125 21.203
14 126 21.2394
14 127 21.2398
14 128 21.2669
14 129 21.2669
14 130 21.3644
14 131 21.3668
14 132 21.5185
14 133 21.5415
14 134 21.5479
14 135 21.6036
14 136 21.6389
14 137 21.7055
14 138 21.8149
14 139 21.8882
14 140 21.9321
14 141 21.9557
14 142 22.0882
14 143 22.245
14 144 22.2809
14 145 22.4171
14 146 22.6222
14 147 22.6379
14 148 22.6859
14 149 22.696
14 150 22.7851
14 151 22.8132
14 152 22.8298
14 153 22.9344
14 154 23.0908
14 155 23.1078
14 156 23.1646
14 157 23.2213
14 158 23.3604
14 159 23.388
14 160 23.4618
14 161 23.5083
14 162 23.5244
14 163 23.5853
14 164 23.695
14 165 23.7227
14 166 23.8245
14 167 23.9187
14 168 24.1393
14 169 24.1601
14 170 24.2862
14 171 24.4033
14 172 24.468
14 173 24.63
14 174 24.6439
14 175 24.6737
14 176 24.6767
14 177 24.7117
14 178 24.7917
14 179 25.0198
14 180 25.093
14 181 25.1492
14 182 25.5141
14 183 25.5141
14 184 25.5912
14 185 25.6777
14 186 25.9577
14 187 26.0497
14 188 26.0805
14 189 26.6368
14 190 27.0134
14 191 27.0134
14 192 27.9595
14 193 28.0634
14 194 28.1903
14 195 28.3021
14 196 28.4207
14 197 28.6779
14 198 29.1493
14 199 31.7988
15 0 17.4764 1 24 30 4 23 29 17 2 15 21 8 14 7 33 32 34 6 18 25 10 12 13 3 9 20 28 5 27 16 31 11 26 22 19 1 
15 1 17.5772
15 2 17.5916
15 3 17.5916
15 4 17.5916
15 5 17.5916
15 6 17.5916
15 7 17.5916
15 8 17.5916
15 9 17.5916
15 10 17.5916
15 11 17.5916
15 12 17.5916
15 13 17.5916
15 14 17.5916
15 15 17.5916
15 16 17.5916
15 17 17.5916
15 18 17.5916
15 19 17.5916
15 20 17.5916
15 21 17.5916
15 22 17.5916
15 23 17.5916
15 24 17.6936
15 25 17.818
15 26 17.898
15 27 17.898
15 28 17.898
15 29 17.9003
15 30 17.9003
15 31 17.9003
15 32 17.9003
15 33 17.9003
15 34 17.9003
15 35 17.9003
15 36 17.9003
15 37 17.9003
15 38 17.9003
15 39 17.9003
15 40 17.9003
15 41 17.9003
15 42 17.9003
15 43 17.9003
15 44 17.9003
15 45 17.9003
15 46 17.9003
15 47 17.9003
15 48 17.9003
15 49 17.9003
15 50 17.9003
15 51 17.9003
15 52 17.9003
15 53 17.9003
15 54 17.9003
15 55 17.9339
15 56 17.9339
15 57 17.9339
15 58 17.9339
15 59 17.9369
15 60 18.073
15 61 18.204
15 62 18.2086
15 63 18.2177
15 64 18.2298
15 65 18.2337
15 66 18.2847
15 67 18.4354
15 68 18.4466
15 69 18.4504
15 70 18.4504
15 71 18.4571
15 72 18.4685
15 73 18.5019
15 74 18.5794
15 75 18.617
15 76 18.6247
15 77 18.673
15 78 18.7145
15 79 18.7145
15 80 18.7765
15 81 18.7976
15 82 18.8047
15 83 18.8064
15 84 18.8137
15 85 18.8137
15 86 18.8137
15 87 18.8137
15 88 18.8137
15 89 18.8137
15 90 18.8137
15 91 18.8137
15 92 18.8137
15 93 18.8137
15 94 18.8137
15 95 18.8137
15 96 18.8137
15 97 18.9596
15 98 18.9665
15 99 19.0055
15 100 19.2582
15 101 19.288
15 102 19.3093
15 103 19.3245
15 104 19.3245
15 105 19.45
15 106 19.4961
15 107 19.5378
15 108 19.937
15 109 19.9831
15 110 20.011
15 111 20.1217
15 112 20.1339
15 113 20.1844
15 114 20.1907
15 115 20.2096
15 116 20.2325
15 117 20.2872
15 118 20.3735
15 119 20.5662
15 120 20.615
15 121 20.6726
15 122 20.775
15 123 20.775
15 124 20.7827
15 125 20.8286
15 126 20.9267
15 127 20.9267
15 128 20.9766
15 129 21.0378
15 130 21.0389
15 131 21.089
15 132 21.203
15 133 21.2214
15 134 21.2669
15 135 21.2669
15 136 21.479
15 137 21.4873
15 138 21.5463
15 139 21.5878
15 140 21.5919
15 141 21.6036
15 142 21.6158
15 143 21.6389
15 144 21.6575
15 145 21.7334
15 146 21.8882
15 147 21.9394
15 148 21.9466
15 149 22.052
15 150 22.0948
15 151 22.0995
15 152 22.147
15 153 22.151
15 154 22.1742
15 155 22.2733
15 156 22.3164
15 157 22.3744
15 158 22.3959
15 159 22.4217
15 160 22.476
15 161 22.5492
15 162 22.5527
15 163 22.6222
15 164 22.8006
15 165 22.8144
15 166 22.8483
15 167 22.8978
15 168 22.9336
15 169 22.985
15 170 23.0933
15 171 23.1886
15 172 23.2332
15 173 23.4331
15 174 23.5337
15 175 23.6668
15 176 23.6686
15 177 23.8197
15 178 23.925
15 179 24.1633
15 180 24.2261
15 181 24.2571
15 182 24.3835
15 183 24.7427
15 184 24.7917
15 185 25.6825
15 186 25.8044
15 187 26.0065
15 188 26.0077
15 189 26.2056
15 190 26.433
15 191 26.9597
15 192 27.1806
15 193 27.182
15 194 27.5386
15 195 28.6947
15 196 28.8713
15 197 29.5273
15 198 29.9742
15 199 30.7822
16 0 17.4764 1 24 30 4 23 29 17 2 15 21 8 14 7 33 32 34 6 18 25 10 12 13 3 9 20 28 5 27 16 31 11 26 22 19 1 
16 1 17.4764
16 2 17.4764
16 3 17.4764
16 4 17.4764
16 5 17.4764
16 6 17.4764
16 7 17.4764
16 8 17.4764
16 9 17.4764
16 10 17.4764
16 11 17.4764
16 12 17.4764
16 13 17.4764
16 14 17.4764
16 15 17.4764
16 16 17.4764
16 17 17.4764
16 18 17.4764
16 19 17.4896
16 20 17.5452
16 21 17.5695
16 22 17.5772
16 23 17.5772
16 24 17.5772
16 25 17.5916
16 26 17.5916
16 27 17.5916
16 28 17.5916
16 29 17.5916
16 30 17.5916
16 31 17.5916
16 32 17.5916
16 33 17.5916
16 34 17.5916
16 35 17.5916
16 36 17.5916
16 37 17.5916
16 38 17.5916
16 39 17.5916
16 40 17.5916
16 41 17.5916
16 42 17.5916
16 43 17.5916
16 44 17.5916
16 45 17.5916
16 46 17.5916
16 47 17.5916
16 48 17.5916
16 49 17.5916
16 50 17.5916
16 51 17.5916
16 52 17.5916
16 53 17.5916
16 54 17.5916
16 55 17.6138
16 56 17.6377
16 57 17.898
16 58 17.9003
16 59 17.9003
16 60 17.9003
16 61 17.9003
16 62 17.9003
16 63 17.9003
16 64 17.9003
16 65 17.9003
16 66 17.9003
16 67 17.9003
16 68 17.9003
16 69 17.9003
16 70 17.9248
16 71 17.9369
16 72 18.2161
16 73 18.2298
16 74 18.2847
16 75 18.2847
16 76 18.2847
16 77 18.3305
16 78 18.3873
16 79 18.4504
16 80 18.4685
16 81 18.5445
16 82 18.5794
16 83 18.617
16 84 18.617
16 85 18.7078
16 86 18.7611
16 87 18.7765
16 88 18.8137
16 89 18.8137
16 90 18.8137
16 91 18.8137
16 92 18.8137
16 93 18.8832
16 94 18.9197
16 95 19.0041
16 96 19.0125
16 97 19.0271
16 98 19.1598
16 99 19.3002
16 100 19.3175
16 101 19.3245
16 102 19.3334
16 103 19.3669
16 104 19.4005
16 105 19.4122
16 106 19.4497
16 107 19.52
16 108 19.682
16 109 19.7348
16 110 19.808
16 111 19.9119
16 112 19.9176
16 113 19.974
16 114 20.0674
16 115 20.0881
16 116 20.0934
16 117 20.2096
16 118 20.3257
16 119 20.4978
16 120 20.5155
16 121 20.5166
16 122 20.6954
16 123 20.7147
16 124 20.7411
16 125 20.7471
16 126 20.7827
16 127 20.8537
16 128 20.8941
16 129 20.9176
16 130 20.9267
16 131 20.9294
16 132 20.9963
16 133 21.0243
16 134 21.0394
16 135 21.0754
16 136 21.1596
16 137 21.2022
16 138 21.2669
16 139 21.2903
16 140 21.3189
16 141 21.3238
16 142 21.3578
16 143 21.4207
16 144 21.4514
16 145 21.496
16 146 21.5002
16 147 21.5002
16 148 21.5463
16 149 21.5608
16 150 21.5608
16 151 21.5878
16 152 21.6389
16 153 21.6914
16 154 21.78
16 155 21.8203
16 156 21.8855
16 157 21.9122
16 158 21.9394
16 159 21.9643
16 160 22.0139
16 161 22.0948
16 162 22.1593
16 163 22.269
16 164 22.2802
16 165 22.3569
16 166 22.3589
16 167 22.917
16 168 23.2616
16 169 23.3365
16 170 23.4331
16 171 23.4331
16 172 23.4361
16 173 23.4787
16 174 23.5663
16 175 23.59
16 176 23.639
16 177 23.8197
16 178 23.9585
16 179 24.0132
16 180 24.2642
16 181 24.3083
16 182 24.3835
16 183 24.4853
16 184 24.5206
16 185 24.7319
16 186 24.9221
16 187 24.9385
16 188 25.168
16 189 25.4066
16 190 25.4557
16 191 25.6491
16 192 25.9481
16 193 26.364
16 194 26.6591
16 195 26.9837
16 196 26.9877
16 197 27.0493
16 198 28.6947
16 199 31.9588
17 0 16.327 1 24 30 4 28 5 27 16 31 11 26 22 7 33 34 32 6 18 25 10 12 13 3 9 20 23 29 17 2 15 21 8 14 19 1 
17 1 16.5783
17 2 17.1985
17 3 17.2735
17 4 17.4764
17 5 17.4764
17 6 17.4764
17 7 17.4764
17 8 17.4764
17 9 17.4764
17 10 17.4764
17 11 17.4764
17 12 17.4764
17 13 17.4764
17 14 17.4764
17 15 17.4764
17 16 17.4764
17 17 17.4764
17 18 17.4764
17 19 17.4764
17 20 17.4764
17 21 17.4764
17 22 17.4764
17 23 17.4764
17 24 17.4764
17 25 17.4764
17 26 17.4764
17 27 17.4764
17 28 17.4764
17 29 17.4764
17 30 17.4764
17 31 17.4764
17 32 17.4764
17 33 17.4764
17 34 17.4764
17 35 17.4764
17 36 17.4764
17 37 17.4764
17 38 17.4764
17 39 17.4764
17 40 17.4764
17 41 17.4764
17 42 17.4764
17 43 17.4764
17 44 17.4764
17 45 17.4764
17 46 17.4764
17 47 17.4764
17 48 17.4764
17 49 17.4764
17 50 17.4764
17 51 17.4764
17 52 17.4764
17 53 17.4764
17 54 17.4764
17 55 17.4764
17 56 17.4896
17 57 17.4896
17 58 17.5452
17 59 17.5695
17 60 17.5772
17 61 17.5772
17 62 17.5772
17 63 17.5887
17 64 17.5916
17 65 17.5916
17 66 17.5916
17 67 17.5916
17 68 17.5916
17 69 17.5916
17 70 17.5916
17 71 17.5916
17 72 17.5916
17 73 17.5916
17 74 17.5923
17 75 17.7349
17 76 17.8669
17 77 17.8945
17 78 17.9003
17 79 17.9003
17 80 17.9003
17 81 17.9003
17 82 17.9016
17 83 17.9253
17 84 18.2335
17 85 18.2611
17 86 18.2965
17 87 18.3201
17 88 18.3544
17 89 18.5074
17 90 18.5261
17 91 18.5651
17 92 18.5744
17 93 18.5794
17 94 18.7189
17 95 18.7699
17 96 18.7706
17 97 18.8141
17 98 18.8976
17 99 18.9285
17 100 18.9285
17 101 18.9285
17 102 18.981
17 103 19.0271
17 104 19.0271
17 105 19.1198
17 106 19.1598
17 107 19.1598
17 108 19.1904
17 109 19.2073
17 110 19.4122
17 111 19.4605
17 112 19.52
17 113 19.6012
17 114 19.6385
17 115 19.7153
17 116 19.8106
17 117 19.9776
17 118 20.1318
17 119 20.2096
17 120 20.2226
17 121 20.3929
17 122 20.4738
17 123 20.4978
17 124 20.6804
17 125 20.702
17 126 20.7319
17 127 20.7608
17 128 20.8644
17 129 20.8693
17 130 20.9519
17 131 20.9963
17 132 21.0433
17 133 21.0477
17 134 21.0569
17 135 21.1483
17 136 21.1678
17 137 21.1763
17 138 21.2077
17 139 21.2303
17 140 21.3103
17 141 21.338
17 142 21.3409
17 143 21.3409
17 144 21.3486
17 145 21.3811
17 146 21.4224
17 147 21.5145
17 148 21.5918
17 149 21.6073
17 150 21.6166
17 151 21.6274
17 152 21.6274
17 153 21.6656
17 154 21.6901
17 155 21.8186
17 156 21.8203
17 157 21.8614
17 158 21.9394
17 159 22.0139
17 160 22.0153
17 161 22.0194
17 162 22.1214
17 163 22.2048
17 164 22.2434
17 165 22.2858
17 166 22.4054
17 167 22.4183
17 168 22.5087
17 169 22.5271
17 170 22.6632
17 171 22.6731
17 172 22.7555
17 173 22.7867
17 174 22.8144
17 175 22.8159
17 176 22.9254
17 177 22.987
17 178 23.0751
17 179 23.191
17 180 23.311
17 181 23.3365
17 182 23.5422
17 183 23.7984
17 184 23.8659
17 185 23.921
17 186 24.2424
17 187 24.5281
17 188 24.6787
17 189 25.3591
17 190 25.7332
17 191 26.1658
17 192 26.1775
17 193 26.364
17 194 26.9877
17 195 27.0304
17 196 27.7246
17 197 28.1449
17 198 28.6947
17 199 29.5193
18 0 16.327 1 24 30 4 28 5 27 16 31 11 26 22 7 33 34 32 6 18 25 10 12 13 3 9 20 23 29 17 2 15 21 8 14 19 1 
18 1 16.327
18 2 16.327
18 3 16.327
18 4 16.327
18 5 16.327
18 6 16.327
18 7 16.327
18 8 16.327
18 9 16.327
18 10 16.327
18 11 16.327
18 12 16.327
18 13 16.327
18 14 16.5734
18 15 16.5783
18 16 16.5783
18 17 16.6091
18 18 16.8515
18 19 16.8697
18 20 17.002
18 21 17.0215
18 22 17.1842
18 23 17.1985
18 24 17.2666
18 25 17.2735
18 26 17.4764
18 27 17.4764
18 28 17.4764
18 29 17.4764
18 30 17.4764
18 31 17.4764
18 32 17.4764
18 33 17.4764
18 34 17.4764
18 35 17.4764
18 36 17.4764
18 37 17.4764
18 38 17.4764
18 39 17.4764
18 40 17.4764
18 41 17.4764
18 42 17.4764
18 43 17.4764
18 44 17.4764
18 45 17.4764
18 46 17.4764
18 47 17.4764
18 48 17.4764
18 49 17.4764
18 50 17.4764
18 51 17.4764
18 52 17.4764
18 53 17.4764
18 54 17.4764
18 55 17.4764
18 56 17.4764
18 57 17.4764
18 58 17.4764
18 59 17.4896
18 60 17.5452
18 61 17.5452
18 62 17.5772
18 63 17.5772
18 64 17.5772
18 65 17.5916
18 66 17.5916
18 67 17.5916
18 68 17.6089
18 69 17.7926
18 70 17.8227
18 71 17.9003
18 72 17.9003
18 73 17.9283
18 74 17.9523
18 75 18.0031
18 76 18.0407
18 77 18.0722
18 78 18.1671
18 79 18.2158
18 80 18.2335
18 81 18.3028
18 82 18.3544
18 83 18.4264
18 84 18.4482
18 85 18.557
18 86 18.5651
18 87 18.5759
18 88 18.6467
18 89 18.7189
18 90 18.7339
18 91 18.7359
18 92 18.7661
18 93 18.8583
18 94 18.8976
18 95 18.9285
18 96 18.9285
18 97 18.9585
18 98 19.0156
18 99 19.0271
18 100 19.1135
18 101 19.1296
18 102 19.1369
18 103 19.1598
18 104 19.1683
18 105 19.1769
18 106 19.2065
18 107 19.2254
18 108 19.2341
18 109 19.3158
18 110 19.3279
18 111 19.3635
18 112 19.3869
18 113 19.3878
18 114 19.4151
18 115 19.655
18 116 19.7104
18 117 19.7412
18 118 19.7412
18 119 19.9
18 120 19.9152
18 121 19.9282
18 122 19.9282
18 123 19.9474
18 124 19.9772
18 125 20.0577
18 126 20.1115
18 127 20.1566
18 128 20.1845
18 129 20.2096
18 130 20.2096
18 131 20.2239
18 132 20.2809
18 133 20.4171
18 134 20.4275
18 135 20.4768
18 136 20.5295
18 137 20.6295
18 138 20.651
18 139 20.7224
18 140 20.77
18 141 21.0294
18 142 21.0589
18 143 21.1062
18 144 21.1763
18 145 21.1763
18 146 21.1855
18 147 21.2077
18 148 21.338
18 149 21.3668
18 150 21.4433
18 151 21.5341
18 152 21.5378
18 153 21.6274
18 154 21.6563
18 155 21.679
18 156 21.747
18 157 21.8616
18 158 22.0137
18 159 22.0139
18 160 22.0139
18 161 22.0349
18 162 22.2434
18 163 22.3135
18 164 22.3153
18 165 22.318
18 166 22.3468
18 167 22.4054
18 168 22.4097
18 169 22.5058
18 170 22.5478
18 171 22.675
18 172 22.7031
18 173 22.7936
18 174 22.8493
18 175 22.9476
18 176 22.9661
18 177 22.987
18 178 23.1505
18 179 23.2832
18 180 23.3228
18 181 23.3839
18 182 23.526
18 183 23.5912
18 184 23.6973
18 185 24.09
18 186 24.4207
18 187 24.5852
18 188 24.8621
18 189 24.9573
18 190 25.3406
18 191 25.4537
18 192 25.5676
18 193 25.7665
18 194 26.032
18 195 26.364
18 196 27.2154
18 197 27.8569
18 198 28.2909
18 199 30.2071
19 0 15.2621 1 24 30 4 23 29 17 2 15 21 8 14 10 12 13 3 7 33 32 34 6 18 25 9 20 28 5 27 16 31 11 26 22 19 1 
19 1 15.9551
19 2 16.1982
19 3 16.2499
19 4 16.2728
19 5 16.327
19 6 16.327
19 7 16.327
19 8 16.327
19 9 16.327
19 10 16.327
19 11 16.327
19 12 16.327
19 13 16.327
19 14 16.327
19 15 16.327
19 16 16.327
19 17 16.327
19 18 16.327
19 19 16.327
19 20 16.327
19 21 16.327
19 22 16.327
19 23 16.327
19 24 16.327
19 25 16.327
19 26 16.327
19 27 16.327
19 28 16.327
19 29 16.327
19 30 16.327
19 31 16.327
19 32 16.327
19 33 16.327
19 34 16.327
19 35 16.327
19 36 16.327
19 37 16.327
19 38 16.327
19 39 16.327
19 40 16.327
19 41 16.327
19 42 16.3278
19 43 16.3278
19 44 16.4076
19 45 16.5504
19 46 16.5734
19 47 16.5734
19 48 16.5783
19 49 16.6091
19 50 16.6091
19 51 16.674
19 52 16.7227
19 53 16.8211
19 54 16.8697
19 55 16.9095
19 56 16.928
19 57 17.0215
19 58 17.0381
19 59 17.1842
19 60 17.1842
19 61 17.2666
19 62 17.2753
19 63 17.2909
19 64 17.3546
19 65 17.4387
19 66 17.4764
19 67 17.4764
19 68 17.4764
19 69 17.4764
19 70 17.4764
19 71 17.4764
19 72 17.4764
19 73 17.4764
19 74 17.5289
19 75 17.5452
19 76 17.5452
19 77 17.5772
19 78 17.5835
19 79 17.5916
19 80 17.6454
19 81 17.668
19 82 17.6683
19 83 17.7453
19 84 17.8304
19 85 17.9067
19 86 17.9283
19 87 17.9523
19 88 18.0429
19 89 18.0722
19 90 18.0722
19 91 18.1502
19 92 18.1514
19 93 18.2475
19 94 18.3028
19 95 18.4578
19 96 18.5651
19 97 18.6382
19 98 18.7339
19 99 18.7693
19 100 18.7917
19 101 18.8823
19 102 18.9536
19 103 18.9717
19 104 18.9804
19 105 19.0271
19 106 19.1369
19 107 19.2692
19 108 19.3659
19 109 19.3869
19 110 19.4701
19 111 19.4889
19 112 19.6054
19 113 19.6247
19 114 19.68
19 115 19.7143
19 116 19.7181
19 117 19.7705
19 118 19.7834
19 119 19.805
19 120 19.9
19 121 19.9237
19 122 19.9282
19 123 20.041
19 124 20.0547
19 125 20.1577
19 126 20.1865
19 127 20.2239
19 128 20.259
19 129 20.4071
19 130 20.5316
19 131 20.5598
19 132 20.5943
19 133 20.6764
19 134 20.7823
19 135 20.7852
19 136 20.8181
19 137 20.8911
19 138 20.9242
19 139 21.0139
19 140 21.0596
19 141 21.1065
19 142 21.1293
19 143 21.1845
19 144 21.2496
19 145 21.3436
19 146 21.3572
19 147 21.3698
19 148 21.4213
19 149 21.4451
19 150 21.4794
19 151 21.6087
19 152 21.657
19 153 21.6924
19 154 21.8814
19 155 21.9317
19 156 22.0838
19 157 22.1813
19 158 22.252
19 159 22.2634
19 160 22.2899
19 161 22.3135
19 162 22.3153
19 163 22.4864
19 164 22.5429
19 165 22.6856
19 166 22.8221
19 167 22.848
19 168 22.8686
19 169 22.987
19 170 23.0375
19 171 23.0677
19 172 23.1169
19 173 23.1505
19 174 23.2246
19 175 23.4412
19 176 23.5012
19 177 23.674
19 178 23.6973
19 179 24.0968
19 180 24.1799
19 181 24.21
19 182 24.4452
19 183 24.4747
19 184 24.6489
19 185 24.9457
19 186 25.0295
19 187 25.1926
19 188 25.2287
19 189 25.5644
19 190 25.5676
19 191 26.0826
19 192 26.2131
19 193 26.4682
19 194 26.5781
19 195 26.6368
19 196 27.3621
19 197 27.4584
19 198 28.4061
19 199 29.9339
20 0 14.8823 1 24 30 4 23 29 17 2 15 10 12 13 3 34 16 9 6 18 25 28 5 27 31 11 26 22 7 33 32 20 21 8 14 19 1 
20 1 15.2621
20 2 15.2621
20 3 15.2621
20 4 15.2621
20 5 15.2621
20 6 15.2621
20 7 15.2621
20 8 15.2621
20 9 15.2621
20 10 15.2621
20 11 15.2621
20 12 15.2621
20 13 15.2621
20 14 15.5206
20 15 15.5838
20 16 15.7827
20 17 15.9551
20 18 15.9551
20 19 15.9551
20 20 16.0911
20 21 16.1652
20 22 16.1801
20 23 16.1982
20 24 16.1982
20 25 16.1982
20 26 16.2499
20 27 16.2499
20 28 16.2728
20 29 16.2728
20 30 16.3055
20 31 16.3226
20 32 16.327
20 33 16.327
20 34 16.327
20 35 16.327
20 36 16.327
20 37 16.327
20 38 16.327
20 39 16.327
20 40 16.327
20 41 16.327
20 42 16.327
20 43 16.327
20 44 16.327
20 45 16.327
20 46 16.327
20 47 16.327
20 48 16.327
20 49 16.327
20 50 16.327
20 51 16.327
20 52 16.327
20 53 16.327
20 54 16.327
20 55 16.327
20 56 16.327
20 57 16.327
20 58 16.327
20 59 16.327
20 60 16.327
20 61 16.327
20 62 16.327
20 63 16.327
20 64 16.327
20 65 16.327
20 66 16.327
20 67 16.327
20 68 16.327
20 69 16.327
20 70 16.3278
20 71 16.3278
20 72 16.3304
20 73 16.4076
20 74 16.4889
20 75 16.5783
20 76 16.6091
20 77 16.7204
20 78 16.7554
20 79 16.7761
20 80 16.7824
20 81 16.8211
20 82 16.8502
20 83 16.9095
20 84 17.0278
20 85 17.0381
20 86 17.0381
20 87 17.0549
20 88 17.0622
20 89 17.0622
20 90 17.1842
20 91 17.2356
20 92 17.2753
20 93 17.2753
20 94 17.3101
20 95 17.3546
20 96 17.3797
20 97 17.4764
20 98 17.4764
20 99 17.4764
20 100 17.5004
20 101 17.5452
20 102 17.668
20 103 17.7173
20 104 17.7767
20 105 17.841
20 106 17.8683
20 107 17.9067
20 108 18.0007
20 109 18.0744
20 110 18.1502
20 111 18.1828
20 112 18.4095
20 113 18.4578
20 114 18.4724
20 115 18.4829
20 116 18.623
20 117 18.7465
20 118 18.7917
20 119 18.7992
20 120 18.8107
20 121 18.8766
20 122 18.9524
20 123 18.9879
20 124 19.0271
20 125 19.0754
20 126 19.249
20 127 19.3574
20 128 19.3904
20 129 19.3913
20 130 19.4399
20 131 19.4644
20 132 19.5899
20 133 19.5968
20 134 19.5979
20 135 19.66
20 136 19.6653
20 137 19.6708
20 138 19.7143
20 139 19.7143
20 140 19.8417
20 141 19.9948
20 142 20.0082
20 143 20.0577
20 144 20.0756
20 145 20.0822
20 146 20.2605
20 147 20.2626
20 148 20.322
20 149 20.3827
20 150 20.4316
20 151 20.4751
20 152 20.5598
20 153 20.5943
20 154 20.6894
20 155 20.7799
20 156 20.8911
20 157 20.9505
20 158 21.0596
20 159 21.1858
20 160 21.2382
20 161 21.2484
20 162 21.3001
20 163 21.3436
20 164 21.5841
20 165 21.669
20 166 21.7767
20 167 21.7862
20 168 22.124
20 169 22.1769
20 170 22.1942
20 171 22.6265
20 172 23.1006
20 173 23.2631
20 174 23.7058
20 175 23.8008
20 176 24.0651
20 177 24.2104
20 178 24.2713
20 179 24.4452
20 180 24.4475
20 181 24.4918
20 182 24.6229
20 183 24.8037
20 184 24.8302
20 185 24.9566
20 186 25.1407
20 187 25.569
20 188 25.648
20 189 26.1657
20 190 26.1768
20 191 26.3291
20 192 26.4377
20 193 26.4682
20 194 26.6576
20 195 26.7121
20 196 26.9806
20 197 27.4656
20 198 27.7439
20 199 27.858
21 0 14.6405 1 24 30 4 23 29 17 2 15 21 8 14 10 12 13 3 7 33 32 34 6 18 25 16 9 20 31 11 28 5 27 26 22 19 1 
21 1 14.6833
21 2 14.6996
21 3 14.8579
21 4 14.8823
21 5 14.8823
21 6 14.8823
21 7 14.8823
21 8 14.8823
21 9 14.8823
21 10 14.8823
21 11 14.8823
21 12 14.8823
21 13 14.8823
21 14 14.8823
21 15 14.887
21 16 15.0574
21 17 15.2159
21 18 15.253
21 19 15.253
21 20 15.2621
21 21 15.2621
21 22 15.2621
21 23 15.2621
21 24 15.2621
21 25 15.2621
21 26 15.2621
21 27 15.2621
21 28 15.2621
21 29 15.2621
21 30 15.2621
21 31 15.2621
21 32 15.2621
21 33 15.2621
21 34 15.2621
21 35 15.2621
21 36 15.2621
21 37 15.2621
21 38 15.2621
21 39 15.2621
21 40 15.2621
21 41 15.2621
21 42 15.2621
21 43 15.2621
21 44 15.2623
21 45 15.4634
21 46 15.5206
21 47 15.5838
21 48 15.5838
21 49 15.9366
21 50 16.1105
21 51 16.1652
21 52 16.1703
21 53 16.1801
21 54 16.1801
21 55 16.1982
21 56 16.1982
21 57 16.1982
21 58 16.327
21 59 16.327
21 60 16.327
21 61 16.327
21 62 16.327
21 63 16.327
21 64 16.327
21 65 16.327
21 66 16.327
21 67 16.327
21 68 16.327
21 69 16.327
21 70 16.327
21 71 16.327
21 72 16.327
21 73 16.327
21 74 16.327
21 75 16.327
21 76 16.327
21 77 16.327
21 78 16.327
21 79 16.327
21 80 16.3288
21 81 16.3304
21 82 16.4667
21 83 16.5216
21 84 16.6571
21 85 16.6928
21 86 16.7063
21 87 16.771
21 88 16.7733
21 89 16.7761
21 90 16.8236
21 91 16.8602
21 92 16.8662
21 93 16.9095
21 94 17.0381
21 95 17.0381
21 96 17.0519
21 97 17.0622
21 98 17.2356
21 99 17.2753
21 100 17.3101
21 101 17.3406
21 102 17.3546
21 103 17.409
21 104 17.5452
21 105 17.5675
21 106 17.603
21 107 17.6919
21 108 17.7173
21 109 17.7926
21 110 17.8214
21 111 17.824
21 112 17.847
21 113 17.8683
21 114 17.9556
21 115 18.0744
21 116 18.1458
21 117 18.1725
21 118 18.2753
21 119 18.3525
21 120 18.4621
21 121 18.5467
21 122 18.552
21 123 18.5638
21 124 18.5775
21 125 18.6167
21 126 18.6396
21 127 18.6881
21 128 18.766
21 129 18.766
21 130 18.7719
21 131 18.7951
21 132 18.7992
21 133 18.8017
21 134 18.913
21 135 18.99
21 136 19.047
21 137 19.0994
21 138 19.1868
21 139 19.2513
21 140 19.3279
21 141 19.3299
21 142 19.3574
21 143 19.3904
21 144 19.4772
21 145 19.4866
21 146 19.6357
21 147 19.7225
21 148 19.9043
21 149 20.0082
21 150 20.1515
21 151 20.2202
21 152 20.3747
21 153 20.4314
21 154 20.5046
21 155 20.528
21 156 20.6155
21 157 20.6933
21 158 20.7215
21 159 20.7403
21 160 20.7469
21 161 20.7637
21 162 20.7679
21 163 20.8288
21 164 20.8927
21 165 21.03
21 166 21.0397
21 167 21.6907
21 168 21.7747
21 169 21.9465
21 170 21.96
21 171 22.1258
21 172 22.1624
21 173 22.1846
21 174 22.2005
21 175 22.3489
21 176 22.352
21 177 22.4506
21 178 22.9415
21 179 22.9931
21 180 23.0004
21 181 23.0198
21 182 23.1006
21 183 23.1163
21 184 23.3819
21 185 23.4644
21 186 23.7058
21 187 23.7405
21 188 23.8225
21 189 24.0018
21 190 24.3508
21 191 24.381
21 192 24.7888
21 193 25.3358
21 194 25.3886
21 195 26.1068
21 196 26.4377
21 197 27.2028
21 198 27.5244
21 199 28.4646
22 0 14.313 1 24 30 4 23 29 17 2 15 21 8 14 10 12 13 3 7 33 32 34 6 18 25 27 5 28 20 9 16 31 11 26 22 19 1 
22 1 14.6405
22 2 14.6405
22 3 14.6405
22 4 14.6405
22 5 14.6405
22 6 14.6405
22 7 14.6405
22 8 14.6405
22 9 14.6405
22 10 14.6405
22 11 14.6405
22 12 14.6405
22 13 14.6405
22 14 14.6405
22 15 14.6405
22 16 14.6405
22 17 14.6405
22 18 14.6833
22 19 14.6833
22 20 14.6833
22 21 14.6834
22 22 14.6996
22 23 14.6996
22 24 14.6996
22 25 14.6996
22 26 14.8369
22 27 14.8579
22 28 14.8579
22 29 14.8823
22 30 14.8823
22 31 14.8823
22 32 14.8823
22 33 14.8823
22 34 14.8823
22 35 14.8823
22 36 14.8823
22 37 14.8823
22 38 14.8823
22 39 15.253
22 40 15.253
22 41 15.2621
22 42 15.2621
22 43 15.2621
22 44 15.2621
22 45 15.2621
22 46 15.2621
22 47 15.2621
22 48 15.2621
22 49 15.2621
22 50 15.2621
22 51 15.2621
22 52 15.2621
22 53 15.2621
22 54 15.2621
22 55 15.2621
22 56 15.2621
22 57 15.2621
22 58 15.2621
22 59 15.2621
22 60 15.3122
22 61 15.4634
22 62 15.4634
22 63 15.4665
22 64 15.6229
22 65 15.6235
22 66 15.6887
22 67 15.8034
22 68 15.8436
22 69 15.9186
22 70 15.9709
22 71 16.0563
22 72 16.1105
22 73 16.1982
22 74 16.1982
22 75 16.3194
22 76 16.327
22 77 16.327
22 78 16.327
22 79 16.4515
22 80 16.5024
22 81 16.5145
22 82 16.5216
22 83 16.5826
22 84 16.6571
22 85 16.7227
22 86 16.7615
22 87 16.7733
22 88 16.8177
22 89 16.837
22 90 17.0215
22 91 17.0322
22 92 17.0947
22 93 17.1017
22 94 17.1169
22 95 17.2276
22 96 17.2756
22 97 17.2762
22 98 17.3376
22 99 17.3546
22 100 17.3685
22 101 17.4979
22 102 17.7055
22 103 17.824
22 104 17.9448
22 105 17.9906
22 106 17.9906
22 107 18.1081
22 108 18.1091
22 109 18.1725
22 110 18.2165
22 111 18.2231
22 112 18.2518
22 113 18.265
22 114 18.2753
22 115 18.2753
22 116 18.3525
22 117 18.4267
22 118 18.552
22 119 18.552
22 120 18.5861
22 121 18.5919
22 122 18.6396
22 123 18.6639
22 124 18.7116
22 125 18.7992
22 126 18.7992
22 127 18.8017
22 128 18.8583
22 129 18.8925
22 130 19.023
22 131 19.0283
22 132 19.047
22 133 19.0849
22 134 19.0912
22 135 19.1376
22 136 19.1603
22 137 19.2285
22 138 19.2849
22 139 19.3389
22 140 19.3574
22 141 19.3845
22 142 19.4729
22 143 19.4735
22 144 19.5105
22 145 19.5246
22 146 19.6578
22 147 19.661
22 148 19.7018
22 149 19.715
22 150 19.7225
22 151 19.7225
22 152 19.8682
22 153 19.9679
22 154 20.0538
22 155 20.0572
22 156 20.0818
22 157 20.0994
22 158 20.2715
22 159 20.3747
22 160 20.4292
22 161 20.5654
22 162 20.6362
22 163 20.655
22 164 20.6766
22 165 20.7679
22 166 20.8288
22 167 20.8927
22 168 21.1814
22 169 21.373
22 170 21.3948
22 171 21.436
22 172 21.5081
22 173 21.6214
22 174 21.96
22 175 22.1092
22 176 22.118
22 177 22.1624
22 178 22.1624
22 179 22.3489
22 180 22.3743
22 181 22.4866
22 182 22.5364
22 183 22.6766
22 184 22.8438
22 185 22.9011
22 186 23.2376
22 187 23.6449
22 188 23.7916
22 189 23.8439
22 190 23.8721
22 191 24.0013
22 192 24.8159
22 193 25.1461
22 194 25.8803
22 195 26.5194
22 196 26.6868
22 197 26.8733
22 198 29.0237
22 199 29.3325
23 0 14.3116 1 24 30 4 23 29 17 2 15 21 8 14 10 12 13 3 7 33 32 34 6 18 25 27 5 28 16 9 20 31 11 26 22 19 1 
23 1 14.313
23 2 14.313
23 3 14.313
23 4 14.313
23 5 14.313
23 6 14.313
23 7 14.313
23 8 14.313
23 9 14.313
23 10 14.313
23 11 14.313
23 12 14.313
23 13 14.313
23 14 14.327
23 15 14.3989
23 16 14.4081
23 17 14.6405
23 18 14.6405
23 19 14.6405
23 20 14.6405
23 21 14.6405
23 22 14.6405
23 23 14.6405
23 24 14.6405
23 25 14.6405
23 26 14.6405
23 27 14.6405
23 28 14.6405
23 29 14.6405
23 30 14.6405
23 31 14.6405
23 32 14.6405
23 33 14.6405
23 34 14.6405
23 35 14.6405
23 36 14.6405
23 37 14.6405
23 38 14.6405
23 39 14.6405
23 40 14.6405
23 41 14.6405
23 42 14.6405
23 43 14.6405
23 44 14.6405
23 45 14.6405
23 46 14.6405
23 47 14.6405
23 48 14.6833
23 49 14.6833
23 50 14.6833
23 51 14.6833
23 52 14.6833
23 53 14.6833
23 54 14.695
23 55 14.6996
23 56 14.6996
23 57 14.8579
23 58 14.8823
23 59 14.8823
23 60 14.8823
23 61 14.8823
23 62 14.8823
23 63 14.8823
23 64 14.9059
23 65 15.0273
23 66 15.0568
23 67 15.253
23 68 15.2621
23 69 15.2621
23 70 15.2621
23 71 15.2621
23 72 15.2621
23 73 15.2621
23 74 15.3122
23 75 15.3122
23 76 15.3769
23 77 15.4249
23 78 15.4634
23 79 15.5103
23 80 15.6154
23 81 15.6229
23 82 15.6229
23 83 15.6235
23 84 15.6235
23 85 15.6517
23 86 15.7301
23 87 15.7324
23 88 15.7999
23 89 15.8247
23 90 15.9551
23 91 16.1347
23 92 16.1982
23 93 16.2722
23 94 16.2899
23 95 16.3194
23 96 16.4515
23 97 16.5024
23 98 16.5145
23 99 16.547
23 100 16.6041
23 101 16.6806
23 102 16.7733
23 103 16.837
23 104 16.9178
23 105 17.0065
23 106 17.0215
23 107 17.0322
23 108 17.0322
23 109 17.0556
23 110 17.1169
23 111 17.1884
23 112 17.2276
23 113 17.2533
23 114 17.3521
23 115 17.4529
23 116 17.5101
23 117 17.6301
23 118 17.7055
23 119 17.7087
23 120 17.8058
23 121 17.824
23 122 17.9199
23 123 18.0305
23 124 18.0551
23 125 18.1081
23 126 18.1804
23 127 18.2231
23 128 18.2256
23 129 18.2518
23 130 18.2753
23 131 18.2933
23 132 18.3331
23 133 18.3976
23 134 18.4109
23 135 18.4123
23 136 18.4194
23 137 18.5338
23 138 18.5472
23 139 18.6142
23 140 18.6396
23 141 18.658
23 142 18.7116
23 143 18.7268
23 144 18.8017
23 145 18.8017
23 146 18.8168
23 147 18.8291
23 148 19.023
23 149 19.039
23 150 19.2383
23 151 19.3389
23 152 19.3845
23 153 19.3845
23 154 19.4729
23 155 19.5321
23 156 19.5757
23 157 19.6088
23 158 19.8248
23 159 20.0572
23 160 20.0595
23 161 20.1516
23 162 20.2715
23 163 20.3368
23 164 20.3738
23 165 20.4374
23 166 20.5303
23 167 20.6184
23 168 20.7051
23 169 20.7355
23 170 20.849
23 171 20.9373
23 172 21.1072
23 173 21.316
23 174 21.3761
23 175 21.4658
23 176 21.7046
23 177 21.7461
23 178 21.8289
23 179 21.9548
23 180 22.1092
23 181 22.3489
23 182 22.4018
23 183 22.6958
23 184 22.9011
23 185 22.9381
23 186 22.9562
23 187 23.0843
23 188 23.1029
23 189 23.1628
23 190 23.1888
23 191 23.4211
23 192 23.4285
23 193 24.2287
23 194 24.9824
23 195 26.1431
23 196 26.1649
23 197 26.6868
23 198 28.2125
23 199 30.2434
24 0 14.2543 1 24 30 4 28 5 27 16 31 11 23 29 17 2 15 21 8 14 10 12 13 3 7 33 32 34 6 18 25 20 9 26 22 19 1 
24 1 14.2963
24 2 14.3116
24 3 14.3116
24 4 14.3116
24 5 14.3116
24 6 14.3116
24 7 14.3116
24 8 14.3116
24 9 14.3116
24 10 14.3116
24 11 14.3116
24 12 14.3116
24 13 14.3116
24 14 14.3116
24 15 14.3116
24 16 14.3116
24 17 14.3116
24 18 14.3116
24 19 14.3116
24 20 14.3116
24 21 14.3116
24 22 14.3116
24 23 14.3116
24 24 14.3116
24 25 14.313
24 26 14.313
24 27 14.313
24 28 14.313
24 29 14.313
24 30 14.313
24 31 14.313
24 32 14.313
24 33 14.313
24 34 14.313
24 35 14.313
24 36 14.313
24 37 14.313
24 38 14.313
24 39 14.313
24 40 14.313
24 41 14.313
24 42 14.313
24 43 14.313
24 44 14.313
24 45 14.313
24 46 14.313
24 47 14.313
24 48 14.313
24 49 14.313
24 50 14.313
24 51 14.313
24 52 14.313
24 53 14.313
24 54 14.313
24 55 14.313
24 56 14.313
24 57 14.313
24 58 14.313
24 59 14.313
24 60 14.313
24 61 14.313
24 62 14.327
24 63 14.347
24 64 14.3989
24 65 14.3989
24 66 14.636
24 67 14.6405
24 68 14.6405
24 69 14.6405
24 70 14.6405
24 71 14.6405
24 72 14.6405
24 73 14.6405
24 74 14.6405
24 75 14.6405
24 76 14.6405
24 77 14.6405
24 78 14.6405
24 79 14.6405
24 80 14.6405
24 81 14.6405
24 82 14.6405
24 83 14.6405
24 84 14.6405
24 85 14.6405
24 86 14.6405
24 87 14.6405
24 88 14.695
24 89 14.6996
24 90 14.7026
24 91 14.8823
24 92 14.8823
24 93 14.8823
24 94 14.8823
24 95 14.9059
24 96 15.2278
24 97 15.2621
24 98 15.2621
24 99 15.2621
24 100 15.3564
24 101 15.4634
24 102 15.5662
24 103 15.6154
24 104 15.6229
24 105 15.6235
24 106 15.6235
24 107 15.655
24 108 15.7221
24 109 15.7301
24 110 15.7324
24 111 15.7375
24 112 15.7858
24 113 15.8409
24 114 15.9551
24 115 15.9876
24 116 16.0365
24 117 16.25
24 118 16.2722
24 119 16.3194
24 120 16.3968
24 121 16.4515
24 122 16.4909
24 123 16.4962
24 124 16.7434
24 125 16.8668
24 126 16.8847
24 127 16.9468
24 128 16.9468
24 129 17.0322
24 130 17.0423
24 131 17.1899
24 132 17.2422
24 133 17.2756
24 134 17.3047
24 135 17.4997
24 136 17.5101
24 137 17.5762
24 138 17.6042
24 139 17.7661
24 140 17.7773
24 141 17.7831
24 142 17.7893
24 143 17.8085
24 144 17.8738
24 145 17.8971
24 146 17.9896
24 147 18.0097
24 148 18.1081
24 149 18.1081
24 150 18.1081
24 151 18.1143
24 152 18.2324
24 153 18.2518
24 154 18.2753
24 155 18.5316
24 156 18.8161
24 157 18.8291
24 158 18.8291
24 159 18.9111
24 160 18.919
24 161 18.9722
24 162 19.0596
24 163 19.2707
24 164 19.3422
24 165 19.354
24 166 19.3845
24 167 19.4837
24 168 19.7009
24 169 19.7992
24 170 19.8041
24 171 19.909
24 172 19.9764
24 173 20.0199
24 174 20.0605
24 175 20.0789
24 176 20.1668
24 177 20.4494
24 178 20.4583
24 179 20.5203
24 180 20.5459
24 181 20.7051
24 182 20.9045
24 183 20.9096
24 184 20.9966
24 185 21.3836
24 186 21.5315
24 187 21.6218
24 188 21.6497
24 189 21.6958
24 190 21.9536
24 191 22.0731
24 192 22.2777
24 193 22.369
24 194 22.6519
24 195 23.0082
24 196 23.8542
24 197 24.3236
24 198 25.1641
24 199 28.857
25 0 13.6761 1 24 30 4 23 29 17 2 15 21 8 14 10 12 13 3 7 33 32 34 6 18 16 9 20 25 27 5 28 31 11 26 22 19 1 
25 1 13.8972
25 2 13.9246
25 3 14.0817
25 4 14.2376
25 5 14.2543
25 6 14.2543
25 7 14.2543
25 8 14.2543
25 9 14.2543
25 10 14.2543
25 11 14.2543
25 12 14.2543
25 13 14.2543
25 14 14.2543
25 15 14.2543
25 16 14.2543
25 17 14.2543
25 18 14.2543
25 19 14.2543
25 20 14.2963
25 21 14.2963
25 22 14.2963
25 23 14.2963
25 24 14.3116
25 25 14.3116
25 26 14.3116
25 27 14.3116
25 28 14.3116
25 29 14.3116
25 30 14.3116
25 31 14.3116
25 32 14.3116
25 33 14.3116
25 34 14.3116
25 35 14.3116
25 36 14.3116
25 37 14.3116
25 38 14.3116
25 39 14.3116
25 40 14.3116
25 41 14.3116
25 42 14.3116
25 43 14.3116
25 44 14.3116
25 45 14.3116
25 46 14.3116
25 47 14.3116
25 48 14.3116
25 49 14.3116
25 50 14.3116
25 51 14.3116
25 52 14.3116
25 53 14.3116
25 54 14.3116
25 55 14.3116
25 56 14.3116
25 57 14.3116
25 58 14.3116
25 59 14.3116
25 60 14.3116
25 61 14.3116
25 62 14.3116
25 63 14.3116
25 64 14.313
25 65 14.313
25 66 14.313
25 67 14.313
25 68 14.313
25 69 14.313
25 70 14.313
25 71 14.313
25 72 14.313
25 73 14.313
25 74 14.313
25 75 14.313
25 76 14.313
25 77 14.313
25 78 14.313
25 79 14.3217
25 80 14.327
25 81 14.399
25 82 14.6058
25 83 14.636
25 84 14.636
25 85 14.6405
25 86 14.6405
25 87 14.6405
25 88 14.6405
25 89 14.6405
25 90 14.7026
25 91 14.7925
25 92 14.7986
25 93 14.7986
25 94 14.8316
25 95 15.044
25 96 15.0908
25 97 15.0908
25 98 15.0908
25 99 15.0908
25 100 15.3161
25 101 15.3535
25 102 15.3564
25 103 15.6037
25 104 15.6235
25 105 15.6235
25 106 15.6487
25 107 15.6588
25 108 15.6685
25 109 15.7324
25 110 15.7478
25 111 15.8602
25 112 15.9061
25 113 15.9183
25 114 15.9198
25 115 15.9638
25 116 15.9765
25 117 16.0001
25 118 16.0001
25 119 16.1447
25 120 16.2453
25 121 16.2722
25 122 16.3194
25 123 16.3336
25 124 16.4487
25 125 16.4515
25 126 16.5594
25 127 16.6276
25 128 16.6853
25 129 16.8136
25 130 16.8668
25 131 16.9468
25 132 17.0971
25 133 17.1765
25 134 17.2496
25 135 17.266
25 136 17.3987
25 137 17.4916
25 138 17.4997
25 139 17.5282
25 140 17.5762
25 141 17.649
25 142 17.8738
25 143 17.9136
25 144 17.9811
25 145 17.9986
25 146 18.0215
25 147 18.1006
25 148 18.121
25 149 18.2324
25 150 18.2518
25 151 18.4908
25 152 18.6343
25 153 18.8835
25 154 18.9111
25 155 18.919
25 156 19.0124
25 157 19.0596
25 158 19.3119
25 159 19.3856
25 160 19.5277
25 161 19.548
25 162 19.8041
25 163 19.8075
25 164 19.8562
25 165 19.9383
25 166 19.9594
25 167 20.026
25 168 20.0705
25 169 20.1486
25 170 20.2542
25 171 20.2558
25 172 20.3767
25 173 20.4324
25 174 20.517
25 175 20.5203
25 176 20.6467
25 177 20.6652
25 178 20.8865
25 179 20.9966
25 180 20.9975
25 181 21.0703
25 182 21.3836
25 183 21.6074
25 184 21.6529
25 185 21.6958
25 186 21.9536
25 187 22.1182
25 188 22.1357
25 189 22.2777
25 190 22.4049
25 191 22.5693
25 192 22.7067
25 193 22.8246
25 194 22.9309
25 195 23.2626
25 196 23.65
25 197 23.7499
25 198 25.3609
25 199 26.6898
26 0 13.6761 1 24 30 4 23 29 17 2 15 21 8 14 10 12 13 3 7 33 32 34 6 18 16 9 20 25 27 5 28 31 11 26 22 19 1 
26 1 13.6761
26 2 13.6761
26 3 13.6761
26 4 13.6761
26 5 13.6761
26 6 13.6761
26 7 13.6761
26 8 13.6761
26 9 13.6761
26 10 13.6761
26 11 13.6761
26 12 13.6761
26 13 13.6761
26 14 13.6761
26 15 13.6761
26 16 13.6761
26 17 13.715
26 18 13.7208
26 19 13.8972
26 20 13.8972
26 21 13.8972
26 22 13.8972
26 23 13.8972
26 24 13.9222
26 25 13.9246
26 26 13.9246
26 27 13.9246
26 28 13.9246
26 29 14.0817
26 30 14.2343
26 31 14.2376
26 32 14.2543
26 33 14.2543
26 34 14.2543
26 35 14.2543
26 36 14.2543
26 37 14.2543
26 38 14.2543
26 39 14.2543
26 40 14.2543
26 41 14.2543
26 42 14.2543
26 43 14.2862
26 44 14.2963
26 45 14.3116
26 46 14.3116
26 47 14.3116
26 48 14.3116
26 49 14.3116
26 50 14.3116
26 51 14.3116
26 52 14.3116
26 53 14.3116
26 54 14.3116
26 55 14.3116
26 56 14.3116
26 57 14.3116
26 58 14.3116
26 59 14.3116
26 60 14.3116
26 61 14.3116
26 62 14.3116
26 63 14.3116
26 64 14.3116
26 65 14.3116
26 66 14.3116
26 67 14.313
26 68 14.313
26 69 14.313
26 70 14.313
26 71 14.313
26 72 14.313
26 73 14.4744
26 74 14.4885
26 75 14.5
26 76 14.5072
26 77 14.5969
26 78 14.6058
26 79 14.6058
26 80 14.636
26 81 14.6405
26 82 14.6755
26 83 14.7396
26 84 14.792
26 85 14.879
26 86 14.8968
26 87 15.0338
26 88 15.0908
26 89 15.0908
26 90 15.1135
26 91 15.4126
26 92 15.4126
26 93 15.4235
26 94 15.4235
26 95 15.4554
26 96 15.4554
26 97 15.533
26 98 15.6588
26 99 15.9061
26 100 15.9198
26 101 15.9357
26 102 15.9638
26 103 16.0001
26 104 16.0235
26 105 16.0968
26 106 16.1
26 107 16.1002
26 108 16.2453
26 109 16.2502
26 110 16.2816
26 111 16.3242
26 112 16.335
26 113 16.3906
26 114 16.412
26 115 16.4178
26 116 16.4515
26 117 16.455
26 118 16.4662
26 119 16.4727
26 120 16.5022
26 121 16.5331
26 122 16.5594
26 123 16.565
26 124 16.5856
26 125 16.6051
26 126 16.6853
26 127 16.7182
26 128 16.7774
26 129 16.7852
26 130 16.7881
26 131 16.8538
26 132 16.8803
26 133 16.8991
26 134 16.9466
26 135 16.9482
26 136 17.0904
26 137 17.0971
26 138 17.1901
26 139 17.2222
26 140 17.3677
26 141 17.4569
26 142 17.4898
26 143 17.4997
26 144 17.5156
26 145 17.5282
26 146 17.5865
26 147 17.6151
26 148 17.6321
26 149 17.728
26 150 17.7646
26 151 17.8995
26 152 17.9311
26 153 18.0215
26 154 18.0215
26 155 18.0608
26 156 18.1011
26 157 18.3103
26 158 18.3904
26 159 18.8536
26 160 18.9111
26 161 18.9688
26 162 18.9717
26 163 19.0274
26 164 19.0338
26 165 19.0465
26 166 19.3582
26 167 19.3643
26 168 19.4761
26 169 19.5816
26 170 19.6402
26 171 19.6785
26 172 19.7136
26 173 19.7435
26 174 19.8562
26 175 20.4324
26 176 20.5924
26 177 20.6566
26 178 20.8805
26 179 20.8924
26 180 20.946
26 181 21.1638
26 182 21.3734
26 183 21.399
26 184 21.5043
26 185 21.6074
26 186 21.7436
26 187 22.0627
26 188 22.1182
26 189 22.3231
26 190 22.6459
26 191 22.725
26 192 23.0756
26 193 23.785
26 194 23.8507
26 195 24.5086
26 196 24.5359
26 197 24.6614
26 198 25.4863
26 199 28.5649
27 0 13.2151 1 24 30 4 23 29 17 2 15 21 8 14 10 12 13 3 7 33 25 27 5 28 31 11 20 32 34 6 18 16 9 26 22 19 1 
27 1 13.4992
27 2 13.4992
27 3 13.6761
27 4 13.6761
27 5 13.6761
27 6 13.6761
27 7 13.6761
27 8 13.6761
27 9 13.6761
27 10 13.6761
27 11 13.6761
27 12 13.6761
27 13 13.6761
27 14 13.6761
27 15 13.6761
27 16 13.6761
27 17 13.6761
27 18 13.6761
27 19 13.6761
27 20 13.6761
27 21 13.6761
27 22 13.6761
27 23 13.6761
27 24 13.6761
27 25 13.6761
27 26 13.6761
27 27 13.6761
27 28 13.6761
27 29 13.6761
27 30 13.6761
27 31 13.6761
27 32 13.6761
27 33 13.6761
27 34 13.6761
27 35 13.6761
27 36 13.6761
27 37 13.6761
27 38 13.6761
27 39 13.6761
27 40 13.6761
27 41 13.6761
27 42 13.6761
27 43 13.6761
27 44 13.6761
27 45 13.715
27 46 13.8329
27 47 13.8644
27 48 13.8972
27 49 13.8972
27 50 13.8972
27 51 13.9097
27 52 13.9222
27 53 13.9246
27 54 13.9246
27 55 13.9246
27 56 14.0472
27 57 14.0831
27 58 14.2343
27 59 14.2543
27 60 14.2543
27 61 14.2543
27 62 14.2543
27 63 14.2543
27 64 14.2543
27 65 14.255
27 66 14.3116
27 67 14.3116
27 68 14.3116
27 69 14.3116
27 70 14.3116
27 71 14.3116
27 72 14.3116
27 73 14.3116
27 74 14.5839
27 75 14.6058
27 76 14.6374
27 77 14.6803
27 78 14.7215
27 79 14.777
27 80 14.9049
27 81 14.9332
27 82 14.9935
27 83 15.0908
27 84 15.1135
27 85 15.1507
27 86 15.3228
27 87 15.3611
27 88 15.3936
27 89 15.4126
27 90 15.4235
27 91 15.4554
27 92 15.5679
27 93 15.5814
27 94 15.6757
27 95 15.9108
27 96 15.9226
27 97 15.9638
27 98 15.9638
27 99 16.0001
27 100 16.1518
27 101 16.1775
27 102 16.305
27 103 16.3136
27 104 16.3336
27 105 16.3497
27 106 16.3536
27 107 16.455
27 108 16.4727
27 109 16.4788
27 110 16.5025
27 111 16.5046
27 112 16.565
27 113 16.5743
27 114 16.5874
27 115 16.6853
27 116 16.6952
27 117 16.7421
27 118 16.7929
27 119 16.8117
27 120 16.9432
27 121 17.0307
27 122 17.075
27 123 17.1765
27 124 17.1765
27 125 17.3536
27 126 17.4504
27 127 17.4569
27 128 17.5087
27 129 17.5282
27 130 17.568
27 131 17.6577
27 132 17.6619
27 133 17.6738
27 134 17.7646
27 135 17.8027
27 136 17.8224
27 137 17.8935
27 138 17.9997
27 139 18.0734
27 140 18.3206
27 141 18.3331
27 142 18.3548
27 143 18.3822
27 144 18.4437
27 145 18.4675
27 146 18.4926
27 147 18.4944
27 148 18.5136
27 149 18.5281
27 150 18.5919
27 151 18.6438
27 152 18.696
27 153 18.7109
27 154 18.7814
27 155 18.8536
27 156 18.8536
27 157 19.0526
27 158 19.0526
27 159 19.1174
27 160 19.1556
27 161 19.2135
27 162 19.3643
27 163 19.5027
27 164 19.515
27 165 19.7087
27 166 19.8953
27 167 19.9286
27 168 20.1327
27 169 20.1389
27 170 20.2562
27 171 20.5197
27 172 20.5924
27 173 20.6848
27 174 20.7119
27 175 20.8792
27 176 20.8853
27 177 20.8924
27 178 20.927
27 179 21.1381
27 180 21.3757
27 181 21.4381
27 182 21.491
27 183 21.5043
27 184 21.8392
27 185 22.0627
27 186 22.3371
27 187 22.725
27 188 22.8088
27 189 22.8484
27 190 22.8993
27 191 22.9157
27 192 23.06
27 193 23.5526
27 194 23.9555
27 195 25.0505
27 196 25.0805
27 197 26.4046
27 198 26.5418
27 199 27.0212
28 0 12.877 1 24 30 4 23 29 17 2 15 21 8 14 10 12 13 3 7 33 32 34 6 18 25 27 5 28 31 11 20 16 9 26 22 19 1 
28 1 13.2055
28 2 13.2151
28 3 13.2151
28 4 13.2151
28 5 13.2151
28 6 13.2151
28 7 13.2151
28 8 13.2151
28 9 13.2151
28 10 13.2151
28 11 13.2151
28 12 13.2151
28 13 13.2151
28 14 13.2151
28 15 13.2151
28 16 13.2151
28 17 13.2151
28 18 13.2151
28 19 13.2151
28 20 13.2151
28 21 13.2492
28 22 13.3049
28 23 13.4992
28 24 13.4992
28 25 13.4992
28 26 13.4992
28 27 13.4992
28 28 13.6634
28 29 13.6761
28 30 13.6761
28 31 13.6761
28 32 13.6761
28 33 13.6761
28 34 13.6761
28 35 13.6761
28 36 13.6761
28 37 13.6761
28 38 13.6761
28 39 13.6761
28 40 13.6761
28 41 13.6761
28 42 13.6761
28 43 13.6761
28 44 13.6761
28 45 13.6761
28 46 13.6761
28 47 13.6761
28 48 13.6761
28 49 13.6761
28 50 13.6761
28 51 13.6761
28 52 13.6761
28 53 13.6761
28 54 13.6761
28 55 13.6761
28 56 13.6761
28 57 13.6761
28 58 13.6761
28 59 13.6761
28 60 13.6761
28 61 13.6761
28 62 13.6761
28 63 13.6761
28 64 13.6761
28 65 13.6761
28 66 13.6761
28 67 13.8644
28 68 13.9246
28 69 13.9246
28 70 14.0413
28 71 14.0672
28 72 14.0818
28 73 14.0818
28 74 14.0831
28 75 14.1348
28 76 14.1689
28 77 14.2453
28 78 14.2543
28 79 14.2543
28 80 14.2543
28 81 14.255
28 82 14.3116
28 83 14.3116
28 84 14.313
28 85 14.3606
28 86 14.5839
28 87 14.7211
28 88 14.7215
28 89 14.777
28 90 14.7971
28 91 14.8237
28 92 14.9381
28 93 14.9694
28 94 14.9694
28 95 14.9935
28 96 15.0315
28 97 15.0604
28 98 15.0908
28 99 15.1135
28 100 15.1662
28 101 15.2593
28 102 15.2725
28 103 15.3227
28 104 15.3474
28 105 15.3517
28 106 15.3517
28 107 15.3936
28 108 15.3936
28 109 15.4273
28 110 15.4554
28 111 15.5901
28 112 15.7536
28 113 15.8921
28 114 15.9134
28 115 15.9357
28 116 15.9748
28 117 15.9996
28 118 16.0327
28 119 16.1332
28 120 16.2381
28 121 16.305
28 122 16.3112
28 123 16.3145
28 124 16.3497
28 125 16.4788
28 126 16.5018
28 127 16.5046
28 128 16.5717
28 129 16.6276
28 130 16.6595
28 131 16.6853
28 132 16.6952
28 133 16.6958
28 134 16.7009
28 135 16.7098
28 136 16.7143
28 137 16.7421
28 138 16.7421
28 139 16.7572
28 140 16.9363
28 141 17.0307
28 142 17.2287
28 143 17.2708
28 144 17.3677
28 145 17.4384
28 146 17.519
28 147 17.5252
28 148 17.5731
28 149 17.7119
28 150 17.7646
28 151 17.7917
28 152 17.8867
28 153 17.8935
28 154 18.075
28 155 18.1337
28 156 18.3331
28 157 18.3953
28 158 18.4926
28 159 18.8536
28 160 18.8653
28 161 19.0309
28 162 19.0355
28 163 19.0526
28 164 19.1238
28 165 19.1451
28 166 19.2137
28 167 19.2418
28 168 19.2874
28 169 19.4155
28 170 19.4467
28 171 19.4564
28 172 19.4742
28 173 19.4783
28 174 19.4825
28 175 19.5392
28 176 19.619
28 177 19.7267
28 178 19.7604
28 179 19.8228
28 180 19.9563
28 181 19.9878
28 182 20.0125
28 183 20.4477
28 184 20.5197
28 185 20.8633
28 186 21.3678
28 187 21.4481
28 188 21.491
28 189 22.0551
28 190 22.6468
28 191 22.7702
28 192 22.8797
28 193 23.0293
28 194 24.1339
28 195 26.0166
28 196 26.3875
28 197 26.4457
28 198 26.8722
28 199 31.04
29 0 12.877 1 24 30 4 23 29 17 2 15 21 8 14 10 12 13 3 7 33 32 34 6 18 25 27 5 28 31 11 20 16 9 26 22 19 1 
29 1 12.877
29 2 12.877
29 3 12.877
29 4 12.877
29 5 12.877
29 6 12.877
29 7 12.877
29 8 12.877
29 9 12.877
29 10 12.877
29 11 12.877
29 12 12.877
29 13 12.877
29 14 12.877
29 15 12.877
29 16 12.877
29 17 12.877
29 18 12.877
29 19 12.9795
29 20 13.2055
29 21 13.2055
29 22 13.2055
29 23 13.2055
29 24 13.2055
29 25 13.2055
29 26 13.2055
29 27 13.2055
29 28 13.2055
29 29 13.207
29 30 13.2076
29 31 13.2151
29 32 13.2151
29 33 13.2151
29 34 13.2151
29 35 13.2151
29 36 13.2151
29 37 13.2151
29 38 13.2151
29 39 13.2151
29 40 13.2151
29 41 13.2151
29 42 13.2151
29 43 13.2151
29 44 13.2151
29 45 13.2151
29 46 13.2151
29 47 13.2151
29 48 13.2151
29 49 13.2151
29 50 13.2151
29 51 13.2151
29 52 13.2151
29 53 13.2151
29 54 13.2151
29 55 13.2151
29 56 13.2151
29 57 13.2151
29 58 13.2151
29 59 13.2151
29 60 13.2151
29 61 13.2151
29 62 13.2151
29 63 13.2151
29 64 13.2151
29 65 13.2151
29 66 13.2151
29 67 13.2151
29 68 13.2151
29 69 13.2492
29 70 13.2492
29 71 13.3049
29 72 13.3085
29 73 13.3426
29 74 13.4792
29 75 13.4992
29 76 13.6634
29 77 13.6634
29 78 13.6761
29 79 13.6761
29 80 13.6761
29 81 13.6761
29 82 13.6761
29 83 13.6761
29 84 13.6761
29 85 13.6761
29 86 13.6761
29 87 13.6761
29 88 13.6761
29 89 13.6761
29 90 13.6761
29 91 13.6761
29 92 13.6761
29 93 13.6761
29 94 13.7318
29 95 13.7405
29 96 13.8114
29 97 13.8812
29 98 13.9356
29 99 13.9735
29 100 14.0497
29 101 14.0672
29 102 14.1732
29 103 14.2606
29 104 14.2969
29 105 14.3116
29 106 14.3822
29 107 14.7082
29 108 14.7837
29 109 14.8211
29 110 14.9694
29 111 14.9694
29 112 14.9935
29 113 14.9944
29 114 15.0344
29 115 15.0904
29 116 15.1348
29 117 15.175
29 118 15.2725
29 119 15.3225
29 120 15.3517
29 121 15.4273
29 122 15.4554
29 123 15.4554
29 124 15.5315
29 125 15.625
29 126 15.6706
29 127 15.7536
29 128 15.7819
29 129 15.8982
29 130 15.9652
29 131 16.0429
29 132 16.0638
29 133 16.0872
29 134 16.1332
29 135 16.2203
29 136 16.2381
29 137 16.2399
29 138 16.2415
29 139 16.3116
29 140 16.3302
29 141 16.4414
29 142 16.4729
29 143 16.627
29 144 16.6952
29 145 16.7143
29 146 16.7724
29 147 16.8689
29 148 16.8929
29 149 16.9249
29 150 16.985
29 151 17.4065
29 152 17.4149
29 153 17.4521
29 154 17.5083
29 155 17.5984
29 156 17.6225
29 157 17.6803
29 158 17.7917
29 159 17.8018
29 160 18.0374
29 161 18.0652
29 162 18.0902
29 163 18.1931
29 164 18.2989
29 165 18.3331
29 166 18.3331
29 167 18.3433
29 168 18.3617
29 169 18.6649
29 170 18.9114
29 171 19.0355
29 172 19.0526
29 173 19.1451
29 174 19.1851
29 175 19.2418
29 176 19.3068
29 177 19.3654
29 178 19.8653
29 179 19.8844
29 180 19.9032
29 181 19.908
29 182 19.9114
29 183 20.2921
29 184 20.2977
29 185 20.4318
29 186 20.5101
29 187 20.6359
29 188 20.7505
29 189 21.236
29 190 21.7437
29 191 21.8463
29 192 21.9078
29 193 23.0124
29 194 23.2264
29 195 23.6337
29 196 24.1591
29 197 25.2839
29 198 26.3492
29 199 26.6808
30 0 12.647 1 24 30 23 4 29 17 2 15 21 8 14 10 12 13 3 7 33 32 34 6 18 25 27 5 28 31 11 20 16 9 26 22 19 1 
30 1 12.7001
30 2 12.8228
30 3 12.877
30 4 12.877
30 5 12.877
30 6 12.877
30 7 12.877
30 8 12.877
30 9 12.877
30 10 12.877
30 11 12.877
30 12 12.877
30 13 12.877
30 14 12.877
30 15 12.877
30 16 12.877
30 17 12.877
30 18 12.877
30 19 12.877
30 20 12.877
30 21 12.877
30 22 12.877
30 23 12.877
30 24 12.877
30 25 12.877
30 26 12.877
30 27 12.877
30 28 12.877
30 29 12.877
30 30 12.877
30 31 12.877
30 32 12.877
30 33 12.877
30 34 12.877
30 35 12.877
30 36 12.877
30 37 12.877
30 38 12.877
30 39 12.877
30 40 12.877
30 41 12.877
30 42 12.877
30 43 12.877
30 44 12.877
30 45 12.877
30 46 12.877
30 47 12.877
30 48 12.877
30 49 12.877
30 50 12.877
30 51 12.877
30 52 12.877
30 53 12.877
30 54 12.877
30 55 12.877
30 56 12.877
30 57 12.877
30 58 12.877
30 59 12.877
30 60 12.877
30 61 12.877
30 62 12.877
30 63 12.877
30 64 12.877
30 65 13.1893
30 66 13.2044
30 67 13.2055
30 68 13.2055
30 69 13.2055
30 70 13.2055
30 71 13.207
30 72 13.2151
30 73 13.2151
30 74 13.2151
30 75 13.2151
30 76 13.2151
30 77 13.2151
30 78 13.2151
30 79 13.2151
30 80 13.2151
30 81 13.2151
30 82 13.2151
30 83 13.2151
30 84 13.2151
30 85 13.2151
30 86 13.2151
30 87 13.2492
30 88 13.2492
30 89 13.2601
30 90 13.2638
30 91 13.5397
30 92 13.6041
30 93 13.6634
30 94 13.6761
30 95 13.6761
30 96 13.6761
30 97 13.6761
30 98 13.6761
30 99 13.6761
30 100 13.6761
30 101 13.6761
30 102 13.6761
30 103 13.6761
30 104 13.6761
30 105 13.7925
30 106 13.9356
30 107 13.987
30 108 13.987
30 109 14.0007
30 110 14.002
30 111 14.0413
30 112 14.0497
30 113 14.3011
30 114 14.3096
30 115 14.3145
30 116 14.3364
30 117 14.5146
30 118 14.6361
30 119 14.6692
30 120 14.6705
30 121 14.7082
30 122 14.7146
30 123 14.7527
30 124 14.759
30 125 14.7746
30 126 14.8211
30 127 14.8683
30 128 14.8712
30 129 14.9728
30 130 14.9944
30 131 15.0904
30 132 15.2658
30 133 15.3535
30 134 15.4554
30 135 15.6354
30 136 15.7664
30 137 15.8062
30 138 15.9358
30 139 16.0289
30 140 16.1397
30 141 16.2399
30 142 16.2721
30 143 16.4024
30 144 16.4797
30 145 16.5263
30 146 16.5921
30 147 16.7152
30 148 16.7579
30 149 16.7724
30 150 16.8053
30 151 16.8689
30 152 16.9175
30 153 17.0563
30 154 17.0666
30 155 17.1878
30 156 17.2369
30 157 17.2928
30 158 17.2967
30 159 17.4521
30 160 17.471
30 161 17.4885
30 162 17.6525
30 163 17.7247
30 164 17.8018
30 165 18.2325
30 166 18.2989
30 167 18.3331
30 168 18.4685
30 169 18.6649
30 170 18.7348
30 171 18.8353
30 172 18.8444
30 173 18.8865
30 174 19.0148
30 175 19.1085
30 176 19.1628
30 177 19.4276
30 178 19.4457
30 179 19.6133
30 180 20.2295
30 181 20.3526
30 182 20.5243
30 183 20.6387
30 184 20.8516
30 185 21.0473
30 186 21.4929
30 187 21.5113
30 188 21.7437
30 189 21.8842
30 190 22.7601
30 191 23.1365
30 192 23.3529
30 193 23.4426
30 194 23.4657
30 195 23.586
30 196 23.8821
30 197 24.1591
30 198 25.2839
30 199 26.3492
31 0 12.6373 1 24 30 23 4 29 17 2 15 21 8 14 10 12 13 3 7 9 32 34 6 18 25 27 5 28 31 11 20 16 33 26 22 19 1 
31 1 12.647
31 2 12.647
31 3 12.647
31 4 12.647
31 5 12.647
31 6 12.647
31 7 12.647
31 8 12.647
31 9 12.647
31 10 12.647
31 11 12.647
31 12 12.647
31 13 12.647
31 14 12.647
31 15 12.647
31 16 12.647
31 17 12.647
31 18 12.647
31 19 12.647
31 20 12.647
31 21 12.647
31 22 12.647
31 23 12.647
31 24 12.647
31 25 12.647
31 26 12.647
31 27 12.647
31 28 12.647
31 29 12.647
31 30 12.7001
31 31 12.7001
31 32 12.7001
31 33 12.7053
31 34 12.8228
31 35 12.877
31 36 12.877
31 37 12.877
31 38 12.877
31 39 12.877
31 40 12.877
31 41 12.877
31 42 12.877
31 43 12.877
31 44 12.877
31 45 12.877
31 46 12.877
31 47 12.877
31 48 12.877
31 49 12.877
31 50 12.877
31 51 12.877
31 52 12.877
31 53 12.877
31 54 12.877
31 55 12.877
31 56 12.877
31 57 12.877
31 58 12.877
31 59 12.877
31 60 12.877
31 61 12.877
31 62 12.877
31 63 12.877
31 64 12.877
31 65 12.877
31 66 12.877
31 67 12.877
31 68 12.877
31 69 12.877
31 70 12.877
31 71 12.877
31 72 12.877
31 73 12.877
31 74 12.877
31 75 12.877
31 76 12.877
31 77 12.877
31 78 12.877
31 79 12.877
31 80 12.877
31 81 12.877
31 82 12.877
31 83 12.877
31 84 12.877
31 85 12.877
31 86 12.877
31 87 12.9695
31 88 13.1604
31 89 13.161
31 90 13.2044
31 91 13.2045
31 92 13.2055
31 93 13.2055
31 94 13.2151
31 95 13.2151
31 96 13.2151
31 97 13.2151
31 98 13.2151
31 99 13.2151
31 100 13.2292
31 101 13.2492
31 102 13.3037
31 103 13.4207
31 104 13.5206
31 105 13.6634
31 106 13.6761
31 107 13.6761
31 108 13.7333
31 109 13.8566
31 110 13.987
31 111 13.987
31 112 14.002
31 113 14.0497
31 114 14.1732
31 115 14.2443
31 116 14.3096
31 117 14.3145
31 118 14.5497
31 119 14.6064
31 120 14.6372
31 121 14.6743
31 122 14.9205
31 123 14.9334
31 124 15.2489
31 125 15.2856
31 126 15.3395
31 127 15.342
31 128 15.3704
31 129 15.5186
31 130 15.5596
31 131 15.5745
31 132 15.6122
31 133 15.6354
31 134 15.6546
31 135 15.8035
31 136 15.8562
31 137 15.9152
31 138 15.9161
31 139 15.9358
31 140 15.943
31 141 16.0116
31 142 16.1037
31 143 16.3412
31 144 16.3621
31 145 16.4133
31 146 16.4753
31 147 16.4995
31 148 16.5598
31 149 16.7326
31 150 16.7908
31 151 16.8342
31 152 16.8376
31 153 16.9013
31 154 16.9272
31 155 17.0747
31 156 17.1174
31 157 17.2928
31 158 17.2967
31 159 17.3319
31 160 17.4521
31 161 17.8018
31 162 17.8131
31 163 17.9334
31 164 17.9835
31 165 18.1644
31 166 18.3451
31 167 18.4789
31 168 18.5042
31 169 18.5364
31 170 18.7222
31 171 18.7816
31 172 18.8479
31 173 18.9727
31 174 19.0385
31 175 19.1062
31 176 19.7698
31 177 19.824
31 178 19.8266
31 179 19.9021
31 180 19.9573
31 181 20.5107
31 182 20.6216
31 183 20.6387
31 184 20.689
31 185 20.972
31 186 21.0901
31 187 21.7414
31 188 21.9329
31 189 22.0009
31 190 22.1085
31 191 22.2169
31 192 22.62
31 193 23.586
31 194 23.8821
31 195 24.4647
31 196 24.7106
31 197 25.6455
31 198 25.8167
31 199 30.9361
32 0 12.406 1 24 30 23 4 29 17 2 15 21 8 19 14 10 12 13 3 7 33 32 34 6 18 25 27 5 28 31 11 20 16 9 26 22 1 
32 1 12.4701
32 2 12.6373
32 3 12.6373
32 4 12.6373
32 5 12.6373
32 6 12.6373
32 7 12.6373
32 8 12.6373
32 9 12.6373
32 10 12.6373
32 11 12.6373
32 12 12.6373
32 13 12.6373
32 14 12.647
32 15 12.647
32 16 12.647
32 17 12.647
32 18 12.647
32 19 12.647
32 20 12.647
32 21 12.647
32 22 12.647
32 23 12.647
32 24 12.647
32 25 12.647
32 26 12.647
32 27 12.647
32 28 12.647
32 29 12.647
32 30 12.647
32 31 12.647
32 32 12.647
32 33 12.647
32 34 12.647
32 35 12.647
32 36 12.647
32 37 12.647
32 38 12.647
32 39 12.647
32 40 12.647
32 41 12.647
32 42 12.647
32 43 12.647
32 44 12.647
32 45 12.647
32 46 12.647
32 47 12.647
32 48 12.647
32 49 12.7001
32 50 12.7001
32 51 12.7001
32 52 12.7053
32 53 12.8228
32 54 12.8441
32 55 12.877
32 56 12.877
32 57 12.877
32 58 12.877
32 59 12.877
32 60 12.877
32 61 12.877
32 62 12.877
32 63 12.877
32 64 12.877
32 65 12.877
32 66 12.877
32 67 12.877
32 68 12.877
32 69 12.877
32 70 12.877
32 71 12.877
32 72 12.877
32 73 12.877
32 74 12.877
32 75 12.877
32 76 12.877
32 77 12.877
32 78 12.877
32 79 12.877
32 80 12.877
32 81 12.877
32 82 12.877
32 83 12.877
32 84 12.9745
32 85 12.9755
32 86 13.0028
32 87 13.0242
32 88 13.0427
32 89 13.1636
32 90 13.1956
32 91 13.2055
32 92 13.2151
32 93 13.2151
32 94 13.4461
32 95 13.4858
32 96 13.5058
32 97 13.6071
32 98 13.6186
32 99 13.7934
32 100 13.8566
32 101 14.002
32 102 14.3145
32 103 14.3364
32 104 14.4887
32 105 14.5265
32 106 14.5265
32 107 14.5539
32 108 14.6372
32 109 14.6372
32 110 14.6743
32 111 14.6797
32 112 14.6905
32 113 14.7758
32 114 14.8259
32 115 14.8957
32 116 14.898
32 117 14.9868
32 118 15.0654
32 119 15.1053
32 120 15.1095
32 121 15.1594
32 122 15.2489
32 123 15.2489
32 124 15.2794
32 125 15.3704
32 126 15.3704
32 127 15.5742
32 128 15.6546
32 129 15.6831
32 130 15.6853
32 131 15.6906
32 132 15.7102
32 133 15.8769
32 134 15.8784
32 135 15.9152
32 136 16.0154
32 137 16.0857
32 138 16.0939
32 139 16.2598
32 140 16.2607
32 141 16.3093
32 142 16.3162
32 143 16.3291
32 144 16.3462
32 145 16.4358
32 146 16.4426
32 147 16.4797
32 148 16.5096
32 149 16.6147
32 150 16.7154
32 151 16.7326
32 152 16.8391
32 153 16.9084
32 154 16.9712
32 155 17.2904
32 156 17.2928
32 157 17.3876
32 158 17.5438
32 159 17.5957
32 160 17.6234
32 161 17.7532
32 162 17.9492
32 163 18.0942
32 164 18.1644
32 165 18.2154
32 166 18.3501
32 167 18.3724
32 168 18.4789
32 169 18.6944
32 170 18.7816
32 171 18.8003
32 172 18.8046
32 173 18.9727
32 174 19.0231
32 175 19.065
32 176 19.3092
32 177 19.3598
32 178 19.6103
32 179 19.6297
32 180 19.8266
32 181 19.8927
32 182 19.9017
32 183 19.9573
32 184 20.1405
32 185 20.2886
32 186 20.35
32 187 20.5107
32 188 20.972
32 189 21.2426
32 190 21.4828
32 191 21.5141
32 192 21.6709
32 193 21.7414
32 194 22.0212
32 195 23.4508
32 196 23.6986
32 197 24.4647
32 198 26.0395
32 199 28.5464
33 0 12.0794 1 24 30 17 4 29 23 2 15 21 8 19 14 10 12 13 3 7 33 32 34 6 18 25 27 5 28 31 11 20 16 9 26 22 1 
33 1 12.406
33 2 12.406
33 3 12.406
33 4 12.406
33 5 12.406
33 6 12.406
33 7 12.406
33 8 12.406
33 9 12.406
33 10 12.406
33 11 12.406
33 12 12.406
33 13 12.406
33 14 12.406
33 15 12.4701
33 16 12.4701
33 17 12.4701
33 18 12.5082
33 19 12.6373
33 20 12.6373
33 21 12.6373
33 22 12.6373
33 23 12.6373
33 24 12.6373
33 25 12.6373
33 26 12.6373
33 27 12.6373
33 28 12.6373
33 29 12.6373
33 30 12.6373
33 31 12.6373
33 32 12.6373
33 33 12.6373
33 34 12.6373
33 35 12.6373
33 36 12.6373
33 37 12.6373
33 38 12.6373
33 39 12.6373
33 40 12.6377
33 41 12.647
33 42 12.647
33 43 12.647
33 44 12.647
33 45 12.647
33 46 12.647
33 47 12.647
33 48 12.647
33 49 12.647
33 50 12.647
33 51 12.647
33 52 12.647
33 53 12.647
33 54 12.647
33 55 12.647
33 56 12.647
33 57 12.647
33 58 12.647
33 59 12.647
33 60 12.647
33 61 12.647
33 62 12.647
33 63 12.647
33 64 12.7001
33 65 12.7001
33 66 12.7455
33 67 12.8672
33 68 12.877
33 69 12.877
33 70 12.877
33 71 12.877
33 72 12.877
33 73 12.877
33 74 12.877
33 75 12.877
33 76 12.877
33 77 12.877
33 78 12.877
33 79 12.877
33 80 12.877
33 81 12.8977
33 82 12.9242
33 83 13.0581
33 84 13.099
33 85 13.1379
33 86 13.2055
33 87 13.4858
33 88 13.5072
33 89 13.596
33 90 13.6085
33 91 13.6924
33 92 13.8203
33 93 13.9365
33 94 14.002
33 95 14.0473
33 96 14.0564
33 97 14.1349
33 98 14.2515
33 99 14.3206
33 100 14.4048
33 101 14.4408
33 102 14.5265
33 103 14.7457
33 104 14.8183
33 105 14.8925
33 106 14.8957
33 107 14.9878
33 108 15.0139
33 109 15.0189
33 110 15.1053
33 111 15.1053
33 112 15.1053
33 113 15.1056
33 114 15.122
33 115 15.1224
33 116 15.3181
33 117 15.4371
33 118 15.4827
33 119 15.5121
33 120 15.533
33 121 15.6135
33 122 15.6831
33 123 15.7369
33 124 15.8385
33 125 15.9125
33 126 15.9789
33 127 16.0385
33 128 16.0811
33 129 16.0961
33 130 16.1383
33 131 16.2453
33 132 16.2497
33 133 16.2607
33 134 16.2726
33 135 16.3162
33 136 16.3291
33 137 16.385
33 138 16.4426
33 139 16.4761
33 140 16.4941
33 141 16.5258
33 142 16.5731
33 143 16.6166
33 144 16.7134
33 145 16.7229
33 146 16.8164
33 147 16.8302
33 148 16.8987
33 149 17.1204
33 150 17.2046
33 151 17.2503
33 152 17.2904
33 153 17.3248
33 154 17.3946
33 155 17.4462
33 156 17.6005
33 157 17.6223
33 158 17.7532
33 159 17.9142
33 160 18.0393
33 161 18.0827
33 162 18.0827
33 163 18.1084
33 164 18.2888
33 165 18.403
33 166 18.4789
33 167 18.6393
33 168 18.659
33 169 18.7213
33 170 18.7288
33 171 18.7609
33 172 18.909
33 173 19.1251
33 174 19.1464
33 175 19.1574
33 176 19.1825
33 177 19.3205
33 178 19.3598
33 179 19.4594
33 180 19.608
33 181 19.6561
33 182 19.8044
33 183 19.8266
33 184 19.8266
33 185 19.8927
33 186 20.1872
33 187 20.2761
33 188 20.896
33 189 21.2184
33 190 21.4828
33 191 21.7938
33 192 22.1403
33 193 22.7756
33 194 22.9599
33 195 23.124
33 196 23.6071
33 197 24.0214
33 198 25.8232
33 199 25.9133
34 0 11.9808 1 24 30 17 4 29 23 2 15 21 8 19 14 10 12 13 22 26 9 16 20 11 31 28 5 27 25 18 6 34 32 33 7 3 1 
34 1 12.0696
34 2 12.0794
34 3 12.0794
34 4 12.0794
34 5 12.0794
34 6 12.0794
34 7 12.0794
34 8 12.0794
34 9 12.0794
34 10 12.0794
34 11 12.0794
34 12 12.0794
34 13 12.0794
34 14 12.0794
34 15 12.0794
34 16 12.0794
34 17 12.0794
34 18 12.0794
34 19 12.0794
34 20 12.0794
34 21 12.3442
34 22 12.406
34 23 12.406
34 24 12.406
34 25 12.406
34 26 12.406
34 27 12.406
34 28 12.406
34 29 12.406
34 30 12.406
34 31 12.406
34 32 12.406
34 33 12.406
34 34 12.406
34 35 12.406
34 36 12.406
34 37 12.406
34 38 12.406
34 39 12.406
34 40 12.406
34 41 12.406
34 42 12.406
34 43 12.406
34 44 12.406
34 45 12.406
34 46 12.406
34 47 12.406
34 48 12.406
34 49 12.406
34 50 12.406
34 51 12.406
34 52 12.4278
34 53 12.4558
34 54 12.4701
34 55 12.4813
34 56 12.5082
34 57 12.5082
34 58 12.5576
34 59 12.6023
34 60 12.636
34 61 12.6373
34 62 12.6373
34 63 12.6373
34 64 12.6373
34 65 12.6373
34 66 12.6373
34 67 12.6373
34 68 12.6373
34 69 12.6373
34 70 12.6373
34 71 12.6373
34 72 12.6373
34 73 12.6377
34 74 12.647
34 75 12.647
34 76 12.647
34 77 12.647
34 78 12.647
34 79 12.647
34 80 12.647
34 81 12.647
34 82 12.647
34 83 12.647
34 84 12.7001
34 85 12.7872
34 86 12.8007
34 87 12.8672
34 88 12.877
34 89 12.877
34 90 12.877
34 91 12.877
34 92 13.0242
34 93 13.1138
34 94 13.1636
34 95 13.2055
34 96 13.2521
34 97 13.2647
34 98 13.6806
34 99 13.6924
34 100 13.7357
34 101 13.8184
34 102 13.8203
34 103 13.8269
34 104 13.9174
34 105 13.9224
34 106 13.9641
34 107 13.9641
34 108 14.002
34 109 14.0837
34 110 14.2617
34 111 14.2855
34 112 14.3048
34 113 14.4307
34 114 14.6414
34 115 14.7457
34 116 14.7579
34 117 14.7638
34 118 14.7865
34 119 14.9477
34 120 14.9728
34 121 14.9796
34 122 15.0139
34 123 15.0728
34 124 15.0946
34 125 15.1053
34 126 15.1224
34 127 15.2846
34 128 15.4371
34 129 15.4513
34 130 15.5121
34 131 15.6063
34 132 15.6223
34 133 15.6679
34 134 15.8496
34 135 15.9125
34 136 15.9583
34 137 16.0526
34 138 16.0631
34 139 16.11
34 140 16.2182
34 141 16.2453
34 142 16.2453
34 143 16.4083
34 144 16.4761
34 145 16.5258
34 146 16.5588
34 147 16.6372
34 148 16.8428
34 149 16.8448
34 150 16.8809
34 151 16.9063
34 152 16.9509
34 153 16.9509
34 154 16.9619
34 155 17.0395
34 156 17.51
34 157 17.511
34 158 17.5611
34 159 17.6067
34 160 17.611
34 161 17.7569
34 162 17.8223
34 163 17.9044
34 164 17.9603
34 165 18.0208
34 166 18.2742
34 167 18.3413
34 168 18.3571
34 169 18.403
34 170 18.4852
34 171 18.6107
34 172 18.7213
34 173 18.7245
34 174 18.7412
34 175 18.7601
34 176 18.8574
34 177 18.9632
34 178 19.0579
34 179 19.1574
34 180 19.2437
34 181 19.3493
34 182 19.5632
34 183 19.5697
34 184 19.608
34 185 19.6643
34 186 19.7183
34 187 19.8044
34 188 19.8465
34 189 20.6711
34 190 20.9218
34 191 21.1666
34 192 21.2442
34 193 21.4135
34 194 21.5513
34 195 21.6979
34 196 22.2739
34 197 22.4677
34 198 24.3604
34 199 29.3954
35 0 11.1015 1 24 30 17 4 29 23 2 15 21 8 19 14 10 12 13 22 26 3 7 9 33 32 34 6 18 25 27 5 28 31 11 20 16 1 
35 1 11.1558
35 2 11.6292
35 3 11.9808
35 4 11.9808
35 5 11.9808
35 6 11.9808
35 7 11.9808
35 8 11.9808
35 9 11.9808
35 10 11.9808
35 11 11.9808
35 12 11.9808
35 13 11.9808
35 14 11.9808
35 15 11.9808
35 16 11.9808
35 17 11.9808
35 18 12.0119
35 19 12.0675
35 20 12.0678
35 21 12.0696
35 22 12.0696
35 23 12.0696
35 24 12.0696
35 25 12.0794
35 26 12.0794
35 27 12.0794
35 28 12.0794
35 29 12.0794
35 30 12.0794
35 31 12.0794
35 32 12.0794
35 33 12.0794
35 34 12.0794
35 35 12.0794
35 36 12.0794
35 37 12.0794
35 38 12.0794
35 39 12.0794
35 40 12.0794
35 41 12.0794
35 42 12.0794
35 43 12.0794
35 44 12.0794
35 45 12.0794
35 46 12.0794
35 47 12.0794
35 48 12.0794
35 49 12.0794
35 50 12.0794
35 51 12.0794
35 52 12.0794
35 53 12.0794
35 54 12.0794
35 55 12.0794
35 56 12.0794
35 57 12.0794
35 58 12.1468
35 59 12.1468
35 60 12.1468
35 61 12.1731
35 62 12.1731
35 63 12.3204
35 64 12.3962
35 65 12.406
35 66 12.406
35 67 12.406
35 68 12.406
35 69 12.406
35 70 12.406
35 71 12.406
35 72 12.406
35 73 12.406
35 74 12.406
35 75 12.406
35 76 12.406
35 77 12.406
35 78 12.406
35 79 12.406
35 80 12.4352
35 81 12.4566
35 82 12.4701
35 83 12.5082
35 84 12.5082
35 85 12.5113
35 86 12.6373
35 87 12.6373
35 88 12.6373
35 89 12.647
35 90 12.7762
35 91 12.834
35 92 12.9064
35 93 12.9541
35 94 13.1275
35 95 13.2264
35 96 13.2383
35 97 13.3845
35 98 13.3914
35 99 13.4825
35 100 13.5308
35 101 13.6458
35 102 13.6979
35 103 13.723
35 104 13.7512
35 105 13.7512
35 106 13.774
35 107 13.7856
35 108 13.9259
35 109 14.0787
35 110 14.0837
35 111 14.0964
35 112 14.1081
35 113 14.1409
35 114 14.1782
35 115 14.1963
35 116 14.2855
35 117 14.3316
35 118 14.3649
35 119 14.42
35 120 14.4392
35 121 14.6295
35 122 14.6414
35 123 14.7378
35 124 14.8014
35 125 14.8705
35 126 14.933
35 127 14.9451
35 128 14.9532
35 129 14.9817
35 130 14.9878
35 131 15.0139
35 132 15.0934
35 133 15.1176
35 134 15.1574
35 135 15.2147
35 136 15.3352
35 137 15.3922
35 138 15.4371
35 139 15.514
35 140 15.7444
35 141 15.8232
35 142 15.8431
35 143 15.8528
35 144 16.1007
35 145 16.1134
35 146 16.1245
35 147 16.1429
35 148 16.1468
35 149 16.2573
35 150 16.4216
35 151 16.4218
35 152 16.4346
35 153 16.4761
35 154 16.6372
35 155 16.6966
35 156 16.784
35 157 16.8139
35 158 16.9509
35 159 16.9677
35 160 17.1045
35 161 17.1383
35 162 17.3369
35 163 17.3757
35 164 17.4781
35 165 17.7204
35 166 17.7445
35 167 17.9044
35 168 17.9603
35 169 18.0208
35 170 18.2434
35 171 18.3089
35 172 18.3727
35 173 18.4852
35 174 18.6032
35 175 18.6071
35 176 18.6592
35 177 18.6959
35 178 18.9571
35 179 19.2623
35 180 19.3058
35 181 19.3563
35 182 19.6791
35 183 19.8576
35 184 20.1854
35 185 20.1947
35 186 20.3351
35 187 20.6292
35 188 20.6711
35 189 20.6949
35 190 21.0599
35 191 21.1479
35 192 21.6163
35 193 21.7223
35 194 22.1579
35 195 22.4268
35 196 23.2371
35 197 24.6081
35 198 24.9077
35 199 25.8435
36 0 10.5374 1 24 30 17 4 29 23 2 15 21 8 19 14 10 12 13 22 26 3 7 9 33 32 34 6 18 25 27 5 28 31 16 20 11 1 
36 1 10.8661
36 2 11.1015
36 3 11.1015
36 4 11.1015
36 5 11.1015
36 6 11.1015
36 7 11.1015
36 8 11.1015
36 9 11.1015
36 10 11.1015
36 11 11.1015
36 12 11.1015
36 13 11.1015
36 14 11.1015
36 15 11.1015
36 16 11.1015
36 17 11.1015
36 18 11.1015
36 19 11.1015
36 20 11.1015
36 21 11.1015
36 22 11.1015
36 23 11.1015
36 24 11.1015
36 25 11.1015
36 26 11.1558
36 27 11.1558
36 28 11.1558
36 29 11.1558
36 30 11.1558
36 31 11.1558
36 32 11.1558
36 33 11.265
36 34 11.486
36 35 11.6292
36 36 11.6292
36 37 11.6292
36 38 11.8935
36 39 11.8983
36 40 11.9808
36 41 11.9808
36 42 11.9808
36 43 11.9808
36 44 11.9808
36 45 11.9808
36 46 11.9808
36 47 11.9808
36 48 11.9808
36 49 11.9808
36 50 11.9808
36 51 11.9808
36 52 11.9808
36 53 11.9808
36 54 11.9808
36 55 12.0073
36 56 12.0073
36 57 12.053
36 58 12.0675
36 59 12.0696
36 60 12.0696
36 61 12.0766
36 62 12.0794
36 63 12.0794
36 64 12.0794
36 65 12.0794
36 66 12.0794
36 67 12.0794
36 68 12.0794
36 69 12.0794
36 70 12.0794
36 71 12.0794
36 72 12.0841
36 73 12.1099
36 74 12.1899
36 75 12.3107
36 76 12.3204
36 77 12.331
36 78 12.3784
36 79 12.406
36 80 12.406
36 81 12.406
36 82 12.406
36 83 12.406
36 84 12.406
36 85 12.4478
36 86 12.5113
36 87 12.5161
36 88 12.6449
36 89 12.6449
36 90 12.7429
36 91 12.7491
36 92 12.7589
36 93 12.7762
36 94 12.7912
36 95 12.8022
36 96 12.8271
36 97 12.834
36 98 12.8741
36 99 12.9541
36 100 12.958
36 101 13.1216
36 102 13.1826
36 103 13.186
36 104 13.2111
36 105 13.2321
36 106 13.2405
36 107 13.3744
36 108 13.4048
36 109 13.4838
36 110 13.5701
36 111 13.6254
36 112 13.6458
36 113 13.7815
36 114 13.9106
36 115 13.9168
36 116 13.9259
36 117 13.9259
36 118 13.9606
36 119 13.9726
36 120 14.0057
36 121 14.0621
36 122 14.0787
36 123 14.1227
36 124 14.2002
36 125 14.2144
36 126 14.2182
36 127 14.3132
36 128 14.4859
36 129 14.5181
36 130 14.6295
36 131 14.6742
36 132 14.7124
36 133 14.7903
36 134 14.7941
36 135 14.8274
36 136 14.9532
36 137 14.9732
36 138 14.9878
36 139 14.9878
36 140 15.0934
36 141 15.1176
36 142 15.1195
36 143 15.1453
36 144 15.1758
36 145 15.2837
36 146 15.3255
36 147 15.3513
36 148 15.4186
36 149 15.6439
36 150 15.6676
36 151 15.7102
36 152 15.7139
36 153 15.7273
36 154 15.8159
36 155 15.8334
36 156 15.8643
36 157 15.8748
36 158 15.957
36 159 16.1134
36 160 16.1245
36 161 16.1821
36 162 16.2258
36 163 16.2411
36 164 16.6966
36 165 16.7197
36 166 16.909
36 167 16.9161
36 168 16.9377
36 169 17.1383
36 170 17.3369
36 171 17.4781
36 172 17.5304
36 173 17.7204
36 174 17.7567
36 175 17.7844
36 176 17.8964
36 177 18.0208
36 178 18.2691
36 179 18.6032
36 180 18.7317
36 181 18.827
36 182 19.0336
36 183 19.1922
36 184 19.2675
36 185 19.4539
36 186 19.5466
36 187 19.5743
36 188 19.6588
36 189 19.8436
36 190 19.9525
36 191 20.4857
36 192 20.6281
36 193 20.7519
36 194 21.0225
36 195 22.0312
36 196 22.8808
36 197 23.4429
36 198 23.9497
36 199 25.236
37 0 9.36868 1 24 30 17 4 29 23 2 15 21 8 19 14 10 12 13 22 26 3 7 9 33 32 16 20 34 6 18 25 27 5 28 31 11 1 
37 1 10.3474
37 2 10.5374
37 3 10.5374
37 4 10.5374
37 5 10.5374
37 6 10.5374
37 7 10.5374
37 8 10.5374
37 9 10.5374
37 10 10.5374
37 11 10.5374
37 12 10.5374
37 13 10.5374
37 14 10.5374
37 15 10.5374
37 16 10.5374
37 17 10.5374
37 18 10.5374
37 19 10.5374
37 20 10.5374
37 21 10.5374
37 22 10.5374
37 23 10.5374
37 24 10.7779
37 25 10.864
37 26 10.8661
37 27 10.8661
37 28 10.8661
37 29 10.8661
37 30 10.8661
37 31 10.8661
37 32 11.1012
37 33 11.1015
37 34 11.1015
37 35 11.1015
37 36 11.1015
37 37 11.1015
37 38 11.1015
37 39 11.1015
37 40 11.1015
37 41 11.1015
37 42 11.1015
37 43 11.1015
37 44 11.1015
37 45 11.1015
37 46 11.1015
37 47 11.1015
37 48 11.1015
37 49 11.1015
37 50 11.1015
37 51 11.1015
37 52 11.1015
37 53 11.1015
37 54 11.1015
37 55 11.1015
37 56 11.1015
37 57 11.1015
37 58 11.1015
37 59 11.1015
37 60 11.1015
37 61 11.1015
37 62 11.1015
37 63 11.1558
37 64 11.1558
37 65 11.1558
37 66 11.1558
37 67 11.1558
37 68 11.1558
37 69 11.4037
37 70 11.4135
37 71 11.4281
37 72 11.442
37 73 11.6292
37 74 11.6292
37 75 11.6292
37 76 11.7213
37 77 11.8294
37 78 11.9154
37 79 11.963
37 80 11.9808
37 81 11.9808
37 82 11.9808
37 83 11.9808
37 84 11.9808
37 85 11.9808
37 86 12.0675
37 87 12.0675
37 88 12.0763
37 89 12.0794
37 90 12.0794
37 91 12.0811
37 92 12.1099
37 93 12.1377
37 94 12.1581
37 95 12.1988
37 96 12.2225
37 97 12.2259
37 98 12.2491
37 99 12.3204
37 100 12.406
37 101 12.406
37 102 12.4297
37 103 12.6449
37 104 12.6706
37 105 12.8315
37 106 12.9082
37 107 13.1288
37 108 13.186
37 109 13.3069
37 110 13.4267
37 111 13.4649
37 112 13.4838
37 113 13.4838
37 114 13.7021
37 115 13.7289
37 116 13.7452
37 117 13.8309
37 118 13.8466
37 119 14.0057
37 120 14.0254
37 121 14.0728
37 122 14.0983
37 123 14.115
37 124 14.1227
37 125 14.1868
37 126 14.2002
37 127 14.2263
37 128 14.3132
37 129 14.3854
37 130 14.488
37 131 14.4967
37 132 14.6269
37 133 14.7723
37 134 14.7859
37 135 14.7941
37 136 14.8099
37 137 14.8274
37 138 14.9179
37 139 14.9878
37 140 15.0826
37 141 15.106
37 142 15.1758
37 143 15.1758
37 144 15.1981
37 145 15.2821
37 146 15.2837
37 147 15.3133
37 148 15.3255
37 149 15.3836
37 150 15.3912
37 151 15.5757
37 152 15.6294
37 153 15.6385
37 154 15.7087
37 155 16.0633
37 156 16.1491
37 157 16.177
37 158 16.1821
37 159 16.2458
37 160 16.2674
37 161 16.4123
37 162 16.5103
37 163 16.6279
37 164 16.7597
37 165 16.7788
37 166 17.0026
37 167 17.0861
37 168 17.1942
37 169 17.2008
37 170 17.4222
37 171 17.4783
37 172 17.6151
37 173 17.6914
37 174 17.7576
37 175 17.9362
37 176 17.9506
37 177 18.0584
37 178 18.1286
37 179 18.1334
37 180 18.3314
37 181 18.3609
37 182 18.4107
37 183 18.4811
37 184 18.4819
37 185 18.5185
37 186 18.7694
37 187 18.7941
37 188 18.827
37 189 18.8667
37 190 18.9507
37 191 19.0336
37 192 19.0336
37 193 19.0612
37 194 19.1453
37 195 19.6077
37 196 20.3142
37 197 20.5872
37 198 21.9204
37 199 22.4399
38 0 9.36868 1 24 30 17 4 29 23 2 15 21 8 19 14 10 12 13 22 26 3 7 9 33 32 16 20 34 6 18 25 27 5 28 31 11 1 
38 1 9.36868
38 2 9.36868
38 3 9.36868
38 4 9.36868
38 5 9.36868
38 6 9.36868
38 7 9.36868
38 8 9.36868
38 9 9.36868
38 10 9.36868
38 11 9.36868
38 12 9.36868
38 13 9.36868
38 14 9.36868
38 15 9.36868
38 16 9.36868
38 17 9.36868
38 18 9.37593
38 19 9.69654
38 20 10.0222
38 21 10.3321
38 22 10.3474
38 23 10.3474
38 24 10.3474
38 25 10.3474
38 26 10.3474
38 27 10.3474
38 28 10.3474
38 29 10.3474
38 30 10.3474
38 31 10.3474
38 32 10.3474
38 33 10.3505
38 34 10.3605
38 35 10.5374
38 36 10.5374
38 37 10.5374
38 38 10.5374
38 39 10.5374
38 40 10.5374
38 41 10.5374
38 42 10.5374
38 43 10.5374
38 44 10.5374
38 45 10.5374
38 46 10.5374
38 47 10.5374
38 48 10.5374
38 49 10.5374
38 50 10.5374
38 51 10.5374
38 52 10.5374
38 53 10.5374
38 54 10.5374
38 55 10.5374
38 56 10.5374
38 57 10.5374
38 58 10.5374
38 59 10.5374
38 60 10.5374
38 61 10.5374
38 62 10.5374
38 63 10.5413
38 64 10.6096
38 65 10.7587
38 66 10.7779
38 67 10.8023
38 68 10.8661
38 69 10.8661
38 70 10.8661
38 71 10.8661
38 72 10.8661
38 73 10.8661
38 74 10.942
38 75 11.0571
38 76 11.0997
38 77 11.1012
38 78 11.1012
38 79 11.1015
38 80 11.1015
38 81 11.1015
38 82 11.1015
38 83 11.1015
38 84 11.1015
38 85 11.1015
38 86 11.1015
38 87 11.1015
38 88 11.1015
38 89 11.4281
38 90 11.5304
38 91 11.5655
38 92 11.6419
38 93 11.8973
38 94 11.9739
38 95 11.9808
38 96 11.9808
38 97 12.0794
38 98 12.0794
38 99 12.1099
38 100 12.1588
38 101 12.2225
38 102 12.2534
38 103 12.2781
38 104 12.3934
38 105 12.409
38 106 12.4415
38 107 12.5872
38 108 12.6329
38 109 12.6605
38 110 12.6706
38 111 12.6706
38 112 12.6724
38 113 12.6966
38 114 12.698
38 115 12.7428
38 116 12.9082
38 117 12.9931
38 118 13.0832
38 119 13.1288
38 120 13.1499
38 121 13.2973
38 122 13.3069
38 123 13.4267
38 124 13.4838
38 125 13.6048
38 126 13.7342
38 127 13.8466
38 128 14.0096
38 129 14.0221
38 130 14.0426
38 131 14.0843
38 132 14.0865
38 133 14.1732
38 134 14.2263
38 135 14.2849
38 136 14.3812
38 137 14.3991
38 138 14.488
38 139 14.5008
38 140 14.5529
38 141 14.5545
38 142 14.5698
38 143 14.7958
38 144 14.8998
38 145 14.9251
38 146 15.0352
38 147 15.0689
38 148 15.187
38 149 15.1981
38 150 15.3422
38 151 15.354
38 152 15.3836
38 153 15.3836
38 154 15.3836
38 155 15.3912
38 156 15.5314
38 157 15.6351
38 158 15.7623
38 159 15.7925
38 160 15.872
38 161 15.9017
38 162 16.177
38 163 16.1895
38 164 16.3045
38 165 16.4123
38 166 16.7083
38 167 16.7587
38 168 16.7597
38 169 16.7788
38 170 17.5641
38 171 17.592
38 172 17.6151
38 173 17.7513
38 174 17.9233
38 175 18.093
38 176 18.3147
38 177 18.4352
38 178 18.4708
38 179 18.4811
38 180 18.5912
38 181 18.7901
38 182 18.829
38 183 18.8584
38 184 18.8963
38 185 18.9654
38 186 19.0612
38 187 19.3843
38 188 19.4318
38 189 19.6077
38 190 19.7115
38 191 20.1807
38 192 20.4276
38 193 20.634
38 194 20.7135
38 195 20.8261
38 196 21.2538
38 197 21.5316
38 198 21.8974
38 199 27.0559
39 0 9.16638 1 24 30 17 4 29 23 2 15 21 8 19 14 10 12 13 22 26 3 7 9 33 32 16 20 34 6 18 25 28 27 5 31 11 1 
39 1 9.36868
39 2 9.36868
39 3 9.36868
39 4 9.36868
39 5 9.36868
39 6 9.36868
39 7 9.36868
39 8 9.36868
39 9 9.36868
39 10 9.36868
39 11 9.36868
39 12 9.36868
39 13 9.36868
39 14 9.36868
39 15 9.36868
39 16 9.36868
39 17 9.36868
39 18 9.36868
39 19 9.36868
39 20 9.36868
39 21 9.36868
39 22 9.36868
39 23 9.36868
39 24 9.36868
39 25 9.36868
39 26 9.36868
39 27 9.36868
39 28 9.36868
39 29 9.36868
39 30 9.36868
39 31 9.36868
39 32 9.36868
39 33 9.36868
39 34 9.36868
39 35 9.36868
39 36 9.36868
39 37 9.36868
39 38 9.36868
39 39 9.36868
39 40 9.36868
39 41 9.36868
39 42 9.36868
39 43 9.36868
39 44 9.36868
39 45 9.36868
39 46 9.36868
39 47 9.36868
39 48 9.36868
39 49 9.36868
39 50 9.36869
39 51 9.37593
39 52 9.69654
39 53 10.0072
39 54 10.0222
39 55 10.2002
39 56 10.3474
39 57 10.3474
39 58 10.3474
39 59 10.3474
39 60 10.3474
39 61 10.3474
39 62 10.3474
39 63 10.3474
39 64 10.3474
39 65 10.3498
39 66 10.3505
39 67 10.3605
39 68 10.446
39 69 10.5374
39 70 10.5374
39 71 10.5374
39 72 10.5374
39 73 10.5374
39 74 10.5374
39 75 10.5374
39 76 10.5374
39 77 10.5374
39 78 10.5374
39 79 10.5374
39 80 10.6346
39 81 10.6759
39 82 10.8661
39 83 10.8661
39 84 10.8661
39 85 10.942
39 86 10.942
39 87 11.0997
39 88 11.1015
39 89 11.1015
39 90 11.1015
39 91 11.1015
39 92 11.1015
39 93 11.1015
39 94 11.11
39 95 11.1483
39 96 11.1579
39 97 11.2818
39 98 11.3141
39 99 11.4687
39 100 11.5157
39 101 11.5304
39 102 11.5304
39 103 11.5553
39 104 11.592
39 105 11.6292
39 106 11.6419
39 107 11.6585
39 108 11.884
39 109 11.9338
39 110 11.9808
39 111 12.0319
39 112 12.0777
39 113 12.1448
39 114 12.236
39 115 12.3491
39 116 12.3934
39 117 12.4033
39 118 12.409
39 119 12.4415
39 120 12.4885
39 121 12.5936
39 122 12.6605
39 123 12.6706
39 124 12.6706
39 125 12.7114
39 126 12.7177
39 127 12.7428
39 128 12.8898
39 129 12.9708
39 130 13.004
39 131 13.1058
39 132 13.1499
39 133 13.1727
39 134 13.2521
39 135 13.2801
39 136 13.3069
39 137 13.4003
39 138 13.4282
39 139 13.7852
39 140 13.8059
39 141 13.8668
39 142 13.9895
39 143 14.0025
39 144 14.008
39 145 14.0096
39 146 14.0221
39 147 14.0689
39 148 14.0893
39 149 14.3469
39 150 14.3479
39 151 14.4247
39 152 14.488
39 153 14.5405
39 154 14.7112
39 155 14.7501
39 156 14.7958
39 157 14.8175
39 158 14.8225
39 159 14.8288
39 160 14.8544
39 161 14.9418
39 162 15.0701
39 163 15.1115
39 164 15.1185
39 165 15.1981
39 166 15.2065
39 167 15.2311
39 168 15.2547
39 169 15.362
39 170 15.4444
39 171 15.464
39 172 15.5839
39 173 15.5973
39 174 15.6098
39 175 15.6302
39 176 15.6323
39 177 15.7458
39 178 16.0255
39 179 16.3045
39 180 16.4252
39 181 16.7587
39 182 16.7587
39 183 16.8398
39 184 16.9919
39 185 17.1976
39 186 17.3441
39 187 17.4826
39 188 17.4887
39 189 18.0745
39 190 18.1854
39 191 18.4352
39 192 18.4519
39 193 19.4318
39 194 19.7052
39 195 19.7115
39 196 22.5117
39 197 22.677
39 198 23.1951
39 199 23.3856
40 0 9.16638 1 24 30 17 4 29 23 2 15 21 8 19 14 10 12 13 22 26 3 7 9 33 32 16 20 34 6 18 25 28 27 5 31 11 1 
40 1 9.16638
40 2 9.16638
40 3 9.16638
40 4 9.16638
40 5 9.16638
40 6 9.16638
40 7 9.16638
40 8 9.16638
40 9 9.16638
40 10 9.16638
40 11 9.16638
40 12 9.16638
40 13 9.16638
40 14 9.16638
40 15 9.16638
40 16 9.16638
40 17 9.16638
40 18 9.16638
40 19 9.16638
40 20 9.16638
40 21 9.16638
40 22 9.16638
40 23 9.16638
40 24 9.19178
40 25 9.34181
40 26 9.34333
40 27 9.36706
40 28 9.36868
40 29 9.36868
40 30 9.36868
40 31 9.36868
40 32 9.36868
40 33 9.36868
40 34 9.36868
40 35 9.36868
40 36 9.36868
40 37 9.36868
40 38 9.36868
40 39 9.36868
40 40 9.36868
40 41 9.36868
40 42 9.36868
40 43 9.36868
40 44 9.36868
40 45 9.36868
40 46 9.36868
40 47 9.36868
40 48 9.36868
40 49 9.36868
40 50 9.36868
40 51 9.36868
40 52 9.36868
40 53 9.36868
40 54 9.36868
40 55 9.36868
40 56 9.36868
40 57 9.36868
40 58 9.36868
40 59 9.36868
40 60 9.36868
40 61 9.36868
40 62 9.36868
40 63 9.36868
40 64 9.36868
40 65 9.36868
40 66 9.36868
40 67 9.36868
40 68 9.36868
40 69 9.36868
40 70 9.36868
40 71 9.36868
40 72 9.36868
40 73 9.36868
40 74 9.36868
40 75 9.36868
40 76 9.36868
40 77 9.36868
40 78 9.36868
40 79 9.36868
40 80 9.36868
40 81 9.36868
40 82 9.36868
40 83 9.36868
40 84 9.36868
40 85 9.36868
40 86 9.36868
40 87 9.36868
40 88 9.36868
40 89 9.36868
40 90 9.36868
40 91 9.37593
40 92 10.0175
40 93 10.1324
40 94 10.2027
40 95 10.3066
40 96 10.3367
40 97 10.343
40 98 10.3474
40 99 10.3474
40 100 10.3474
40 101 10.3474
40 102 10.3505
40 103 10.362
40 104 10.446
40 105 10.5374
40 106 10.5374
40 107 10.5374
40 108 10.5374
40 109 10.6759
40 110 10.6759
40 111 10.8328
40 112 10.8661
40 113 10.8661
40 114 10.9652
40 115 10.9721
40 116 11.1015
40 117 11.1579
40 118 11.2361
40 119 11.3279
40 120 11.4687
40 121 11.4687
40 122 11.5157
40 123 11.5277
40 124 11.5304
40 125 11.5304
40 126 11.5519
40 127 11.5669
40 128 11.5726
40 129 11.5783
40 130 11.592
40 131 11.6585
40 132 11.884
40 133 11.998
40 134 12.0157
40 135 12.0319
40 136 12.0794
40 137 12.1022
40 138 12.1254
40 139 12.2754
40 140 12.3412
40 141 12.3748
40 142 12.6446
40 143 12.6527
40 144 12.6706
40 145 12.9794
40 146 12.9853
40 147 13.0106
40 148 13.1499
40 149 13.1727
40 150 13.2196
40 151 13.3099
40 152 13.5303
40 153 13.5327
40 154 13.5463
40 155 13.5596
40 156 13.7445
40 157 13.7957
40 158 14.1121
40 159 14.3479
40 160 14.488
40 161 14.5614
40 162 14.5812
40 163 14.7112
40 164 14.7244
40 165 14.9819
40 166 14.9928
40 167 14.9957
40 168 15.0347
40 169 15.0676
40 170 15.1275
40 171 15.1589
40 172 15.3011
40 173 15.422
40 174 15.464
40 175 15.5567
40 176 15.6302
40 177 15.6874
40 178 16.0481
40 179 16.3146
40 180 16.7525
40 181 16.7587
40 182 16.7787
40 183 16.9372
40 184 17.2839
40 185 17.7838
40 186 17.8561
40 187 18.3839
40 188 18.4629
40 189 18.6952
40 190 18.7854
40 191 18.8652
40 192 19.2435
40 193 19.5295
40 194 19.7842
40 195 19.9712
40 196 20.4655
40 197 20.7471
40 198 22.2601
40 199 25.8602
41 0 9.16638 1 24 30 17 4 29 23 2 15 21 8 19 14 10 12 13 22 26 3 7 9 33 32 16 20 34 6 18 25 28 27 5 31 11 1 
41 1 9.16638
41 2 9.16638
41 3 9.16638
41 4 9.16638
41 5 9.16638
41 6 9.16638
41 7 9.16638
41 8 9.16638
41 9 9.16638
41 10 9.16638
41 11 9.16638
41 12 9.16638
41 13 9.16638
41 14 9.16638
41 15 9.16638
41 16 9.16638
41 17 9.16638
41 18 9.16638
41 19 9.16638
41 20 9.16638
41 21 9.16638
41 22 9.16638
41 23 9.16638
41 24 9.16638
41 25 9.16638
41 26 9.16638
41 27 9.16638
41 28 9.16638
41 29 9.16638
41 30 9.16638
41 31 9.16638
41 32 9.16638
41 33 9.16638
41 34 9.16638
41 35 9.16638
41 36 9.16638
41 37 9.16638
41 38 9.16638
41 39 9.16638
41 40 9.16638
41 41 9.16638
41 42 9.16638
41 43 9.16638
41 44 9.16638
41 45 9.16638
41 46 9.16638
41 47 9.16638
41 48 9.16638
41 49 9.16638
41 50 9.16638
41 51 9.16638
41 52 9.16638
41 53 9.16638
41 54 9.16638
41 55 9.16638
41 56 9.16638
41 57 9.16638
41 58 9.16638
41 59 9.16638
41 60 9.16638
41 61 9.16638
41 62 9.34181
41 63 9.34181
41 64 9.34181
41 65 9.34181
41 66 9.34333
41 67 9.34333
41 68 9.36868
41 69 9.36868
41 70 9.36868
41 71 9.36868
41 72 9.36868
41 73 9.36868
41 74 9.36868
41 75 9.36868
41 76 9.36868
41 77 9.36868
41 78 9.36868
41 79 9.36868
41 80 9.36868
41 81 9.36868
41 82 9.36868
41 83 9.36868
41 84 9.36868
41 85 9.36868
41 86 9.36868
41 87 9.36868
41 88 9.36868
41 89 9.36868
41 90 9.36868
41 91 9.36868
41 92 9.36868
41 93 9.36868
41 94 9.36868
41 95 9.36868
41 96 9.36868
41 97 9.36868
41 98 9.36868
41 99 9.36868
41 100 9.36868
41 101 9.36868
41 102 9.36868
41 103 9.46719
41 104 9.80712
41 105 9.85882
41 106 9.93653
41 107 10.2148
41 108 10.2318
41 109 10.3321
41 110 10.335
41 111 10.3367
41 112 10.343
41 113 10.343
41 114 10.3474
41 115 10.3474
41 116 10.3989
41 117 10.5205
41 118 10.5374
41 119 10.6759
41 120 10.9753
41 121 11.085
41 122 11.1045
41 123 11.3154
41 124 11.353
41 125 11.4344
41 126 11.5157
41 127 11.5277
41 128 11.5277
41 129 11.5304
41 130 11.5726
41 131 11.7357
41 132 11.806
41 133 11.884
41 134 11.9253
41 135 12.0904
41 136 12.1242
41 137 12.1254
41 138 12.1271
41 139 12.162
41 140 12.1715
41 141 12.2754
41 142 12.4027
41 143 12.442
41 144 12.4612
41 145 12.4997
41 146 12.5003
41 147 12.5912
41 148 12.652
41 149 12.6544
41 150 12.8224
41 151 12.8424
41 152 13.0173
41 153 13.0429
41 154 13.1215
41 155 13.2024
41 156 13.3099
41 157 13.3822
41 158 13.4324
41 159 13.5681
41 160 13.7439
41 161 13.9753
41 162 14.0269
41 163 14.028
41 164 14.1078
41 165 14.379
41 166 14.4234
41 167 14.5152
41 168 14.7599
41 169 14.8518
41 170 14.8565
41 171 14.9502
41 172 14.9957
41 173 15.1988
41 174 15.2699
41 175 15.422
41 176 15.422
41 177 15.4347
41 178 15.4844
41 179 15.5132
41 180 15.5453
41 181 15.5839
41 182 15.6878
41 183 16.1081
41 184 16.2197
41 185 16.4709
41 186 16.7525
41 187 16.8318
41 188 16.9677
41 189 16.9749
41 190 17.5372
41 191 17.5807
41 192 17.6997
41 193 19.0412
41 194 19.2182
41 195 19.2435
41 196 20.2499
41 197 20.3652
41 198 20.9957
41 199 24.4113
42 0 9.16638 1 24 30 17 4 29 23 2 15 21 8 19 14 10 12 13 22 26 3 7 9 33 32 16 20 34 6 18 25 28 27 5 31 11 1 
42 1 9.16638
42 2 9.16638
42 3 9.16638
42 4 9.16638
42 5 9.16638
42 6 9.16638
42 7 9.16638
42 8 9.16638
42 9 9.16638
42 10 9.16638
42 11 9.16638
42 12 9.16638
42 13 9.16638
42 14 9.16638
42 15 9.16638
42 16 9.16638
42 17 9.16638
42 18 9.16638
42 19 9.16638
42 20 9.16638
42 21 9.16638
42 22 9.16638
42 23 9.16638
42 24 9.16638
42 25 9.16638
42 26 9.16638
42 27 9.16638
42 28 9.16638
42 29 9.16638
42 30 9.16638
42 31 9.16638
42 32 9.16638
42 33 9.16638
42 34 9.16638
42 35 9.16638
42 36 9.16638
42 37 9.16638
42 38 9.16638
42 39 9.16638
42 40 9.16638
42 41 9.16638
42 42 9.16638
42 43 9.16638
42 44 9.16638
42 45 9.16638
42 46 9.16638
42 47 9.16638
42 48 9.16638
42 49 9.16638
42 50 9.16638
42 51 9.16638
42 52 9.16638
42 53 9.16638
42 54 9.16638
42 55 9.16638
42 56 9.16638
42 57 9.16638
42 58 9.16638
42 59 9.16638
42 60 9.16638
42 61 9.16638
42 62 9.16638
42 63 9.16638
42 64 9.16638
42 65 9.16638
42 66 9.16638
42 67 9.16638
42 68 9.16638
42 69 9.16638
42 70 9.16638
42 71 9.16638
42 72 9.16638
42 73 9.16638
42 74 9.16638
42 75 9.16638
42 76 9.16638
42 77 9.16638
42 78 9.16638
42 79 9.16638
42 80 9.16638
42 81 9.16638
42 82 9.16638
42 83 9.16638
42 84 9.16638
42 85 9.16638
42 86 9.16638
42 87 9.16638
42 88 9.16638
42 89 9.34181
42 90 9.34181
42 91 9.34181
42 92 9.34181
42 93 9.3669
42 94 9.36868
42 95 9.36868
42 96 9.36868
42 97 9.36868
42 98 9.36868
42 99 9.36868
42 100 9.36868
42 101 9.36868
42 102 9.36868
42 103 9.41377
42 104 9.49424
42 105 9.80712
42 106 10.09
42 107 10.1323
42 108 10.155
42 109 10.2027
42 110 10.2194
42 111 10.3362
42 112 10.343
42 113 10.343
42 114 10.3474
42 115 10.369
42 116 10.3989
42 117 10.6182
42 118 10.6371
42 119 11.085
42 120 11.0884
42 121 11.1045
42 122 11.17
42 123 11.4344
42 124 11.4602
42 125 11.5552
42 126 11.6204
42 127 11.7655
42 128 11.7768
42 129 11.7938
42 130 11.868
42 131 11.9016
42 132 12.0112
42 133 12.0904
42 134 12.1143
42 135 12.1247
42 136 12.1254
42 137 12.2387
42 138 12.2542
42 139 12.2754
42 140 12.3595
42 141 12.424
42 142 12.4284
42 143 12.4375
42 144 12.4612
42 145 12.4612
42 146 12.4831
42 147 12.6544
42 148 12.763
42 149 12.7753
42 150 12.7815
42 151 12.8007
42 152 12.8412
42 153 12.8563
42 154 12.899
42 155 12.9247
42 156 12.9735
42 157 13.0076
42 158 13.1078
42 159 13.4324
42 160 13.4358
42 161 13.4536
42 162 13.4573
42 163 13.4887
42 164 13.5362
42 165 13.54
42 166 13.5516
42 167 13.912
42 168 14.3631
42 169 14.3679
42 170 14.4249
42 171 14.6451
42 172 14.7599
42 173 14.7905
42 174 14.8565
42 175 14.9763
42 176 15.0676
42 177 15.0676
42 178 15.1091
42 179 15.1259
42 180 15.293
42 181 15.3013
42 182 15.5132
42 183 15.6878
42 184 15.8146
42 185 15.8251
42 186 15.8773
42 187 16.0104
42 188 16.0565
42 189 16.2197
42 190 16.5536
42 191 16.6304
42 192 16.835
42 193 16.8444
42 194 17.0767
42 195 17.7433
42 196 19.2435
42 197 19.6936
42 198 20.1834
42 199 24.6422
43 0 9.163 1 24 30 4 17 29 23 2 15 21 8 19 14 10 12 13 22 26 3 7 9 33 32 16 20 34 6 18 25 28 27 5 31 11 1 
43 1 9.16638
43 2 9.16638
43 3 9.16638
43 4 9.16638
43 5 9.16638
43 6 9.16638
43 7 9.16638
43 8 9.16638
43 9 9.16638
43 10 9.16638
43 11 9.16638
43 12 9.16638
43 13 9.16638
43 14 9.16638
43 15 9.16638
43 16 9.16638
43 17 9.16638
43 18 9.16638
43 19 9.16638
43 20 9.16638
43 21 9.16638
43 22 9.16638
43 23 9.16638
43 24 9.16638
43 25 9.16638
43 26 9.16638
43 27 9.16638
43 28 9.16638
43 29 9.16638
43 30 9.16638
43 31 9.16638
43 32 9.16638
43 33 9.16638
43 34 9.16638
43 35 9.16638
43 36 9.16638
43 37 9.16638
43 38 9.16638
43 39 9.16638
43 40 9.16638
43 41 9.16638
43 42 9.16638
43 43 9.16638
43 44 9.16638
43 45 9.16638
43 46 9.16638
43 47 9.16638
43 48 9.16638
43 49 9.16638
43 50 9.16638
43 51 9.16638
43 52 9.16638
43 53 9.16638
43 54 9.16638
43 55 9.16638
43 56 9.16638
43 57 9.16638
43 58 9.16638
43 59 9.16638
43 60 9.16638
43 61 9.16638
43 62 9.16638
43 63 9.16638
43 64 9.16638
43 65 9.16638
43 66 9.16638
43 67 9.16638
43 68 9.16638
43 69 9.16638
43 70 9.16638
43 71 9.16638
43 72 9.16638
43 73 9.16638
43 74 9.16638
43 75 9.16638
43 76 9.16638
43 77 9.16638
43 78 9.16638
43 79 9.16638
43 80 9.16638
43 81 9.16638
43 82 9.16638
43 83 9.16638
43 84 9.16638
43 85 9.16638
43 86 9.16638
43 87 9.16638
43 88 9.16638
43 89 9.16638
43 90 9.16638
43 91 9.16638
43 92 9.16638
43 93 9.16638
43 94 9.16638
43 95 9.16638
43 96 9.16638
43 97 9.16638
43 98 9.16638
43 99 9.16638
43 100 9.16638
43 101 9.17395
43 102 9.18816
43 103 9.19178
43 104 9.19178
43 105 9.23147
43 106 9.34181
43 107 9.34181
43 108 9.3669
43 109 9.3669
43 110 9.36868
43 111 9.36868
43 112 9.36868
43 113 9.36868
43 114 9.36868
43 115 9.36868
43 116 9.41377
43 117 10.1296
43 118 10.1323
43 119 10.2027
43 120 10.2027
43 121 10.228
43 122 10.2439
43 123 10.3989
43 124 10.4786
43 125 10.5029
43 126 10.6038
43 127 10.6441
43 128 10.8128
43 129 10.8222
43 130 10.8795
43 131 10.9034
43 132 11.0091
43 133 11.0862
43 134 11.2445
43 135 11.3625
43 136 11.4228
43 137 11.7938
43 138 11.8239
43 139 11.9016
43 140 11.9294
43 141 11.9384
43 142 12.0083
43 143 12.0831
43 144 12.1698
43 145 12.2387
43 146 12.3582
43 147 12.4612
43 148 12.4831
43 149 12.5506
43 150 12.5992
43 151 12.6103
43 152 12.6544
43 153 12.6912
43 154 12.7061
43 155 12.763
43 156 12.765
43 157 12.7704
43 158 12.7769
43 159 12.8746
43 160 12.899
43 161 12.899
43 162 12.9735
43 163 12.9735
43 164 12.9735
43 165 12.975
43 166 13.106
43 167 13.1672
43 168 13.2969
43 169 13.3263
43 170 13.3481
43 171 14.1014
43 172 14.1295
43 173 14.1975
43 174 14.3104
43 175 14.3542
43 176 14.4249
43 177 14.6239
43 178 14.7905
43 179 14.8565
43 180 14.9543
43 181 15.1259
43 182 15.2471
43 183 15.5491
43 184 15.5833
43 185 15.7231
43 186 15.9043
43 187 16.1001
43 188 16.5913
43 189 16.6304
43 190 16.7556
43 191 16.835
43 192 16.835
43 193 17.2221
43 194 17.2372
43 195 18.2422
43 196 18.6099
43 197 19.0146
43 198 19.9345
43 199 22.2008
44 0 9.15348 1 24 30 17 4 29 23 2 15 21 8 19 14 10 12 13 22 26 3 7 9 33 32 16 20 34 6 18 28 25 27 5 31 11 1 
44 1 9.163
44 2 9.163
44 3 9.163
44 4 9.163
44 5 9.163
44 6 9.163
44 7 9.163
44 8 9.163
44 9 9.163
44 10 9.163
44 11 9.163
44 12 9.163
44 13 9.163
44 14 9.163
44 15 9.16638
44 16 9.16638
44 17 9.16638
44 18 9.16638
44 19 9.16638
44 20 9.16638
44 21 9.16638
44 22 9.16638
44 23 9.16638
44 24 9.16638
44 25 9.16638
44 26 9.16638
44 27 9.16638
44 28 9.16638
44 29 9.16638
44 30 9.16638
44 31 9.16638
44 32 9.16638
44 33 9.16638
44 34 9.16638
44 35 9.16638
44 36 9.16638
44 37 9.16638
44 38 9.16638
44 39 9.16638
44 40 9.16638
44 41 9.16638
44 42 9.16638
44 43 9.16638
44 44 9.16638
44 45 9.16638
44 46 9.16638
44 47 9.16638
44 48 9.16638
44 49 9.16638
44 50 9.16638
44 51 9.16638
44 52 9.16638
44 53 9.16638
44 54 9.16638
44 55 9.16638
44 56 9.16638
44 57 9.16638
44 58 9.16638
44 59 9.16638
44 60 9.16638
44 61 9.16638
44 62 9.16638
44 63 9.16638
44 64 9.16638
44 65 9.16638
44 66 9.16638
44 67 9.16638
44 68 9.16638
44 69 9.16638
44 70 9.16638
44 71 9.16638
44 72 9.16638
44 73 9.16638
44 74 9.16638
44 75 9.16638
44 76 9.16638
44 77 9.16638
44 78 9.16638
44 79 9.16638
44 80 9.16638
44 81 9.16638
44 82 9.16638
44 83 9.16638
44 84 9.16638
44 85 9.16638
44 86 9.16638
44 87 9.16638
44 88 9.16638
44 89 9.16638
44 90 9.16638
44 91 9.16638
44 92 9.16638
44 93 9.16638
44 94 9.16638
44 95 9.16638
44 96 9.16638
44 97 9.16638
44 98 9.16638
44 99 9.16638
44 100 9.16638
44 101 9.16638
44 102 9.16638
44 103 9.16638
44 104 9.23147
44 105 9.3669
44 106 9.36868
44 107 9.41425
44 108 9.42486
44 109 9.47169
44 110 9.63203
44 111 9.70927
44 112 9.80853
44 113 10.1363
44 114 10.2027
44 115 10.2096
44 116 10.228
44 117 10.2318
44 118 10.3392
44 119 10.3431
44 120 10.3758
44 121 10.404
44 122 10.4786
44 123 10.5105
44 124 10.621
44 125 10.6873
44 126 11.0244
44 127 11.056
44 128 11.1689
44 129 11.2139
44 130 11.2407
44 131 11.2445
44 132 11.2608
44 133 11.3714
44 134 11.3948
44 135 11.4228
44 136 11.4466
44 137 11.5251
44 138 11.6323
44 139 11.7938
44 140 11.8683
44 141 11.9248
44 142 12.0083
44 143 12.0083
44 144 12.1462
44 145 12.2221
44 146 12.4363
44 147 12.4913
44 148 12.5506
44 149 12.5506
44 150 12.5992
44 151 12.659
44 152 12.6912
44 153 12.7307
44 154 12.8712
44 155 12.899
44 156 12.9197
44 157 13.1169
44 158 13.2969
44 159 13.3263
44 160 13.4466
44 161 13.6058
44 162 13.6383
44 163 13.8389
44 164 14.0751
44 165 14.1788
44 166 14.6043
44 167 14.6239
44 168 14.7905
44 169 14.7905
44 170 14.828
44 171 15.0294
44 172 15.092
44 173 15.1658
44 174 15.4618
44 175 15.4931
44 176 15.512
44 177 15.5491
44 178 15.6172
44 179 15.9043
44 180 15.9534
44 181 16.1404
44 182 16.5739
44 183 16.7634
44 184 16.835
44 185 16.9202
44 186 16.9462
44 187 17.2221
44 188 17.373
44 189 17.5558
44 190 17.6033
44 191 17.9892
44 192 18.5985
44 193 18.6407
44 194 19.7279
44 195 20.3402
44 196 20.4365
44 197 20.9265
44 198 22.2008
44 199 22.2008
45 0 9.15011 1 24 30 4 17 29 23 2 15 21 8 19 14 10 12 13 22 26 3 7 9 33 32 16 20 34 6 18 28 25 27 5 31 11 1 
45 1 9.15011
45 2 9.15011
45 3 9.15011
45 4 9.15011
45 5 9.15011
45 6 9.15348
45 7 9.15348
45 8 9.15348
45 9 9.15348
45 10 9.15348
45 11 9.15348
45 12 9.15348
45 13 9.15348
45 14 9.15348
45 15 9.15348
45 16 9.15348
45 17 9.15348
45 18 9.15348
45 19 9.15348
45 20 9.15348
45 21 9.15348
45 22 9.16091
45 23 9.163
45 24 9.163
45 25 9.163
45 26 9.163
45 27 9.163
45 28 9.163
45 29 9.163
45 30 9.163
45 31 9.163
45 32 9.163
45 33 9.163
45 34 9.163
45 35 9.163
45 36 9.163
45 37 9.163
45 38 9.163
45 39 9.163
45 40 9.163
45 41 9.163
45 42 9.163
45 43 9.163
45 44 9.163
45 45 9.163
45 46 9.163
45 47 9.16638
45 48 9.16638
45 49 9.16638
45 50 9.16638
45 51 9.16638
45 52 9.16638
45 53 9.16638
45 54 9.16638
45 55 9.16638
45 56 9.16638
45 57 9.16638
45 58 9.16638
45 59 9.16638
45 60 9.16638
45 61 9.16638
45 62 9.16638
45 63 9.16638
45 64 9.16638
45 65 9.16638
45 66 9.16638
45 67 9.16638
45 68 9.16638
45 69 9.16638
45 70 9.16638
45 71 9.16638
45 72 9.16638
45 73 9.16638
45 74 9.16638
45 75 9.16638
45 76 9.16638
45 77 9.16638
45 78 9.16638
45 79 9.16638
45 80 9.16638
45 81 9.16638
45 82 9.16638
45 83 9.16638
45 84 9.16638
45 85 9.16638
45 86 9.16638
45 87 9.16638
45 88 9.16638
45 89 9.16638
45 90 9.16638
45 91 9.16638
45 92 9.16638
45 93 9.16638
45 94 9.16638
45 95 9.16638
45 96 9.16638
45 97 9.16638
45 98 9.16638
45 99 9.16638
45 100 9.16638
45 101 9.16638
45 102 9.16638
45 103 9.16638
45 104 9.18429
45 105 9.21686
45 106 9.22809
45 107 9.23147
45 108 9.3669
45 109 9.41453
45 110 9.42148
45 111 9.49854
45 112 9.80853
45 113 9.80853
45 114 9.80853
45 115 9.91129
45 116 10.1203
45 117 10.1334
45 118 10.155
45 119 10.155
45 120 10.1993
45 121 10.2194
45 122 10.228
45 123 10.2284
45 124 10.2429
45 125 10.2439
45 126 10.4435
45 127 10.4584
45 128 10.4584
45 129 10.6261
45 130 10.6371
45 131 10.6749
45 132 10.6873
45 133 10.6873
45 134 11.056
45 135 11.1029
45 136 11.2088
45 137 11.5876
45 138 11.6323
45 139 11.6677
45 140 11.8141
45 141 11.8778
45 142 11.8836
45 143 11.9165
45 144 11.9214
45 145 12.198
45 146 12.2008
45 147 12.4397
45 148 12.4894
45 149 12.6209
45 150 12.626
45 151 12.6386
45 152 12.7884
45 153 12.9034
45 154 12.917
45 155 12.9197
45 156 12.9529
45 157 12.993
45 158 13.081
45 159 13.1169
45 160 13.2086
45 161 13.2853
45 162 13.6273
45 163 13.6945
45 164 13.6967
45 165 13.8857
45 166 14.0717
45 167 14.3293
45 168 14.3596
45 169 14.5086
45 170 14.6079
45 171 14.611
45 172 14.7678
45 173 14.8859
45 174 14.9891
45 175 15.1068
45 176 15.3314
45 177 15.4262
45 178 15.8186
45 179 15.8859
45 180 16.1404
45 181 16.1544
45 182 16.292
45 183 16.4527
45 184 16.4998
45 185 16.5189
45 186 16.6496
45 187 16.8649
45 188 16.9504
45 189 17.0057
45 190 17.3859
45 191 17.5569
45 192 17.6265
45 193 17.6344
45 194 17.9712
45 195 18.1691
45 196 18.3638
45 197 18.6553
45 198 18.821
45 199 19.8163
46 0 9.15011 1 24 30 4 17 29 23 2 15 21 8 19 14 10 12 13 22 26 3 7 9 33 32 16 20 34 6 18 28 25 27 5 31 11 1 
46 1 9.15011
46 2 9.15011
46 3 9.15011
46 4 9.15011
46 5 9.15011
46 6 9.15011
46 7 9.15011
46 8 9.15011
46 9 9.15011
46 10 9.15011
46 11 9.15011
46 12 9.15011
46 13 9.15011
46 14 9.15011
46 15 9.15011
46 16 9.15011
46 17 9.15011
46 18 9.15011
46 19 9.15011
46 20 9.15011
46 21 9.15011
46 22 9.15011
46 23 9.15011
46 24 9.15011
46 25 9.15011
46 26 9.15011
46 27 9.15011
46 28 9.15011
46 29 9.15011
46 30 9.15011
46 31 9.15011
46 32 9.15011
46 33 9.15011
46 34 9.15011
46 35 9.15011
46 36 9.15011
46 37 9.15348
46 38 9.15348
46 39 9.15348
46 40 9.15348
46 41 9.15348
46 42 9.15348
46 43 9.15348
46 44 9.15348
46 45 9.15348
46 46 9.15348
46 47 9.15348
46 48 9.15348
46 49 9.15348
46 50 9.15348
46 51 9.15348
46 52 9.15348
46 53 9.15348
46 54 9.15348
46 55 9.15348
46 56 9.15348
46 57 9.15348
46 58 9.15348
46 59 9.15348
46 60 9.15348
46 61 9.16091
46 62 9.16091
46 63 9.16091
46 64 9.163
46 65 9.163
46 66 9.163
46 67 9.163
46 68 9.163
46 69 9.163
46 70 9.163
46 71 9.163
46 72 9.163
46 73 9.163
46 74 9.163
46 75 9.163
46 76 9.163
46 77 9.163
46 78 9.163
46 79 9.163
46 80 9.163
46 81 9.163
46 82 9.163
46 83 9.16638
46 84 9.16638
46 85 9.16638
46 86 9.16638
46 87 9.16638
46 88 9.16638
46 89 9.16638
46 90 9.16638
46 91 9.16638
46 92 9.16638
46 93 9.16638
46 94 9.16638
46 95 9.16638
46 96 9.17025
46 97 9.23147
46 98 9.34181
46 99 9.36537
46 100 9.41453
46 101 9.57033
46 102 9.59543
46 103 9.63864
46 104 10.0605
46 105 10.0632
46 106 10.1421
46 107 10.155
46 108 10.155
46 109 10.155
46 110 10.1877
46 111 10.2195
46 112 10.2218
46 113 10.2229
46 114 10.2429
46 115 10.2439
46 116 10.3015
46 117 10.3118
46 118 10.3272
46 119 10.3866
46 120 10.3905
46 121 10.4086
46 122 10.4511
46 123 10.4584
46 124 10.5871
46 125 10.6227
46 126 10.6261
46 127 10.6524
46 128 10.9023
46 129 10.9729
46 130 11.2216
46 131 11.3359
46 132 11.3517
46 133 11.5722
46 134 11.6501
46 135 11.6684
46 136 11.8402
46 137 12.0188
46 138 12.0719
46 139 12.198
46 140 12.4901
46 141 12.5925
46 142 12.7065
46 143 12.7255
46 144 12.7549
46 145 12.8288
46 146 12.8626
46 147 12.94
46 148 12.96
46 149 12.9609
46 150 12.9793
46 151 13.1369
46 152 13.3471
46 153 13.4652
46 154 13.6847
46 155 13.6945
46 156 13.7876
46 157 13.8273
46 158 13.8857
46 159 13.9435
46 160 14.0376
46 161 14.1472
46 162 14.2587
46 163 14.2662
46 164 14.2928
46 165 14.408
46 166 14.4555
46 167 14.6275
46 168 14.705
46 169 14.9891
46 170 14.9913
46 171 15.0198
46 172 15.3314
46 173 15.4146
46 174 15.4871
46 175 15.6946
46 176 15.7924
46 177 15.9484
46 178 16.0947
46 179 16.1546
46 180 16.21
46 181 16.2377
46 182 16.358
46 183 16.399
46 184 16.4527
46 185 16.5477
46 186 16.7549
46 187 17.0057
46 188 17.0903
46 189 17.2372
46 190 17.5477
46 191 17.6667
46 192 17.8736
46 193 18.1691
46 194 18.3638
46 195 18.8347
46 196 19.0568
46 197 19.1769
46 198 19.7364
46 199 21.7504
47 0 9.15011 1 24 30 4 17 29 23 2 15 21 8 19 14 10 12 13 22 26 3 7 9 33 32 16 20 34 6 18 28 25 27 5 31 11 1 
47 1 9.15011
47 2 9.15011
47 3 9.15011
47 4 9.15011
47 5 9.15011
47 6 9.15011
47 7 9.15011
47 8 9.15011
47 9 9.15011
47 10 9.15011
47 11 9.15011
47 12 9.15011
47 13 9.15011
47 14 9.15011
47 15 9.15011
47 16 9.15011
47 17 9.15011
47 18 9.15011
47 19 9.15011
47 20 9.15011
47 21 9.15011
47 22 9.15011
47 23 9.15011
47 24 9.15011
47 25 9.15011
47 26 9.15011
47 27 9.15011
47 28 9.15011
47 29 9.15011
47 30 9.15011
47 31 9.15011
47 32 9.15011
47 33 9.15011
47 34 9.15011
47 35 9.15011
47 36 9.15011
47 37 9.15011
47 38 9.15011
47 39 9.15011
47 40 9.15011
47 41 9.15011
47 42 9.15011
47 43 9.15011
47 44 9.15011
47 45 9.15011
47 46 9.15011
47 47 9.15011
47 48 9.15011
47 49 9.15011
47 50 9.15011
47 51 9.15011
47 52 9.15011
47 53 9.15011
47 54 9.15011
47 55 9.15011
47 56 9.15011
47 57 9.15011
47 58 9.15011
47 59 9.15011
47 60 9.15011
47 61 9.15011
47 62 9.15011
47 63 9.15348
47 64 9.15348
47 65 9.15348
47 66 9.15348
47 67 9.15348
47 68 9.15348
47 69 9.15348
47 70 9.15348
47 71 9.15348
47 72 9.15348
47 73 9.15348
47 74 9.15348
47 75 9.15348
47 76 9.15348
47 77 9.16091
47 78 9.163
47 79 9.163
47 80 9.163
47 81 9.163
47 82 9.163
47 83 9.163
47 84 9.163
47 85 9.163
47 86 9.163
47 87 9.163
47 88 9.163
47 89 9.16638
47 90 9.16638
47 91 9.16638
47 92 9.2152
47 93 9.2152
47 94 9.2152
47 95 9.27451
47 96 9.32707
47 97 9.41115
47 98 9.44441
47 99 9.45845
47 100 9.47813
47 101 9.63864
47 102 9.63864
47 103 10.0111
47 104 10.0605
47 105 10.1263
47 106 10.1369
47 107 10.1387
47 108 10.1877
47 109 10.199
47 110 10.2065
47 111 10.2129
47 112 10.2185
47 113 10.2195
47 114 10.2218
47 115 10.2218
47 116 10.3188
47 117 10.3333
47 118 10.5064
47 119 10.5967
47 120 10.6227
47 121 10.833
47 122 10.9235
47 123 10.9936
47 124 11.1741
47 125 11.1908
47 126 11.2349
47 127 11.3304
47 128 11.3325
47 129 11.5263
47 130 11.5663
47 131 11.6676
47 132 11.8857
47 133 11.953
47 134 11.9672
47 135 12.0719
47 136 12.1067
47 137 12.2177
47 138 12.2524
47 139 12.2901
47 140 12.3909
47 141 12.413
47 142 12.4477
47 143 12.4901
47 144 12.7321
47 145 12.742
47 146 12.8055
47 147 12.8268
47 148 12.8414
47 149 12.9781
47 150 13.0257
47 151 13.1022
47 152 13.1807
47 153 13.1919
47 154 13.2636
47 155 13.31
47 156 13.3554
47 157 13.4652
47 158 13.5259
47 159 13.57
47 160 13.7899
47 161 13.9118
47 162 14.2261
47 163 14.2553
47 164 14.2765
47 165 14.4069
47 166 14.4143
47 167 14.494
47 168 14.5718
47 169 14.7567
47 170 14.7593
47 171 14.9433
47 172 14.9466
47 173 15.0007
47 174 15.1201
47 175 15.1312
47 176 15.3314
47 177 15.3609
47 178 15.3843
47 179 15.9507
47 180 16.0066
47 181 16.0768
47 182 16.1124
47 183 16.2337
47 184 16.2377
47 185 16.3072
47 186 16.4479
47 187 16.4888
47 188 17.07
47 189 17.0875
47 190 17.2425
47 191 18.2336
47 192 18.3638
47 193 18.5562
47 194 18.7396
47 195 18.7578
47 196 18.8364
47 197 19.2009
47 198 19.6355
47 199 24.5854
48 0 9.15011 1 24 30 4 17 29 23 2 15 21 8 19 14 10 12 13 22 26 3 7 9 33 32 16 20 34 6 18 28 25 27 5 31 11 1 
48 1 9.15011
48 2 9.15011
48 3 9.15011
48 4 9.15011
48 5 9.15011
48 6 9.15011
48 7 9.15011
48 8 9.15011
48 9 9.15011
48 10 9.15011
48 11 9.15011
48 12 9.15011
48 13 9.15011
48 14 9.15011
48 15 9.15011
48 16 9.15011
48 17 9.15011
48 18 9.15011
48 19 9.15011
48 20 9.15011
48 21 9.15011
48 22 9.15011
48 23 9.15011
48 24 9.15011
48 25 9.15011
48 26 9.15011
48 27 9.15011
48 28 9.15011
48 29 9.15011
48 30 9.15011
48 31 9.15011
48 32 9.15011
48 33 9.15011
48 34 9.15011
48 35 9.15011
48 36 9.15011
48 37 9.15011
48 38 9.15011
48 39 9.15011
48 40 9.15011
48 41 9.15011
48 42 9.15011
48 43 9.15011
48 44 9.15011
48 45 9.15011
48 46 9.15011
48 47 9.15011
48 48 9.15011
48 49 9.15011
48 50 9.15011
48 51 9.15011
48 52 9.15011
48 53 9.15011
48 54 9.15011
48 55 9.15011
48 56 9.15011
48 57 9.15011
48 58 9.15011
48 59 9.15011
48 60 9.15011
48 61 9.15011
48 62 9.15011
48 63 9.15011
48 64 9.15011
48 65 9.15011
48 66 9.15011
48 67 9.15011
48 68 9.15011
48 69 9.15011
48 70 9.15011
48 71 9.15011
48 72 9.15011
48 73 9.15011
48 74 9.15348
48 75 9.15348
48 76 9.15348
48 77 9.15348
48 78 9.15348
48 79 9.15348
48 80 9.15348
48 81 9.15348
48 82 9.15348
48 83 9.16091
48 84 9.163
48 85 9.163
48 86 9.163
48 87 9.163
48 88 9.163
48 89 9.163
48 90 9.17035
48 91 9.17552
48 92 9.2152
48 93 9.3135
48 94 9.32707
48 95 9.56695
48 96 9.56887
48 97 9.63864
48 98 9.63864
48 99 10.0111
48 100 10.0111
48 101 10.023
48 102 10.1843
48 103 10.2195
48 104 10.2195
48 105 10.3871
48 106 10.4864
48 107 10.6703
48 108 10.8572
48 109 10.8805
48 110 11.1458
48 111 11.1972
48 112 11.2396
48 113 11.2695
48 114 11.3304
48 115 11.3795
48 116 11.3801
48 117 11.3849
48 118 11.5663
48 119 11.6676
48 120 11.8857
48 121 11.9068
48 122 11.9518
48 123 12.0025
48 124 12.0187
48 125 12.0449
48 126 12.0596
48 127 12.0694
48 128 12.0898
48 129 12.1085
48 130 12.1318
48 131 12.1498
48 132 12.2465
48 133 12.2524
48 134 12.2642
48 135 12.3154
48 136 12.3564
48 137 12.413
48 138 12.4489
48 139 12.4713
48 140 12.5805
48 141 12.7321
48 142 12.7697
48 143 12.7771
48 144 12.7788
48 145 12.8
48 146 12.8055
48 147 12.8271
48 148 12.9808
48 149 12.9815
48 150 13.1022
48 151 13.1973
48 152 13.1991
48 153 13.3859
48 154 13.6849
48 155 13.7161
48 156 13.7606
48 157 13.8989
48 158 14.0369
48 159 14.1475
48 160 14.2492
48 161 14.2553
48 162 14.288
48 163 14.3706
48 164 14.4134
48 165 14.8887
48 166 15.0286
48 167 15.0316
48 168 15.1533
48 169 15.2102
48 170 15.2109
48 171 15.4584
48 172 15.4853
48 173 15.5679
48 174 15.6234
48 175 15.7905
48 176 15.8653
48 177 16.0013
48 178 16.2047
48 179 16.2051
48 180 16.4542
48 181 16.5267
48 182 16.5588
48 183 16.9805
48 184 17.07
48 185 17.3286
48 186 17.5661
48 187 18.038
48 188 18.3648
48 189 18.8878
48 190 19.1944
48 191 19.2009
48 192 19.3563
48 193 19.4667
48 194 19.9235
48 195 20.127
48 196 20.7376
48 197 20.9002
48 198 21.011
48 199 21.6569
49 0 9.15011 1 24 30 4 17 29 23 2 15 21 8 19 14 10 12 13 22 26 3 7 9 33 32 16 20 34 6 18 28 25 27 5 31 11 1 
49 1 9.15011
49 2 9.15011
49 3 9.15011
49 4 9.15011
49 5 9.15011
49 6 9.15011
49 7 9.15011
49 8 9.15011
49 9 9.15011
49 10 9.15011
49 11 9.15011
49 12 9.15011
49 13 9.15011
49 14 9.15011
49 15 9.15011
49 16 9.15011
49 17 9.15011
49 18 9.15011
49 19 9.15011
49 20 9.15011
49 21 9.15011
49 22 9.15011
49 23 9.15011
49 24 9.15011
49 25 9.15011
49 26 9.15011
49 27 9.15011
49 28 9.15011
49 29 9.15011
49 30 9.15011
49 31 9.15011
49 32 9.15011
49 33 9.15011
49 34 9.15011
49 35 9.15011
49 36 9.15011
49 37 9.15011
49 38 9.15011
49 39 9.15011
49 40 9.15011
49 41 9.15011
49 42 9.15011
49 43 9.15011
49 44 9.15011
49 45 9.15011
49 46 9.15011
49 47 9.15011
49 48 9.15011
49 49 9.15011
49 50 9.15011
49 51 9.15011
49 52 9.15011
49 53 9.15011
49 54 9.15011
49 55 9.15011
49 56 9.15011
49 57 9.15011
49 58 9.15011
49 59 9.15011
49 60 9.15011
49 61 9.15011
49 62 9.15011
49 63 9.15011
49 64 9.15011
49 65 9.15011
49 66 9.15011
49 67 9.15011
49 68 9.15011
49 69 9.15011
49 70 9.15011
49 71 9.15011
49 72 9.15011
49 73 9.15011
49 74 9.15011
49 75 9.15011
49 76 9.15011
49 77 9.15011
49 78 9.15011
49 79 9.15011
49 80 9.15011
49 81 9.15011
49 82 9.15011
49 83 9.15011
49 84 9.15011
49 85 9.15011
49 86 9.15011
49 87 9.15011
49 88 9.15011
49 89 9.15011
49 90 9.15011
49 91 9.15011
49 92 9.15011
49 93 9.15348
49 94 9.15348
49 95 9.15348
49 96 9.15348
49 97 9.163
49 98 9.163
49 99 9.163
49 100 9.163
49 101 9.17552
49 102 9.32707
49 103 9.35242
49 104 9.48565
49 105 9.48565
49 106 9.53826
49 107 9.93513
49 108 10.1864
49 109 10.1895
49 110 10.2195
49 111 10.2195
49 112 10.2195
49 113 10.3188
49 114 10.3241
49 115 10.3328
49 116 10.3871
49 117 10.4935
49 118 10.6599
49 119 10.8805
49 120 10.8805
49 121 11.0454
49 122 11.1704
49 123 11.331
49 124 11.3353
49 125 11.3849
49 126 11.3849
49 127 11.4854
49 128 11.5663
49 129 11.5663
49 130 11.5689
49 131 11.6138
49 132 11.7962
49 133 11.8071
49 134 11.8744
49 135 11.8857
49 136 11.9449
49 137 11.9518
49 138 12.0115
49 139 12.0187
49 140 12.0227
49 141 12.1397
49 142 12.1482
49 143 12.3258
49 144 12.4083
49 145 12.4156
49 146 12.4164
49 147 12.5185
49 148 12.5323
49 149 12.7684
49 150 12.7788
49 151 13.0713
49 152 13.1022
49 153 13.1066
49 154 13.1991
49 155 13.2747
49 156 13.3776
49 157 13.7105
49 158 14.1037
49 159 14.2418
49 160 14.2765
49 161 14.405
49 162 14.5055
49 163 14.6575
49 164 14.7437
49 165 14.9169
49 166 14.9687
49 167 14.9773
49 168 15.067
49 169 15.3571
49 170 15.4722
49 171 15.4853
49 172 15.4853
49 173 15.4853
49 174 15.54
49 175 15.5477
49 176 15.5739
49 177 15.7317
49 178 15.7647
49 179 15.7905
49 180 16.1163
49 181 16.2001
49 182 16.2047
49 183 16.3678
49 184 16.4542
49 185 16.5267
49 186 16.6743
49 187 16.8097
49 188 17.5977
49 189 17.7779
49 190 18.0193
49 191 18.2432
49 192 18.444
49 193 18.8007
49 194 19.5259
49 195 20.6591
49 196 20.6925
49 197 20.8161
49 198 21.9469
49 199 23.1816
50 0 9.15011 1 24 30 4 17 29 23 2 15 21 8 19 14 10 12 13 22 26 3 7 9 33 32 16 20 34 6 18 28 25 27 5 31 11 1 
50 1 9.15011
50 2 9.15011
50 3 9.15011
50 4 9.15011
50 5 9.15011
50 6 9.15011
50 7 9.15011
50 8 9.15011
50 9 9.15011
50 10 9.15011
50 11 9.15011
50 12 9.15011
50 13 9.15011
50 14 9.15011
50 15 9.15011
50 16 9.15011
50 17 9.15011
50 18 9.15011
50 19 9.15011
50 20 9.15011
50 21 9.15011
50 22 9.15011
50 23 9.15011
50 24 9.15011
50 25 9.15011
50 26 9.15011
50 27 9.15011
50 28 9.15011
50 29 9.15011
50 30 9.15011
50 31 9.15011
50 32 9.15011
50 33 9.15011
50 34 9.15011
50 35 9.15011
50 36 9.15011
50 37 9.15011
50 38 9.15011
50 39 9.15011
50 40 9.15011
50 41 9.15011
50 42 9.15011
50 43 9.15011
50 44 9.15011
50 45 9.15011
50 46 9.15011
50 47 9.15011
50 48 9.15011
50 49 9.15011
50 50 9.15011
50 51 9.15011
50 52 9.15011
50 53 9.15011
50 54 9.15011
50 55 9.15011
50 56 9.15011
50 57 9.15011
50 58 9.15011
50 59 9.15011
50 60 9.15011
50 61 9.15011
50 62 9.15011
50 63 9.15011
50 64 9.15011
50 65 9.15011
50 66 9.15011
50 67 9.15011
50 68 9.15011
50 69 9.15011
50 70 9.15011
50 71 9.15011
50 72 9.15011
50 73 9.15011
50 74 9.15011
50 75 9.15011
50 76 9.15011
50 77 9.15011
50 78 9.15011
50 79 9.15011
50 80 9.15011
50 81 9.15011
50 82 9.15011
50 83 9.15011
50 84 9.15011
50 85 9.15011
50 86 9.15011
50 87 9.15011
50 88 9.15011
50 89 9.15011
50 90 9.15011
50 91 9.15011
50 92 9.15011
50 93 9.15011
50 94 9.15011
50 95 9.15011
50 96 9.15011
50 97 9.15011
50 98 9.15011
50 99 9.15011
50 100 9.15011
50 101 9.15011
50 102 9.15011
50 103 9.15011
50 104 9.15011
50 105 9.15011
50 106 9.15011
50 107 9.15011
50 108 9.15011
50 109 9.15768
50 110 9.163
50 111 9.2152
50 112 9.25834
50 113 9.41115
50 114 9.6504
50 115 9.69301
50 116 9.69636
50 117 9.79238
50 118 10.0111
50 119 10.2195
50 120 10.3247
50 121 10.4259
50 122 10.4864
50 123 10.5779
50 124 10.6099
50 125 10.6227
50 126 10.7652
50 127 10.8811
50 128 11.0454
50 129 11.2734
50 130 11.3246
50 131 11.3333
50 132 11.3849
50 133 11.3849
50 134 11.583
50 135 11.7898
50 136 11.9549
50 137 12.1237
50 138 12.1761
50 139 12.4634
50 140 12.4642
50 141 12.4946
50 142 12.5323
50 143 12.6685
50 144 12.7657
50 145 12.7684
50 146 12.929
50 147 12.9345
50 148 13.0346
50 149 13.0713
50 150 13.0882
50 151 13.0892
50 152 13.1022
50 153 13.2407
50 154 13.4201
50 155 13.6929
50 156 13.7936
50 157 13.8666
50 158 13.9496
50 159 14.17
50 160 14.2245
50 161 14.3866
50 162 14.5398
50 163 14.6196
50 164 14.676
50 165 14.8616
50 166 14.8787
50 167 14.8893
50 168 14.9656
50 169 15.0299
50 170 15.0335
50 171 15.1865
50 172 15.4298
50 173 15.4627
50 174 15.4705
50 175 15.4722
50 176 15.5014
50 177 15.54
50 178 15.7317
50 179 15.7518
50 180 15.8064
50 181 16.1384
50 182 16.1727
50 183 16.2196
50 184 16.2614
50 185 16.4491
50 186 16.556
50 187 16.6713
50 188 16.8452
50 189 16.8857
50 190 17.0419
50 191 17.1061
50 192 18.1902
50 193 18.2184
50 194 19.4142
50 195 19.7622
50 196 20.0969
50 197 20.6925
50 198 20.8161
50 199 22.094
51 0 8.8896 1 24 30 4 17 29 23 2 15 8 21 19 14 10 12 13 22 26 3 7 9 33 32 16 20 34 6 18 28 25 27 5 31 11 1 
51 1 9.11606
51 2 9.15011
51 3 9.15011
51 4 9.15011
51 5 9.15011
51 6 9.15011
51 7 9.15011
51 8 9.15011
51 9 9.15011
51 10 9.15011
51 11 9.15011
51 12 9.15011
51 13 9.15011
51 14 9.15011
51 15 9.15011
51 16 9.15011
51 17 9.15011
51 18 9.15011
51 19 9.15011
51 20 9.15011
51 21 9.15011
51 22 9.15011
51 23 9.15011
51 24 9.15011
51 25 9.15011
51 26 9.15011
51 27 9.15011
51 28 9.15011
51 29 9.15011
51 30 9.15011
51 31 9.15011
51 32 9.15011
51 33 9.15011
51 34 9.15011
51 35 9.15011
51 36 9.15011
51 37 9.15011
51 38 9.15011
51 39 9.15011
51 40 9.15011
51 41 9.15011
51 42 9.15011
51 43 9.15011
51 44 9.15011
51 45 9.15011
51 46 9.15011
51 47 9.15011
51 48 9.15011
51 49 9.15011
51 50 9.15011
51 51 9.15011
51 52 9.15011
51 53 9.15011
51 54 9.15011
51 55 9.15011
51 56 9.15011
51 57 9.15011
51 58 9.15011
51 59 9.15011
51 60 9.15011
51 61 9.15011
51 62 9.15011
51 63 9.15011
51 64 9.15011
51 65 9.15011
51 66 9.15011
51 67 9.15011
51 68 9.15011
51 69 9.15011
51 70 9.15011
51 71 9.15011
51 72 9.15011
51 73 9.15011
51 74 9.15011
51 75 9.15011
51 76 9.15011
51 77 9.15011
51 78 9.15011
51 79 9.15011
51 80 9.15011
51 81 9.15011
51 82 9.15011
51 83 9.15011
51 84 9.15011
51 85 9.15011
51 86 9.15011
51 87 9.15011
51 88 9.15011
51 89 9.15011
51 90 9.15011
51 91 9.15011
51 92 9.15011
51 93 9.15011
51 94 9.15011
51 95 9.15348
51 96 9.15768
51 97 9.163
51 98 9.16939
51 99 9.2399
51 100 9.31347
51 101 9.46798
51 102 9.54692
51 103 9.69301
51 104 9.69636
51 105 9.85741
51 106 10.1387
51 107 10.1387
51 108 10.2118
51 109 10.2961
51 110 10.3247
51 111 10.3805
51 112 10.4527
51 113 10.4531
51 114 10.5779
51 115 10.7652
51 116 10.8811
51 117 10.9941
51 118 11.0567
51 119 11.1541
51 120 11.1908
51 121 11.2138
51 122 11.2981
51 123 11.3386
51 124 11.5331
51 125 11.5729
51 126 11.6073
51 127 11.6274
51 128 11.7078
51 129 11.7804
51 130 11.9144
51 131 12.0154
51 132 12.0981
51 133 12.175
51 134 12.1928
51 135 12.2209
51 136 12.2702
51 137 12.3502
51 138 12.4634
51 139 12.4634
51 140 12.5899
51 141 12.6117
51 142 12.6551
51 143 12.6551
51 144 12.8698
51 145 12.9034
51 146 12.929
51 147 12.9345
51 148 13.1624
51 149 13.2407
51 150 13.3403
51 151 13.4095
51 152 13.6999
51 153 13.7577
51 154 13.8114
51 155 13.8169
51 156 13.9244
51 157 13.9708
51 158 14.1626
51 159 14.17
51 160 14.2261
51 161 14.3605
51 162 14.3831
51 163 14.3833
51 164 14.3866
51 165 14.7115
51 166 14.7385
51 167 14.7679
51 168 14.8749
51 169 14.9433
51 170 15.0335
51 171 15.154
51 172 15.2134
51 173 15.2737
51 174 15.3021
51 175 15.3039
51 176 15.4564
51 177 15.4625
51 178 15.4627
51 179 15.4705
51 180 15.5385
51 181 15.7035
51 182 15.7627
51 183 16.0391
51 184 16.0645
51 185 16.0957
51 186 16.2333
51 187 16.2974
51 188 16.4491
51 189 16.9223
51 190 16.9404
51 191 17.1426
51 192 17.3769
51 193 18.6486
51 194 19.1721
51 195 19.4137
51 196 19.4142
51 197 19.4315
51 198 21.4894
51 199 21.8532
52 0 8.8896 1 24 30 4 17 29 23 2 15 8 21 19 14 10 12 13 22 26 3 7 9 33 32 16 20 34 6 18 28 25 27 5 31 11 1 
52 1 8.8896
52 2 8.8896
52 3 8.8896
52 4 8.8896
52 5 8.8896
52 6 8.8896
52 7 8.8896
52 8 8.8896
52 9 8.8896
52 10 8.8896
52 11 8.8896
52 12 8.8896
52 13 8.8896
52 14 8.8896
52 15 8.8896
52 16 8.8896
52 17 8.8896
52 18 8.8896
52 19 8.8896
52 20 8.8896
52 21 8.8896
52 22 8.8896
52 23 8.8896
52 24 8.8896
52 25 8.8896
52 26 9.11606
52 27 9.11606
52 28 9.11606
52 29 9.11606
52 30 9.11606
52 31 9.15011
52 32 9.15011
52 33 9.15011
52 34 9.15011
52 35 9.15011
52 36 9.15011
52 37 9.15011
52 38 9.15011
52 39 9.15011
52 40 9.15011
52 41 9.15011
52 42 9.15011
52 43 9.15011
52 44 9.15011
52 45 9.15011
52 46 9.15011
52 47 9.15011
52 48 9.15011
52 49 9.15011
52 50 9.15011
52 51 9.15011
52 52 9.15011
52 53 9.15011
52 54 9.15011
52 55 9.15011
52 56 9.15011
52 57 9.15011
52 58 9.15011
52 59 9.15011
52 60 9.15011
52 61 9.15011
52 62 9.15011
52 63 9.15011
52 64 9.15011
52 65 9.15011
52 66 9.15011
52 67 9.15011
52 68 9.15011
52 69 9.15011
52 70 9.15011
52 71 9.15011
52 72 9.15011
52 73 9.15011
52 74 9.15011
52 75 9.15011
52 76 9.15011
52 77 9.15011
52 78 9.15011
52 79 9.15011
52 80 9.15011
52 81 9.15011
52 82 9.15011
52 83 9.15011
52 84 9.15011
52 85 9.15011
52 86 9.15011
52 87 9.15011
52 88 9.15011
52 89 9.15011
52 90 9.15011
52 91 9.15736
52 92 9.16939
52 93 9.16939
52 94 9.1928
52 95 9.21299
52 96 9.30644
52 97 9.54692
52 98 9.69636
52 99 9.86436
52 100 9.97717
52 101 10.0642
52 102 10.1591
52 103 10.1706
52 104 10.2031
52 105 10.305
52 106 10.3056
52 107 10.3247
52 108 10.3284
52 109 10.3929
52 110 10.4356
52 111 10.4531
52 112 10.5186
52 113 10.5624
52 114 10.6282
52 115 10.7965
52 116 10.82
52 117 10.8549
52 118 10.8739
52 119 10.8811
52 120 10.9533
52 121 10.9564
52 122 11.156
52 123 11.2445
52 124 11.3058
52 125 11.6274
52 126 11.6454
52 127 11.7978
52 128 11.8745
52 129 11.9082
52 130 11.97
52 131 12.0449
52 132 12.1036
52 133 12.1583
52 134 12.1714
52 135 12.2223
52 136 12.3686
52 137 12.3807
52 138 12.4252
52 139 12.4372
52 140 12.4469
52 141 12.4619
52 142 12.4733
52 143 12.4782
52 144 12.5899
52 145 12.5899
52 146 12.5941
52 147 12.7591
52 148 12.8357
52 149 12.929
52 150 12.9352
52 151 12.9769
52 152 13.0132
52 153 13.0442
52 154 13.0542
52 155 13.0943
52 156 13.0984
52 157 13.2361
52 158 13.2372
52 159 13.3095
52 160 13.4172
52 161 13.4175
52 162 13.441
52 163 13.4448
52 164 13.6278
52 165 13.8169
52 166 13.8598
52 167 13.8785
52 168 13.9629
52 169 14.1626
52 170 14.4383
52 171 14.7121
52 172 14.7679
52 173 14.9314
52 174 14.9428
52 175 14.9433
52 176 14.9796
52 177 14.9861
52 178 15.2868
52 179 15.4848
52 180 15.6789
52 181 16.1445
52 182 16.1715
52 183 16.1738
52 184 16.2355
52 185 16.4861
52 186 16.5767
52 187 16.8418
52 188 16.9404
52 189 17.1776
52 190 17.4075
52 191 17.8738
52 192 17.9686
52 193 18.0221
52 194 18.8032
52 195 19.4581
52 196 19.8626
52 197 20.6405
52 198 20.7596
52 199 25.6223
53 0 8.8896 1 24 30 4 17 29 23 2 15 8 21 19 14 10 12 13 22 26 3 7 9 33 32 16 20 34 6 18 28 25 27 5 31 11 1 
53 1 8.8896
53 2 8.8896
53 3 8.8896
53 4 8.8896
53 5 8.8896
53 6 8.8896
53 7 8.8896
53 8 8.8896
53 9 8.8896
53 10 8.8896
53 11 8.8896
53 12 8.8896
53 13 8.8896
53 14 8.8896
53 15 8.8896
53 16 8.8896
53 17 8.8896
53 18 8.8896
53 19 8.8896
53 20 8.8896
53 21 8.8896
53 22 8.8896
53 23 8.8896
53 24 8.8896
53 25 8.8896
53 26 8.8896
53 27 8.8896
53 28 8.8896
53 29 8.8896
53 30 8.8896
53 31 8.8896
53 32 8.8896
53 33 8.8896
53 34 8.8896
53 35 8.8896
53 36 8.8896
53 37 8.8896
53 38 8.8896
53 39 8.8896
53 40 8.8896
53 41 8.8896
53 42 8.8896
53 43 8.8896
53 44 8.8896
53 45 8.8896
53 46 8.8896
53 47 8.8896
53 48 8.8896
53 49 8.8896
53 50 8.8896
53 51 8.8896
53 52 8.8896
53 53 8.8896
53 54 8.8896
53 55 8.8896
53 56 8.8896
53 57 8.8896
53 58 8.8896
53 59 8.8896
53 60 8.8896
53 61 8.8896
53 62 8.8896
53 63 8.8896
53 64 8.8896
53 65 8.8896
53 66 8.8896
53 67 8.8896
53 68 8.8896
53 69 8.8896
53 70 8.8896
53 71 8.8896
53 72 8.8896
53 73 8.8896
53 74 8.8896
53 75 8.8896
53 76 8.8896
53 77 9.11606
53 78 9.11606
53 79 9.13747
53 80 9.14147
53 81 9.15011
53 82 9.15011
53 83 9.15011
53 84 9.15011
53 85 9.15011
53 86 9.15011
53 87 9.15011
53 88 9.15011
53 89 9.15011
53 90 9.15011
53 91 9.15011
53 92 9.15011
53 93 9.15011
53 94 9.15011
53 95 9.15011
53 96 9.15011
53 97 9.15011
53 98 9.15011
53 99 9.15011
53 100 9.15011
53 101 9.15011
53 102 9.15011
53 103 9.15011
53 104 9.15011
53 105 9.15011
53 106 9.15011
53 107 9.15011
53 108 9.15011
53 109 9.15011
53 110 9.15011
53 111 9.16726
53 112 9.21299
53 113 9.23985
53 114 9.71693
53 115 9.89185
53 116 9.97158
53 117 10.002
53 118 10.035
53 119 10.0582
53 120 10.0642
53 121 10.0642
53 122 10.1591
53 123 10.1706
53 124 10.2265
53 125 10.2998
53 126 10.305
53 127 10.3284
53 128 10.3629
53 129 10.4684
53 130 10.57
53 131 10.647
53 132 10.671
53 133 10.7193
53 134 10.8024
53 135 10.9577
53 136 10.9955
53 137 11.2105
53 138 11.3058
53 139 11.331
53 140 11.454
53 141 11.6227
53 142 11.6454
53 143 12.0293
53 144 12.1714
53 145 12.1714
53 146 12.3686
53 147 12.3807
53 148 12.5113
53 149 12.7287
53 150 12.7288
53 151 12.8221
53 152 12.8357
53 153 12.9573
53 154 12.9582
53 155 13.0388
53 156 13.2796
53 157 13.4159
53 158 13.42
53 159 13.5321
53 160 13.5515
53 161 13.6352
53 162 13.675
53 163 13.7857
53 164 14.0275
53 165 14.0717
53 166 14.1029
53 167 14.4832
53 168 14.6258
53 169 14.7679
53 170 14.7814
53 171 14.9501
53 172 15.1254
53 173 15.2785
53 174 15.3744
53 175 15.3769
53 176 15.4848
53 177 15.5669
53 178 15.5716
53 179 15.5805
53 180 15.6789
53 181 15.7812
53 182 15.808
53 183 15.9678
53 184 16.0983
53 185 16.1715
53 186 16.1727
53 187 16.4879
53 188 16.6742
53 189 16.8447
53 190 17.2371
53 191 17.7626
53 192 17.8307
53 193 17.8738
53 194 17.914
53 195 18.0604
53 196 18.4175
53 197 20.0254
53 198 20.0588
53 199 21.6882
54 0 8.88096 1 24 30 4 17 29 23 2 15 8 21 19 14 10 12 13 22 26 3 7 9 33 32 20 16 34 6 18 28 25 5 27 31 11 1 
54 1 8.8896
54 2 8.8896
54 3 8.8896
54 4 8.8896
54 5 8.8896
54 6 8.8896
54 7 8.8896
54 8 8.8896
54 9 8.8896
54 10 8.8896
54 11 8.8896
54 12 8.8896
54 13 8.8896
54 14 8.8896
54 15 8.8896
54 16 8.8896
54 17 8.8896
54 18 8.8896
54 19 8.8896
54 20 8.8896
54 21 8.8896
54 22 8.8896
54 23 8.8896
54 24 8.8896
54 25 8.8896
54 26 8.8896
54 27 8.8896
54 28 8.8896
54 29 8.8896
54 30 8.8896
54 31 8.8896
54 32 8.8896
54 33 8.8896
54 34 8.8896
54 35 8.8896
54 36 8.8896
54 37 8.8896
54 38 8.8896
54 39 8.8896
54 40 8.8896
54 41 8.8896
54 42 8.8896
54 43 8.8896
54 44 8.8896
54 45 8.8896
54 46 8.8896
54 47 8.8896
54 48 8.8896
54 49 8.8896
54 50 8.8896
54 51 8.8896
54 52 8.8896
54 53 8.8896
54 54 8.8896
54 55 8.8896
54 56 8.8896
54 57 8.8896
54 58 8.8896
54 59 8.8896
54 60 8.8896
54 61 8.8896
54 62 8.8896
54 63 8.8896
54 64 8.8896
54 65 8.8896
54 66 8.8896
54 67 8.8896
54 68 8.8896
54 69 8.8896
54 70 8.8896
54 71 8.8896
54 72 8.8896
54 73 8.8896
54 74 8.8896
54 75 8.8896
54 76 8.8896
54 77 8.8896
54 78 8.8896
54 79 8.8896
54 80 8.8896
54 81 8.8896
54 82 8.8896
54 83 8.8896
54 84 8.8896
54 85 8.8896
54 86 8.8896
54 87 8.8896
54 88 8.8896
54 89 8.8896
54 90 8.8896
54 91 8.8896
54 92 8.8896
54 93 8.8896
54 94 8.8896
54 95 8.8896
54 96 8.8896
54 97 8.8896
54 98 8.94533
54 99 9.11606
54 100 9.13747
54 101 9.14147
54 102 9.15011
54 103 9.15011
54 104 9.15011
54 105 9.15011
54 106 9.15011
54 107 9.15011
54 108 9.15011
54 109 9.15011
54 110 9.15011
54 111 9.15011
54 112 9.163
54 113 9.21222
54 114 9.36334
54 115 9.54313
54 116 9.74154
54 117 9.89185
54 118 9.89185
54 119 9.96163
54 120 9.97158
54 121 10.0453
54 122 10.0642
54 123 10.1261
54 124 10.2349
54 125 10.2611
54 126 10.3725
54 127 10.528
54 128 10.6233
54 129 10.7193
54 130 10.7954
54 131 10.9135
54 132 11.0566
54 133 11.3487
54 134 11.3849
54 135 11.4667
54 136 11.6125
54 137 11.785
54 138 11.823
54 139 11.8235
54 140 12.0688
54 141 12.1714
54 142 12.2205
54 143 12.3349
54 144 12.3686
54 145 12.4124
54 146 12.545
54 147 12.7288
54 148 12.8007
54 149 12.8221
54 150 12.8342
54 151 12.9273
54 152 13.0227
54 153 13.1038
54 154 13.1634
54 155 13.1999
54 156 13.2008
54 157 13.2861
54 158 13.3484
54 159 13.3563
54 160 13.3734
54 161 13.5233
54 162 13.5321
54 163 13.6047
54 164 14.2575
54 165 14.293
54 166 14.2968
54 167 14.3614
54 168 14.3919
54 169 14.4987
54 170 14.527
54 171 14.5798
54 172 14.6258
54 173 14.6536
54 174 14.7031
54 175 14.7229
54 176 14.9059
54 177 14.9501
54 178 15.1169
54 179 15.1899
54 180 15.2785
54 181 15.3233
54 182 15.3311
54 183 15.4224
54 184 15.5886
54 185 15.7611
54 186 15.792
54 187 15.9678
54 188 16.4852
54 189 16.6875
54 190 17.0736
54 191 17.1805
54 192 17.4287
54 193 17.676
54 194 17.8307
54 195 18.4175
54 196 20.4323
54 197 21.1607
54 198 22.4864
54 199 22.5365
55 0 8.85555 1 24 30 4 17 29 23 2 15 8 21 19 14 10 12 13 22 26 3 7 9 33 32 20 16 34 6 18 28 25 27 5 31 11 1 
55 1 8.85555
55 2 8.88096
55 3 8.88096
55 4 8.88096
55 5 8.88096
55 6 8.88096
55 7 8.88096
55 8 8.88096
55 9 8.88096
55 10 8.88096
55 11 8.88096
55 12 8.88096
55 13 8.88096
55 14 8.88096
55 15 8.88096
55 16 8.88096
55 17 8.88096
55 18 8.88096
55 19 8.8896
55 20 8.8896
55 21 8.8896
55 22 8.8896
55 23 8.8896
55 24 8.8896
55 25 8.8896
55 26 8.8896
55 27 8.8896
55 28 8.8896
55 29 8.8896
55 30 8.8896
55 31 8.8896
55 32 8.8896
55 33 8.8896
55 34 8.8896
55 35 8.8896
55 36 8.8896
55 37 8.8896
55 38 8.8896
55 39 8.8896
55 40 8.8896
55 41 8.8896
55 42 8.8896
55 43 8.8896
55 44 8.8896
55 45 8.8896
55 46 8.8896
55 47 8.8896
55 48 8.8896
55 49 8.8896
55 50 8.8896
55 51 8.8896
55 52 8.8896
55 53 8.8896
55 54 8.8896
55 55 8.8896
55 56 8.8896
55 57 8.8896
55 58 8.8896
55 59 8.8896
55 60 8.8896
55 61 8.8896
55 62 8.8896
55 63 8.8896
55 64 8.8896
55 65 8.8896
55 66 8.8896
55 67 8.8896
55 68 8.8896
55 69 8.8896
55 70 8.8896
55 71 8.8896
55 72 8.8896
55 73 8.8896
55 74 8.8896
55 75 8.8896
55 76 8.8896
55 77 8.8896
55 78 8.8896
55 79 8.8896
55 80 8.8896
55 81 8.8896
55 82 8.8896
55 83 8.8896
55 84 8.8896
55 85 8.8896
55 86 8.8896
55 87 8.8896
55 88 8.8896
55 89 8.8896
55 90 8.8896
55 91 8.8896
55 92 8.8896
55 93 8.8896
55 94 8.8896
55 95 8.8896
55 96 8.8896
55 97 8.8896
55 98 8.8896
55 99 8.8896
55 100 8.8896
55 101 8.8896
55 102 8.8896
55 103 8.8896
55 104 8.91501
55 105 8.91501
55 106 8.94533
55 107 9.09191
55 108 9.14147
55 109 9.15011
55 110 9.15011
55 111 9.21222
55 112 9.47703
55 113 9.51061
55 114 9.76657
55 115 9.97158
55 116 10.0642
55 117 10.1261
55 118 10.1922
55 119 10.2495
55 120 10.2795
55 121 10.4052
55 122 10.4992
55 123 10.528
55 124 10.5373
55 125 10.6769
55 126 10.7193
55 127 10.9211
55 128 10.953
55 129 10.9553
55 130 10.9802
55 131 11.0831
55 132 11.131
55 133 11.3171
55 134 11.6125
55 135 11.648
55 136 11.6805
55 137 11.785
55 138 11.823
55 139 11.8646
55 140 11.8816
55 141 12.0444
55 142 12.0699
55 143 12.0835
55 144 12.2588
55 145 12.3523
55 146 12.5559
55 147 12.6569
55 148 12.7093
55 149 12.7288
55 150 12.7395
55 151 12.8652
55 152 12.9534
55 153 12.9828
55 154 13.0206
55 155 13.0421
55 156 13.2551
55 157 13.4066
55 158 13.4204
55 159 13.4696
55 160 13.4997
55 161 13.6047
55 162 13.6047
55 163 13.6089
55 164 13.8811
55 165 13.9764
55 166 14.0464
55 167 14.2575
55 168 14.2696
55 169 14.7082
55 170 14.7511
55 171 14.8267
55 172 14.8451
55 173 14.8586
55 174 14.9082
55 175 14.9751
55 176 14.9892
55 177 15.026
55 178 15.0686
55 179 15.1492
55 180 15.3373
55 181 15.4176
55 182 15.4574
55 183 15.4843
55 184 15.5714
55 185 15.6148
55 186 15.9096
55 187 15.9791
55 188 16.2977
55 189 16.6145
55 190 16.8715
55 191 17.0268
55 192 17.0866
55 193 17.6499
55 194 17.8307
55 195 18.0039
55 196 20.272
55 197 20.4323
55 198 20.5721
55 199 22.9226
56 0 8.85555 1 24 30 4 17 29 23 2 15 8 21 19 14 10 12 13 22 26 3 7 9 33 32 20 16 34 6 18 28 25 27 5 31 11 1 
56 1 8.85555
56 2 8.85555
56 3 8.85555
56 4 8.85555
56 5 8.85555
56 6 8.85555
56 7 8.85555
56 8 8.85555
56 9 8.85555
56 10 8.85555
56 11 8.85555
56 12 8.85555
56 13 8.85555
56 14 8.85555
56 15 8.85555
56 16 8.85555
56 17 8.85555
56 18 8.85555
56 19 8.85555
56 20 8.85555
56 21 8.85555
56 22 8.87846
56 23 8.88096
56 24 8.88096
56 25 8.88096
56 26 8.88096
56 27 8.88096
56 28 8.88096
56 29 8.88096
56 30 8.88096
56 31 8.88096
56 32 8.88096
56 33 8.88096
56 34 8.88096
56 35 8.88096
56 36 8.88096
56 37 8.88096
56 38 8.88096
56 39 8.88096
56 40 8.88096
56 41 8.88096
56 42 8.88096
56 43 8.88096
56 44 8.88096
56 45 8.88096
56 46 8.88096
56 47 8.88096
56 48 8.88096
56 49 8.88096
56 50 8.88096
56 51 8.88096
56 52 8.88096
56 53 8.8896
56 54 8.8896
56 55 8.8896
56 56 8.8896
56 57 8.8896
56 58 8.8896
56 59 8.8896
56 60 8.8896
56 61 8.8896
56 62 8.8896
56 63 8.8896
56 64 8.8896
56 65 8.8896
56 66 8.8896
56 67 8.8896
56 68 8.8896
56 69 8.8896
56 70 8.8896
56 71 8.8896
56 72 8.8896
56 73 8.8896
56 74 8.8896
56 75 8.8896
56 76 8.8896
56 77 8.8896
56 78 8.8896
56 79 8.8896
56 80 8.8896
56 81 8.8896
56 82 8.8896
56 83 8.8896
56 84 8.8896
56 85 8.8896
56 86 8.8896
56 87 8.89695
56 88 8.91089
56 89 8.91501
56 90 8.91501
56 91 8.91501
56 92 8.91501
56 93 8.91501
56 94 8.91501
56 95 8.94533
56 96 8.94533
56 97 9.21222
56 98 9.22718
56 99 9.38469
56 100 9.67251
56 101 9.70776
56 102 9.86214
56 103 9.96615
56 104 9.99371
56 105 9.99371
56 106 10.0642
56 107 10.1922
56 108 10.4052
56 109 10.5373
56 110 10.5517
56 111 10.6606
56 112 10.6737
56 113 10.8394
56 114 10.9213
56 115 10.9613
56 116 10.9617
56 117 10.9799
56 118 10.9802
56 119 11.3381
56 120 11.4194
56 121 11.4508
56 122 11.6493
56 123 11.8559
56 124 11.8709
56 125 11.9861
56 126 11.9997
56 127 12.0505
56 128 12.1692
56 129 12.2248
56 130 12.2497
56 131 12.2588
56 132 12.4113
56 133 12.4347
56 134 12.581
56 135 12.5891
56 136 12.6088
56 137 12.678
56 138 12.7395
56 139 12.7527
56 140 12.8624
56 141 12.8879
56 142 12.9067
56 143 12.9932
56 144 13.078
56 145 13.1423
56 146 13.2054
56 147 13.2211
56 148 13.2224
56 149 13.4148
56 150 13.6321
56 151 13.6329
56 152 13.6357
56 153 13.7411
56 154 13.7553
56 155 14.1334
56 156 14.252
56 157 14.3109
56 158 14.5957
56 159 14.6353
56 160 14.7459
56 161 14.7509
56 162 14.7983
56 163 14.8153
56 164 14.9082
56 165 14.98
56 166 15.49
56 167 15.5714
56 168 15.6116
56 169 15.6148
56 170 15.6668
56 171 15.7175
56 172 15.7994
56 173 15.8383
56 174 15.8848
56 175 16.0691
56 176 16.1473
56 177 16.1507
56 178 16.2079
56 179 16.2977
56 180 16.4633
56 181 16.6678
56 182 16.9747
56 183 17.2255
56 184 17.5681
56 185 17.7322
56 186 18.3285
56 187 18.3575
56 188 18.5847
56 189 18.6685
56 190 18.9105
56 191 18.9513
56 192 19.1058
56 193 19.1468
56 194 19.1843
56 195 19.6926
56 196 19.9235
56 197 20.033
56 198 20.511
56 199 21.2937
57 0 8.85555 1 24 30 4 17 29 23 2 15 8 21 19 14 10 12 13 22 26 3 7 9 33 32 20 16 34 6 18 28 25 27 5 31 11 1 
57 1 8.85555
57 2 8.85555
57 3 8.85555
57 4 8.85555
57 5 8.85555
57 6 8.85555
57 7 8.85555
57 8 8.85555
57 9 8.85555
57 10 8.85555
57 11 8.85555
57 12 8.85555
57 13 8.85555
57 14 8.85555
57 15 8.85555
57 16 8.85555
57 17 8.85555
57 18 8.85555
57 19 8.85555
57 20 8.85555
57 21 8.85555
57 22 8.85555
57 23 8.85555
57 24 8.85555
57 25 8.85555
57 26 8.85555
57 27 8.85555
57 28 8.85555
57 29 8.85555
57 30 8.85555
57 31 8.85555
57 32 8.85555
57 33 8.85555
57 34 8.85555
57 35 8.85555
57 36 8.85555
57 37 8.85555
57 38 8.85555
57 39 8.85555
57 40 8.85555
57 41 8.85555
57 42 8.85555
57 43 8.85555
57 44 8.85555
57 45 8.85555
57 46 8.85555
57 47 8.85555
57 48 8.85555
57 49 8.85555
57 50 8.85555
57 51 8.85555
57 52 8.85555
57 53 8.85555
57 54 8.85555
57 55 8.88096
57 56 8.88096
57 57 8.88096
57 58 8.88096
57 59 8.88096
57 60 8.88096
57 61 8.88096
57 62 8.88096
57 63 8.88096
57 64 8.88096
57 65 8.88096
57 66 8.88096
57 67 8.88096
57 68 8.88096
57 69 8.88096
57 70 8.88096
57 71 8.88096
57 72 8.88096
57 73 8.88096
57 74 8.8896
57 75 8.8896
57 76 8.8896
57 77 8.8896
57 78 8.8896
57 79 8.8896
57 80 8.8896
57 81 8.8896
57 82 8.8896
57 83 8.8896
57 84 8.8896
57 85 8.8896
57 86 8.8896
57 87 8.8896
57 88 8.91501
57 89 9.05787
57 90 9.11606
57 91 9.15792
57 92 9.18421
57 93 9.21222
57 94 9.36677
57 95 9.38469
57 96 9.40136
57 97 9.81879
57 98 9.84414
57 99 9.86214
57 100 9.88577
57 101 9.91161
57 102 9.92759
57 103 9.9321
57 104 9.98319
57 105 9.99389
57 106 10.0242
57 107 10.0583
57 108 10.1184
57 109 10.1434
57 110 10.1488
57 111 10.1782
57 112 10.2884
57 113 10.4899
57 114 10.5517
57 115 10.5859
57 116 10.616
57 117 10.6606
57 118 10.6661
57 119 10.814
57 120 10.9178
57 121 10.9788
57 122 11.0788
57 123 11.2564
57 124 11.2718
57 125 11.3477
57 126 11.3532
57 127 11.4649
57 128 11.5638
57 129 11.6118
57 130 11.6493
57 131 11.7079
57 132 11.7546
57 133 11.7877
57 134 12.1194
57 135 12.1672
57 136 12.2874
57 137 12.2984
57 138 12.3431
57 139 12.3966
57 140 12.4436
57 141 12.5216
57 142 12.581
57 143 12.6885
57 144 12.6954
57 145 12.837
57 146 12.8879
57 147 13.2211
57 148 13.2283
57 149 13.3695
57 150 13.3797
57 151 13.3936
57 152 13.4148
57 153 13.4912
57 154 13.5619
57 155 13.6357
57 156 13.6758
57 157 13.7744
57 158 14.252
57 159 14.2642
57 160 14.3998
57 161 14.8459
57 162 14.9362
57 163 14.9493
57 164 14.98
57 165 15.085
57 166 15.1778
57 167 15.2001
57 168 15.2544
57 169 15.2644
57 170 15.3059
57 171 15.4524
57 172 15.5186
57 173 15.6545
57 174 15.6668
57 175 15.6758
57 176 15.7264
57 177 15.8436
57 178 16.1795
57 179 16.3287
57 180 16.4134
57 181 16.5111
57 182 16.6678
57 183 16.6678
57 184 16.6678
57 185 16.9689
57 186 17.148
57 187 17.471
57 188 17.4759
57 189 17.7442
57 190 17.7969
57 191 18.3319
57 192 18.9552
57 193 19.168
57 194 19.3123
57 195 19.766
57 196 20.5179
57 197 22.2815
57 198 22.5958
57 199 22.9187
58 0 8.85555 1 24 30 4 17 29 23 2 15 8 21 19 14 10 12 13 22 26 3 7 9 33 32 20 16 34 6 18 28 25 27 5 31 11 1 
58 1 8.85555
58 2 8.85555
58 3 8.85555
58 4 8.85555
58 5 8.85555
58 6 8.85555
58 7 8.85555
58 8 8.85555
58 9 8.85555
58 10 8.85555
58 11 8.85555
58 12 8.85555
58 13 8.85555
58 14 8.85555
58 15 8.85555
58 16 8.85555
58 17 8.85555
58 18 8.85555
58 19 8.85555
58 20 8.85555
58 21 8.85555
58 22 8.85555
58 23 8.85555
58 24 8.85555
58 25 8.85555
58 26 8.85555
58 27 8.85555
58 28 8.85555
58 29 8.85555
58 30 8.85555
58 31 8.85555
58 32 8.85555
58 33 8.85555
58 34 8.85555
58 35 8.85555
58 36 8.85555
58 37 8.85555
58 38 8.85555
58 39 8.85555
58 40 8.85555
58 41 8.85555
58 42 8.85555
58 43 8.85555
58 44 8.85555
58 45 8.85555
58 46 8.85555
58 47 8.85555
58 48 8.85555
58 49 8.85555
58 50 8.85555
58 51 8.85555
58 52 8.85555
58 53 8.85555
58 54 8.85555
58 55 8.85555
58 56 8.85555
58 57 8.85555
58 58 8.85555
58 59 8.85555
58 60 8.85555
58 61 8.85555
58 62 8.85555
58 63 8.85555
58 64 8.85555
58 65 8.85555
58 66 8.85555
58 67 8.85555
58 68 8.85555
58 69 8.85555
58 70 8.85555
58 71 8.85555
58 72 8.88096
58 73 8.88096
58 74 8.88096
58 75 8.88096
58 76 8.88096
58 77 8.88096
58 78 8.88096
58 79 8.8896
58 80 8.8896
58 81 8.8896
58 82 8.8896
58 83 8.8896
58 84 8.8896
58 85 8.8896
58 86 8.8896
58 87 8.91128
58 88 9.11606
58 89 9.18421
58 90 9.48748
58 91 9.81879
58 92 9.84414
58 93 9.86775
58 94 9.92759
58 95 10.0242
58 96 10.0774
58 97 10.1739
58 98 10.2277
58 99 10.3288
58 100 10.4629
58 101 10.4899
58 102 10.5517
58 103 10.5574
58 104 10.632
58 105 10.632
58 106 10.6606
58 107 10.662
58 108 10.814
58 109 10.814
58 110 10.9599
58 111 10.9749
58 112 11.0788
58 113 11.1116
58 114 11.2718
58 115 11.2718
58 116 11.2718
58 117 11.3015
58 118 11.3532
58 119 11.456
58 120 11.5535
58 121 11.6139
58 122 11.7877
58 123 11.8113
58 124 11.817
58 125 11.8897
58 126 12.1621
58 127 12.3876
58 128 12.4339
58 129 12.4935
58 130 12.5768
58 131 12.581
58 132 12.5823
58 133 12.587
58 134 12.6096
58 135 12.6588
58 136 12.6906
58 137 12.7221
58 138 12.7937
58 139 12.8194
58 140 12.837
58 141 12.837
58 142 12.9151
58 143 12.933
58 144 13.044
58 145 13.0526
58 146 13.14
58 147 13.3878
58 148 13.414
58 149 13.4148
58 150 13.4204
58 151 13.4457
58 152 13.4912
58 153 13.4912
58 154 13.791
58 155 13.89
58 156 13.8983
58 157 14.3101
58 158 14.3186
58 159 14.7605
58 160 14.7983
58 161 14.9055
58 162 15.0687
58 163 15.1778
58 164 15.2644
58 165 15.2644
58 166 15.3134
58 167 15.4524
58 168 15.6423
58 169 15.6515
58 170 15.6625
58 171 15.6758
58 172 15.741
58 173 15.7954
58 174 15.8549
58 175 16.007
58 176 16.0641
58 177 16.1087
58 178 16.2993
58 179 16.3614
58 180 16.5111
58 181 16.6678
58 182 16.6699
58 183 16.924
58 184 17.1369
58 185 17.3
58 186 17.3171
58 187 18.1147
58 188 18.355
58 189 18.3926
58 190 18.4278
58 191 19.6193
58 192 19.7399
58 193 19.7861
58 194 19.87
58 195 20.0799
58 196 20.2451
58 197 20.4642
58 198 21.2743
58 199 22.9779
59 0 8.85555 1 24 30 4 17 29 23 2 15 8 21 19 14 10 12 13 22 26 3 7 9 33 32 20 16 34 6 18 28 25 27 5 31 11 1 
59 1 8.85555
59 2 8.85555
59 3 8.85555
59 4 8.85555
59 5 8.85555
59 6 8.85555
59 7 8.85555
59 8 8.85555
59 9 8.85555
59 10 8.85555
59 11 8.85555
59 12 8.85555
59 13 8.85555
59 14 8.85555
59 15 8.85555
59 16 8.85555
59 17 8.85555
59 18 8.85555
59 19 8.85555
59 20 8.85555
59 21 8.85555
59 22 8.85555
59 23 8.85555
59 24 8.85555
59 25 8.85555
59 26 8.85555
59 27 8.85555
59 28 8.85555
59 29 8.85555
59 30 8.85555
59 31 8.85555
59 32 8.85555
59 33 8.85555
59 34 8.85555
59 35 8.85555
59 36 8.85555
59 37 8.85555
59 38 8.85555
59 39 8.85555
59 40 8.85555
59 41 8.85555
59 42 8.85555
59 43 8.85555
59 44 8.85555
59 45 8.85555
59 46 8.85555
59 47 8.85555
59 48 8.85555
59 49 8.85555
59 50 8.85555
59 51 8.85555
59 52 8.85555
59 53 8.85555
59 54 8.85555
59 55 8.85555
59 56 8.85555
59 57 8.85555
59 58 8.85555
59 59 8.85555
59 60 8.85555
59 61 8.85555
59 62 8.85555
59 63 8.85555
59 64 8.85555
59 65 8.85555
59 66 8.85555
59 67 8.85555
59 68 8.85555
59 69 8.85555
59 70 8.85555
59 71 8.85555
59 72 8.85555
59 73 8.85555
59 74 8.85555
59 75 8.85555
59 76 8.85555
59 77 8.85555
59 78 8.85555
59 79 8.85555
59 80 8.85555
59 81 8.85555
59 82 8.85555
59 83 8.85555
59 84 8.85555
59 85 8.85555
59 86 8.85555
59 87 8.85555
59 88 8.85555
59 89 8.85555
59 90 8.88096
59 91 8.88096
59 92 8.88096
59 93 8.88096
59 94 8.91138
59 95 8.92065
59 96 9.16486
59 97 9.17817
59 98 9.46103
59 99 9.66598
59 100 9.76657
59 101 9.84414
59 102 10.0307
59 103 10.0641
59 104 10.1124
59 105 10.1584
59 106 10.2325
59 107 10.2883
59 108 10.3615
59 109 10.3705
59 110 10.4899
59 111 10.5102
59 112 10.6352
59 113 10.814
59 114 10.8287
59 115 10.9621
59 116 11.0563
59 117 11.1516
59 118 11.1969
59 119 11.2667
59 120 11.2718
59 121 11.3015
59 122 11.3919
59 123 11.582
59 124 11.6171
59 125 11.6458
59 126 11.6821
59 127 11.6906
59 128 11.6947
59 129 11.7772
59 130 11.886
59 131 12.0121
59 132 12.0299
59 133 12.0622
59 134 12.0919
59 135 12.1025
59 136 12.1076
59 137 12.1332
59 138 12.1429
59 139 12.2494
59 140 12.2882
59 141 12.4217
59 142 12.4339
59 143 12.4973
59 144 12.582
59 145 12.6588
59 146 12.7224
59 147 12.7323
59 148 12.8194
59 149 12.9111
59 150 12.933
59 151 13.0167
59 152 13.044
59 153 13.0498
59 154 13.3433
59 155 13.3878
59 156 13.414
59 157 13.4912
59 158 13.495
59 159 13.5088
59 160 13.89
59 161 13.9526
59 162 14.1759
59 163 14.2767
59 164 14.397
59 165 14.7113
59 166 14.734
59 167 14.7468
59 168 15.2863
59 169 15.321
59 170 15.4358
59 171 15.4524
59 172 15.4524
59 173 15.4524
59 174 15.5187
59 175 15.5225
59 176 15.6097
59 177 15.6423
59 178 15.6423
59 179 15.7408
59 180 15.8549
59 181 15.9172
59 182 16.0053
59 183 16.1087
59 184 16.2797
59 185 16.2993
59 186 16.4136
59 187 16.4883
59 188 16.5447
59 189 16.5586
59 190 16.9209
59 191 16.924
59 192 17.3459
59 193 17.4096
59 194 18.4364
59 195 19.3347
59 196 19.4923
59 197 19.7399
59 198 20.2536
59 199 24.8697
60 0 8.85555 1 24 30 4 17 29 23 2 15 8 21 19 14 10 12 13 22 26 3 7 9 33 32 20 16 34 6 18 28 25 27 5 31 11 1 
60 1 8.85555
60 2 8.85555
60 3 8.85555
60 4 8.85555
60 5 8.85555
60 6 8.85555
60 7 8.85555
60 8 8.85555
60 9 8.85555
60 10 8.85555
60 11 8.85555
60 12 8.85555
60 13 8.85555
60 14 8.85555
60 15 8.85555
60 16 8.85555
60 17 8.85555
60 18 8.85555
60 19 8.85555
60 20 8.85555
60 21 8.85555
60 22 8.85555
60 23 8.85555
60 24 8.85555
60 25 8.85555
60 26 8.85555
60 27 8.85555
60 28 8.85555
60 29 8.85555
60 30 8.85555
60 31 8.85555
60 32 8.85555
60 33 8.85555
60 34 8.85555
60 35 8.85555
60 36 8.85555
60 37 8.85555
60 38 8.85555
60 39 8.85555
60 40 8.85555
60 41 8.85555
60 42 8.85555
60 43 8.85555
60 44 8.85555
60 45 8.85555
60 46 8.85555
60 47 8.85555
60 48 8.85555
60 49 8.85555
60 50 8.85555
60 51 8.85555
60 52 8.85555
60 53 8.85555
60 54 8.85555
60 55 8.85555
60 56 8.85555
60 57 8.85555
60 58 8.85555
60 59 8.85555
60 60 8.85555
60 61 8.85555
60 62 8.85555
60 63 8.85555
60 64 8.85555
60 65 8.85555
60 66 8.85555
60 67 8.85555
60 68 8.85555
60 69 8.85555
60 70 8.85555
60 71 8.85555
60 72 8.85555
60 73 8.85555
60 74 8.85555
60 75 8.85555
60 76 8.85555
60 77 8.85555
60 78 8.85555
60 79 8.85555
60 80 8.85555
60 81 8.85555
60 82 8.85555
60 83 8.85555
60 84 8.85555
60 85 8.85555
60 86 8.85555
60 87 8.85555
60 88 8.85555
60 89 8.85555
60 90 8.85555
60 91 8.8629
60 92 8.86313
60 93 8.86845
60 94 8.87733
60 95 8.91089
60 96 8.91089
60 97 8.91138
60 98 8.91138
60 99 8.92065
60 100 8.94533
60 101 9.06924
60 102 9.12225
60 103 9.1229
60 104 9.17817
60 105 9.59164
60 106 9.84414
60 107 9.84414
60 108 9.84414
60 109 9.84414
60 110 9.84414
60 111 9.97661
60 112 10.0053
60 113 10.0351
60 114 10.0969
60 115 10.1584
60 116 10.2883
60 117 10.2883
60 118 10.5634
60 119 10.9973
60 120 11.0458
60 121 11.0511
60 122 11.0788
60 123 11.2718
60 124 11.2718
60 125 11.2718
60 126 11.2835
60 127 11.4609
60 128 11.582
60 129 11.6018
60 130 11.6821
60 131 11.7209
60 132 11.7651
60 133 11.7772
60 134 11.7829
60 135 11.9028
60 136 11.9352
60 137 12.0003
60 138 12.0299
60 139 12.0919
60 140 12.1443
60 141 12.1982
60 142 12.2063
60 143 12.3091
60 144 12.4217
60 145 12.4935
60 146 12.5421
60 147 12.5901
60 148 12.5905
60 149 12.6215
60 150 12.7244
60 151 12.7258
60 152 12.7456
60 153 12.7549
60 154 13.0002
60 155 13.0498
60 156 13.1592
60 157 13.2588
60 158 13.3862
60 159 13.4331
60 160 13.4853
60 161 13.6025
60 162 13.6733
60 163 13.7303
60 164 13.9789
60 165 14.2313
60 166 14.2506
60 167 14.4672
60 168 14.5531
60 169 14.7113
60 170 14.7372
60 171 14.7813
60 172 14.7913
60 173 14.8868
60 174 14.9489
60 175 15.0816
60 176 15.1833
60 177 15.2365
60 178 15.2883
60 179 15.2893
60 180 15.2938
60 181 15.4358
60 182 15.4524
60 183 15.4615
60 184 15.4686
60 185 15.5839
60 186 15.6554
60 187 15.7345
60 188 15.8575
60 189 15.9171
60 190 16.0536
60 191 16.1033
60 192 16.1798
60 193 17.2744
60 194 19.3399
60 195 20.0675
60 196 20.1144
60 197 20.2536
60 198 20.8992
60 199 21.5985
61 0 8.85555 1 24 30 4 17 29 23 2 15 8 21 19 14 10 12 13 22 26 3 7 9 33 32 20 16 34 6 18 28 25 27 5 31 11 1 
61 1 8.85555
61 2 8.85555
61 3 8.85555
61 4 8.85555
61 5 8.85555
61 6 8.85555
61 7 8.85555
61 8 8.85555
61 9 8.85555
61 10 8.85555
61 11 8.85555
61 12 8.85555
61 13 8.85555
61 14 8.85555
61 15 8.85555
61 16 8.85555
61 17 8.85555
61 18 8.85555
61 19 8.85555
61 20 8.85555
61 21 8.85555
61 22 8.85555
61 23 8.85555
61 24 8.85555
61 25 8.85555
61 26 8.85555
61 27 8.85555
61 28 8.85555
61 29 8.85555
61 30 8.85555
61 31 8.85555
61 32 8.85555
61 33 8.85555
61 34 8.85555
61 35 8.85555
61 36 8.85555
61 37 8.85555
61 38 8.85555
61 39 8.85555
61 40 8.85555
61 41 8.85555
61 42 8.85555
61 43 8.85555
61 44 8.85555
61 45 8.85555
61 46 8.85555
61 47 8.85555
61 48 8.85555
61 49 8.85555
61 50 8.85555
61 51 8.85555
61 52 8.85555
61 53 8.85555
61 54 8.85555
61 55 8.85555
61 56 8.85555
61 57 8.85555
61 58 8.85555
61 59 8.85555
61 60 8.85555
61 61 8.85555
61 62 8.85555
61 63 8.85555
61 64 8.85555
61 65 8.85555
61 66 8.85555
61 67 8.85555
61 68 8.85555
61 69 8.85555
61 70 8.85555
61 71 8.85555
61 72 8.85555
61 73 8.85555
61 74 8.85555
61 75 8.85555
61 76 8.85555
61 77 8.85555
61 78 8.85555
61 79 8.85555
61 80 8.85555
61 81 8.85555
61 82 8.85555
61 83 8.85555
61 84 8.85555
61 85 8.85555
61 86 8.85555
61 87 8.85555
61 88 8.85555
61 89 8.85555
61 90 8.85555
61 91 8.85555
61 92 8.85555
61 93 8.85555
61 94 8.85555
61 95 8.85555
61 96 8.85555
61 97 8.8896
61 98 9.05787
61 99 9.12225
61 100 9.18421
61 101 9.21643
61 102 9.27392
61 103 9.46103
61 104 9.74978
61 105 9.82563
61 106 9.84414
61 107 9.89185
61 108 9.89185
61 109 9.89499
61 110 10.001
61 111 10.0053
61 112 10.0083
61 113 10.0293
61 114 10.0969
61 115 10.1336
61 116 10.1598
61 117 10.1616
61 118 10.334
61 119 10.6192
61 120 10.9267
61 121 11.0061
61 122 11.01
61 123 11.03
61 124 11.0398
61 125 11.1314
61 126 11.1834
61 127 11.3603
61 128 11.3615
61 129 11.5374
61 130 11.5579
61 131 11.5718
61 132 11.6139
61 133 11.6167
61 134 11.6188
61 135 11.6379
61 136 11.6821
61 137 11.6947
61 138 11.7651
61 139 11.7772
61 140 11.7925
61 141 11.8868
61 142 11.8976
61 143 11.9028
61 144 12.0049
61 145 12.0144
61 146 12.0824
61 147 12.1411
61 148 12.2471
61 149 12.2892
61 150 12.3091
61 151 12.3747
61 152 12.4831
61 153 12.5708
61 154 12.6531
61 155 12.7758
61 156 12.8334
61 157 12.8595
61 158 12.918
61 159 12.9264
61 160 12.9458
61 161 13.0002
61 162 13.173
61 163 13.2588
61 164 13.4139
61 165 13.7118
61 166 13.8891
61 167 14.1332
61 168 14.2135
61 169 14.2501
61 170 14.2506
61 171 14.3108
61 172 14.3657
61 173 14.5397
61 174 14.7151
61 175 14.7455
61 176 14.7597
61 177 14.7813
61 178 14.8386
61 179 15.0707
61 180 15.2548
61 181 15.2893
61 182 15.4024
61 183 15.4424
61 184 15.4615
61 185 15.496
61 186 15.6519
61 187 16.0536
61 188 16.2607
61 189 16.3084
61 190 16.5727
61 191 16.8829
61 192 16.8927
61 193 17.0934
61 194 17.1352
61 195 18.4517
61 196 20.4716
61 197 20.4869
61 198 20.5642
61 199 24.2156
62 0 8.85555 1 24 30 4 17 29 23 2 15 8 21 19 14 10 12 13 22 26 3 7 9 33 32 20 16 34 6 18 28 25 27 5 31 11 1 
62 1 8.85555
62 2 8.85555
62 3 8.85555
62 4 8.85555
62 5 8.85555
62 6 8.85555
62 7 8.85555
62 8 8.85555
62 9 8.85555
62 10 8.85555
62 11 8.85555
62 12 8.85555
62 13 8.85555
62 14 8.85555
62 15 8.85555
62 16 8.85555
62 17 8.85555
62 18 8.85555
62 19 8.85555
62 20 8.85555
62 21 8.85555
62 22 8.85555
62 23 8.85555
62 24 8.85555
62 25 8.85555
62 26 8.85555
62 27 8.85555
62 28 8.85555
62 29 8.85555
62 30 8.85555
62 31 8.85555
62 32 8.85555
62 33 8.85555
62 34 8.85555
62 35 8.85555
62 36 8.85555
62 37 8.85555
62 38 8.85555
62 39 8.85555
62 40 8.85555
62 41 8.85555
62 42 8.85555
62 43 8.85555
62 44 8.85555
62 45 8.85555
62 46 8.85555
62 47 8.85555
62 48 8.85555
62 49 8.85555
62 50 8.85555
62 51 8.85555
62 52 8.85555
62 53 8.85555
62 54 8.85555
62 55 8.85555
62 56 8.85555
62 57 8.85555
62 58 8.85555
62 59 8.85555
62 60 8.85555
62 61 8.85555
62 62 8.85555
62 63 8.85555
62 64 8.85555
62 65 8.85555
62 66 8.85555
62 67 8.85555
62 68 8.85555
62 69 8.85555
62 70 8.85555
62 71 8.85555
62 72 8.85555
62 73 8.85555
62 74 8.85555
62 75 8.85555
62 76 8.85555
62 77 8.85555
62 78 8.85555
62 79 8.85555
62 80 8.85555
62 81 8.85555
62 82 8.85555
62 83 8.85555
62 84 8.85555
62 85 8.85555
62 86 8.85555
62 87 8.85555
62 88 8.85555
62 89 8.85555
62 90 8.85555
62 91 8.85555
62 92 8.85555
62 93 8.85555
62 94 8.85555
62 95 8.85555
62 96 8.85555
62 97 8.85555
62 98 8.85555
62 99 8.85555
62 100 8.85555
62 101 8.85555
62 102 8.85555
62 103 8.85555
62 104 8.91138
62 105 9.05787
62 106 9.06902
62 107 9.12225
62 108 9.38469
62 109 9.77784
62 110 9.84414
62 111 9.92759
62 112 10.001
62 113 10.0083
62 114 10.0279
62 115 10.0814
62 116 10.1336
62 117 10.1739
62 118 10.1842
62 119 10.4631
62 120 10.5032
62 121 10.6996
62 122 10.9053
62 123 10.9267
62 124 11.01
62 125 11.0227
62 126 11.0334
62 127 11.0398
62 128 11.0407
62 129 11.1162
62 130 11.2036
62 131 11.2564
62 132 11.2885
62 133 11.3603
62 134 11.3603
62 135 11.3603
62 136 11.4308
62 137 11.5351
62 138 11.5374
62 139 11.5718
62 140 11.7809
62 141 11.7925
62 142 11.9028
62 143 12.0556
62 144 12.2471
62 145 12.3304
62 146 12.3747
62 147 12.5862
62 148 12.6531
62 149 12.7999
62 150 12.8595
62 151 12.9283
62 152 12.9832
62 153 13.0002
62 154 13.0763
62 155 13.1642
62 156 13.1767
62 157 13.3565
62 158 13.619
62 159 13.6316
62 160 13.7333
62 161 13.8212
62 162 13.8721
62 163 13.958
62 164 14.0071
62 165 14.1419
62 166 14.3156
62 167 14.3785
62 168 14.3815
62 169 14.4646
62 170 14.5709
62 171 14.73
62 172 14.958
62 173 15.2548
62 174 15.4024
62 175 15.4024
62 176 15.4174
62 177 15.4358
62 178 15.508
62 179 15.5122
62 180 15.5211
62 181 15.526
62 182 15.5408
62 183 15.6411
62 184 15.6989
62 185 15.8677
62 186 15.9314
62 187 15.9745
62 188 16.2579
62 189 16.2607
62 190 16.6611
62 191 16.6677
62 192 17.1213
62 193 17.4534
62 194 17.9311
62 195 17.9544
62 196 19.0395
62 197 19.338
62 198 20.5642
62 199 22.6784
63 0 8.85347 1 24 23 4 17 29 30 2 15 8 21 19 14 10 12 13 22 26 3 7 9 33 32 20 16 34 6 18 28 25 27 5 31 11 1 
63 1 8.85555
63 2 8.85555
63 3 8.85555
63 4 8.85555
63 5 8.85555
63 6 8.85555
63 7 8.85555
63 8 8.85555
63 9 8.85555
63 10 8.85555
63 11 8.85555
63 12 8.85555
63 13 8.85555
63 14 8.85555
63 15 8.85555
63 16 8.85555
63 17 8.85555
63 18 8.85555
63 19 8.85555
63 20 8.85555
63 21 8.85555
63 22 8.85555
63 23 8.85555
63 24 8.85555
63 25 8.85555
63 26 8.85555
63 27 8.85555
63 28 8.85555
63 29 8.85555
63 30 8.85555
63 31 8.85555
63 32 8.85555
63 33 8.85555
63 34 8.85555
63 35 8.85555
63 36 8.85555
63 37 8.85555
63 38 8.85555
63 39 8.85555
63 40 8.85555
63 41 8.85555
63 42 8.85555
63 43 8.85555
63 44 8.85555
63 45 8.85555
63 46 8.85555
63 47 8.85555
63 48 8.85555
63 49 8.85555
63 50 8.85555
63 51 8.85555
63 52 8.85555
63 53 8.85555
63 54 8.85555
63 55 8.85555
63 56 8.85555
63 57 8.85555
63 58 8.85555
63 59 8.85555
63 60 8.85555
63 61 8.85555
63 62 8.85555
63 63 8.85555
63 64 8.85555
63 65 8.85555
63 66 8.85555
63 67 8.85555
63 68 8.85555
63 69 8.85555
63 70 8.85555
63 71 8.85555
63 72 8.85555
63 73 8.85555
63 74 8.85555
63 75 8.85555
63 76 8.85555
63 77 8.85555
63 78 8.85555
63 79 8.85555
63 80 8.85555
63 81 8.85555
63 82 8.85555
63 83 8.85555
63 84 8.85555
63 85 8.85555
63 86 8.85555
63 87 8.85555
63 88 8.85555
63 89 8.85555
63 90 8.85555
63 91 8.85555
63 92 8.85555
63 93 8.85555
63 94 8.85555
63 95 8.85555
63 96 8.85555
63 97 8.85555
63 98 8.85555
63 99 8.85555
63 100 8.85555
63 101 8.85555
63 102 8.85555
63 103 8.85555
63 104 8.85555
63 105 8.85555
63 106 8.85555
63 107 8.85555
63 108 8.85555
63 109 8.85555
63 110 8.85555
63 111 8.85555
63 112 8.8629
63 113 9.06902
63 114 9.1166
63 115 9.12225
63 116 9.33679
63 117 9.70666
63 118 9.72572
63 119 9.76138
63 120 9.76862
63 121 9.78835
63 122 9.84234
63 123 9.84414
63 124 9.84414
63 125 9.89185
63 126 9.94037
63 127 10.0105
63 128 10.0582
63 129 10.0675
63 130 10.1336
63 131 10.1739
63 132 10.2015
63 133 10.5229
63 134 10.8258
63 135 10.8301
63 136 10.9274
63 137 10.9409
63 138 11.0722
63 139 11.2535
63 140 11.4344
63 141 11.4778
63 142 11.4881
63 143 11.4896
63 144 11.5456
63 145 11.798
63 146 11.8715
63 147 11.9616
63 148 12.022
63 149 12.0297
63 150 12.094
63 151 12.1076
63 152 12.2569
63 153 12.3082
63 154 12.3304
63 155 12.3865
63 156 12.4214
63 157 12.4876
63 158 12.5167
63 159 12.6357
63 160 12.6451
63 161 12.8334
63 162 12.8595
63 163 12.8661
63 164 12.8833
63 165 13.1767
63 166 13.2271
63 167 13.5485
63 168 13.7157
63 169 13.7165
63 170 13.8095
63 171 13.8769
63 172 13.9665
63 173 13.9825
63 174 14.1419
63 175 14.227
63 176 14.558
63 177 14.8351
63 178 14.9409
63 179 14.9902
63 180 15.2971
63 181 15.3454
63 182 15.5122
63 183 15.6178
63 184 15.6227
63 185 15.6543
63 186 15.6868
63 187 16.6356
63 188 17.1503
63 189 17.5535
63 190 17.6352
63 191 17.8813
63 192 18.6294
63 193 18.9627
63 194 19.8912
63 195 20.8136
63 196 22.0531
63 197 22.3561
63 198 22.6784
63 199 24.7358
64 0 8.39821 1 24 2 15 8 21 19 14 10 12 13 22 26 3 7 9 33 32 20 16 34 6 18 28 25 27 5 31 11 30 4 17 29 23 1 
64 1 8.75467
64 2 8.85347
64 3 8.85347
64 4 8.85347
64 5 8.85347
64 6 8.85347
64 7 8.85347
64 8 8.85347
64 9 8.85347
64 10 8.85347
64 11 8.85347
64 12 8.85347
64 13 8.85347
64 14 8.85347
64 15 8.85347
64 16 8.85347
64 17 8.85347
64 18 8.85347
64 19 8.85347
64 20 8.85555
64 21 8.85555
64 22 8.85555
64 23 8.85555
64 24 8.85555
64 25 8.85555
64 26 8.85555
64 27 8.85555
64 28 8.85555
64 29 8.85555
64 30 8.85555
64 31 8.85555
64 32 8.85555
64 33 8.85555
64 34 8.85555
64 35 8.85555
64 36 8.85555
64 37 8.85555
64 38 8.85555
64 39 8.85555
64 40 8.85555
64 41 8.85555
64 42 8.85555
64 43 8.85555
64 44 8.85555
64 45 8.85555
64 46 8.85555
64 47 8.85555
64 48 8.85555
64 49 8.85555
64 50 8.85555
64 51 8.85555
64 52 8.85555
64 53 8.85555
64 54 8.85555
64 55 8.85555
64 56 8.85555
64 57 8.85555
64 58 8.85555
64 59 8.85555
64 60 8.85555
64 61 8.85555
64 62 8.85555
64 63 8.85555
64 64 8.85555
64 65 8.85555
64 66 8.85555
64 67 8.85555
64 68 8.85555
64 69 8.85555
64 70 8.85555
64 71 8.85555
64 72 8.85555
64 73 8.85555
64 74 8.85555
64 75 8.85555
64 76 8.85555
64 77 8.85555
64 78 8.85555
64 79 8.85555
64 80 8.85555
64 81 8.85555
64 82 8.85555
64 83 8.85555
64 84 8.85555
64 85 8.85555
64 86 8.85555
64 87 8.85555
64 88 8.85555
64 89 8.85555
64 90 8.85555
64 91 8.85555
64 92 8.85555
64 93 8.85555
64 94 8.85555
64 95 8.85555
64 96 8.85555
64 97 8.85555
64 98 8.85555
64 99 8.85555
64 100 8.85555
64 101 8.85555
64 102 8.85555
64 103 8.8629
64 104 9.34497
64 105 9.42107
64 106 9.42107
64 107 9.42107
64 108 9.46691
64 109 9.72572
64 110 9.8262
64 111 9.84414
64 112 9.94037
64 113 10.001
64 114 10.0178
64 115 10.0266
64 116 10.0675
64 117 10.5364
64 118 10.5752
64 119 10.6041
64 120 10.8575
64 121 11.0722
64 122 11.4508
64 123 11.4881
64 124 11.7383
64 125 11.798
64 126 11.8441
64 127 11.9633
64 128 12.0265
64 129 12.135
64 130 12.1444
64 131 12.1583
64 132 12.1621
64 133 12.2021
64 134 12.2614
64 135 12.2854
64 136 12.3099
64 137 12.3354
64 138 12.3431
64 139 12.4097
64 140 12.4319
64 141 12.5191
64 142 12.5527
64 143 12.587
64 144 12.6147
64 145 12.6229
64 146 12.6277
64 147 12.6643
64 148 12.698
64 149 12.7046
64 150 12.7118
64 151 12.7155
64 152 12.7263
64 153 12.7268
64 154 12.949
64 155 12.9572
64 156 12.9607
64 157 12.9783
64 158 13.0489
64 159 13.0841
64 160 13.3854
64 161 13.5485
64 162 13.5732
64 163 13.6749
64 164 13.7012
64 165 13.8491
64 166 14.0362
64 167 14.3946
64 168 14.409
64 169 14.4636
64 170 14.5279
64 171 14.7114
64 172 14.8385
64 173 15.0233
64 174 15.281
64 175 15.2893
64 176 15.4073
64 177 15.5213
64 178 15.69
64 179 15.7847
64 180 15.8039
64 181 15.8806
64 182 16.0038
64 183 16.1264
64 184 16.7484
64 185 16.8108
64 186 16.8358
64 187 17.127
64 188 17.9606
64 189 18.3245
64 190 18.5058
64 191 18.5959
64 192 18.653
64 193 19.7463
64 194 21.5214
64 195 22.0531
64 196 22.0617
64 197 22.6916
64 198 24.2606
64 199 29.4674
65 0 8.39821 1 24 2 15 8 21 19 14 10 12 13 22 26 3 7 9 33 32 20 16 34 6 18 28 25 27 5 31 11 30 4 17 29 23 1 
65 1 8.39821
65 2 8.39821
65 3 8.39821
65 4 8.69668
65 5 8.75258
65 6 8.75258
65 7 8.75258
65 8 8.75467
65 9 8.85166
65 10 8.85347
65 11 8.85347
65 12 8.85347
65 13 8.85347
65 14 8.85347
65 15 8.85347
65 16 8.85347
65 17 8.85347
65 18 8.85347
65 19 8.85347
65 20 8.85347
65 21 8.85347
65 22 8.85347
65 23 8.85347
65 24 8.85347
65 25 8.85347
65 26 8.85347
65 27 8.85347
65 28 8.85347
65 29 8.85347
65 30 8.85347
65 31 8.85347
65 32 8.85347
65 33 8.85347
65 34 8.85347
65 35 8.85347
65 36 8.85347
65 37 8.85347
65 38 8.85347
65 39 8.85347
65 40 8.85347
65 41 8.85347
65 42 8.85555
65 43 8.85555
65 44 8.85555
65 45 8.85555
65 46 8.85555
65 47 8.85555
65 48 8.85555
65 49 8.85555
65 50 8.85555
65 51 8.85555
65 52 8.85555
65 53 8.85555
65 54 8.85555
65 55 8.85555
65 56 8.85555
65 57 8.85555
65 58 8.85555
65 59 8.85555
65 60 8.85555
65 61 8.85555
65 62 8.85555
65 63 8.85555
65 64 8.85555
65 65 8.85555
65 66 8.85555
65 67 8.85555
65 68 8.85555
65 69 8.85555
65 70 8.85555
65 71 8.85555
65 72 8.85555
65 73 8.85555
65 74 8.85555
65 75 8.85555
65 76 8.85555
65 77 8.85555
65 78 8.85555
65 79 8.85555
65 80 8.85555
65 81 8.85555
65 82 8.85555
65 83 8.92641
65 84 8.94935
65 85 8.97039
65 86 8.97039
65 87 9.14228
65 88 9.31602
65 89 9.34497
65 90 9.34497
65 91 9.42107
65 92 9.5795
65 93 9.70866
65 94 9.71032
65 95 9.71348
65 96 9.72572
65 97 9.76862
65 98 9.8267
65 99 9.94037
65 100 10.001
65 101 10.0231
65 102 10.0245
65 103 10.0675
65 104 10.1218
65 105 10.122
65 106 10.2296
65 107 10.3315
65 108 10.5731
65 109 10.5752
65 110 10.5766
65 111 10.5766
65 112 10.6405
65 113 10.6537
65 114 10.8575
65 115 10.8741
65 116 10.8977
65 117 11.0626
65 118 11.0701
65 119 11.1181
65 120 11.4512
65 121 11.6139
65 122 11.7553
65 123 11.7703
65 124 11.7743
65 125 11.7743
65 126 11.8411
65 127 11.9877
65 128 12.0309
65 129 12.0512
65 130 12.0634
65 131 12.1511
65 132 12.1519
65 133 12.1621
65 134 12.1675
65 135 12.1868
65 136 12.3373
65 137 12.3861
65 138 12.5351
65 139 12.6147
65 140 12.6759
65 141 12.7463
65 142 12.8134
65 143 12.9298
65 144 13.1624
65 145 13.1757
65 146 13.3545
65 147 13.3799
65 148 13.3854
65 149 13.4331
65 150 13.5485
65 151 13.6025
65 152 13.6451
65 153 13.6607
65 154 13.6946
65 155 13.7012
65 156 13.7118
65 157 13.9825
65 158 14.4636
65 159 14.5003
65 160 14.5261
65 161 14.6942
65 162 14.7353
65 163 14.7721
65 164 14.7825
65 165 14.8937
65 166 15.0233
65 167 15.1348
65 168 15.1977
65 169 15.2842
65 170 15.2855
65 171 15.2864
65 172 15.5048
65 173 15.5232
65 174 15.5427
65 175 15.5555
65 176 15.6339
65 177 15.769
65 178 15.7899
65 179 15.857
65 180 15.9172
65 181 15.9287
65 182 15.9615
65 183 16.1264
65 184 16.21
65 185 16.2961
65 186 16.3341
65 187 16.8038
65 188 16.8765
65 189 17.0932
65 190 17.7167
65 191 18.2431
65 192 18.8261
65 193 18.8268
65 194 18.9022
65 195 19.1855
65 196 19.3346
65 197 20.235
65 198 21.1367
65 199 29.4674
66 0 8.39821 1 24 2 15 8 21 19 14 10 12 13 22 26 3 7 9 33 32 20 16 34 6 18 28 25 27 5 31 11 30 4 17 29 23 1 
66 1 8.39821
66 2 8.39821
66 3 8.39821
66 4 8.39821
66 5 8.39821
66 6 8.39821
66 7 8.39821
66 8 8.39821
66 9 8.39821
66 10 8.39821
66 11 8.39821
66 12 8.39821
66 13 8.39821
66 14 8.46199
66 15 8.69668
66 16 8.75258
66 17 8.75258
66 18 8.75467
66 19 8.75467
66 20 8.75467
66 21 8.75467
66 22 8.85347
66 23 8.85347
66 24 8.85347
66 25 8.85347
66 26 8.85347
66 27 8.85347
66 28 8.85347
66 29 8.85347
66 30 8.85347
66 31 8.85347
66 32 8.85347
66 33 8.85347
66 34 8.85347
66 35 8.85347
66 36 8.85347
66 37 8.85347
66 38 8.85347
66 39 8.85347
66 40 8.85347
66 41 8.85347
66 42 8.85347
66 43 8.85347
66 44 8.85347
66 45 8.85347
66 46 8.85347
66 47 8.85347
66 48 8.85347
66 49 8.85347
66 50 8.85347
66 51 8.85555
66 52 8.85555
66 53 8.85555
66 54 8.85555
66 55 8.85555
66 56 8.85555
66 57 8.85555
66 58 8.85555
66 59 8.85555
66 60 8.85555
66 61 8.85555
66 62 8.85555
66 63 8.85555
66 64 8.85555
66 65 8.86313
66 66 8.87888
66 67 8.88471
66 68 8.97039
66 69 8.97039
66 70 9.04139
66 71 9.14488
66 72 9.1663
66 73 9.30797
66 74 9.31602
66 75 9.42107
66 76 9.42107
66 77 9.42263
66 78 9.42263
66 79 9.42271
66 80 9.62084
66 81 9.71177
66 82 9.83354
66 83 9.94384
66 84 9.99189
66 85 10.0415
66 86 10.117
66 87 10.1189
66 88 10.1582
66 89 10.2296
66 90 10.2857
66 91 10.3698
66 92 10.5766
66 93 10.636
66 94 10.6537
66 95 10.6537
66 96 10.708
66 97 10.7143
66 98 10.8575
66 99 10.894
66 100 10.9201
66 101 10.9367
66 102 10.9439
66 103 10.9568
66 104 10.9691
66 105 11.0072
66 106 11.0083
66 107 11.0591
66 108 11.0608
66 109 11.0626
66 110 11.1016
66 111 11.1181
66 112 11.1837
66 113 11.4886
66 114 11.4912
66 115 11.499
66 116 11.5457
66 117 11.7328
66 118 11.7576
66 119 11.7678
66 120 11.7743
66 121 11.7743
66 122 11.9807
66 123 12.0111
66 124 12.0113
66 125 12.0142
66 126 12.0512
66 127 12.0634
66 128 12.1076
66 129 12.1675
66 130 12.2105
66 131 12.2684
66 132 12.2861
66 133 12.3373
66 134 12.3436
66 135 12.3787
66 136 12.5665
66 137 12.6133
66 138 12.6147
66 139 12.7113
66 140 12.7842
66 141 12.8285
66 142 12.8926
66 143 12.9005
66 144 13.1528
66 145 13.1665
66 146 13.184
66 147 13.2236
66 148 13.2598
66 149 13.3604
66 150 13.4245
66 151 13.4331
66 152 13.4434
66 153 13.6025
66 154 13.6165
66 155 13.6451
66 156 13.7418
66 157 13.8037
66 158 13.8809
66 159 13.9734
66 160 14.427
66 161 14.5003
66 162 14.5472
66 163 14.6787
66 164 14.8354
66 165 14.9031
66 166 14.962
66 167 15.0233
66 168 15.1007
66 169 15.2742
66 170 15.2855
66 171 15.3255
66 172 15.5859
66 173 15.6793
66 174 15.7834
66 175 15.9078
66 176 15.91
66 177 15.93
66 178 15.9839
66 179 16.1113
66 180 16.1264
66 181 16.21
66 182 16.21
66 183 16.2226
66 184 16.7199
66 185 16.8139
66 186 17.0133
66 187 17.1056
66 188 17.2022
66 189 17.2657
66 190 17.532
66 191 18.5648
66 192 18.8261
66 193 19.1595
66 194 19.1697
66 195 19.2714
66 196 19.4179
66 197 20.691
66 198 21.1367
66 199 29.471
67 0 8.39821 1 24 2 15 8 21 19 14 10 12 13 22 26 3 7 9 33 32 20 16 34 6 18 28 25 27 5 31 11 30 4 17 29 23 1 
67 1 8.39821
67 2 8.39821
67 3 8.39821
67 4 8.39821
67 5 8.39821
67 6 8.39821
67 7 8.39821
67 8 8.39821
67 9 8.39821
67 10 8.39821
67 11 8.39821
67 12 8.39821
67 13 8.39821
67 14 8.39821
67 15 8.39821
67 16 8.39821
67 17 8.39821
67 18 8.39821
67 19 8.39821
67 20 8.39821
67 21 8.39821
67 22 8.39821
67 23 8.39821
67 24 8.39821
67 25 8.39821
67 26 8.39821
67 27 8.39821
67 28 8.39821
67 29 8.39821
67 30 8.39821
67 31 8.39821
67 32 8.39821
67 33 8.39821
67 34 8.39821
67 35 8.39821
67 36 8.66291
67 37 8.68466
67 38 8.75258
67 39 8.75467
67 40 8.85347
67 41 8.85347
67 42 8.85347
67 43 8.85347
67 44 8.85347
67 45 8.85347
67 46 8.85347
67 47 8.85347
67 48 8.85347
67 49 8.85347
67 50 8.85347
67 51 8.85347
67 52 8.85347
67 53 8.85555
67 54 8.85555
67 55 8.85555
67 56 8.85555
67 57 8.85555
67 58 8.85555
67 59 8.85555
67 60 8.86313
67 61 8.96807
67 62 8.97039
67 63 8.99564
67 64 9.06687
67 65 9.13735
67 66 9.14488
67 67 9.18308
67 68 9.27115
67 69 9.30797
67 70 9.40136
67 71 9.41744
67 72 9.57691
67 73 9.83354
67 74 9.86844
67 75 9.88113
67 76 9.94384
67 77 9.94384
67 78 9.97202
67 79 9.99577
67 80 10.0335
67 81 10.0348
67 82 10.0561
67 83 10.1218
67 84 10.1448
67 85 10.1582
67 86 10.1689
67 87 10.2152
67 88 10.3636
67 89 10.3698
67 90 10.5758
67 91 10.5766
67 92 10.6295
67 93 10.636
67 94 10.7375
67 95 10.8575
67 96 10.8575
67 97 10.9201
67 98 10.9568
67 99 10.9634
67 100 11.0053
67 101 11.0083
67 102 11.0083
67 103 11.0256
67 104 11.0701
67 105 11.1313
67 106 11.1411
67 107 11.2655
67 108 11.4965
67 109 11.5097
67 110 11.5457
67 111 11.6361
67 112 11.6401
67 113 11.6947
67 114 11.7483
67 115 11.7576
67 116 11.7576
67 117 11.7678
67 118 11.7678
67 119 11.7729
67 120 11.8131
67 121 11.853
67 122 11.8677
67 123 11.9355
67 124 11.9803
67 125 11.9893
67 126 12.0442
67 127 12.0884
67 128 12.1246
67 129 12.1633
67 130 12.1898
67 131 12.2105
67 132 12.302
67 133 12.3373
67 134 12.3943
67 135 12.3975
67 136 12.4114
67 137 12.6079
67 138 12.6089
67 139 12.6147
67 140 12.6929
67 141 12.7126
67 142 12.7427
67 143 12.7536
67 144 12.8337
67 145 12.8856
67 146 12.8926
67 147 12.9415
67 148 12.9862
67 149 13.022
67 150 13.0454
67 151 13.1011
67 152 13.1482
67 153 13.1665
67 154 13.3247
67 155 13.3693
67 156 13.4321
67 157 13.4488
67 158 13.6032
67 159 13.6451
67 160 13.6451
67 161 13.7222
67 162 13.7418
67 163 13.7418
67 164 13.8037
67 165 13.8372
67 166 13.8428
67 167 13.8585
67 168 14.0665
67 169 14.2397
67 170 14.3002
67 171 14.3396
67 172 14.3768
67 173 14.5003
67 174 14.5003
67 175 14.5472
67 176 15.0754
67 177 15.2742
67 178 15.3613
67 179 15.3702
67 180 15.5087
67 181 15.6973
67 182 15.7001
67 183 15.9178
67 184 16.1529
67 185 16.1881
67 186 16.2288
67 187 16.583
67 188 16.6865
67 189 16.719
67 190 16.9223
67 191 17.2149
67 192 17.2403
67 193 17.2744
67 194 17.499
67 195 18.023
67 196 18.4317
67 197 19.2714
67 198 19.7153
67 199 19.7438
68 0 8.39821 1 24 2 15 8 21 19 14 10 12 13 22 26 3 7 9 33 32 20 16 34 6 18 28 25 27 5 31 11 30 4 17 29 23 1 
68 1 8.39821
68 2 8.39821
68 3 8.39821
68 4 8.39821
68 5 8.39821
68 6 8.39821
68 7 8.39821
68 8 8.39821
68 9 8.39821
68 10 8.39821
68 11 8.39821
68 12 8.39821
68 13 8.39821
68 14 8.39821
68 15 8.39821
68 16 8.39821
68 17 8.39821
68 18 8.39821
68 19 8.39821
68 20 8.39821
68 21 8.39821
68 22 8.39821
68 23 8.39821
68 24 8.39821
68 25 8.39821
68 26 8.39821
68 27 8.39821
68 28 8.39821
68 29 8.39821
68 30 8.39821
68 31 8.39821
68 32 8.39821
68 33 8.39821
68 34 8.39821
68 35 8.39821
68 36 8.39821
68 37 8.39821
68 38 8.39821
68 39 8.39821
68 40 8.39821
68 41 8.39821
68 42 8.39821
68 43 8.39821
68 44 8.39821
68 45 8.39821
68 46 8.39821
68 47 8.39821
68 48 8.39821
68 49 8.39821
68 50 8.41999
68 51 8.43226
68 52 8.85347
68 53 8.85347
68 54 8.85347
68 55 8.85347
68 56 8.85347
68 57 8.85347
68 58 8.85347
68 59 8.85347
68 60 8.85347
68 61 8.85347
68 62 8.85347
68 63 8.85555
68 64 8.85555
68 65 8.85555
68 66 8.85555
68 67 9.01147
68 68 9.04048
68 69 9.0418
68 70 9.13735
68 71 9.27115
68 72 9.33764
68 73 9.40136
68 74 9.41921
68 75 9.46868
68 76 9.5036
68 77 9.57051
68 78 9.59933
68 79 9.87647
68 80 9.95612
68 81 9.97104
68 82 10.0039
68 83 10.0318
68 84 10.0335
68 85 10.1218
68 86 10.1689
68 87 10.2825
68 88 10.3698
68 89 10.3828
68 90 10.4028
68 91 10.4229
68 92 10.5649
68 93 11.0494
68 94 11.0626
68 95 11.0722
68 96 11.1195
68 97 11.1368
68 98 11.206
68 99 11.2086
68 100 11.3091
68 101 11.402
68 102 11.4229
68 103 11.5499
68 104 11.6185
68 105 11.697
68 106 11.7107
68 107 11.7553
68 108 11.7576
68 109 11.767
68 110 11.7678
68 111 11.7729
68 112 11.7743
68 113 11.8077
68 114 11.84
68 115 11.8722
68 116 11.8738
68 117 11.8738
68 118 11.9355
68 119 11.9705
68 120 11.9776
68 121 11.9803
68 122 11.9803
68 123 11.9893
68 124 11.9937
68 125 12.0884
68 126 12.1028
68 127 12.1463
68 128 12.1962
68 129 12.302
68 130 12.3058
68 131 12.3207
68 132 12.3217
68 133 12.3373
68 134 12.3647
68 135 12.3943
68 136 12.5235
68 137 12.5615
68 138 12.8337
68 139 12.8337
68 140 12.8581
68 141 12.8993
68 142 12.9415
68 143 12.9489
68 144 13.0454
68 145 13.0746
68 146 13.0778
68 147 13.1688
68 148 13.2257
68 149 13.2692
68 150 13.4112
68 151 13.4519
68 152 13.454
68 153 13.465
68 154 13.5206
68 155 13.6022
68 156 13.6608
68 157 13.7418
68 158 13.7733
68 159 13.8428
68 160 13.9949
68 161 14.1168
68 162 14.1629
68 163 14.2208
68 164 14.273
68 165 14.2843
68 166 14.3069
68 167 14.4053
68 168 14.5062
68 169 14.6038
68 170 14.6454
68 171 14.8028
68 172 15.0227
68 173 15.1039
68 174 15.1646
68 175 15.1693
68 176 15.2742
68 177 15.2973
68 178 15.5278
68 179 15.626
68 180 15.6881
68 181 15.7164
68 182 15.8767
68 183 15.961
68 184 16.0451
68 185 16.1186
68 186 16.2673
68 187 16.6589
68 188 16.6818
68 189 17.0654
68 190 17.5678
68 191 17.5884
68 192 17.8927
68 193 18.7282
68 194 18.9792
68 195 19.7087
68 196 20.7044
68 197 20.834
68 198 21.3352
68 199 27.653
69 0 7.7694 1 24 2 15 8 21 19 14 10 12 13 22 26 3 7 9 33 32 20 16 34 6 18 28 25 27 5 31 11 4 30 17 29 23 1 
69 1 8.14569
69 2 8.39821
69 3 8.39821
69 4 8.39821
69 5 8.39821
69 6 8.39821
69 7 8.39821
69 8 8.39821
69 9 8.39821
69 10 8.39821
69 11 8.39821
69 12 8.39821
69 13 8.39821
69 14 8.39821
69 15 8.39821
69 16 8.39821
69 17 8.39821
69 18 8.39821
69 19 8.39821
69 20 8.39821
69 21 8.39821
69 22 8.39821
69 23 8.39821
69 24 8.39821
69 25 8.39821
69 26 8.39821
69 27 8.39821
69 28 8.39821
69 29 8.39821
69 30 8.39821
69 31 8.39821
69 32 8.39821
69 33 8.39821
69 34 8.39821
69 35 8.39821
69 36 8.39821
69 37 8.39821
69 38 8.39821
69 39 8.39821
69 40 8.39821
69 41 8.39821
69 42 8.39821
69 43 8.39821
69 44 8.39821
69 45 8.39821
69 46 8.39821
69 47 8.39821
69 48 8.39821
69 49 8.39821
69 50 8.39821
69 51 8.39821
69 52 8.39821
69 53 8.39821
69 54 8.39821
69 55 8.39821
69 56 8.39821
69 57 8.39821
69 58 8.39821
69 59 8.39821
69 60 8.39821
69 61 8.39821
69 62 8.39821
69 63 8.39821
69 64 8.41999
69 65 8.46199
69 66 8.85347
69 67 8.85347
69 68 8.85555
69 69 8.85555
69 70 9.01147
69 71 9.13735
69 72 9.14652
69 73 9.27115
69 74 9.29719
69 75 9.40136
69 76 9.42263
69 77 9.55477
69 78 9.58942
69 79 9.59797
69 80 9.59933
69 81 9.62861
69 82 9.78033
69 83 9.86823
69 84 9.86823
69 85 9.87647
69 86 9.97104
69 87 9.99103
69 88 10.0188
69 89 10.0318
69 90 10.0335
69 91 10.1218
69 92 10.2191
69 93 10.3683
69 94 10.3698
69 95 10.6083
69 96 10.6977
69 97 10.8184
69 98 10.8854
69 99 11.0063
69 100 11.0494
69 101 11.0608
69 102 11.0626
69 103 11.214
69 104 11.3091
69 105 11.378
69 106 11.3922
69 107 11.4195
69 108 11.4663
69 109 11.4711
69 110 11.5499
69 111 11.5588
69 112 11.6185
69 113 11.656
69 114 11.6576
69 115 11.697
69 116 11.7158
69 117 11.7553
69 118 11.7678
69 119 11.8223
69 120 11.8309
69 121 11.8738
69 122 11.8834
69 123 11.9254
69 124 11.9893
69 125 12.0353
69 126 12.0582
69 127 12.0746
69 128 12.1949
69 129 12.1962
69 130 12.219
69 131 12.2209
69 132 12.2491
69 133 12.302
69 134 12.3619
69 135 12.3943
69 136 12.516
69 137 12.5235
69 138 12.6039
69 139 12.6541
69 140 12.6969
69 141 12.7537
69 142 12.8909
69 143 12.8993
69 144 12.9073
69 145 12.9237
69 146 12.9462
69 147 12.9673
69 148 13.1357
69 149 13.1688
69 150 13.2106
69 151 13.2906
69 152 13.6365
69 153 13.6608
69 154 13.6919
69 155 13.8067
69 156 13.8115
69 157 13.8501
69 158 13.8805
69 159 13.9215
69 160 13.9257
69 161 14.2843
69 162 14.3073
69 163 14.6223
69 164 14.6696
69 165 14.6813
69 166 15.073
69 167 15.2546
69 168 15.29
69 169 15.3166
69 170 15.3424
69 171 15.4262
69 172 15.5048
69 173 15.5659
69 174 15.626
69 175 15.7763
69 176 15.8224
69 177 15.8806
69 178 15.961
69 179 16.0451
69 180 16.0451
69 181 16.0879
69 182 16.2084
69 183 16.3263
69 184 16.4451
69 185 16.6672
69 186 17.0865
69 187 17.1118
69 188 17.1527
69 189 17.4499
69 190 17.6749
69 191 17.8392
69 192 17.8927
69 193 17.9656
69 194 19.2257
69 195 19.4438
69 196 20.8226
69 197 21.8422
69 198 23.849
69 199 25.3956
70 0 7.7694 1 24 2 15 8 21 19 14 10 12 13 22 26 3 7 9 33 32 20 16 34 6 18 28 25 27 5 31 11 4 30 17 29 23 1 
70 1 7.7694
70 2 7.7694
70 3 7.7694
70 4 7.7694
70 5 7.7694
70 6 7.7694
70 7 7.7694
70 8 7.7694
70 9 7.7694
70 10 7.7694
70 11 7.7694
70 12 7.7694
70 13 7.7694
70 14 7.7694
70 15 7.7694
70 16 7.7694
70 17 7.7694
70 18 7.7694
70 19 7.82489
70 20 7.84782
70 21 7.84782
70 22 8.06787
70 23 8.14569
70 24 8.14569
70 25 8.14569
70 26 8.14569
70 27 8.14569
70 28 8.39821
70 29 8.39821
70 30 8.39821
70 31 8.39821
70 32 8.39821
70 33 8.39821
70 34 8.39821
70 35 8.39821
70 36 8.39821
70 37 8.39821
70 38 8.39821
70 39 8.39821
70 40 8.39821
70 41 8.39821
70 42 8.39821
70 43 8.39821
70 44 8.39821
70 45 8.39821
70 46 8.39821
70 47 8.39821
70 48 8.39821
70 49 8.39821
70 50 8.39821
70 51 8.39821
70 52 8.39821
70 53 8.39821
70 54 8.39821
70 55 8.39821
70 56 8.39821
70 57 8.39821
70 58 8.39821
70 59 8.39821
70 60 8.39821
70 61 8.39821
70 62 8.39821
70 63 8.39821
70 64 8.39821
70 65 8.39821
70 66 8.39821
70 67 8.39821
70 68 8.39821
70 69 8.39821
70 70 8.39821
70 71 8.39821
70 72 8.39821
70 73 8.39821
70 74 8.39821
70 75 8.39821
70 76 8.39821
70 77 8.39821
70 78 8.39821
70 79 8.39821
70 80 8.39821
70 81 8.46199
70 82 8.57517
70 83 8.60052
70 84 8.63711
70 85 8.69668
70 86 8.72687
70 87 8.85347
70 88 8.85555
70 89 9.01147
70 90 9.05326
70 91 9.24931
70 92 9.25572
70 93 9.42263
70 94 9.47701
70 95 9.54347
70 96 9.55477
70 97 9.59933
70 98 9.65501
70 99 9.66442
70 100 9.71032
70 101 9.85186
70 102 9.86823
70 103 9.86823
70 104 9.88894
70 105 9.88894
70 106 9.97202
70 107 10.0167
70 108 10.1044
70 109 10.2191
70 110 10.4458
70 111 10.5093
70 112 10.8184
70 113 10.8376
70 114 10.902
70 115 10.9525
70 116 11.0063
70 117 11.0494
70 118 11.0626
70 119 11.0634
70 120 11.0993
70 121 11.2055
70 122 11.3351
70 123 11.3626
70 124 11.3922
70 125 11.3922
70 126 11.555
70 127 11.5588
70 128 11.7158
70 129 11.7605
70 130 11.7771
70 131 11.8717
70 132 11.8834
70 133 11.943
70 134 11.9934
70 135 12.0083
70 136 12.0675
70 137 12.1096
70 138 12.1962
70 139 12.2209
70 140 12.2614
70 141 12.2876
70 142 12.4715
70 143 12.4819
70 144 12.5986
70 145 12.6237
70 146 12.625
70 147 12.6477
70 148 12.6508
70 149 12.6606
70 150 12.8909
70 151 12.9578
70 152 13.0157
70 153 13.0984
70 154 13.1357
70 155 13.2708
70 156 13.2906
70 157 13.3639
70 158 13.6703
70 159 13.6919
70 160 13.7045
70 161 13.7891
70 162 13.8025
70 163 13.9189
70 164 14.1914
70 165 14.2075
70 166 14.2767
70 167 14.2843
70 168 14.331
70 169 14.3428
70 170 14.4699
70 171 14.5009
70 172 14.5157
70 173 14.5659
70 174 14.6223
70 175 14.6882
70 176 14.71
70 177 14.8641
70 178 14.9609
70 179 15.1067
70 180 15.2134
70 181 15.29
70 182 15.29
70 183 15.3222
70 184 15.5067
70 185 15.5801
70 186 16.1586
70 187 16.3262
70 188 16.3596
70 189 16.4496
70 190 16.9239
70 191 17.2056
70 192 17.4499
70 193 17.7551
70 194 17.8823
70 195 17.8927
70 196 18.9272
70 197 19.7646
70 198 20.2786
70 199 20.5641
71 0 7.34877 1 24 2 15 8 21 19 14 10 12 13 22 26 3 7 9 33 32 20 16 34 6 18 28 25 27 5 31 11 4 17 29 23 30 1 
71 1 7.53944
71 2 7.76914
71 3 7.7694
71 4 7.7694
71 5 7.7694
71 6 7.7694
71 7 7.7694
71 8 7.7694
71 9 7.7694
71 10 7.7694
71 11 7.7694
71 12 7.7694
71 13 7.7694
71 14 7.7694
71 15 7.7694
71 16 7.7694
71 17 7.7694
71 18 7.7694
71 19 7.7694
71 20 7.7694
71 21 7.7694
71 22 7.7694
71 23 7.7694
71 24 7.7694
71 25 7.7694
71 26 7.7694
71 27 7.7694
71 28 7.7694
71 29 7.7694
71 30 7.7694
71 31 7.7694
71 32 7.7694
71 33 7.7694
71 34 7.7694
71 35 7.7694
71 36 7.7694
71 37 7.7694
71 38 7.7694
71 39 7.7694
71 40 7.77675
71 41 7.82489
71 42 7.84782
71 43 7.84782
71 44 7.84782
71 45 7.84782
71 46 7.85914
71 47 7.96681
71 48 8.14569
71 49 8.14569
71 50 8.14569
71 51 8.14569
71 52 8.14569
71 53 8.21108
71 54 8.38267
71 55 8.39821
71 56 8.39821
71 57 8.39821
71 58 8.39821
71 59 8.39821
71 60 8.39821
71 61 8.39821
71 62 8.39821
71 63 8.39821
71 64 8.39821
71 65 8.39821
71 66 8.39821
71 67 8.39821
71 68 8.39821
71 69 8.39821
71 70 8.39821
71 71 8.39821
71 72 8.39821
71 73 8.39821
71 74 8.39821
71 75 8.39821
71 76 8.39821
71 77 8.39821
71 78 8.39821
71 79 8.39821
71 80 8.50549
71 81 8.57517
71 82 8.59562
71 83 8.60052
71 84 8.66291
71 85 8.66984
71 86 8.83929
71 87 8.85178
71 88 8.86522
71 89 8.94836
71 90 8.94935
71 91 8.95665
71 92 9.01147
71 93 9.05143
71 94 9.09265
71 95 9.29547
71 96 9.63637
71 97 9.88894
71 98 9.88894
71 99 9.88894
71 100 9.98478
71 101 9.98609
71 102 10.1351
71 103 10.1632
71 104 10.5236
71 105 10.5397
71 106 10.6458
71 107 10.6838
71 108 10.69
71 109 10.7117
71 110 10.7117
71 111 10.7268
71 112 10.7502
71 113 10.93
71 114 10.975
71 115 10.9766
71 116 11
71 117 11.0626
71 118 11.0634
71 119 11.0993
71 120 11.269
71 121 11.2966
71 122 11.3352
71 123 11.4547
71 124 11.6332
71 125 11.6361
71 126 11.6564
71 127 11.8481
71 128 11.8524
71 129 11.8531
71 130 11.955
71 131 11.9866
71 132 12.0083
71 133 12.0675
71 134 12.0675
71 135 12.0713
71 136 12.1115
71 137 12.1901
71 138 12.2386
71 139 12.2968
71 140 12.4008
71 141 12.4715
71 142 12.5119
71 143 12.5733
71 144 12.6237
71 145 12.6239
71 146 12.669
71 147 12.8714
71 148 12.8909
71 149 12.8935
71 150 12.9667
71 151 13.0219
71 152 13.0571
71 153 13.127
71 154 13.163
71 155 13.241
71 156 13.2616
71 157 13.292
71 158 13.394
71 159 13.527
71 160 13.7866
71 161 13.8425
71 162 13.9509
71 163 14.0797
71 164 14.1057
71 165 14.185
71 166 14.2103
71 167 14.2207
71 168 14.2207
71 169 14.2215
71 170 14.2311
71 171 14.3069
71 172 14.3428
71 173 14.6645
71 174 14.7536
71 175 14.8325
71 176 14.9217
71 177 14.9442
71 178 15.1917
71 179 15.2134
71 180 15.4166
71 181 15.6049
71 182 15.6281
71 183 15.6745
71 184 15.7014
71 185 16.2383
71 186 16.2529
71 187 16.3563
71 188 16.4696
71 189 16.6184
71 190 17.0606
71 191 17.1571
71 192 17.718
71 193 18.5281
71 194 18.5868
71 195 18.7383
71 196 19.0839
71 197 19.1685
71 198 20.3017
71 199 21.5796
72 0 7.34877 1 24 2 15 8 21 19 14 10 12 13 22 26 3 7 9 33 32 20 16 34 6 18 28 25 27 5 31 11 4 17 29 23 30 1 
72 1 7.34877
72 2 7.34877
72 3 7.34877
72 4 7.34877
72 5 7.34877
72 6 7.34877
72 7 7.34877
72 8 7.34877
72 9 7.34877
72 10 7.34877
72 11 7.34877
72 12 7.34877
72 13 7.53944
72 14 7.53944
72 15 7.53944
72 16 7.53944
72 17 7.53944
72 18 7.53944
72 19 7.62918
72 20 7.76914
72 21 7.76914
72 22 7.76914
72 23 7.76914
72 24 7.7694
72 25 7.7694
72 26 7.7694
72 27 7.7694
72 28 7.7694
72 29 7.7694
72 30 7.7694
72 31 7.7694
72 32 7.7694
72 33 7.7694
72 34 7.7694
72 35 7.7694
72 36 7.7694
72 37 7.7694
72 38 7.7694
72 39 7.7694
72 40 7.7694
72 41 7.7694
72 42 7.7694
72 43 7.7694
72 44 7.7694
72 45 7.7694
72 46 7.7694
72 47 7.7694
72 48 7.7694
72 49 7.7694
72 50 7.7694
72 51 7.7694
72 52 7.7694
72 53 7.7694
72 54 7.7694
72 55 7.7694
72 56 7.7694
72 57 7.7694
72 58 7.7694
72 59 7.7694
72 60 7.7694
72 61 7.77649
72 62 7.77675
72 63 7.84782
72 64 7.84782
72 65 7.84782
72 66 8.06787
72 67 8.07522
72 68 8.08485
72 69 8.11252
72 70 8.14569
72 71 8.14569
72 72 8.21108
72 73 8.31795
72 74 8.39821
72 75 8.39821
72 76 8.39821
72 77 8.39821
72 78 8.39821
72 79 8.39821
72 80 8.39821
72 81 8.43551
72 82 8.46671
72 83 8.57517
72 84 8.59562
72 85 8.60052
72 86 8.66291
72 87 8.73813
72 88 9.06413
72 89 9.09265
72 90 9.30536
72 91 9.35056
72 92 9.63637
72 93 9.63637
72 94 9.73176
72 95 9.85186
72 96 9.85472
72 97 9.87647
72 98 9.87853
72 99 9.88894
72 100 9.89099
72 101 9.98609
72 102 9.98609
72 103 9.98609
72 104 9.98938
72 105 10.0799
72 106 10.1103
72 107 10.1351
72 108 10.1351
72 109 10.1351
72 110 10.2422
72 111 10.3761
72 112 10.4719
72 113 10.4855
72 114 10.5241
72 115 10.6458
72 116 10.6705
72 117 10.6773
72 118 10.7117
72 119 10.7117
72 120 10.7376
72 121 10.7627
72 122 10.7972
72 123 10.851
72 124 10.93
72 125 10.9753
72 126 11.0124
72 127 11.0952
72 128 11.2334
72 129 11.269
72 130 11.277
72 131 11.3132
72 132 11.334
72 133 11.3352
72 134 11.3355
72 135 11.4195
72 136 11.4324
72 137 11.4547
72 138 11.5595
72 139 11.5754
72 140 11.6288
72 141 11.6906
72 142 11.7325
72 143 11.7414
72 144 11.8337
72 145 11.8341
72 146 11.9122
72 147 11.95
72 148 12.0083
72 149 12.0675
72 150 12.2613
72 151 12.3623
72 152 12.5119
72 153 12.669
72 154 12.7759
72 155 12.9667
72 156 13.0012
72 157 13.0295
72 158 13.0571
72 159 13.058
72 160 13.1641
72 161 13.292
72 162 13.308
72 163 13.5782
72 164 13.6654
72 165 13.7911
72 166 13.8127
72 167 14.0821
72 168 14.0942
72 169 14.1004
72 170 14.1108
72 171 14.185
72 172 14.1999
72 173 14.2207
72 174 14.6481
72 175 14.6995
72 176 14.7577
72 177 14.9442
72 178 14.9636
72 179 14.9821
72 180 14.9975
72 181 15.2206
72 182 15.2378
72 183 15.5532
72 184 15.5946
72 185 15.6299
72 186 15.6673
72 187 16.0307
72 188 16.2383
72 189 16.3292
72 190 16.544
72 191 16.8631
72 192 17.0506
72 193 17.9378
72 194 18.4159
72 195 18.5281
72 196 18.7837
72 197 19.4666
72 198 22.8177
72 199 24.0556
73 0 7.27448 1 24 2 15 8 21 19 14 10 12 13 22 26 3 7 9 33 32 20 16 34 6 18 28 25 27 5 31 11 4 17 29 30 23 1 
73 1 7.34877
73 2 7.34877
73 3 7.34877
73 4 7.34877
73 5 7.34877
73 6 7.34877
73 7 7.34877
73 8 7.34877
73 9 7.34877
73 10 7.34877
73 11 7.34877
73 12 7.34877
73 13 7.34877
73 14 7.34877
73 15 7.34877
73 16 7.34877
73 17 7.34877
73 18 7.34877
73 19 7.34877
73 20 7.34877
73 21 7.34877
73 22 7.34877
73 23 7.34877
73 24 7.34877
73 25 7.34877
73 26 7.34877
73 27 7.34877
73 28 7.34877
73 29 7.34877
73 30 7.34877
73 31 7.34877
73 32 7.34877
73 33 7.34877
73 34 7.34877
73 35 7.34877
73 36 7.34877
73 37 7.34877
73 38 7.34877
73 39 7.34877
73 40 7.34877
73 41 7.34877
73 42 7.34877
73 43 7.34877
73 44 7.34877
73 45 7.34877
73 46 7.34877
73 47 7.34877
73 48 7.34877
73 49 7.34877
73 50 7.34877
73 51 7.34877
73 52 7.38281
73 53 7.50782
73 54 7.53944
73 55 7.53944
73 56 7.53944
73 57 7.53944
73 58 7.53944
73 59 7.53944
73 60 7.76914
73 61 7.76914
73 62 7.76914
73 63 7.7694
73 64 7.7694
73 65 7.7694
73 66 7.7694
73 67 7.7694
73 68 7.7694
73 69 7.7694
73 70 7.7694
73 71 7.7694
73 72 7.7694
73 73 7.7694
73 74 7.7694
73 75 7.7694
73 76 7.7694
73 77 7.7694
73 78 7.7694
73 79 7.7694
73 80 7.7694
73 81 7.7694
73 82 7.7694
73 83 7.80048
73 84 7.84053
73 85 7.84575
73 86 7.84782
73 87 8.11252
73 88 8.14569
73 89 8.1711
73 90 8.31749
73 91 8.39821
73 92 8.39821
73 93 8.39821
73 94 8.39821
73 95 8.39821
73 96 8.39821
73 97 8.39821
73 98 8.46671
73 99 8.60235
73 100 8.62409
73 101 8.79619
73 102 8.79619
73 103 8.81658
73 104 8.96386
73 105 8.97516
73 106 9.14652
73 107 9.35056
73 108 9.38604
73 109 9.45426
73 110 9.55327
73 111 9.63637
73 112 9.71245
73 113 9.87853
73 114 9.98609
73 115 10.0167
73 116 10.141
73 117 10.2638
73 118 10.3169
73 119 10.3351
73 120 10.4719
73 121 10.483
73 122 10.4967
73 123 10.525
73 124 10.5604
73 125 10.6155
73 126 10.6648
73 127 10.7117
73 128 10.7479
73 129 10.7827
73 130 10.8025
73 131 10.8205
73 132 10.8651
73 133 10.8741
73 134 10.8745
73 135 10.8983
73 136 11.2943
73 137 11.334
73 138 11.3343
73 139 11.3697
73 140 11.6303
73 141 11.6932
73 142 11.7842
73 143 11.9814
73 144 12.0246
73 145 12.3488
73 146 12.3804
73 147 12.5119
73 148 12.5925
73 149 12.6854
73 150 12.7166
73 151 12.8439
73 152 12.879
73 153 13.0003
73 154 13.0217
73 155 13.0295
73 156 13.0772
73 157 13.1566
73 158 13.1568
73 159 13.2942
73 160 13.2969
73 161 13.4112
73 162 13.4396
73 163 13.4795
73 164 13.4931
73 165 13.5245
73 166 13.62
73 167 13.6897
73 168 13.9978
73 169 14.0291
73 170 14.1108
73 171 14.2207
73 172 14.2277
73 173 14.2501
73 174 14.4396
73 175 14.4827
73 176 14.6033
73 177 14.6174
73 178 14.6943
73 179 14.6995
73 180 14.7123
73 181 14.7577
73 182 14.9821
73 183 14.9975
73 184 15.0562
73 185 15.1151
73 186 15.3453
73 187 15.3959
73 188 15.4336
73 189 15.5538
73 190 15.784
73 191 16.2383
73 192 17.6966
73 193 18.3096
73 194 18.5361
73 195 19.7882
73 196 21.2942
73 197 21.934
73 198 24.1449
73 199 25.5767
74 0 7.06935 1 24 30 23 29 17 4 11 31 5 27 25 28 18 6 34 16 20 32 33 9 7 3 26 22 13 12 10 14 19 21 8 15 2 1 
74 1 7.26473
74 2 7.27448
74 3 7.27448
74 4 7.27448
74 5 7.27448
74 6 7.27448
74 7 7.27448
74 8 7.27448
74 9 7.27448
74 10 7.27448
74 11 7.27448
74 12 7.27448
74 13 7.27448
74 14 7.27448
74 15 7.27448
74 16 7.27448
74 17 7.27448
74 18 7.27448
74 19 7.27448
74 20 7.27448
74 21 7.27448
74 22 7.27448
74 23 7.34877
74 24 7.34877
74 25 7.34877
74 26 7.34877
74 27 7.34877
74 28 7.34877
74 29 7.34877
74 30 7.34877
74 31 7.34877
74 32 7.34877
74 33 7.34877
74 34 7.34877
74 35 7.34877
74 36 7.34877
74 37 7.34877
74 38 7.34877
74 39 7.34877
74 40 7.34877
74 41 7.34877
74 42 7.34877
74 43 7.34877
74 44 7.34877
74 45 7.34877
74 46 7.34877
74 47 7.34877
74 48 7.34877
74 49 7.34877
74 50 7.34877
74 51 7.34877
74 52 7.34877
74 53 7.34877
74 54 7.34877
74 55 7.34877
74 56 7.34877
74 57 7.34877
74 58 7.34877
74 59 7.34877
74 60 7.34877
74 61 7.34877
74 62 7.34877
74 63 7.34877
74 64 7.34877
74 65 7.34877
74 66 7.34877
74 67 7.34877
74 68 7.34877
74 69 7.34877
74 70 7.34877
74 71 7.34877
74 72 7.34877
74 73 7.34877
74 74 7.34877
74 75 7.34877
74 76 7.34877
74 77 7.34877
74 78 7.34877
74 79 7.34877
74 80 7.34877
74 81 7.34877
74 82 7.34877
74 83 7.34877
74 84 7.34877
74 85 7.34877
74 86 7.34877
74 87 7.34877
74 88 7.34877
74 89 7.37418
74 90 7.38281
74 91 7.50782
74 92 7.53944
74 93 7.58185
74 94 7.62918
74 95 7.69284
74 96 7.74607
74 97 7.7694
74 98 7.7694
74 99 7.7694
74 100 7.7694
74 101 7.7694
74 102 7.7694
74 103 7.81991
74 104 7.84053
74 105 7.84782
74 106 8.14569
74 107 8.1711
74 108 8.2432
74 109 8.31201
74 110 8.37011
74 111 8.38411
74 112 8.39821
74 113 8.39821
74 114 8.39821
74 115 8.46982
74 116 8.60058
74 117 8.62409
74 118 8.74007
74 119 8.79619
74 120 8.81658
74 121 8.83111
74 122 8.96386
74 123 8.97516
74 124 9.02621
74 125 9.06413
74 126 9.12677
74 127 9.46734
74 128 9.57583
74 129 9.85195
74 130 9.98609
74 131 9.98862
74 132 10.0665
74 133 10.141
74 134 10.1958
74 135 10.5038
74 136 10.6844
74 137 10.7176
74 138 10.7204
74 139 10.7744
74 140 10.8205
74 141 11.0573
74 142 11.3068
74 143 11.3414
74 144 11.3697
74 145 11.3697
74 146 11.3704
74 147 11.4293
74 148 11.4347
74 149 11.4962
74 150 11.6902
74 151 11.6932
74 152 12.0243
74 153 12.0246
74 154 12.2193
74 155 12.3488
74 156 12.3824
74 157 12.4161
74 158 12.4998
74 159 12.5119
74 160 12.8439
74 161 12.875
74 162 12.879
74 163 13.1713
74 164 13.1829
74 165 13.2773
74 166 13.2915
74 167 13.3899
74 168 13.3949
74 169 13.5245
74 170 13.5903
74 171 13.5973
74 172 13.881
74 173 14.1064
74 174 14.2207
74 175 14.4737
74 176 14.5023
74 177 14.7542
74 178 14.7577
74 179 14.9975
74 180 15.0125
74 181 15.2224
74 182 15.3001
74 183 15.8318
74 184 15.8828
74 185 15.986
74 186 16.513
74 187 17.3365
74 188 17.5612
74 189 17.7462
74 190 18.0136
74 191 18.1905
74 192 18.6129
74 193 18.8672
74 194 19.2602
74 195 19.4541
74 196 19.9983
74 197 25.5767
74 198 25.5767
74 199 27.9898
75 0 6.79263 1 24 2 15 30 23 29 17 4 11 31 5 27 25 28 18 6 34 16 20 32 33 9 7 3 26 22 13 12 10 14 19 21 8 1 
75 1 7.06935
75 2 7.06935
75 3 7.06935
75 4 7.06935
75 5 7.06935
75 6 7.06935
75 7 7.06935
75 8 7.06935
75 9 7.06935
75 10 7.27448
75 11 7.27448
75 12 7.27448
75 13 7.27448
75 14 7.27448
75 15 7.27448
75 16 7.27448
75 17 7.27448
75 18 7.27448
75 19 7.27448
75 20 7.27448
75 21 7.27448
75 22 7.27448
75 23 7.27448
75 24 7.27448
75 25 7.27448
75 26 7.27448
75 27 7.27448
75 28 7.27448
75 29 7.27448
75 30 7.27448
75 31 7.27448
75 32 7.27448
75 33 7.27448
75 34 7.27448
75 35 7.27448
75 36 7.27448
75 37 7.27448
75 38 7.27448
75 39 7.27448
75 40 7.27448
75 41 7.3406
75 42 7.3406
75 43 7.34877
75 44 7.34877
75 45 7.34877
75 46 7.34877
75 47 7.34877
75 48 7.34877
75 49 7.34877
75 50 7.34877
75 51 7.34877
75 52 7.34877
75 53 7.34877
75 54 7.34877
75 55 7.34877
75 56 7.34877
75 57 7.34877
75 58 7.34877
75 59 7.34877
75 60 7.34877
75 61 7.34877
75 62 7.34877
75 63 7.34877
75 64 7.34877
75 65 7.34877
75 66 7.34877
75 67 7.34877
75 68 7.34877
75 69 7.34877
75 70 7.34877
75 71 7.34877
75 72 7.58185
75 73 7.69284
75 74 7.7694
75 75 7.7694
75 76 7.7694
75 77 7.78682
75 78 7.81991
75 79 7.83733
75 80 7.83807
75 81 7.84208
75 82 7.84782
75 83 7.84782
75 84 8.02884
75 85 8.14569
75 86 8.17294
75 87 8.2432
75 88 8.3801
75 89 8.39821
75 90 8.39821
75 91 8.4521
75 92 8.49672
75 93 8.52638
75 94 8.60154
75 95 8.65719
75 96 8.66088
75 97 8.74007
75 98 8.76381
75 99 8.90017
75 100 9.16804
75 101 9.49674
75 102 9.75335
75 103 9.77211
75 104 9.77566
75 105 9.85044
75 106 9.88364
75 107 9.93386
75 108 9.98862
75 109 9.98862
75 110 10.2051
75 111 10.2895
75 112 10.2905
75 113 10.2959
75 114 10.303
75 115 10.3182
75 116 10.3212
75 117 10.3611
75 118 10.3982
75 119 10.3996
75 120 10.4103
75 121 10.4214
75 122 10.435
75 123 10.4421
75 124 10.489
75 125 10.4948
75 126 10.5016
75 127 10.5022
75 128 10.511
75 129 10.5435
75 130 10.6687
75 131 10.6844
75 132 10.6978
75 133 10.8205
75 134 11.0033
75 135 11.2293
75 136 11.3992
75 137 11.4405
75 138 11.46
75 139 11.5533
75 140 11.6173
75 141 11.6337
75 142 11.8954
75 143 12.0243
75 144 12.03
75 145 12.1442
75 146 12.2193
75 147 12.2724
75 148 12.3011
75 149 12.3019
75 150 12.6312
75 151 12.879
75 152 12.9439
75 153 12.9553
75 154 13.0688
75 155 13.0701
75 156 13.2563
75 157 13.2633
75 158 13.2773
75 159 13.3331
75 160 13.4464
75 161 13.5245
75 162 13.5314
75 163 13.6904
75 164 13.708
75 165 13.8507
75 166 13.8536
75 167 14.0237
75 168 14.0593
75 169 14.0907
75 170 14.2529
75 171 14.2606
75 172 14.5694
75 173 14.6305
75 174 14.6489
75 175 14.6885
75 176 14.7542
75 177 14.8532
75 178 15.0112
75 179 15.22
75 180 15.3271
75 181 15.5072
75 182 15.7144
75 183 15.7773
75 184 15.7964
75 185 15.8887
75 186 16.0698
75 187 16.2368
75 188 16.2506
75 189 16.8136
75 190 17.0229
75 191 17.0801
75 192 17.3148
75 193 18.017
75 194 18.8632
75 195 18.8672
75 196 21.8853
75 197 21.9836
75 198 25.5767
75 199 27.0941
76 0 6.79263 1 24 2 15 30 23 29 17 4 11 31 5 27 25 28 18 6 34 16 20 32 33 9 7 3 26 22 13 12 10 14 19 21 8 1 
76 1 6.79263
76 2 6.79263
76 3 6.79263
76 4 6.79263
76 5 6.79263
76 6 6.79263
76 7 6.79263
76 8 6.79263
76 9 6.79263
76 10 6.79263
76 11 6.79263
76 12 6.79263
76 13 6.79263
76 14 7.06935
76 15 7.06935
76 16 7.06935
76 17 7.06935
76 18 7.06935
76 19 7.06935
76 20 7.06935
76 21 7.06935
76 22 7.06935
76 23 7.06935
76 24 7.06935
76 25 7.06935
76 26 7.06935
76 27 7.06935
76 28 7.27448
76 29 7.27448
76 30 7.27448
76 31 7.27448
76 32 7.27448
76 33 7.27448
76 34 7.27448
76 35 7.27448
76 36 7.27448
76 37 7.27448
76 38 7.27448
76 39 7.27448
76 40 7.27448
76 41 7.27448
76 42 7.27448
76 43 7.27448
76 44 7.27448
76 45 7.27448
76 46 7.27448
76 47 7.27448
76 48 7.27448
76 49 7.27448
76 50 7.27448
76 51 7.27448
76 52 7.3406
76 53 7.3406
76 54 7.34877
76 55 7.34877
76 56 7.34877
76 57 7.34877
76 58 7.34877
76 59 7.34877
76 60 7.34877
76 61 7.66557
76 62 7.7694
76 63 7.81991
76 64 7.83465
76 65 7.83733
76 66 7.83733
76 67 7.84782
76 68 7.84782
76 69 8.02884
76 70 8.05738
76 71 8.17294
76 72 8.2432
76 73 8.34044
76 74 8.39821
76 75 8.39821
76 76 8.44837
76 77 8.51962
76 78 8.74007
76 79 8.74007
76 80 8.83418
76 81 8.89648
76 82 8.90017
76 83 8.96612
76 84 9.11677
76 85 9.49674
76 86 9.50124
76 87 9.50342
76 88 9.65938
76 89 9.7331
76 90 9.75956
76 91 9.7802
76 92 9.78267
76 93 9.78267
76 94 9.85044
76 95 9.9338
76 96 10.0444
76 97 10.0596
76 98 10.0736
76 99 10.106
76 100 10.141
76 101 10.2404
76 102 10.272
76 103 10.2895
76 104 10.2959
76 105 10.303
76 106 10.3043
76 107 10.3547
76 108 10.3755
76 109 10.3756
76 110 10.3982
76 111 10.435
76 112 10.435
76 113 10.435
76 114 10.4698
76 115 10.489
76 116 10.5699
76 117 10.6075
76 118 10.6747
76 119 10.6844
76 120 10.6929
76 121 10.7044
76 122 10.7488
76 123 10.7503
76 124 10.7768
76 125 10.8436
76 126 11.0298
76 127 11.0343
76 128 11.0825
76 129 11.1257
76 130 11.1613
76 131 11.2003
76 132 11.2059
76 133 11.313
76 134 11.4838
76 135 11.5674
76 136 11.6259
76 137 11.7607
76 138 11.8767
76 139 11.9816
76 140 12.0172
76 141 12.0243
76 142 12.095
76 143 12.0999
76 144 12.2828
76 145 12.4322
76 146 12.4837
76 147 12.5259
76 148 12.7428
76 149 12.8104
76 150 12.8365
76 151 12.9418
76 152 12.9439
76 153 12.9439
76 154 13.1429
76 155 13.3362
76 156 13.361
76 157 13.4046
76 158 13.477
76 159 13.5122
76 160 13.5314
76 161 13.6788
76 162 13.6823
76 163 13.708
76 164 13.7906
76 165 13.9
76 166 14.021
76 167 14.1248
76 168 14.1439
76 169 14.1661
76 170 14.2529
76 171 14.3977
76 172 14.4506
76 173 14.6252
76 174 14.6809
76 175 15.0453
76 176 15.0701
76 177 15.22
76 178 15.3314
76 179 15.7535
76 180 15.7605
76 181 15.7964
76 182 15.8077
76 183 15.9069
76 184 16.0574
76 185 16.3175
76 186 16.428
76 187 16.4448
76 188 17.4864
76 189 17.5103
76 190 17.5493
76 191 17.606
76 192 17.9849
76 193 18.0314
76 194 18.1084
76 195 18.4309
76 196 18.5515
76 197 18.7094
76 198 18.8672
76 199 19.0782
77 0 6.79263 1 24 2 15 30 23 29 17 4 11 31 5 27 25 28 18 6 34 16 20 32 33 9 7 3 26 22 13 12 10 14 19 21 8 1 
77 1 6.79263
77 2 6.79263
77 3 6.79263
77 4 6.79263
77 5 6.79263
77 6 6.79263
77 7 6.79263
77 8 6.79263
77 9 6.79263
77 10 6.79263
77 11 6.79263
77 12 6.79263
77 13 6.79263
77 14 6.79263
77 15 6.79263
77 16 6.79263
77 17 6.79263
77 18 6.79263
77 19 6.79263
77 20 6.79263
77 21 6.79263
77 22 6.79263
77 23 6.79263
77 24 6.79263
77 25 6.79263
77 26 6.79263
77 27 6.79263
77 28 6.79263
77 29 6.79263
77 30 6.79263
77 31 6.79263
77 32 6.79263
77 33 6.79263
77 34 6.79263
77 35 6.79263
77 36 6.79263
77 37 6.79263
77 38 6.79263
77 39 6.79263
77 40 6.79263
77 41 6.79263
77 42 7.04051
77 43 7.05735
77 44 7.06912
77 45 7.06935
77 46 7.06935
77 47 7.06935
77 48 7.27448
77 49 7.27448
77 50 7.27448
77 51 7.27448
77 52 7.27448
77 53 7.27448
77 54 7.27448
77 55 7.27448
77 56 7.27448
77 57 7.27448
77 58 7.27448
77 59 7.27448
77 60 7.27448
77 61 7.27448
77 62 7.27448
77 63 7.27448
77 64 7.34877
77 65 7.34877
77 66 7.5185
77 67 7.5185
77 68 7.58846
77 69 7.68611
77 70 7.81937
77 71 7.81991
77 72 7.84782
77 73 7.91572
77 74 7.94538
77 75 8.02884
77 76 8.02884
77 77 8.12406
77 78 8.28244
77 79 8.40184
77 80 8.40514
77 81 8.50024
77 82 8.51962
77 83 8.80607
77 84 8.96612
77 85 8.96612
77 86 9.22651
77 87 9.36171
77 88 9.3754
77 89 9.40407
77 90 9.46442
77 91 9.48473
77 92 9.50124
77 93 9.53919
77 94 9.7331
77 95 9.73767
77 96 9.77566
77 97 9.7802
77 98 9.7802
77 99 9.79106
77 100 9.81397
77 101 9.89898
77 102 9.92172
77 103 9.9266
77 104 9.94588
77 105 10.0064
77 106 10.024
77 107 10.024
77 108 10.0444
77 109 10.0736
77 110 10.0875
77 111 10.0997
77 112 10.106
77 113 10.1203
77 114 10.141
77 115 10.1414
77 116 10.1733
77 117 10.1851
77 118 10.2286
77 119 10.2404
77 120 10.2852
77 121 10.288
77 122 10.3043
77 123 10.3043
77 124 10.3089
77 125 10.3151
77 126 10.4783
77 127 10.5833
77 128 10.6075
77 129 10.6317
77 130 10.6434
77 131 10.6442
77 132 10.7044
77 133 10.7488
77 134 10.7488
77 135 10.7768
77 136 10.7926
77 137 10.8436
77 138 10.9586
77 139 10.963
77 140 10.9713
77 141 10.9838
77 142 11.0278
77 143 11.1166
77 144 11.1597
77 145 11.1684
77 146 11.1741
77 147 11.2707
77 148 11.3064
77 149 11.439
77 150 11.5539
77 151 11.7428
77 152 11.8691
77 153 11.9713
77 154 11.9905
77 155 12.014
77 156 12.0945
77 157 12.1186
77 158 12.2649
77 159 12.3937
77 160 12.4437
77 161 12.4837
77 162 12.6378
77 163 12.8049
77 164 12.9439
77 165 13.2478
77 166 13.3904
77 167 13.4194
77 168 13.4236
77 169 13.4403
77 170 13.477
77 171 13.4917
77 172 13.5116
77 173 13.5249
77 174 13.5314
77 175 13.5472
77 176 13.5671
77 177 13.6285
77 178 13.8854
77 179 13.9112
77 180 13.9217
77 181 13.9744
77 182 14.1142
77 183 14.4112
77 184 14.6536
77 185 15.2332
77 186 15.8572
77 187 16.0107
77 188 16.6264
77 189 16.9071
77 190 17.3063
77 191 17.4535
77 192 17.4813
77 193 18.365
77 194 18.4309
77 195 18.6223
77 196 20.0296
77 197 20.6209
77 198 21.244
77 199 21.5519
78 0 6.79263 1 24 2 15 30 23 29 17 4 11 31 5 27 25 28 18 6 34 16 20 32 33 9 7 3 26 22 13 12 10 14 19 21 8 1 
78 1 6.79263
78 2 6.79263
78 3 6.79263
78 4 6.79263
78 5 6.79263
78 6 6.79263
78 7 6.79263
78 8 6.79263
78 9 6.79263
78 10 6.79263
78 11 6.79263
78 12 6.79263
78 13 6.79263
78 14 6.79263
78 15 6.79263
78 16 6.79263
78 17 6.79263
78 18 6.79263
78 19 6.79263
78 20 6.79263
78 21 6.79263
78 22 6.79263
78 23 6.79263
78 24 6.79263
78 25 6.79263
78 26 6.79263
78 27 6.79263
78 28 6.79263
78 29 6.79263
78 30 6.79263
78 31 6.79263
78 32 6.79263
78 33 6.79263
78 34 6.79263
78 35 6.79263
78 36 6.79263
78 37 6.79263
78 38 6.79263
78 39 6.79263
78 40 6.79263
78 41 6.79263
78 42 6.79263
78 43 6.79263
78 44 6.79263
78 45 6.79263
78 46 6.79263
78 47 6.79263
78 48 6.79263
78 49 6.79263
78 50 6.79263
78 51 6.79263
78 52 6.79263
78 53 6.79263
78 54 6.79263
78 55 6.79263
78 56 6.79263
78 57 6.79263
78 58 6.79263
78 59 6.79263
78 60 6.79263
78 61 6.79263
78 62 6.79263
78 63 6.79263
78 64 6.79263
78 65 6.79263
78 66 6.79263
78 67 6.79263
78 68 6.79263
78 69 6.79263
78 70 6.98248
78 71 7.04051
78 72 7.05735
78 73 7.05735
78 74 7.05735
78 75 7.211
78 76 7.27448
78 77 7.27448
78 78 7.27448
78 79 7.28909
78 80 7.33524
78 81 7.5185
78 82 7.55361
78 83 7.55361
78 84 7.57321
78 85 7.59348
78 86 7.5971
78 87 7.81937
78 88 7.81937
78 89 8.02884
78 90 8.02884
78 91 8.02884
78 92 8.02884
78 93 8.12406
78 94 8.12406
78 95 8.12406
78 96 8.34382
78 97 8.39325
78 98 8.42723
78 99 8.59658
78 100 8.80607
78 101 8.80607
78 102 8.81325
78 103 8.93889
78 104 8.99453
78 105 9.16793
78 106 9.49147
78 107 9.57448
78 108 9.69535
78 109 10.0064
78 110 10.024
78 111 10.0834
78 112 10.1014
78 113 10.288
78 114 10.288
78 115 10.288
78 116 10.2959
78 117 10.303
78 118 10.3092
78 119 10.3182
78 120 10.3424
78 121 10.3586
78 122 10.4103
78 123 10.4247
78 124 10.4719
78 125 10.4892
78 126 10.5518
78 127 10.6296
78 128 10.8045
78 129 10.8637
78 130 10.9275
78 131 10.937
78 132 10.9522
78 133 10.9586
78 134 11.0085
78 135 11.0268
78 136 11.0357
78 137 11.1292
78 138 11.1581
78 139 11.1766
78 140 11.1767
78 141 11.2707
78 142 11.3424
78 143 11.3872
78 144 11.4677
78 145 11.5248
78 146 11.6077
78 147 11.7056
78 148 11.8028
78 149 11.9143
78 150 11.9713
78 151 11.9905
78 152 12.0535
78 153 12.1404
78 154 12.2264
78 155 12.4437
78 156 12.4437
78 157 12.4437
78 158 12.4837
78 159 12.488
78 160 12.5096
78 161 12.5782
78 162 12.6942
78 163 12.7094
78 164 12.8049
78 165 12.9678
78 166 13.2473
78 167 13.3986
78 168 13.4236
78 169 13.4381
78 170 13.503
78 171 13.5292
78 172 13.5671
78 173 13.5825
78 174 13.6983
78 175 13.8327
78 176 13.8621
78 177 13.9596
78 178 14.213
78 179 14.288
78 180 14.3261
78 181 14.4881
78 182 14.5401
78 183 14.6736
78 184 14.7813
78 185 15.0173
78 186 15.2617
78 187 15.8612
78 188 16.0227
78 189 16.0758
78 190 16.3272
78 191 16.3649
78 192 17.1683
78 193 18.1577
78 194 18.2053
78 195 18.7814
78 196 18.8235
78 197 19.6845
78 198 21.7304
78 199 23.2298
79 0 6.79263 1 24 2 15 30 23 29 17 4 11 31 5 27 25 28 18 6 34 16 20 32 33 9 7 3 26 22 13 12 10 14 19 21 8 1 
79 1 6.79263
79 2 6.79263
79 3 6.79263
79 4 6.79263
79 5 6.79263
79 6 6.79263
79 7 6.79263
79 8 6.79263
79 9 6.79263
79 10 6.79263
79 11 6.79263
79 12 6.79263
79 13 6.79263
79 14 6.79263
79 15 6.79263
79 16 6.79263
79 17 6.79263
79 18 6.79263
79 19 6.79263
79 20 6.79263
79 21 6.79263
79 22 6.79263
79 23 6.79263
79 24 6.79263
79 25 6.79263
79 26 6.79263
79 27 6.79263
79 28 6.79263
79 29 6.79263
79 30 6.79263
79 31 6.79263
79 32 6.79263
79 33 6.79263
79 34 6.79263
79 35 6.79263
79 36 6.79263
79 37 6.79263
79 38 6.79263
79 39 6.79263
79 40 6.79263
79 41 6.79263
79 42 6.79263
79 43 6.79263
79 44 6.79263
79 45 6.79263
79 46 6.79263
79 47 6.79263
79 48 6.79263
79 49 6.79263
79 50 6.79263
79 51 6.79263
79 52 6.79263
79 53 6.79263
79 54 6.79263
79 55 6.79263
79 56 6.79263
79 57 6.79263
79 58 6.79263
79 59 6.79263
79 60 6.79263
79 61 6.79263
79 62 6.79263
79 63 6.79263
79 64 6.79263
79 65 6.79263
79 66 6.79263
79 67 6.79263
79 68 6.79263
79 69 6.79263
79 70 6.79263
79 71 6.79263
79 72 6.79263
79 73 6.79263
79 74 6.79263
79 75 6.79263
79 76 7.04051
79 77 7.05735
79 78 7.05735
79 79 7.09794
79 80 7.11525
79 81 7.27448
79 82 7.31135
79 83 7.33524
79 84 7.34441
79 85 7.55361
79 86 7.55361
79 87 7.55361
79 88 7.78682
79 89 7.81937
79 90 7.81937
79 91 8.02884
79 92 8.02884
79 93 8.02884
79 94 8.10106
79 95 8.12289
79 96 8.12406
79 97 8.20392
79 98 8.40184
79 99 8.44837
79 100 8.64395
79 101 8.80314
79 102 8.80607
79 103 8.80607
79 104 8.81709
79 105 8.85835
79 106 8.99453
79 107 9.17723
79 108 9.18867
79 109 9.19952
79 110 9.30711
79 111 9.33398
79 112 9.47038
79 113 9.55101
79 114 9.55811
79 115 9.61441
79 116 9.68429
79 117 9.76793
79 118 9.77095
79 119 9.91562
79 120 9.92034
79 121 10.0064
79 122 10.0834
79 123 10.2959
79 124 10.3092
79 125 10.3482
79 126 10.3678
79 127 10.4848
79 128 10.5111
79 129 10.5379
79 130 10.5702
79 131 10.7083
79 132 10.7291
79 133 10.7333
79 134 10.7381
79 135 10.7459
79 136 10.8637
79 137 10.8651
79 138 10.8833
79 139 10.9502
79 140 11.0992
79 141 11.1292
79 142 11.1581
79 143 11.1767
79 144 11.2583
79 145 11.2949
79 146 11.3376
79 147 11.347
79 148 11.3872
79 149 11.3872
79 150 11.4222
79 151 11.4682
79 152 11.5004
79 153 11.5633
79 154 11.6091
79 155 11.8289
79 156 12.1404
79 157 12.1642
79 158 12.2092
79 159 12.3396
79 160 12.362
79 161 12.3981
79 162 12.4437
79 163 12.488
79 164 12.5096
79 165 12.7637
79 166 12.9231
79 167 12.939
79 168 12.9548
79 169 13.256
79 170 13.2989
79 171 13.3665
79 172 13.4427
79 173 13.7818
79 174 13.9989
79 175 14.0593
79 176 14.0869
79 177 14.1014
79 178 14.122
79 179 14.2039
79 180 14.282
79 181 14.3261
79 182 14.3767
79 183 14.4226
79 184 14.5808
79 185 14.7327
79 186 14.9965
79 187 15.0796
79 188 15.1811
79 189 15.4168
79 190 15.4587
79 191 15.8043
79 192 16.0365
79 193 16.0758
79 194 17.5328
79 195 18.8346
79 196 18.8398
79 197 19.7401
79 198 19.9962
79 199 23.0325
80 0 6.7462 1 24 2 15 30 23 29 17 4 11 31 5 27 25 28 18 6 34 16 20 32 33 9 7 3 26 22 13 12 10 19 14 21 8 1 
80 1 6.79263
80 2 6.79263
80 3 6.79263
80 4 6.79263
80 5 6.79263
80 6 6.79263
80 7 6.79263
80 8 6.79263
80 9 6.79263
80 10 6.79263
80 11 6.79263
80 12 6.79263
80 13 6.79263
80 14 6.79263
80 15 6.79263
80 16 6.79263
80 17 6.79263
80 18 6.79263
80 19 6.79263
80 20 6.79263
80 21 6.79263
80 22 6.79263
80 23 6.79263
80 24 6.79263
80 25 6.79263
80 26 6.79263
80 27 6.79263
80 28 6.79263
80 29 6.79263
80 30 6.79263
80 31 6.79263
80 32 6.79263
80 33 6.79263
80 34 6.79263
80 35 6.79263
80 36 6.79263
80 37 6.79263
80 38 6.79263
80 39 6.79263
80 40 6.79263
80 41 6.79263
80 42 6.79263
80 43 6.79263
80 44 6.79263
80 45 6.79263
80 46 6.79263
80 47 6.79263
80 48 6.79263
80 49 6.79263
80 50 6.79263
80 51 6.79263
80 52 6.79263
80 53 6.79263
80 54 6.79263
80 55 6.79263
80 56 6.79263
80 57 6.79263
80 58 6.79263
80 59 6.79263
80 60 6.79263
80 61 6.79263
80 62 6.79263
80 63 6.79263
80 64 6.79263
80 65 6.79263
80 66 6.79263
80 67 6.79263
80 68 6.79263
80 69 6.79263
80 70 6.79263
80 71 6.79263
80 72 6.79263
80 73 6.79263
80 74 6.79263
80 75 6.79263
80 76 6.79263
80 77 6.79263
80 78 6.79263
80 79 6.79263
80 80 6.79263
80 81 6.79263
80 82 6.79263
80 83 6.79263
80 84 6.79263
80 85 6.79263
80 86 6.79263
80 87 6.79263
80 88 6.79263
80 89 6.79263
80 90 6.79263
80 91 6.79263
80 92 6.79263
80 93 6.79263
80 94 6.79263
80 95 6.79263
80 96 6.79263
80 97 6.99004
80 98 7.04003
80 99 7.31135
80 100 7.33524
80 101 7.34441
80 102 7.55361
80 103 7.59348
80 104 8.02884
80 105 8.02884
80 106 8.06106
80 107 8.41426
80 108 8.64395
80 109 8.64395
80 110 8.64395
80 111 8.6912
80 112 8.81709
80 113 8.90946
80 114 9.11384
80 115 9.27464
80 116 9.30711
80 117 9.3101
80 118 9.55101
80 119 9.56371
80 120 9.81342
80 121 9.89022
80 122 9.91562
80 123 9.92034
80 124 9.9266
80 125 9.93495
80 126 9.99377
80 127 10.0077
80 128 10.0247
80 129 10.029
80 130 10.106
80 131 10.3425
80 132 10.3625
80 133 10.3763
80 134 10.4852
80 135 10.5029
80 136 10.5924
80 137 10.6036
80 138 10.6148
80 139 10.7291
80 140 10.8625
80 141 10.9172
80 142 11.0037
80 143 11.0691
80 144 11.0992
80 145 11.1581
80 146 11.2602
80 147 11.2887
80 148 11.3187
80 149 11.365
80 150 11.4614
80 151 11.4619
80 152 11.4682
80 153 11.5727
80 154 11.6078
80 155 11.7937
80 156 11.8972
80 157 11.9695
80 158 11.9851
80 159 12.0369
80 160 12.0991
80 161 12.1113
80 162 12.2092
80 163 12.2938
80 164 12.3744
80 165 12.4531
80 166 12.482
80 167 12.7183
80 168 12.7604
80 169 12.9665
80 170 13.0807
80 171 13.1734
80 172 13.1863
80 173 13.2989
80 174 13.4246
80 175 13.5529
80 176 14.0055
80 177 14.0481
80 178 14.122
80 179 14.1238
80 180 14.1903
80 181 14.2998
80 182 14.4642
80 183 14.5808
80 184 14.9965
80 185 15.3452
80 186 15.6632
80 187 15.7502
80 188 15.7703
80 189 16.0365
80 190 16.1364
80 191 16.2526
80 192 16.4394
80 193 16.8574
80 194 17.7433
80 195 17.8304
80 196 18.5754
80 197 19.9962
80 198 20.4936
80 199 20.8607
81 0 6.7462 1 24 2 15 30 23 29 17 4 11 31 5 27 25 28 18 6 34 16 20 32 33 9 7 3 26 22 13 12 10 19 14 21 8 1 
81 1 6.7462
81 2 6.7462
81 3 6.7462
81 4 6.7462
81 5 6.7462
81 6 6.7462
81 7 6.7462
81 8 6.7462
81 9 6.7462
81 10 6.7462
81 11 6.7462
81 12 6.7462
81 13 6.7462
81 14 6.7462
81 15 6.7462
81 16 6.7462
81 17 6.7462
81 18 6.7462
81 19 6.7462
81 20 6.7462
81 21 6.7462
81 22 6.79263
81 23 6.79263
81 24 6.79263
81 25 6.79263
81 26 6.79263
81 27 6.79263
81 28 6.79263
81 29 6.79263
81 30 6.79263
81 31 6.79263
81 32 6.79263
81 33 6.79263
81 34 6.79263
81 35 6.79263
81 36 6.79263
81 37 6.79263
81 38 6.79263
81 39 6.79263
81 40 6.79263
81 41 6.79263
81 42 6.79263
81 43 6.79263
81 44 6.79263
81 45 6.79263
81 46 6.79263
81 47 6.79263
81 48 6.79263
81 49 6.79263
81 50 6.79263
81 51 6.79263
81 52 6.79263
81 53 6.79263
81 54 6.79263
81 55 6.79263
81 56 6.79263
81 57 6.79263
81 58 6.79263
81 59 6.79263
81 60 6.79263
81 61 6.79263
81 62 6.79263
81 63 6.79263
81 64 6.79263
81 65 6.79263
81 66 6.79263
81 67 6.79263
81 68 6.79263
81 69 6.79263
81 70 6.79263
81 71 6.79263
81 72 6.79263
81 73 6.79263
81 74 6.79263
81 75 6.79263
81 76 6.79263
81 77 6.79263
81 78 6.79263
81 79 6.79263
81 80 6.79263
81 81 6.79263
81 82 6.79263
81 83 6.79263
81 84 6.79263
81 85 6.79263
81 86 6.79263
81 87 6.79263
81 88 6.79263
81 89 6.79263
81 90 6.79263
81 91 6.79263
81 92 6.79263
81 93 6.79263
81 94 6.79263
81 95 6.79263
81 96 6.79263
81 97 6.79263
81 98 6.79263
81 99 6.79263
81 100 6.79263
81 101 6.85772
81 102 7.09794
81 103 7.22828
81 104 7.28909
81 105 7.55381
81 106 7.59348
81 107 7.63259
81 108 7.81383
81 109 7.93806
81 110 8.06106
81 111 8.21111
81 112 8.21418
81 113 8.73608
81 114 8.73668
81 115 8.85601
81 116 8.96856
81 117 9.07056
81 118 9.27464
81 119 9.30435
81 120 9.30711
81 121 9.3101
81 122 9.35622
81 123 9.43869
81 124 9.49456
81 125 9.55463
81 126 9.73836
81 127 9.89805
81 128 9.92034
81 129 9.93338
81 130 10.0418
81 131 10.0718
81 132 10.106
81 133 10.1499
81 134 10.1653
81 135 10.196
81 136 10.3161
81 137 10.4471
81 138 10.931
81 139 11.0037
81 140 11.063
81 141 11.1874
81 142 11.361
81 143 11.3733
81 144 11.3888
81 145 11.4268
81 146 11.5906
81 147 11.7471
81 148 11.7937
81 149 11.8256
81 150 11.8412
81 151 11.882
81 152 11.9236
81 153 12.0991
81 154 12.1752
81 155 12.2092
81 156 12.2092
81 157 12.2816
81 158 12.3991
81 159 12.5005
81 160 12.5152
81 161 12.5938
81 162 12.6308
81 163 12.7519
81 164 12.8496
81 165 12.9885
81 166 13.0807
81 167 13.2266
81 168 13.2554
81 169 13.2719
81 170 13.5175
81 171 13.5423
81 172 13.5529
81 173 13.577
81 174 13.6775
81 175 13.8171
81 176 13.9522
81 177 14.0055
81 178 14.0055
81 179 14.0055
81 180 14.0339
81 181 14.0752
81 182 14.1903
81 183 14.8575
81 184 14.9905
81 185 15.1028
81 186 15.1349
81 187 15.2945
81 188 15.923
81 189 16.0365
81 190 16.1457
81 191 16.4394
81 192 16.7347
81 193 16.8079
81 194 17.4504
81 195 18.2006
81 196 19.939
81 197 20.0102
81 198 21.5801
81 199 21.8159
82 0 6.7462 1 24 2 15 30 23 29 17 4 11 31 5 27 25 28 18 6 34 16 20 32 33 9 7 3 26 22 13 12 10 19 14 21 8 1 
82 1 6.7462
82 2 6.7462
82 3 6.7462
82 4 6.7462
82 5 6.7462
82 6 6.7462
82 7 6.7462
82 8 6.7462
82 9 6.7462
82 10 6.7462
82 11 6.7462
82 12 6.7462
82 13 6.7462
82 14 6.7462
82 15 6.7462
82 16 6.7462
82 17 6.7462
82 18 6.7462
82 19 6.7462
82 20 6.7462
82 21 6.7462
82 22 6.7462
82 23 6.7462
82 24 6.7462
82 25 6.7462
82 26 6.7462
82 27 6.7462
82 28 6.7462
82 29 6.7462
82 30 6.7462
82 31 6.7462
82 32 6.7462
82 33 6.7462
82 34 6.7462
82 35 6.7462
82 36 6.7462
82 37 6.7462
82 38 6.7462
82 39 6.7462
82 40 6.7462
82 41 6.7462
82 42 6.7462
82 43 6.7462
82 44 6.7462
82 45 6.7462
82 46 6.7462
82 47 6.7462
82 48 6.7462
82 49 6.7462
82 50 6.7462
82 51 6.7462
82 52 6.79263
82 53 6.79263
82 54 6.79263
82 55 6.79263
82 56 6.79263
82 57 6.79263
82 58 6.79263
82 59 6.79263
82 60 6.79263
82 61 6.79263
82 62 6.79263
82 63 6.79263
82 64 6.79263
82 65 6.79263
82 66 6.79263
82 67 6.79263
82 68 6.79263
82 69 6.79263
82 70 6.79263
82 71 6.79263
82 72 6.79263
82 73 6.79263
82 74 6.79263
82 75 6.79263
82 76 6.79263
82 77 6.79263
82 78 6.79263
82 79 6.79263
82 80 6.79263
82 81 6.79263
82 82 6.79263
82 83 6.79263
82 84 6.79263
82 85 6.79263
82 86 6.79263
82 87 6.79263
82 88 6.79263
82 89 6.79263
82 90 6.79263
82 91 6.79263
82 92 6.79263
82 93 6.79263
82 94 6.79263
82 95 6.79263
82 96 6.79263
82 97 6.79263
82 98 6.94851
82 99 7.1435
82 100 7.24366
82 101 7.28909
82 102 7.28909
82 103 7.55935
82 104 7.59348
82 105 7.69367
82 106 7.89817
82 107 8.05036
82 108 8.20615
82 109 8.22029
82 110 8.53546
82 111 8.57281
82 112 8.77674
82 113 8.80226
82 114 8.96007
82 115 8.96856
82 116 9.05522
82 117 9.10068
82 118 9.11657
82 119 9.14094
82 120 9.3101
82 121 9.49456
82 122 9.65546
82 123 9.68008
82 124 9.71813
82 125 9.73183
82 126 9.7917
82 127 9.99029
82 128 10.024
82 129 10.046
82 130 10.2118
82 131 10.2538
82 132 10.3003
82 133 10.3161
82 134 10.4729
82 135 10.5868
82 136 10.7338
82 137 10.8372
82 138 10.8846
82 139 11.063
82 140 11.1082
82 141 11.1292
82 142 11.1379
82 143 11.1565
82 144 11.157
82 145 11.1874
82 146 11.2011
82 147 11.2787
82 148 11.3268
82 149 11.361
82 150 11.5288
82 151 11.6509
82 152 11.6672
82 153 11.9695
82 154 12.2151
82 155 12.2563
82 156 12.2816
82 157 12.3077
82 158 12.3558
82 159 12.3991
82 160 12.3991
82 161 12.466
82 162 12.4688
82 163 12.5041
82 164 12.5743
82 165 12.6157
82 166 12.6511
82 167 12.7047
82 168 12.8459
82 169 12.9362
82 170 12.9866
82 171 13.1026
82 172 13.1641
82 173 13.3601
82 174 13.583
82 175 13.6746
82 176 13.6772
82 177 13.7479
82 178 13.78
82 179 13.7928
82 180 13.8305
82 181 13.9697
82 182 14.0055
82 183 14.4334
82 184 14.5992
82 185 15.0159
82 186 15.1113
82 187 15.2742
82 188 16.1369
82 189 16.4595
82 190 16.8079
82 191 17.2087
82 192 18.1144
82 193 18.22
82 194 18.5313
82 195 18.5477
82 196 19.083
82 197 19.6282
82 198 20.3582
82 199 20.7691
83 0 6.7462 1 24 2 15 30 23 29 17 4 11 31 5 27 25 28 18 6 34 16 20 32 33 9 7 3 26 22 13 12 10 19 14 21 8 1 
83 1 6.7462
83 2 6.7462
83 3 6.7462
83 4 6.7462
83 5 6.7462
83 6 6.7462
83 7 6.7462
83 8 6.7462
83 9 6.7462
83 10 6.7462
83 11 6.7462
83 12 6.7462
83 13 6.7462
83 14 6.7462
83 15 6.7462
83 16 6.7462
83 17 6.7462
83 18 6.7462
83 19 6.7462
83 20 6.7462
83 21 6.7462
83 22 6.7462
83 23 6.7462
83 24 6.7462
83 25 6.7462
83 26 6.7462
83 27 6.7462
83 28 6.7462
83 29 6.7462
83 30 6.7462
83 31 6.7462
83 32 6.7462
83 33 6.7462
83 34 6.7462
83 35 6.7462
83 36 6.7462
83 37 6.7462
83 38 6.7462
83 39 6.7462
83 40 6.7462
83 41 6.7462
83 42 6.7462
83 43 6.7462
83 44 6.7462
83 45 6.7462
83 46 6.7462
83 47 6.7462
83 48 6.7462
83 49 6.7462
83 50 6.7462
83 51 6.7462
83 52 6.7462
83 53 6.7462
83 54 6.7462
83 55 6.7462
83 56 6.7462
83 57 6.7462
83 58 6.7462
83 59 6.7462
83 60 6.7462
83 61 6.7462
83 62 6.7462
83 63 6.7462
83 64 6.7462
83 65 6.7462
83 66 6.7462
83 67 6.7462
83 68 6.7462
83 69 6.7462
83 70 6.7462
83 71 6.7462
83 72 6.7462
83 73 6.7462
83 74 6.7462
83 75 6.7462
83 76 6.7462
83 77 6.7462
83 78 6.7462
83 79 6.7462
83 80 6.7462
83 81 6.7462
83 82 6.7462
83 83 6.7462
83 84 6.7462
83 85 6.7462
83 86 6.7462
83 87 6.7462
83 88 6.75909
83 89 6.79263
83 90 6.79263
83 91 6.79263
83 92 6.79263
83 93 6.79263
83 94 6.79263
83 95 6.79263
83 96 6.79263
83 97 6.79263
83 98 6.79263
83 99 6.79263
83 100 6.79263
83 101 6.79263
83 102 6.79263
83 103 6.79263
83 104 6.79263
83 105 6.79263
83 106 6.79263
83 107 6.79263
83 108 6.79263
83 109 6.79263
83 110 7.28909
83 111 7.28909
83 112 7.54778
83 113 7.55259
83 114 7.55259
83 115 7.57004
83 116 7.59348
83 117 7.89817
83 118 8.5266
83 119 8.53546
83 120 8.54907
83 121 8.74599
83 122 8.78487
83 123 8.80226
83 124 9.07224
83 125 9.36643
83 126 9.45156
83 127 9.49221
83 128 9.5987
83 129 9.65546
83 130 9.71813
83 131 9.76681
83 132 9.78683
83 133 9.81369
83 134 9.90327
83 135 9.9266
83 136 9.93944
83 137 10.013
83 138 10.1149
83 139 10.2074
83 140 10.2115
83 141 10.3161
83 142 10.3435
83 143 10.5729
83 144 10.6325
83 145 10.7338
83 146 10.7338
83 147 10.8177
83 148 10.8372
83 149 10.8372
83 150 10.8581
83 151 11.063
83 152 11.2755
83 153 11.361
83 154 11.3814
83 155 11.3835
83 156 11.4678
83 157 11.5182
83 158 11.7993
83 159 11.815
83 160 11.8549
83 161 11.9116
83 162 12.0957
83 163 12.1391
83 164 12.2089
83 165 12.3991
83 166 12.4688
83 167 12.5041
83 168 12.5743
83 169 12.6857
83 170 12.8713
83 171 12.9905
83 172 13.3556
83 173 13.3748
83 174 13.4004
83 175 13.4386
83 176 13.5041
83 177 13.6703
83 178 13.6772
83 179 13.6844
83 180 13.7345
83 181 13.7455
83 182 13.7618
83 183 13.7928
83 184 13.7967
83 185 14.0868
83 186 14.1548
83 187 14.4469
83 188 14.6316
83 189 14.8207
83 190 14.8714
83 191 15.3226
83 192 16.1369
83 193 17.1583
83 194 17.2615
83 195 17.3254
83 196 18.7316
83 197 19.6282
83 198 20.3582
83 199 21.7922
84 0 6.7462 1 24 2 15 30 23 29 17 4 11 31 5 27 25 28 18 6 34 16 20 32 33 9 7 3 26 22 13 12 10 19 14 21 8 1 
84 1 6.7462
84 2 6.7462
84 3 6.7462
84 4 6.7462
84 5 6.7462
84 6 6.7462
84 7 6.7462
84 8 6.7462
84 9 6.7462
84 10 6.7462
84 11 6.7462
84 12 6.7462
84 13 6.7462
84 14 6.7462
84 15 6.7462
84 16 6.7462
84 17 6.7462
84 18 6.7462
84 19 6.7462
84 20 6.7462
84 21 6.7462
84 22 6.7462
84 23 6.7462
84 24 6.7462
84 25 6.7462
84 26 6.7462
84 27 6.7462
84 28 6.7462
84 29 6.7462
84 30 6.7462
84 31 6.7462
84 32 6.7462
84 33 6.7462
84 34 6.7462
84 35 6.7462
84 36 6.7462
84 37 6.7462
84 38 6.7462
84 39 6.7462
84 40 6.7462
84 41 6.7462
84 42 6.7462
84 43 6.7462
84 44 6.7462
84 45 6.7462
84 46 6.7462
84 47 6.7462
84 48 6.7462
84 49 6.7462
84 50 6.7462
84 51 6.7462
84 52 6.7462
84 53 6.7462
84 54 6.7462
84 55 6.7462
84 56 6.7462
84 57 6.7462
84 58 6.7462
84 59 6.7462
84 60 6.7462
84 61 6.7462
84 62 6.7462
84 63 6.7462
84 64 6.7462
84 65 6.7462
84 66 6.7462
84 67 6.7462
84 68 6.7462
84 69 6.7462
84 70 6.7462
84 71 6.7462
84 72 6.7462
84 73 6.7462
84 74 6.7462
84 75 6.7462
84 76 6.7462
84 77 6.7462
84 78 6.7462
84 79 6.7462
84 80 6.7462
84 81 6.7462
84 82 6.7462
84 83 6.7462
84 84 6.7462
84 85 6.7462
84 86 6.7462
84 87 6.7462
84 88 6.7462
84 89 6.7462
84 90 6.7462
84 91 6.7462
84 92 6.7462
84 93 6.7462
84 94 6.7462
84 95 6.7462
84 96 6.7462
84 97 6.7462
84 98 6.7462
84 99 6.7462
84 100 6.74641
84 101 6.79263
84 102 6.79263
84 103 6.79263
84 104 6.82668
84 105 7.54661
84 106 7.54778
84 107 7.54778
84 108 7.55259
84 109 7.56931
84 110 7.8666
84 111 8.04549
84 112 8.07594
84 113 8.20615
84 114 8.23223
84 115 8.56102
84 116 8.57189
84 117 8.65255
84 118 8.78487
84 119 8.81172
84 120 8.85601
84 121 8.86645
84 122 9.24777
84 123 9.36036
84 124 9.36643
84 125 9.45156
84 126 9.46552
84 127 9.58784
84 128 9.65831
84 129 9.94263
84 130 10.0603
84 131 10.1149
84 132 10.1149
84 133 10.2074
84 134 10.2517
84 135 10.3087
84 136 10.3089
84 137 10.3435
84 138 10.4993
84 139 10.5257
84 140 10.5659
84 141 10.6805
84 142 10.7166
84 143 10.7338
84 144 10.7338
84 145 10.7338
84 146 10.8167
84 147 10.8581
84 148 10.8692
84 149 10.9262
84 150 11.0716
84 151 11.3471
84 152 11.3776
84 153 11.4678
84 154 11.5703
84 155 11.6482
84 156 11.746
84 157 11.827
84 158 12.0957
84 159 12.0957
84 160 12.5041
84 161 12.5595
84 162 12.578
84 163 12.5909
84 164 12.8007
84 165 12.9504
84 166 13.11
84 167 13.1377
84 168 13.1416
84 169 13.2815
84 170 13.3298
84 171 13.335
84 172 13.3748
84 173 13.4386
84 174 13.6677
84 175 13.6844
84 176 13.7116
84 177 13.7166
84 178 13.7283
84 179 13.7967
84 180 13.7967
84 181 13.9308
84 182 13.9557
84 183 13.9874
84 184 14.0069
84 185 14.0497
84 186 14.0527
84 187 14.0818
84 188 14.0868
84 189 14.3555
84 190 14.6316
84 191 14.8714
84 192 14.9231
84 193 14.9752
84 194 15.4984
84 195 16.9903
84 196 17.3463
84 197 17.736
84 198 17.9158
84 199 18.4947
85 0 6.7462 1 24 2 15 30 23 29 17 4 11 31 5 27 25 28 18 6 34 16 20 32 33 9 7 3 26 22 13 12 10 19 14 21 8 1 
85 1 6.7462
85 2 6.7462
85 3 6.7462
85 4 6.7462
85 5 6.7462
85 6 6.7462
85 7 6.7462
85 8 6.7462
85 9 6.7462
85 10 6.7462
85 11 6.7462
85 12 6.7462
85 13 6.7462
85 14 6.7462
85 15 6.7462
85 16 6.7462
85 17 6.7462
85 18 6.7462
85 19 6.7462
85 20 6.7462
85 21 6.7462
85 22 6.7462
85 23 6.7462
85 24 6.7462
85 25 6.7462
85 26 6.7462
85 27 6.7462
85 28 6.7462
85 29 6.7462
85 30 6.7462
85 31 6.7462
85 32 6.7462
85 33 6.7462
85 34 6.7462
85 35 6.7462
85 36 6.7462
85 37 6.7462
85 38 6.7462
85 39 6.7462
85 40 6.7462
85 41 6.7462
85 42 6.7462
85 43 6.7462
85 44 6.7462
85 45 6.7462
85 46 6.7462
85 47 6.7462
85 48 6.7462
85 49 6.7462
85 50 6.7462
85 51 6.7462
85 52 6.7462
85 53 6.7462
85 54 6.7462
85 55 6.7462
85 56 6.7462
85 57 6.7462
85 58 6.7462
85 59 6.7462
85 60 6.7462
85 61 6.7462
85 62 6.7462
85 63 6.7462
85 64 6.7462
85 65 6.7462
85 66 6.7462
85 67 6.7462
85 68 6.7462
85 69 6.7462
85 70 6.7462
85 71 6.7462
85 72 6.7462
85 73 6.7462
85 74 6.7462
85 75 6.7462
85 76 6.7462
85 77 6.7462
85 78 6.7462
85 79 6.7462
85 80 6.7462
85 81 6.7462
85 82 6.7462
85 83 6.7462
85 84 6.7462
85 85 6.7462
85 86 6.7462
85 87 6.7462
85 88 6.7462
85 89 6.7462
85 90 6.7462
85 91 6.7462
85 92 6.7462
85 93 6.7462
85 94 6.7462
85 95 6.7462
85 96 6.7462
85 97 6.7462
85 98 6.7462
85 99 6.79263
85 100 6.79263
85 101 7.0112
85 102 7.04003
85 103 7.1435
85 104 7.21877
85 105 7.46694
85 106 7.54661
85 107 7.54661
85 108 7.96671
85 109 8.09872
85 110 8.17842
85 111 8.23223
85 112 8.26106
85 113 8.40012
85 114 8.48196
85 115 8.48928
85 116 8.5902
85 117 8.78487
85 118 8.80968
85 119 8.85601
85 120 8.9005
85 121 8.91048
85 122 9.03209
85 123 9.20133
85 124 9.24777
85 125 9.30868
85 126 9.40315
85 127 9.56827
85 128 9.61154
85 129 9.67432
85 130 9.67432
85 131 9.8238
85 132 9.97449
85 133 10.0899
85 134 10.1003
85 135 10.1149
85 136 10.1621
85 137 10.1832
85 138 10.2623
85 139 10.3435
85 140 10.3435
85 141 10.592
85 142 10.6083
85 143 10.6805
85 144 10.7338
85 145 10.785
85 146 10.8741
85 147 10.8846
85 148 10.9262
85 149 10.9552
85 150 11.1009
85 151 11.1906
85 152 11.2948
85 153 11.3721
85 154 11.5002
85 155 11.541
85 156 11.9969
85 157 12.0957
85 158 12.1288
85 159 12.2844
85 160 12.8007
85 161 12.8182
85 162 13.2656
85 163 13.2948
85 164 13.3284
85 165 13.3772
85 166 13.3834
85 167 13.4773
85 168 13.5996
85 169 13.6394
85 170 13.6737
85 171 13.7116
85 172 13.7145
85 173 13.7283
85 174 13.7506
85 175 13.7967
85 176 13.7967
85 177 13.9071
85 178 13.9263
85 179 13.984
85 180 14.0725
85 181 14.0999
85 182 14.1629
85 183 14.1782
85 184 14.2654
85 185 14.5718
85 186 14.8714
85 187 15.3144
85 188 15.8644
85 189 15.8774
85 190 16.1296
85 191 16.2957
85 192 16.5124
85 193 16.8196
85 194 16.8292
85 195 16.9847
85 196 18.0926
85 197 18.5251
85 198 19.4108
85 199 21.0622
86 0 6.7462 1 24 2 15 30 23 29 17 4 11 31 5 27 25 28 18 6 34 16 20 32 33 9 7 3 26 22 13 12 10 19 14 21 8 1 
86 1 6.7462
86 2 6.7462
86 3 6.7462
86 4 6.7462
86 5 6.7462
86 6 6.7462
86 7 6.7462
86 8 6.7462
86 9 6.7462
86 10 6.7462
86 11 6.7462
86 12 6.7462
86 13 6.7462
86 14 6.7462
86 15 6.7462
86 16 6.7462
86 17 6.7462
86 18 6.7462
86 19 6.7462
86 20 6.7462
86 21 6.7462
86 22 6.7462
86 23 6.7462
86 24 6.7462
86 25 6.7462
86 26 6.7462
86 27 6.7462
86 28 6.7462
86 29 6.7462
86 30 6.7462
86 31 6.7462
86 32 6.7462
86 33 6.7462
86 34 6.7462
86 35 6.7462
86 36 6.7462
86 37 6.7462
86 38 6.7462
86 39 6.7462
86 40 6.7462
86 41 6.7462
86 42 6.7462
86 43 6.7462
86 44 6.7462
86 45 6.7462
86 46 6.7462
86 47 6.7462
86 48 6.7462
86 49 6.7462
86 50 6.7462
86 51 6.7462
86 52 6.7462
86 53 6.7462
86 54 6.7462
86 55 6.7462
86 56 6.7462
86 57 6.7462
86 58 6.7462
86 59 6.7462
86 60 6.7462
86 61 6.7462
86 62 6.7462
86 63 6.7462
86 64 6.7462
86 65 6.7462
86 66 6.7462
86 67 6.7462
86 68 6.7462
86 69 6.7462
86 70 6.7462
86 71 6.7462
86 72 6.7462
86 73 6.7462
86 74 6.7462
86 75 6.7462
86 76 6.7462
86 77 6.7462
86 78 6.7462
86 79 6.7462
86 80 6.7462
86 81 6.7462
86 82 6.7462
86 83 6.7462
86 84 6.7462
86 85 6.7462
86 86 6.7462
86 87 6.7462
86 88 6.7462
86 89 6.7462
86 90 6.7462
86 91 6.7462
86 92 6.7462
86 93 6.7462
86 94 6.7462
86 95 6.7462
86 96 6.7462
86 97 6.7462
86 98 6.78025
86 99 7.0112
86 100 7.04051
86 101 7.05151
86 102 7.35946
86 103 7.72096
86 104 7.78983
86 105 7.85753
86 106 7.96671
86 107 8.03286
86 108 8.09549
86 109 8.21043
86 110 8.22486
86 111 8.22911
86 112 8.33095
86 113 8.48196
86 114 8.48928
86 115 8.55249
86 116 8.71046
86 117 8.78487
86 118 8.91048
86 119 8.91787
86 120 8.9529
86 121 9.22071
86 122 9.40315
86 123 9.59457
86 124 9.67432
86 125 9.67815
86 126 9.75949
86 127 9.97516
86 128 9.99797
86 129 10.05
86 130 10.1115
86 131 10.1403
86 132 10.1832
86 133 10.2705
86 134 10.2787
86 135 10.3435
86 136 10.3435
86 137 10.3435
86 138 10.4059
86 139 10.463
86 140 10.625
86 141 10.6731
86 142 10.7486
86 143 10.7796
86 144 10.8372
86 145 10.8432
86 146 10.8815
86 147 10.8834
86 148 10.9516
86 149 11.0822
86 150 11.1145
86 151 11.1335
86 152 11.1682
86 153 11.1773
86 154 11.2282
86 155 11.2398
86 156 11.2539
86 157 11.2948
86 158 11.3055
86 159 11.474
86 160 11.5236
86 161 11.5288
86 162 11.5348
86 163 11.6225
86 164 11.7861
86 165 11.9969
86 166 12.1288
86 167 12.1856
86 168 12.7807
86 169 12.8198
86 170 12.823
86 171 12.99
86 172 13.1751
86 173 13.2634
86 174 13.3452
86 175 13.3834
86 176 13.441
86 177 13.6119
86 178 13.6897
86 179 13.7468
86 180 13.9145
86 181 14.0098
86 182 14.3522
86 183 14.5873
86 184 14.5988
86 185 14.6342
86 186 15.039
86 187 15.1923
86 188 15.2362
86 189 15.4491
86 190 15.7989
86 191 15.8063
86 192 15.9382
86 193 16.1296
86 194 16.2408
86 195 16.262
86 196 17.5383
86 197 19.4659
86 198 19.7608
86 199 21.7618
87 0 6.7462 1 24 2 15 30 23 29 17 4 11 31 5 27 25 28 18 6 34 16 20 32 33 9 7 3 26 22 13 12 10 19 14 21 8 1 
87 1 6.7462
87 2 6.7462
87 3 6.7462
87 4 6.7462
87 5 6.7462
87 6 6.7462
87 7 6.7462
87 8 6.7462
87 9 6.7462
87 10 6.7462
87 11 6.7462
87 12 6.7462
87 13 6.7462
87 14 6.7462
87 15 6.7462
87 16 6.7462
87 17 6.7462
87 18 6.7462
87 19 6.7462
87 20 6.7462
87 21 6.7462
87 22 6.7462
87 23 6.7462
87 24 6.7462
87 25 6.7462
87 26 6.7462
87 27 6.7462
87 28 6.7462
87 29 6.7462
87 30 6.7462
87 31 6.7462
87 32 6.7462
87 33 6.7462
87 34 6.7462
87 35 6.7462
87 36 6.7462
87 37 6.7462
87 38 6.7462
87 39 6.7462
87 40 6.7462
87 41 6.7462
87 42 6.7462
87 43 6.7462
87 44 6.7462
87 45 6.7462
87 46 6.7462
87 47 6.7462
87 48 6.7462
87 49 6.7462
87 50 6.7462
87 51 6.7462
87 52 6.7462
87 53 6.7462
87 54 6.7462
87 55 6.7462
87 56 6.7462
87 57 6.7462
87 58 6.7462
87 59 6.7462
87 60 6.7462
87 61 6.7462
87 62 6.7462
87 63 6.7462
87 64 6.7462
87 65 6.7462
87 66 6.7462
87 67 6.7462
87 68 6.7462
87 69 6.7462
87 70 6.7462
87 71 6.7462
87 72 6.7462
87 73 6.7462
87 74 6.7462
87 75 6.7462
87 76 6.7462
87 77 6.7462
87 78 6.7462
87 79 6.7462
87 80 6.7462
87 81 6.7462
87 82 6.7462
87 83 6.7462
87 84 6.7462
87 85 6.7462
87 86 6.7462
87 87 6.7462
87 88 6.7462
87 89 6.7462
87 90 6.7462
87 91 6.7462
87 92 6.7462
87 93 6.7462
87 94 6.7462
87 95 6.7462
87 96 6.7462
87 97 6.7462
87 98 6.7462
87 99 6.7462
87 100 6.7462
87 101 6.7462
87 102 6.7462
87 103 6.77161
87 104 7.04051
87 105 7.46312
87 106 7.54778
87 107 7.70954
87 108 7.72096
87 109 7.72096
87 110 7.78983
87 111 7.85753
87 112 7.92079
87 113 8.03286
87 114 8.22486
87 115 8.48196
87 116 8.6865
87 117 8.71801
87 118 8.91787
87 119 8.91787
87 120 8.99031
87 121 9.00056
87 122 9.22071
87 123 9.32507
87 124 9.51772
87 125 9.58504
87 126 9.65129
87 127 9.67432
87 128 9.67898
87 129 9.78626
87 130 9.99797
87 131 10.043
87 132 10.0449
87 133 10.05
87 134 10.0933
87 135 10.2025
87 136 10.2339
87 137 10.3041
87 138 10.3435
87 139 10.5352
87 140 10.6065
87 141 10.6083
87 142 10.6337
87 143 10.6805
87 144 10.7796
87 145 10.8372
87 146 11.017
87 147 11.2539
87 148 11.26
87 149 11.2834
87 150 11.3424
87 151 11.5288
87 152 11.5753
87 153 11.6159
87 154 11.6695
87 155 11.8285
87 156 12.1537
87 157 12.4592
87 158 12.4971
87 159 12.6063
87 160 12.7796
87 161 12.823
87 162 12.9746
87 163 13.0288
87 164 13.1751
87 165 13.2144
87 166 13.3464
87 167 13.4055
87 168 13.5351
87 169 13.6119
87 170 13.686
87 171 13.8638
87 172 14.0036
87 173 14.0122
87 174 14.0602
87 175 14.0848
87 176 14.1229
87 177 14.3522
87 178 14.4657
87 179 14.4693
87 180 14.8719
87 181 14.8746
87 182 15.0435
87 183 15.1332
87 184 15.1815
87 185 15.338
87 186 15.5477
87 187 15.5875
87 188 15.7892
87 189 15.8063
87 190 16.5618
87 191 16.7513
87 192 17.2857
87 193 17.3766
87 194 17.5383
87 195 17.7447
87 196 18.5938
87 197 18.7317
87 198 19.5908
87 199 23.1179
88 0 6.7462 1 24 2 15 30 23 29 17 4 11 31 5 27 25 28 18 6 34 16 20 32 33 9 7 3 26 22 13 12 10 19 14 21 8 1 
88 1 6.7462
88 2 6.7462
88 3 6.7462
88 4 6.7462
88 5 6.7462
88 6 6.7462
88 7 6.7462
88 8 6.7462
88 9 6.7462
88 10 6.7462
88 11 6.7462
88 12 6.7462
88 13 6.7462
88 14 6.7462
88 15 6.7462
88 16 6.7462
88 17 6.7462
88 18 6.7462
88 19 6.7462
88 20 6.7462
88 21 6.7462
88 22 6.7462
88 23 6.7462
88 24 6.7462
88 25 6.7462
88 26 6.7462
88 27 6.7462
88 28 6.7462
88 29 6.7462
88 30 6.7462
88 31 6.7462
88 32 6.7462
88 33 6.7462
88 34 6.7462
88 35 6.7462
88 36 6.7462
88 37 6.7462
88 38 6.7462
88 39 6.7462
88 40 6.7462
88 41 6.7462
88 42 6.7462
88 43 6.7462
88 44 6.7462
88 45 6.7462
88 46 6.7462
88 47 6.7462
88 48 6.7462
88 49 6.7462
88 50 6.7462
88 51 6.7462
88 52 6.7462
88 53 6.7462
88 54 6.7462
88 55 6.7462
88 56 6.7462
88 57 6.7462
88 58 6.7462
88 59 6.7462
88 60 6.7462
88 61 6.7462
88 62 6.7462
88 63 6.7462
88 64 6.7462
88 65 6.7462
88 66 6.7462
88 67 6.7462
88 68 6.7462
88 69 6.7462
88 70 6.7462
88 71 6.7462
88 72 6.7462
88 73 6.7462
88 74 6.7462
88 75 6.7462
88 76 6.7462
88 77 6.7462
88 78 6.7462
88 79 6.7462
88 80 6.7462
88 81 6.7462
88 82 6.7462
88 83 6.7462
88 84 6.7462
88 85 6.7462
88 86 6.7462
88 87 6.7462
88 88 6.7462
88 89 6.7462
88 90 6.7462
88 91 6.7462
88 92 6.7462
88 93 6.7462
88 94 6.7462
88 95 6.7462
88 96 6.7462
88 97 6.7462
88 98 6.7462
88 99 6.7462
88 100 6.7462
88 101 6.7462
88 102 6.77161
88 103 6.77161
88 104 6.79263
88 105 6.79263
88 106 6.79263
88 107 7.28909
88 108 7.31107
88 109 7.38847
88 110 7.55935
88 111 7.70954
88 112 7.70954
88 113 7.71628
88 114 7.76754
88 115 7.83657
88 116 8.03286
88 117 8.04899
88 118 8.17842
88 119 8.21043
88 120 8.60495
88 121 8.75963
88 122 8.99031
88 123 9.24912
88 124 9.26134
88 125 9.54323
88 126 9.58504
88 127 9.58504
88 128 9.64972
88 129 9.65129
88 130 9.67898
88 131 9.68452
88 132 9.68743
88 133 9.81165
88 134 9.88377
88 135 9.95468
88 136 10.1381
88 137 10.1627
88 138 10.206
88 139 10.3041
88 140 10.3041
88 141 10.4209
88 142 10.4415
88 143 10.4727
88 144 10.4751
88 145 10.4811
88 146 10.5649
88 147 10.5929
88 148 10.5975
88 149 10.6039
88 150 10.6083
88 151 10.6083
88 152 10.6124
88 153 10.6883
88 154 10.9123
88 155 10.9231
88 156 10.9335
88 157 10.9369
88 158 11.1902
88 159 11.2295
88 160 11.26
88 161 11.4153
88 162 11.4683
88 163 11.4968
88 164 11.5106
88 165 11.6159
88 166 11.7032
88 167 11.7125
88 168 11.9554
88 169 11.9813
88 170 11.9996
88 171 12.3547
88 172 12.4971
88 173 12.6322
88 174 12.8142
88 175 12.823
88 176 13.0424
88 177 13.0871
88 178 13.2633
88 179 13.5351
88 180 13.6119
88 181 13.7148
88 182 13.9557
88 183 14.0584
88 184 14.1104
88 185 14.1949
88 186 14.513
88 187 14.6972
88 188 15.5481
88 189 15.8931
88 190 16.1166
88 191 16.2906
88 192 16.7513
88 193 16.8112
88 194 18.4525
88 195 18.8208
88 196 20.4301
88 197 21.1247
88 198 21.5822
88 199 21.6846
89 0 6.7462 1 24 2 15 30 23 29 17 4 11 31 5 27 25 28 18 6 34 16 20 32 33 9 7 3 26 22 13 12 10 19 14 21 8 1 
89 1 6.7462
89 2 6.7462
89 3 6.7462
89 4 6.7462
89 5 6.7462
89 6 6.7462
89 7 6.7462
89 8 6.7462
89 9 6.7462
89 10 6.7462
89 11 6.7462
89 12 6.7462
89 13 6.7462
89 14 6.7462
89 15 6.7462
89 16 6.7462
89 17 6.7462
89 18 6.7462
89 19 6.7462
89 20 6.7462
89 21 6.7462
89 22 6.7462
89 23 6.7462
89 24 6.7462
89 25 6.7462
89 26 6.7462
89 27 6.7462
89 28 6.7462
89 29 6.7462
89 30 6.7462
89 31 6.7462
89 32 6.7462
89 33 6.7462
89 34 6.7462
89 35 6.7462
89 36 6.7462
89 37 6.7462
89 38 6.7462
89 39 6.7462
89 40 6.7462
89 41 6.7462
89 42 6.7462
89 43 6.7462
89 44 6.7462
89 45 6.7462
89 46 6.7462
89 47 6.7462
89 48 6.7462
89 49 6.7462
89 50 6.7462
89 51 6.7462
89 52 6.7462
89 53 6.7462
89 54 6.7462
89 55 6.7462
89 56 6.7462
89 57 6.7462
89 58 6.7462
89 59 6.7462
89 60 6.7462
89 61 6.7462
89 62 6.7462
89 63 6.7462
89 64 6.7462
89 65 6.7462
89 66 6.7462
89 67 6.7462
89 68 6.7462
89 69 6.7462
89 70 6.7462
89 71 6.7462
89 72 6.7462
89 73 6.7462
89 74 6.7462
89 75 6.7462
89 76 6.7462
89 77 6.7462
89 78 6.7462
89 79 6.7462
89 80 6.7462
89 81 6.7462
89 82 6.7462
89 83 6.7462
89 84 6.7462
89 85 6.7462
89 86 6.7462
89 87 6.7462
89 88 6.7462
89 89 6.7462
89 90 6.7462
89 91 6.7462
89 92 6.7462
89 93 6.7462
89 94 6.7462
89 95 6.7462
89 96 6.7462
89 97 6.7462
89 98 6.7462
89 99 6.7462
89 100 6.7462
89 101 6.7462
89 102 6.7462
89 103 6.7462
89 104 6.7462
89 105 6.7462
89 106 6.7462
89 107 6.7462
89 108 6.79263
89 109 7.0112
89 110 7.13656
89 111 7.28909
89 112 7.28909
89 113 7.28909
89 114 7.31107
89 115 7.31107
89 116 7.71628
89 117 8.04899
89 118 8.17842
89 119 8.31498
89 120 8.57038
89 121 8.74291
89 122 8.75704
89 123 8.8013
89 124 8.82524
89 125 8.82935
89 126 8.83701
89 127 8.86555
89 128 8.96948
89 129 9.15894
89 130 9.22071
89 131 9.49793
89 132 9.58504
89 133 9.5987
89 134 9.60835
89 135 9.64972
89 136 9.64972
89 137 9.64988
89 138 9.82735
89 139 9.88251
89 140 9.88377
89 141 9.90319
89 142 9.95468
89 143 10.0448
89 144 10.1003
89 145 10.2248
89 146 10.339
89 147 10.4415
89 148 10.4751
89 149 10.4751
89 150 10.4988
89 151 10.5041
89 152 10.6083
89 153 10.6805
89 154 10.6883
89 155 10.8372
89 156 10.9335
89 157 11.2476
89 158 11.323
89 159 11.4683
89 160 11.7125
89 161 11.8349
89 162 11.9996
89 163 12.3215
89 164 12.463
89 165 12.4632
89 166 12.6745
89 167 12.8142
89 168 12.8555
89 169 12.947
89 170 13.0071
89 171 13.1597
89 172 13.3287
89 173 13.4564
89 174 13.4693
89 175 13.626
89 176 13.6833
89 177 13.6844
89 178 13.6874
89 179 13.7116
89 180 13.7928
89 181 14.2214
89 182 14.3706
89 183 14.4001
89 184 14.6277
89 185 14.743
89 186 15.4466
89 187 15.5871
89 188 15.9105
89 189 16.2524
89 190 16.2906
89 191 16.6211
89 192 16.8112
89 193 17.1416
89 194 17.3979
89 195 17.7732
89 196 17.9952
89 197 18.3022
89 198 19.6358
89 199 20.7458
90 0 6.7462 1 24 2 15 30 23 29 17 4 11 31 5 27 25 28 18 6 34 16 20 32 33 9 7 3 26 22 13 12 10 19 14 21 8 1 
90 1 6.7462
90 2 6.7462
90 3 6.7462
90 4 6.7462
90 5 6.7462
90 6 6.7462
90 7 6.7462
90 8 6.7462
90 9 6.7462
90 10 6.7462
90 11 6.7462
90 12 6.7462
90 13 6.7462
90 14 6.7462
90 15 6.7462
90 16 6.7462
90 17 6.7462
90 18 6.7462
90 19 6.7462
90 20 6.7462
90 21 6.7462
90 22 6.7462
90 23 6.7462
90 24 6.7462
90 25 6.7462
90 26 6.7462
90 27 6.7462
90 28 6.7462
90 29 6.7462
90 30 6.7462
90 31 6.7462
90 32 6.7462
90 33 6.7462
90 34 6.7462
90 35 6.7462
90 36 6.7462
90 37 6.7462
90 38 6.7462
90 39 6.7462
90 40 6.7462
90 41 6.7462
90 42 6.7462
90 43 6.7462
90 44 6.7462
90 45 6.7462
90 46 6.7462
90 47 6.7462
90 48 6.7462
90 49 6.7462
90 50 6.7462
90 51 6.7462
90 52 6.7462
90 53 6.7462
90 54 6.7462
90 55 6.7462
90 56 6.7462
90 57 6.7462
90 58 6.7462
90 59 6.7462
90 60 6.7462
90 61 6.7462
90 62 6.7462
90 63 6.7462
90 64 6.7462
90 65 6.7462
90 66 6.7462
90 67 6.7462
90 68 6.7462
90 69 6.7462
90 70 6.7462
90 71 6.7462
90 72 6.7462
90 73 6.7462
90 74 6.7462
90 75 6.7462
90 76 6.7462
90 77 6.7462
90 78 6.7462
90 79 6.7462
90 80 6.7462
90 81 6.7462
90 82 6.7462
90 83 6.7462
90 84 6.7462
90 85 6.7462
90 86 6.7462
90 87 6.7462
90 88 6.7462
90 89 6.7462
90 90 6.7462
90 91 6.7462
90 92 6.7462
90 93 6.7462
90 94 6.7462
90 95 6.7462
90 96 6.7462
90 97 6.7462
90 98 6.7462
90 99 6.7462
90 100 6.7462
90 101 6.7462
90 102 6.78025
90 103 6.79263
90 104 6.9936
90 105 7.23406
90 106 7.28909
90 107 7.66848
90 108 8.0295
90 109 8.25411
90 110 8.4051
90 111 8.8013
90 112 8.80477
90 113 8.81709
90 114 8.96311
90 115 9.00107
90 116 9.03856
90 117 9.40636
90 118 9.42774
90 119 9.47368
90 120 9.61121
90 121 9.63541
90 122 9.68444
90 123 9.68743
90 124 9.82735
90 125 9.88251
90 126 9.95468
90 127 9.96509
90 128 10.0221
90 129 10.1125
90 130 10.1341
90 131 10.1503
90 132 10.1767
90 133 10.2248
90 134 10.2457
90 135 10.2642
90 136 10.3236
90 137 10.4912
90 138 10.4988
90 139 10.5041
90 140 10.557
90 141 10.5977
90 142 10.6295
90 143 10.6805
90 144 10.6805
90 145 10.8179
90 146 10.8365
90 147 10.8855
90 148 10.9303
90 149 10.9407
90 150 10.9475
90 151 11.1153
90 152 11.1377
90 153 11.2347
90 154 11.2363
90 155 11.3076
90 156 11.329
90 157 11.3866
90 158 11.4683
90 159 11.6253
90 160 11.6579
90 161 11.6585
90 162 11.6941
90 163 12.2554
90 164 12.3429
90 165 12.463
90 166 12.8518
90 167 12.9175
90 168 12.9433
90 169 13.0107
90 170 13.2744
90 171 13.3287
90 172 13.3482
90 173 13.3835
90 174 13.4564
90 175 13.626
90 176 13.6483
90 177 13.7967
90 178 13.9819
90 179 13.9969
90 180 14.0022
90 181 14.0065
90 182 14.312
90 183 14.4211
90 184 14.6402
90 185 14.695
90 186 14.7911
90 187 14.9093
90 188 15.0296
90 189 15.4466
90 190 15.9552
90 191 16.2588
90 192 16.5128
90 193 16.6549
90 194 17.6275
90 195 18.2288
90 196 18.9651
90 197 19.4226
90 198 19.7739
90 199 24.9459
91 0 6.7462 1 24 2 15 30 23 29 17 4 11 31 5 27 25 28 18 6 34 16 20 32 33 9 7 3 26 22 13 12 10 19 14 21 8 1 
91 1 6.7462
91 2 6.7462
91 3 6.7462
91 4 6.7462
91 5 6.7462
91 6 6.7462
91 7 6.7462
91 8 6.7462
91 9 6.7462
91 10 6.7462
91 11 6.7462
91 12 6.7462
91 13 6.7462
91 14 6.7462
91 15 6.7462
91 16 6.7462
91 17 6.7462
91 18 6.7462
91 19 6.7462
91 20 6.7462
91 21 6.7462
91 22 6.7462
91 23 6.7462
91 24 6.7462
91 25 6.7462
91 26 6.7462
91 27 6.7462
91 28 6.7462
91 29 6.7462
91 30 6.7462
91 31 6.7462
91 32 6.7462
91 33 6.7462
91 34 6.7462
91 35 6.7462
91 36 6.7462
91 37 6.7462
91 38 6.7462
91 39 6.7462
91 40 6.7462
91 41 6.7462
91 42 6.7462
91 43 6.7462
91 44 6.7462
91 45 6.7462
91 46 6.7462
91 47 6.7462
91 48 6.7462
91 49 6.7462
91 50 6.7462
91 51 6.7462
91 52 6.7462
91 53 6.7462
91 54 6.7462
91 55 6.7462
91 56 6.7462
91 57 6.7462
91 58 6.7462
91 59 6.7462
91 60 6.7462
91 61 6.7462
91 62 6.7462
91 63 6.7462
91 64 6.7462
91 65 6.7462
91 66 6.7462
91 67 6.7462
91 68 6.7462
91 69 6.7462
91 70 6.7462
91 71 6.7462
91 72 6.7462
91 73 6.7462
91 74 6.7462
91 75 6.7462
91 76 6.7462
91 77 6.7462
91 78 6.7462
91 79 6.7462
91 80 6.7462
91 81 6.7462
91 82 6.7462
91 83 6.7462
91 84 6.7462
91 85 6.7462
91 86 6.7462
91 87 6.7462
91 88 6.7462
91 89 6.7462
91 90 6.7462
91 91 6.7462
91 92 6.7462
91 93 6.7462
91 94 6.7462
91 95 6.7462
91 96 6.7462
91 97 6.7462
91 98 6.7462
91 99 6.7462
91 100 6.7462
91 101 6.7462
91 102 6.7462
91 103 6.7462
91 104 6.7462
91 105 6.7462
91 106 6.7462
91 107 6.7462
91 108 6.7462
91 109 6.7462
91 110 6.7462
91 111 6.7462
91 112 6.7462
91 113 6.7462
91 114 6.7462
91 115 6.7462
91 116 6.7462
91 117 6.7462
91 118 6.7462
91 119 6.7462
91 120 6.9936
91 121 6.9936
91 122 7.0112
91 123 7.0112
91 124 7.31135
91 125 7.55381
91 126 8.09872
91 127 8.30297
91 128 8.88252
91 129 9.11322
91 130 9.42774
91 131 9.42774
91 132 9.49793
91 133 9.50114
91 134 9.50248
91 135 9.54137
91 136 9.67356
91 137 9.68444
91 138 9.81165
91 139 9.82735
91 140 9.95468
91 141 9.95468
91 142 10.0247
91 143 10.2642
91 144 10.2784
91 145 10.301
91 146 10.3917
91 147 10.4207
91 148 10.4603
91 149 10.5631
91 150 10.5868
91 151 10.6668
91 152 10.996
91 153 11.0059
91 154 11.0489
91 155 11.1153
91 156 11.1377
91 157 11.1541
91 158 11.3213
91 159 11.3296
91 160 11.3866
91 161 11.5451
91 162 11.5743
91 163 11.7084
91 164 11.7449
91 165 11.8863
91 166 11.9135
91 167 12.1281
91 168 12.2595
91 169 12.2827
91 170 12.3018
91 171 12.511
91 172 12.557
91 173 12.6324
91 174 12.7314
91 175 12.9148
91 176 12.9433
91 177 12.9433
91 178 13.0938
91 179 13.1966
91 180 13.2116
91 181 13.3287
91 182 13.4117
91 183 13.4165
91 184 13.4184
91 185 13.507
91 186 13.626
91 187 13.626
91 188 13.9484
91 189 14.2281
91 190 14.2979
91 191 14.7297
91 192 14.9633
91 193 15.8209
91 194 17.2866
91 195 17.8628
91 196 18.7578
91 197 18.8031
91 198 19.4226
91 199 20.7485
92 0 6.7462 1 24 2 15 30 23 29 17 4 11 31 5 27 25 28 18 6 34 16 20 32 33 9 7 3 26 22 13 12 10 19 14 21 8 1 
92 1 6.7462
92 2 6.7462
92 3 6.7462
92 4 6.7462
92 5 6.7462
92 6 6.7462
92 7 6.7462
92 8 6.7462
92 9 6.7462
92 10 6.7462
92 11 6.7462
92 12 6.7462
92 13 6.7462
92 14 6.7462
92 15 6.7462
92 16 6.7462
92 17 6.7462
92 18 6.7462
92 19 6.7462
92 20 6.7462
92 21 6.7462
92 22 6.7462
92 23 6.7462
92 24 6.7462
92 25 6.7462
92 26 6.7462
92 27 6.7462
92 28 6.7462
92 29 6.7462
92 30 6.7462
92 31 6.7462
92 32 6.7462
92 33 6.7462
92 34 6.7462
92 35 6.7462
92 36 6.7462
92 37 6.7462
92 38 6.7462
92 39 6.7462
92 40 6.7462
92 41 6.7462
92 42 6.7462
92 43 6.7462
92 44 6.7462
92 45 6.7462
92 46 6.7462
92 47 6.7462
92 48 6.7462
92 49 6.7462
92 50 6.7462
92 51 6.7462
92 52 6.7462
92 53 6.7462
92 54 6.7462
92 55 6.7462
92 56 6.7462
92 57 6.7462
92 58 6.7462
92 59 6.7462
92 60 6.7462
92 61 6.7462
92 62 6.7462
92 63 6.7462
92 64 6.7462
92 65 6.7462
92 66 6.7462
92 67 6.7462
92 68 6.7462
92 69 6.7462
92 70 6.7462
92 71 6.7462
92 72 6.7462
92 73 6.7462
92 74 6.7462
92 75 6.7462
92 76 6.7462
92 77 6.7462
92 78 6.7462
92 79 6.7462
92 80 6.7462
92 81 6.7462
92 82 6.7462
92 83 6.7462
92 84 6.7462
92 85 6.7462
92 86 6.7462
92 87 6.7462
92 88 6.7462
92 89 6.7462
92 90 6.7462
92 91 6.7462
92 92 6.7462
92 93 6.7462
92 94 6.7462
92 95 6.7462
92 96 6.7462
92 97 6.7462
92 98 6.7462
92 99 6.7462
92 100 6.7462
92 101 6.7462
92 102 6.7462
92 103 6.7462
92 104 6.75355
92 105 6.77161
92 106 6.9936
92 107 7.0112
92 108 7.0112
92 109 7.08354
92 110 7.31107
92 111 7.48228
92 112 7.54661
92 113 7.60569
92 114 7.83657
92 115 7.94841
92 116 8.00605
92 117 8.0788
92 118 8.09872
92 119 8.30297
92 120 8.40086
92 121 8.52457
92 122 8.76682
92 123 8.86295
92 124 9.11322
92 125 9.35764
92 126 9.42774
92 127 9.48588
92 128 9.57931
92 129 9.64159
92 130 9.64159
92 131 9.66801
92 132 9.70236
92 133 9.76754
92 134 9.90525
92 135 9.95468
92 136 9.99956
92 137 10.1115
92 138 10.1118
92 139 10.1282
92 140 10.2844
92 141 10.2904
92 142 10.3443
92 143 10.3857
92 144 10.4084
92 145 10.4391
92 146 10.4603
92 147 10.5374
92 148 10.6265
92 149 10.7244
92 150 10.8817
92 151 10.8846
92 152 10.9277
92 153 10.9802
92 154 11.0274
92 155 11.0489
92 156 11.1145
92 157 11.3438
92 158 11.4217
92 159 11.5451
92 160 11.5451
92 161 11.5724
92 162 11.6138
92 163 11.8155
92 164 11.8322
92 165 11.9733
92 166 12.125
92 167 12.1733
92 168 12.3739
92 169 12.6241
92 170 12.6794
92 171 12.8711
92 172 12.9347
92 173 12.9572
92 174 13.0293
92 175 13.1966
92 176 13.3287
92 177 13.4174
92 178 13.507
92 179 13.5544
92 180 13.626
92 181 13.7164
92 182 13.7242
92 183 13.9484
92 184 13.9484
92 185 13.9874
92 186 14.3232
92 187 14.6986
92 188 14.7297
92 189 14.8348
92 190 14.9039
92 191 15.1538
92 192 15.4237
92 193 15.76
92 194 15.7637
92 195 15.8321
92 196 16.2429
92 197 16.759
92 198 19.2313
92 199 21.5348
93 0 6.64531 1 24 2 15 30 23 29 17 4 11 31 5 27 25 28 18 6 16 34 20 32 33 9 7 3 26 22 13 12 10 19 14 21 8 1 
93 1 6.7462
93 2 6.7462
93 3 6.7462
93 4 6.7462
93 5 6.7462
93 6 6.7462
93 7 6.7462
93 8 6.7462
93 9 6.7462
93 10 6.7462
93 11 6.7462
93 12 6.7462
93 13 6.7462
93 14 6.7462
93 15 6.7462
93 16 6.7462
93 17 6.7462
93 18 6.7462
93 19 6.7462
93 20 6.7462
93 21 6.7462
93 22 6.7462
93 23 6.7462
93 24 6.7462
93 25 6.7462
93 26 6.7462
93 27 6.7462
93 28 6.7462
93 29 6.7462
93 30 6.7462
93 31 6.7462
93 32 6.7462
93 33 6.7462
93 34 6.7462
93 35 6.7462
93 36 6.7462
93 37 6.7462
93 38 6.7462
93 39 6.7462
93 40 6.7462
93 41 6.7462
93 42 6.7462
93 43 6.7462
93 44 6.7462
93 45 6.7462
93 46 6.7462
93 47 6.7462
93 48 6.7462
93 49 6.7462
93 50 6.7462
93 51 6.7462
93 52 6.7462
93 53 6.7462
93 54 6.7462
93 55 6.7462
93 56 6.7462
93 57 6.7462
93 58 6.7462
93 59 6.7462
93 60 6.7462
93 61 6.7462
93 62 6.7462
93 63 6.7462
93 64 6.7462
93 65 6.7462
93 66 6.7462
93 67 6.7462
93 68 6.7462
93 69 6.7462
93 70 6.7462
93 71 6.7462
93 72 6.7462
93 73 6.7462
93 74 6.7462
93 75 6.7462
93 76 6.7462
93 77 6.7462
93 78 6.7462
93 79 6.7462
93 80 6.7462
93 81 6.7462
93 82 6.7462
93 83 6.7462
93 84 6.7462
93 85 6.7462
93 86 6.7462
93 87 6.7462
93 88 6.7462
93 89 6.7462
93 90 6.7462
93 91 6.7462
93 92 6.7462
93 93 6.7462
93 94 6.7462
93 95 6.7462
93 96 6.7462
93 97 6.7462
93 98 6.7462
93 99 6.7462
93 100 6.7462
93 101 6.7462
93 102 6.7462
93 103 6.7462
93 104 6.7462
93 105 6.7462
93 106 6.7462
93 107 6.7462
93 108 6.7462
93 109 6.7462
93 110 6.7462
93 111 6.7462
93 112 6.7462
93 113 6.7462
93 114 6.7462
93 115 6.7462
93 116 6.7462
93 117 6.7462
93 118 6.75355
93 119 6.77161
93 120 7.0112
93 121 7.20882
93 122 7.31107
93 123 7.48228
93 124 8.0282
93 125 8.0788
93 126 8.12164
93 127 8.12164
93 128 8.2278
93 129 8.36129
93 130 8.77014
93 131 9.08714
93 132 9.13806
93 133 9.35764
93 134 9.37625
93 135 9.42018
93 136 9.42338
93 137 9.42774
93 138 9.48938
93 139 9.57931
93 140 9.75011
93 141 9.78588
93 142 9.87187
93 143 9.88017
93 144 9.90525
93 145 9.99029
93 146 10.043
93 147 10.2068
93 148 10.2517
93 149 10.2844
93 150 10.3736
93 151 10.5045
93 152 10.5631
93 153 10.7925
93 154 10.8905
93 155 10.9032
93 156 11.017
93 157 11.0259
93 158 11.0374
93 159 11.0822
93 160 11.2787
93 161 11.3382
93 162 11.3424
93 163 11.3587
93 164 11.3802
93 165 11.3964
93 166 11.431
93 167 11.4874
93 168 11.5768
93 169 11.59
93 170 11.8155
93 171 11.8167
93 172 11.9588
93 173 12.1814
93 174 12.3896
93 175 12.6241
93 176 12.6518
93 177 12.86
93 178 12.9347
93 179 13.0581
93 180 13.18
93 181 13.2365
93 182 13.2744
93 183 13.4101
93 184 13.4336
93 185 13.4554
93 186 13.6398
93 187 13.6424
93 188 13.6897
93 189 13.8778
93 190 14.2044
93 191 14.3023
93 192 14.5777
93 193 15.4976
93 194 15.6615
93 195 15.7059
93 196 15.8865
93 197 17.2123
93 198 17.5696
93 199 18.4666
94 0 6.43777 1 15 2 24 30 23 29 17 4 11 31 5 27 25 28 18 6 34 16 20 32 33 9 7 3 26 22 13 12 10 19 14 21 8 1 
94 1 6.64531
94 2 6.64531
94 3 6.64531
94 4 6.64531
94 5 6.64531
94 6 6.64531
94 7 6.64531
94 8 6.64531
94 9 6.64531
94 10 6.64531
94 11 6.64531
94 12 6.64531
94 13 6.64531
94 14 6.64531
94 15 6.64531
94 16 6.64531
94 17 6.64531
94 18 6.64531
94 19 6.64531
94 20 6.64531
94 21 6.64531
94 22 6.64531
94 23 6.7462
94 24 6.7462
94 25 6.7462
94 26 6.7462
94 27 6.7462
94 28 6.7462
94 29 6.7462
94 30 6.7462
94 31 6.7462
94 32 6.7462
94 33 6.7462
94 34 6.7462
94 35 6.7462
94 36 6.7462
94 37 6.7462
94 38 6.7462
94 39 6.7462
94 40 6.7462
94 41 6.7462
94 42 6.7462
94 43 6.7462
94 44 6.7462
94 45 6.7462
94 46 6.7462
94 47 6.7462
94 48 6.7462
94 49 6.7462
94 50 6.7462
94 51 6.7462
94 52 6.7462
94 53 6.7462
94 54 6.7462
94 55 6.7462
94 56 6.7462
94 57 6.7462
94 58 6.7462
94 59 6.7462
94 60 6.7462
94 61 6.7462
94 62 6.7462
94 63 6.7462
94 64 6.7462
94 65 6.7462
94 66 6.7462
94 67 6.7462
94 68 6.7462
94 69 6.7462
94 70 6.7462
94 71 6.7462
94 72 6.7462
94 73 6.7462
94 74 6.7462
94 75 6.7462
94 76 6.7462
94 77 6.7462
94 78 6.7462
94 79 6.7462
94 80 6.7462
94 81 6.7462
94 82 6.7462
94 83 6.7462
94 84 6.7462
94 85 6.7462
94 86 6.7462
94 87 6.7462
94 88 6.7462
94 89 6.7462
94 90 6.7462
94 91 6.7462
94 92 6.7462
94 93 6.7462
94 94 6.7462
94 95 6.7462
94 96 6.7462
94 97 6.7462
94 98 6.7462
94 99 6.7462
94 100 6.7462
94 101 6.7462
94 102 6.7462
94 103 6.7462
94 104 6.7462
94 105 6.7462
94 106 6.7462
94 107 6.7462
94 108 6.7462
94 109 6.7462
94 110 6.7462
94 111 6.7462
94 112 6.75355
94 113 6.92316
94 114 7.0112
94 115 7.0112
94 116 7.0112
94 117 7.31107
94 118 7.44718
94 119 7.52618
94 120 7.55381
94 121 7.64723
94 122 7.91904
94 123 7.92198
94 124 8.1313
94 125 8.45925
94 126 8.48277
94 127 8.60309
94 128 8.67511
94 129 8.78675
94 130 8.8778
94 131 8.98361
94 132 9.02797
94 133 9.0316
94 134 9.22071
94 135 9.30819
94 136 9.32076
94 137 9.33084
94 138 9.42018
94 139 9.42338
94 140 9.44928
94 141 9.47843
94 142 9.48938
94 143 9.55851
94 144 9.57931
94 145 9.75011
94 146 9.88017
94 147 10.0565
94 148 10.102
94 149 10.1076
94 150 10.2798
94 151 10.3099
94 152 10.3736
94 153 10.4298
94 154 10.5041
94 155 10.7587
94 156 11.017
94 157 11.0311
94 158 11.0982
94 159 11.1189
94 160 11.1417
94 161 11.315
94 162 11.3188
94 163 11.3296
94 164 11.3656
94 165 11.5451
94 166 11.559
94 167 11.6939
94 168 12.0373
94 169 12.1667
94 170 12.1814
94 171 12.1869
94 172 12.6357
94 173 12.7002
94 174 13.1497
94 175 13.2099
94 176 13.2365
94 177 13.3878
94 178 13.4436
94 179 13.6806
94 180 13.7089
94 181 13.7271
94 182 13.7445
94 183 13.8244
94 184 13.8638
94 185 13.945
94 186 14.1988
94 187 14.252
94 188 14.6803
94 189 14.739
94 190 15.3159
94 191 15.5905
94 192 15.8034
94 193 15.8312
94 194 15.8752
94 195 15.8865
94 196 16.3052
94 197 17.2425
94 198 18.6919
94 199 18.7714
95 0 6.43777 1 15 2 24 30 23 29 17 4 11 31 5 27 25 28 18 6 34 16 20 32 33 9 7 3 26 22 13 12 10 19 14 21 8 1 
95 1 6.43777
95 2 6.43777
95 3 6.43777
95 4 6.43777
95 5 6.43777
95 6 6.43777
95 7 6.43777
95 8 6.43777
95 9 6.43777
95 10 6.43777
95 11 6.43777
95 12 6.43777
95 13 6.43777
95 14 6.43777
95 15 6.43777
95 16 6.43777
95 17 6.43777
95 18 6.43777
95 19 6.43777
95 20 6.43777
95 21 6.43777
95 22 6.43777
95 23 6.43777
95 24 6.43777
95 25 6.64531
95 26 6.64531
95 27 6.64531
95 28 6.64531
95 29 6.64531
95 30 6.64531
95 31 6.64531
95 32 6.64531
95 33 6.64531
95 34 6.64531
95 35 6.64531
95 36 6.64531
95 37 6.64531
95 38 6.64531
95 39 6.64531
95 40 6.64531
95 41 6.64531
95 42 6.64531
95 43 6.64531
95 44 6.64531
95 45 6.64531
95 46 6.64531
95 47 6.64531
95 48 6.64531
95 49 6.64531
95 50 6.64531
95 51 6.64531
95 52 6.64531
95 53 6.64531
95 54 6.64531
95 55 6.64531
95 56 6.64531
95 57 6.64531
95 58 6.64531
95 59 6.64531
95 60 6.64531
95 61 6.64531
95 62 6.64531
95 63 6.7462
95 64 6.7462
95 65 6.7462
95 66 6.7462
95 67 6.7462
95 68 6.7462
95 69 6.7462
95 70 6.7462
95 71 6.7462
95 72 6.7462
95 73 6.7462
95 74 6.7462
95 75 6.7462
95 76 6.7462
95 77 6.7462
95 78 6.7462
95 79 6.7462
95 80 6.7462
95 81 6.7462
95 82 6.7462
95 83 6.7462
95 84 6.7462
95 85 6.7462
95 86 6.7462
95 87 6.7462
95 88 6.7462
95 89 6.7462
95 90 6.7462
95 91 6.7462
95 92 6.7462
95 93 6.7462
95 94 6.7462
95 95 6.7462
95 96 6.7462
95 97 6.7462
95 98 6.7462
95 99 6.7462
95 100 6.7462
95 101 6.7462
95 102 6.7462
95 103 6.7462
95 104 6.7462
95 105 6.7462
95 106 6.7462
95 107 6.7462
95 108 6.7462
95 109 6.7462
95 110 6.7462
95 111 6.7462
95 112 6.7462
95 113 6.75355
95 114 6.75355
95 115 6.75355
95 116 7.0112
95 117 7.10787
95 118 7.18821
95 119 7.30663
95 120 7.30926
95 121 7.52618
95 122 7.55381
95 123 7.60569
95 124 7.71492
95 125 7.74038
95 126 7.93531
95 127 7.9899
95 128 8.0788
95 129 8.10527
95 130 8.1149
95 131 8.41061
95 132 8.61111
95 133 9.11983
95 134 9.17577
95 135 9.26861
95 136 9.30819
95 137 9.42018
95 138 9.44928
95 139 9.44928
95 140 9.47843
95 141 9.59469
95 142 9.81165
95 143 9.84184
95 144 9.95468
95 145 9.98442
95 146 10.0901
95 147 10.102
95 148 10.3243
95 149 10.4076
95 150 10.4365
95 151 10.5659
95 152 10.6908
95 153 10.7458
95 154 10.8567
95 155 10.9149
95 156 10.9457
95 157 10.9935
95 158 11.0493
95 159 11.0493
95 160 11.0941
95 161 11.2614
95 162 11.262
95 163 11.2666
95 164 11.3229
95 165 11.4704
95 166 11.5966
95 167 11.725
95 168 11.8582
95 169 12.0373
95 170 12.112
95 171 12.2308
95 172 12.5037
95 173 12.531
95 174 12.5952
95 175 12.6357
95 176 12.6637
95 177 13.1991
95 178 13.2099
95 179 13.2099
95 180 13.2099
95 181 13.2481
95 182 13.4235
95 183 13.5193
95 184 13.6176
95 185 13.7089
95 186 13.7145
95 187 13.7445
95 188 14.1353
95 189 14.2368
95 190 14.252
95 191 14.4221
95 192 14.8223
95 193 15.8708
95 194 16.6025
95 195 16.6956
95 196 16.9865
95 197 17.3404
95 198 19.6416
95 199 23.0048
96 0 6.33688 1 15 2 24 30 23 29 17 4 11 31 5 27 25 28 18 6 16 34 20 32 33 9 7 3 26 22 13 12 10 19 14 21 8 1 
96 1 6.33688
96 2 6.33688
96 3 6.33688
96 4 6.33688
96 5 6.33688
96 6 6.33688
96 7 6.33688
96 8 6.43777
96 9 6.43777
96 10 6.43777
96 11 6.43777
96 12 6.43777
96 13 6.43777
96 14 6.43777
96 15 6.43777
96 16 6.43777
96 17 6.43777
96 18 6.43777
96 19 6.43777
96 20 6.43777
96 21 6.43777
96 22 6.43777
96 23 6.43777
96 24 6.43777
96 25 6.43777
96 26 6.43777
96 27 6.43777
96 28 6.43777
96 29 6.43777
96 30 6.43777
96 31 6.43777
96 32 6.43777
96 33 6.43777
96 34 6.43777
96 35 6.43777
96 36 6.43777
96 37 6.43777
96 38 6.43777
96 39 6.43777
96 40 6.43777
96 41 6.43777
96 42 6.43777
96 43 6.43777
96 44 6.43777
96 45 6.43777
96 46 6.43777
96 47 6.43777
96 48 6.43777
96 49 6.43777
96 50 6.43777
96 51 6.43777
96 52 6.43777
96 53 6.43777
96 54 6.43777
96 55 6.43777
96 56 6.43777
96 57 6.43777
96 58 6.43777
96 59 6.43777
96 60 6.64531
96 61 6.64531
96 62 6.64531
96 63 6.64531
96 64 6.64531
96 65 6.64531
96 66 6.64531
96 67 6.64531
96 68 6.64531
96 69 6.64531
96 70 6.64531
96 71 6.64531
96 72 6.64531
96 73 6.64531
96 74 6.64531
96 75 6.64531
96 76 6.64531
96 77 6.64531
96 78 6.64531
96 79 6.64531
96 80 6.64531
96 81 6.64531
96 82 6.64531
96 83 6.64531
96 84 6.64531
96 85 6.7462
96 86 6.7462
96 87 6.7462
96 88 6.7462
96 89 6.7462
96 90 6.7462
96 91 6.7462
96 92 6.7462
96 93 6.7462
96 94 6.7462
96 95 6.7462
96 96 6.7462
96 97 6.7462
96 98 6.7462
96 99 6.7462
96 100 6.7462
96 101 6.7462
96 102 6.7462
96 103 6.7462
96 104 6.7462
96 105 6.7462
96 106 6.7462
96 107 6.7462
96 108 6.7462
96 109 6.7462
96 110 6.7462
96 111 6.7462
96 112 6.74641
96 113 6.75355
96 114 6.75355
96 115 6.75355
96 116 7.02681
96 117 7.05903
96 118 7.24538
96 119 7.30926
96 120 7.48228
96 121 7.48228
96 122 8.0295
96 123 8.11023
96 124 8.33235
96 125 8.4512
96 126 8.64941
96 127 8.65544
96 128 9.02413
96 129 9.0701
96 130 9.20152
96 131 9.31183
96 132 9.57101
96 133 9.65698
96 134 9.68008
96 135 9.75325
96 136 9.81165
96 137 9.8345
96 138 9.90886
96 139 9.98291
96 140 10.0927
96 141 10.1325
96 142 10.1821
96 143 10.2966
96 144 10.3182
96 145 10.3721
96 146 10.4308
96 147 10.4318
96 148 10.5154
96 149 10.5659
96 150 10.6862
96 151 10.8164
96 152 10.8533
96 153 10.9053
96 154 10.9078
96 155 10.9457
96 156 10.9457
96 157 11.03
96 158 11.3351
96 159 11.3374
96 160 11.3587
96 161 11.4125
96 162 11.4188
96 163 11.5685
96 164 11.5966
96 165 11.8123
96 166 11.994
96 167 12.0319
96 168 12.2039
96 169 12.2041
96 170 12.4829
96 171 12.6637
96 172 12.7835
96 173 12.8125
96 174 12.9012
96 175 13.0801
96 176 13.2099
96 177 13.4976
96 178 13.5193
96 179 13.6844
96 180 13.7339
96 181 13.7445
96 182 13.9624
96 183 14.0405
96 184 14.0527
96 185 14.128
96 186 14.1635
96 187 14.5943
96 188 14.6958
96 189 14.9036
96 190 15.155
96 191 16.3735
96 192 16.4581
96 193 16.6563
96 194 16.7247
96 195 16.8369
96 196 17.1577
96 197 18.4998
96 198 21.6294
96 199 23.0048
97 0 6.33688 1 15 2 24 30 23 29 17 4 11 31 5 27 25 28 18 6 16 34 20 32 33 9 7 3 26 22 13 12 10 19 14 21 8 1 
97 1 6.33688
97 2 6.33688
97 3 6.33688
97 4 6.33688
97 5 6.33688
97 6 6.33688
97 7 6.33688
97 8 6.33688
97 9 6.33688
97 10 6.33688
97 11 6.33688
97 12 6.33688
97 13 6.33688
97 14 6.33688
97 15 6.33688
97 16 6.33688
97 17 6.33688
97 18 6.33688
97 19 6.33688
97 20 6.33688
97 21 6.33688
97 22 6.33688
97 23 6.33688
97 24 6.33688
97 25 6.33688
97 26 6.33688
97 27 6.33688
97 28 6.33688
97 29 6.33688
97 30 6.33688
97 31 6.33688
97 32 6.33688
97 33 6.33688
97 34 6.33688
97 35 6.33688
97 36 6.33688
97 37 6.33688
97 38 6.33688
97 39 6.33688
97 40 6.33688
97 41 6.33688
97 42 6.33688
97 43 6.33688
97 44 6.33688
97 45 6.43777
97 46 6.43777
97 47 6.43777
97 48 6.43777
97 49 6.43777
97 50 6.43777
97 51 6.43777
97 52 6.43777
97 53 6.43777
97 54 6.43777
97 55 6.43777
97 56 6.43777
97 57 6.43777
97 58 6.43777
97 59 6.43777
97 60 6.43777
97 61 6.43777
97 62 6.43777
97 63 6.43777
97 64 6.43777
97 65 6.43777
97 66 6.43777
97 67 6.43777
97 68 6.43777
97 69 6.43777
97 70 6.43777
97 71 6.43777
97 72 6.43777
97 73 6.43777
97 74 6.43777
97 75 6.43777
97 76 6.43777
97 77 6.43777
97 78 6.43777
97 79 6.43777
97 80 6.43777
97 81 6.43777
97 82 6.60188
97 83 6.64531
97 84 6.64531
97 85 6.64531
97 86 6.64531
97 87 6.64531
97 88 6.64531
97 89 6.64531
97 90 6.64531
97 91 6.64531
97 92 6.64531
97 93 6.64553
97 94 6.7462
97 95 6.7462
97 96 6.7462
97 97 6.7462
97 98 6.7462
97 99 6.7462
97 100 6.7462
97 101 6.7462
97 102 6.7462
97 103 6.7462
97 104 6.7462
97 105 6.7462
97 106 6.7506
97 107 6.92593
97 108 7.05903
97 109 7.30926
97 110 7.36005
97 111 7.62111
97 112 7.63044
97 113 8.0295
97 114 8.0295
97 115 8.07762
97 116 8.4512
97 117 8.47702
97 118 8.49287
97 119 8.49323
97 120 8.67993
97 121 8.75963
97 122 9.06028
97 123 9.14315
97 124 9.25984
97 125 9.29013
97 126 9.32053
97 127 9.59544
97 128 9.59544
97 129 9.61025
97 130 9.68008
97 131 9.721
97 132 9.72634
97 133 9.87944
97 134 9.99666
97 135 10.0832
97 136 10.0927
97 137 10.1325
97 138 10.1561
97 139 10.1668
97 140 10.215
97 141 10.2449
97 142 10.3069
97 143 10.3132
97 144 10.3408
97 145 10.3427
97 146 10.4026
97 147 10.4236
97 148 10.463
97 149 10.5314
97 150 10.5702
97 151 10.7081
97 152 10.7458
97 153 10.8268
97 154 10.9078
97 155 10.9259
97 156 11.03
97 157 11.059
97 158 11.1512
97 159 11.3374
97 160 11.5474
97 161 11.994
97 162 11.9975
97 163 12.1744
97 164 12.2041
97 165 12.2079
97 166 12.4491
97 167 12.4514
97 168 12.6607
97 169 12.6637
97 170 12.6975
97 171 12.9012
97 172 13.0841
97 173 13.3079
97 174 13.3821
97 175 13.4
97 176 13.4821
97 177 13.5502
97 178 13.6844
97 179 13.7598
97 180 13.8639
97 181 13.8864
97 182 13.8934
97 183 14.022
97 184 14.0691
97 185 14.0899
97 186 14.0999
97 187 14.2
97 188 14.4095
97 189 14.5919
97 190 15.1376
97 191 15.5931
97 192 15.7177
97 193 16.0937
97 194 17.1571
97 195 18.0352
97 196 18.6734
97 197 19.696
97 198 23.0048
97 199 24.8893
98 0 6.33688 1 15 2 24 30 23 29 17 4 11 31 5 27 25 28 18 6 16 34 20 32 33 9 7 3 26 22 13 12 10 19 14 21 8 1 
98 1 6.33688
98 2 6.33688
98 3 6.33688
98 4 6.33688
98 5 6.33688
98 6 6.33688
98 7 6.33688
98 8 6.33688
98 9 6.33688
98 10 6.33688
98 11 6.33688
98 12 6.33688
98 13 6.33688
98 14 6.33688
98 15 6.33688
98 16 6.33688
98 17 6.33688
98 18 6.33688
98 19 6.33688
98 20 6.33688
98 21 6.33688
98 22 6.33688
98 23 6.33688
98 24 6.33688
98 25 6.33688
98 26 6.33688
98 27 6.33688
98 28 6.33688
98 29 6.33688
98 30 6.33688
98 31 6.33688
98 32 6.33688
98 33 6.33688
98 34 6.33688
98 35 6.33688
98 36 6.33688
98 37 6.33688
98 38 6.33688
98 39 6.33688
98 40 6.33688
98 41 6.33688
98 42 6.33688
98 43 6.33688
98 44 6.33688
98 45 6.33688
98 46 6.33688
98 47 6.33688
98 48 6.33688
98 49 6.33688
98 50 6.33688
98 51 6.33688
98 52 6.33688
98 53 6.33688
98 54 6.33688
98 55 6.33688
98 56 6.33688
98 57 6.33688
98 58 6.33688
98 59 6.33688
98 60 6.33688
98 61 6.33688
98 62 6.33688
98 63 6.43777
98 64 6.43777
98 65 6.43777
98 66 6.43777
98 67 6.43777
98 68 6.43777
98 69 6.43777
98 70 6.43777
98 71 6.43777
98 72 6.43777
98 73 6.43777
98 74 6.43777
98 75 6.43777
98 76 6.43777
98 77 6.60188
98 78 6.64531
98 79 6.64531
98 80 6.64531
98 81 6.64531
98 82 6.64531
98 83 6.64531
98 84 6.64531
98 85 6.64553
98 86 6.64972
98 87 6.64972
98 88 6.72891
98 89 6.7462
98 90 6.7462
98 91 6.7462
98 92 6.7506
98 93 6.87978
98 94 7.07297
98 95 7.13847
98 96 7.14449
98 97 7.30926
98 98 7.5366
98 99 7.62111
98 100 7.64427
98 101 7.68042
98 102 7.94184
98 103 8.35562
98 104 8.38848
98 105 8.40544
98 106 8.47702
98 107 8.47702
98 108 8.54336
98 109 8.75963
98 110 9.06028
98 111 9.07656
98 112 9.11271
98 113 9.15117
98 114 9.20976
98 115 9.21064
98 116 9.22024
98 117 9.25812
98 118 9.40641
98 119 9.45997
98 120 9.57101
98 121 9.57117
98 122 9.57531
98 123 9.59544
98 124 9.61543
98 125 9.62097
98 126 9.70144
98 127 9.721
98 128 9.7575
98 129 9.84864
98 130 9.87944
98 131 10.026
98 132 10.0499
98 133 10.0685
98 134 10.1747
98 135 10.215
98 136 10.215
98 137 10.2449
98 138 10.367
98 139 10.3781
98 140 10.3798
98 141 10.4372
98 142 10.461
98 143 10.4673
98 144 10.4673
98 145 10.5314
98 146 10.5615
98 147 10.6275
98 148 10.6842
98 149 10.7589
98 150 10.8268
98 151 10.9645
98 152 10.9919
98 153 11.0758
98 154 11.1662
98 155 11.1736
98 156 11.1798
98 157 11.1909
98 158 11.1949
98 159 11.2045
98 160 11.2155
98 161 11.2246
98 162 11.2897
98 163 11.2924
98 164 11.5195
98 165 11.9767
98 166 12.0056
98 167 12.5501
98 168 12.5728
98 169 12.606
98 170 12.6689
98 171 12.7624
98 172 13.048
98 173 13.1689
98 174 13.2027
98 175 13.207
98 176 13.2587
98 177 13.2935
98 178 13.6114
98 179 13.6911
98 180 13.7598
98 181 13.8243
98 182 14.0691
98 183 14.194
98 184 14.6726
98 185 15.4925
98 186 15.6843
98 187 15.8347
98 188 16.1244
98 189 16.2874
98 190 16.3074
98 191 16.946
98 192 17.7268
98 193 17.9751
98 194 18.0352
98 195 18.9578
98 196 20.0169
98 197 20.1467
98 198 20.2812
98 199 20.8852
99 0 6.31941 1 15 2 24 30 23 29 17 4 11 31 5 27 25 28 18 6 16 34 20 32 33 9 7 3 22 26 13 12 10 19 14 21 8 1 
99 1 6.33688
99 2 6.33688
99 3 6.33688
99 4 6.33688
99 5 6.33688
99 6 6.33688
99 7 6.33688
99 8 6.33688
99 9 6.33688
99 10 6.33688
99 11 6.33688
99 12 6.33688
99 13 6.33688
99 14 6.33688
99 15 6.33688
99 16 6.33688
99 17 6.33688
99 18 6.33688
99 19 6.33688
99 20 6.33688
99 21 6.33688
99 22 6.33688
99 23 6.33688
99 24 6.33688
99 25 6.33688
99 26 6.33688
99 27 6.33688
99 28 6.33688
99 29 6.33688
99 30 6.33688
99 31 6.33688
99 32 6.33688
99 33 6.33688
99 34 6.33688
99 35 6.33688
99 36 6.33688
99 37 6.33688
99 38 6.33688
99 39 6.33688
99 40 6.33688
99 41 6.33688
99 42 6.33688
99 43 6.33688
99 44 6.33688
99 45 6.33688
99 46 6.33688
99 47 6.33688
99 48 6.33688
99 49 6.33688
99 50 6.33688
99 51 6.33688
99 52 6.33688
99 53 6.33688
99 54 6.33688
99 55 6.33688
99 56 6.33688
99 57 6.33688
99 58 6.33688
99 59 6.33688
99 60 6.33688
99 61 6.33688
99 62 6.33688
99 63 6.33688
99 64 6.33688
99 65 6.33688
99 66 6.33688
99 67 6.33688
99 68 6.33688
99 69 6.33688
99 70 6.33688
99 71 6.33688
99 72 6.33688
99 73 6.33688
99 74 6.33688
99 75 6.33688
99 76 6.33688
99 77 6.33688
99 78 6.33688
99 79 6.33688
99 80 6.33688
99 81 6.33688
99 82 6.33688
99 83 6.33688
99 84 6.33688
99 85 6.33688
99 86 6.33688
99 87 6.33688
99 88 6.33688
99 89 6.33688
99 90 6.33688
99 91 6.33688
99 92 6.33688
99 93 6.33688
99 94 6.33688
99 95 6.33688
99 96 6.43777
99 97 6.43777
99 98 6.43777
99 99 6.59794
99 100 6.64531
99 101 6.64972
99 102 6.72891
99 103 6.7462
99 104 6.75564
99 105 7.23856
99 106 7.36979
99 107 7.56989
99 108 7.61296
99 109 7.62111
99 110 7.62111
99 111 7.66948
99 112 7.68042
99 113 7.68617
99 114 7.8018
99 115 7.8198
99 116 8.34701
99 117 8.35562
99 118 8.42269
99 119 8.43983
99 120 8.47702
99 121 8.61829
99 122 8.94832
99 123 9.10098
99 124 9.11318
99 125 9.15117
99 126 9.18198
99 127 9.22024
99 128 9.45997
99 129 9.51067
99 130 9.57117
99 131 9.57137
99 132 9.59544
99 133 9.60717
99 134 9.65023
99 135 9.70144
99 136 9.70249
99 137 9.70737
99 138 9.72258
99 139 9.7575
99 140 9.79323
99 141 9.8023
99 142 9.82768
99 143 9.84864
99 144 9.86466
99 145 9.87944
99 146 9.93921
99 147 9.99007
99 148 10.1148
99 149 10.1167
99 150 10.1287
99 151 10.1529
99 152 10.1763
99 153 10.2253
99 154 10.2449
99 155 10.4673
99 156 10.5261
99 157 10.6729
99 158 10.6842
99 159 10.7409
99 160 10.746
99 161 10.9828
99 162 10.9859
99 163 10.9919
99 164 11.0639
99 165 11.1672
99 166 11.2155
99 167 11.4319
99 168 11.798
99 169 11.8488
99 170 11.8925
99 171 11.9048
99 172 12.0777
99 173 12.148
99 174 12.2282
99 175 12.2408
99 176 12.2408
99 177 12.4498
99 178 12.4833
99 179 12.6689
99 180 12.8422
99 181 12.9088
99 182 13.035
99 183 13.0503
99 184 13.0767
99 185 13.1519
99 186 13.3658
99 187 13.5113
99 188 13.569
99 189 13.5929
99 190 13.8262
99 191 13.9057
99 192 13.9841
99 193 14.0013
99 194 14.3543
99 195 14.4336
99 196 15.1161
99 197 15.2382
99 198 16.946
99 199 20.2472
100 0 6.31941 1 15 2 24 30 23 29 17 4 11 31 5 27 25 28 18 6 16 34 20 32 33 9 7 3 22 26 13 12 10 19 14 21 8 1 
100 1 6.31941
100 2 6.31941
100 3 6.31941
100 4 6.31941
100 5 6.31941
100 6 6.31941
100 7 6.31941
100 8 6.31941
100 9 6.31941
100 10 6.31941
100 11 6.31941
100 12 6.31941
100 13 6.31941
100 14 6.31941
100 15 6.33688
100 16 6.33688
100 17 6.33688
100 18 6.33688
100 19 6.33688
100 20 6.33688
100 21 6.33688
100 22 6.33688
100 23 6.33688
100 24 6.33688
100 25 6.33688
100 26 6.33688
100 27 6.33688
100 28 6.33688
100 29 6.33688
100 30 6.33688
100 31 6.33688
100 32 6.33688
100 33 6.33688
100 34 6.33688
100 35 6.33688
100 36 6.33688
100 37 6.33688
100 38 6.33688
100 39 6.33688
100 40 6.33688
100 41 6.33688
100 42 6.33688
100 43 6.33688
100 44 6.33688
100 45 6.33688
100 46 6.33688
100 47 6.33688
100 48 6.33688
100 49 6.33688
100 50 6.33688
100 51 6.33688
100 52 6.33688
100 53 6.33688
100 54 6.33688
100 55 6.33688
100 56 6.33688
100 57 6.33688
100 58 6.33688
100 59 6.33688
100 60 6.33688
100 61 6.33688
100 62 6.33688
100 63 6.33688
100 64 6.33688
100 65 6.33688
100 66 6.33688
100 67 6.33688
100 68 6.33688
100 69 6.33688
100 70 6.33688
100 71 6.33688
100 72 6.33688
100 73 6.33688
100 74 6.33688
100 75 6.33688
100 76 6.33688
100 77 6.33688
100 78 6.33688
100 79 6.33688
100 80 6.33688
100 81 6.33688
100 82 6.33688
100 83 6.33688
100 84 6.33688
100 85 6.33688
100 86 6.38332
100 87 6.43777
100 88 6.49637
100 89 6.60188
100 90 6.75564
100 91 7.21745
100 92 7.23374
100 93 7.27059
100 94 7.29013
100 95 7.29405
100 96 7.51658
100 97 7.68617
100 98 7.68617
100 99 7.6894
100 100 7.74705
100 101 7.8018
100 102 7.81629
100 103 7.8198
100 104 7.94771
100 105 8.2096
100 106 8.34701
100 107 8.43983
100 108 8.51852
100 109 8.61481
100 110 8.61829
100 111 8.77788
100 112 8.94831
100 113 9.02028
100 114 9.03997
100 115 9.03997
100 116 9.04997
100 117 9.10098
100 118 9.18648
100 119 9.24667
100 120 9.24677
100 121 9.26375
100 122 9.29586
100 123 9.38939
100 124 9.59544
100 125 9.70144
100 126 9.70249
100 127 9.72258
100 128 9.77871
100 129 9.79323
100 130 9.79399
100 131 9.81549
100 132 9.86466
100 133 9.87051
100 134 9.93314
100 135 9.93386
100 136 9.93921
100 137 9.94972
100 138 9.98297
100 139 10.1261
100 140 10.1287
100 141 10.1763
100 142 10.257
100 143 10.3511
100 144 10.3533
100 145 10.372
100 146 10.4835
100 147 10.5924
100 148 10.6416
100 149 10.7589
100 150 10.9367
100 151 10.9919
100 152 11.0029
100 153 11.0162
100 154 11.0258
100 155 11.0767
100 156 11.1297
100 157 11.2613
100 158 11.2768
100 159 11.5876
100 160 11.798
100 161 11.9048
100 162 11.9552
100 163 12.0014
100 164 12.148
100 165 12.7174
100 166 12.8155
100 167 13.1198
100 168 13.1719
100 169 13.1749
100 170 13.2806
100 171 13.306
100 172 13.3075
100 173 13.3681
100 174 13.4063
100 175 13.5742
100 176 13.5783
100 177 13.6138
100 178 13.6321
100 179 13.8649
100 180 13.919
100 181 13.9517
100 182 14.7903
100 183 14.9071
100 184 14.9549
100 185 15.4251
100 186 15.546
100 187 15.5715
100 188 15.9245
100 189 16.4964
100 190 16.946
100 191 17.1406
100 192 17.9843
100 193 18.312
100 194 18.4568
100 195 18.805
100 196 19.0092
100 197 19.5379
100 198 19.8578
100 199 24.2603
101 0 6.31941 1 15 2 24 30 23 29 17 4 11 31 5 27 25 28 18 6 16 34 20 32 33 9 7 3 22 26 13 12 10 19 14 21 8 1 
101 1 6.31941
101 2 6.31941
101 3 6.31941
101 4 6.31941
101 5 6.31941
101 6 6.31941
101 7 6.31941
101 8 6.31941
101 9 6.31941
101 10 6.31941
101 11 6.31941
101 12 6.31941
101 13 6.31941
101 14 6.31941
101 15 6.31941
101 16 6.31941
101 17 6.31941
101 18 6.31941
101 19 6.31941
101 20 6.31941
101 21 6.31941
101 22 6.31941
101 23 6.31941
101 24 6.31941
101 25 6.31941
101 26 6.31941
101 27 6.31941
101 28 6.31941
101 29 6.31941
101 30 6.31941
101 31 6.31941
101 32 6.31941
101 33 6.31941
101 34 6.31941
101 35 6.31941
101 36 6.31941
101 37 6.31941
101 38 6.31941
101 39 6.31941
101 40 6.31941
101 41 6.31941
101 42 6.31941
101 43 6.31941
101 44 6.31941
101 45 6.31941
101 46 6.31941
101 47 6.33688
101 48 6.33688
101 49 6.33688
101 50 6.33688
101 51 6.33688
101 52 6.33688
101 53 6.33688
101 54 6.33688
101 55 6.33688
101 56 6.33688
101 57 6.33688
101 58 6.33688
101 59 6.33688
101 60 6.33688
101 61 6.33688
101 62 6.33688
101 63 6.33688
101 64 6.33688
101 65 6.33688
101 66 6.33688
101 67 6.33688
101 68 6.33688
101 69 6.33688
101 70 6.33688
101 71 6.33688
101 72 6.33688
101 73 6.33688
101 74 6.33688
101 75 6.33688
101 76 6.33688
101 77 6.33688
101 78 6.33688
101 79 6.33688
101 80 6.33688
101 81 6.33688
101 82 6.33688
101 83 6.33688
101 84 6.33688
101 85 6.33688
101 86 6.33688
101 87 6.33688
101 88 6.33688
101 89 6.33688
101 90 6.33688
101 91 6.33688
101 92 6.33688
101 93 6.33688
101 94 6.33688
101 95 6.43777
101 96 6.62802
101 97 6.64906
101 98 6.75564
101 99 6.86231
101 100 6.87978
101 101 6.9494
101 102 7.12703
101 103 7.13257
101 104 7.13847
101 105 7.23856
101 106 7.40179
101 107 7.53253
101 108 7.56301
101 109 7.64899
101 110 7.8018
101 111 8.00352
101 112 8.01401
101 113 8.28204
101 114 8.33502
101 115 8.38797
101 116 8.73474
101 117 8.77788
101 118 8.96443
101 119 9.03997
101 120 9.18648
101 121 9.2329
101 122 9.24667
101 123 9.24677
101 124 9.24677
101 125 9.25008
101 126 9.40686
101 127 9.44102
101 128 9.58097
101 129 9.60768
101 130 9.63569
101 131 9.79323
101 132 9.79323
101 133 9.79399
101 134 9.93921
101 135 9.94972
101 136 9.96065
101 137 9.96127
101 138 9.99846
101 139 10.0332
101 140 10.0591
101 141 10.14
101 142 10.1763
101 143 10.257
101 144 10.284
101 145 10.4673
101 146 10.8175
101 147 10.9367
101 148 10.9494
101 149 11.0109
101 150 11.0767
101 151 11.1435
101 152 11.2242
101 153 11.3608
101 154 11.469
101 155 11.5876
101 156 11.6215
101 157 11.6247
101 158 11.7319
101 159 11.7821
101 160 11.7872
101 161 11.8266
101 162 12.0914
101 163 12.1183
101 164 12.1194
101 165 12.2782
101 166 12.429
101 167 12.5087
101 168 12.7623
101 169 12.7749
101 170 12.8098
101 171 12.9079
101 172 12.9991
101 173 13.0399
101 174 13.0716
101 175 13.1198
101 176 13.33
101 177 13.3731
101 178 13.4127
101 179 13.4194
101 180 13.4244
101 181 13.425
101 182 13.4637
101 183 13.4897
101 184 13.5732
101 185 13.6161
101 186 14.2582
101 187 14.8578
101 188 15.5018
101 189 15.587
101 190 15.7546
101 191 15.8191
101 192 15.9245
101 193 16.4875
101 194 17.9843
101 195 18.921
101 196 19.0092
101 197 19.4572
101 198 20.7052
101 199 22.6828
102 0 6.31941 1 15 2 24 30 23 29 17 4 11 31 5 27 25 28 18 6 16 34 20 32 33 9 7 3 22 26 13 12 10 19 14 21 8 1 
102 1 6.31941
102 2 6.31941
102 3 6.31941
102 4 6.31941
102 5 6.31941
102 6 6.31941
102 7 6.31941
102 8 6.31941
102 9 6.31941
102 10 6.31941
102 11 6.31941
102 12 6.31941
102 13 6.31941
102 14 6.31941
102 15 6.31941
102 16 6.31941
102 17 6.31941
102 18 6.31941
102 19 6.31941
102 20 6.31941
102 21 6.31941
102 22 6.31941
102 23 6.31941
102 24 6.31941
102 25 6.31941
102 26 6.31941
102 27 6.31941
102 28 6.31941
102 29 6.31941
102 30 6.31941
102 31 6.31941
102 32 6.31941
102 33 6.31941
102 34 6.31941
102 35 6.31941
102 36 6.31941
102 37 6.31941
102 38 6.31941
102 39 6.31941
102 40 6.31941
102 41 6.31941
102 42 6.31941
102 43 6.31941
102 44 6.31941
102 45 6.31941
102 46 6.31941
102 47 6.31941
102 48 6.31941
102 49 6.31941
102 50 6.31941
102 51 6.31941
102 52 6.31941
102 53 6.31941
102 54 6.31941
102 55 6.31941
102 56 6.31941
102 57 6.31941
102 58 6.31941
102 59 6.31941
102 60 6.31941
102 61 6.31941
102 62 6.31941
102 63 6.31941
102 64 6.31941
102 65 6.31941
102 66 6.31941
102 67 6.31941
102 68 6.31941
102 69 6.31941
102 70 6.31941
102 71 6.31941
102 72 6.31941
102 73 6.31941
102 74 6.31941
102 75 6.31941
102 76 6.31941
102 77 6.33688
102 78 6.33688
102 79 6.33688
102 80 6.33688
102 81 6.33688
102 82 6.33688
102 83 6.33688
102 84 6.33688
102 85 6.33688
102 86 6.33688
102 87 6.33688
102 88 6.33688
102 89 6.33688
102 90 6.33688
102 91 6.33688
102 92 6.33688
102 93 6.33688
102 94 6.33688
102 95 6.33688
102 96 6.33688
102 97 6.39261
102 98 6.58441
102 99 6.59032
102 100 6.60188
102 101 6.61056
102 102 6.86231
102 103 6.86231
102 104 6.87978
102 105 6.9494
102 106 7.18999
102 107 7.23856
102 108 7.38867
102 109 7.44047
102 110 7.49911
102 111 7.5889
102 112 7.61889
102 113 7.62115
102 114 7.63152
102 115 7.65523
102 116 7.66948
102 117 7.8018
102 118 8.00352
102 119 8.01401
102 120 8.1025
102 121 8.1149
102 122 8.1436
102 123 8.28204
102 124 8.82748
102 125 8.828
102 126 9.03997
102 127 9.13391
102 128 9.18648
102 129 9.24677
102 130 9.25036
102 131 9.40641
102 132 9.52942
102 133 9.60768
102 134 9.63569
102 135 9.6922
102 136 9.79323
102 137 9.94972
102 138 9.96065
102 139 9.99393
102 140 10.0332
102 141 10.0569
102 142 10.0591
102 143 10.1065
102 144 10.1857
102 145 10.2438
102 146 10.2655
102 147 10.2803
102 148 10.295
102 149 10.427
102 150 10.4446
102 151 10.5337
102 152 10.5589
102 153 10.6707
102 154 10.7136
102 155 10.9177
102 156 11.0625
102 157 11.0952
102 158 11.1394
102 159 11.2009
102 160 11.2497
102 161 11.4865
102 162 11.5876
102 163 11.6595
102 164 11.9169
102 165 12.2246
102 166 12.429
102 167 12.591
102 168 12.7067
102 169 12.7706
102 170 12.7873
102 171 12.9691
102 172 13.0091
102 173 13.0716
102 174 13.1188
102 175 13.1378
102 176 13.28
102 177 13.3592
102 178 13.3978
102 179 13.7789
102 180 13.7923
102 181 13.9615
102 182 13.9623
102 183 14.1042
102 184 14.5178
102 185 14.8578
102 186 15.0937
102 187 15.1164
102 188 15.8265
102 189 15.8877
102 190 16.2278
102 191 16.2921
102 192 16.3769
102 193 16.485
102 194 17.1687
102 195 17.3303
102 196 17.5436
102 197 17.9843
102 198 18.5786
102 199 19.1183
103 0 6.31941 1 15 2 24 30 23 29 17 4 11 31 5 27 25 28 18 6 16 34 20 32 33 9 7 3 22 26 13 12 10 19 14 21 8 1 
103 1 6.31941
103 2 6.31941
103 3 6.31941
103 4 6.31941
103 5 6.31941
103 6 6.31941
103 7 6.31941
103 8 6.31941
103 9 6.31941
103 10 6.31941
103 11 6.31941
103 12 6.31941
103 13 6.31941
103 14 6.31941
103 15 6.31941
103 16 6.31941
103 17 6.31941
103 18 6.31941
103 19 6.31941
103 20 6.31941
103 21 6.31941
103 22 6.31941
103 23 6.31941
103 24 6.31941
103 25 6.31941
103 26 6.31941
103 27 6.31941
103 28 6.31941
103 29 6.31941
103 30 6.31941
103 31 6.31941
103 32 6.31941
103 33 6.31941
103 34 6.31941
103 35 6.31941
103 36 6.31941
103 37 6.31941
103 38 6.31941
103 39 6.31941
103 40 6.31941
103 41 6.31941
103 42 6.31941
103 43 6.31941
103 44 6.31941
103 45 6.31941
103 46 6.31941
103 47 6.31941
103 48 6.31941
103 49 6.31941
103 50 6.31941
103 51 6.31941
103 52 6.31941
103 53 6.31941
103 54 6.31941
103 55 6.31941
103 56 6.31941
103 57 6.31941
103 58 6.31941
103 59 6.31941
103 60 6.31941
103 61 6.31941
103 62 6.31941
103 63 6.31941
103 64 6.31941
103 65 6.31941
103 66 6.31941
103 67 6.31941
103 68 6.31941
103 69 6.31941
103 70 6.31941
103 71 6.31941
103 72 6.31941
103 73 6.31941
103 74 6.31941
103 75 6.31941
103 76 6.31941
103 77 6.31941
103 78 6.31941
103 79 6.31941
103 80 6.31941
103 81 6.31941
103 82 6.33688
103 83 6.33688
103 84 6.33688
103 85 6.33688
103 86 6.33688
103 87 6.33688
103 88 6.33688
103 89 6.33688
103 90 6.33688
103 91 6.4203
103 92 6.45434
103 93 6.58428
103 94 6.60188
103 95 6.61056
103 96 6.86231
103 97 6.86231
103 98 6.86231
103 99 6.88457
103 100 6.9494
103 101 7.121
103 102 7.12128
103 103 7.12703
103 104 7.12703
103 105 7.12703
103 106 7.18999
103 107 7.18999
103 108 7.21627
103 109 7.22084
103 110 7.30364
103 111 7.44047
103 112 7.49512
103 113 7.49911
103 114 7.5077
103 115 7.60839
103 116 7.60941
103 117 7.65201
103 118 7.65201
103 119 7.67193
103 120 7.94158
103 121 8.08186
103 122 8.1025
103 123 8.1025
103 124 8.1149
103 125 8.35801
103 126 8.39199
103 127 8.40735
103 128 8.42153
103 129 8.83783
103 130 8.85315
103 131 8.91465
103 132 8.96823
103 133 9.05459
103 134 9.15364
103 135 9.40641
103 136 9.51099
103 137 9.70556
103 138 9.84428
103 139 9.93235
103 140 9.96065
103 141 9.96127
103 142 9.96807
103 143 9.98099
103 144 10.0569
103 145 10.2271
103 146 10.2482
103 147 10.2655
103 148 10.2655
103 149 10.2803
103 150 10.2803
103 151 10.381
103 152 10.4446
103 153 10.5182
103 154 10.5337
103 155 10.5861
103 156 10.7138
103 157 10.7414
103 158 10.831
103 159 10.9103
103 160 10.9208
103 161 10.9319
103 162 11.3761
103 163 11.5876
103 164 11.6208
103 165 11.6426
103 166 11.9176
103 167 11.9439
103 168 12.279
103 169 12.5695
103 170 12.6195
103 171 12.6481
103 172 13.0091
103 173 13.0883
103 174 13.11
103 175 13.1981
103 176 13.2437
103 177 13.2911
103 178 13.3168
103 179 13.3978
103 180 13.4449
103 181 13.5572
103 182 13.5707
103 183 13.6327
103 184 13.8535
103 185 14.5994
103 186 15.2512
103 187 15.3979
103 188 15.732
103 189 16.027
103 190 16.78
103 191 16.8554
103 192 17.7561
103 193 17.8717
103 194 17.9789
103 195 17.9843
103 196 19.419
103 197 20.0236
103 198 20.0556
103 199 20.5112
104 0 6.31941 1 15 2 24 30 23 29 17 4 11 31 5 27 25 28 18 6 16 34 20 32 33 9 7 3 22 26 13 12 10 19 14 21 8 1 
104 1 6.31941
104 2 6.31941
104 3 6.31941
104 4 6.31941
104 5 6.31941
104 6 6.31941
104 7 6.31941
104 8 6.31941
104 9 6.31941
104 10 6.31941
104 11 6.31941
104 12 6.31941
104 13 6.31941
104 14 6.31941
104 15 6.31941
104 16 6.31941
104 17 6.31941
104 18 6.31941
104 19 6.31941
104 20 6.31941
104 21 6.31941
104 22 6.31941
104 23 6.31941
104 24 6.31941
104 25 6.31941
104 26 6.31941
104 27 6.31941
104 28 6.31941
104 29 6.31941
104 30 6.31941
104 31 6.31941
104 32 6.31941
104 33 6.31941
104 34 6.31941
104 35 6.31941
104 36 6.31941
104 37 6.31941
104 38 6.31941
104 39 6.31941
104 40 6.31941
104 41 6.31941
104 42 6.31941
104 43 6.31941
104 44 6.31941
104 45 6.31941
104 46 6.31941
104 47 6.31941
104 48 6.31941
104 49 6.31941
104 50 6.31941
104 51 6.31941
104 52 6.31941
104 53 6.31941
104 54 6.31941
104 55 6.31941
104 56 6.31941
104 57 6.31941
104 58 6.31941
104 59 6.31941
104 60 6.31941
104 61 6.31941
104 62 6.31941
104 63 6.31941
104 64 6.31941
104 65 6.31941
104 66 6.31941
104 67 6.31941
104 68 6.31941
104 69 6.31941
104 70 6.31941
104 71 6.31941
104 72 6.31941
104 73 6.31941
104 74 6.31941
104 75 6.31941
104 76 6.31941
104 77 6.31941
104 78 6.31941
104 79 6.31941
104 80 6.31941
104 81 6.31941
104 82 6.31941
104 83 6.31941
104 84 6.31941
104 85 6.31941
104 86 6.31941
104 87 6.31941
104 88 6.31941
104 89 6.31941
104 90 6.33688
104 91 6.33688
104 92 6.38332
104 93 6.45434
104 94 6.58428
104 95 6.6177
104 96 6.79263
104 97 6.82136
104 98 6.88457
104 99 6.88457
104 100 6.88457
104 101 7.05577
104 102 7.22084
104 103 7.49911
104 104 7.59537
104 105 7.60272
104 106 7.65201
104 107 7.65201
104 108 7.65201
104 109 7.66295
104 110 7.67193
104 111 7.90007
104 112 7.92862
104 113 8.01401
104 114 8.26457
104 115 8.36467
104 116 8.37452
104 117 8.40735
104 118 8.40735
104 119 8.42153
104 120 8.42153
104 121 8.80212
104 122 8.88189
104 123 9.05809
104 124 9.17094
104 125 9.24588
104 126 9.28107
104 127 9.40641
104 128 9.5678
104 129 9.63816
104 130 9.66649
104 131 9.70556
104 132 9.7418
104 133 9.88759
104 134 9.89271
104 135 9.95937
104 136 9.97315
104 137 10.0077
104 138 10.1094
104 139 10.1871
104 140 10.2306
104 141 10.265
104 142 10.2651
104 143 10.3012
104 144 10.3875
104 145 10.4162
104 146 10.439
104 147 10.5337
104 148 10.5617
104 149 10.6447
104 150 10.831
104 151 10.8477
104 152 10.8653
104 153 10.8859
104 154 10.9136
104 155 11.3761
104 156 11.3997
104 157 11.5876
104 158 11.5934
104 159 11.6426
104 160 11.7222
104 161 11.7626
104 162 12.0313
104 163 12.5393
104 164 12.6195
104 165 12.623
104 166 12.7122
104 167 12.7681
104 168 12.7686
104 169 12.7873
104 170 12.8924
104 171 12.9174
104 172 12.9713
104 173 12.9983
104 174 13.0897
104 175 13.11
104 176 13.1487
104 177 13.2974
104 178 13.319
104 179 13.3824
104 180 13.6327
104 181 13.6327
104 182 13.7156
104 183 13.9101
104 184 14.0183
104 185 14.1043
104 186 14.1194
104 187 14.243
104 188 14.6634
104 189 14.7425
104 190 14.7645
104 191 15.1537
104 192 15.3148
104 193 15.3979
104 194 15.5288
104 195 15.6174
104 196 16.5169
104 197 17.9843
104 198 19.0034
104 199 19.419
105 0 6.31941 1 15 2 24 30 23 29 17 4 11 31 5 27 25 28 18 6 16 34 20 32 33 9 7 3 22 26 13 12 10 19 14 21 8 1 
105 1 6.31941
105 2 6.31941
105 3 6.31941
105 4 6.31941
105 5 6.31941
105 6 6.31941
105 7 6.31941
105 8 6.31941
105 9 6.31941
105 10 6.31941
105 11 6.31941
105 12 6.31941
105 13 6.31941
105 14 6.31941
105 15 6.31941
105 16 6.31941
105 17 6.31941
105 18 6.31941
105 19 6.31941
105 20 6.31941
105 21 6.31941
105 22 6.31941
105 23 6.31941
105 24 6.31941
105 25 6.31941
105 26 6.31941
105 27 6.31941
105 28 6.31941
105 29 6.31941
105 30 6.31941
105 31 6.31941
105 32 6.31941
105 33 6.31941
105 34 6.31941
105 35 6.31941
105 36 6.31941
105 37 6.31941
105 38 6.31941
105 39 6.31941
105 40 6.31941
105 41 6.31941
105 42 6.31941
105 43 6.31941
105 44 6.31941
105 45 6.31941
105 46 6.31941
105 47 6.31941
105 48 6.31941
105 49 6.31941
105 50 6.31941
105 51 6.31941
105 52 6.31941
105 53 6.31941
105 54 6.31941
105 55 6.31941
105 56 6.31941
105 57 6.31941
105 58 6.31941
105 59 6.31941
105 60 6.31941
105 61 6.31941
105 62 6.31941
105 63 6.31941
105 64 6.31941
105 65 6.31941
105 66 6.31941
105 67 6.31941
105 68 6.31941
105 69 6.31941
105 70 6.31941
105 71 6.31941
105 72 6.31941
105 73 6.31941
105 74 6.31941
105 75 6.31941
105 76 6.31941
105 77 6.31941
105 78 6.31941
105 79 6.31941
105 80 6.31941
105 81 6.31941
105 82 6.31941
105 83 6.31941
105 84 6.31941
105 85 6.31941
105 86 6.31941
105 87 6.31941
105 88 6.31941
105 89 6.31941
105 90 6.31941
105 91 6.31941
105 92 6.31941
105 93 6.31941
105 94 6.31941
105 95 6.33688
105 96 6.45434
105 97 6.58476
105 98 6.60587
105 99 6.86231
105 100 6.88706
105 101 7.04263
105 102 7.12581
105 103 7.12581
105 104 7.52241
105 105 7.60272
105 106 7.60272
105 107 7.62357
105 108 7.62683
105 109 7.65201
105 110 7.65201
105 111 7.92791
105 112 8.05638
105 113 8.093
105 114 8.14531
105 115 8.36828
105 116 8.37452
105 117 8.42153
105 118 8.46221
105 119 8.71712
105 120 8.80117
105 121 8.81877
105 122 8.88837
105 123 8.90307
105 124 9.01016
105 125 9.17094
105 126 9.45764
105 127 9.49384
105 128 9.59194
105 129 9.72648
105 130 9.7418
105 131 9.88759
105 132 9.98099
105 133 10.02
105 134 10.0698
105 135 10.1263
105 136 10.1485
105 137 10.1792
105 138 10.3126
105 139 10.4637
105 140 10.5337
105 141 10.6515
105 142 10.6702
105 143 10.6741
105 144 10.7555
105 145 10.776
105 146 10.7916
105 147 10.9164
105 148 10.9225
105 149 11.0371
105 150 11.3997
105 151 11.5934
105 152 11.6131
105 153 11.639
105 154 11.7144
105 155 11.8168
105 156 11.8207
105 157 11.8638
105 158 12.0792
105 159 12.1645
105 160 12.295
105 161 12.4658
105 162 12.4668
105 163 12.5937
105 164 12.6603
105 165 12.9543
105 166 12.9716
105 167 13.0395
105 168 13.098
105 169 13.1695
105 170 13.2272
105 171 13.2638
105 172 13.3357
105 173 13.384
105 174 13.3926
105 175 13.4186
105 176 13.4567
105 177 13.5515
105 178 13.5794
105 179 13.7958
105 180 13.8319
105 181 13.8642
105 182 13.9085
105 183 13.9607
105 184 14.0492
105 185 14.1414
105 186 14.3627
105 187 14.6634
105 188 15.3387
105 189 15.6174
105 190 15.6174
105 191 15.6174
105 192 16.1726
105 193 16.473
105 194 16.4873
105 195 16.9536
105 196 17.6004
105 197 18.413
105 198 19.2292
105 199 21.5493
106 0 6.31941 1 15 2 24 30 23 29 17 4 11 31 5 27 25 28 18 6 16 34 20 32 33 9 7 3 22 26 13 12 10 19 14 21 8 1 
106 1 6.31941
106 2 6.31941
106 3 6.31941
106 4 6.31941
106 5 6.31941
106 6 6.31941
106 7 6.31941
106 8 6.31941
106 9 6.31941
106 10 6.31941
106 11 6.31941
106 12 6.31941
106 13 6.31941
106 14 6.31941
106 15 6.31941
106 16 6.31941
106 17 6.31941
106 18 6.31941
106 19 6.31941
106 20 6.31941
106 21 6.31941
106 22 6.31941
106 23 6.31941
106 24 6.31941
106 25 6.31941
106 26 6.31941
106 27 6.31941
106 28 6.31941
106 29 6.31941
106 30 6.31941
106 31 6.31941
106 32 6.31941
106 33 6.31941
106 34 6.31941
106 35 6.31941
106 36 6.31941
106 37 6.31941
106 38 6.31941
106 39 6.31941
106 40 6.31941
106 41 6.31941
106 42 6.31941
106 43 6.31941
106 44 6.31941
106 45 6.31941
106 46 6.31941
106 47 6.31941
106 48 6.31941
106 49 6.31941
106 50 6.31941
106 51 6.31941
106 52 6.31941
106 53 6.31941
106 54 6.31941
106 55 6.31941
106 56 6.31941
106 57 6.31941
106 58 6.31941
106 59 6.31941
106 60 6.31941
106 61 6.31941
106 62 6.31941
106 63 6.31941
106 64 6.31941
106 65 6.31941
106 66 6.31941
106 67 6.31941
106 68 6.31941
106 69 6.31941
106 70 6.31941
106 71 6.31941
106 72 6.31941
106 73 6.31941
106 74 6.31941
106 75 6.31941
106 76 6.31941
106 77 6.31941
106 78 6.31941
106 79 6.31941
106 80 6.31941
106 81 6.31941
106 82 6.31941
106 83 6.31941
106 84 6.31941
106 85 6.31941
106 86 6.31941
106 87 6.31941
106 88 6.31941
106 89 6.31941
106 90 6.31941
106 91 6.31941
106 92 6.31941
106 93 6.31941
106 94 6.31941
106 95 6.31941
106 96 6.31941
106 97 6.31941
106 98 6.31941
106 99 6.31941
106 100 6.31941
106 101 6.31941
106 102 6.31941
106 103 6.31941
106 104 6.31941
106 105 6.31941
106 106 6.31941
106 107 6.31941
106 108 6.31941
106 109 6.33688
106 110 6.3845
106 111 6.58441
106 112 6.88706
106 113 7.10781
106 114 7.12581
106 115 7.12581
106 116 7.40715
106 117 7.52241
106 118 7.632
106 119 7.65201
106 120 7.67328
106 121 8.25292
106 122 8.31127
106 123 8.32728
106 124 8.36828
106 125 8.37452
106 126 8.49108
106 127 8.50845
106 128 8.6154
106 129 8.6553
106 130 8.81877
106 131 8.88837
106 132 9.32865
106 133 9.39672
106 134 9.43762
106 135 9.5678
106 136 9.62187
106 137 9.64987
106 138 9.77576
106 139 9.95871
106 140 9.98332
106 141 9.99295
106 142 10.0698
106 143 10.1725
106 144 10.1848
106 145 10.2717
106 146 10.3358
106 147 10.4498
106 148 10.4681
106 149 10.478
106 150 10.5337
106 151 10.6515
106 152 10.6515
106 153 10.6943
106 154 10.7916
106 155 10.9164
106 156 10.975
106 157 11.0252
106 158 11.0371
106 159 11.0371
106 160 11.0952
106 161 11.2074
106 162 11.3997
106 163 11.4002
106 164 11.503
106 165 11.7069
106 166 11.7856
106 167 11.8638
106 168 12.0462
106 169 12.213
106 170 12.344
106 171 12.3448
106 172 12.6603
106 173 12.9266
106 174 12.9292
106 175 12.9377
106 176 13.2261
106 177 13.3033
106 178 13.3357
106 179 13.355
106 180 13.3605
106 181 13.3976
106 182 13.4186
106 183 13.5052
106 184 13.5572
106 185 13.5651
106 186 13.5699
106 187 13.5755
106 188 13.8254
106 189 13.8642
106 190 13.8969
106 191 14.3446
106 192 15.3387
106 193 16.9715
106 194 17.1306
106 195 18.9437
106 196 19.2292
106 197 19.2292
106 198 21.9397
106 199 23.0623
107 0 6.31941 1 15 2 24 30 23 29 17 4 11 31 5 27 25 28 18 6 16 34 20 32 33 9 7 3 22 26 13 12 10 19 14 21 8 1 
107 1 6.31941
107 2 6.31941
107 3 6.31941
107 4 6.31941
107 5 6.31941
107 6 6.31941
107 7 6.31941
107 8 6.31941
107 9 6.31941
107 10 6.31941
107 11 6.31941
107 12 6.31941
107 13 6.31941
107 14 6.31941
107 15 6.31941
107 16 6.31941
107 17 6.31941
107 18 6.31941
107 19 6.31941
107 20 6.31941
107 21 6.31941
107 22 6.31941
107 23 6.31941
107 24 6.31941
107 25 6.31941
107 26 6.31941
107 27 6.31941
107 28 6.31941
107 29 6.31941
107 30 6.31941
107 31 6.31941
107 32 6.31941
107 33 6.31941
107 34 6.31941
107 35 6.31941
107 36 6.31941
107 37 6.31941
107 38 6.31941
107 39 6.31941
107 40 6.31941
107 41 6.31941
107 42 6.31941
107 43 6.31941
107 44 6.31941
107 45 6.31941
107 46 6.31941
107 47 6.31941
107 48 6.31941
107 49 6.31941
107 50 6.31941
107 51 6.31941
107 52 6.31941
107 53 6.31941
107 54 6.31941
107 55 6.31941
107 56 6.31941
107 57 6.31941
107 58 6.31941
107 59 6.31941
107 60 6.31941
107 61 6.31941
107 62 6.31941
107 63 6.31941
107 64 6.31941
107 65 6.31941
107 66 6.31941
107 67 6.31941
107 68 6.31941
107 69 6.31941
107 70 6.31941
107 71 6.31941
107 72 6.31941
107 73 6.31941
107 74 6.31941
107 75 6.31941
107 76 6.31941
107 77 6.31941
107 78 6.31941
107 79 6.31941
107 80 6.31941
107 81 6.31941
107 82 6.31941
107 83 6.31941
107 84 6.31941
107 85 6.31941
107 86 6.31941
107 87 6.31941
107 88 6.31941
107 89 6.31941
107 90 6.31941
107 91 6.31941
107 92 6.31941
107 93 6.31941
107 94 6.33688
107 95 6.3845
107 96 6.58441
107 97 6.58441
107 98 6.88706
107 99 6.96168
107 100 7.12703
107 101 7.13285
107 102 7.14326
107 103 7.40715
107 104 7.52241
107 105 7.63152
107 106 7.65201
107 107 7.85085
107 108 7.90827
107 109 8.1207
107 110 8.27277
107 111 8.32954
107 112 8.44799
107 113 8.63986
107 114 8.64013
107 115 8.8321
107 116 8.91465
107 117 8.92798
107 118 8.93085
107 119 9.01487
107 120 9.22866
107 121 9.23659
107 122 9.30504
107 123 9.43382
107 124 9.47085
107 125 9.5614
107 126 9.5678
107 127 9.62187
107 128 9.63014
107 129 9.67064
107 130 9.67453
107 131 9.68617
107 132 9.847
107 133 9.90726
107 134 9.93727
107 135 9.96065
107 136 9.98981
107 137 10.0168
107 138 10.0199
107 139 10.0391
107 140 10.0966
107 141 10.1657
107 142 10.2894
107 143 10.2937
107 144 10.2982
107 145 10.3069
107 146 10.4074
107 147 10.4498
107 148 10.4585
107 149 10.6292
107 150 10.6515
107 151 10.8122
107 152 11.0252
107 153 11.0371
107 154 11.1573
107 155 11.2184
107 156 11.3705
107 157 11.5512
107 158 11.5544
107 159 11.6048
107 160 11.7069
107 161 11.7743
107 162 11.8641
107 163 12.0523
107 164 12.1265
107 165 12.1587
107 166 12.3499
107 167 12.4923
107 168 12.5273
107 169 12.6266
107 170 12.8524
107 171 12.9879
107 172 13.1896
107 173 13.2021
107 174 13.2261
107 175 13.2401
107 176 13.2838
107 177 13.3803
107 178 13.3851
107 179 13.3976
107 180 13.5052
107 181 13.5178
107 182 13.5262
107 183 13.5586
107 184 13.5755
107 185 13.7623
107 186 13.7783
107 187 13.9651
107 188 14.6818
107 189 15.129
107 190 16.0076
107 191 16.3432
107 192 16.4837
107 193 16.7198
107 194 16.7708
107 195 17.7885
107 196 17.8922
107 197 19.1711
107 198 20.2689
107 199 21.4793
108 0 6.31941 1 15 2 24 30 23 29 17 4 11 31 5 27 25 28 18 6 16 34 20 32 33 9 7 3 22 26 13 12 10 19 14 21 8 1 
108 1 6.31941
108 2 6.31941
108 3 6.31941
108 4 6.31941
108 5 6.31941
108 6 6.31941
108 7 6.31941
108 8 6.31941
108 9 6.31941
108 10 6.31941
108 11 6.31941
108 12 6.31941
108 13 6.31941
108 14 6.31941
108 15 6.31941
108 16 6.31941
108 17 6.31941
108 18 6.31941
108 19 6.31941
108 20 6.31941
108 21 6.31941
108 22 6.31941
108 23 6.31941
108 24 6.31941
108 25 6.31941
108 26 6.31941
108 27 6.31941
108 28 6.31941
108 29 6.31941
108 30 6.31941
108 31 6.31941
108 32 6.31941
108 33 6.31941
108 34 6.31941
108 35 6.31941
108 36 6.31941
108 37 6.31941
108 38 6.31941
108 39 6.31941
108 40 6.31941
108 41 6.31941
108 42 6.31941
108 43 6.31941
108 44 6.31941
108 45 6.31941
108 46 6.31941
108 47 6.31941
108 48 6.31941
108 49 6.31941
108 50 6.31941
108 51 6.31941
108 52 6.31941
108 53 6.31941
108 54 6.31941
108 55 6.31941
108 56 6.31941
108 57 6.31941
108 58 6.31941
108 59 6.31941
108 60 6.31941
108 61 6.31941
108 62 6.31941
108 63 6.31941
108 64 6.31941
108 65 6.31941
108 66 6.31941
108 67 6.31941
108 68 6.31941
108 69 6.31941
108 70 6.31941
108 71 6.31941
108 72 6.31941
108 73 6.31941
108 74 6.31941
108 75 6.31941
108 76 6.31941
108 77 6.31941
108 78 6.31941
108 79 6.31941
108 80 6.31941
108 81 6.31941
108 82 6.31941
108 83 6.31941
108 84 6.31941
108 85 6.31941
108 86 6.31941
108 87 6.31941
108 88 6.31941
108 89 6.31941
108 90 6.31941
108 91 6.31941
108 92 6.31941
108 93 6.31941
108 94 6.31941
108 95 6.31941
108 96 6.31941
108 97 6.31941
108 98 6.31941
108 99 6.31941
108 100 6.31941
108 101 6.31941
108 102 6.31941
108 103 6.31941
108 104 6.31941
108 105 6.3845
108 106 6.49637
108 107 6.58441
108 108 6.63233
108 109 6.96168
108 110 6.97294
108 111 7.05577
108 112 7.12703
108 113 7.49911
108 114 7.63152
108 115 7.63152
108 116 7.65201
108 117 7.83755
108 118 7.97449
108 119 8.19502
108 120 8.38797
108 121 8.39846
108 122 8.45443
108 123 8.64013
108 124 8.74987
108 125 8.7857
108 126 8.89665
108 127 9.01487
108 128 9.09465
108 129 9.22866
108 130 9.3327
108 131 9.52942
108 132 9.62187
108 133 9.63934
108 134 9.67136
108 135 9.68617
108 136 9.75856
108 137 9.86169
108 138 10.2407
108 139 10.4498
108 140 10.4498
108 141 10.4955
108 142 10.5123
108 143 10.5684
108 144 10.6961
108 145 10.7727
108 146 10.8839
108 147 10.8949
108 148 10.9056
108 149 10.9665
108 150 11.2075
108 151 11.3017
108 152 11.3682
108 153 11.6048
108 154 11.7069
108 155 11.7399
108 156 12.0471
108 157 12.0652
108 158 12.087
108 159 12.1588
108 160 12.2314
108 161 12.3772
108 162 12.415
108 163 12.4341
108 164 12.4551
108 165 12.6266
108 166 12.7773
108 167 12.85
108 168 13.0715
108 169 13.1442
108 170 13.2084
108 171 13.2836
108 172 13.2838
108 173 13.3496
108 174 13.4916
108 175 13.5167
108 176 13.7462
108 177 13.7783
108 178 13.8711
108 179 13.9234
108 180 14.0207
108 181 14.0564
108 182 14.3029
108 183 14.3221
108 184 14.3978
108 185 14.4759
108 186 14.7604
108 187 14.7808
108 188 16.0245
108 189 16.3039
108 190 16.3432
108 191 16.5534
108 192 16.6184
108 193 16.9323
108 194 19.2217
108 195 19.9125
108 196 20.0487
108 197 21.0355
108 198 22.3173
108 199 25.8737
109 0 6.31941 1 15 2 24 30 23 29 17 4 11 31 5 27 25 28 18 6 16 34 20 32 33 9 7 3 22 26 13 12 10 19 14 21 8 1 
109 1 6.31941
109 2 6.31941
109 3 6.31941
109 4 6.31941
109 5 6.31941
109 6 6.31941
109 7 6.31941
109 8 6.31941
109 9 6.31941
109 10 6.31941
109 11 6.31941
109 12 6.31941
109 13 6.31941
109 14 6.31941
109 15 6.31941
109 16 6.31941
109 17 6.31941
109 18 6.31941
109 19 6.31941
109 20 6.31941
109 21 6.31941
109 22 6.31941
109 23 6.31941
109 24 6.31941
109 25 6.31941
109 26 6.31941
109 27 6.31941
109 28 6.31941
109 29 6.31941
109 30 6.31941
109 31 6.31941
109 32 6.31941
109 33 6.31941
109 34 6.31941
109 35 6.31941
109 36 6.31941
109 37 6.31941
109 38 6.31941
109 39 6.31941
109 40 6.31941
109 41 6.31941
109 42 6.31941
109 43 6.31941
109 44 6.31941
109 45 6.31941
109 46 6.31941
109 47 6.31941
109 48 6.31941
109 49 6.31941
109 50 6.31941
109 51 6.31941
109 52 6.31941
109 53 6.31941
109 54 6.31941
109 55 6.31941
109 56 6.31941
109 57 6.31941
109 58 6.31941
109 59 6.31941
109 60 6.31941
109 61 6.31941
109 62 6.31941
109 63 6.31941
109 64 6.31941
109 65 6.31941
109 66 6.31941
109 67 6.31941
109 68 6.31941
109 69 6.31941
109 70 6.31941
109 71 6.31941
109 72 6.31941
109 73 6.31941
109 74 6.31941
109 75 6.31941
109 76 6.31941
109 77 6.31941
109 78 6.31941
109 79 6.31941
109 80 6.31941
109 81 6.31941
109 82 6.31941
109 83 6.31941
109 84 6.31941
109 85 6.31941
109 86 6.31941
109 87 6.31941
109 88 6.31941
109 89 6.31941
109 90 6.31941
109 91 6.31941
109 92 6.31941
109 93 6.31941
109 94 6.31941
109 95 6.31941
109 96 6.31941
109 97 6.31941
109 98 6.31941
109 99 6.31941
109 100 6.31941
109 101 6.31941
109 102 6.31941
109 103 6.31941
109 104 6.31941
109 105 6.31941
109 106 6.34482
109 107 6.58441
109 108 6.58441
109 109 6.58441
109 110 6.64898
109 111 6.71671
109 112 6.88429
109 113 6.96168
109 114 7.02796
109 115 7.49911
109 116 7.63152
109 117 7.63152
109 118 7.85245
109 119 8.39169
109 120 8.39846
109 121 8.56606
109 122 8.58006
109 123 9.1026
109 124 9.18653
109 125 9.22866
109 126 9.24677
109 127 9.2522
109 128 9.31861
109 129 9.38824
109 130 9.41918
109 131 9.45658
109 132 9.67564
109 133 9.69104
109 134 9.96867
109 135 9.97595
109 136 10.0647
109 137 10.1072
109 138 10.1362
109 139 10.1713
109 140 10.2591
109 141 10.2748
109 142 10.2894
109 143 10.3472
109 144 10.3929
109 145 10.4498
109 146 10.5123
109 147 10.7105
109 148 10.7258
109 149 10.772
109 150 10.9191
109 151 11.0511
109 152 11.0702
109 153 11.0999
109 154 11.4047
109 155 11.4243
109 156 11.4312
109 157 11.5875
109 158 11.6048
109 159 11.6531
109 160 11.6832
109 161 11.8125
109 162 12.1651
109 163 12.2451
109 164 12.5864
109 165 12.7174
109 166 12.8767
109 167 12.9487
109 168 13.1896
109 169 13.2299
109 170 13.3496
109 171 13.4932
109 172 13.4976
109 173 13.6302
109 174 13.7451
109 175 13.7462
109 176 13.7518
109 177 13.7783
109 178 13.7914
109 179 13.8711
109 180 14.3081
109 181 14.5759
109 182 14.6824
109 183 14.7807
109 184 14.9597
109 185 15.3447
109 186 15.4561
109 187 15.5538
109 188 15.8903
109 189 15.9918
109 190 16.1484
109 191 16.4598
109 192 16.5019
109 193 16.9128
109 194 17.3342
109 195 17.9855
109 196 18.1415
109 197 18.3613
109 198 19.6027
109 199 20.0487
110 0 6.31941 1 15 2 24 30 23 29 17 4 11 31 5 27 25 28 18 6 16 34 20 32 33 9 7 3 22 26 13 12 10 19 14 21 8 1 
110 1 6.31941
110 2 6.31941
110 3 6.31941
110 4 6.31941
110 5 6.31941
110 6 6.31941
110 7 6.31941
110 8 6.31941
110 9 6.31941
110 10 6.31941
110 11 6.31941
110 12 6.31941
110 13 6.31941
110 14 6.31941
110 15 6.31941
110 16 6.31941
110 17 6.31941
110 18 6.31941
110 19 6.31941
110 20 6.31941
110 21 6.31941
110 22 6.31941
110 23 6.31941
110 24 6.31941
110 25 6.31941
110 26 6.31941
110 27 6.31941
110 28 6.31941
110 29 6.31941
110 30 6.31941
110 31 6.31941
110 32 6.31941
110 33 6.31941
110 34 6.31941
110 35 6.31941
110 36 6.31941
110 37 6.31941
110 38 6.31941
110 39 6.31941
110 40 6.31941
110 41 6.31941
110 42 6.31941
110 43 6.31941
110 44 6.31941
110 45 6.31941
110 46 6.31941
110 47 6.31941
110 48 6.31941
110 49 6.31941
110 50 6.31941
110 51 6.31941
110 52 6.31941
110 53 6.31941
110 54 6.31941
110 55 6.31941
110 56 6.31941
110 57 6.31941
110 58 6.31941
110 59 6.31941
110 60 6.31941
110 61 6.31941
110 62 6.31941
110 63 6.31941
110 64 6.31941
110 65 6.31941
110 66 6.31941
110 67 6.31941
110 68 6.31941
110 69 6.31941
110 70 6.31941
110 71 6.31941
110 72 6.31941
110 73 6.31941
110 74 6.31941
110 75 6.31941
110 76 6.31941
110 77 6.31941
110 78 6.31941
110 79 6.31941
110 80 6.31941
110 81 6.31941
110 82 6.31941
110 83 6.31941
110 84 6.31941
110 85 6.31941
110 86 6.31941
110 87 6.31941
110 88 6.31941
110 89 6.31941
110 90 6.31941
110 91 6.31941
110 92 6.47563
110 93 6.58441
110 94 6.58441
110 95 6.58441
110 96 6.58441
110 97 6.80645
110 98 6.81526
110 99 7.14326
110 100 7.49911
110 101 7.52487
110 102 7.68624
110 103 7.90239
110 104 8.02117
110 105 8.20032
110 106 8.24883
110 107 8.38751
110 108 8.41023
110 109 8.47586
110 110 8.52234
110 111 8.56606
110 112 8.59735
110 113 8.86175
110 114 8.98286
110 115 9.03046
110 116 9.07877
110 117 9.1026
110 118 9.15293
110 119 9.18653
110 120 9.19512
110 121 9.22213
110 122 9.24677
110 123 9.2522
110 124 9.27316
110 125 9.32184
110 126 9.3664
110 127 9.44851
110 128 9.45768
110 129 9.49137
110 130 9.67564
110 131 9.69104
110 132 9.77965
110 133 9.80713
110 134 9.86616
110 135 9.89317
110 136 9.89683
110 137 9.91453
110 138 9.94358
110 139 9.96807
110 140 9.96867
110 141 9.99185
110 142 10.0393
110 143 10.1324
110 144 10.1437
110 145 10.2655
110 146 10.2947
110 147 10.2985
110 148 10.3015
110 149 10.4185
110 150 10.4541
110 151 10.6299
110 152 10.6301
110 153 10.6842
110 154 10.8093
110 155 10.871
110 156 10.8996
110 157 10.9101
110 158 10.9949
110 159 11.0444
110 160 11.3157
110 161 11.4312
110 162 11.5875
110 163 11.5875
110 164 11.6332
110 165 11.6531
110 166 11.8125
110 167 11.8266
110 168 11.9442
110 169 11.9825
110 170 11.9928
110 171 12.2451
110 172 12.2804
110 173 12.4168
110 174 12.6536
110 175 12.7681
110 176 12.7907
110 177 12.7958
110 178 13.0985
110 179 13.2036
110 180 13.2299
110 181 13.2299
110 182 13.283
110 183 13.3371
110 184 13.4894
110 185 13.5162
110 186 13.5402
110 187 13.5551
110 188 13.6146
110 189 13.7451
110 190 13.882
110 191 14.3327
110 192 14.6844
110 193 14.7532
110 194 14.7989
110 195 17.4025
110 196 17.5737
110 197 17.9855
110 198 18.1415
110 199 21.0293
111 0 6.31941 1 15 2 24 30 23 29 17 4 11 31 5 27 25 28 18 6 16 34 20 32 33 9 7 3 22 26 13 12 10 19 14 21 8 1 
111 1 6.31941
111 2 6.31941
111 3 6.31941
111 4 6.31941
111 5 6.31941
111 6 6.31941
111 7 6.31941
111 8 6.31941
111 9 6.31941
111 10 6.31941
111 11 6.31941
111 12 6.31941
111 13 6.31941
111 14 6.31941
111 15 6.31941
111 16 6.31941
111 17 6.31941
111 18 6.31941
111 19 6.31941
111 20 6.31941
111 21 6.31941
111 22 6.31941
111 23 6.31941
111 24 6.31941
111 25 6.31941
111 26 6.31941
111 27 6.31941
111 28 6.31941
111 29 6.31941
111 30 6.31941
111 31 6.31941
111 32 6.31941
111 33 6.31941
111 34 6.31941
111 35 6.31941
111 36 6.31941
111 37 6.31941
111 38 6.31941
111 39 6.31941
111 40 6.31941
111 41 6.31941
111 42 6.31941
111 43 6.31941
111 44 6.31941
111 45 6.31941
111 46 6.31941
111 47 6.31941
111 48 6.31941
111 49 6.31941
111 50 6.31941
111 51 6.31941
111 52 6.31941
111 53 6.31941
111 54 6.31941
111 55 6.31941
111 56 6.31941
111 57 6.31941
111 58 6.31941
111 59 6.31941
111 60 6.31941
111 61 6.31941
111 62 6.31941
111 63 6.31941
111 64 6.31941
111 65 6.31941
111 66 6.31941
111 67 6.31941
111 68 6.31941
111 69 6.31941
111 70 6.31941
111 71 6.31941
111 72 6.31941
111 73 6.31941
111 74 6.31941
111 75 6.31941
111 76 6.31941
111 77 6.31941
111 78 6.31941
111 79 6.31941
111 80 6.31941
111 81 6.31941
111 82 6.31941
111 83 6.31941
111 84 6.31941
111 85 6.31941
111 86 6.31941
111 87 6.31941
111 88 6.31941
111 89 6.31941
111 90 6.31941
111 91 6.31941
111 92 6.31941
111 93 6.31941
111 94 6.31941
111 95 6.31941
111 96 6.31941
111 97 6.31941
111 98 6.31941
111 99 6.31941
111 100 6.31941
111 101 6.36585
111 102 6.36585
111 103 6.58441
111 104 6.6248
111 105 6.80645
111 106 6.80645
111 107 6.81526
111 108 6.8902
111 109 7.3409
111 110 7.44466
111 111 7.47498
111 112 7.52487
111 113 7.60272
111 114 7.82703
111 115 8.20032
111 116 8.20032
111 117 8.41023
111 118 8.47586
111 119 9.03046
111 120 9.04996
111 121 9.11588
111 122 9.15253
111 123 9.21467
111 124 9.22213
111 125 9.37192
111 126 9.44851
111 127 9.80713
111 128 9.96867
111 129 10.032
111 130 10.1657
111 131 10.2447
111 132 10.3015
111 133 10.4155
111 134 10.4381
111 135 10.5337
111 136 10.626
111 137 10.6909
111 138 10.7258
111 139 10.871
111 140 10.8756
111 141 10.8876
111 142 10.9949
111 143 11.0444
111 144 11.0887
111 145 11.1125
111 146 11.1674
111 147 11.2582
111 148 11.3157
111 149 11.599
111 150 11.6332
111 151 11.7699
111 152 11.842
111 153 11.9033
111 154 12.0088
111 155 12.125
111 156 12.2139
111 157 12.2145
111 158 12.2451
111 159 12.2883
111 160 12.3319
111 161 12.4096
111 162 12.4168
111 163 12.5508
111 164 12.6536
111 165 12.7907
111 166 12.9042
111 167 12.9292
111 168 13.1359
111 169 13.1552
111 170 13.2517
111 171 13.3371
111 172 13.3826
111 173 13.5186
111 174 13.6259
111 175 13.653
111 176 13.6546
111 177 13.7451
111 178 13.8747
111 179 14.2132
111 180 14.2345
111 181 14.3805
111 182 14.3883
111 183 14.3891
111 184 14.4787
111 185 14.6167
111 186 15.0259
111 187 15.2746
111 188 15.4176
111 189 15.8393
111 190 16.1485
111 191 16.267
111 192 16.2696
111 193 16.4846
111 194 16.5846
111 195 16.6524
111 196 17.2117
111 197 17.2389
111 198 17.5025
111 199 21.2688
112 0 6.31941 1 15 2 24 30 23 29 17 4 11 31 5 27 25 28 18 6 16 34 20 32 33 9 7 3 22 26 13 12 10 19 14 21 8 1 
112 1 6.31941
112 2 6.31941
112 3 6.31941
112 4 6.31941
112 5 6.31941
112 6 6.31941
112 7 6.31941
112 8 6.31941
112 9 6.31941
112 10 6.31941
112 11 6.31941
112 12 6.31941
112 13 6.31941
112 14 6.31941
112 15 6.31941
112 16 6.31941
112 17 6.31941
112 18 6.31941
112 19 6.31941
112 20 6.31941
112 21 6.31941
112 22 6.31941
112 23 6.31941
112 24 6.31941
112 25 6.31941
112 26 6.31941
112 27 6.31941
112 28 6.31941
112 29 6.31941
112 30 6.31941
112 31 6.31941
112 32 6.31941
112 33 6.31941
112 34 6.31941
112 35 6.31941
112 36 6.31941
112 37 6.31941
112 38 6.31941
112 39 6.31941
112 40 6.31941
112 41 6.31941
112 42 6.31941
112 43 6.31941
112 44 6.31941
112 45 6.31941
112 46 6.31941
112 47 6.31941
112 48 6.31941
112 49 6.31941
112 50 6.31941
112 51 6.31941
112 52 6.31941
112 53 6.31941
112 54 6.31941
112 55 6.31941
112 56 6.31941
112 57 6.31941
112 58 6.31941
112 59 6.31941
112 60 6.31941
112 61 6.31941
112 62 6.31941
112 63 6.31941
112 64 6.31941
112 65 6.31941
112 66 6.31941
112 67 6.31941
112 68 6.31941
112 69 6.31941
112 70 6.31941
112 71 6.31941
112 72 6.31941
112 73 6.31941
112 74 6.31941
112 75 6.31941
112 76 6.31941
112 77 6.31941
112 78 6.31941
112 79 6.31941
112 80 6.31941
112 81 6.31941
112 82 6.31941
112 83 6.31941
112 84 6.31941
112 85 6.31941
112 86 6.31941
112 87 6.31941
112 88 6.31941
112 89 6.31941
112 90 6.31941
112 91 6.31941
112 92 6.31941
112 93 6.31941
112 94 6.31941
112 95 6.31941
112 96 6.31941
112 97 6.31941
112 98 6.31941
112 99 6.36585
112 100 6.50968
112 101 6.58441
112 102 6.6248
112 103 6.81526
112 104 6.8902
112 105 6.92489
112 106 7.10781
112 107 7.29485
112 108 7.49049
112 109 7.52487
112 110 7.65201
112 111 7.68624
112 112 7.81932
112 113 7.82883
112 114 8.07408
112 115 8.09779
112 116 8.20032
112 117 8.20032
112 118 8.26457
112 119 8.73474
112 120 8.91508
112 121 8.97586
112 122 8.97586
112 123 8.98907
112 124 9.00281
112 125 9.04996
112 126 9.33662
112 127 9.37192
112 128 9.37309
112 129 9.47829
112 130 9.50115
112 131 9.73924
112 132 9.77576
112 133 9.8715
112 134 9.89294
112 135 9.93828
112 136 9.96867
112 137 10.0597
112 138 10.1565
112 139 10.2947
112 140 10.3015
112 141 10.3104
112 142 10.3606
112 143 10.3947
112 144 10.4381
112 145 10.4403
112 146 10.4498
112 147 10.5174
112 148 10.7234
112 149 10.8122
112 150 10.8291
112 151 10.8699
112 152 10.9103
112 153 10.9949
112 154 11.1814
112 155 11.2336
112 156 11.2395
112 157 11.2751
112 158 11.2805
112 159 11.3302
112 160 11.4194
112 161 11.5988
112 162 11.7581
112 163 11.8031
112 164 11.9322
112 165 12.0088
112 166 12.1535
112 167 12.2139
112 168 12.3548
112 169 12.5658
112 170 12.5891
112 171 12.6536
112 172 12.676
112 173 12.7471
112 174 12.8679
112 175 12.9704
112 176 13.0284
112 177 13.0462
112 178 13.2009
112 179 13.2477
112 180 13.2857
112 181 13.3614
112 182 13.3898
112 183 13.4093
112 184 13.5003
112 185 13.5019
112 186 13.6053
112 187 13.6316
112 188 13.7283
112 189 13.7896
112 190 13.8747
112 191 14.0458
112 192 14.499
112 193 16.2696
112 194 16.5563
112 195 16.7168
112 196 17.2394
112 197 17.634
112 198 17.8926
112 199 18.9732
113 0 6.31941 1 15 2 24 30 23 29 17 4 11 31 5 27 25 28 18 6 16 34 20 32 33 9 7 3 22 26 13 12 10 19 14 21 8 1 
113 1 6.31941
113 2 6.31941
113 3 6.31941
113 4 6.31941
113 5 6.31941
113 6 6.31941
113 7 6.31941
113 8 6.31941
113 9 6.31941
113 10 6.31941
113 11 6.31941
113 12 6.31941
113 13 6.31941
113 14 6.31941
113 15 6.31941
113 16 6.31941
113 17 6.31941
113 18 6.31941
113 19 6.31941
113 20 6.31941
113 21 6.31941
113 22 6.31941
113 23 6.31941
113 24 6.31941
113 25 6.31941
113 26 6.31941
113 27 6.31941
113 28 6.31941
113 29 6.31941
113 30 6.31941
113 31 6.31941
113 32 6.31941
113 33 6.31941
113 34 6.31941
113 35 6.31941
113 36 6.31941
113 37 6.31941
113 38 6.31941
113 39 6.31941
113 40 6.31941
113 41 6.31941
113 42 6.31941
113 43 6.31941
113 44 6.31941
113 45 6.31941
113 46 6.31941
113 47 6.31941
113 48 6.31941
113 49 6.31941
113 50 6.31941
113 51 6.31941
113 52 6.31941
113 53 6.31941
113 54 6.31941
113 55 6.31941
113 56 6.31941
113 57 6.31941
113 58 6.31941
113 59 6.31941
113 60 6.31941
113 61 6.31941
113 62 6.31941
113 63 6.31941
113 64 6.31941
113 65 6.31941
113 66 6.31941
113 67 6.31941
113 68 6.31941
113 69 6.31941
113 70 6.31941
113 71 6.31941
113 72 6.31941
113 73 6.31941
113 74 6.31941
113 75 6.31941
113 76 6.31941
113 77 6.31941
113 78 6.31941
113 79 6.31941
113 80 6.31941
113 81 6.31941
113 82 6.31941
113 83 6.31941
113 84 6.31941
113 85 6.31941
113 86 6.31941
113 87 6.31941
113 88 6.31941
113 89 6.31941
113 90 6.31941
113 91 6.31941
113 92 6.31941
113 93 6.31941
113 94 6.31941
113 95 6.31941
113 96 6.31941
113 97 6.31941
113 98 6.31941
113 99 6.31941
113 100 6.31941
113 101 6.31941
113 102 6.31941
113 103 6.33231
113 104 6.6248
113 105 6.6248
113 106 6.93764
113 107 6.96168
113 108 7.114
113 109 7.34942
113 110 7.47226
113 111 7.49049
113 112 7.60726
113 113 7.65201
113 114 7.68624
113 115 7.81932
113 116 7.87713
113 117 7.95242
113 118 7.99839
113 119 8.07408
113 120 8.09779
113 121 8.09779
113 122 8.19858
113 123 8.28285
113 124 8.45009
113 125 8.45443
113 126 8.45607
113 127 8.91732
113 128 8.96823
113 129 8.97586
113 130 9.00579
113 131 9.03046
113 132 9.07114
113 133 9.07586
113 134 9.133
113 135 9.21894
113 136 9.37192
113 137 9.37309
113 138 9.50115
113 139 9.5195
113 140 9.60768
113 141 9.64719
113 142 9.70887
113 143 9.82507
113 144 9.8715
113 145 10.0309
113 146 10.0335
113 147 10.1364
113 148 10.1565
113 149 10.2503
113 150 10.2758
113 151 10.3015
113 152 10.3165
113 153 10.3606
113 154 10.4381
113 155 10.4498
113 156 10.5087
113 157 10.6554
113 158 10.8122
113 159 10.8231
113 160 10.8254
113 161 10.8965
113 162 11.3302
113 163 11.3528
113 164 11.3545
113 165 11.4743
113 166 11.566
113 167 11.5868
113 168 11.5988
113 169 11.8031
113 170 12.0941
113 171 12.1127
113 172 12.1451
113 173 12.3548
113 174 12.3755
113 175 12.4217
113 176 12.6488
113 177 12.7098
113 178 12.794
113 179 12.9249
113 180 12.996
113 181 13.027
113 182 13.1378
113 183 13.2078
113 184 13.2857
113 185 13.4161
113 186 13.5019
113 187 13.6229
113 188 13.976
113 189 14.8735
113 190 15.3352
113 191 15.9514
113 192 16.5271
113 193 16.8061
113 194 16.8136
113 195 16.8483
113 196 17.8926
113 197 17.9247
113 198 18.2916
113 199 20.4605
114 0 6.31941 1 15 2 24 30 23 29 17 4 11 31 5 27 25 28 18 6 16 34 20 32 33 9 7 3 22 26 13 12 10 19 14 21 8 1 
114 1 6.31941
114 2 6.31941
114 3 6.31941
114 4 6.31941
114 5 6.31941
114 6 6.31941
114 7 6.31941
114 8 6.31941
114 9 6.31941
114 10 6.31941
114 11 6.31941
114 12 6.31941
114 13 6.31941
114 14 6.31941
114 15 6.31941
114 16 6.31941
114 17 6.31941
114 18 6.31941
114 19 6.31941
114 20 6.31941
114 21 6.31941
114 22 6.31941
114 23 6.31941
114 24 6.31941
114 25 6.31941
114 26 6.31941
114 27 6.31941
114 28 6.31941
114 29 6.31941
114 30 6.31941
114 31 6.31941
114 32 6.31941
114 33 6.31941
114 34 6.31941
114 35 6.31941
114 36 6.31941
114 37 6.31941
114 38 6.31941
114 39 6.31941
114 40 6.31941
114 41 6.31941
114 42 6.31941
114 43 6.31941
114 44 6.31941
114 45 6.31941
114 46 6.31941
114 47 6.31941
114 48 6.31941
114 49 6.31941
114 50 6.31941
114 51 6.31941
114 52 6.31941
114 53 6.31941
114 54 6.31941
114 55 6.31941
114 56 6.31941
114 57 6.31941
114 58 6.31941
114 59 6.31941
114 60 6.31941
114 61 6.31941
114 62 6.31941
114 63 6.31941
114 64 6.31941
114 65 6.31941
114 66 6.31941
114 67 6.31941
114 68 6.31941
114 69 6.31941
114 70 6.31941
114 71 6.31941
114 72 6.31941
114 73 6.31941
114 74 6.31941
114 75 6.31941
114 76 6.31941
114 77 6.31941
114 78 6.31941
114 79 6.31941
114 80 6.31941
114 81 6.31941
114 82 6.31941
114 83 6.31941
114 84 6.31941
114 85 6.31941
114 86 6.31941
114 87 6.31941
114 88 6.31941
114 89 6.31941
114 90 6.31941
114 91 6.31941
114 92 6.31941
114 93 6.31941
114 94 6.36585
114 95 6.46159
114 96 6.77137
114 97 6.92489
114 98 7.04154
114 99 7.4067
114 100 7.49049
114 101 7.60726
114 102 7.65201
114 103 7.67193
114 104 7.68624
114 105 7.68624
114 106 7.68624
114 107 7.77961
114 108 8.03235
114 109 8.09779
114 110 8.15474
114 111 8.33285
114 112 8.45607
114 113 8.66017
114 114 8.93085
114 115 9.04398
114 116 9.07586
114 117 9.08151
114 118 9.11803
114 119 9.23377
114 120 9.3629
114 121 9.47709
114 122 9.52785
114 123 9.63366
114 124 9.64593
114 125 9.74121
114 126 9.79802
114 127 9.98849
114 128 10.0301
114 129 10.0309
114 130 10.0392
114 131 10.044
114 132 10.0483
114 133 10.1565
114 134 10.171
114 135 10.2105
114 136 10.2503
114 137 10.2503
114 138 10.2758
114 139 10.2813
114 140 10.3284
114 141 10.3652
114 142 10.4498
114 143 10.5087
114 144 10.6188
114 145 10.63
114 146 10.6885
114 147 10.6885
114 148 10.7234
114 149 10.8107
114 150 10.884
114 151 10.9156
114 152 11.0383
114 153 11.2586
114 154 11.3862
114 155 11.8031
114 156 11.9387
114 157 12.0187
114 158 12.1127
114 159 12.1451
114 160 12.1563
114 161 12.1706
114 162 12.2122
114 163 12.2528
114 164 12.2883
114 165 12.305
114 166 12.3598
114 167 12.4217
114 168 12.6488
114 169 12.6718
114 170 12.798
114 171 12.8538
114 172 12.8858
114 173 12.9291
114 174 13.0198
114 175 13.1178
114 176 13.2364
114 177 13.2806
114 178 13.2924
114 179 13.3774
114 180 13.4493
114 181 13.4575
114 182 13.5019
114 183 13.5398
114 184 13.7033
114 185 14.2329
114 186 14.3173
114 187 14.4944
114 188 14.8735
114 189 15.0642
114 190 15.1147
114 191 15.1989
114 192 15.6055
114 193 15.7033
114 194 16.0263
114 195 16.8061
114 196 16.8874
114 197 18.1406
114 198 18.2916
114 199 19.3586
115 0 6.31941 1 15 2 24 30 23 29 17 4 11 31 5 27 25 28 18 6 16 34 20 32 33 9 7 3 22 26 13 12 10 19 14 21 8 1 
115 1 6.31941
115 2 6.31941
115 3 6.31941
115 4 6.31941
115 5 6.31941
115 6 6.31941
115 7 6.31941
115 8 6.31941
115 9 6.31941
115 10 6.31941
115 11 6.31941
115 12 6.31941
115 13 6.31941
115 14 6.31941
115 15 6.31941
115 16 6.31941
115 17 6.31941
115 18 6.31941
115 19 6.31941
115 20 6.31941
115 21 6.31941
115 22 6.31941
115 23 6.31941
115 24 6.31941
115 25 6.31941
115 26 6.31941
115 27 6.31941
115 28 6.31941
115 29 6.31941
115 30 6.31941
115 31 6.31941
115 32 6.31941
115 33 6.31941
115 34 6.31941
115 35 6.31941
115 36 6.31941
115 37 6.31941
115 38 6.31941
115 39 6.31941
115 40 6.31941
115 41 6.31941
115 42 6.31941
115 43 6.31941
115 44 6.31941
115 45 6.31941
115 46 6.31941
115 47 6.31941
115 48 6.31941
115 49 6.31941
115 50 6.31941
115 51 6.31941
115 52 6.31941
115 53 6.31941
115 54 6.31941
115 55 6.31941
115 56 6.31941
115 57 6.31941
115 58 6.31941
115 59 6.31941
115 60 6.31941
115 61 6.31941
115 62 6.31941
115 63 6.31941
115 64 6.31941
115 65 6.31941
115 66 6.31941
115 67 6.31941
115 68 6.31941
115 69 6.31941
115 70 6.31941
115 71 6.31941
115 72 6.31941
115 73 6.31941
115 74 6.31941
115 75 6.31941
115 76 6.31941
115 77 6.31941
115 78 6.31941
115 79 6.31941
115 80 6.31941
115 81 6.31941
115 82 6.31941
115 83 6.31941
115 84 6.31941
115 85 6.31941
115 86 6.31941
115 87 6.31941
115 88 6.31941
115 89 6.31941
115 90 6.31941
115 91 6.31941
115 92 6.31941
115 93 6.31941
115 94 6.31941
115 95 6.31941
115 96 6.31941
115 97 6.31941
115 98 6.31941
115 99 6.31941
115 100 6.31941
115 101 6.58441
115 102 6.58441
115 103 6.72659
115 104 7.13257
115 105 7.62221
115 106 7.65201
115 107 7.68624
115 108 7.77961
115 109 7.77961
115 110 7.82361
115 111 7.83175
115 112 7.97449
115 113 8.25549
115 114 8.38797
115 115 8.67177
115 116 8.67177
115 117 8.79393
115 118 8.87647
115 119 8.91508
115 120 8.98907
115 121 9.07114
115 122 9.07755
115 123 9.08151
115 124 9.08151
115 125 9.18442
115 126 9.3629
115 127 9.3837
115 128 9.46985
115 129 9.63366
115 130 9.64593
115 131 9.66028
115 132 9.66178
115 133 9.68665
115 134 9.72216
115 135 9.89812
115 136 9.91852
115 137 10.0147
115 138 10.0462
115 139 10.0534
115 140 10.0937
115 141 10.2503
115 142 10.2758
115 143 10.3975
115 144 10.4498
115 145 10.4498
115 146 10.4498
115 147 10.5087
115 148 10.5783
115 149 10.6188
115 150 10.6188
115 151 10.6188
115 152 10.6601
115 153 10.6885
115 154 10.7534
115 155 10.776
115 156 10.884
115 157 11.0081
115 158 11.1322
115 159 11.1469
115 160 11.4174
115 161 11.5827
115 162 11.6794
115 163 11.8167
115 164 11.8697
115 165 12.1451
115 166 12.2883
115 167 12.2883
115 168 12.3322
115 169 12.3598
115 170 12.4397
115 171 12.5706
115 172 12.73
115 173 12.7581
115 174 12.8616
115 175 12.9892
115 176 13.1686
115 177 13.1964
115 178 13.2058
115 179 13.2318
115 180 13.3461
115 181 13.416
115 182 13.4673
115 183 13.4785
115 184 13.5019
115 185 13.6522
115 186 13.7116
115 187 13.9953
115 188 14.3173
115 189 14.8117
115 190 14.8194
115 191 14.8959
115 192 15.4464
115 193 15.8747
115 194 16.0987
115 195 16.6559
115 196 17.1634
115 197 17.2045
115 198 17.4043
115 199 18.1739
116 0 6.31941 1 15 2 24 30 23 29 17 4 11 31 5 27 25 28 18 6 16 34 20 32 33 9 7 3 22 26 13 12 10 19 14 21 8 1 
116 1 6.31941
116 2 6.31941
116 3 6.31941
116 4 6.31941
116 5 6.31941
116 6 6.31941
116 7 6.31941
116 8 6.31941
116 9 6.31941
116 10 6.31941
116 11 6.31941
116 12 6.31941
116 13 6.31941
116 14 6.31941
116 15 6.31941
116 16 6.31941
116 17 6.31941
116 18 6.31941
116 19 6.31941
116 20 6.31941
116 21 6.31941
116 22 6.31941
116 23 6.31941
116 24 6.31941
116 25 6.31941
116 26 6.31941
116 27 6.31941
116 28 6.31941
116 29 6.31941
116 30 6.31941
116 31 6.31941
116 32 6.31941
116 33 6.31941
116 34 6.31941
116 35 6.31941
116 36 6.31941
116 37 6.31941
116 38 6.31941
116 39 6.31941
116 40 6.31941
116 41 6.31941
116 42 6.31941
116 43 6.31941
116 44 6.31941
116 45 6.31941
116 46 6.31941
116 47 6.31941
116 48 6.31941
116 49 6.31941
116 50 6.31941
116 51 6.31941
116 52 6.31941
116 53 6.31941
116 54 6.31941
116 55 6.31941
116 56 6.31941
116 57 6.31941
116 58 6.31941
116 59 6.31941
116 60 6.31941
116 61 6.31941
116 62 6.31941
116 63 6.31941
116 64 6.31941
116 65 6.31941
116 66 6.31941
116 67 6.31941
116 68 6.31941
116 69 6.31941
116 70 6.31941
116 71 6.31941
116 72 6.31941
116 73 6.31941
116 74 6.31941
116 75 6.31941
116 76 6.31941
116 77 6.31941
116 78 6.31941
116 79 6.31941
116 80 6.31941
116 81 6.31941
116 82 6.31941
116 83 6.31941
116 84 6.31941
116 85 6.31941
116 86 6.31941
116 87 6.31941
116 88 6.31941
116 89 6.31941
116 90 6.31941
116 91 6.31941
116 92 6.31941
116 93 6.31941
116 94 6.31941
116 95 6.31941
116 96 6.31941
116 97 6.31941
116 98 6.31941
116 99 6.31941
116 100 6.31941
116 101 6.31941
116 102 6.31941
116 103 6.31941
116 104 6.31941
116 105 6.31941
116 106 6.31941
116 107 6.31941
116 108 6.31941
116 109 6.31941
116 110 6.31941
116 111 6.31941
116 112 6.31941
116 113 6.31941
116 114 6.31941
116 115 6.31941
116 116 6.31941
116 117 6.31941
116 118 6.42765
116 119 6.58441
116 120 6.58441
116 121 6.74863
116 122 7.12581
116 123 7.19998
116 124 7.43216
116 125 7.64198
116 126 7.6463
116 127 7.9558
116 128 8.38797
116 129 8.47778
116 130 8.67177
116 131 8.93085
116 132 9.07114
116 133 9.08151
116 134 9.17286
116 135 9.18442
116 136 9.27605
116 137 9.45215
116 138 9.4848
116 139 9.71202
116 140 9.72216
116 141 9.89812
116 142 9.94476
116 143 9.97433
116 144 10.1204
116 145 10.1848
116 146 10.2232
116 147 10.2503
116 148 10.2837
116 149 10.295
116 150 10.3697
116 151 10.4221
116 152 10.5137
116 153 10.5242
116 154 10.575
116 155 10.5783
116 156 10.6188
116 157 10.6188
116 158 10.6188
116 159 10.654
116 160 10.6554
116 161 10.6601
116 162 10.6608
116 163 10.6846
116 164 10.6961
116 165 10.7325
116 166 10.884
116 167 11.0705
116 168 11.2005
116 169 11.2552
116 170 11.2873
116 171 11.425
116 172 11.7743
116 173 11.8031
116 174 11.9224
116 175 12.2246
116 176 12.3688
116 177 12.3823
116 178 12.6406
116 179 12.6411
116 180 13.0091
116 181 13.1919
116 182 13.4476
116 183 13.4727
116 184 13.572
116 185 13.5755
116 186 13.5992
116 187 13.6117
116 188 14.2205
116 189 14.28
116 190 14.3786
116 191 14.5045
116 192 14.5267
116 193 14.7386
116 194 16.9255
116 195 17.0708
116 196 17.4043
116 197 17.4435
116 198 18.3406
116 199 21.1271
117 0 6.31941 1 15 2 24 30 23 29 17 4 11 31 5 27 25 28 18 6 16 34 20 32 33 9 7 3 22 26 13 12 10 19 14 21 8 1 
117 1 6.31941
117 2 6.31941
117 3 6.31941
117 4 6.31941
117 5 6.31941
117 6 6.31941
117 7 6.31941
117 8 6.31941
117 9 6.31941
117 10 6.31941
117 11 6.31941
117 12 6.31941
117 13 6.31941
117 14 6.31941
117 15 6.31941
117 16 6.31941
117 17 6.31941
117 18 6.31941
117 19 6.31941
117 20 6.31941
117 21 6.31941
117 22 6.31941
117 23 6.31941
117 24 6.31941
117 25 6.31941
117 26 6.31941
117 27 6.31941
117 28 6.31941
117 29 6.31941
117 30 6.31941
117 31 6.31941
117 32 6.31941
117 33 6.31941
117 34 6.31941
117 35 6.31941
117 36 6.31941
117 37 6.31941
117 38 6.31941
117 39 6.31941
117 40 6.31941
117 41 6.31941
117 42 6.31941
117 43 6.31941
117 44 6.31941
117 45 6.31941
117 46 6.31941
117 47 6.31941
117 48 6.31941
117 49 6.31941
117 50 6.31941
117 51 6.31941
117 52 6.31941
117 53 6.31941
117 54 6.31941
117 55 6.31941
117 56 6.31941
117 57 6.31941
117 58 6.31941
117 59 6.31941
117 60 6.31941
117 61 6.31941
117 62 6.31941
117 63 6.31941
117 64 6.31941
117 65 6.31941
117 66 6.31941
117 67 6.31941
117 68 6.31941
117 69 6.31941
117 70 6.31941
117 71 6.31941
117 72 6.31941
117 73 6.31941
117 74 6.31941
117 75 6.31941
117 76 6.31941
117 77 6.31941
117 78 6.31941
117 79 6.31941
117 80 6.31941
117 81 6.31941
117 82 6.31941
117 83 6.31941
117 84 6.31941
117 85 6.31941
117 86 6.31941
117 87 6.31941
117 88 6.31941
117 89 6.31941
117 90 6.31941
117 91 6.31941
117 92 6.31941
117 93 6.31941
117 94 6.31941
117 95 6.31941
117 96 6.31941
117 97 6.31941
117 98 6.31941
117 99 6.31941
117 100 6.31941
117 101 6.31941
117 102 6.31941
117 103 6.31941
117 104 6.58441
117 105 6.63233
117 106 6.74863
117 107 6.78197
117 108 7.10781
117 109 7.12581
117 110 7.14326
117 111 7.19235
117 112 7.40979
117 113 7.58783
117 114 7.60272
117 115 7.67193
117 116 7.82784
117 117 8.19502
117 118 8.32707
117 119 8.44256
117 120 8.96922
117 121 9.06428
117 122 9.09141
117 123 9.17286
117 124 9.21509
117 125 9.24662
117 126 9.2717
117 127 9.34866
117 128 9.45215
117 129 9.50072
117 130 9.65431
117 131 9.71202
117 132 9.81718
117 133 9.89812
117 134 9.90596
117 135 9.90596
117 136 9.94476
117 137 9.94476
117 138 9.97433
117 139 9.97433
117 140 10.057
117 141 10.0966
117 142 10.2496
117 143 10.4498
117 144 10.4498
117 145 10.486
117 146 10.5253
117 147 10.5704
117 148 10.5783
117 149 10.5873
117 150 10.6856
117 151 10.6961
117 152 10.6961
117 153 10.7325
117 154 10.8021
117 155 10.8743
117 156 10.902
117 157 11.425
117 158 11.4454
117 159 11.4833
117 160 11.4843
117 161 11.55
117 162 11.6526
117 163 11.7743
117 164 11.8548
117 165 12.1082
117 166 12.1842
117 167 12.3046
117 168 12.3319
117 169 12.3476
117 170 12.462
117 171 12.5631
117 172 12.6411
117 173 12.6543
117 174 12.6645
117 175 12.7691
117 176 12.7698
117 177 12.8226
117 178 12.9288
117 179 13.1299
117 180 13.1919
117 181 13.2795
117 182 13.4136
117 183 13.572
117 184 13.5755
117 185 13.5769
117 186 13.6085
117 187 13.6621
117 188 13.7038
117 189 13.9085
117 190 13.9659
117 191 14.0561
117 192 14.1404
117 193 14.3786
117 194 14.4546
117 195 16.3657
117 196 17.089
117 197 18.0356
117 198 19.4652
117 199 21.2724
118 0 6.31941 1 15 2 24 30 23 29 17 4 11 31 5 27 25 28 18 6 16 34 20 32 33 9 7 3 22 26 13 12 10 19 14 21 8 1 
118 1 6.31941
118 2 6.31941
118 3 6.31941
118 4 6.31941
118 5 6.31941
118 6 6.31941
118 7 6.31941
118 8 6.31941
118 9 6.31941
118 10 6.31941
118 11 6.31941
118 12 6.31941
118 13 6.31941
118 14 6.31941
118 15 6.31941
118 16 6.31941
118 17 6.31941
118 18 6.31941
118 19 6.31941
118 20 6.31941
118 21 6.31941
118 22 6.31941
118 23 6.31941
118 24 6.31941
118 25 6.31941
118 26 6.31941
118 27 6.31941
118 28 6.31941
118 29 6.31941
118 30 6.31941
118 31 6.31941
118 32 6.31941
118 33 6.31941
118 34 6.31941
118 35 6.31941
118 36 6.31941
118 37 6.31941
118 38 6.31941
118 39 6.31941
118 40 6.31941
118 41 6.31941
118 42 6.31941
118 43 6.31941
118 44 6.31941
118 45 6.31941
118 46 6.31941
118 47 6.31941
118 48 6.31941
118 49 6.31941
118 50 6.31941
118 51 6.31941
118 52 6.31941
118 53 6.31941
118 54 6.31941
118 55 6.31941
118 56 6.31941
118 57 6.31941
118 58 6.31941
118 59 6.31941
118 60 6.31941
118 61 6.31941
118 62 6.31941
118 63 6.31941
118 64 6.31941
118 65 6.31941
118 66 6.31941
118 67 6.31941
118 68 6.31941
118 69 6.31941
118 70 6.31941
118 71 6.31941
118 72 6.31941
118 73 6.31941
118 74 6.31941
118 75 6.31941
118 76 6.31941
118 77 6.31941
118 78 6.31941
118 79 6.31941
118 80 6.31941
118 81 6.31941
118 82 6.31941
118 83 6.31941
118 84 6.31941
118 85 6.31941
118 86 6.31941
118 87 6.31941
118 88 6.31941
118 89 6.31941
118 90 6.31941
118 91 6.31941
118 92 6.31941
118 93 6.31941
118 94 6.31941
118 95 6.31941
118 96 6.31941
118 97 6.31941
118 98 6.31941
118 99 6.31941
118 100 6.31941
118 101 6.31941
118 102 6.31941
118 103 6.53282
118 104 6.61056
118 105 6.88429
118 106 7.10781
118 107 7.12581
118 108 7.13257
118 109 7.26076
118 110 7.62357
118 111 7.63166
118 112 7.82784
118 113 7.85085
118 114 7.87713
118 115 7.92187
118 116 7.97728
118 117 8.19502
118 118 8.27873
118 119 8.32954
118 120 8.44256
118 121 8.45607
118 122 8.47702
118 123 8.77708
118 124 8.87562
118 125 8.89155
118 126 8.91465
118 127 8.96922
118 128 8.97586
118 129 9.0012
118 130 9.01016
118 131 9.21509
118 132 9.26466
118 133 9.2717
118 134 9.32326
118 135 9.3664
118 136 9.44533
118 137 9.53603
118 138 9.5678
118 139 9.57899
118 140 9.70731
118 141 9.78014
118 142 9.95492
118 143 9.96807
118 144 10.0547
118 145 10.1844
118 146 10.5501
118 147 10.5704
118 148 10.575
118 149 10.6518
118 150 10.6637
118 151 10.7013
118 152 10.7103
118 153 10.7356
118 154 10.8191
118 155 10.8494
118 156 11.0444
118 157 11.0746
118 158 11.1189
118 159 11.2064
118 160 11.3335
118 161 11.492
118 162 11.55
118 163 11.7743
118 164 11.9991
118 165 12.0953
118 166 12.1347
118 167 12.2036
118 168 12.5631
118 169 12.713
118 170 12.7532
118 171 12.7698
118 172 12.8509
118 173 13.11
118 174 13.158
118 175 13.1921
118 176 13.3192
118 177 13.4468
118 178 13.4645
118 179 13.4855
118 180 13.5
118 181 13.5707
118 182 13.6085
118 183 13.6135
118 184 13.6506
118 185 13.6667
118 186 14.0023
118 187 14.0412
118 188 14.1404
118 189 14.5018
118 190 14.5931
118 191 14.7374
118 192 15.0086
118 193 15.1271
118 194 15.3128
118 195 16.326
118 196 16.4138
118 197 17.2702
118 198 18.0356
118 199 22.379
119 0 6.31941 1 15 2 24 30 23 29 17 4 11 31 5 27 25 28 18 6 16 34 20 32 33 9 7 3 22 26 13 12 10 19 14 21 8 1 
119 1 6.31941
119 2 6.31941
119 3 6.31941
119 4 6.31941
119 5 6.31941
119 6 6.31941
119 7 6.31941
119 8 6.31941
119 9 6.31941
119 10 6.31941
119 11 6.31941
119 12 6.31941
119 13 6.31941
119 14 6.31941
119 15 6.31941
119 16 6.31941
119 17 6.31941
119 18 6.31941
119 19 6.31941
119 20 6.31941
119 21 6.31941
119 22 6.31941
119 23 6.31941
119 24 6.31941
119 25 6.31941
119 26 6.31941
119 27 6.31941
119 28 6.31941
119 29 6.31941
119 30 6.31941
119 31 6.31941
119 32 6.31941
119 33 6.31941
119 34 6.31941
119 35 6.31941
119 36 6.31941
119 37 6.31941
119 38 6.31941
119 39 6.31941
119 40 6.31941
119 41 6.31941
119 42 6.31941
119 43 6.31941
119 44 6.31941
119 45 6.31941
119 46 6.31941
119 47 6.31941
119 48 6.31941
119 49 6.31941
119 50 6.31941
119 51 6.31941
119 52 6.31941
119 53 6.31941
119 54 6.31941
119 55 6.31941
119 56 6.31941
119 57 6.31941
119 58 6.31941
119 59 6.31941
119 60 6.31941
119 61 6.31941
119 62 6.31941
119 63 6.31941
119 64 6.31941
119 65 6.31941
119 66 6.31941
119 67 6.31941
119 68 6.31941
119 69 6.31941
119 70 6.31941
119 71 6.31941
119 72 6.31941
119 73 6.31941
119 74 6.31941
119 75 6.31941
119 76 6.31941
119 77 6.31941
119 78 6.31941
119 79 6.31941
119 80 6.31941
119 81 6.31941
119 82 6.31941
119 83 6.31941
119 84 6.31941
119 85 6.31941
119 86 6.31941
119 87 6.31941
119 88 6.31941
119 89 6.31941
119 90 6.31941
119 91 6.31941
119 92 6.31941
119 93 6.31941
119 94 6.31941
119 95 6.31941
119 96 6.31941
119 97 6.31941
119 98 6.31941
119 99 6.31941
119 100 6.31941
119 101 6.31941
119 102 6.31941
119 103 6.31941
119 104 6.31941
119 105 6.31941
119 106 6.31941
119 107 6.50968
119 108 6.58441
119 109 6.61056
119 110 6.61056
119 111 6.61056
119 112 6.64906
119 113 6.88429
119 114 6.88866
119 115 6.92489
119 116 7.121
119 117 7.12128
119 118 7.34075
119 119 7.61774
119 120 7.78527
119 121 7.83175
119 122 7.92187
119 123 8.21455
119 124 8.33285
119 125 8.44256
119 126 8.52589
119 127 8.73474
119 128 8.91465
119 129 8.96922
119 130 9.1336
119 131 9.19512
119 132 9.24495
119 133 9.25008
119 134 9.27605
119 135 9.44533
119 136 9.48055
119 137 9.5678
119 138 9.68612
119 139 9.70887
119 140 9.73639
119 141 9.78829
119 142 9.99407
119 143 10.0246
119 144 10.0547
119 145 10.202
119 146 10.5501
119 147 10.5501
119 148 10.6885
119 149 10.7302
119 150 10.7356
119 151 10.9388
119 152 11.0444
119 153 11.0746
119 154 11.1189
119 155 11.1394
119 156 11.2064
119 157 11.2064
119 158 11.3063
119 159 11.6505
119 160 11.8632
119 161 11.8697
119 162 12.1021
119 163 12.1049
119 164 12.1347
119 165 12.3284
119 166 12.3464
119 167 12.503
119 168 12.522
119 169 12.5321
119 170 12.5532
119 171 12.7559
119 172 12.7876
119 173 13.0147
119 174 13.0715
119 175 13.3273
119 176 13.3614
119 177 13.4186
119 178 13.4802
119 179 13.5532
119 180 13.5572
119 181 13.6085
119 182 13.6146
119 183 14.029
119 184 14.1938
119 185 14.6276
119 186 14.7374
119 187 14.7972
119 188 14.9325
119 189 15.1067
119 190 15.3128
119 191 15.6567
119 192 15.7406
119 193 16.1615
119 194 17.3417
119 195 17.3603
119 196 18.0299
119 197 18.8194
119 198 18.945
119 199 20.0526
120 0 6.31941 1 15 2 24 30 23 29 17 4 11 31 5 27 25 28 18 6 16 34 20 32 33 9 7 3 22 26 13 12 10 19 14 21 8 1 
120 1 6.31941
120 2 6.31941
120 3 6.31941
120 4 6.31941
120 5 6.31941
120 6 6.31941
120 7 6.31941
120 8 6.31941
120 9 6.31941
120 10 6.31941
120 11 6.31941
120 12 6.31941
120 13 6.31941
120 14 6.31941
120 15 6.31941
120 16 6.31941
120 17 6.31941
120 18 6.31941
120 19 6.31941
120 20 6.31941
120 21 6.31941
120 22 6.31941
120 23 6.31941
120 24 6.31941
120 25 6.31941
120 26 6.31941
120 27 6.31941
120 28 6.31941
120 29 6.31941
120 30 6.31941
120 31 6.31941
120 32 6.31941
120 33 6.31941
120 34 6.31941
120 35 6.31941
120 36 6.31941
120 37 6.31941
120 38 6.31941
120 39 6.31941
120 40 6.31941
120 41 6.31941
120 42 6.31941
120 43 6.31941
120 44 6.31941
120 45 6.31941
120 46 6.31941
120 47 6.31941
120 48 6.31941
120 49 6.31941
120 50 6.31941
120 51 6.31941
120 52 6.31941
120 53 6.31941
120 54 6.31941
120 55 6.31941
120 56 6.31941
120 57 6.31941
120 58 6.31941
120 59 6.31941
120 60 6.31941
120 61 6.31941
120 62 6.31941
120 63 6.31941
120 64 6.31941
120 65 6.31941
120 66 6.31941
120 67 6.31941
120 68 6.31941
120 69 6.31941
120 70 6.31941
120 71 6.31941
120 72 6.31941
120 73 6.31941
120 74 6.31941
120 75 6.31941
120 76 6.31941
120 77 6.31941
120 78 6.31941
120 79 6.31941
120 80 6.31941
120 81 6.31941
120 82 6.31941
120 83 6.31941
120 84 6.31941
120 85 6.31941
120 86 6.31941
120 87 6.31941
120 88 6.31941
120 89 6.31941
120 90 6.31941
120 91 6.31941
120 92 6.31941
120 93 6.31941
120 94 6.31941
120 95 6.31941
120 96 6.31941
120 97 6.31941
120 98 6.31941
120 99 6.31941
120 100 6.31941
120 101 6.31941
120 102 6.31941
120 103 6.31941
120 104 6.31941
120 105 6.31941
120 106 6.31941
120 107 6.31941
120 108 6.31941
120 109 6.31941
120 110 6.31941
120 111 6.31941
120 112 6.61056
120 113 6.61056
120 114 7.22084
120 115 7.22084
120 116 7.34075
120 117 7.34075
120 118 7.43445
120 119 7.61774
120 120 7.62202
120 121 7.64748
120 122 7.75891
120 123 7.78527
120 124 7.86225
120 125 7.99839
120 126 8.19172
120 127 8.21455
120 128 8.21467
120 129 8.21467
120 130 8.21937
120 131 8.34605
120 132 8.35118
120 133 8.44256
120 134 8.58095
120 135 8.60481
120 136 8.67426
120 137 9.00579
120 138 9.23569
120 139 9.27605
120 140 9.372
120 141 9.46674
120 142 9.5678
120 143 9.7564
120 144 9.8257
120 145 9.86205
120 146 10.1371
120 147 10.15
120 148 10.2084
120 149 10.2122
120 150 10.2263
120 151 10.307
120 152 10.3319
120 153 10.3354
120 154 10.4498
120 155 10.5064
120 156 10.6712
120 157 10.7356
120 158 10.7996
120 159 11.1119
120 160 11.1632
120 161 11.2294
120 162 11.2923
120 163 11.3528
120 164 11.3561
120 165 11.7144
120 166 11.7996
120 167 11.8953
120 168 11.9465
120 169 11.9809
120 170 12.4007
120 171 12.4276
120 172 12.6583
120 173 12.6684
120 174 12.7526
120 175 12.9941
120 176 13.0109
120 177 13.0715
120 178 13.1378
120 179 13.1467
120 180 13.2714
120 181 13.3541
120 182 13.3558
120 183 13.4802
120 184 13.5052
120 185 13.6146
120 186 13.7194
120 187 13.9531
120 188 13.9611
120 189 14.2005
120 190 14.4761
120 191 14.5031
120 192 14.9572
120 193 15.3128
120 194 15.6567
120 195 16.003
120 196 17.7768
120 197 17.9922
120 198 20.6684
120 199 24.6461
121 0 6.31941 1 15 2 24 30 23 29 17 4 11 31 5 27 25 28 18 6 16 34 20 32 33 9 7 3 22 26 13 12 10 19 14 21 8 1 
121 1 6.31941
121 2 6.31941
121 3 6.31941
121 4 6.31941
121 5 6.31941
121 6 6.31941
121 7 6.31941
121 8 6.31941
121 9 6.31941
121 10 6.31941
121 11 6.31941
121 12 6.31941
121 13 6.31941
121 14 6.31941
121 15 6.31941
121 16 6.31941
121 17 6.31941
121 18 6.31941
121 19 6.31941
121 20 6.31941
121 21 6.31941
121 22 6.31941
121 23 6.31941
121 24 6.31941
121 25 6.31941
121 26 6.31941
121 27 6.31941
121 28 6.31941
121 29 6.31941
121 30 6.31941
121 31 6.31941
121 32 6.31941
121 33 6.31941
121 34 6.31941
121 35 6.31941
121 36 6.31941
121 37 6.31941
121 38 6.31941
121 39 6.31941
121 40 6.31941
121 41 6.31941
121 42 6.31941
121 43 6.31941
121 44 6.31941
121 45 6.31941
121 46 6.31941
121 47 6.31941
121 48 6.31941
121 49 6.31941
121 50 6.31941
121 51 6.31941
121 52 6.31941
121 53 6.31941
121 54 6.31941
121 55 6.31941
121 56 6.31941
121 57 6.31941
121 58 6.31941
121 59 6.31941
121 60 6.31941
121 61 6.31941
121 62 6.31941
121 63 6.31941
121 64 6.31941
121 65 6.31941
121 66 6.31941
121 67 6.31941
121 68 6.31941
121 69 6.31941
121 70 6.31941
121 71 6.31941
121 72 6.31941
121 73 6.31941
121 74 6.31941
121 75 6.31941
121 76 6.31941
121 77 6.31941
121 78 6.31941
121 79 6.31941
121 80 6.31941
121 81 6.31941
121 82 6.31941
121 83 6.31941
121 84 6.31941
121 85 6.31941
121 86 6.31941
121 87 6.31941
121 88 6.31941
121 89 6.31941
121 90 6.31941
121 91 6.31941
121 92 6.31941
121 93 6.31941
121 94 6.31941
121 95 6.31941
121 96 6.31941
121 97 6.31941
121 98 6.31941
121 99 6.31941
121 100 6.31941
121 101 6.31941
121 102 6.31941
121 103 6.58441
121 104 6.61056
121 105 6.6523
121 106 6.88429
121 107 7.10443
121 108 7.11983
121 109 7.121
121 110 7.21627
121 111 7.43031
121 112 7.43445
121 113 7.43445
121 114 7.47498
121 115 7.60272
121 116 7.67193
121 117 7.83548
121 118 7.87383
121 119 7.91706
121 120 8.19172
121 121 8.39169
121 122 8.40534
121 123 8.41023
121 124 8.44256
121 125 8.92873
121 126 9.00579
121 127 9.1844
121 128 9.19347
121 129 9.55095
121 130 9.57971
121 131 9.62467
121 132 9.70112
121 133 9.81097
121 134 9.88547
121 135 9.89848
121 136 10.0084
121 137 10.1339
121 138 10.1627
121 139 10.1792
121 140 10.1836
121 141 10.3319
121 142 10.4498
121 143 10.5064
121 144 10.575
121 145 10.7016
121 146 10.745
121 147 10.7682
121 148 10.9525
121 149 11.0371
121 150 11.0616
121 151 11.0625
121 152 11.0662
121 153 11.0746
121 154 11.208
121 155 11.2184
121 156 11.2923
121 157 11.3342
121 158 11.3551
121 159 11.5288
121 160 11.6243
121 161 11.6645
121 162 11.9465
121 163 11.9809
121 164 12.0133
121 165 12.164
121 166 12.1843
121 167 12.4007
121 168 12.4293
121 169 12.4409
121 170 12.7756
121 171 13.0307
121 172 13.1366
121 173 13.1754
121 174 13.1774
121 175 13.234
121 176 13.2431
121 177 13.3088
121 178 13.3847
121 179 13.3889
121 180 13.4873
121 181 13.5052
121 182 13.6554
121 183 13.6703
121 184 13.7036
121 185 13.7038
121 186 13.7185
121 187 14.4457
121 188 14.4761
121 189 14.958
121 190 15.6567
121 191 15.7469
121 192 16.6153
121 193 16.7621
121 194 16.8589
121 195 17.0504
121 196 17.7768
121 197 18.3984
121 198 21.3562
121 199 24.1026
122 0 6.24306 1 15 2 24 23 30 29 17 4 11 31 5 27 25 28 18 6 16 34 20 32 33 9 7 3 22 26 13 12 10 19 14 21 8 1 
122 1 6.31941
122 2 6.31941
122 3 6.31941
122 4 6.31941
122 5 6.31941
122 6 6.31941
122 7 6.31941
122 8 6.31941
122 9 6.31941
122 10 6.31941
122 11 6.31941
122 12 6.31941
122 13 6.31941
122 14 6.31941
122 15 6.31941
122 16 6.31941
122 17 6.31941
122 18 6.31941
122 19 6.31941
122 20 6.31941
122 21 6.31941
122 22 6.31941
122 23 6.31941
122 24 6.31941
122 25 6.31941
122 26 6.31941
122 27 6.31941
122 28 6.31941
122 29 6.31941
122 30 6.31941
122 31 6.31941
122 32 6.31941
122 33 6.31941
122 34 6.31941
122 35 6.31941
122 36 6.31941
122 37 6.31941
122 38 6.31941
122 39 6.31941
122 40 6.31941
122 41 6.31941
122 42 6.31941
122 43 6.31941
122 44 6.31941
122 45 6.31941
122 46 6.31941
122 47 6.31941
122 48 6.31941
122 49 6.31941
122 50 6.31941
122 51 6.31941
122 52 6.31941
122 53 6.31941
122 54 6.31941
122 55 6.31941
122 56 6.31941
122 57 6.31941
122 58 6.31941
122 59 6.31941
122 60 6.31941
122 61 6.31941
122 62 6.31941
122 63 6.31941
122 64 6.31941
122 65 6.31941
122 66 6.31941
122 67 6.31941
122 68 6.31941
122 69 6.31941
122 70 6.31941
122 71 6.31941
122 72 6.31941
122 73 6.31941
122 74 6.31941
122 75 6.31941
122 76 6.31941
122 77 6.31941
122 78 6.31941
122 79 6.31941
122 80 6.31941
122 81 6.31941
122 82 6.31941
122 83 6.31941
122 84 6.31941
122 85 6.31941
122 86 6.31941
122 87 6.31941
122 88 6.31941
122 89 6.31941
122 90 6.31941
122 91 6.31941
122 92 6.31941
122 93 6.31941
122 94 6.31941
122 95 6.31941
122 96 6.31941
122 97 6.31941
122 98 6.31941
122 99 6.31941
122 100 6.31941
122 101 6.31941
122 102 6.31941
122 103 6.35347
122 104 6.58441
122 105 6.61056
122 106 6.92639
122 107 6.93299
122 108 6.97294
122 109 7.10443
122 110 7.14326
122 111 7.21627
122 112 7.29485
122 113 7.43982
122 114 7.59241
122 115 7.59241
122 116 7.60272
122 117 7.72958
122 118 7.76124
122 119 7.83548
122 120 7.92187
122 121 7.99839
122 122 8.17137
122 123 8.37496
122 124 8.39169
122 125 8.41023
122 126 8.44256
122 127 8.57378
122 128 9.02022
122 129 9.07806
122 130 9.12564
122 131 9.24495
122 132 9.47829
122 133 9.49935
122 134 9.57971
122 135 9.61545
122 136 9.65097
122 137 9.68838
122 138 9.69142
122 139 9.75134
122 140 9.7767
122 141 9.7851
122 142 9.83834
122 143 9.87018
122 144 9.9728
122 145 9.98099
122 146 10.0084
122 147 10.0866
122 148 10.1339
122 149 10.149
122 150 10.1836
122 151 10.2894
122 152 10.4647
122 153 10.5704
122 154 10.5812
122 155 10.6943
122 156 10.8456
122 157 10.8542
122 158 10.9662
122 159 11.0662
122 160 11.0662
122 161 11.2281
122 162 11.4002
122 163 11.6243
122 164 12.0992
122 165 12.1082
122 166 12.4489
122 167 12.6585
122 168 12.8046
122 169 12.8071
122 170 13.0286
122 171 13.0592
122 172 13.1535
122 173 13.1545
122 174 13.2342
122 175 13.24
122 176 13.2827
122 177 13.3551
122 178 13.4873
122 179 13.5618
122 180 13.7655
122 181 13.8498
122 182 14.2052
122 183 14.4457
122 184 14.6568
122 185 14.7392
122 186 14.9505
122 187 15.056
122 188 15.2473
122 189 15.832
122 190 16.0414
122 191 16.159
122 192 16.2292
122 193 16.8862
122 194 17.0504
122 195 17.7131
122 196 18.1652
122 197 19.5464
122 198 20.4775
122 199 28.3875
123 0 6.24306 1 15 2 24 23 30 29 17 4 11 31 5 27 25 28 18 6 16 34 20 32 33 9 7 3 22 26 13 12 10 19 14 21 8 1 
123 1 6.24306
123 2 6.24306
123 3 6.24306
123 4 6.24306
123 5 6.24306
123 6 6.24306
123 7 6.24306
123 8 6.24306
123 9 6.24306
123 10 6.24306
123 11 6.24306
123 12 6.24306
123 13 6.24306
123 14 6.24306
123 15 6.24306
123 16 6.24306
123 17 6.24306
123 18 6.24306
123 19 6.24306
123 20 6.24306
123 21 6.31941
123 22 6.31941
123 23 6.31941
123 24 6.31941
123 25 6.31941
123 26 6.31941
123 27 6.31941
123 28 6.31941
123 29 6.31941
123 30 6.31941
123 31 6.31941
123 32 6.31941
123 33 6.31941
123 34 6.31941
123 35 6.31941
123 36 6.31941
123 37 6.31941
123 38 6.31941
123 39 6.31941
123 40 6.31941
123 41 6.31941
123 42 6.31941
123 43 6.31941
123 44 6.31941
123 45 6.31941
123 46 6.31941
123 47 6.31941
123 48 6.31941
123 49 6.31941
123 50 6.31941
123 51 6.31941
123 52 6.31941
123 53 6.31941
123 54 6.31941
123 55 6.31941
123 56 6.31941
123 57 6.31941
123 58 6.31941
123 59 6.31941
123 60 6.31941
123 61 6.31941
123 62 6.31941
123 63 6.31941
123 64 6.31941
123 65 6.31941
123 66 6.31941
123 67 6.31941
123 68 6.31941
123 69 6.31941
123 70 6.31941
123 71 6.31941
123 72 6.31941
123 73 6.31941
123 74 6.31941
123 75 6.31941
123 76 6.31941
123 77 6.31941
123 78 6.31941
123 79 6.31941
123 80 6.31941
123 81 6.31941
123 82 6.31941
123 83 6.31941
123 84 6.31941
123 85 6.31941
123 86 6.31941
123 87 6.31941
123 88 6.31941
123 89 6.31941
123 90 6.31941
123 91 6.31941
123 92 6.31941
123 93 6.31941
123 94 6.31941
123 95 6.31941
123 96 6.31941
123 97 6.31941
123 98 6.31941
123 99 6.3393
123 100 6.35347
123 101 6.58402
123 102 6.58441
123 103 6.58441
123 104 6.74873
123 105 6.87066
123 106 6.89489
123 107 7.04492
123 108 7.121
123 109 7.12581
123 110 7.21627
123 111 7.39596
123 112 7.42539
123 113 7.59241
123 114 7.60272
123 115 7.65201
123 116 8.09992
123 117 8.17137
123 118 8.21455
123 119 8.28554
123 120 8.39169
123 121 8.44256
123 122 8.50044
123 123 8.828
123 124 8.86175
123 125 9.02022
123 126 9.03594
123 127 9.17286
123 128 9.27265
123 129 9.2998
123 130 9.36556
123 131 9.43728
123 132 9.49105
123 133 9.49669
123 134 9.57541
123 135 9.66451
123 136 9.6646
123 137 9.66818
123 138 9.68473
123 139 9.71581
123 140 9.7767
123 141 9.7767
123 142 9.97841
123 143 9.98297
123 144 9.98576
123 145 10.2561
123 146 10.2594
123 147 10.2997
123 148 10.3095
123 149 10.3268
123 150 10.4331
123 151 10.5325
123 152 10.7229
123 153 10.8456
123 154 10.882
123 155 11.0109
123 156 11.1853
123 157 11.3218
123 158 11.3342
123 159 11.4566
123 160 11.6162
123 161 11.6243
123 162 11.6243
123 163 11.8189
123 164 12.4583
123 165 12.5543
123 166 12.5733
123 167 12.6471
123 168 12.8046
123 169 12.8365
123 170 13.0812
123 171 13.11
123 172 13.1882
123 173 13.2237
123 174 13.276
123 175 13.3551
123 176 13.387
123 177 13.6146
123 178 13.6988
123 179 13.7185
123 180 13.7506
123 181 13.7655
123 182 13.7655
123 183 13.9539
123 184 14.0251
123 185 14.2001
123 186 14.2242
123 187 14.4457
123 188 14.9188
123 189 15.0872
123 190 15.1226
123 191 15.832
123 192 15.8458
123 193 16.4651
123 194 16.5094
123 195 18.9341
123 196 19.041
123 197 19.5464
123 198 19.9301
123 199 22.9373
124 0 6.24306 1 15 2 24 23 30 29 17 4 11 31 5 27 25 28 18 6 16 34 20 32 33 9 7 3 22 26 13 12 10 19 14 21 8 1 
124 1 6.24306
124 2 6.24306
124 3 6.24306
124 4 6.24306
124 5 6.24306
124 6 6.24306
124 7 6.24306
124 8 6.24306
124 9 6.24306
124 10 6.24306
124 11 6.24306
124 12 6.24306
124 13 6.24306
124 14 6.24306
124 15 6.24306
124 16 6.24306
124 17 6.24306
124 18 6.24306
124 19 6.24306
124 20 6.24306
124 21 6.24306
124 22 6.24306
124 23 6.24306
124 24 6.24306
124 25 6.24306
124 26 6.24306
124 27 6.24306
124 28 6.24306
124 29 6.24306
124 30 6.24306
124 31 6.24306
124 32 6.24306
124 33 6.24306
124 34 6.24306
124 35 6.24306
124 36 6.24306
124 37 6.24306
124 38 6.24306
124 39 6.24306
124 40 6.24306
124 41 6.24306
124 42 6.24306
124 43 6.24306
124 44 6.24306
124 45 6.24306
124 46 6.24306
124 47 6.24306
124 48 6.24306
124 49 6.24306
124 50 6.24306
124 51 6.24306
124 52 6.24306
124 53 6.24306
124 54 6.24306
124 55 6.24306
124 56 6.24306
124 57 6.24306
124 58 6.24306
124 59 6.24306
124 60 6.24306
124 61 6.24306
124 62 6.24306
124 63 6.24306
124 64 6.24306
124 65 6.24306
124 66 6.27711
124 67 6.28949
124 68 6.31941
124 69 6.31941
124 70 6.31941
124 71 6.31941
124 72 6.31941
124 73 6.31941
124 74 6.31941
124 75 6.31941
124 76 6.31941
124 77 6.31941
124 78 6.31941
124 79 6.31941
124 80 6.31941
124 81 6.31941
124 82 6.31941
124 83 6.31941
124 84 6.31941
124 85 6.31941
124 86 6.31941
124 87 6.31941
124 88 6.31941
124 89 6.31941
124 90 6.31941
124 91 6.31941
124 92 6.31941
124 93 6.31941
124 94 6.31941
124 95 6.31941
124 96 6.31941
124 97 6.31941
124 98 6.31941
124 99 6.31941
124 100 6.31941
124 101 6.31941
124 102 6.31941
124 103 6.31941
124 104 6.31941
124 105 6.35347
124 106 6.35347
124 107 6.50806
124 108 6.67237
124 109 6.80793
124 110 6.88457
124 111 6.89489
124 112 7.121
124 113 7.21627
124 114 7.26004
124 115 7.33283
124 116 7.57539
124 117 7.60272
124 118 7.90827
124 119 8.19003
124 120 8.28554
124 121 8.44256
124 122 8.47808
124 123 8.57304
124 124 8.59955
124 125 8.88141
124 126 8.92049
124 127 8.92049
124 128 9.01244
124 129 9.07748
124 130 9.13011
124 131 9.21467
124 132 9.35002
124 133 9.47955
124 134 9.49105
124 135 9.49105
124 136 9.49144
124 137 9.49669
124 138 9.53745
124 139 9.54397
124 140 9.56862
124 141 9.59182
124 142 9.63261
124 143 9.7767
124 144 9.84703
124 145 9.89546
124 146 9.91815
124 147 9.91973
124 148 9.98065
124 149 9.98297
124 150 10.0607
124 151 10.27
124 152 10.278
124 153 10.4323
124 154 10.4498
124 155 10.575
124 156 10.6274
124 157 10.8122
124 158 10.9561
124 159 11.025
124 160 11.0505
124 161 11.064
124 162 11.4554
124 163 11.476
124 164 11.5875
124 165 11.6448
124 166 11.8685
124 167 12.1548
124 168 12.2233
124 169 12.245
124 170 12.3877
124 171 12.4147
124 172 12.4596
124 173 12.6174
124 174 12.8365
124 175 12.8605
124 176 12.996
124 177 13.0074
124 178 13.0286
124 179 13.0443
124 180 13.0495
124 181 13.0812
124 182 13.0864
124 183 13.2237
124 184 13.4344
124 185 13.508
124 186 13.5723
124 187 13.7206
124 188 13.721
124 189 13.7612
124 190 13.8076
124 191 13.8225
124 192 14.0093
124 193 14.0251
124 194 14.1408
124 195 14.5167
124 196 14.9261
124 197 14.9969
124 198 18.9639
124 199 20.0932
125 0 6.24306 1 15 2 24 23 30 29 17 4 11 31 5 27 25 28 18 6 16 34 20 32 33 9 7 3 22 26 13 12 10 19 14 21 8 1 
125 1 6.24306
125 2 6.24306
125 3 6.24306
125 4 6.24306
125 5 6.24306
125 6 6.24306
125 7 6.24306
125 8 6.24306
125 9 6.24306
125 10 6.24306
125 11 6.24306
125 12 6.24306
125 13 6.24306
125 14 6.24306
125 15 6.24306
125 16 6.24306
125 17 6.24306
125 18 6.24306
125 19 6.24306
125 20 6.24306
125 21 6.24306
125 22 6.24306
125 23 6.24306
125 24 6.24306
125 25 6.24306
125 26 6.24306
125 27 6.24306
125 28 6.24306
125 29 6.24306
125 30 6.24306
125 31 6.24306
125 32 6.24306
125 33 6.24306
125 34 6.24306
125 35 6.24306
125 36 6.24306
125 37 6.24306
125 38 6.24306
125 39 6.24306
125 40 6.24306
125 41 6.24306
125 42 6.24306
125 43 6.24306
125 44 6.24306
125 45 6.24306
125 46 6.24306
125 47 6.24306
125 48 6.24306
125 49 6.24306
125 50 6.24306
125 51 6.24306
125 52 6.24306
125 53 6.24306
125 54 6.24306
125 55 6.24306
125 56 6.24306
125 57 6.24306
125 58 6.24306
125 59 6.24306
125 60 6.24306
125 61 6.24306
125 62 6.24306
125 63 6.24306
125 64 6.24306
125 65 6.24306
125 66 6.24306
125 67 6.24306
125 68 6.24306
125 69 6.24306
125 70 6.24306
125 71 6.24306
125 72 6.24306
125 73 6.24306
125 74 6.24306
125 75 6.24306
125 76 6.24306
125 77 6.24306
125 78 6.24306
125 79 6.24306
125 80 6.24306
125 81 6.24306
125 82 6.24306
125 83 6.24306
125 84 6.24306
125 85 6.24306
125 86 6.24306
125 87 6.24306
125 88 6.27711
125 89 6.31941
125 90 6.31941
125 91 6.31941
125 92 6.31941
125 93 6.31941
125 94 6.31941
125 95 6.31941
125 96 6.31941
125 97 6.31941
125 98 6.31941
125 99 6.31941
125 100 6.31941
125 101 6.31941
125 102 6.31941
125 103 6.31941
125 104 6.35347
125 105 6.35347
125 106 6.35347
125 107 6.50766
125 108 6.50806
125 109 6.58441
125 110 6.69684
125 111 7.05621
125 112 7.121
125 113 7.12581
125 114 7.14152
125 115 7.26076
125 116 7.26425
125 117 7.90092
125 118 8.11367
125 119 8.14941
125 120 8.30964
125 121 8.37452
125 122 8.46968
125 123 8.51226
125 124 8.59955
125 125 8.59955
125 126 8.64076
125 127 8.6646
125 128 8.84838
125 129 8.8933
125 130 8.92049
125 131 9.02528
125 132 9.11876
125 133 9.21467
125 134 9.29556
125 135 9.40073
125 136 9.41602
125 137 9.42786
125 138 9.4297
125 139 9.43015
125 140 9.49669
125 141 9.54397
125 142 9.55058
125 143 9.63261
125 144 9.64501
125 145 9.83725
125 146 9.91749
125 147 9.92661
125 148 9.9883
125 149 10.0271
125 150 10.1106
125 151 10.1981
125 152 10.3591
125 153 10.4323
125 154 10.4384
125 155 10.4737
125 156 10.4905
125 157 10.5025
125 158 10.6122
125 159 10.705
125 160 10.837
125 161 10.8536
125 162 10.9985
125 163 11.1624
125 164 11.2527
125 165 11.4773
125 166 11.69
125 167 11.8685
125 168 11.887
125 169 12.0273
125 170 12.122
125 171 12.3651
125 172 12.3877
125 173 12.4147
125 174 12.5047
125 175 12.6384
125 176 12.745
125 177 12.8999
125 178 12.9384
125 179 12.996
125 180 13.0079
125 181 13.052
125 182 13.285
125 183 13.3366
125 184 13.5631
125 185 13.5759
125 186 13.6684
125 187 13.6961
125 188 13.7612
125 189 13.7649
125 190 13.8102
125 191 14.5167
125 192 14.5846
125 193 14.8509
125 194 15.0517
125 195 15.4634
125 196 17.7527
125 197 18.0041
125 198 18.9468
125 199 20.2637
126 0 6.24306 1 15 2 24 23 30 29 17 4 11 31 5 27 25 28 18 6 16 34 20 32 33 9 7 3 22 26 13 12 10 19 14 21 8 1 
126 1 6.24306
126 2 6.24306
126 3 6.24306
126 4 6.24306
126 5 6.24306
126 6 6.24306
126 7 6.24306
126 8 6.24306
126 9 6.24306
126 10 6.24306
126 11 6.24306
126 12 6.24306
126 13 6.24306
126 14 6.24306
126 15 6.24306
126 16 6.24306
126 17 6.24306
126 18 6.24306
126 19 6.24306
126 20 6.24306
126 21 6.24306
126 22 6.24306
126 23 6.24306
126 24 6.24306
126 25 6.24306
126 26 6.24306
126 27 6.24306
126 28 6.24306
126 29 6.24306
126 30 6.24306
126 31 6.24306
126 32 6.24306
126 33 6.24306
126 34 6.24306
126 35 6.24306
126 36 6.24306
126 37 6.24306
126 38 6.24306
126 39 6.24306
126 40 6.24306
126 41 6.24306
126 42 6.24306
126 43 6.24306
126 44 6.24306
126 45 6.24306
126 46 6.24306
126 47 6.24306
126 48 6.24306
126 49 6.24306
126 50 6.24306
126 51 6.24306
126 52 6.24306
126 53 6.24306
126 54 6.24306
126 55 6.24306
126 56 6.24306
126 57 6.24306
126 58 6.24306
126 59 6.24306
126 60 6.24306
126 61 6.24306
126 62 6.24306
126 63 6.24306
126 64 6.24306
126 65 6.24306
126 66 6.24306
126 67 6.24306
126 68 6.24306
126 69 6.24306
126 70 6.24306
126 71 6.24306
126 72 6.24306
126 73 6.24306
126 74 6.24306
126 75 6.24306
126 76 6.24306
126 77 6.24306
126 78 6.24306
126 79 6.24306
126 80 6.24306
126 81 6.24306
126 82 6.24306
126 83 6.24306
126 84 6.24306
126 85 6.24306
126 86 6.24306
126 87 6.24306
126 88 6.24306
126 89 6.24306
126 90 6.24306
126 91 6.24306
126 92 6.24306
126 93 6.24306
126 94 6.24306
126 95 6.24306
126 96 6.27711
126 97 6.31941
126 98 6.31941
126 99 6.31941
126 100 6.31941
126 101 6.31941
126 102 6.31941
126 103 6.31941
126 104 6.35347
126 105 6.35347
126 106 6.43332
126 107 6.4764
126 108 6.50806
126 109 6.69684
126 110 6.70561
126 111 6.73772
126 112 6.8843
126 113 7.04464
126 114 7.05621
126 115 7.14152
126 116 7.26076
126 117 7.27306
126 118 7.75067
126 119 7.90092
126 120 7.91664
126 121 7.92187
126 122 8.07915
126 123 8.11367
126 124 8.25649
126 125 8.39333
126 126 8.62747
126 127 8.81761
126 128 8.82136
126 129 8.89187
126 130 8.94386
126 131 8.99934
126 132 9.02413
126 133 9.10839
126 134 9.40073
126 135 9.41602
126 136 9.41602
126 137 9.42786
126 138 9.64501
126 139 9.64501
126 140 9.81059
126 141 9.84113
126 142 9.86817
126 143 9.9028
126 144 9.9061
126 145 9.92661
126 146 9.96143
126 147 10.0271
126 148 10.1106
126 149 10.2122
126 150 10.2545
126 151 10.2707
126 152 10.3591
126 153 10.3967
126 154 10.5195
126 155 10.7313
126 156 10.7501
126 157 10.7735
126 158 10.8536
126 159 10.9843
126 160 11.03
126 161 11.2647
126 162 11.3834
126 163 11.3917
126 164 11.4773
126 165 11.6032
126 166 11.6581
126 167 11.755
126 168 11.7676
126 169 11.887
126 170 12.1116
126 171 12.147
126 172 12.2911
126 173 12.6251
126 174 12.7023
126 175 12.7497
126 176 12.9116
126 177 12.996
126 178 12.996
126 179 13.0237
126 180 13.166
126 181 13.1703
126 182 13.2632
126 183 13.3423
126 184 13.4807
126 185 14.4966
126 186 14.5167
126 187 14.6653
126 188 14.7642
126 189 14.8268
126 190 15.4483
126 191 15.7502
126 192 15.7662
126 193 16.2452
126 194 16.6596
126 195 16.8869
126 196 17.6252
126 197 19.23
126 198 19.4268
126 199 20.2195
127 0 6.24306 1 15 2 24 23 30 29 17 4 11 31 5 27 25 28 18 6 16 34 20 32 33 9 7 3 22 26 13 12 10 19 14 21 8 1 
127 1 6.24306
127 2 6.24306
127 3 6.24306
127 4 6.24306
127 5 6.24306
127 6 6.24306
127 7 6.24306
127 8 6.24306
127 9 6.24306
127 10 6.24306
127 11 6.24306
127 12 6.24306
127 13 6.24306
127 14 6.24306
127 15 6.24306
127 16 6.24306
127 17 6.24306
127 18 6.24306
127 19 6.24306
127 20 6.24306
127 21 6.24306
127 22 6.24306
127 23 6.24306
127 24 6.24306
127 25 6.24306
127 26 6.24306
127 27 6.24306
127 28 6.24306
127 29 6.24306
127 30 6.24306
127 31 6.24306
127 32 6.24306
127 33 6.24306
127 34 6.24306
127 35 6.24306
127 36 6.24306
127 37 6.24306
127 38 6.24306
127 39 6.24306
127 40 6.24306
127 41 6.24306
127 42 6.24306
127 43 6.24306
127 44 6.24306
127 45 6.24306
127 46 6.24306
127 47 6.24306
127 48 6.24306
127 49 6.24306
127 50 6.24306
127 51 6.24306
127 52 6.24306
127 53 6.24306
127 54 6.24306
127 55 6.24306
127 56 6.24306
127 57 6.24306
127 58 6.24306
127 59 6.24306
127 60 6.24306
127 61 6.24306
127 62 6.24306
127 63 6.24306
127 64 6.24306
127 65 6.24306
127 66 6.24306
127 67 6.24306
127 68 6.24306
127 69 6.24306
127 70 6.24306
127 71 6.24306
127 72 6.24306
127 73 6.24306
127 74 6.24306
127 75 6.24306
127 76 6.24306
127 77 6.24306
127 78 6.24306
127 79 6.24306
127 80 6.24306
127 81 6.24306
127 82 6.24306
127 83 6.24306
127 84 6.24306
127 85 6.24306
127 86 6.24306
127 87 6.24306
127 88 6.24306
127 89 6.24306
127 90 6.24306
127 91 6.24306
127 92 6.24306
127 93 6.24306
127 94 6.24306
127 95 6.24306
127 96 6.24306
127 97 6.24306
127 98 6.24306
127 99 6.24306
127 100 6.24306
127 101 6.24306
127 102 6.24306
127 103 6.24306
127 104 6.24306
127 105 6.24306
127 106 6.24306
127 107 6.25595
127 108 6.26484
127 109 6.27711
127 110 6.31941
127 111 6.31941
127 112 6.31941
127 113 6.31941
127 114 6.31941
127 115 6.31941
127 116 6.31941
127 117 6.50801
127 118 6.50806
127 119 7.27017
127 120 7.75067
127 121 7.75913
127 122 8.07915
127 123 8.07915
127 124 8.25649
127 125 8.25649
127 126 8.25681
127 127 8.34783
127 128 8.61601
127 129 8.71757
127 130 8.99934
127 131 9.0058
127 132 9.02413
127 133 9.16557
127 134 9.22868
127 135 9.29556
127 136 9.31258
127 137 9.40073
127 138 9.60866
127 139 9.63716
127 140 9.65012
127 141 9.70008
127 142 9.74871
127 143 9.93935
127 144 10.0375
127 145 10.0726
127 146 10.1262
127 147 10.1341
127 148 10.2244
127 149 10.2306
127 150 10.3735
127 151 10.3892
127 152 10.4323
127 153 10.4342
127 154 10.4415
127 155 10.7993
127 156 10.7993
127 157 10.884
127 158 10.8914
127 159 10.9243
127 160 11.1316
127 161 11.5331
127 162 11.8909
127 163 12.0937
127 164 12.1736
127 165 12.3303
127 166 12.3881
127 167 12.5121
127 168 12.5226
127 169 12.6382
127 170 12.7023
127 171 12.7867
127 172 13.018
127 173 13.1043
127 174 13.1598
127 175 13.166
127 176 13.1757
127 177 13.333
127 178 13.3558
127 179 13.3729
127 180 13.4935
127 181 13.4958
127 182 13.5314
127 183 13.5382
127 184 13.5734
127 185 13.5759
127 186 13.7754
127 187 14.081
127 188 14.2533
127 189 14.3335
127 190 14.8268
127 191 15.0995
127 192 15.2288
127 193 16.2805
127 194 16.6483
127 195 16.7636
127 196 16.7991
127 197 16.9426
127 198 17.448
127 199 17.8068
128 0 6.24306 1 15 2 24 23 30 29 17 4 11 31 5 27 25 28 18 6 16 34 20 32 33 9 7 3 22 26 13 12 10 19 14 21 8 1 
128 1 6.24306
128 2 6.24306
128 3 6.24306
128 4 6.24306
128 5 6.24306
128 6 6.24306
128 7 6.24306
128 8 6.24306
128 9 6.24306
128 10 6.24306
128 11 6.24306
128 12 6.24306
128 13 6.24306
128 14 6.24306
128 15 6.24306
128 16 6.24306
128 17 6.24306
128 18 6.24306
128 19 6.24306
128 20 6.24306
128 21 6.24306
128 22 6.24306
128 23 6.24306
128 24 6.24306
128 25 6.24306
128 26 6.24306
128 27 6.24306
128 28 6.24306
128 29 6.24306
128 30 6.24306
128 31 6.24306
128 32 6.24306
128 33 6.24306
128 34 6.24306
128 35 6.24306
128 36 6.24306
128 37 6.24306
128 38 6.24306
128 39 6.24306
128 40 6.24306
128 41 6.24306
128 42 6.24306
128 43 6.24306
128 44 6.24306
128 45 6.24306
128 46 6.24306
128 47 6.24306
128 48 6.24306
128 49 6.24306
128 50 6.24306
128 51 6.24306
128 52 6.24306
128 53 6.24306
128 54 6.24306
128 55 6.24306
128 56 6.24306
128 57 6.24306
128 58 6.24306
128 59 6.24306
128 60 6.24306
128 61 6.24306
128 62 6.24306
128 63 6.24306
128 64 6.24306
128 65 6.24306
128 66 6.24306
128 67 6.24306
128 68 6.24306
128 69 6.24306
128 70 6.24306
128 71 6.24306
128 72 6.24306
128 73 6.24306
128 74 6.24306
128 75 6.24306
128 76 6.24306
128 77 6.24306
128 78 6.24306
128 79 6.24306
128 80 6.24306
128 81 6.24306
128 82 6.24306
128 83 6.24306
128 84 6.24306
128 85 6.24306
128 86 6.24306
128 87 6.24306
128 88 6.24306
128 89 6.24306
128 90 6.24306
128 91 6.24306
128 92 6.24306
128 93 6.24306
128 94 6.24306
128 95 6.24306
128 96 6.24306
128 97 6.24306
128 98 6.24306
128 99 6.24306
128 100 6.24306
128 101 6.24306
128 102 6.24306
128 103 6.27711
128 104 6.27711
128 105 6.28949
128 106 6.28949
128 107 6.31941
128 108 6.31941
128 109 6.50806
128 110 7.04347
128 111 7.04464
128 112 7.06671
128 113 7.22331
128 114 7.32543
128 115 8.06724
128 116 8.18323
128 117 8.25649
128 118 8.42508
128 119 8.61007
128 120 8.64592
128 121 8.6599
128 122 8.73586
128 123 8.76326
128 124 8.85449
128 125 8.85843
128 126 8.94892
128 127 8.99934
128 128 9.02413
128 129 9.16557
128 130 9.29556
128 131 9.29556
128 132 9.44314
128 133 9.45213
128 134 9.48638
128 135 9.65012
128 136 9.76198
128 137 9.80246
128 138 9.80316
128 139 9.81293
128 140 9.87289
128 141 10.0322
128 142 10.0811
128 143 10.1262
128 144 10.1877
128 145 10.2306
128 146 10.3735
128 147 10.3892
128 148 10.3933
128 149 10.4323
128 150 10.4366
128 151 10.5512
128 152 10.5746
128 153 10.5819
128 154 10.6575
128 155 10.6651
128 156 10.7993
128 157 10.7993
128 158 10.8056
128 159 10.8553
128 160 10.8783
128 161 10.9243
128 162 11.2342
128 163 11.3054
128 164 11.3685
128 165 11.5007
128 166 11.8909
128 167 11.9369
128 168 12.4867
128 169 12.5877
128 170 12.6698
128 171 12.8271
128 172 12.8495
128 173 12.9876
128 174 12.9938
128 175 13.0864
128 176 13.1509
128 177 13.166
128 178 13.1757
128 179 13.1815
128 180 13.1863
128 181 13.304
128 182 13.3312
128 183 13.3335
128 184 13.3844
128 185 13.4143
128 186 13.4787
128 187 13.5759
128 188 13.6279
128 189 13.6674
128 190 13.7324
128 191 13.7517
128 192 14.3335
128 193 14.6961
128 194 14.7413
128 195 15.0761
128 196 15.4842
128 197 15.6322
128 198 17.8925
128 199 20.4309
129 0 6.24306 1 15 2 24 23 30 29 17 4 11 31 5 27 25 28 18 6 16 34 20 32 33 9 7 3 22 26 13 12 10 19 14 21 8 1 
129 1 6.24306
129 2 6.24306
129 3 6.24306
129 4 6.24306
129 5 6.24306
129 6 6.24306
129 7 6.24306
129 8 6.24306
129 9 6.24306
129 10 6.24306
129 11 6.24306
129 12 6.24306
129 13 6.24306
129 14 6.24306
129 15 6.24306
129 16 6.24306
129 17 6.24306
129 18 6.24306
129 19 6.24306
129 20 6.24306
129 21 6.24306
129 22 6.24306
129 23 6.24306
129 24 6.24306
129 25 6.24306
129 26 6.24306
129 27 6.24306
129 28 6.24306
129 29 6.24306
129 30 6.24306
129 31 6.24306
129 32 6.24306
129 33 6.24306
129 34 6.24306
129 35 6.24306
129 36 6.24306
129 37 6.24306
129 38 6.24306
129 39 6.24306
129 40 6.24306
129 41 6.24306
129 42 6.24306
129 43 6.24306
129 44 6.24306
129 45 6.24306
129 46 6.24306
129 47 6.24306
129 48 6.24306
129 49 6.24306
129 50 6.24306
129 51 6.24306
129 52 6.24306
129 53 6.24306
129 54 6.24306
129 55 6.24306
129 56 6.24306
129 57 6.24306
129 58 6.24306
129 59 6.24306
129 60 6.24306
129 61 6.24306
129 62 6.24306
129 63 6.24306
129 64 6.24306
129 65 6.24306
129 66 6.24306
129 67 6.24306
129 68 6.24306
129 69 6.24306
129 70 6.24306
129 71 6.24306
129 72 6.24306
129 73 6.24306
129 74 6.24306
129 75 6.24306
129 76 6.24306
129 77 6.24306
129 78 6.24306
129 79 6.24306
129 80 6.24306
129 81 6.24306
129 82 6.24306
129 83 6.24306
129 84 6.24306
129 85 6.24306
129 86 6.24306
129 87 6.24306
129 88 6.24306
129 89 6.24306
129 90 6.24306
129 91 6.24306
129 92 6.24306
129 93 6.24306
129 94 6.24306
129 95 6.24306
129 96 6.24306
129 97 6.24306
129 98 6.24306
129 99 6.26052
129 100 6.26294
129 101 6.26294
129 102 6.50806
129 103 6.50806
129 104 6.50806
129 105 6.50806
129 106 7.04464
129 107 7.04492
129 108 7.21759
129 109 7.32543
129 110 7.32543
129 111 7.39081
129 112 7.51354
129 113 8.1061
129 114 8.42508
129 115 8.46634
129 116 8.72327
129 117 8.85449
129 118 8.85449
129 119 8.9338
129 120 8.9441
129 121 8.99934
129 122 8.99934
129 123 9.01458
129 124 9.16557
129 125 9.16952
129 126 9.28929
129 127 9.29556
129 128 9.33968
129 129 9.35309
129 130 9.40902
129 131 9.41399
129 132 9.43948
129 133 9.5573
129 134 9.63427
129 135 9.76807
129 136 9.85056
129 137 9.87289
129 138 9.91301
129 139 9.94085
129 140 9.94354
129 141 10.0322
129 142 10.1341
129 143 10.2306
129 144 10.2556
129 145 10.2814
129 146 10.3892
129 147 10.4243
129 148 10.5512
129 149 10.5512
129 150 10.6727
129 151 10.7673
129 152 10.7993
129 153 10.8378
129 154 11.081
129 155 11.248
129 156 11.3685
129 157 11.5624
129 158 11.7459
129 159 11.9939
129 160 12.1437
129 161 12.2011
129 162 12.3032
129 163 12.3461
129 164 12.3877
129 165 12.7879
129 166 12.7919
129 167 12.8132
129 168 13.0104
129 169 13.0799
129 170 13.1207
129 171 13.1815
129 172 13.3312
129 173 13.3335
129 174 13.4841
129 175 13.5384
129 176 13.5539
129 177 13.5628
129 178 13.6644
129 179 13.8272
129 180 13.8795
129 181 14.2524
129 182 14.5499
129 183 14.5936
129 184 14.6983
129 185 14.7413
129 186 14.7815
129 187 15.0383
129 188 15.1887
129 189 15.4842
129 190 15.4982
129 191 15.5654
129 192 15.6483
129 193 15.8465
129 194 16.0588
129 195 17.0146
129 196 18.1742
129 197 19.3703
129 198 19.6873
129 199 21.3377
130 0 6.24306 1 15 2 24 23 30 29 17 4 11 31 5 27 25 28 18 6 16 34 20 32 33 9 7 3 22 26 13 12 10 19 14 21 8 1 
130 1 6.24306
130 2 6.24306
130 3 6.24306
130 4 6.24306
130 5 6.24306
130 6 6.24306
130 7 6.24306
130 8 6.24306
130 9 6.24306
130 10 6.24306
130 11 6.24306
130 12 6.24306
130 13 6.24306
130 14 6.24306
130 15 6.24306
130 16 6.24306
130 17 6.24306
130 18 6.24306
130 19 6.24306
130 20 6.24306
130 21 6.24306
130 22 6.24306
130 23 6.24306
130 24 6.24306
130 25 6.24306
130 26 6.24306
130 27 6.24306
130 28 6.24306
130 29 6.24306
130 30 6.24306
130 31 6.24306
130 32 6.24306
130 33 6.24306
130 34 6.24306
130 35 6.24306
130 36 6.24306
130 37 6.24306
130 38 6.24306
130 39 6.24306
130 40 6.24306
130 41 6.24306
130 42 6.24306
130 43 6.24306
130 44 6.24306
130 45 6.24306
130 46 6.24306
130 47 6.24306
130 48 6.24306
130 49 6.24306
130 50 6.24306
130 51 6.24306
130 52 6.24306
130 53 6.24306
130 54 6.24306
130 55 6.24306
130 56 6.24306
130 57 6.24306
130 58 6.24306
130 59 6.24306
130 60 6.24306
130 61 6.24306
130 62 6.24306
130 63 6.24306
130 64 6.24306
130 65 6.24306
130 66 6.24306
130 67 6.24306
130 68 6.24306
130 69 6.24306
130 70 6.24306
130 71 6.24306
130 72 6.24306
130 73 6.24306
130 74 6.24306
130 75 6.24306
130 76 6.24306
130 77 6.24306
130 78 6.24306
130 79 6.24306
130 80 6.24306
130 81 6.24306
130 82 6.24306
130 83 6.24306
130 84 6.24306
130 85 6.24306
130 86 6.24306
130 87 6.24306
130 88 6.24306
130 89 6.24306
130 90 6.24306
130 91 6.24306
130 92 6.24306
130 93 6.24306
130 94 6.24306
130 95 6.24306
130 96 6.24306
130 97 6.24306
130 98 6.24306
130 99 6.24306
130 100 6.24306
130 101 6.24306
130 102 6.24306
130 103 6.24306
130 104 6.24306
130 105 6.24306
130 106 6.24306
130 107 6.24306
130 108 6.24306
130 109 6.24306
130 110 6.24306
130 111 6.24306
130 112 6.24306
130 113 6.24306
130 114 6.24306
130 115 6.24306
130 116 6.24306
130 117 6.24306
130 118 6.24306
130 119 6.24306
130 120 6.24306
130 121 6.26052
130 122 6.26294
130 123 6.78595
130 124 7.04464
130 125 7.04492
130 126 7.13648
130 127 7.22831
130 128 7.26425
130 129 7.32543
130 130 7.33343
130 131 7.51354
130 132 7.66272
130 133 7.70891
130 134 7.77609
130 135 7.85422
130 136 8.25582
130 137 8.52099
130 138 8.55692
130 139 8.61007
130 140 8.72327
130 141 8.90322
130 142 8.9203
130 143 8.92224
130 144 8.94756
130 145 8.99934
130 146 9.13466
130 147 9.33694
130 148 9.36608
130 149 9.41399
130 150 9.42603
130 151 9.61686
130 152 9.70739
130 153 9.73461
130 154 9.74934
130 155 9.75375
130 156 9.85056
130 157 10.0322
130 158 10.0453
130 159 10.1028
130 160 10.1785
130 161 10.2402
130 162 10.3281
130 163 10.3483
130 164 10.5598
130 165 10.7087
130 166 10.7927
130 167 10.8339
130 168 10.837
130 169 10.9862
130 170 11.0375
130 171 11.985
130 172 12.0624
130 173 12.2179
130 174 12.2755
130 175 12.3895
130 176 12.5294
130 177 12.6149
130 178 12.8936
130 179 12.9876
130 180 13.0104
130 181 13.0737
130 182 13.0799
130 183 13.0985
130 184 13.3312
130 185 13.5499
130 186 13.7179
130 187 13.9079
130 188 14.6499
130 189 14.7413
130 190 15.2204
130 191 15.5512
130 192 15.6483
130 193 15.7067
130 194 15.7234
130 195 16.6438
130 196 17.5037
130 197 17.8582
130 198 19.3703
130 199 19.3813
131 0 6.24306 1 15 2 24 23 30 29 17 4 11 31 5 27 25 28 18 6 16 34 20 32 33 9 7 3 22 26 13 12 10 19 14 21 8 1 
131 1 6.24306
131 2 6.24306
131 3 6.24306
131 4 6.24306
131 5 6.24306
131 6 6.24306
131 7 6.24306
131 8 6.24306
131 9 6.24306
131 10 6.24306
131 11 6.24306
131 12 6.24306
131 13 6.24306
131 14 6.24306
131 15 6.24306
131 16 6.24306
131 17 6.24306
131 18 6.24306
131 19 6.24306
131 20 6.24306
131 21 6.24306
131 22 6.24306
131 23 6.24306
131 24 6.24306
131 25 6.24306
131 26 6.24306
131 27 6.24306
131 28 6.24306
131 29 6.24306
131 30 6.24306
131 31 6.24306
131 32 6.24306
131 33 6.24306
131 34 6.24306
131 35 6.24306
131 36 6.24306
131 37 6.24306
131 38 6.24306
131 39 6.24306
131 40 6.24306
131 41 6.24306
131 42 6.24306
131 43 6.24306
131 44 6.24306
131 45 6.24306
131 46 6.24306
131 47 6.24306
131 48 6.24306
131 49 6.24306
131 50 6.24306
131 51 6.24306
131 52 6.24306
131 53 6.24306
131 54 6.24306
131 55 6.24306
131 56 6.24306
131 57 6.24306
131 58 6.24306
131 59 6.24306
131 60 6.24306
131 61 6.24306
131 62 6.24306
131 63 6.24306
131 64 6.24306
131 65 6.24306
131 66 6.24306
131 67 6.24306
131 68 6.24306
131 69 6.24306
131 70 6.24306
131 71 6.24306
131 72 6.24306
131 73 6.24306
131 74 6.24306
131 75 6.24306
131 76 6.24306
131 77 6.24306
131 78 6.24306
131 79 6.24306
131 80 6.24306
131 81 6.24306
131 82 6.24306
131 83 6.24306
131 84 6.24306
131 85 6.24306
131 86 6.24306
131 87 6.24306
131 88 6.24306
131 89 6.24306
131 90 6.24306
131 91 6.24306
131 92 6.24306
131 93 6.24306
131 94 6.24306
131 95 6.24306
131 96 6.24306
131 97 6.24306
131 98 6.24306
131 99 6.24306
131 100 6.24306
131 101 6.24306
131 102 6.26052
131 103 6.28949
131 104 6.35129
131 105 6.50792
131 106 6.72514
131 107 6.78595
131 108 6.88532
131 109 7.04464
131 110 7.05067
131 111 7.32583
131 112 7.42154
131 113 7.46273
131 114 7.51149
131 115 7.51354
131 116 7.52663
131 117 7.54944
131 118 7.57565
131 119 7.90036
131 120 8.14941
131 121 8.25582
131 122 8.37043
131 123 8.40067
131 124 8.44369
131 125 8.4661
131 126 8.5345
131 127 8.55692
131 128 8.61007
131 129 8.62477
131 130 8.65049
131 131 8.6903
131 132 8.79049
131 133 8.9203
131 134 8.92224
131 135 8.94688
131 136 8.9736
131 137 8.983
131 138 9.09262
131 139 9.15912
131 140 9.16537
131 141 9.21256
131 142 9.24805
131 143 9.41399
131 144 9.66538
131 145 9.70739
131 146 9.79295
131 147 10.0453
131 148 10.0472
131 149 10.2718
131 150 10.3453
131 151 10.5598
131 152 10.5941
131 153 10.629
131 154 10.7094
131 155 10.7179
131 156 10.7927
131 157 10.875
131 158 10.9478
131 159 11.7109
131 160 11.7439
131 161 12.0624
131 162 12.2363
131 163 12.2755
131 164 12.291
131 165 12.4814
131 166 12.5341
131 167 12.5645
131 168 12.5807
131 169 12.6149
131 170 12.7293
131 171 12.8803
131 172 12.9876
131 173 13.1776
131 174 13.4053
131 175 13.4117
131 176 13.4167
131 177 13.473
131 178 13.6816
131 179 13.779
131 180 13.8227
131 181 13.9325
131 182 14.5768
131 183 14.6499
131 184 14.8366
131 185 15.0255
131 186 15.2848
131 187 15.2868
131 188 15.4043
131 189 15.4278
131 190 15.8279
131 191 15.9553
131 192 15.9749
131 193 16.0929
131 194 16.1235
131 195 16.8746
131 196 17.1169
131 197 17.4569
131 198 19.896
131 199 21.6011
132 0 6.24306 1 15 2 24 23 30 29 17 4 11 31 5 27 25 28 18 6 16 34 20 32 33 9 7 3 22 26 13 12 10 19 14 21 8 1 
132 1 6.24306
132 2 6.24306
132 3 6.24306
132 4 6.24306
132 5 6.24306
132 6 6.24306
132 7 6.24306
132 8 6.24306
132 9 6.24306
132 10 6.24306
132 11 6.24306
132 12 6.24306
132 13 6.24306
132 14 6.24306
132 15 6.24306
132 16 6.24306
132 17 6.24306
132 18 6.24306
132 19 6.24306
132 20 6.24306
132 21 6.24306
132 22 6.24306
132 23 6.24306
132 24 6.24306
132 25 6.24306
132 26 6.24306
132 27 6.24306
132 28 6.24306
132 29 6.24306
132 30 6.24306
132 31 6.24306
132 32 6.24306
132 33 6.24306
132 34 6.24306
132 35 6.24306
132 36 6.24306
132 37 6.24306
132 38 6.24306
132 39 6.24306
132 40 6.24306
132 41 6.24306
132 42 6.24306
132 43 6.24306
132 44 6.24306
132 45 6.24306
132 46 6.24306
132 47 6.24306
132 48 6.24306
132 49 6.24306
132 50 6.24306
132 51 6.24306
132 52 6.24306
132 53 6.24306
132 54 6.24306
132 55 6.24306
132 56 6.24306
132 57 6.24306
132 58 6.24306
132 59 6.24306
132 60 6.24306
132 61 6.24306
132 62 6.24306
132 63 6.24306
132 64 6.24306
132 65 6.24306
132 66 6.24306
132 67 6.24306
132 68 6.24306
132 69 6.24306
132 70 6.24306
132 71 6.24306
132 72 6.24306
132 73 6.24306
132 74 6.24306
132 75 6.24306
132 76 6.24306
132 77 6.24306
132 78 6.24306
132 79 6.24306
132 80 6.24306
132 81 6.24306
132 82 6.24306
132 83 6.24306
132 84 6.24306
132 85 6.24306
132 86 6.24306
132 87 6.24306
132 88 6.24306
132 89 6.24306
132 90 6.24306
132 91 6.24306
132 92 6.24306
132 93 6.24306
132 94 6.24306
132 95 6.24306
132 96 6.24306
132 97 6.24306
132 98 6.25063
132 99 6.26484
132 100 6.35129
132 101 6.35129
132 102 6.50806
132 103 6.78595
132 104 6.88532
132 105 6.95542
132 106 7.04492
132 107 7.22831
132 108 7.32543
132 109 7.52663
132 110 7.57565
132 111 7.70891
132 112 7.90036
132 113 7.96221
132 114 8.05181
132 115 8.26037
132 116 8.37971
132 117 8.43209
132 118 8.5345
132 119 8.65008
132 120 8.69095
132 121 8.76965
132 122 8.87817
132 123 8.93987
132 124 8.983
132 125 9.1968
132 126 9.24805
132 127 9.27273
132 128 9.27825
132 129 9.2899
132 130 9.37526
132 131 9.41502
132 132 9.54551
132 133 9.5616
132 134 9.56527
132 135 9.66538
132 136 9.70949
132 137 9.79295
132 138 9.94301
132 139 9.95427
132 140 9.97837
132 141 10.0014
132 142 10.041
132 143 10.0784
132 144 10.0893
132 145 10.1698
132 146 10.3453
132 147 10.3873
132 148 10.4002
132 149 10.4954
132 150 10.5463
132 151 10.6706
132 152 10.7363
132 153 10.7927
132 154 10.8023
132 155 11.0945
132 156 11.1195
132 157 11.4457
132 158 11.6032
132 159 11.6369
132 160 11.6721
132 161 11.7168
132 162 11.9122
132 163 12.2363
132 164 12.2363
132 165 12.2829
132 166 12.2834
132 167 12.3059
132 168 12.4556
132 169 12.5807
132 170 12.8319
132 171 12.9183
132 172 13.1776
132 173 13.3029
132 174 13.4117
132 175 13.5019
132 176 13.554
132 177 13.6019
132 178 13.6391
132 179 13.652
132 180 13.6687
132 181 13.7054
132 182 13.7445
132 183 13.779
132 184 13.8678
132 185 14.0834
132 186 14.3169
132 187 14.5768
132 188 14.6499
132 189 14.8184
132 190 15.2096
132 191 15.4186
132 192 16.5199
132 193 16.6652
132 194 16.7578
132 195 17.1772
132 196 17.6091
132 197 18.9059
132 198 19.3524
132 199 34.6613
133 0 6.24306 1 15 2 24 23 30 29 17 4 11 31 5 27 25 28 18 6 16 34 20 32 33 9 7 3 22 26 13 12 10 19 14 21 8 1 
133 1 6.24306
133 2 6.24306
133 3 6.24306
133 4 6.24306
133 5 6.24306
133 6 6.24306
133 7 6.24306
133 8 6.24306
133 9 6.24306
133 10 6.24306
133 11 6.24306
133 12 6.24306
133 13 6.24306
133 14 6.24306
133 15 6.24306
133 16 6.24306
133 17 6.24306
133 18 6.24306
133 19 6.24306
133 20 6.24306
133 21 6.24306
133 22 6.24306
133 23 6.24306
133 24 6.24306
133 25 6.24306
133 26 6.24306
133 27 6.24306
133 28 6.24306
133 29 6.24306
133 30 6.24306
133 31 6.24306
133 32 6.24306
133 33 6.24306
133 34 6.24306
133 35 6.24306
133 36 6.24306
133 37 6.24306
133 38 6.24306
133 39 6.24306
133 40 6.24306
133 41 6.24306
133 42 6.24306
133 43 6.24306
133 44 6.24306
133 45 6.24306
133 46 6.24306
133 47 6.24306
133 48 6.24306
133 49 6.24306
133 50 6.24306
133 51 6.24306
133 52 6.24306
133 53 6.24306
133 54 6.24306
133 55 6.24306
133 56 6.24306
133 57 6.24306
133 58 6.24306
133 59 6.24306
133 60 6.24306
133 61 6.24306
133 62 6.24306
133 63 6.24306
133 64 6.24306
133 65 6.24306
133 66 6.24306
133 67 6.24306
133 68 6.24306
133 69 6.24306
133 70 6.24306
133 71 6.24306
133 72 6.24306
133 73 6.24306
133 74 6.24306
133 75 6.24306
133 76 6.24306
133 77 6.24306
133 78 6.24306
133 79 6.24306
133 80 6.24306
133 81 6.24306
133 82 6.24306
133 83 6.24306
133 84 6.24306
133 85 6.24306
133 86 6.24306
133 87 6.24306
133 88 6.24306
133 89 6.24306
133 90 6.24306
133 91 6.24306
133 92 6.24306
133 93 6.24306
133 94 6.24306
133 95 6.24306
133 96 6.24306
133 97 6.24306
133 98 6.24306
133 99 6.24306
133 100 6.28949
133 101 6.28949
133 102 6.35129
133 103 6.35129
133 104 6.50806
133 105 6.50806
133 106 6.69684
133 107 6.88532
133 108 6.97941
133 109 7.22502
133 110 7.22728
133 111 7.35439
133 112 7.47645
133 113 7.52663
133 114 7.90747
133 115 8.29816
133 116 8.31395
133 117 8.65008
133 118 8.65008
133 119 8.73586
133 120 8.76965
133 121 8.85449
133 122 8.91272
133 123 8.92224
133 124 8.94688
133 125 8.95792
133 126 9.00814
133 127 9.1134
133 128 9.12462
133 129 9.12916
133 130 9.44528
133 131 9.44777
133 132 9.48549
133 133 9.64542
133 134 9.80098
133 135 9.93695
133 136 9.95427
133 137 10.0636
133 138 10.3531
133 139 10.3536
133 140 10.3735
133 141 10.3873
133 142 10.4061
133 143 10.4323
133 144 10.4573
133 145 10.5989
133 146 10.618
133 147 10.6706
133 148 10.6706
133 149 10.7166
133 150 10.7365
133 151 10.7809
133 152 10.7811
133 153 10.7812
133 154 10.8466
133 155 10.8536
133 156 10.9296
133 157 11.2254
133 158 11.3199
133 159 11.7059
133 160 11.8024
133 161 11.8647
133 162 11.9122
133 163 12.1265
133 164 12.171
133 165 12.2084
133 166 12.2834
133 167 12.4556
133 168 12.5114
133 169 12.7284
133 170 12.7697
133 171 12.8374
133 172 12.9912
133 173 13.0613
133 174 13.1769
133 175 13.1776
133 176 13.2403
133 177 13.3544
133 178 13.3769
133 179 13.4807
133 180 13.5555
133 181 13.652
133 182 13.6871
133 183 13.7898
133 184 13.7921
133 185 13.8842
133 186 14.186
133 187 14.5855
133 188 14.65
133 189 14.7689
133 190 15.2096
133 191 15.644
133 192 15.9431
133 193 16.1618
133 194 16.7578
133 195 16.7674
133 196 17.1453
133 197 18.7336
133 198 19.0192
133 199 19.2077
134 0 6.24306 1 15 2 24 23 30 29 17 4 11 31 5 27 25 28 18 6 16 34 20 32 33 9 7 3 22 26 13 12 10 19 14 21 8 1 
134 1 6.24306
134 2 6.24306
134 3 6.24306
134 4 6.24306
134 5 6.24306
134 6 6.24306
134 7 6.24306
134 8 6.24306
134 9 6.24306
134 10 6.24306
134 11 6.24306
134 12 6.24306
134 13 6.24306
134 14 6.24306
134 15 6.24306
134 16 6.24306
134 17 6.24306
134 18 6.24306
134 19 6.24306
134 20 6.24306
134 21 6.24306
134 22 6.24306
134 23 6.24306
134 24 6.24306
134 25 6.24306
134 26 6.24306
134 27 6.24306
134 28 6.24306
134 29 6.24306
134 30 6.24306
134 31 6.24306
134 32 6.24306
134 33 6.24306
134 34 6.24306
134 35 6.24306
134 36 6.24306
134 37 6.24306
134 38 6.24306
134 39 6.24306
134 40 6.24306
134 41 6.24306
134 42 6.24306
134 43 6.24306
134 44 6.24306
134 45 6.24306
134 46 6.24306
134 47 6.24306
134 48 6.24306
134 49 6.24306
134 50 6.24306
134 51 6.24306
134 52 6.24306
134 53 6.24306
134 54 6.24306
134 55 6.24306
134 56 6.24306
134 57 6.24306
134 58 6.24306
134 59 6.24306
134 60 6.24306
134 61 6.24306
134 62 6.24306
134 63 6.24306
134 64 6.24306
134 65 6.24306
134 66 6.24306
134 67 6.24306
134 68 6.24306
134 69 6.24306
134 70 6.24306
134 71 6.24306
134 72 6.24306
134 73 6.24306
134 74 6.24306
134 75 6.24306
134 76 6.24306
134 77 6.24306
134 78 6.24306
134 79 6.24306
134 80 6.24306
134 81 6.24306
134 82 6.24306
134 83 6.24306
134 84 6.24306
134 85 6.24306
134 86 6.24306
134 87 6.24306
134 88 6.24306
134 89 6.24306
134 90 6.24306
134 91 6.25595
134 92 6.28949
134 93 6.28949
134 94 6.50806
134 95 6.50806
134 96 6.88532
134 97 6.89069
134 98 7.04464
134 99 7.05067
134 100 7.11193
134 101 7.32121
134 102 7.35439
134 103 7.40948
134 104 7.46357
134 105 7.47645
134 106 7.52663
134 107 7.95599
134 108 8.25649
134 109 8.29816
134 110 8.31395
134 111 8.385
134 112 8.48133
134 113 8.65008
134 114 8.92224
134 115 8.92614
134 116 9.01098
134 117 9.01147
134 118 9.04475
134 119 9.06513
134 120 9.1134
134 121 9.12462
134 122 9.17636
134 123 9.17709
134 124 9.26131
134 125 9.31258
134 126 9.37526
134 127 9.38132
134 128 9.44528
134 129 9.46339
134 130 9.47337
134 131 9.47564
134 132 9.49227
134 133 9.53574
134 134 9.59637
134 135 9.64542
134 136 9.90688
134 137 9.91267
134 138 10.0547
134 139 10.0893
134 140 10.1286
134 141 10.2003
134 142 10.2187
134 143 10.4208
134 144 10.4573
134 145 10.4695
134 146 10.6374
134 147 10.6592
134 148 10.6706
134 149 10.6706
134 150 10.8536
134 151 10.8968
134 152 10.9694
134 153 11.0531
134 154 11.1251
134 155 11.1655
134 156 11.2454
134 157 11.5852
134 158 11.6917
134 159 11.7284
134 160 11.7362
134 161 11.904
134 162 11.9205
134 163 12.1265
134 164 12.1954
134 165 12.3282
134 166 12.3895
134 167 12.711
134 168 12.7192
134 169 12.7541
134 170 12.7697
134 171 12.8374
134 172 12.8718
134 173 12.9601
134 174 12.9794
134 175 13.2139
134 176 13.301
134 177 13.3083
134 178 13.3216
134 179 13.3581
134 180 13.4841
134 181 13.5091
134 182 13.549
134 183 13.774
134 184 13.7921
134 185 13.9743
134 186 14.186
134 187 14.3531
134 188 14.4301
134 189 14.936
134 190 15.26
134 191 16.1725
134 192 16.7039
134 193 16.8896
134 194 17.435
134 195 18.7336
134 196 18.7336
134 197 18.7737
134 198 18.9926
134 199 19.8121
135 0 6.24306 1 15 2 24 23 30 29 17 4 11 31 5 27 25 28 18 6 16 34 20 32 33 9 7 3 22 26 13 12 10 19 14 21 8 1 
135 1 6.24306
135 2 6.24306
135 3 6.24306
135 4 6.24306
135 5 6.24306
135 6 6.24306
135 7 6.24306
135 8 6.24306
135 9 6.24306
135 10 6.24306
135 11 6.24306
135 12 6.24306
135 13 6.24306
135 14 6.24306
135 15 6.24306
135 16 6.24306
135 17 6.24306
135 18 6.24306
135 19 6.24306
135 20 6.24306
135 21 6.24306
135 22 6.24306
135 23 6.24306
135 24 6.24306
135 25 6.24306
135 26 6.24306
135 27 6.24306
135 28 6.24306
135 29 6.24306
135 30 6.24306
135 31 6.24306
135 32 6.24306
135 33 6.24306
135 34 6.24306
135 35 6.24306
135 36 6.24306
135 37 6.24306
135 38 6.24306
135 39 6.24306
135 40 6.24306
135 41 6.24306
135 42 6.24306
135 43 6.24306
135 44 6.24306
135 45 6.24306
135 46 6.24306
135 47 6.24306
135 48 6.24306
135 49 6.24306
135 50 6.24306
135 51 6.24306
135 52 6.24306
135 53 6.24306
135 54 6.24306
135 55 6.24306
135 56 6.24306
135 57 6.24306
135 58 6.24306
135 59 6.24306
135 60 6.24306
135 61 6.24306
135 62 6.24306
135 63 6.24306
135 64 6.24306
135 65 6.24306
135 66 6.24306
135 67 6.24306
135 68 6.24306
135 69 6.24306
135 70 6.24306
135 71 6.24306
135 72 6.24306
135 73 6.24306
135 74 6.24306
135 75 6.24306
135 76 6.24306
135 77 6.24306
135 78 6.24306
135 79 6.24306
135 80 6.24306
135 81 6.24306
135 82 6.24306
135 83 6.24306
135 84 6.24306
135 85 6.24306
135 86 6.24306
135 87 6.24306
135 88 6.24306
135 89 6.28949
135 90 6.29878
135 91 6.31941
135 92 6.50806
135 93 6.54845
135 94 6.57262
135 95 6.85663
135 96 6.89069
135 97 6.89069
135 98 7.05621
135 99 7.11193
135 100 7.11229
135 101 7.21769
135 102 7.32121
135 103 7.41877
135 104 8.22947
135 105 8.25356
135 106 8.29816
135 107 8.30885
135 108 8.31395
135 109 8.85883
135 110 8.92224
135 111 8.92614
135 112 9.01098
135 113 9.02174
135 114 9.12462
135 115 9.15631
135 116 9.17709
135 117 9.23178
135 118 9.25606
135 119 9.30677
135 120 9.31258
135 121 9.38132
135 122 9.47337
135 123 9.49144
135 124 9.50212
135 125 9.64721
135 126 9.66075
135 127 9.66485
135 128 9.79375
135 129 9.85617
135 130 9.90688
135 131 9.92881
135 132 10.0547
135 133 10.0946
135 134 10.2133
135 135 10.2946
135 136 10.3735
135 137 10.4559
135 138 10.4573
135 139 10.5332
135 140 10.618
135 141 10.7413
135 142 10.7695
135 143 10.7796
135 144 10.84
135 145 10.8504
135 146 10.9243
135 147 10.9802
135 148 10.9857
135 149 11.0194
135 150 11.0374
135 151 11.0767
135 152 11.099
135 153 11.1565
135 154 11.2454
135 155 11.2454
135 156 11.2571
135 157 11.4557
135 158 11.5736
135 159 11.6342
135 160 11.8189
135 161 11.8543
135 162 11.9205
135 163 12.3282
135 164 12.5162
135 165 12.5273
135 166 12.5837
135 167 12.6653
135 168 12.7055
135 169 12.7192
135 170 12.7697
135 171 13.0222
135 172 13.0337
135 173 13.0771
135 174 13.1749
135 175 13.2139
135 176 13.2795
135 177 13.353
135 178 13.4034
135 179 13.5091
135 180 13.549
135 181 13.549
135 182 13.6278
135 183 13.7921
135 184 13.8322
135 185 13.8532
135 186 13.9934
135 187 14.0156
135 188 14.1469
135 189 14.1628
135 190 14.1643
135 191 14.2151
135 192 14.618
135 193 15.1713
135 194 16.8826
135 195 17.2082
135 196 18.0422
135 197 18.3847
135 198 18.9926
135 199 23.4923
136 0 6.24306 1 15 2 24 23 30 29 17 4 11 31 5 27 25 28 18 6 16 34 20 32 33 9 7 3 22 26 13 12 10 19 14 21 8 1 
136 1 6.24306
136 2 6.24306
136 3 6.24306
136 4 6.24306
136 5 6.24306
136 6 6.24306
136 7 6.24306
136 8 6.24306
136 9 6.24306
136 10 6.24306
136 11 6.24306
136 12 6.24306
136 13 6.24306
136 14 6.24306
136 15 6.24306
136 16 6.24306
136 17 6.24306
136 18 6.24306
136 19 6.24306
136 20 6.24306
136 21 6.24306
136 22 6.24306
136 23 6.24306
136 24 6.24306
136 25 6.24306
136 26 6.24306
136 27 6.24306
136 28 6.24306
136 29 6.24306
136 30 6.24306
136 31 6.24306
136 32 6.24306
136 33 6.24306
136 34 6.24306
136 35 6.24306
136 36 6.24306
136 37 6.24306
136 38 6.24306
136 39 6.24306
136 40 6.24306
136 41 6.24306
136 42 6.24306
136 43 6.24306
136 44 6.24306
136 45 6.24306
136 46 6.24306
136 47 6.24306
136 48 6.24306
136 49 6.24306
136 50 6.24306
136 51 6.24306
136 52 6.24306
136 53 6.24306
136 54 6.24306
136 55 6.24306
136 56 6.24306
136 57 6.24306
136 58 6.24306
136 59 6.24306
136 60 6.24306
136 61 6.24306
136 62 6.24306
136 63 6.24306
136 64 6.24306
136 65 6.24306
136 66 6.24306
136 67 6.24306
136 68 6.24306
136 69 6.24306
136 70 6.24306
136 71 6.24306
136 72 6.24306
136 73 6.24306
136 74 6.24306
136 75 6.24306
136 76 6.24306
136 77 6.24306
136 78 6.24306
136 79 6.24306
136 80 6.24306
136 81 6.24306
136 82 6.24306
136 83 6.24306
136 84 6.24306
136 85 6.24306
136 86 6.24306
136 87 6.24306
136 88 6.24306
136 89 6.25595
136 90 6.28949
136 91 6.30815
136 92 6.31941
136 93 6.54845
136 94 6.72655
136 95 6.7992
136 96 6.85663
136 97 6.89069
136 98 6.89069
136 99 6.97941
136 100 7.04347
136 101 7.04945
136 102 7.05067
136 103 7.0669
136 104 7.11193
136 105 7.32121
136 106 7.41877
136 107 7.69172
136 108 7.85985
136 109 7.93876
136 110 8.09501
136 111 8.25318
136 112 8.25356
136 113 8.25649
136 114 8.29835
136 115 8.30885
136 116 8.30885
136 117 8.59541
136 118 8.75165
136 119 8.92614
136 120 9.01889
136 121 9.15546
136 122 9.30677
136 123 9.31258
136 124 9.37526
136 125 9.50212
136 126 9.53574
136 127 9.79949
136 128 9.80091
136 129 9.87341
136 130 9.88429
136 131 10.0412
136 132 10.155
136 133 10.2828
136 134 10.3572
136 135 10.3735
136 136 10.4111
136 137 10.4559
136 138 10.4883
136 139 10.5791
136 140 10.618
136 141 10.6787
136 142 10.6787
136 143 10.7695
136 144 10.7796
136 145 10.9802
136 146 10.9857
136 147 11.0011
136 148 11.0194
136 149 11.0902
136 150 11.099
136 151 11.1879
136 152 11.2454
136 153 11.2561
136 154 11.2828
136 155 11.2948
136 156 11.7826
136 157 11.8543
136 158 11.8543
136 159 12.0038
136 160 12.2548
136 161 12.3151
136 162 12.3282
136 163 12.5446
136 164 12.5502
136 165 12.6666
136 166 12.7547
136 167 12.8461
136 168 12.8495
136 169 12.9158
136 170 12.9821
136 171 13.0771
136 172 13.1757
136 173 13.2231
136 174 13.3089
136 175 13.4186
136 176 13.4661
136 177 13.5091
136 178 13.5769
136 179 13.6053
136 180 13.73
136 181 13.8057
136 182 13.8322
136 183 13.9821
136 184 14.1628
136 185 14.2383
136 186 14.5062
136 187 14.6859
136 188 14.8546
136 189 14.8823
136 190 15.3137
136 191 15.8198
136 192 16.3058
136 193 16.6199
136 194 16.7932
136 195 18.0141
136 196 19.1227
136 197 19.2282
136 198 20.7649
136 199 21.0662
137 0 6.24306 1 15 2 24 23 30 29 17 4 11 31 5 27 25 28 18 6 16 34 20 32 33 9 7 3 22 26 13 12 10 19 14 21 8 1 
137 1 6.24306
137 2 6.24306
137 3 6.24306
137 4 6.24306
137 5 6.24306
137 6 6.24306
137 7 6.24306
137 8 6.24306
137 9 6.24306
137 10 6.24306
137 11 6.24306
137 12 6.24306
137 13 6.24306
137 14 6.24306
137 15 6.24306
137 16 6.24306
137 17 6.24306
137 18 6.24306
137 19 6.24306
137 20 6.24306
137 21 6.24306
137 22 6.24306
137 23 6.24306
137 24 6.24306
137 25 6.24306
137 26 6.24306
137 27 6.24306
137 28 6.24306
137 29 6.24306
137 30 6.24306
137 31 6.24306
137 32 6.24306
137 33 6.24306
137 34 6.24306
137 35 6.24306
137 36 6.24306
137 37 6.24306
137 38 6.24306
137 39 6.24306
137 40 6.24306
137 41 6.24306
137 42 6.24306
137 43 6.24306
137 44 6.24306
137 45 6.24306
137 46 6.24306
137 47 6.24306
137 48 6.24306
137 49 6.24306
137 50 6.24306
137 51 6.24306
137 52 6.24306
137 53 6.24306
137 54 6.24306
137 55 6.24306
137 56 6.24306
137 57 6.24306
137 58 6.24306
137 59 6.24306
137 60 6.24306
137 61 6.24306
137 62 6.24306
137 63 6.24306
137 64 6.24306
137 65 6.24306
137 66 6.24306
137 67 6.24306
137 68 6.24306
137 69 6.24306
137 70 6.24306
137 71 6.24306
137 72 6.24306
137 73 6.24306
137 74 6.24306
137 75 6.24306
137 76 6.24306
137 77 6.24306
137 78 6.24306
137 79 6.24306
137 80 6.24306
137 81 6.24306
137 82 6.24306
137 83 6.24306
137 84 6.24306
137 85 6.24306
137 86 6.24306
137 87 6.24306
137 88 6.24306
137 89 6.24306
137 90 6.24306
137 91 6.24306
137 92 6.24306
137 93 6.24306
137 94 6.28949
137 95 6.30815
137 96 6.4912
137 97 6.50766
137 98 6.50806
137 99 6.89069
137 100 6.97941
137 101 7.04945
137 102 7.20796
137 103 7.2644
137 104 7.36604
137 105 7.44645
137 106 7.60138
137 107 7.72469
137 108 7.85985
137 109 7.85985
137 110 7.97087
137 111 8.02694
137 112 8.25318
137 113 8.27015
137 114 8.27482
137 115 8.29835
137 116 8.32621
137 117 8.33206
137 118 8.59541
137 119 8.73101
137 120 8.75165
137 121 9.00112
137 122 9.15912
137 123 9.28654
137 124 9.31258
137 125 9.31258
137 126 9.37526
137 127 9.50446
137 128 9.53574
137 129 9.55047
137 130 9.55332
137 131 9.70739
137 132 9.74871
137 133 9.78063
137 134 9.81455
137 135 9.95437
137 136 9.99722
137 137 10.2276
137 138 10.2619
137 139 10.3014
137 140 10.3235
137 141 10.3494
137 142 10.3735
137 143 10.4682
137 144 10.5791
137 145 10.5836
137 146 10.6014
137 147 10.6734
137 148 10.6787
137 149 10.6841
137 150 10.7796
137 151 10.8577
137 152 10.9238
137 153 10.9488
137 154 10.9814
137 155 11.0011
137 156 11.0194
137 157 11.0924
137 158 11.099
137 159 11.2454
137 160 11.2561
137 161 11.3726
137 162 11.5594
137 163 11.7165
137 164 11.7826
137 165 12.0458
137 166 12.3734
137 167 12.614
137 168 12.8963
137 169 12.9978
137 170 13.1649
137 171 13.4289
137 172 13.4661
137 173 13.6428
137 174 14.0215
137 175 14.1048
137 176 14.1628
137 177 14.1704
137 178 14.4003
137 179 14.5789
137 180 14.6061
137 181 14.6859
137 182 14.7335
137 183 14.9035
137 184 14.924
137 185 14.9267
137 186 14.9358
137 187 15.1667
137 188 15.3137
137 189 15.4741
137 190 15.8198
137 191 15.8198
137 192 16.3065
137 193 16.8385
137 194 17.233
137 195 17.2786
137 196 17.6512
137 197 17.7239
137 198 18.4358
137 199 20.805
138 0 6.24306 1 15 2 24 23 30 29 17 4 11 31 5 27 25 28 18 6 16 34 20 32 33 9 7 3 22 26 13 12 10 19 14 21 8 1 
138 1 6.24306
138 2 6.24306
138 3 6.24306
138 4 6.24306
138 5 6.24306
138 6 6.24306
138 7 6.24306
138 8 6.24306
138 9 6.24306
138 10 6.24306
138 11 6.24306
138 12 6.24306
138 13 6.24306
138 14 6.24306
138 15 6.24306
138 16 6.24306
138 17 6.24306
138 18 6.24306
138 19 6.24306
138 20 6.24306
138 21 6.24306
138 22 6.24306
138 23 6.24306
138 24 6.24306
138 25 6.24306
138 26 6.24306
138 27 6.24306
138 28 6.24306
138 29 6.24306
138 30 6.24306
138 31 6.24306
138 32 6.24306
138 33 6.24306
138 34 6.24306
138 35 6.24306
138 36 6.24306
138 37 6.24306
138 38 6.24306
138 39 6.24306
138 40 6.24306
138 41 6.24306
138 42 6.24306
138 43 6.24306
138 44 6.24306
138 45 6.24306
138 46 6.24306
138 47 6.24306
138 48 6.24306
138 49 6.24306
138 50 6.24306
138 51 6.24306
138 52 6.24306
138 53 6.24306
138 54 6.24306
138 55 6.24306
138 56 6.24306
138 57 6.24306
138 58 6.24306
138 59 6.24306
138 60 6.24306
138 61 6.24306
138 62 6.24306
138 63 6.24306
138 64 6.24306
138 65 6.24306
138 66 6.24306
138 67 6.24306
138 68 6.24306
138 69 6.24306
138 70 6.24306
138 71 6.24306
138 72 6.24306
138 73 6.24306
138 74 6.24306
138 75 6.24306
138 76 6.24306
138 77 6.24306
138 78 6.24306
138 79 6.24306
138 80 6.24306
138 81 6.24306
138 82 6.24306
138 83 6.24306
138 84 6.24306
138 85 6.24306
138 86 6.24306
138 87 6.24306
138 88 6.24306
138 89 6.24306
138 90 6.24306
138 91 6.24306
138 92 6.24306
138 93 6.24306
138 94 6.24306
138 95 6.24306
138 96 6.24306
138 97 6.24306
138 98 6.24306
138 99 6.24306
138 100 6.24306
138 101 6.24306
138 102 6.24306
138 103 6.25063
138 104 6.28949
138 105 6.30815
138 106 6.50766
138 107 6.50806
138 108 6.50806
138 109 6.72514
138 110 6.8321
138 111 6.89659
138 112 7.05067
138 113 7.14448
138 114 7.23522
138 115 7.2644
138 116 7.44645
138 117 7.51149
138 118 7.54115
138 119 7.60138
138 120 7.72469
138 121 8.08705
138 122 8.37971
138 123 8.56686
138 124 8.59541
138 125 8.6042
138 126 8.73101
138 127 8.8995
138 128 8.99695
138 129 9.00112
138 130 9.02174
138 131 9.07969
138 132 9.16023
138 133 9.17118
138 134 9.25416
138 135 9.28654
138 136 9.28654
138 137 9.33968
138 138 9.3763
138 139 9.81212
138 140 9.86336
138 141 9.92381
138 142 9.93088
138 143 9.96634
138 144 10.0726
138 145 10.1163
138 146 10.1684
138 147 10.2276
138 148 10.2514
138 149 10.2993
138 150 10.3872
138 151 10.5691
138 152 10.6841
138 153 10.6947
138 154 10.7129
138 155 10.8095
138 156 10.8285
138 157 11.0916
138 158 11.1734
138 159 11.4028
138 160 11.4606
138 161 11.7087
138 162 11.7688
138 163 11.8052
138 164 12.2842
138 165 12.614
138 166 12.6522
138 167 12.7255
138 168 12.7502
138 169 12.8963
138 170 12.8963
138 171 12.9335
138 172 13.1649
138 173 13.1727
138 174 13.3729
138 175 13.4734
138 176 13.5382
138 177 13.5539
138 178 13.6382
138 179 13.7978
138 180 13.7983
138 181 13.9004
138 182 13.9182
138 183 14.0015
138 184 14.0846
138 185 14.1478
138 186 14.1866
138 187 14.288
138 188 14.7493
138 189 15.2538
138 190 16.1208
138 191 16.2034
138 192 17.1445
138 193 17.7885
138 194 17.9557
138 195 18.4097
138 196 18.7123
138 197 19.4749
138 198 20.0804
138 199 20.0998
139 0 6.24306 1 15 2 24 23 30 29 17 4 11 31 5 27 25 28 18 6 16 34 20 32 33 9 7 3 22 26 13 12 10 19 14 21 8 1 
139 1 6.24306
139 2 6.24306
139 3 6.24306
139 4 6.24306
139 5 6.24306
139 6 6.24306
139 7 6.24306
139 8 6.24306
139 9 6.24306
139 10 6.24306
139 11 6.24306
139 12 6.24306
139 13 6.24306
139 14 6.24306
139 15 6.24306
139 16 6.24306
139 17 6.24306
139 18 6.24306
139 19 6.24306
139 20 6.24306
139 21 6.24306
139 22 6.24306
139 23 6.24306
139 24 6.24306
139 25 6.24306
139 26 6.24306
139 27 6.24306
139 28 6.24306
139 29 6.24306
139 30 6.24306
139 31 6.24306
139 32 6.24306
139 33 6.24306
139 34 6.24306
139 35 6.24306
139 36 6.24306
139 37 6.24306
139 38 6.24306
139 39 6.24306
139 40 6.24306
139 41 6.24306
139 42 6.24306
139 43 6.24306
139 44 6.24306
139 45 6.24306
139 46 6.24306
139 47 6.24306
139 48 6.24306
139 49 6.24306
139 50 6.24306
139 51 6.24306
139 52 6.24306
139 53 6.24306
139 54 6.24306
139 55 6.24306
139 56 6.24306
139 57 6.24306
139 58 6.24306
139 59 6.24306
139 60 6.24306
139 61 6.24306
139 62 6.24306
139 63 6.24306
139 64 6.24306
139 65 6.24306
139 66 6.24306
139 67 6.24306
139 68 6.24306
139 69 6.24306
139 70 6.24306
139 71 6.24306
139 72 6.24306
139 73 6.24306
139 74 6.24306
139 75 6.24306
139 76 6.24306
139 77 6.24306
139 78 6.24306
139 79 6.24306
139 80 6.24306
139 81 6.24306
139 82 6.24306
139 83 6.24306
139 84 6.24306
139 85 6.24306
139 86 6.24306
139 87 6.24306
139 88 6.24306
139 89 6.24306
139 90 6.24306
139 91 6.24306
139 92 6.24306
139 93 6.24306
139 94 6.24306
139 95 6.24306
139 96 6.24306
139 97 6.24306
139 98 6.24306
139 99 6.24306
139 100 6.24306
139 101 6.24306
139 102 6.24306
139 103 6.24306
139 104 6.24306
139 105 6.24306
139 106 6.24306
139 107 6.24306
139 108 6.26846
139 109 6.35129
139 110 6.50806
139 111 6.50806
139 112 6.71628
139 113 6.72514
139 114 6.72514
139 115 6.87148
139 116 7.04128
139 117 7.51147
139 118 7.78495
139 119 7.80009
139 120 7.98988
139 121 8.21202
139 122 8.3221
139 123 8.58159
139 124 8.65003
139 125 8.96645
139 126 8.99985
139 127 9.05058
139 128 9.14577
139 129 9.20047
139 130 9.26645
139 131 9.3763
139 132 9.38132
139 133 9.41502
139 134 9.46339
139 135 9.60866
139 136 9.61584
139 137 9.66075
139 138 9.84113
139 139 9.84805
139 140 9.91463
139 141 9.95403
139 142 10.0355
139 143 10.067
139 144 10.203
139 145 10.2069
139 146 10.3096
139 147 10.3483
139 148 10.3536
139 149 10.6014
139 150 10.7256
139 151 10.7594
139 152 10.7673
139 153 10.768
139 154 10.8095
139 155 10.8285
139 156 11.2393
139 157 11.6643
139 158 11.8802
139 159 11.9266
139 160 11.9281
139 161 11.9698
139 162 12.0869
139 163 12.0952
139 164 12.3795
139 165 12.5678
139 166 12.6522
139 167 12.7867
139 168 12.8604
139 169 12.897
139 170 12.8973
139 171 13.0029
139 172 13.034
139 173 13.0851
139 174 13.4038
139 175 13.4164
139 176 13.4787
139 177 13.5127
139 178 13.554
139 179 13.5825
139 180 13.7407
139 181 13.7678
139 182 13.8254
139 183 13.8962
139 184 14.0015
139 185 14.1019
139 186 14.1376
139 187 14.1915
139 188 14.2117
139 189 14.4678
139 190 14.7493
139 191 14.8317
139 192 15.3765
139 193 15.4277
139 194 15.6658
139 195 17.0879
139 196 17.713
139 197 18.0043
139 198 18.7856
139 199 23.6374
140 0 6.24306 1 15 2 24 23 30 29 17 4 11 31 5 27 25 28 18 6 16 34 20 32 33 9 7 3 22 26 13 12 10 19 14 21 8 1 
140 1 6.24306
140 2 6.24306
140 3 6.24306
140 4 6.24306
140 5 6.24306
140 6 6.24306
140 7 6.24306
140 8 6.24306
140 9 6.24306
140 10 6.24306
140 11 6.24306
140 12 6.24306
140 13 6.24306
140 14 6.24306
140 15 6.24306
140 16 6.24306
140 17 6.24306
140 18 6.24306
140 19 6.24306
140 20 6.24306
140 21 6.24306
140 22 6.24306
140 23 6.24306
140 24 6.24306
140 25 6.24306
140 26 6.24306
140 27 6.24306
140 28 6.24306
140 29 6.24306
140 30 6.24306
140 31 6.24306
140 32 6.24306
140 33 6.24306
140 34 6.24306
140 35 6.24306
140 36 6.24306
140 37 6.24306
140 38 6.24306
140 39 6.24306
140 40 6.24306
140 41 6.24306
140 42 6.24306
140 43 6.24306
140 44 6.24306
140 45 6.24306
140 46 6.24306
140 47 6.24306
140 48 6.24306
140 49 6.24306
140 50 6.24306
140 51 6.24306
140 52 6.24306
140 53 6.24306
140 54 6.24306
140 55 6.24306
140 56 6.24306
140 57 6.24306
140 58 6.24306
140 59 6.24306
140 60 6.24306
140 61 6.24306
140 62 6.24306
140 63 6.24306
140 64 6.24306
140 65 6.24306
140 66 6.24306
140 67 6.24306
140 68 6.24306
140 69 6.24306
140 70 6.24306
140 71 6.24306
140 72 6.24306
140 73 6.24306
140 74 6.24306
140 75 6.24306
140 76 6.24306
140 77 6.24306
140 78 6.24306
140 79 6.24306
140 80 6.24306
140 81 6.24306
140 82 6.24306
140 83 6.24306
140 84 6.24306
140 85 6.24306
140 86 6.24306
140 87 6.24306
140 88 6.24306
140 89 6.24306
140 90 6.24306
140 91 6.24306
140 92 6.24306
140 93 6.24306
140 94 6.24306
140 95 6.24306
140 96 6.24306
140 97 6.24306
140 98 6.24306
140 99 6.24306
140 100 6.24306
140 101 6.24306
140 102 6.24306
140 103 6.24306
140 104 6.24306
140 105 6.24306
140 106 6.24306
140 107 6.75112
140 108 6.87148
140 109 6.87148
140 110 7.04128
140 111 7.04128
140 112 7.21849
140 113 7.22831
140 114 7.27746
140 115 7.40643
140 116 7.41911
140 117 7.47395
140 118 7.5614
140 119 7.59558
140 120 8.00589
140 121 8.02143
140 122 8.1912
140 123 8.21202
140 124 8.21202
140 125 8.31074
140 126 8.32621
140 127 8.4078
140 128 8.45997
140 129 8.64076
140 130 8.65003
140 131 8.6646
140 132 8.72904
140 133 8.74667
140 134 8.75165
140 135 8.7745
140 136 8.83829
140 137 8.85798
140 138 8.86909
140 139 9.05349
140 140 9.12218
140 141 9.13578
140 142 9.26645
140 143 9.38455
140 144 9.41477
140 145 9.46339
140 146 9.63764
140 147 9.76807
140 148 9.82176
140 149 9.84805
140 150 10.0202
140 151 10.0524
140 152 10.0706
140 153 10.0958
140 154 10.2236
140 155 10.2594
140 156 10.2708
140 157 10.3735
140 158 10.4154
140 159 10.618
140 160 10.6678
140 161 10.7041
140 162 10.7177
140 163 10.7594
140 164 10.7933
140 165 10.8754
140 166 10.8789
140 167 11.0386
140 168 11.0528
140 169 11.1655
140 170 11.6108
140 171 11.7639
140 172 11.9732
140 173 12.0869
140 174 12.3037
140 175 12.3522
140 176 12.5678
140 177 12.9052
140 178 12.9876
140 179 13.149
140 180 13.1957
140 181 13.3687
140 182 13.3729
140 183 13.4034
140 184 13.5825
140 185 13.9591
140 186 14.2863
140 187 14.3217
140 188 14.3884
140 189 14.4573
140 190 15.136
140 191 15.3765
140 192 15.3977
140 193 15.4277
140 194 15.5481
140 195 16.1863
140 196 16.4216
140 197 16.6922
140 198 17.5599
140 199 19.0942
141 0 6.24306 1 8 21 14 19 10 12 13 26 22 3 7 9 33 32 20 34 16 6 18 28 25 27 5 31 11 4 17 29 30 23 24 2 15 1 
141 1 6.24306
141 2 6.24306
141 3 6.24306
141 4 6.24306
141 5 6.24306
141 6 6.24306
141 7 6.24306
141 8 6.24306
141 9 6.24306
141 10 6.24306
141 11 6.24306
141 12 6.24306
141 13 6.24306
141 14 6.24306
141 15 6.24306
141 16 6.24306
141 17 6.24306
141 18 6.24306
141 19 6.24306
141 20 6.24306
141 21 6.24306
141 22 6.24306
141 23 6.24306
141 24 6.24306
141 25 6.24306
141 26 6.24306
141 27 6.24306
141 28 6.24306
141 29 6.24306
141 30 6.24306
141 31 6.24306
141 32 6.24306
141 33 6.24306
141 34 6.24306
141 35 6.24306
141 36 6.24306
141 37 6.24306
141 38 6.24306
141 39 6.24306
141 40 6.24306
141 41 6.24306
141 42 6.24306
141 43 6.24306
141 44 6.24306
141 45 6.24306
141 46 6.24306
141 47 6.24306
141 48 6.24306
141 49 6.24306
141 50 6.24306
141 51 6.24306
141 52 6.24306
141 53 6.24306
141 54 6.24306
141 55 6.24306
141 56 6.24306
141 57 6.24306
141 58 6.24306
141 59 6.24306
141 60 6.24306
141 61 6.24306
141 62 6.24306
141 63 6.24306
141 64 6.24306
141 65 6.24306
141 66 6.24306
141 67 6.24306
141 68 6.24306
141 69 6.24306
141 70 6.24306
141 71 6.24306
141 72 6.24306
141 73 6.24306
141 74 6.24306
141 75 6.24306
141 76 6.24306
141 77 6.24306
141 78 6.24306
141 79 6.24306
141 80 6.24306
141 81 6.24306
141 82 6.24306
141 83 6.24306
141 84 6.24306
141 85 6.24306
141 86 6.24306
141 87 6.24306
141 88 6.24306
141 89 6.24306
141 90 6.24306
141 91 6.24306
141 92 6.24306
141 93 6.24306
141 94 6.24306
141 95 6.24306
141 96 6.24306
141 97 6.24306
141 98 6.24306
141 99 6.24306
141 100 6.24306
141 101 6.24306
141 102 6.24306
141 103 6.24306
141 104 6.24306
141 105 6.24306
141 106 6.28949
141 107 6.35129
141 108 6.50766
141 109 6.67237
141 110 6.80793
141 111 6.8123
141 112 6.85663
141 113 6.94574
141 114 7.04128
141 115 7.04347
141 116 7.15287
141 117 7.21849
141 118 7.33343
141 119 7.52707
141 120 7.5858
141 121 7.7165
141 122 7.95599
141 123 8.04434
141 124 8.08396
141 125 8.19284
141 126 8.21202
141 127 8.29816
141 128 8.30964
141 129 8.4078
141 130 8.44095
141 131 8.53904
141 132 8.57574
141 133 8.6042
141 134 8.62477
141 135 8.82337
141 136 8.83829
141 137 8.85798
141 138 8.94688
141 139 9.28369
141 140 9.41477
141 141 9.47564
141 142 9.66124
141 143 9.82176
141 144 9.84805
141 145 9.91549
141 146 9.92505
141 147 10.0202
141 148 10.0202
141 149 10.0816
141 150 10.0871
141 151 10.1426
141 152 10.1891
141 153 10.1892
141 154 10.2122
141 155 10.2244
141 156 10.6678
141 157 10.6691
141 158 10.7041
141 159 10.7041
141 160 10.8209
141 161 10.8413
141 162 10.8503
141 163 10.8754
141 164 10.962
141 165 11.0941
141 166 11.3236
141 167 11.347
141 168 11.4076
141 169 11.5675
141 170 11.8132
141 171 12.3037
141 172 12.3427
141 173 12.3522
141 174 12.5297
141 175 12.6943
141 176 12.7552
141 177 12.8705
141 178 12.8978
141 179 12.9371
141 180 13.0985
141 181 13.3138
141 182 13.3639
141 183 13.3745
141 184 13.4034
141 185 13.4182
141 186 13.4935
141 187 13.5216
141 188 14.2635
141 189 14.6556
141 190 14.7097
141 191 15.0065
141 192 15.0573
141 193 15.2783
141 194 15.9153
141 195 16.0433
141 196 16.1863
141 197 16.4043
141 198 16.5568
141 199 17.6225
142 0 6.24306 1 8 21 14 19 10 12 13 26 22 3 7 9 33 32 20 34 16 6 18 28 25 27 5 31 11 4 17 29 30 23 24 2 15 1 
142 1 6.24306
142 2 6.24306
142 3 6.24306
142 4 6.24306
142 5 6.24306
142 6 6.24306
142 7 6.24306
142 8 6.24306
142 9 6.24306
142 10 6.24306
142 11 6.24306
142 12 6.24306
142 13 6.24306
142 14 6.24306
142 15 6.24306
142 16 6.24306
142 17 6.24306
142 18 6.24306
142 19 6.24306
142 20 6.24306
142 21 6.24306
142 22 6.24306
142 23 6.24306
142 24 6.24306
142 25 6.24306
142 26 6.24306
142 27 6.24306
142 28 6.24306
142 29 6.24306
142 30 6.24306
142 31 6.24306
142 32 6.24306
142 33 6.24306
142 34 6.24306
142 35 6.24306
142 36 6.24306
142 37 6.24306
142 38 6.24306
142 39 6.24306
142 40 6.24306
142 41 6.24306
142 42 6.24306
142 43 6.24306
142 44 6.24306
142 45 6.24306
142 46 6.24306
142 47 6.24306
142 48 6.24306
142 49 6.24306
142 50 6.24306
142 51 6.24306
142 52 6.24306
142 53 6.24306
142 54 6.24306
142 55 6.24306
142 56 6.24306
142 57 6.24306
142 58 6.24306
142 59 6.24306
142 60 6.24306
142 61 6.24306
142 62 6.24306
142 63 6.24306
142 64 6.24306
142 65 6.24306
142 66 6.24306
142 67 6.24306
142 68 6.24306
142 69 6.24306
142 70 6.24306
142 71 6.24306
142 72 6.24306
142 73 6.24306
142 74 6.24306
142 75 6.24306
142 76 6.24306
142 77 6.28949
142 78 6.55201
142 79 6.80793
142 80 6.94574
142 81 7.04945
142 82 7.05621
142 83 7.21849
142 84 7.30493
142 85 7.33034
142 86 7.57565
142 87 7.59558
142 88 8.01655
142 89 8.04778
142 90 8.11439
142 91 8.11439
142 92 8.27145
142 93 8.29816
142 94 8.29816
142 95 8.37707
142 96 8.84097
142 97 8.94424
142 98 8.98182
142 99 9.07289
142 100 9.07839
142 101 9.11876
142 102 9.38317
142 103 9.39594
142 104 9.39594
142 105 9.39594
142 106 9.39594
142 107 9.43274
142 108 9.48665
142 109 9.5573
142 110 9.59182
142 111 9.61029
142 112 9.64491
142 113 9.65012
142 114 9.66485
142 115 9.71683
142 116 9.72993
142 117 9.74726
142 118 9.80608
142 119 9.88259
142 120 9.94354
142 121 10.0093
142 122 10.0582
142 123 10.1728
142 124 10.2071
142 125 10.2937
142 126 10.3149
142 127 10.3663
142 128 10.3722
142 129 10.3739
142 130 10.4484
142 131 10.5119
142 132 10.524
142 133 10.5604
142 134 10.6197
142 135 10.6336
142 136 10.6342
142 137 10.6627
142 138 10.6992
142 139 10.7081
142 140 10.7813
142 141 10.7982
142 142 10.8901
142 143 10.9608
142 144 10.962
142 145 11.1286
142 146 11.1755
142 147 11.347
142 148 11.5675
142 149 11.5777
142 150 11.5986
142 151 11.6136
142 152 11.635
142 153 11.6994
142 154 11.7607
142 155 11.8132
142 156 11.8132
142 157 11.9413
142 158 12.0235
142 159 12.1644
142 160 12.2178
142 161 12.2283
142 162 12.2329
142 163 12.4817
142 164 12.6673
142 165 12.7552
142 166 12.9371
142 167 13.0099
142 168 13.0864
142 169 13.2538
142 170 13.3138
142 171 13.3366
142 172 13.3409
142 173 13.4854
142 174 13.529
142 175 13.5413
142 176 13.6581
142 177 13.7367
142 178 13.8018
142 179 13.8102
142 180 13.9253
142 181 13.9325
142 182 13.9789
142 183 14.2764
142 184 14.3499
142 185 14.3901
142 186 14.4668
142 187 14.494
142 188 14.7023
142 189 15.1369
142 190 15.4072
142 191 15.6286
142 192 15.6459
142 193 16.1597
142 194 16.1646
142 195 16.2965
142 196 16.5893
142 197 17.3801
142 198 17.3961
142 199 18.7949
143 0 6.24306 1 8 21 14 19 10 12 13 26 22 3 7 9 33 32 20 34 16 6 18 28 25 27 5 31 11 4 17 29 30 23 24 2 15 1 
143 1 6.24306
143 2 6.24306
143 3 6.24306
143 4 6.24306
143 5 6.24306
143 6 6.24306
143 7 6.24306
143 8 6.24306
143 9 6.24306
143 10 6.24306
143 11 6.24306
143 12 6.24306
143 13 6.24306
143 14 6.24306
143 15 6.24306
143 16 6.24306
143 17 6.24306
143 18 6.24306
143 19 6.24306
143 20 6.24306
143 21 6.24306
143 22 6.24306
143 23 6.24306
143 24 6.24306
143 25 6.24306
143 26 6.24306
143 27 6.24306
143 28 6.24306
143 29 6.24306
143 30 6.24306
143 31 6.24306
143 32 6.24306
143 33 6.24306
143 34 6.24306
143 35 6.24306
143 36 6.24306
143 37 6.24306
143 38 6.24306
143 39 6.24306
143 40 6.24306
143 41 6.24306
143 42 6.24306
143 43 6.24306
143 44 6.24306
143 45 6.24306
143 46 6.24306
143 47 6.24306
143 48 6.24306
143 49 6.24306
143 50 6.24306
143 51 6.24306
143 52 6.24306
143 53 6.24306
143 54 6.24306
143 55 6.24306
143 56 6.26294
143 57 6.26294
143 58 6.42002
143 59 6.55597
143 60 6.80821
143 61 6.8107
143 62 6.82977
143 63 7.04464
143 64 7.04945
143 65 7.05621
143 66 7.33034
143 67 7.33034
143 68 7.48349
143 69 7.53662
143 70 7.55595
143 71 7.57565
143 72 7.58005
143 73 7.58338
143 74 7.64241
143 75 7.81565
143 76 7.85226
143 77 7.85226
143 78 8.04778
143 79 8.04778
143 80 8.11439
143 81 8.21202
143 82 8.29816
143 83 8.37707
143 84 8.37707
143 85 8.69737
143 86 8.98182
143 87 9.07839
143 88 9.07839
143 89 9.32757
143 90 9.38132
143 91 9.39594
143 92 9.40354
143 93 9.41262
143 94 9.41684
143 95 9.48665
143 96 9.49585
143 97 9.50128
143 98 9.54495
143 99 9.5573
143 100 9.5573
143 101 9.59182
143 102 9.60866
143 103 9.64064
143 104 9.65012
143 105 9.66504
143 106 9.6989
143 107 9.7033
143 108 9.70949
143 109 9.74934
143 110 9.80608
143 111 9.81293
143 112 9.81293
143 113 9.93225
143 114 9.94354
143 115 9.99674
143 116 10.0078
143 117 10.0097
143 118 10.0448
143 119 10.0582
143 120 10.077
143 121 10.1415
143 122 10.1877
143 123 10.2271
143 124 10.2513
143 125 10.277
143 126 10.3735
143 127 10.3835
143 128 10.4071
143 129 10.4502
143 130 10.4713
143 131 10.4833
143 132 10.5949
143 133 10.7624
143 134 10.7673
143 135 10.7737
143 136 10.7864
143 137 10.9243
143 138 10.9326
143 139 10.9608
143 140 11.1755
143 141 11.4059
143 142 11.6085
143 143 11.6439
143 144 11.8132
143 145 11.9755
143 146 12.0235
143 147 12.0614
143 148 12.1309
143 149 12.1472
143 150 12.179
143 151 12.4203
143 152 12.6167
143 153 12.6367
143 154 12.6562
143 155 12.727
143 156 12.8934
143 157 12.909
143 158 12.9528
143 159 13.1033
143 160 13.1827
143 161 13.2787
143 162 13.3185
143 163 13.3772
143 164 13.4498
143 165 13.6123
143 166 13.6583
143 167 13.8018
143 168 13.8225
143 169 14.1269
143 170 14.3276
143 171 14.3388
143 172 14.4542
143 173 14.5417
143 174 14.642
143 175 15.0103
143 176 15.1369
143 177 15.4358
143 178 15.4369
143 179 15.5855
143 180 15.6378
143 181 15.6459
143 182 15.8326
143 183 15.8732
143 184 16.0904
143 185 16.14
143 186 16.1847
143 187 16.3104
143 188 16.3404
143 189 16.8038
143 190 17.3346
143 191 17.355
143 192 17.8819
143 193 17.9057
143 194 18.2516
143 195 18.3024
143 196 18.3356
143 197 19.7037
143 198 19.8755
143 199 22.7649
144 0 6.24306 1 8 21 14 19 10 12 13 26 22 3 7 9 33 32 20 34 16 6 18 28 25 27 5 31 11 4 17 29 30 23 24 2 15 1 
144 1 6.24306
144 2 6.24306
144 3 6.24306
144 4 6.24306
144 5 6.24306
144 6 6.24306
144 7 6.24306
144 8 6.24306
144 9 6.24306
144 10 6.24306
144 11 6.24306
144 12 6.24306
144 13 6.24306
144 14 6.24306
144 15 6.24306
144 16 6.24306
144 17 6.24306
144 18 6.24306
144 19 6.24306
144 20 6.24306
144 21 6.24306
144 22 6.24306
144 23 6.24306
144 24 6.24306
144 25 6.24306
144 26 6.24306
144 27 6.24306
144 28 6.24306
144 29 6.24306
144 30 6.24306
144 31 6.24306
144 32 6.24306
144 33 6.24306
144 34 6.24306
144 35 6.24306
144 36 6.24306
144 37 6.24306
144 38 6.24306
144 39 6.24306
144 40 6.24306
144 41 6.24306
144 42 6.24306
144 43 6.24306
144 44 6.24306
144 45 6.24306
144 46 6.24306
144 47 6.24306
144 48 6.24306
144 49 6.24306
144 50 6.24306
144 51 6.24306
144 52 6.24306
144 53 6.24306
144 54 6.24306
144 55 6.24306
144 56 6.24306
144 57 6.24306
144 58 6.24306
144 59 6.24306
144 60 6.24306
144 61 6.24306
144 62 6.24306
144 63 6.24306
144 64 6.24306
144 65 6.26294
144 66 6.26294
144 67 6.26294
144 68 6.26294
144 69 6.42002
144 70 6.50801
144 71 6.50806
144 72 6.55201
144 73 6.55201
144 74 6.55439
144 75 6.8107
144 76 6.8107
144 77 6.82797
144 78 7.04464
144 79 7.05067
144 80 7.51639
144 81 7.52636
144 82 7.55595
144 83 8.11439
144 84 8.11715
144 85 8.37707
144 86 8.69737
144 87 8.85449
144 88 8.90466
144 89 8.94756
144 90 9.07839
144 91 9.35309
144 92 9.35309
144 93 9.38132
144 94 9.39594
144 95 9.39594
144 96 9.45082
144 97 9.48665
144 98 9.49585
144 99 9.49585
144 100 9.49585
144 101 9.50446
144 102 9.55013
144 103 9.5573
144 104 9.62606
144 105 9.64491
144 106 9.64713
144 107 9.65012
144 108 9.66504
144 109 9.6989
144 110 9.6989
144 111 9.70949
144 112 9.70949
144 113 9.7658
144 114 9.76591
144 115 9.80608
144 116 9.81016
144 117 9.81293
144 118 9.84252
144 119 9.86251
144 120 9.90434
144 121 9.93017
144 122 9.94354
144 123 9.98273
144 124 10.0398
144 125 10.0811
144 126 10.13
144 127 10.2433
144 128 10.2668
144 129 10.33
144 130 10.3994
144 131 10.432
144 132 10.432
144 133 10.4713
144 134 10.4858
144 135 10.4959
144 136 10.6073
144 137 10.6113
144 138 10.6522
144 139 10.7439
144 140 10.7864
144 141 10.9522
144 142 10.9991
144 143 11.2238
144 144 11.4059
144 145 11.4612
144 146 11.5031
144 147 11.6224
144 148 11.6458
144 149 12.179
144 150 12.1889
144 151 12.4287
144 152 12.8563
144 153 12.8618
144 154 12.9139
144 155 13.0889
144 156 13.1065
144 157 13.1827
144 158 13.2082
144 159 13.3358
144 160 13.3573
144 161 13.3619
144 162 13.3704
144 163 13.5223
144 164 13.5495
144 165 13.6407
144 166 13.7099
144 167 13.7205
144 168 13.7458
144 169 13.8057
144 170 13.8976
144 171 13.9013
144 172 13.9895
144 173 14.1239
144 174 14.2506
144 175 14.3109
144 176 14.4535
144 177 14.5317
144 178 14.5896
144 179 14.6141
144 180 14.7433
144 181 14.934
144 182 14.9698
144 183 15.1294
144 184 15.1377
144 185 15.2637
144 186 15.2673
144 187 15.6459
144 188 15.9042
144 189 16.1175
144 190 16.3738
144 191 16.4004
144 192 16.4405
144 193 16.9374
144 194 17.0567
144 195 17.4834
144 196 17.6104
144 197 19.7037
144 198 21.9251
144 199 23.3663
145 0 6.24306 1 8 21 14 19 10 12 13 26 22 3 7 9 33 32 20 34 16 6 18 28 25 27 5 31 11 4 17 29 30 23 24 2 15 1 
145 1 6.24306
145 2 6.24306
145 3 6.24306
145 4 6.24306
145 5 6.24306
145 6 6.24306
145 7 6.24306
145 8 6.24306
145 9 6.24306
145 10 6.24306
145 11 6.24306
145 12 6.24306
145 13 6.24306
145 14 6.24306
145 15 6.24306
145 16 6.24306
145 17 6.24306
145 18 6.24306
145 19 6.24306
145 20 6.24306
145 21 6.24306
145 22 6.24306
145 23 6.24306
145 24 6.24306
145 25 6.24306
145 26 6.24306
145 27 6.24306
145 28 6.24306
145 29 6.24306
145 30 6.24306
145 31 6.24306
145 32 6.24306
145 33 6.24306
145 34 6.24306
145 35 6.24306
145 36 6.24306
145 37 6.24306
145 38 6.24306
145 39 6.24306
145 40 6.24306
145 41 6.24306
145 42 6.24306
145 43 6.24306
145 44 6.24306
145 45 6.24306
145 46 6.24306
145 47 6.24306
145 48 6.24306
145 49 6.24306
145 50 6.24306
145 51 6.24306
145 52 6.24306
145 53 6.24306
145 54 6.24306
145 55 6.24306
145 56 6.24306
145 57 6.24306
145 58 6.24306
145 59 6.24306
145 60 6.24306
145 61 6.24306
145 62 6.24306
145 63 6.24306
145 64 6.24306
145 65 6.24306
145 66 6.24306
145 67 6.24306
145 68 6.24306
145 69 6.24306
145 70 6.24306
145 71 6.24306
145 72 6.24306
145 73 6.24306
145 74 6.24306
145 75 6.24306
145 76 6.24306
145 77 6.24306
145 78 6.24306
145 79 6.29878
145 80 6.50801
145 81 6.50801
145 82 6.50806
145 83 6.55201
145 84 6.55439
145 85 6.82797
145 86 6.8843
145 87 7.04786
145 88 7.11193
145 89 7.11193
145 90 7.11193
145 91 7.28433
145 92 7.55595
145 93 7.61711
145 94 7.64699
145 95 7.64699
145 96 7.85226
145 97 8.04778
145 98 8.04778
145 99 8.11439
145 100 8.11439
145 101 8.25649
145 102 8.37707
145 103 8.37707
145 104 8.52447
145 105 8.56223
145 106 8.56223
145 107 8.56261
145 108 8.72681
145 109 9.07839
145 110 9.24407
145 111 9.27957
145 112 9.32757
145 113 9.37367
145 114 9.37409
145 115 9.38132
145 116 9.39594
145 117 9.40844
145 118 9.49585
145 119 9.55013
145 120 9.55373
145 121 9.64713
145 122 9.65213
145 123 9.68488
145 124 9.7033
145 125 9.7033
145 126 9.7033
145 127 9.71773
145 128 9.76198
145 129 9.80608
145 130 9.81293
145 131 9.81455
145 132 9.83777
145 133 9.83777
145 134 9.86251
145 135 9.88273
145 136 9.93017
145 137 9.94354
145 138 9.96958
145 139 9.98336
145 140 10.0551
145 141 10.0607
145 142 10.1853
145 143 10.1868
145 144 10.2145
145 145 10.381
145 146 10.4302
145 147 10.4323
145 148 10.4713
145 149 10.494
145 150 10.4982
145 151 10.7673
145 152 10.8657
145 153 10.9326
145 154 10.9353
145 155 10.9607
145 156 11.0829
145 157 11.3225
145 158 11.4169
145 159 11.5321
145 160 11.635
145 161 11.6458
145 162 11.6458
145 163 11.6938
145 164 11.9897
145 165 12.2451
145 166 12.4756
145 167 12.5678
145 168 12.6917
145 169 12.7503
145 170 12.7541
145 171 12.8008
145 172 12.8563
145 173 12.8757
145 174 13.2344
145 175 13.2924
145 176 13.3769
145 177 13.4242
145 178 13.5056
145 179 13.5063
145 180 13.5095
145 181 13.7543
145 182 13.8171
145 183 14.3297
145 184 14.4665
145 185 14.8187
145 186 15.1864
145 187 15.2668
145 188 15.4024
145 189 15.6361
145 190 16.1544
145 191 16.4286
145 192 16.8769
145 193 16.9231
145 194 17.4774
145 195 17.5054
145 196 18.9894
145 197 20.7116
145 198 21.1513
145 199 21.8209
146 0 6.24306 1 8 21 14 19 10 12 13 26 22 3 7 9 33 32 20 34 16 6 18 28 25 27 5 31 11 4 17 29 30 23 24 2 15 1 
146 1 6.24306
146 2 6.24306
146 3 6.24306
146 4 6.24306
146 5 6.24306
146 6 6.24306
146 7 6.24306
146 8 6.24306
146 9 6.24306
146 10 6.24306
146 11 6.24306
146 12 6.24306
146 13 6.24306
146 14 6.24306
146 15 6.24306
146 16 6.24306
146 17 6.24306
146 18 6.24306
146 19 6.24306
146 20 6.24306
146 21 6.24306
146 22 6.24306
146 23 6.24306
146 24 6.24306
146 25 6.24306
146 26 6.24306
146 27 6.24306
146 28 6.24306
146 29 6.24306
146 30 6.24306
146 31 6.24306
146 32 6.24306
146 33 6.24306
146 34 6.24306
146 35 6.24306
146 36 6.24306
146 37 6.24306
146 38 6.24306
146 39 6.24306
146 40 6.24306
146 41 6.24306
146 42 6.24306
146 43 6.24306
146 44 6.24306
146 45 6.24306
146 46 6.24306
146 47 6.24306
146 48 6.24306
146 49 6.24306
146 50 6.24306
146 51 6.24306
146 52 6.24306
146 53 6.24306
146 54 6.24306
146 55 6.24306
146 56 6.24306
146 57 6.24306
146 58 6.24306
146 59 6.24306
146 60 6.24306
146 61 6.24306
146 62 6.24306
146 63 6.24306
146 64 6.24306
146 65 6.24306
146 66 6.24306
146 67 6.24306
146 68 6.24306
146 69 6.24306
146 70 6.24306
146 71 6.24306
146 72 6.24306
146 73 6.24306
146 74 6.24306
146 75 6.24306
146 76 6.24306
146 77 6.24306
146 78 6.24306
146 79 6.24306
146 80 6.24306
146 81 6.24306
146 82 6.24306
146 83 6.24306
146 84 6.24306
146 85 6.24306
146 86 6.24306
146 87 6.24306
146 88 6.26294
146 89 6.26294
146 90 6.48612
146 91 6.50801
146 92 6.52951
146 93 6.55201
146 94 6.55201
146 95 6.55439
146 96 6.55439
146 97 6.8107
146 98 7.04786
146 99 7.11193
146 100 7.114
146 101 7.12344
146 102 7.32543
146 103 7.33034
146 104 7.42275
146 105 7.54235
146 106 7.54883
146 107 7.5614
146 108 7.57565
146 109 7.64699
146 110 7.64699
146 111 7.6968
146 112 7.72247
146 113 7.85226
146 114 8.12251
146 115 8.15346
146 116 8.15982
146 117 8.16606
146 118 8.28147
146 119 8.35885
146 120 8.49576
146 121 8.56223
146 122 8.5677
146 123 8.6558
146 124 8.69519
146 125 8.95795
146 126 9.0471
146 127 9.07839
146 128 9.17162
146 129 9.273
146 130 9.27957
146 131 9.39594
146 132 9.42764
146 133 9.53911
146 134 9.54146
146 135 9.55373
146 136 9.64295
146 137 9.64491
146 138 9.7033
146 139 9.71773
146 140 9.80608
146 141 9.85617
146 142 9.88273
146 143 9.93098
146 144 9.9759
146 145 10.0296
146 146 10.0381
146 147 10.0579
146 148 10.2078
146 149 10.2145
146 150 10.2306
146 151 10.2451
146 152 10.2594
146 153 10.3464
146 154 10.3917
146 155 10.4051
146 156 10.4223
146 157 10.4302
146 158 10.6382
146 159 10.7673
146 160 10.7673
146 161 10.7742
146 162 10.924
146 163 11.2923
146 164 11.2971
146 165 11.5832
146 166 11.6643
146 167 11.9853
146 168 12.1142
146 169 12.1954
146 170 12.2028
146 171 12.2685
146 172 12.5678
146 173 12.5816
146 174 12.7038
146 175 12.7468
146 176 12.7701
146 177 12.9523
146 178 13.0914
146 179 13.1983
146 180 13.2428
146 181 13.3769
146 182 13.5382
146 183 13.7445
146 184 13.8733
146 185 14.2086
146 186 14.2644
146 187 14.7749
146 188 14.8187
146 189 14.8645
146 190 15.2705
146 191 15.3649
146 192 15.4939
146 193 16.8648
146 194 17.0021
146 195 17.5642
146 196 17.7604
146 197 19.0264
146 198 21.0329
146 199 24.7269
147 0 6.24306 1 8 21 14 19 10 12 13 26 22 3 7 9 33 32 20 34 16 6 18 28 25 27 5 31 11 4 17 29 30 23 24 2 15 1 
147 1 6.24306
147 2 6.24306
147 3 6.24306
147 4 6.24306
147 5 6.24306
147 6 6.24306
147 7 6.24306
147 8 6.24306
147 9 6.24306
147 10 6.24306
147 11 6.24306
147 12 6.24306
147 13 6.24306
147 14 6.24306
147 15 6.24306
147 16 6.24306
147 17 6.24306
147 18 6.24306
147 19 6.24306
147 20 6.24306
147 21 6.24306
147 22 6.24306
147 23 6.24306
147 24 6.24306
147 25 6.24306
147 26 6.24306
147 27 6.24306
147 28 6.24306
147 29 6.24306
147 30 6.24306
147 31 6.24306
147 32 6.24306
147 33 6.24306
147 34 6.24306
147 35 6.24306
147 36 6.24306
147 37 6.24306
147 38 6.24306
147 39 6.24306
147 40 6.24306
147 41 6.24306
147 42 6.24306
147 43 6.24306
147 44 6.24306
147 45 6.24306
147 46 6.24306
147 47 6.24306
147 48 6.24306
147 49 6.24306
147 50 6.24306
147 51 6.24306
147 52 6.24306
147 53 6.24306
147 54 6.24306
147 55 6.24306
147 56 6.24306
147 57 6.24306
147 58 6.24306
147 59 6.24306
147 60 6.24306
147 61 6.24306
147 62 6.24306
147 63 6.24306
147 64 6.24306
147 65 6.24306
147 66 6.24306
147 67 6.24306
147 68 6.24306
147 69 6.24306
147 70 6.24306
147 71 6.24306
147 72 6.24306
147 73 6.24306
147 74 6.24306
147 75 6.24306
147 76 6.24306
147 77 6.24306
147 78 6.24306
147 79 6.24306
147 80 6.24306
147 81 6.24306
147 82 6.24306
147 83 6.24306
147 84 6.24306
147 85 6.24306
147 86 6.24306
147 87 6.24306
147 88 6.24306
147 89 6.24306
147 90 6.24306
147 91 6.24306
147 92 6.24306
147 93 6.24306
147 94 6.24306
147 95 6.24306
147 96 6.26294
147 97 6.50801
147 98 6.55201
147 99 6.55201
147 100 6.55201
147 101 6.84085
147 102 7.114
147 103 7.42275
147 104 7.57565
147 105 7.68962
147 106 7.89959
147 107 8.0413
147 108 8.15653
147 109 8.15982
147 110 8.1762
147 111 8.1762
147 112 8.40841
147 113 8.54699
147 114 8.5677
147 115 8.69519
147 116 8.69519
147 117 8.95926
147 118 8.96472
147 119 8.97062
147 120 9.06096
147 121 9.07839
147 122 9.0965
147 123 9.10839
147 124 9.27957
147 125 9.27957
147 126 9.28369
147 127 9.29198
147 128 9.32102
147 129 9.34892
147 130 9.46306
147 131 9.53898
147 132 9.54146
147 133 9.55373
147 134 9.55373
147 135 9.59473
147 136 9.63462
147 137 9.6521
147 138 9.72156
147 139 9.81124
147 140 9.81455
147 141 9.8187
147 142 9.88236
147 143 9.91771
147 144 9.9508
147 145 10.0147
147 146 10.0226
147 147 10.0241
147 148 10.0726
147 149 10.1342
147 150 10.2078
147 151 10.3181
147 152 10.4223
147 153 10.4323
147 154 10.4573
147 155 10.5679
147 156 10.8468
147 157 10.924
147 158 10.9296
147 159 10.9862
147 160 11.0165
147 161 11.1535
147 162 11.2238
147 163 11.5393
147 164 11.6765
147 165 11.7869
147 166 11.8053
147 167 11.8132
147 168 12.0434
147 169 12.2685
147 170 12.279
147 171 12.2865
147 172 12.3651
147 173 12.3877
147 174 12.5305
147 175 12.6008
147 176 12.6491
147 177 12.6635
147 178 12.7386
147 179 12.8089
147 180 12.8906
147 181 13.0276
147 182 13.0729
147 183 13.102
147 184 13.2428
147 185 13.4786
147 186 13.4927
147 187 13.6318
147 188 13.73
147 189 14.1024
147 190 14.7191
147 191 14.8055
147 192 15.1319
147 193 15.4939
147 194 15.6078
147 195 16.8175
147 196 17.5642
147 197 20.0161
147 198 20.8493
147 199 21.1214
148 0 6.24306 1 8 21 14 19 10 12 13 26 22 3 7 9 33 32 20 34 16 6 18 28 25 27 5 31 11 4 17 29 30 23 24 2 15 1 
148 1 6.24306
148 2 6.24306
148 3 6.24306
148 4 6.24306
148 5 6.24306
148 6 6.24306
148 7 6.24306
148 8 6.24306
148 9 6.24306
148 10 6.24306
148 11 6.24306
148 12 6.24306
148 13 6.24306
148 14 6.24306
148 15 6.24306
148 16 6.24306
148 17 6.24306
148 18 6.24306
148 19 6.24306
148 20 6.24306
148 21 6.24306
148 22 6.24306
148 23 6.24306
148 24 6.24306
148 25 6.24306
148 26 6.24306
148 27 6.24306
148 28 6.24306
148 29 6.24306
148 30 6.24306
148 31 6.24306
148 32 6.24306
148 33 6.24306
148 34 6.24306
148 35 6.24306
148 36 6.24306
148 37 6.24306
148 38 6.24306
148 39 6.24306
148 40 6.24306
148 41 6.24306
148 42 6.24306
148 43 6.24306
148 44 6.24306
148 45 6.24306
148 46 6.24306
148 47 6.24306
148 48 6.24306
148 49 6.24306
148 50 6.24306
148 51 6.24306
148 52 6.24306
148 53 6.24306
148 54 6.24306
148 55 6.24306
148 56 6.24306
148 57 6.24306
148 58 6.24306
148 59 6.24306
148 60 6.24306
148 61 6.24306
148 62 6.24306
148 63 6.24306
148 64 6.24306
148 65 6.24306
148 66 6.24306
148 67 6.24306
148 68 6.24306
148 69 6.24306
148 70 6.24306
148 71 6.24306
148 72 6.24306
148 73 6.24306
148 74 6.24306
148 75 6.24306
148 76 6.24306
148 77 6.24306
148 78 6.24306
148 79 6.24306
148 80 6.24306
148 81 6.24306
148 82 6.24306
148 83 6.24306
148 84 6.24306
148 85 6.24306
148 86 6.24306
148 87 6.24306
148 88 6.24306
148 89 6.24306
148 90 6.24306
148 91 6.24306
148 92 6.24306
148 93 6.24306
148 94 6.24306
148 95 6.24306
148 96 6.24306
148 97 6.24306
148 98 6.24306
148 99 6.26294
148 100 6.4912
148 101 6.52951
148 102 6.55201
148 103 6.55218
148 104 6.55439
148 105 6.8843
148 106 7.0412
148 107 7.11789
148 108 7.33637
148 109 7.5614
148 110 7.66211
148 111 7.70891
148 112 7.71103
148 113 7.7231
148 114 7.95066
148 115 8.12336
148 116 8.27015
148 117 8.40841
148 118 8.8933
148 119 8.92049
148 120 9.0965
148 121 9.17809
148 122 9.22576
148 123 9.27957
148 124 9.43223
148 125 9.59473
148 126 9.6521
148 127 9.68458
148 128 9.69425
148 129 9.74934
148 130 9.76198
148 131 9.81124
148 132 9.87296
148 133 10.0147
148 134 10.045
148 135 10.0881
148 136 10.1162
148 137 10.1342
148 138 10.2395
148 139 10.2514
148 140 10.2813
148 141 10.2905
148 142 10.3181
148 143 10.4004
148 144 10.4323
148 145 10.4605
148 146 10.5247
148 147 10.6678
148 148 10.7567
148 149 10.8068
148 150 10.924
148 151 11.0189
148 152 11.2238
148 153 11.4738
148 154 11.887
148 155 11.9227
148 156 11.9239
148 157 11.9825
148 158 12.0434
148 159 12.1678
148 160 12.2146
148 161 12.2683
148 162 12.2865
148 163 12.3877
148 164 12.3904
148 165 12.448
148 166 12.4512
148 167 12.453
148 168 12.5305
148 169 12.5305
148 170 12.6549
148 171 12.7386
148 172 12.8525
148 173 12.9963
148 174 13.0715
148 175 13.1408
148 176 13.1773
148 177 13.2031
148 178 13.2245
148 179 13.3729
148 180 13.4544
148 181 13.4656
148 182 13.6407
148 183 13.7487
148 184 13.8094
148 185 14.1018
148 186 14.1681
148 187 14.286
148 188 14.398
148 189 14.5742
148 190 14.6358
148 191 14.8055
148 192 14.8688
148 193 14.9569
148 194 15.4939
148 195 15.4939
148 196 16.1847
148 197 16.5933
148 198 17.1211
148 199 17.7735
149 0 6.24306 1 8 21 14 19 10 12 13 26 22 3 7 9 33 32 20 34 16 6 18 28 25 27 5 31 11 4 17 29 30 23 24 2 15 1 
149 1 6.24306
149 2 6.24306
149 3 6.24306
149 4 6.24306
149 5 6.24306
149 6 6.24306
149 7 6.24306
149 8 6.24306
149 9 6.24306
149 10 6.24306
149 11 6.24306
149 12 6.24306
149 13 6.24306
149 14 6.24306
149 15 6.24306
149 16 6.24306
149 17 6.24306
149 18 6.24306
149 19 6.24306
149 20 6.24306
149 21 6.24306
149 22 6.24306
149 23 6.24306
149 24 6.24306
149 25 6.24306
149 26 6.24306
149 27 6.24306
149 28 6.24306
149 29 6.24306
149 30 6.24306
149 31 6.24306
149 32 6.24306
149 33 6.24306
149 34 6.24306
149 35 6.24306
149 36 6.24306
149 37 6.24306
149 38 6.24306
149 39 6.24306
149 40 6.24306
149 41 6.24306
149 42 6.24306
149 43 6.24306
149 44 6.24306
149 45 6.24306
149 46 6.24306
149 47 6.24306
149 48 6.24306
149 49 6.24306
149 50 6.24306
149 51 6.24306
149 52 6.24306
149 53 6.24306
149 54 6.24306
149 55 6.24306
149 56 6.24306
149 57 6.24306
149 58 6.24306
149 59 6.24306
149 60 6.24306
149 61 6.24306
149 62 6.24306
149 63 6.24306
149 64 6.24306
149 65 6.24306
149 66 6.24306
149 67 6.24306
149 68 6.24306
149 69 6.24306
149 70 6.24306
149 71 6.24306
149 72 6.24306
149 73 6.24306
149 74 6.24306
149 75 6.24306
149 76 6.24306
149 77 6.24306
149 78 6.24306
149 79 6.24306
149 80 6.24306
149 81 6.24306
149 82 6.24306
149 83 6.24306
149 84 6.24306
149 85 6.24306
149 86 6.24306
149 87 6.24306
149 88 6.24306
149 89 6.24306
149 90 6.24306
149 91 6.24306
149 92 6.24306
149 93 6.24306
149 94 6.24306
149 95 6.24306
149 96 6.24306
149 97 6.55201
149 98 6.55218
149 99 6.72514
149 100 6.74644
149 101 6.89659
149 102 7.0412
149 103 7.04154
149 104 7.04464
149 105 7.05117
149 106 7.2644
149 107 7.30493
149 108 7.34528
149 109 7.46357
149 110 7.56994
149 111 7.59141
149 112 7.64241
149 113 7.79474
149 114 7.83548
149 115 7.95066
149 116 7.98988
149 117 8.11816
149 118 8.12336
149 119 8.42116
149 120 8.54492
149 121 8.73075
149 122 8.74241
149 123 8.77333
149 124 8.8995
149 125 8.92049
149 126 8.92049
149 127 9.17809
149 128 9.18497
149 129 9.22576
149 130 9.22868
149 131 9.25416
149 132 9.37169
149 133 9.43223
149 134 9.43948
149 135 9.52209
149 136 9.68458
149 137 9.68458
149 138 9.74934
149 139 9.85744
149 140 9.85827
149 141 9.91475
149 142 10.0726
149 143 10.0763
149 144 10.2395
149 145 10.27
149 146 10.2813
149 147 10.2813
149 148 10.5247
149 149 10.5299
149 150 10.5424
149 151 10.592
149 152 10.6522
149 153 10.6522
149 154 10.924
149 155 10.9589
149 156 11.0059
149 157 11.0087
149 158 11.2704
149 159 11.4266
149 160 11.4345
149 161 11.5552
149 162 11.5832
149 163 11.5935
149 164 11.6643
149 165 11.7666
149 166 11.8535
149 167 12.1116
149 168 12.1678
149 169 12.1947
149 170 12.3336
149 171 12.3877
149 172 12.4512
149 173 12.4766
149 174 12.6037
149 175 12.7536
149 176 12.8525
149 177 12.9959
149 178 13.0595
149 179 13.16
149 180 13.2031
149 181 13.2435
149 182 13.261
149 183 13.3639
149 184 13.4656
149 185 13.6905
149 186 13.724
149 187 13.8463
149 188 13.9833
149 189 14.0927
149 190 14.0987
149 191 14.5867
149 192 14.6358
149 193 15.0015
149 194 15.2913
149 195 15.4264
149 196 15.6123
149 197 15.7837
149 198 16.5935
149 199 22.247
150 0 6.24306 1 8 21 14 19 10 12 13 26 22 3 7 9 33 32 20 34 16 6 18 28 25 27 5 31 11 4 17 29 30 23 24 2 15 1 
150 1 6.24306
150 2 6.24306
150 3 6.24306
150 4 6.24306
150 5 6.24306
150 6 6.24306
150 7 6.24306
150 8 6.24306
150 9 6.24306
150 10 6.24306
150 11 6.24306
150 12 6.24306
150 13 6.24306
150 14 6.24306
150 15 6.24306
150 16 6.24306
150 17 6.24306
150 18 6.24306
150 19 6.24306
150 20 6.24306
150 21 6.24306
150 22 6.24306
150 23 6.24306
150 24 6.24306
150 25 6.24306
150 26 6.24306
150 27 6.24306
150 28 6.24306
150 29 6.24306
150 30 6.24306
150 31 6.24306
150 32 6.24306
150 33 6.24306
150 34 6.24306
150 35 6.24306
150 36 6.24306
150 37 6.24306
150 38 6.24306
150 39 6.24306
150 40 6.24306
150 41 6.24306
150 42 6.24306
150 43 6.24306
150 44 6.24306
150 45 6.24306
150 46 6.24306
150 47 6.24306
150 48 6.24306
150 49 6.24306
150 50 6.24306
150 51 6.24306
150 52 6.24306
150 53 6.24306
150 54 6.24306
150 55 6.24306
150 56 6.24306
150 57 6.24306
150 58 6.24306
150 59 6.24306
150 60 6.24306
150 61 6.24306
150 62 6.24306
150 63 6.24306
150 64 6.24306
150 65 6.24306
150 66 6.24306
150 67 6.24306
150 68 6.24306
150 69 6.24306
150 70 6.24306
150 71 6.24306
150 72 6.24306
150 73 6.24306
150 74 6.24306
150 75 6.24306
150 76 6.24306
150 77 6.24306
150 78 6.24306
150 79 6.24306
150 80 6.24306
150 81 6.24306
150 82 6.24306
150 83 6.24306
150 84 6.24306
150 85 6.24306
150 86 6.24306
150 87 6.24306
150 88 6.24306
150 89 6.24306
150 90 6.24306
150 91 6.24306
150 92 6.24306
150 93 6.24306
150 94 6.24306
150 95 6.24306
150 96 6.24306
150 97 6.24306
150 98 6.24306
150 99 6.24306
150 100 6.24306
150 101 6.24306
150 102 6.31941
150 103 6.45646
150 104 6.72514
150 105 6.74644
150 106 6.77266
150 107 6.7992
150 108 6.8164
150 109 7.0412
150 110 7.04154
150 111 7.05117
150 112 7.09794
150 113 7.10391
150 114 7.10412
150 115 7.34501
150 116 7.34719
150 117 7.46357
150 118 7.46357
150 119 7.52636
150 120 7.53662
150 121 7.61147
150 122 7.64241
150 123 7.93854
150 124 7.98988
150 125 8.12336
150 126 8.14923
150 127 8.32837
150 128 8.54492
150 129 8.54492
150 130 8.71571
150 131 8.72802
150 132 8.73075
150 133 8.80663
150 134 8.86909
150 135 8.92049
150 136 8.9338
150 137 9.0075
150 138 9.07672
150 139 9.17693
150 140 9.18739
150 141 9.24407
150 142 9.2734
150 143 9.35309
150 144 9.40194
150 145 9.51644
150 146 9.52161
150 147 9.59604
150 148 9.60871
150 149 9.71104
150 150 9.72156
150 151 9.73791
150 152 9.74934
150 153 9.91267
150 154 9.99501
150 155 10.0663
150 156 10.0856
150 157 10.1864
150 158 10.2395
150 159 10.2778
150 160 10.3608
150 161 10.527
150 162 10.6903
150 163 10.8473
150 164 10.9311
150 165 10.9368
150 166 10.9994
150 167 11.0059
150 168 11.33
150 169 11.5001
150 170 11.5935
150 171 11.8189
150 172 11.8535
150 173 11.8535
150 174 11.8676
150 175 12.3877
150 176 12.5162
150 177 12.5261
150 178 13.16
150 179 13.2185
150 180 13.353
150 181 13.4245
150 182 13.4656
150 183 13.4996
150 184 13.7046
150 185 13.8269
150 186 14.3699
150 187 14.4516
150 188 14.5098
150 189 14.5867
150 190 14.6358
150 191 14.7235
150 192 14.7533
150 193 15.1325
150 194 15.4533
150 195 15.6123
150 196 15.6568
150 197 16.6573
150 198 16.8135
150 199 19.0047
151 0 6.24306 1 8 21 14 19 10 12 13 26 22 3 7 9 33 32 20 34 16 6 18 28 25 27 5 31 11 4 17 29 30 23 24 2 15 1 
151 1 6.24306
151 2 6.24306
151 3 6.24306
151 4 6.24306
151 5 6.24306
151 6 6.24306
151 7 6.24306
151 8 6.24306
151 9 6.24306
151 10 6.24306
151 11 6.24306
151 12 6.24306
151 13 6.24306
151 14 6.24306
151 15 6.24306
151 16 6.24306
151 17 6.24306
151 18 6.24306
151 19 6.24306
151 20 6.24306
151 21 6.24306
151 22 6.24306
151 23 6.24306
151 24 6.24306
151 25 6.24306
151 26 6.24306
151 27 6.24306
151 28 6.24306
151 29 6.24306
151 30 6.24306
151 31 6.24306
151 32 6.24306
151 33 6.24306
151 34 6.24306
151 35 6.24306
151 36 6.24306
151 37 6.24306
151 38 6.24306
151 39 6.24306
151 40 6.24306
151 41 6.24306
151 42 6.24306
151 43 6.24306
151 44 6.24306
151 45 6.24306
151 46 6.24306
151 47 6.24306
151 48 6.24306
151 49 6.24306
151 50 6.24306
151 51 6.24306
151 52 6.24306
151 53 6.24306
151 54 6.24306
151 55 6.24306
151 56 6.24306
151 57 6.24306
151 58 6.24306
151 59 6.24306
151 60 6.24306
151 61 6.24306
151 62 6.24306
151 63 6.24306
151 64 6.24306
151 65 6.24306
151 66 6.24306
151 67 6.24306
151 68 6.24306
151 69 6.24306
151 70 6.24306
151 71 6.24306
151 72 6.24306
151 73 6.24306
151 74 6.24306
151 75 6.24306
151 76 6.24306
151 77 6.24306
151 78 6.24306
151 79 6.24306
151 80 6.24306
151 81 6.24306
151 82 6.24306
151 83 6.24306
151 84 6.24306
151 85 6.24306
151 86 6.24306
151 87 6.24306
151 88 6.24306
151 89 6.24306
151 90 6.24306
151 91 6.24306
151 92 6.24306
151 93 6.24306
151 94 6.24306
151 95 6.24306
151 96 6.24306
151 97 6.24306
151 98 6.24306
151 99 6.24306
151 100 6.24306
151 101 6.24306
151 102 6.24306
151 103 6.24306
151 104 6.24306
151 105 6.24306
151 106 6.24306
151 107 6.24306
151 108 6.24306
151 109 6.24306
151 110 6.24306
151 111 6.24306
151 112 6.24306
151 113 6.25063
151 114 6.27711
151 115 6.31941
151 116 6.53468
151 117 6.55087
151 118 6.72729
151 119 7.03149
151 120 7.09794
151 121 7.10412
151 122 7.10412
151 123 7.33369
151 124 7.3647
151 125 7.52604
151 126 7.53662
151 127 7.55228
151 128 7.7165
151 129 7.76852
151 130 7.83069
151 131 7.93854
151 132 8.04434
151 133 8.28757
151 134 8.47373
151 135 8.54492
151 136 8.80663
151 137 8.87144
151 138 8.92043
151 139 8.9338
151 140 9.17693
151 141 9.24407
151 142 9.36581
151 143 9.40194
151 144 9.46306
151 145 9.4823
151 146 9.49017
151 147 9.54945
151 148 9.67402
151 149 9.72016
151 150 9.7223
151 151 9.86794
151 152 9.87693
151 153 9.91905
151 154 9.92594
151 155 10.0141
151 156 10.0357
151 157 10.0856
151 158 10.1864
151 159 10.3056
151 160 10.3937
151 161 10.4908
151 162 10.625
151 163 10.8679
151 164 10.9384
151 165 11.2697
151 166 11.3257
151 167 11.4554
151 168 11.5063
151 169 11.6313
151 170 11.6708
151 171 11.7687
151 172 11.7876
151 173 11.8264
151 174 12.3514
151 175 12.3904
151 176 12.4408
151 177 12.5017
151 178 12.5779
151 179 12.609
151 180 12.7871
151 181 12.845
151 182 13.018
151 183 13.0722
151 184 13.4656
151 185 13.5382
151 186 13.7711
151 187 13.8057
151 188 13.8647
151 189 13.9086
151 190 14.0747
151 191 14.3234
151 192 15.1273
151 193 15.381
151 194 15.5768
151 195 15.6123
151 196 16.1197
151 197 16.9369
151 198 17.3152
151 199 17.3567
152 0 6.24306 1 8 21 14 19 10 12 13 26 22 3 7 9 33 32 20 34 16 6 18 28 25 27 5 31 11 4 17 29 30 23 24 2 15 1 
152 1 6.24306
152 2 6.24306
152 3 6.24306
152 4 6.24306
152 5 6.24306
152 6 6.24306
152 7 6.24306
152 8 6.24306
152 9 6.24306
152 10 6.24306
152 11 6.24306
152 12 6.24306
152 13 6.24306
152 14 6.24306
152 15 6.24306
152 16 6.24306
152 17 6.24306
152 18 6.24306
152 19 6.24306
152 20 6.24306
152 21 6.24306
152 22 6.24306
152 23 6.24306
152 24 6.24306
152 25 6.24306
152 26 6.24306
152 27 6.24306
152 28 6.24306
152 29 6.24306
152 30 6.24306
152 31 6.24306
152 32 6.24306
152 33 6.24306
152 34 6.24306
152 35 6.24306
152 36 6.24306
152 37 6.24306
152 38 6.24306
152 39 6.24306
152 40 6.24306
152 41 6.24306
152 42 6.24306
152 43 6.24306
152 44 6.24306
152 45 6.24306
152 46 6.24306
152 47 6.24306
152 48 6.24306
152 49 6.24306
152 50 6.24306
152 51 6.24306
152 52 6.24306
152 53 6.24306
152 54 6.24306
152 55 6.24306
152 56 6.24306
152 57 6.24306
152 58 6.24306
152 59 6.24306
152 60 6.24306
152 61 6.24306
152 62 6.24306
152 63 6.24306
152 64 6.24306
152 65 6.24306
152 66 6.24306
152 67 6.24306
152 68 6.24306
152 69 6.24306
152 70 6.24306
152 71 6.24306
152 72 6.24306
152 73 6.24306
152 74 6.24306
152 75 6.24306
152 76 6.24306
152 77 6.24306
152 78 6.24306
152 79 6.24306
152 80 6.24306
152 81 6.24306
152 82 6.24306
152 83 6.24306
152 84 6.24306
152 85 6.24306
152 86 6.24306
152 87 6.24306
152 88 6.24306
152 89 6.24306
152 90 6.24306
152 91 6.24306
152 92 6.24306
152 93 6.24306
152 94 6.24306
152 95 6.24306
152 96 6.24306
152 97 6.24306
152 98 6.24306
152 99 6.24306
152 100 6.24306
152 101 6.24306
152 102 6.24306
152 103 6.24306
152 104 6.24306
152 105 6.24306
152 106 6.24306
152 107 6.24306
152 108 6.24306
152 109 6.24306
152 110 6.24306
152 111 6.24306
152 112 6.24306
152 113 6.35129
152 114 6.52951
152 115 6.55439
152 116 6.5659
152 117 6.63342
152 118 6.7168
152 119 6.81526
152 120 7.05117
152 121 7.10412
152 122 7.10412
152 123 7.11783
152 124 7.28433
152 125 7.34255
152 126 7.36831
152 127 7.51147
152 128 7.54585
152 129 7.67115
152 130 7.80078
152 131 8.16051
152 132 8.27362
152 133 8.28757
152 134 8.28757
152 135 8.44095
152 136 8.44095
152 137 8.48126
152 138 8.56332
152 139 8.68859
152 140 8.82136
152 141 8.92043
152 142 8.99094
152 143 9.22868
152 144 9.35126
152 145 9.37894
152 146 9.40062
152 147 9.40844
152 148 9.49206
152 149 9.52161
152 150 9.526
152 151 9.54945
152 152 9.63095
152 153 9.72016
152 154 9.72623
152 155 9.8721
152 156 9.96813
152 157 10.0241
152 158 10.0926
152 159 10.1539
152 160 10.5457
152 161 10.6363
152 162 10.7427
152 163 10.7529
152 164 10.8679
152 165 10.8679
152 166 10.9174
152 167 10.9526
152 168 11.3509
152 169 11.5063
152 170 11.6083
152 171 11.9059
152 172 12.1916
152 173 12.2604
152 174 12.2977
152 175 12.3521
152 176 12.3904
152 177 12.4867
152 178 12.5237
152 179 12.5997
152 180 12.845
152 181 13.0614
152 182 13.1807
152 183 13.3516
152 184 13.4991
152 185 13.5589
152 186 13.846
152 187 13.8504
152 188 13.9086
152 189 14.1036
152 190 14.8854
152 191 15.0313
152 192 15.2889
152 193 15.5768
152 194 15.6935
152 195 15.8893
152 196 16.0501
152 197 16.6715
152 198 17.0497
152 199 17.3906
153 0 6.24306 1 8 21 14 19 10 12 13 26 22 3 7 9 33 32 20 34 16 6 18 28 25 27 5 31 11 4 17 29 30 23 24 2 15 1 
153 1 6.24306
153 2 6.24306
153 3 6.24306
153 4 6.24306
153 5 6.24306
153 6 6.24306
153 7 6.24306
153 8 6.24306
153 9 6.24306
153 10 6.24306
153 11 6.24306
153 12 6.24306
153 13 6.24306
153 14 6.24306
153 15 6.24306
153 16 6.24306
153 17 6.24306
153 18 6.24306
153 19 6.24306
153 20 6.24306
153 21 6.24306
153 22 6.24306
153 23 6.24306
153 24 6.24306
153 25 6.24306
153 26 6.24306
153 27 6.24306
153 28 6.24306
153 29 6.24306
153 30 6.24306
153 31 6.24306
153 32 6.24306
153 33 6.24306
153 34 6.24306
153 35 6.24306
153 36 6.24306
153 37 6.24306
153 38 6.24306
153 39 6.24306
153 40 6.24306
153 41 6.24306
153 42 6.24306
153 43 6.24306
153 44 6.24306
153 45 6.24306
153 46 6.24306
153 47 6.24306
153 48 6.24306
153 49 6.24306
153 50 6.24306
153 51 6.24306
153 52 6.24306
153 53 6.24306
153 54 6.24306
153 55 6.24306
153 56 6.24306
153 57 6.24306
153 58 6.24306
153 59 6.24306
153 60 6.24306
153 61 6.24306
153 62 6.24306
153 63 6.24306
153 64 6.24306
153 65 6.24306
153 66 6.24306
153 67 6.24306
153 68 6.24306
153 69 6.24306
153 70 6.24306
153 71 6.24306
153 72 6.24306
153 73 6.24306
153 74 6.24306
153 75 6.24306
153 76 6.24306
153 77 6.24306
153 78 6.24306
153 79 6.24306
153 80 6.24306
153 81 6.24306
153 82 6.24306
153 83 6.24306
153 84 6.24306
153 85 6.24306
153 86 6.24306
153 87 6.24306
153 88 6.24306
153 89 6.24306
153 90 6.24306
153 91 6.24306
153 92 6.24306
153 93 6.24306
153 94 6.24306
153 95 6.24306
153 96 6.24306
153 97 6.24306
153 98 6.24306
153 99 6.24306
153 100 6.24306
153 101 6.24306
153 102 6.24306
153 103 6.24306
153 104 6.24306
153 105 6.26294
153 106 6.26846
153 107 6.31941
153 108 6.35129
153 109 6.64035
153 110 6.81478
153 111 6.81526
153 112 7.0412
153 113 7.05117
153 114 7.10408
153 115 7.10412
153 116 7.34537
153 117 7.36518
153 118 7.36831
153 119 7.36831
153 120 7.55166
153 121 7.55595
153 122 7.5614
153 123 7.98886
153 124 8.13775
153 125 8.19509
153 126 8.29006
153 127 8.48554
153 128 8.64526
153 129 8.75345
153 130 8.90201
153 131 8.92043
153 132 8.97062
153 133 9.05431
153 134 9.37894
153 135 9.40062
153 136 9.5027
153 137 9.6366
153 138 9.66075
153 139 9.68382
153 140 9.70949
153 141 9.72623
153 142 9.79826
153 143 9.8187
153 144 9.87592
153 145 9.94472
153 146 9.96813
153 147 9.98209
153 148 10.0077
153 149 10.0343
153 150 10.0665
153 151 10.3078
153 152 10.4323
153 153 10.4373
153 154 10.4879
153 155 10.5055
153 156 10.527
153 157 10.5425
153 158 10.618
153 159 10.6475
153 160 10.6522
153 161 10.7492
153 162 10.7529
153 163 10.7529
153 164 10.8769
153 165 10.9509
153 166 10.9585
153 167 10.9607
153 168 11.1413
153 169 11.5406
153 170 11.8132
153 171 12.2678
153 172 12.2842
153 173 12.3904
153 174 12.4867
153 175 12.5997
153 176 12.7887
153 177 13.0943
153 178 13.11
153 179 13.136
153 180 13.1509
153 181 13.1807
153 182 13.2792
153 183 13.3051
153 184 13.3516
153 185 13.3855
153 186 13.6275
153 187 13.6382
153 188 13.9086
153 189 14.4377
153 190 14.4669
153 191 14.6244
153 192 14.6925
153 193 14.8854
153 194 15.0313
153 195 15.0917
153 196 16.5188
153 197 16.6119
153 198 17.6255
153 199 18.7096
154 0 6.24306 1 8 21 14 19 10 12 13 26 22 3 7 9 33 32 20 34 16 6 18 28 25 27 5 31 11 4 17 29 30 23 24 2 15 1 
154 1 6.24306
154 2 6.24306
154 3 6.24306
154 4 6.24306
154 5 6.24306
154 6 6.24306
154 7 6.24306
154 8 6.24306
154 9 6.24306
154 10 6.24306
154 11 6.24306
154 12 6.24306
154 13 6.24306
154 14 6.24306
154 15 6.24306
154 16 6.24306
154 17 6.24306
154 18 6.24306
154 19 6.24306
154 20 6.24306
154 21 6.24306
154 22 6.24306
154 23 6.24306
154 24 6.24306
154 25 6.24306
154 26 6.24306
154 27 6.24306
154 28 6.24306
154 29 6.24306
154 30 6.24306
154 31 6.24306
154 32 6.24306
154 33 6.24306
154 34 6.24306
154 35 6.24306
154 36 6.24306
154 37 6.24306
154 38 6.24306
154 39 6.24306
154 40 6.24306
154 41 6.24306
154 42 6.24306
154 43 6.24306
154 44 6.24306
154 45 6.24306
154 46 6.24306
154 47 6.24306
154 48 6.24306
154 49 6.24306
154 50 6.24306
154 51 6.24306
154 52 6.24306
154 53 6.24306
154 54 6.24306
154 55 6.24306
154 56 6.24306
154 57 6.24306
154 58 6.24306
154 59 6.24306
154 60 6.24306
154 61 6.24306
154 62 6.24306
154 63 6.24306
154 64 6.24306
154 65 6.24306
154 66 6.24306
154 67 6.24306
154 68 6.24306
154 69 6.24306
154 70 6.24306
154 71 6.24306
154 72 6.24306
154 73 6.24306
154 74 6.24306
154 75 6.24306
154 76 6.24306
154 77 6.24306
154 78 6.24306
154 79 6.24306
154 80 6.24306
154 81 6.24306
154 82 6.24306
154 83 6.24306
154 84 6.24306
154 85 6.24306
154 86 6.24306
154 87 6.24306
154 88 6.24306
154 89 6.24306
154 90 6.24306
154 91 6.24306
154 92 6.24306
154 93 6.24306
154 94 6.24306
154 95 6.24306
154 96 6.24306
154 97 6.24306
154 98 6.24306
154 99 6.24306
154 100 6.24306
154 101 6.24306
154 102 6.24306
154 103 6.24306
154 104 6.24306
154 105 6.24306
154 106 6.26294
154 107 6.26294
154 108 6.26294
154 109 6.26484
154 110 6.26484
154 111 6.31941
154 112 6.42002
154 113 6.81478
154 114 6.81478
154 115 7.10408
154 116 7.12344
154 117 7.36518
154 118 7.5614
154 119 7.70891
154 120 7.75196
154 121 7.82784
154 122 8.16051
154 123 8.25124
154 124 8.37707
154 125 8.64526
154 126 8.6599
154 127 8.68859
154 128 8.83872
154 129 8.94892
154 130 9.05431
154 131 9.05657
154 132 9.10399
154 133 9.15712
154 134 9.21058
154 135 9.26293
154 136 9.37894
154 137 9.39594
154 138 9.44314
154 139 9.47876
154 140 9.52161
154 141 9.60459
154 142 9.64517
154 143 9.6994
154 144 9.70949
154 145 9.80898
154 146 9.88491
154 147 9.9382
154 148 9.98209
154 149 9.98209
154 150 10.0077
154 151 10.0534
154 152 10.0665
154 153 10.1794
154 154 10.4697
154 155 10.5425
154 156 10.5598
154 157 10.618
154 158 10.6903
154 159 10.7691
154 160 10.8325
154 161 10.8679
154 162 10.9585
154 163 11.0993
154 164 11.1413
154 165 11.2297
154 166 11.2457
154 167 11.2975
154 168 11.3239
154 169 11.6338
154 170 11.9068
154 171 12.1044
154 172 12.2943
154 173 12.3167
154 174 12.502
154 175 12.5779
154 176 13.2495
154 177 13.2521
154 178 13.3051
154 179 13.3516
154 180 13.4808
154 181 13.5504
154 182 13.6079
154 183 13.6422
154 184 13.6518
154 185 13.7578
154 186 13.8133
154 187 13.9704
154 188 14.2547
154 189 14.4799
154 190 14.885
154 191 14.9663
154 192 15.5034
154 193 15.7313
154 194 16.2302
154 195 16.2496
154 196 17.0164
154 197 17.1698
154 198 19.0222
154 199 19.8789
155 0 6.24306 1 8 21 14 19 10 12 13 26 22 3 7 9 33 32 20 34 16 6 18 28 25 27 5 31 11 4 17 29 30 23 24 2 15 1 
155 1 6.24306
155 2 6.24306
155 3 6.24306
155 4 6.24306
155 5 6.24306
155 6 6.24306
155 7 6.24306
155 8 6.24306
155 9 6.24306
155 10 6.24306
155 11 6.24306
155 12 6.24306
155 13 6.24306
155 14 6.24306
155 15 6.24306
155 16 6.24306
155 17 6.24306
155 18 6.24306
155 19 6.24306
155 20 6.24306
155 21 6.24306
155 22 6.24306
155 23 6.24306
155 24 6.24306
155 25 6.24306
155 26 6.24306
155 27 6.24306
155 28 6.24306
155 29 6.24306
155 30 6.24306
155 31 6.24306
155 32 6.24306
155 33 6.24306
155 34 6.24306
155 35 6.24306
155 36 6.24306
155 37 6.24306
155 38 6.24306
155 39 6.24306
155 40 6.24306
155 41 6.24306
155 42 6.24306
155 43 6.24306
155 44 6.24306
155 45 6.24306
155 46 6.24306
155 47 6.24306
155 48 6.24306
155 49 6.24306
155 50 6.24306
155 51 6.24306
155 52 6.24306
155 53 6.24306
155 54 6.24306
155 55 6.24306
155 56 6.24306
155 57 6.24306
155 58 6.24306
155 59 6.24306
155 60 6.24306
155 61 6.24306
155 62 6.24306
155 63 6.24306
155 64 6.24306
155 65 6.24306
155 66 6.24306
155 67 6.24306
155 68 6.24306
155 69 6.24306
155 70 6.24306
155 71 6.24306
155 72 6.24306
155 73 6.24306
155 74 6.24306
155 75 6.24306
155 76 6.24306
155 77 6.24306
155 78 6.24306
155 79 6.24306
155 80 6.24306
155 81 6.24306
155 82 6.24306
155 83 6.24306
155 84 6.24306
155 85 6.24306
155 86 6.24306
155 87 6.24306
155 88 6.24306
155 89 6.24306
155 90 6.24306
155 91 6.24306
155 92 6.24306
155 93 6.24306
155 94 6.24306
155 95 6.24306
155 96 6.24306
155 97 6.24306
155 98 6.24306
155 99 6.24306
155 100 6.26294
155 101 6.26294
155 102 6.26294
155 103 6.55201
155 104 6.6817
155 105 6.74052
155 106 6.81384
155 107 6.81478
155 108 7.0412
155 109 7.05134
155 110 7.10408
155 111 7.11789
155 112 7.12344
155 113 7.28377
155 114 7.32121
155 115 7.36518
155 116 7.5614
155 117 7.59215
155 118 8.29535
155 119 8.5355
155 120 8.59383
155 121 8.70218
155 122 8.73425
155 123 8.81197
155 124 8.83057
155 125 9.0161
155 126 9.10399
155 127 9.14577
155 128 9.35177
155 129 9.41502
155 130 9.44314
155 131 9.44345
155 132 9.46306
155 133 9.47459
155 134 9.47564
155 135 9.51648
155 136 9.62107
155 137 9.64491
155 138 9.64517
155 139 9.65079
155 140 9.6994
155 141 9.7033
155 142 9.77551
155 143 9.86091
155 144 9.86892
155 145 10.0412
155 146 10.1315
155 147 10.1938
155 148 10.211
155 149 10.3739
155 150 10.4323
155 151 10.4829
155 152 10.5425
155 153 10.618
155 154 10.6522
155 155 10.7232
155 156 10.8606
155 157 10.9126
155 158 11.0127
155 159 11.0993
155 160 11.1674
155 161 11.1974
155 162 11.5687
155 163 11.6528
155 164 11.8024
155 165 11.9939
155 166 12.3626
155 167 12.4314
155 168 12.5106
155 169 12.5226
155 170 12.5779
155 171 12.5779
155 172 12.8068
155 173 13.2141
155 174 13.304
155 175 13.3187
155 176 13.3967
155 177 13.4395
155 178 13.4752
155 179 13.4823
155 180 13.5482
155 181 13.7469
155 182 13.7954
155 183 14.1503
155 184 14.8912
155 185 14.9177
155 186 15.0175
155 187 15.0534
155 188 15.476
155 189 15.7313
155 190 15.7777
155 191 15.8426
155 192 16.2302
155 193 16.2302
155 194 16.749
155 195 17.268
155 196 18.4799
155 197 19.6117
155 198 20.4699
155 199 21.7731
156 0 6.24306 1 8 21 14 19 10 12 13 26 22 3 7 9 33 32 20 34 16 6 18 28 25 27 5 31 11 4 17 29 30 23 24 2 15 1 
156 1 6.24306
156 2 6.24306
156 3 6.24306
156 4 6.24306
156 5 6.24306
156 6 6.24306
156 7 6.24306
156 8 6.24306
156 9 6.24306
156 10 6.24306
156 11 6.24306
156 12 6.24306
156 13 6.24306
156 14 6.24306
156 15 6.24306
156 16 6.24306
156 17 6.24306
156 18 6.24306
156 19 6.24306
156 20 6.24306
156 21 6.24306
156 22 6.24306
156 23 6.24306
156 24 6.24306
156 25 6.24306
156 26 6.24306
156 27 6.24306
156 28 6.24306
156 29 6.24306
156 30 6.24306
156 31 6.24306
156 32 6.24306
156 33 6.24306
156 34 6.24306
156 35 6.24306
156 36 6.24306
156 37 6.24306
156 38 6.24306
156 39 6.24306
156 40 6.24306
156 41 6.24306
156 42 6.24306
156 43 6.24306
156 44 6.24306
156 45 6.24306
156 46 6.24306
156 47 6.24306
156 48 6.24306
156 49 6.24306
156 50 6.24306
156 51 6.24306
156 52 6.24306
156 53 6.24306
156 54 6.24306
156 55 6.24306
156 56 6.24306
156 57 6.24306
156 58 6.24306
156 59 6.24306
156 60 6.24306
156 61 6.24306
156 62 6.24306
156 63 6.24306
156 64 6.24306
156 65 6.24306
156 66 6.24306
156 67 6.24306
156 68 6.24306
156 69 6.24306
156 70 6.24306
156 71 6.24306
156 72 6.24306
156 73 6.24306
156 74 6.24306
156 75 6.24306
156 76 6.24306
156 77 6.24306
156 78 6.24306
156 79 6.24306
156 80 6.24306
156 81 6.24306
156 82 6.24306
156 83 6.24306
156 84 6.24306
156 85 6.24306
156 86 6.24306
156 87 6.24306
156 88 6.24306
156 89 6.24306
156 90 6.24306
156 91 6.24306
156 92 6.24306
156 93 6.24306
156 94 6.24306
156 95 6.24306
156 96 6.24306
156 97 6.24306
156 98 6.24306
156 99 6.24306
156 100 6.24306
156 101 6.24306
156 102 6.24306
156 103 6.24306
156 104 6.24306
156 105 6.24306
156 106 6.24306
156 107 6.24306
156 108 6.24306
156 109 6.24306
156 110 6.24306
156 111 6.24306
156 112 6.24306
156 113 6.24306
156 114 6.24306
156 115 6.26294
156 116 6.26294
156 117 6.45652
156 118 6.50766
156 119 6.55201
156 120 6.72696
156 121 6.74052
156 122 6.74052
156 123 6.79431
156 124 7.04154
156 125 7.05134
156 126 7.05134
156 127 7.05134
156 128 7.11789
156 129 7.12344
156 130 7.14152
156 131 7.31795
156 132 7.32121
156 133 7.41568
156 134 7.47646
156 135 7.59193
156 136 7.64241
156 137 7.76476
156 138 7.85985
156 139 8.0106
156 140 8.0413
156 141 8.27362
156 142 8.41754
156 143 8.42979
156 144 8.5355
156 145 8.59383
156 146 8.70218
156 147 8.92224
156 148 9.28578
156 149 9.42998
156 150 9.47564
156 151 9.51648
156 152 9.62107
156 153 9.62107
156 154 9.64976
156 155 9.83777
156 156 9.90448
156 157 10.0211
156 158 10.1886
156 159 10.3735
156 160 10.4359
156 161 10.5252
156 162 10.5969
156 163 10.6122
156 164 10.7562
156 165 10.8993
156 166 10.9594
156 167 11.1628
156 168 11.2107
156 169 11.2946
156 170 11.4266
156 171 11.5447
156 172 11.7401
156 173 11.9939
156 174 12.0901
156 175 12.0973
156 176 12.2011
156 177 12.2943
156 178 12.3386
156 179 12.3685
156 180 12.3895
156 181 12.4814
156 182 12.5779
156 183 12.5779
156 184 12.7233
156 185 12.922
156 186 13.0656
156 187 13.1038
156 188 13.1132
156 189 13.4858
156 190 13.5482
156 191 13.6318
156 192 13.7674
156 193 14.1452
156 194 14.2223
156 195 14.5928
156 196 16.1314
156 197 16.2769
156 198 16.5839
156 199 17.1861
157 0 6.24306 1 8 21 14 19 10 12 13 26 22 3 7 9 33 32 20 34 16 6 18 28 25 27 5 31 11 4 17 29 30 23 24 2 15 1 
157 1 6.24306
157 2 6.24306
157 3 6.24306
157 4 6.24306
157 5 6.24306
157 6 6.24306
157 7 6.24306
157 8 6.24306
157 9 6.24306
157 10 6.24306
157 11 6.24306
157 12 6.24306
157 13 6.24306
157 14 6.24306
157 15 6.24306
157 16 6.24306
157 17 6.24306
157 18 6.24306
157 19 6.24306
157 20 6.24306
157 21 6.24306
157 22 6.24306
157 23 6.24306
157 24 6.24306
157 25 6.24306
157 26 6.24306
157 27 6.24306
157 28 6.24306
157 29 6.24306
157 30 6.24306
157 31 6.24306
157 32 6.24306
157 33 6.24306
157 34 6.24306
157 35 6.24306
157 36 6.24306
157 37 6.24306
157 38 6.24306
157 39 6.24306
157 40 6.24306
157 41 6.24306
157 42 6.24306
157 43 6.24306
157 44 6.24306
157 45 6.24306
157 46 6.24306
157 47 6.24306
157 48 6.24306
157 49 6.24306
157 50 6.24306
157 51 6.24306
157 52 6.24306
157 53 6.24306
157 54 6.24306
157 55 6.24306
157 56 6.24306
157 57 6.24306
157 58 6.24306
157 59 6.24306
157 60 6.24306
157 61 6.24306
157 62 6.24306
157 63 6.24306
157 64 6.24306
157 65 6.24306
157 66 6.24306
157 67 6.24306
157 68 6.24306
157 69 6.24306
157 70 6.24306
157 71 6.24306
157 72 6.24306
157 73 6.24306
157 74 6.24306
157 75 6.24306
157 76 6.24306
157 77 6.24306
157 78 6.24306
157 79 6.24306
157 80 6.24306
157 81 6.24306
157 82 6.24306
157 83 6.24306
157 84 6.24306
157 85 6.24306
157 86 6.24306
157 87 6.24306
157 88 6.24306
157 89 6.24306
157 90 6.24306
157 91 6.24306
157 92 6.24306
157 93 6.24306
157 94 6.24306
157 95 6.24306
157 96 6.24306
157 97 6.24306
157 98 6.24306
157 99 6.24306
157 100 6.24306
157 101 6.24306
157 102 6.24306
157 103 6.24306
157 104 6.24306
157 105 6.24306
157 106 6.24306
157 107 6.24306
157 108 6.24306
157 109 6.24306
157 110 6.24306
157 111 6.24306
157 112 6.24306
157 113 6.26294
157 114 6.26294
157 115 6.26294
157 116 6.29878
157 117 6.4912
157 118 6.64035
157 119 6.72655
157 120 6.74052
157 121 6.74052
157 122 6.74052
157 123 6.7992
157 124 6.89659
157 125 7.03166
157 126 7.07354
157 127 7.14152
157 128 7.22331
157 129 7.22331
157 130 7.32346
157 131 7.52636
157 132 7.5385
157 133 7.58514
157 134 7.70891
157 135 7.85985
157 136 7.91673
157 137 8.09533
157 138 8.17516
157 139 8.18821
157 140 8.19415
157 141 8.20919
157 142 8.27015
157 143 8.27362
157 144 8.3272
157 145 8.3272
157 146 8.53904
157 147 8.74712
157 148 8.77463
157 149 8.92224
157 150 9.03917
157 151 9.32757
157 152 9.33231
157 153 9.4823
157 154 9.57263
157 155 9.60339
157 156 9.62107
157 157 9.63095
157 158 9.63935
157 159 9.63935
157 160 9.64721
157 161 9.64976
157 162 9.66475
157 163 9.70232
157 164 9.73175
157 165 9.89798
157 166 9.98345
157 167 10.1965
157 168 10.2134
157 169 10.2285
157 170 10.2921
157 171 10.3399
157 172 10.3816
157 173 10.7004
157 174 11.0859
157 175 11.1628
157 176 11.4557
157 177 11.5048
157 178 11.8505
157 179 12.0901
157 180 12.2348
157 181 12.5068
157 182 12.7806
157 183 12.8278
157 184 13.0914
157 185 13.104
157 186 13.1815
157 187 13.3817
157 188 13.3849
157 189 13.3973
157 190 13.5382
157 191 13.6326
157 192 13.7898
157 193 14.1562
157 194 14.2128
157 195 14.9402
157 196 15.2486
157 197 16.5726
157 198 16.6643
157 199 17.5049
158 0 6.24306 1 8 21 14 19 10 12 13 26 22 3 7 9 33 32 20 34 16 6 18 28 25 27 5 31 11 4 17 29 30 23 24 2 15 1 
158 1 6.24306
158 2 6.24306
158 3 6.24306
158 4 6.24306
158 5 6.24306
158 6 6.24306
158 7 6.24306
158 8 6.24306
158 9 6.24306
158 10 6.24306
158 11 6.24306
158 12 6.24306
158 13 6.24306
158 14 6.24306
158 15 6.24306
158 16 6.24306
158 17 6.24306
158 18 6.24306
158 19 6.24306
158 20 6.24306
158 21 6.24306
158 22 6.24306
158 23 6.24306
158 24 6.24306
158 25 6.24306
158 26 6.24306
158 27 6.24306
158 28 6.24306
158 29 6.24306
158 30 6.24306
158 31 6.24306
158 32 6.24306
158 33 6.24306
158 34 6.24306
158 35 6.24306
158 36 6.24306
158 37 6.24306
158 38 6.24306
158 39 6.24306
158 40 6.24306
158 41 6.24306
158 42 6.24306
158 43 6.24306
158 44 6.24306
158 45 6.24306
158 46 6.24306
158 47 6.24306
158 48 6.24306
158 49 6.24306
158 50 6.24306
158 51 6.24306
158 52 6.24306
158 53 6.24306
158 54 6.24306
158 55 6.24306
158 56 6.24306
158 57 6.24306
158 58 6.24306
158 59 6.24306
158 60 6.24306
158 61 6.24306
158 62 6.24306
158 63 6.24306
158 64 6.24306
158 65 6.24306
158 66 6.24306
158 67 6.24306
158 68 6.24306
158 69 6.24306
158 70 6.24306
158 71 6.24306
158 72 6.24306
158 73 6.24306
158 74 6.24306
158 75 6.24306
158 76 6.24306
158 77 6.24306
158 78 6.24306
158 79 6.24306
158 80 6.24306
158 81 6.24306
158 82 6.24306
158 83 6.24306
158 84 6.24306
158 85 6.24306
158 86 6.24306
158 87 6.24306
158 88 6.24306
158 89 6.24306
158 90 6.24306
158 91 6.24306
158 92 6.24306
158 93 6.24306
158 94 6.24306
158 95 6.24306
158 96 6.24306
158 97 6.24306
158 98 6.24306
158 99 6.24306
158 100 6.24306
158 101 6.24306
158 102 6.24306
158 103 6.26052
158 104 6.26294
158 105 6.29878
158 106 6.51526
158 107 6.55087
158 108 6.55218
158 109 6.72655
158 110 6.74052
158 111 6.80794
158 112 7.03166
158 113 7.04381
158 114 7.22331
158 115 7.32168
158 116 7.34719
158 117 7.34719
158 118 7.36518
158 119 7.5385
158 120 7.70891
158 121 7.76144
158 122 8.04434
158 123 8.08705
158 124 8.11367
158 125 8.17516
158 126 8.35436
158 127 8.43024
158 128 8.46302
158 129 8.52052
158 130 8.53904
158 131 8.64526
158 132 8.77463
158 133 8.93398
158 134 9.05164
158 135 9.17693
158 136 9.33231
158 137 9.33231
158 138 9.45268
158 139 9.467
158 140 9.62566
158 141 9.63935
158 142 9.64721
158 143 9.64976
158 144 9.68616
158 145 9.6994
158 146 9.71586
158 147 9.74649
158 148 9.76807
158 149 9.90415
158 150 9.95678
158 151 10.0264
158 152 10.0801
158 153 10.0856
158 154 10.2069
158 155 10.2285
158 156 10.2285
158 157 10.2647
158 158 10.7673
158 159 10.7726
158 160 11.0859
158 161 11.1628
158 162 11.3071
158 163 11.4048
158 164 11.4078
158 165 11.4557
158 166 11.6547
158 167 11.6641
158 168 11.7042
158 169 11.8701
158 170 12.0877
158 171 12.1321
158 172 12.2123
158 173 12.2348
158 174 12.5223
158 175 12.6565
158 176 12.7806
158 177 12.7806
158 178 12.8322
158 179 12.9036
158 180 13.2877
158 181 13.3729
158 182 13.3884
158 183 13.4859
158 184 13.5916
158 185 13.7093
158 186 13.8733
158 187 13.8865
158 188 14.0521
158 189 14.3466
158 190 14.7556
158 191 14.8981
158 192 16.1004
158 193 16.7262
158 194 16.8389
158 195 17.6698
158 196 17.7754
158 197 19.148
158 198 19.6065
158 199 24.1311
159 0 6.24306 1 8 21 14 19 10 12 13 26 22 3 7 9 33 32 20 34 16 6 18 28 25 27 5 31 11 4 17 29 30 23 24 2 15 1 
159 1 6.24306
159 2 6.24306
159 3 6.24306
159 4 6.24306
159 5 6.24306
159 6 6.24306
159 7 6.24306
159 8 6.24306
159 9 6.24306
159 10 6.24306
159 11 6.24306
159 12 6.24306
159 13 6.24306
159 14 6.24306
159 15 6.24306
159 16 6.24306
159 17 6.24306
159 18 6.24306
159 19 6.24306
159 20 6.24306
159 21 6.24306
159 22 6.24306
159 23 6.24306
159 24 6.24306
159 25 6.24306
159 26 6.24306
159 27 6.24306
159 28 6.24306
159 29 6.24306
159 30 6.24306
159 31 6.24306
159 32 6.24306
159 33 6.24306
159 34 6.24306
159 35 6.24306
159 36 6.24306
159 37 6.24306
159 38 6.24306
159 39 6.24306
159 40 6.24306
159 41 6.24306
159 42 6.24306
159 43 6.24306
159 44 6.24306
159 45 6.24306
159 46 6.24306
159 47 6.24306
159 48 6.24306
159 49 6.24306
159 50 6.24306
159 51 6.24306
159 52 6.24306
159 53 6.24306
159 54 6.24306
159 55 6.24306
159 56 6.24306
159 57 6.24306
159 58 6.24306
159 59 6.24306
159 60 6.24306
159 61 6.24306
159 62 6.24306
159 63 6.24306
159 64 6.24306
159 65 6.24306
159 66 6.24306
159 67 6.24306
159 68 6.24306
159 69 6.24306
159 70 6.24306
159 71 6.24306
159 72 6.24306
159 73 6.24306
159 74 6.24306
159 75 6.24306
159 76 6.24306
159 77 6.24306
159 78 6.24306
159 79 6.24306
159 80 6.24306
159 81 6.24306
159 82 6.24306
159 83 6.24306
159 84 6.24306
159 85 6.24306
159 86 6.24306
159 87 6.24306
159 88 6.24306
159 89 6.24306
159 90 6.24306
159 91 6.24306
159 92 6.24306
159 93 6.24306
159 94 6.26052
159 95 6.26294
159 96 6.55087
159 97 6.55087
159 98 6.55218
159 99 6.55439
159 100 6.80794
159 101 6.80794
159 102 7.03149
159 103 7.04381
159 104 7.10412
159 105 7.11157
159 106 7.22331
159 107 7.2795
159 108 7.32168
159 109 7.32503
159 110 7.32823
159 111 7.33299
159 112 7.42067
159 113 7.4275
159 114 7.5339
159 115 7.58077
159 116 7.58701
159 117 8.11367
159 118 8.14301
159 119 8.19283
159 120 8.20237
159 121 8.2857
159 122 8.40963
159 123 8.6646
159 124 8.72254
159 125 8.81568
159 126 8.89207
159 127 8.90325
159 128 9.05076
159 129 9.05076
159 130 9.05164
159 131 9.0672
159 132 9.16735
159 133 9.22967
159 134 9.36322
159 135 9.37482
159 136 9.57403
159 137 9.57496
159 138 9.58903
159 139 9.59871
159 140 9.62566
159 141 9.65864
159 142 9.76807
159 143 9.81078
159 144 9.82446
159 145 9.88565
159 146 9.92204
159 147 9.95678
159 148 9.97536
159 149 10.1997
159 150 10.2594
159 151 10.3342
159 152 10.3933
159 153 10.4323
159 154 10.527
159 155 10.7502
159 156 10.7673
159 157 10.7785
159 158 10.8172
159 159 10.8413
159 160 10.8609
159 161 11.0811
159 162 11.0859
159 163 11.3287
159 164 11.4944
159 165 11.8368
159 166 11.9763
159 167 11.9989
159 168 12.2255
159 169 12.2458
159 170 12.3032
159 171 12.307
159 172 12.3076
159 173 12.4776
159 174 12.5172
159 175 12.7572
159 176 12.7806
159 177 12.7806
159 178 12.9324
159 179 13.149
159 180 13.3107
159 181 13.5222
159 182 13.7555
159 183 13.7898
159 184 13.809
159 185 13.8865
159 186 13.9823
159 187 14.3466
159 188 14.4047
159 189 14.5378
159 190 14.6513
159 191 14.7159
159 192 14.7397
159 193 14.9953
159 194 15.1092
159 195 16.214
159 196 16.6568
159 197 16.8389
159 198 17.0991
159 199 18.5996
160 0 6.24306 1 8 21 14 19 10 12 13 26 22 3 7 9 33 32 20 34 16 6 18 28 25 27 5 31 11 4 17 29 30 23 24 2 15 1 
160 1 6.24306
160 2 6.24306
160 3 6.24306
160 4 6.24306
160 5 6.24306
160 6 6.24306
160 7 6.24306
160 8 6.24306
160 9 6.24306
160 10 6.24306
160 11 6.24306
160 12 6.24306
160 13 6.24306
160 14 6.24306
160 15 6.24306
160 16 6.24306
160 17 6.24306
160 18 6.24306
160 19 6.24306
160 20 6.24306
160 21 6.24306
160 22 6.24306
160 23 6.24306
160 24 6.24306
160 25 6.24306
160 26 6.24306
160 27 6.24306
160 28 6.24306
160 29 6.24306
160 30 6.24306
160 31 6.24306
160 32 6.24306
160 33 6.24306
160 34 6.24306
160 35 6.24306
160 36 6.24306
160 37 6.24306
160 38 6.24306
160 39 6.24306
160 40 6.24306
160 41 6.24306
160 42 6.24306
160 43 6.24306
160 44 6.24306
160 45 6.24306
160 46 6.24306
160 47 6.24306
160 48 6.24306
160 49 6.24306
160 50 6.24306
160 51 6.24306
160 52 6.24306
160 53 6.24306
160 54 6.24306
160 55 6.24306
160 56 6.24306
160 57 6.24306
160 58 6.24306
160 59 6.24306
160 60 6.24306
160 61 6.24306
160 62 6.24306
160 63 6.24306
160 64 6.24306
160 65 6.24306
160 66 6.24306
160 67 6.24306
160 68 6.24306
160 69 6.24306
160 70 6.24306
160 71 6.24306
160 72 6.24306
160 73 6.24306
160 74 6.24306
160 75 6.24306
160 76 6.24306
160 77 6.24306
160 78 6.24306
160 79 6.24306
160 80 6.24306
160 81 6.24306
160 82 6.24306
160 83 6.24306
160 84 6.24306
160 85 6.24306
160 86 6.24306
160 87 6.24306
160 88 6.24306
160 89 6.24306
160 90 6.24306
160 91 6.24306
160 92 6.24306
160 93 6.24306
160 94 6.24306
160 95 6.24306
160 96 6.24306
160 97 6.24306
160 98 6.26052
160 99 6.55087
160 100 6.55201
160 101 6.55218
160 102 6.55218
160 103 6.55439
160 104 6.5659
160 105 6.80794
160 106 6.81478
160 107 7.07354
160 108 7.10412
160 109 7.10412
160 110 7.12141
160 111 7.34719
160 112 7.42067
160 113 7.59141
160 114 7.59558
160 115 8.12251
160 116 8.20919
160 117 8.31795
160 118 8.35852
160 119 8.59383
160 120 8.6646
160 121 8.69826
160 122 8.81568
160 123 8.86909
160 124 8.88602
160 125 8.90325
160 126 8.95569
160 127 9.16735
160 128 9.24805
160 129 9.29906
160 130 9.45159
160 131 9.45882
160 132 9.47769
160 133 9.49017
160 134 9.52211
160 135 9.58903
160 136 9.62566
160 137 9.67073
160 138 9.72384
160 139 9.72482
160 140 9.83899
160 141 9.92403
160 142 10.0267
160 143 10.0865
160 144 10.1199
160 145 10.1488
160 146 10.2051
160 147 10.2134
160 148 10.3147
160 149 10.3885
160 150 10.4672
160 151 10.618
160 152 10.7853
160 153 10.8085
160 154 10.8191
160 155 10.8413
160 156 10.9206
160 157 11.0739
160 158 11.1172
160 159 11.1314
160 160 11.1756
160 161 11.3214
160 162 11.4345
160 163 11.4944
160 164 11.8204
160 165 11.8961
160 166 12.0679
160 167 12.1122
160 168 12.3032
160 169 12.4772
160 170 12.7594
160 171 12.7701
160 172 12.7806
160 173 12.7806
160 174 12.8307
160 175 13.0559
160 176 13.0788
160 177 13.0919
160 178 13.149
160 179 13.1803
160 180 13.2966
160 181 13.4991
160 182 13.5222
160 183 13.5397
160 184 13.5907
160 185 13.6274
160 186 13.6877
160 187 13.8208
160 188 13.8907
160 189 14.1346
160 190 14.3466
160 191 14.4975
160 192 14.5399
160 193 14.7904
160 194 15.0341
160 195 15.1504
160 196 16.1358
160 197 16.3043
160 198 16.6248
160 199 17.6707
161 0 6.24306 1 8 21 14 19 10 12 13 26 22 3 7 9 33 32 20 34 16 6 18 28 25 27 5 31 11 4 17 29 30 23 24 2 15 1 
161 1 6.24306
161 2 6.24306
161 3 6.24306
161 4 6.24306
161 5 6.24306
161 6 6.24306
161 7 6.24306
161 8 6.24306
161 9 6.24306
161 10 6.24306
161 11 6.24306
161 12 6.24306
161 13 6.24306
161 14 6.24306
161 15 6.24306
161 16 6.24306
161 17 6.24306
161 18 6.24306
161 19 6.24306
161 20 6.24306
161 21 6.24306
161 22 6.24306
161 23 6.24306
161 24 6.24306
161 25 6.24306
161 26 6.24306
161 27 6.24306
161 28 6.24306
161 29 6.24306
161 30 6.24306
161 31 6.24306
161 32 6.24306
161 33 6.24306
161 34 6.24306
161 35 6.24306
161 36 6.24306
161 37 6.24306
161 38 6.24306
161 39 6.24306
161 40 6.24306
161 41 6.24306
161 42 6.24306
161 43 6.24306
161 44 6.24306
161 45 6.24306
161 46 6.24306
161 47 6.24306
161 48 6.24306
161 49 6.24306
161 50 6.24306
161 51 6.24306
161 52 6.24306
161 53 6.24306
161 54 6.24306
161 55 6.24306
161 56 6.24306
161 57 6.24306
161 58 6.24306
161 59 6.24306
161 60 6.24306
161 61 6.24306
161 62 6.24306
161 63 6.24306
161 64 6.24306
161 65 6.24306
161 66 6.24306
161 67 6.24306
161 68 6.24306
161 69 6.24306
161 70 6.24306
161 71 6.24306
161 72 6.24306
161 73 6.24306
161 74 6.24306
161 75 6.24306
161 76 6.24306
161 77 6.24306
161 78 6.24306
161 79 6.24306
161 80 6.24306
161 81 6.24306
161 82 6.24306
161 83 6.24306
161 84 6.24306
161 85 6.24306
161 86 6.24306
161 87 6.24306
161 88 6.24306
161 89 6.24306
161 90 6.24306
161 91 6.24306
161 92 6.24306
161 93 6.24306
161 94 6.24306
161 95 6.24306
161 96 6.24306
161 97 6.24306
161 98 6.37799
161 99 6.55087
161 100 6.55201
161 101 6.55218
161 102 6.55218
161 103 6.55439
161 104 6.55439
161 105 6.57262
161 106 6.80794
161 107 7.00513
161 108 7.04899
161 109 7.10412
161 110 7.10412
161 111 7.12141
161 112 7.32823
161 113 7.58005
161 114 7.59141
161 115 7.89006
161 116 7.91313
161 117 8.26484
161 118 8.29715
161 119 8.31795
161 120 8.33784
161 121 8.51479
161 122 8.62477
161 123 8.69826
161 124 8.72532
161 125 8.86909
161 126 8.88602
161 127 9.02236
161 128 9.10707
161 129 9.25954
161 130 9.31603
161 131 9.36807
161 132 9.37635
161 133 9.42449
161 134 9.45159
161 135 9.45882
161 136 9.47769
161 137 9.48403
161 138 9.55373
161 139 9.56847
161 140 9.58903
161 141 9.64501
161 142 9.68029
161 143 9.68382
161 144 9.71104
161 145 9.79318
161 146 9.88491
161 147 9.92403
161 148 10.0239
161 149 10.0865
161 150 10.2195
161 151 10.2311
161 152 10.3645
161 153 10.4672
161 154 10.6466
161 155 10.6522
161 156 10.7004
161 157 10.874
161 158 10.8742
161 159 10.9681
161 160 11.2344
161 161 11.2538
161 162 11.5019
161 163 11.6936
161 164 11.8876
161 165 12.0679
161 166 12.1362
161 167 12.233
161 168 12.5383
161 169 12.5512
161 170 12.6008
161 171 12.6214
161 172 12.6272
161 173 12.7497
161 174 12.8348
161 175 12.8705
161 176 12.8711
161 177 12.9349
161 178 13.149
161 179 13.1893
161 180 13.2288
161 181 13.3558
161 182 13.5222
161 183 13.5222
161 184 13.5873
161 185 13.6316
161 186 13.7302
161 187 13.8907
161 188 14.1346
161 189 14.2399
161 190 14.3034
161 191 14.3466
161 192 14.5202
161 193 15.0189
161 194 16.1337
161 195 16.1848
161 196 16.4737
161 197 16.7267
161 198 16.7817
161 199 20.9212
162 0 6.24306 1 8 21 14 19 10 12 13 26 22 3 7 9 33 32 20 34 16 6 18 28 25 27 5 31 11 4 17 29 30 23 24 2 15 1 
162 1 6.24306
162 2 6.24306
162 3 6.24306
162 4 6.24306
162 5 6.24306
162 6 6.24306
162 7 6.24306
162 8 6.24306
162 9 6.24306
162 10 6.24306
162 11 6.24306
162 12 6.24306
162 13 6.24306
162 14 6.24306
162 15 6.24306
162 16 6.24306
162 17 6.24306
162 18 6.24306
162 19 6.24306
162 20 6.24306
162 21 6.24306
162 22 6.24306
162 23 6.24306
162 24 6.24306
162 25 6.24306
162 26 6.24306
162 27 6.24306
162 28 6.24306
162 29 6.24306
162 30 6.24306
162 31 6.24306
162 32 6.24306
162 33 6.24306
162 34 6.24306
162 35 6.24306
162 36 6.24306
162 37 6.24306
162 38 6.24306
162 39 6.24306
162 40 6.24306
162 41 6.24306
162 42 6.24306
162 43 6.24306
162 44 6.24306
162 45 6.24306
162 46 6.24306
162 47 6.24306
162 48 6.24306
162 49 6.24306
162 50 6.24306
162 51 6.24306
162 52 6.24306
162 53 6.24306
162 54 6.24306
162 55 6.24306
162 56 6.24306
162 57 6.24306
162 58 6.24306
162 59 6.24306
162 60 6.24306
162 61 6.24306
162 62 6.24306
162 63 6.24306
162 64 6.24306
162 65 6.24306
162 66 6.24306
162 67 6.24306
162 68 6.24306
162 69 6.24306
162 70 6.24306
162 71 6.24306
162 72 6.24306
162 73 6.24306
162 74 6.24306
162 75 6.24306
162 76 6.24306
162 77 6.24306
162 78 6.24306
162 79 6.24306
162 80 6.24306
162 81 6.24306
162 82 6.24306
162 83 6.24306
162 84 6.24306
162 85 6.24306
162 86 6.24306
162 87 6.24306
162 88 6.24306
162 89 6.24306
162 90 6.24306
162 91 6.24306
162 92 6.24306
162 93 6.24306
162 94 6.24306
162 95 6.31941
162 96 6.37799
162 97 6.38523
162 98 6.44537
162 99 6.5041
162 100 6.53468
162 101 6.55087
162 102 6.55218
162 103 6.55439
162 104 6.55439
162 105 6.55439
162 106 6.81526
162 107 7.04154
162 108 7.04899
162 109 7.10412
162 110 7.10412
162 111 7.34537
162 112 7.56235
162 113 7.60988
162 114 7.89959
162 115 8.37707
162 116 8.39442
162 117 8.4053
162 118 8.46028
162 119 8.47454
162 120 8.54699
162 121 8.62477
162 122 8.64526
162 123 8.6599
162 124 8.68888
162 125 8.94756
162 126 9.00205
162 127 9.02811
162 128 9.09262
162 129 9.16952
162 130 9.17042
162 131 9.26592
162 132 9.28039
162 133 9.37635
162 134 9.41399
162 135 9.42449
162 136 9.45882
162 137 9.47769
162 138 9.52591
162 139 9.53911
162 140 9.68382
162 141 9.71104
162 142 9.92403
162 143 9.92551
162 144 9.98251
162 145 9.99091
162 146 10.1243
162 147 10.1393
162 148 10.2037
162 149 10.3963
162 150 10.4286
162 151 10.4313
162 152 10.4393
162 153 10.4918
162 154 10.6988
162 155 10.7258
162 156 10.8522
162 157 10.9944
162 158 11.0345
162 159 11.0355
162 160 11.1489
162 161 11.2887
162 162 11.3139
162 163 11.4059
162 164 11.9909
162 165 12.0679
162 166 12.141
162 167 12.3239
162 168 12.3239
162 169 12.5882
162 170 12.6008
162 171 12.6214
162 172 12.6272
162 173 12.9116
162 174 12.9428
162 175 12.9639
162 176 13.1958
162 177 13.2311
162 178 13.2432
162 179 13.4906
162 180 13.5495
162 181 13.5964
162 182 13.8127
162 183 14.3441
162 184 14.3927
162 185 14.4488
162 186 14.5548
162 187 14.9661
162 188 15.0046
162 189 15.0817
162 190 15.2333
162 191 15.8047
162 192 15.8525
162 193 16.2838
162 194 16.654
162 195 16.7598
162 196 17.1363
162 197 17.8566
162 198 21.3258
162 199 24.2088
163 0 6.24306 1 8 21 14 19 10 12 13 26 22 3 7 9 33 32 20 34 16 6 18 28 25 27 5 31 11 4 17 29 30 23 24 2 15 1 
163 1 6.24306
163 2 6.24306
163 3 6.24306
163 4 6.24306
163 5 6.24306
163 6 6.24306
163 7 6.24306
163 8 6.24306
163 9 6.24306
163 10 6.24306
163 11 6.24306
163 12 6.24306
163 13 6.24306
163 14 6.24306
163 15 6.24306
163 16 6.24306
163 17 6.24306
163 18 6.24306
163 19 6.24306
163 20 6.24306
163 21 6.24306
163 22 6.24306
163 23 6.24306
163 24 6.24306
163 25 6.24306
163 26 6.24306
163 27 6.24306
163 28 6.24306
163 29 6.24306
163 30 6.24306
163 31 6.24306
163 32 6.24306
163 33 6.24306
163 34 6.24306
163 35 6.24306
163 36 6.24306
163 37 6.24306
163 38 6.24306
163 39 6.24306
163 40 6.24306
163 41 6.24306
163 42 6.24306
163 43 6.24306
163 44 6.24306
163 45 6.24306
163 46 6.24306
163 47 6.24306
163 48 6.24306
163 49 6.24306
163 50 6.24306
163 51 6.24306
163 52 6.24306
163 53 6.24306
163 54 6.24306
163 55 6.24306
163 56 6.24306
163 57 6.24306
163 58 6.24306
163 59 6.24306
163 60 6.24306
163 61 6.24306
163 62 6.24306
163 63 6.24306
163 64 6.24306
163 65 6.24306
163 66 6.24306
163 67 6.24306
163 68 6.24306
163 69 6.24306
163 70 6.24306
163 71 6.24306
163 72 6.24306
163 73 6.24306
163 74 6.24306
163 75 6.24306
163 76 6.24306
163 77 6.24306
163 78 6.24306
163 79 6.24306
163 80 6.24306
163 81 6.24306
163 82 6.24306
163 83 6.24306
163 84 6.24306
163 85 6.24306
163 86 6.24306
163 87 6.24306
163 88 6.24306
163 89 6.24306
163 90 6.24306
163 91 6.24306
163 92 6.24306
163 93 6.24306
163 94 6.31941
163 95 6.35129
163 96 6.44537
163 97 6.53468
163 98 6.53468
163 99 6.72514
163 100 6.81478
163 101 7.0412
163 102 7.04154
163 103 7.04154
163 104 7.11193
163 105 7.32823
163 106 7.51639
163 107 7.55841
163 108 7.56656
163 109 7.60371
163 110 7.81565
163 111 8.13775
163 112 8.13775
163 113 8.25525
163 114 8.46028
163 115 8.47454
163 116 8.54699
163 117 8.65261
163 118 8.68888
163 119 8.88937
163 120 8.90497
163 121 8.92224
163 122 9.02236
163 123 9.10839
163 124 9.37946
163 125 9.42617
163 126 9.45882
163 127 9.52367
163 128 9.83467
163 129 9.91129
163 130 9.92551
163 131 9.99195
163 132 10.0375
163 133 10.3061
163 134 10.3518
163 135 10.3826
163 136 10.4313
163 137 10.4323
163 138 10.4323
163 139 10.4393
163 140 10.618
163 141 10.6388
163 142 10.6935
163 143 10.7037
163 144 10.7359
163 145 10.736
163 146 10.8378
163 147 10.9403
163 148 10.9589
163 149 10.9607
163 150 10.9681
163 151 10.9899
163 152 10.9944
163 153 10.9969
163 154 11.1413
163 155 11.2997
163 156 11.3195
163 157 11.4028
163 158 11.4217
163 159 11.4554
163 160 11.5071
163 161 11.6369
163 162 11.6689
163 163 11.7362
163 164 11.7397
163 165 11.9909
163 166 12.175
163 167 12.212
163 168 12.2741
163 169 12.5643
163 170 12.5837
163 171 12.6497
163 172 12.7468
163 173 12.7879
163 174 12.8302
163 175 12.948
163 176 12.9746
163 177 13.0028
163 178 13.1321
163 179 13.2139
163 180 13.301
163 181 13.3211
163 182 13.3803
163 183 13.4127
163 184 13.4991
163 185 13.5223
163 186 14.0635
163 187 14.3208
163 188 14.4488
163 189 14.666
163 190 14.8045
163 191 15.1462
163 192 15.7677
163 193 16.714
163 194 17.0806
163 195 18.2023
163 196 18.4064
163 197 18.8098
163 198 20.0452
163 199 21.2189
164 0 6.24306 1 8 21 14 19 10 12 13 26 22 3 7 9 33 32 20 34 16 6 18 28 25 27 5 31 11 4 17 29 30 23 24 2 15 1 
164 1 6.24306
164 2 6.24306
164 3 6.24306
164 4 6.24306
164 5 6.24306
164 6 6.24306
164 7 6.24306
164 8 6.24306
164 9 6.24306
164 10 6.24306
164 11 6.24306
164 12 6.24306
164 13 6.24306
164 14 6.24306
164 15 6.24306
164 16 6.24306
164 17 6.24306
164 18 6.24306
164 19 6.24306
164 20 6.24306
164 21 6.24306
164 22 6.24306
164 23 6.24306
164 24 6.24306
164 25 6.24306
164 26 6.24306
164 27 6.24306
164 28 6.24306
164 29 6.24306
164 30 6.24306
164 31 6.24306
164 32 6.24306
164 33 6.24306
164 34 6.24306
164 35 6.24306
164 36 6.24306
164 37 6.24306
164 38 6.24306
164 39 6.24306
164 40 6.24306
164 41 6.24306
164 42 6.24306
164 43 6.24306
164 44 6.24306
164 45 6.24306
164 46 6.24306
164 47 6.24306
164 48 6.24306
164 49 6.24306
164 50 6.24306
164 51 6.24306
164 52 6.24306
164 53 6.24306
164 54 6.24306
164 55 6.24306
164 56 6.24306
164 57 6.24306
164 58 6.24306
164 59 6.24306
164 60 6.24306
164 61 6.24306
164 62 6.24306
164 63 6.24306
164 64 6.24306
164 65 6.24306
164 66 6.24306
164 67 6.24306
164 68 6.24306
164 69 6.24306
164 70 6.24306
164 71 6.24306
164 72 6.24306
164 73 6.24306
164 74 6.24306
164 75 6.24306
164 76 6.24306
164 77 6.24306
164 78 6.24306
164 79 6.24306
164 80 6.24306
164 81 6.24306
164 82 6.24306
164 83 6.24306
164 84 6.24306
164 85 6.24306
164 86 6.24306
164 87 6.24306
164 88 6.24306
164 89 6.24306
164 90 6.24306
164 91 6.24306
164 92 6.24306
164 93 6.24306
164 94 6.24306
164 95 6.24306
164 96 6.24306
164 97 6.24306
164 98 6.24306
164 99 6.24306
164 100 6.24306
164 101 6.25063
164 102 6.44537
164 103 6.53468
164 104 6.72514
164 105 6.74052
164 106 7.03166
164 107 7.04154
164 108 7.21377
164 109 7.21875
164 110 7.24385
164 111 7.32543
164 112 7.32823
164 113 7.33299
164 114 7.59215
164 115 7.70891
164 116 7.81565
164 117 7.94638
164 118 8.02005
164 119 8.10727
164 120 8.19509
164 121 8.67592
164 122 8.7405
164 123 8.75367
164 124 8.88937
164 125 8.88937
164 126 8.90497
164 127 9.04624
164 128 9.07591
164 129 9.10807
164 130 9.11709
164 131 9.31242
164 132 9.50118
164 133 9.53714
164 134 9.58896
164 135 9.61396
164 136 9.66588
164 137 9.70035
164 138 9.75516
164 139 9.84252
164 140 9.89172
164 141 9.91359
164 142 9.95142
164 143 10.2311
164 144 10.2531
164 145 10.3061
164 146 10.3115
164 147 10.3298
164 148 10.3518
164 149 10.5028
164 150 10.5273
164 151 10.5949
164 152 10.6697
164 153 10.6903
164 154 10.7037
164 155 10.7166
164 156 10.7359
164 157 10.7673
164 158 10.8232
164 159 10.9243
164 160 10.9607
164 161 10.9706
164 162 10.9899
164 163 11.0693
164 164 11.1413
164 165 11.2997
164 166 11.3195
164 167 11.4059
164 168 11.4557
164 169 11.6981
164 170 11.6989
164 171 11.8336
164 172 11.8859
164 173 11.8898
164 174 12.4998
164 175 12.7879
164 176 13.1321
164 177 13.2043
164 178 13.2494
164 179 13.3211
164 180 13.4143
164 181 13.4187
164 182 13.5127
164 183 13.5223
164 184 13.5898
164 185 13.9136
164 186 14.0216
164 187 14.1125
164 188 14.1837
164 189 14.3457
164 190 14.4488
164 191 14.7786
164 192 14.8276
164 193 15.2951
164 194 15.7677
164 195 15.9971
164 196 17.3833
164 197 18.589
164 198 18.8181
164 199 19.4579
165 0 6.24306 1 8 21 14 19 10 12 13 26 22 3 7 9 33 32 20 34 16 6 18 28 25 27 5 31 11 4 17 29 30 23 24 2 15 1 
165 1 6.24306
165 2 6.24306
165 3 6.24306
165 4 6.24306
165 5 6.24306
165 6 6.24306
165 7 6.24306
165 8 6.24306
165 9 6.24306
165 10 6.24306
165 11 6.24306
165 12 6.24306
165 13 6.24306
165 14 6.24306
165 15 6.24306
165 16 6.24306
165 17 6.24306
165 18 6.24306
165 19 6.24306
165 20 6.24306
165 21 6.24306
165 22 6.24306
165 23 6.24306
165 24 6.24306
165 25 6.24306
165 26 6.24306
165 27 6.24306
165 28 6.24306
165 29 6.24306
165 30 6.24306
165 31 6.24306
165 32 6.24306
165 33 6.24306
165 34 6.24306
165 35 6.24306
165 36 6.24306
165 37 6.24306
165 38 6.24306
165 39 6.24306
165 40 6.24306
165 41 6.24306
165 42 6.24306
165 43 6.24306
165 44 6.24306
165 45 6.24306
165 46 6.24306
165 47 6.24306
165 48 6.24306
165 49 6.24306
165 50 6.24306
165 51 6.24306
165 52 6.24306
165 53 6.24306
165 54 6.24306
165 55 6.24306
165 56 6.24306
165 57 6.24306
165 58 6.24306
165 59 6.24306
165 60 6.24306
165 61 6.24306
165 62 6.24306
165 63 6.24306
165 64 6.24306
165 65 6.24306
165 66 6.24306
165 67 6.24306
165 68 6.24306
165 69 6.24306
165 70 6.24306
165 71 6.24306
165 72 6.24306
165 73 6.24306
165 74 6.24306
165 75 6.24306
165 76 6.24306
165 77 6.24306
165 78 6.24306
165 79 6.24306
165 80 6.24306
165 81 6.24306
165 82 6.24306
165 83 6.24306
165 84 6.24306
165 85 6.24306
165 86 6.24306
165 87 6.24306
165 88 6.24306
165 89 6.24306
165 90 6.24306
165 91 6.24306
165 92 6.26294
165 93 6.44537
165 94 6.44537
165 95 6.74052
165 96 6.8843
165 97 7.03149
165 98 7.03166
165 99 7.21875
165 100 7.24385
165 101 7.27179
165 102 7.31231
165 103 7.32543
165 104 7.34719
165 105 7.54479
165 106 7.81565
165 107 7.91484
165 108 7.94638
165 109 8.02005
165 110 8.04679
165 111 8.11367
165 112 8.16097
165 113 8.20638
165 114 8.21096
165 115 8.21327
165 116 8.2916
165 117 8.55889
165 118 8.75367
165 119 8.88937
165 120 9.01458
165 121 9.02236
165 122 9.12108
165 123 9.23486
165 124 9.23938
165 125 9.27896
165 126 9.39594
165 127 9.45186
165 128 9.50118
165 129 9.56299
165 130 9.75516
165 131 9.84252
165 132 9.85264
165 133 9.89172
165 134 9.91359
165 135 9.939
165 136 9.95445
165 137 9.96771
165 138 10.1587
165 139 10.1615
165 140 10.2935
165 141 10.3181
165 142 10.3518
165 143 10.3698
165 144 10.3765
165 145 10.4724
165 146 10.5
165 147 10.5624
165 148 10.5949
165 149 10.6326
165 150 10.7618
165 151 10.7965
165 152 10.8232
165 153 10.8273
165 154 10.9615
165 155 10.9843
165 156 11.1725
165 157 11.3199
165 158 11.6643
165 159 11.8789
165 160 11.887
165 161 12.0901
165 162 12.1397
165 163 12.1658
165 164 12.2777
165 165 12.6864
165 166 12.7046
165 167 13.1997
165 168 13.3109
165 169 13.4414
165 170 13.5127
165 171 13.6462
165 172 13.7022
165 173 13.7324
165 174 13.8225
165 175 13.823
165 176 13.857
165 177 14.1837
165 178 14.4351
165 179 14.4821
165 180 14.4982
165 181 14.5074
165 182 14.7221
165 183 14.776
165 184 14.8077
165 185 14.984
165 186 15.2951
165 187 15.4093
165 188 15.5241
165 189 15.5484
165 190 15.7677
165 191 16.3253
165 192 16.3943
165 193 17.241
165 194 17.4187
165 195 18.1586
165 196 18.4677
165 197 19.0936
165 198 19.7302
165 199 20.0192
166 0 6.24306 1 8 21 14 19 10 12 13 26 22 3 7 9 33 32 20 34 16 6 18 28 25 27 5 31 11 4 17 29 30 23 24 2 15 1 
166 1 6.24306
166 2 6.24306
166 3 6.24306
166 4 6.24306
166 5 6.24306
166 6 6.24306
166 7 6.24306
166 8 6.24306
166 9 6.24306
166 10 6.24306
166 11 6.24306
166 12 6.24306
166 13 6.24306
166 14 6.24306
166 15 6.24306
166 16 6.24306
166 17 6.24306
166 18 6.24306
166 19 6.24306
166 20 6.24306
166 21 6.24306
166 22 6.24306
166 23 6.24306
166 24 6.24306
166 25 6.24306
166 26 6.24306
166 27 6.24306
166 28 6.24306
166 29 6.24306
166 30 6.24306
166 31 6.24306
166 32 6.24306
166 33 6.24306
166 34 6.24306
166 35 6.24306
166 36 6.24306
166 37 6.24306
166 38 6.24306
166 39 6.24306
166 40 6.24306
166 41 6.24306
166 42 6.24306
166 43 6.24306
166 44 6.24306
166 45 6.24306
166 46 6.24306
166 47 6.24306
166 48 6.24306
166 49 6.24306
166 50 6.24306
166 51 6.24306
166 52 6.24306
166 53 6.24306
166 54 6.24306
166 55 6.24306
166 56 6.24306
166 57 6.24306
166 58 6.24306
166 59 6.24306
166 60 6.24306
166 61 6.24306
166 62 6.24306
166 63 6.24306
166 64 6.24306
166 65 6.24306
166 66 6.24306
166 67 6.24306
166 68 6.24306
166 69 6.24306
166 70 6.24306
166 71 6.24306
166 72 6.24306
166 73 6.24306
166 74 6.24306
166 75 6.24306
166 76 6.24306
166 77 6.24306
166 78 6.24306
166 79 6.24306
166 80 6.24306
166 81 6.24306
166 82 6.24306
166 83 6.24306
166 84 6.24306
166 85 6.24306
166 86 6.24306
166 87 6.24306
166 88 6.24306
166 89 6.24306
166 90 6.24306
166 91 6.24306
166 92 6.24306
166 93 6.24306
166 94 6.24306
166 95 6.24306
166 96 6.24306
166 97 6.24306
166 98 6.24306
166 99 6.24306
166 100 6.24306
166 101 6.24306
166 102 6.24306
166 103 6.24306
166 104 6.24306
166 105 6.24306
166 106 6.24306
166 107 6.24306
166 108 6.24306
166 109 6.24306
166 110 6.26294
166 111 6.26294
166 112 6.26846
166 113 6.31941
166 114 6.44537
166 115 6.44537
166 116 6.74052
166 117 6.8843
166 118 6.8843
166 119 7.03166
166 120 7.03166
166 121 7.04495
166 122 7.04945
166 123 7.11193
166 124 7.13706
166 125 7.14448
166 126 7.2779
166 127 7.32543
166 128 7.48349
166 129 7.54479
166 130 7.70891
166 131 7.81565
166 132 7.93753
166 133 8.02005
166 134 8.16097
166 135 8.31211
166 136 8.5037
166 137 8.56686
166 138 8.77463
166 139 8.83057
166 140 8.90325
166 141 8.90446
166 142 8.93449
166 143 9.02236
166 144 9.02236
166 145 9.27896
166 146 9.33735
166 147 9.48361
166 148 9.50118
166 149 9.77025
166 150 9.85264
166 151 9.90948
166 152 9.93343
166 153 10.1039
166 154 10.2488
166 155 10.3164
166 156 10.3345
166 157 10.4157
166 158 10.4238
166 159 10.4398
166 160 10.7608
166 161 10.791
166 162 10.864
166 163 10.874
166 164 10.9296
166 165 10.9607
166 166 11.0355
166 167 11.0632
166 168 11.2498
166 169 11.3986
166 170 11.4266
166 171 11.5573
166 172 11.7231
166 173 11.79
166 174 11.8436
166 175 12.144
166 176 12.1482
166 177 12.1658
166 178 12.2943
166 179 12.3285
166 180 12.6299
166 181 12.813
166 182 12.97
166 183 13.0487
166 184 13.1807
166 185 13.5495
166 186 13.652
166 187 13.7367
166 188 14.3496
166 189 14.9164
166 190 15.4671
166 191 15.7834
166 192 15.8531
166 193 17.241
166 194 17.3549
166 195 18.7839
166 196 18.9872
166 197 19.2288
166 198 20.0117
166 199 20.8767
167 0 6.24306 1 8 21 14 19 10 12 13 26 22 3 7 9 33 32 20 34 16 6 18 28 25 27 5 31 11 4 17 29 30 23 24 2 15 1 
167 1 6.24306
167 2 6.24306
167 3 6.24306
167 4 6.24306
167 5 6.24306
167 6 6.24306
167 7 6.24306
167 8 6.24306
167 9 6.24306
167 10 6.24306
167 11 6.24306
167 12 6.24306
167 13 6.24306
167 14 6.24306
167 15 6.24306
167 16 6.24306
167 17 6.24306
167 18 6.24306
167 19 6.24306
167 20 6.24306
167 21 6.24306
167 22 6.24306
167 23 6.24306
167 24 6.24306
167 25 6.24306
167 26 6.24306
167 27 6.24306
167 28 6.24306
167 29 6.24306
167 30 6.24306
167 31 6.24306
167 32 6.24306
167 33 6.24306
167 34 6.24306
167 35 6.24306
167 36 6.24306
167 37 6.24306
167 38 6.24306
167 39 6.24306
167 40 6.24306
167 41 6.24306
167 42 6.24306
167 43 6.24306
167 44 6.24306
167 45 6.24306
167 46 6.24306
167 47 6.24306
167 48 6.24306
167 49 6.24306
167 50 6.24306
167 51 6.24306
167 52 6.24306
167 53 6.24306
167 54 6.24306
167 55 6.24306
167 56 6.24306
167 57 6.24306
167 58 6.24306
167 59 6.24306
167 60 6.24306
167 61 6.24306
167 62 6.24306
167 63 6.24306
167 64 6.24306
167 65 6.24306
167 66 6.24306
167 67 6.24306
167 68 6.24306
167 69 6.24306
167 70 6.24306
167 71 6.24306
167 72 6.24306
167 73 6.24306
167 74 6.24306
167 75 6.24306
167 76 6.24306
167 77 6.24306
167 78 6.24306
167 79 6.24306
167 80 6.24306
167 81 6.24306
167 82 6.24306
167 83 6.24306
167 84 6.24306
167 85 6.24306
167 86 6.24306
167 87 6.24306
167 88 6.24306
167 89 6.24306
167 90 6.24306
167 91 6.24306
167 92 6.24306
167 93 6.24306
167 94 6.24306
167 95 6.24306
167 96 6.24306
167 97 6.24306
167 98 6.24306
167 99 6.24306
167 100 6.24306
167 101 6.24306
167 102 6.24306
167 103 6.24306
167 104 6.24306
167 105 6.24306
167 106 6.24306
167 107 6.24306
167 108 6.24306
167 109 6.26052
167 110 6.26294
167 111 6.31941
167 112 6.3328
167 113 6.74052
167 114 7.11193
167 115 7.32543
167 116 7.51254
167 117 7.52636
167 118 7.84384
167 119 8.02005
167 120 8.06322
167 121 8.07579
167 122 8.16097
167 123 8.18767
167 124 8.20638
167 125 8.42155
167 126 8.5037
167 127 8.5037
167 128 8.50543
167 129 8.56686
167 130 8.85736
167 131 8.90446
167 132 8.99222
167 133 8.99273
167 134 9.02236
167 135 9.02236
167 136 9.14255
167 137 9.23781
167 138 9.47876
167 139 9.59306
167 140 9.70034
167 141 9.73562
167 142 9.76293
167 143 9.78063
167 144 9.83112
167 145 9.85264
167 146 9.89172
167 147 9.90948
167 148 9.95893
167 149 10.0024
167 150 10.0284
167 151 10.1269
167 152 10.1567
167 153 10.1644
167 154 10.3027
167 155 10.3327
167 156 10.4171
167 157 10.5705
167 158 10.6383
167 159 10.7359
167 160 10.7608
167 161 10.7706
167 162 10.9296
167 163 10.9463
167 164 11.2275
167 165 11.4129
167 166 11.6643
167 167 11.7231
167 168 12.0484
167 169 12.144
167 170 12.1523
167 171 12.2209
167 172 12.2295
167 173 12.2784
167 174 12.3904
167 175 12.6335
167 176 12.6566
167 177 12.813
167 178 12.813
167 179 12.867
167 180 13.018
167 181 13.0485
167 182 13.2599
167 183 13.4647
167 184 13.5191
167 185 13.6275
167 186 13.7133
167 187 13.775
167 188 14.7019
167 189 14.9246
167 190 15.0546
167 191 15.4671
167 192 15.4671
167 193 15.4778
167 194 15.8458
167 195 16.3944
167 196 16.853
167 197 17.0723
167 198 17.8856
167 199 22.2592
168 0 6.24306 1 8 21 14 19 10 12 13 26 22 3 7 9 33 32 20 34 16 6 18 28 25 27 5 31 11 4 17 29 30 23 24 2 15 1 
168 1 6.24306
168 2 6.24306
168 3 6.24306
168 4 6.24306
168 5 6.24306
168 6 6.24306
168 7 6.24306
168 8 6.24306
168 9 6.24306
168 10 6.24306
168 11 6.24306
168 12 6.24306
168 13 6.24306
168 14 6.24306
168 15 6.24306
168 16 6.24306
168 17 6.24306
168 18 6.24306
168 19 6.24306
168 20 6.24306
168 21 6.24306
168 22 6.24306
168 23 6.24306
168 24 6.24306
168 25 6.24306
168 26 6.24306
168 27 6.24306
168 28 6.24306
168 29 6.24306
168 30 6.24306
168 31 6.24306
168 32 6.24306
168 33 6.24306
168 34 6.24306
168 35 6.24306
168 36 6.24306
168 37 6.24306
168 38 6.24306
168 39 6.24306
168 40 6.24306
168 41 6.24306
168 42 6.24306
168 43 6.24306
168 44 6.24306
168 45 6.24306
168 46 6.24306
168 47 6.24306
168 48 6.24306
168 49 6.24306
168 50 6.24306
168 51 6.24306
168 52 6.24306
168 53 6.24306
168 54 6.24306
168 55 6.24306
168 56 6.24306
168 57 6.24306
168 58 6.24306
168 59 6.24306
168 60 6.24306
168 61 6.24306
168 62 6.24306
168 63 6.24306
168 64 6.24306
168 65 6.24306
168 66 6.24306
168 67 6.24306
168 68 6.24306
168 69 6.24306
168 70 6.24306
168 71 6.24306
168 72 6.24306
168 73 6.24306
168 74 6.24306
168 75 6.24306
168 76 6.24306
168 77 6.24306
168 78 6.24306
168 79 6.24306
168 80 6.24306
168 81 6.24306
168 82 6.24306
168 83 6.24306
168 84 6.24306
168 85 6.24306
168 86 6.24306
168 87 6.24306
168 88 6.24306
168 89 6.24306
168 90 6.24306
168 91 6.24306
168 92 6.24306
168 93 6.24306
168 94 6.24306
168 95 6.24306
168 96 6.24306
168 97 6.24306
168 98 6.26294
168 99 6.26294
168 100 6.5041
168 101 6.55087
168 102 6.55597
168 103 6.74052
168 104 7.04899
168 105 7.06617
168 106 7.51254
168 107 7.56196
168 108 8.26144
168 109 8.31755
168 110 8.43172
168 111 8.44551
168 112 8.46878
168 113 8.5037
168 114 8.5885
168 115 8.78251
168 116 8.85745
168 117 8.93421
168 118 9.04888
168 119 9.11146
168 120 9.20486
168 121 9.27346
168 122 9.29198
168 123 9.55323
168 124 9.59306
168 125 9.6316
168 126 9.66485
168 127 9.70034
168 128 9.70777
168 129 9.74598
168 130 9.76293
168 131 9.93017
168 132 9.98336
168 133 10.0024
168 134 10.0395
168 135 10.0668
168 136 10.2371
168 137 10.2775
168 138 10.2866
168 139 10.2906
168 140 10.317
168 141 10.3933
168 142 10.4562
168 143 10.5048
168 144 10.6383
168 145 10.6621
168 146 10.7298
168 147 10.7388
168 148 10.9193
168 149 10.9463
168 150 10.9959
168 151 11.0841
168 152 11.1254
168 153 11.1312
168 154 11.1454
168 155 11.1674
168 156 11.4129
168 157 11.5962
168 158 11.6562
168 159 11.7068
168 160 11.9428
168 161 12.0967
168 162 12.1072
168 163 12.1651
168 164 12.3521
168 165 12.3646
168 166 12.3679
168 167 12.5997
168 168 12.6174
168 169 12.6335
168 170 12.7929
168 171 12.8347
168 172 12.8525
168 173 12.9041
168 174 12.9556
168 175 12.9876
168 176 13.018
168 177 13.0645
168 178 13.149
168 179 13.2599
168 180 13.3729
168 181 13.4143
168 182 13.5694
168 183 13.618
168 184 13.6275
168 185 13.7119
168 186 13.775
168 187 13.9297
168 188 14.5091
168 189 14.7019
168 190 14.8787
168 191 15.3062
168 192 15.4671
168 193 15.4671
168 194 15.5676
168 195 16.6363
168 196 17.4638
168 197 17.5902
168 198 18.7623
168 199 21.858
169 0 6.24306 1 8 21 14 19 10 12 13 26 22 3 7 9 33 32 20 34 16 6 18 28 25 27 5 31 11 4 17 29 30 23 24 2 15 1 
169 1 6.24306
169 2 6.24306
169 3 6.24306
169 4 6.24306
169 5 6.24306
169 6 6.24306
169 7 6.24306
169 8 6.24306
169 9 6.24306
169 10 6.24306
169 11 6.24306
169 12 6.24306
169 13 6.24306
169 14 6.24306
169 15 6.24306
169 16 6.24306
169 17 6.24306
169 18 6.24306
169 19 6.24306
169 20 6.24306
169 21 6.24306
169 22 6.24306
169 23 6.24306
169 24 6.24306
169 25 6.24306
169 26 6.24306
169 27 6.24306
169 28 6.24306
169 29 6.24306
169 30 6.24306
169 31 6.24306
169 32 6.24306
169 33 6.24306
169 34 6.24306
169 35 6.24306
169 36 6.24306
169 37 6.24306
169 38 6.24306
169 39 6.24306
169 40 6.24306
169 41 6.24306
169 42 6.24306
169 43 6.24306
169 44 6.24306
169 45 6.24306
169 46 6.24306
169 47 6.24306
169 48 6.24306
169 49 6.24306
169 50 6.24306
169 51 6.24306
169 52 6.24306
169 53 6.24306
169 54 6.24306
169 55 6.24306
169 56 6.24306
169 57 6.24306
169 58 6.24306
169 59 6.24306
169 60 6.24306
169 61 6.24306
169 62 6.24306
169 63 6.24306
169 64 6.24306
169 65 6.24306
169 66 6.24306
169 67 6.24306
169 68 6.24306
169 69 6.24306
169 70 6.24306
169 71 6.24306
169 72 6.24306
169 73 6.24306
169 74 6.24306
169 75 6.24306
169 76 6.24306
169 77 6.24306
169 78 6.24306
169 79 6.24306
169 80 6.24306
169 81 6.24306
169 82 6.24306
169 83 6.24306
169 84 6.24306
169 85 6.24306
169 86 6.26294
169 87 6.26294
169 88 6.26294
169 89 6.44537
169 90 6.48612
169 91 6.55087
169 92 6.72514
169 93 6.84853
169 94 7.0412
169 95 7.05117
169 96 7.26454
169 97 7.27179
169 98 7.33034
169 99 7.54302
169 100 7.56196
169 101 7.56196
169 102 7.56196
169 103 7.58005
169 104 7.58514
169 105 8.10133
169 106 8.11439
169 107 8.11439
169 108 8.36813
169 109 8.44095
169 110 8.5885
169 111 8.72767
169 112 8.75367
169 113 8.94841
169 114 9.13466
169 115 9.18376
169 116 9.52676
169 117 9.55323
169 118 9.6879
169 119 9.70034
169 120 9.7223
169 121 9.76293
169 122 9.89172
169 123 10.0395
169 124 10.0395
169 125 10.0893
169 126 10.1069
169 127 10.1872
169 128 10.2184
169 129 10.2378
169 130 10.2906
169 131 10.317
169 132 10.3403
169 133 10.3719
169 134 10.4562
169 135 10.4618
169 136 10.5025
169 137 10.5403
169 138 10.5967
169 139 10.6522
169 140 10.6713
169 141 10.6744
169 142 10.6903
169 143 10.7388
169 144 10.7436
169 145 10.7789
169 146 10.8196
169 147 11.1055
169 148 11.1254
169 149 11.1628
169 150 11.1848
169 151 11.2437
169 152 11.6589
169 153 11.6928
169 154 11.7159
169 155 11.8004
169 156 11.8725
169 157 12.0242
169 158 12.0887
169 159 12.1651
169 160 12.3392
169 161 12.3452
169 162 12.3638
169 163 12.3646
169 164 12.3646
169 165 12.3646
169 166 12.4704
169 167 12.5109
169 168 12.5214
169 169 12.5997
169 170 12.6335
169 171 12.8828
169 172 12.8871
169 173 12.8918
169 174 12.9133
169 175 12.9252
169 176 12.9427
169 177 13.0023
169 178 13.0104
169 179 13.0518
169 180 13.1409
169 181 13.1571
169 182 13.1721
169 183 13.1757
169 184 13.2032
169 185 13.2684
169 186 13.3963
169 187 13.4167
169 188 13.4221
169 189 13.4312
169 190 13.7972
169 191 14.0685
169 192 14.3933
169 193 15.3062
169 194 15.8835
169 195 16.2021
169 196 16.4245
169 197 16.6363
169 198 16.7853
169 199 17.4638
170 0 6.24306 1 8 21 14 19 10 12 13 26 22 3 7 9 33 32 20 34 16 6 18 28 25 27 5 31 11 4 17 29 30 23 24 2 15 1 
170 1 6.24306
170 2 6.24306
170 3 6.24306
170 4 6.24306
170 5 6.24306
170 6 6.24306
170 7 6.24306
170 8 6.24306
170 9 6.24306
170 10 6.24306
170 11 6.24306
170 12 6.24306
170 13 6.24306
170 14 6.24306
170 15 6.24306
170 16 6.24306
170 17 6.24306
170 18 6.24306
170 19 6.24306
170 20 6.24306
170 21 6.24306
170 22 6.24306
170 23 6.24306
170 24 6.24306
170 25 6.24306
170 26 6.24306
170 27 6.24306
170 28 6.24306
170 29 6.24306
170 30 6.24306
170 31 6.24306
170 32 6.24306
170 33 6.24306
170 34 6.24306
170 35 6.24306
170 36 6.24306
170 37 6.24306
170 38 6.24306
170 39 6.24306
170 40 6.24306
170 41 6.24306
170 42 6.24306
170 43 6.24306
170 44 6.24306
170 45 6.24306
170 46 6.24306
170 47 6.24306
170 48 6.24306
170 49 6.24306
170 50 6.24306
170 51 6.24306
170 52 6.24306
170 53 6.24306
170 54 6.24306
170 55 6.24306
170 56 6.24306
170 57 6.24306
170 58 6.24306
170 59 6.24306
170 60 6.24306
170 61 6.24306
170 62 6.24306
170 63 6.24306
170 64 6.24306
170 65 6.24306
170 66 6.24306
170 67 6.24306
170 68 6.24306
170 69 6.24306
170 70 6.24306
170 71 6.24306
170 72 6.24306
170 73 6.24306
170 74 6.24306
170 75 6.24306
170 76 6.24306
170 77 6.24306
170 78 6.24306
170 79 6.24306
170 80 6.24306
170 81 6.24306
170 82 6.24306
170 83 6.24306
170 84 6.24306
170 85 6.24306
170 86 6.24306
170 87 6.24306
170 88 6.24306
170 89 6.24306
170 90 6.24306
170 91 6.26294
170 92 6.29879
170 93 6.55201
170 94 6.72514
170 95 6.81478
170 96 6.84853
170 97 6.85663
170 98 6.8843
170 99 7.0412
170 100 7.05117
170 101 7.28094
170 102 7.30067
170 103 7.31961
170 104 7.41911
170 105 7.56196
170 106 7.95599
170 107 8.36635
170 108 8.44095
170 109 8.5885
170 110 8.69826
170 111 8.72767
170 112 8.80541
170 113 8.81568
170 114 8.93421
170 115 9.10876
170 116 9.23268
170 117 9.3537
170 118 9.44347
170 119 9.48549
170 120 9.50564
170 121 9.62606
170 122 9.65146
170 123 9.6879
170 124 9.6879
170 125 9.6921
170 126 9.73517
170 127 9.73952
170 128 9.8174
170 129 9.85589
170 130 10.0395
170 131 10.1728
170 132 10.1872
170 133 10.2191
170 134 10.2432
170 135 10.3287
170 136 10.3719
170 137 10.3982
170 138 10.4323
170 139 10.4323
170 140 10.4323
170 141 10.5294
170 142 10.5827
170 143 10.658
170 144 10.6627
170 145 10.6713
170 146 10.6903
170 147 10.7388
170 148 10.9478
170 149 11.0207
170 150 11.0355
170 151 11.1537
170 152 11.6232
170 153 11.6928
170 154 11.7683
170 155 11.9508
170 156 12.0242
170 157 12.1162
170 158 12.1694
170 159 12.2117
170 160 12.3646
170 161 12.3646
170 162 12.3689
170 163 12.4057
170 164 12.466
170 165 12.5214
170 166 12.5984
170 167 12.7265
170 168 12.7541
170 169 12.9931
170 170 13.0023
170 171 13.0528
170 172 13.0771
170 173 13.1409
170 174 13.16
170 175 13.1757
170 176 13.2139
170 177 13.2585
170 178 13.3729
170 179 13.4167
170 180 13.5708
170 181 13.6847
170 182 13.8322
170 183 14.3053
170 184 14.343
170 185 14.3933
170 186 14.4305
170 187 14.5222
170 188 14.5306
170 189 14.5512
170 190 14.5537
170 191 14.6314
170 192 14.7328
170 193 15.0091
170 194 17.0349
170 195 17.0735
170 196 17.3608
170 197 17.9144
170 198 18.9176
170 199 20.1816
171 0 6.24306 1 8 21 14 19 10 12 13 26 22 3 7 9 33 32 20 34 16 6 18 28 25 27 5 31 11 4 17 29 30 23 24 2 15 1 
171 1 6.24306
171 2 6.24306
171 3 6.24306
171 4 6.24306
171 5 6.24306
171 6 6.24306
171 7 6.24306
171 8 6.24306
171 9 6.24306
171 10 6.24306
171 11 6.24306
171 12 6.24306
171 13 6.24306
171 14 6.24306
171 15 6.24306
171 16 6.24306
171 17 6.24306
171 18 6.24306
171 19 6.24306
171 20 6.24306
171 21 6.24306
171 22 6.24306
171 23 6.24306
171 24 6.24306
171 25 6.24306
171 26 6.24306
171 27 6.24306
171 28 6.24306
171 29 6.24306
171 30 6.24306
171 31 6.24306
171 32 6.24306
171 33 6.24306
171 34 6.24306
171 35 6.24306
171 36 6.24306
171 37 6.24306
171 38 6.24306
171 39 6.24306
171 40 6.24306
171 41 6.24306
171 42 6.24306
171 43 6.24306
171 44 6.24306
171 45 6.24306
171 46 6.24306
171 47 6.24306
171 48 6.24306
171 49 6.24306
171 50 6.24306
171 51 6.24306
171 52 6.24306
171 53 6.24306
171 54 6.24306
171 55 6.24306
171 56 6.24306
171 57 6.24306
171 58 6.24306
171 59 6.24306
171 60 6.24306
171 61 6.24306
171 62 6.24306
171 63 6.24306
171 64 6.24306
171 65 6.24306
171 66 6.24306
171 67 6.24306
171 68 6.24306
171 69 6.24306
171 70 6.24306
171 71 6.24306
171 72 6.24306
171 73 6.24306
171 74 6.24306
171 75 6.24306
171 76 6.24306
171 77 6.24306
171 78 6.24306
171 79 6.24306
171 80 6.24306
171 81 6.24306
171 82 6.24306
171 83 6.24306
171 84 6.24306
171 85 6.25063
171 86 6.26294
171 87 6.26294
171 88 6.29879
171 89 6.42002
171 90 6.66192
171 91 6.72514
171 92 6.84853
171 93 6.85663
171 94 6.8843
171 95 7.0412
171 96 7.21759
171 97 7.28094
171 98 7.30067
171 99 7.30067
171 100 7.32543
171 101 7.54479
171 102 7.5789
171 103 7.65323
171 104 7.81836
171 105 7.97479
171 106 8.09276
171 107 8.11439
171 108 8.58095
171 109 8.5885
171 110 8.75345
171 111 8.82337
171 112 8.97054
171 113 9.0255
171 114 9.04505
171 115 9.0791
171 116 9.13975
171 117 9.23486
171 118 9.38276
171 119 9.40073
171 120 9.48549
171 121 9.52161
171 122 9.6921
171 123 9.73952
171 124 9.73952
171 125 9.79826
171 126 9.91789
171 127 10.1872
171 128 10.2432
171 129 10.2602
171 130 10.3735
171 131 10.3982
171 132 10.4091
171 133 10.4323
171 134 10.4323
171 135 10.4323
171 136 10.4674
171 137 10.5353
171 138 10.5424
171 139 10.5827
171 140 10.658
171 141 10.6903
171 142 10.7304
171 143 10.7388
171 144 10.7877
171 145 10.7927
171 146 10.8504
171 147 11.0207
171 148 11.1055
171 149 11.2516
171 150 11.5442
171 151 11.5488
171 152 11.5585
171 153 11.578
171 154 11.6928
171 155 11.8348
171 156 11.8369
171 157 11.8719
171 158 11.9508
171 159 11.9508
171 160 11.9878
171 161 12.0136
171 162 12.0685
171 163 12.0952
171 164 12.1162
171 165 12.2117
171 166 12.3536
171 167 12.4427
171 168 12.466
171 169 12.4858
171 170 12.4989
171 171 12.6275
171 172 12.7587
171 173 12.9549
171 174 12.9931
171 175 13.16
171 176 13.2139
171 177 13.246
171 178 13.3973
171 179 13.4167
171 180 13.53
171 181 13.6687
171 182 13.7179
171 183 13.9497
171 184 13.9512
171 185 14.3933
171 186 14.5461
171 187 15.0856
171 188 15.1087
171 189 15.4119
171 190 15.5523
171 191 16.455
171 192 16.5857
171 193 16.7032
171 194 16.7186
171 195 16.8211
171 196 17.8146
171 197 20.3525
171 198 20.6839
171 199 24.8184
172 0 6.24306 1 8 21 14 19 10 12 13 26 22 3 7 9 33 32 20 34 16 6 18 28 25 27 5 31 11 4 17 29 30 23 24 2 15 1 
172 1 6.24306
172 2 6.24306
172 3 6.24306
172 4 6.24306
172 5 6.24306
172 6 6.24306
172 7 6.24306
172 8 6.24306
172 9 6.24306
172 10 6.24306
172 11 6.24306
172 12 6.24306
172 13 6.24306
172 14 6.24306
172 15 6.24306
172 16 6.24306
172 17 6.24306
172 18 6.24306
172 19 6.24306
172 20 6.24306
172 21 6.24306
172 22 6.24306
172 23 6.24306
172 24 6.24306
172 25 6.24306
172 26 6.24306
172 27 6.24306
172 28 6.24306
172 29 6.24306
172 30 6.24306
172 31 6.24306
172 32 6.24306
172 33 6.24306
172 34 6.24306
172 35 6.24306
172 36 6.24306
172 37 6.24306
172 38 6.24306
172 39 6.24306
172 40 6.24306
172 41 6.24306
172 42 6.24306
172 43 6.24306
172 44 6.24306
172 45 6.24306
172 46 6.24306
172 47 6.24306
172 48 6.24306
172 49 6.24306
172 50 6.24306
172 51 6.24306
172 52 6.24306
172 53 6.24306
172 54 6.24306
172 55 6.24306
172 56 6.24306
172 57 6.24306
172 58 6.24306
172 59 6.24306
172 60 6.24306
172 61 6.24306
172 62 6.24306
172 63 6.24306
172 64 6.24306
172 65 6.24306
172 66 6.24306
172 67 6.24306
172 68 6.24306
172 69 6.24306
172 70 6.24306
172 71 6.24306
172 72 6.24306
172 73 6.24306
172 74 6.24306
172 75 6.24306
172 76 6.24306
172 77 6.24306
172 78 6.24306
172 79 6.24306
172 80 6.24306
172 81 6.24306
172 82 6.24306
172 83 6.24306
172 84 6.24306
172 85 6.24306
172 86 6.24306
172 87 6.24306
172 88 6.24306
172 89 6.24306
172 90 6.24306
172 91 6.24306
172 92 6.24306
172 93 6.24306
172 94 6.57315
172 95 6.84853
172 96 6.8843
172 97 7.0412
172 98 7.12344
172 99 7.12344
172 100 7.58005
172 101 7.63014
172 102 7.84551
172 103 8.13319
172 104 8.19803
172 105 8.41604
172 106 8.46523
172 107 8.52846
172 108 8.54315
172 109 8.91502
172 110 8.95569
172 111 9.07645
172 112 9.14674
172 113 9.38276
172 114 9.40073
172 115 9.52161
172 116 9.65732
172 117 9.65786
172 118 9.6921
172 119 9.79826
172 120 9.84354
172 121 9.86722
172 122 9.87448
172 123 9.9061
172 124 9.91789
172 125 9.91789
172 126 10.1698
172 127 10.1701
172 128 10.1715
172 129 10.1872
172 130 10.1909
172 131 10.2069
172 132 10.2236
172 133 10.3215
172 134 10.3982
172 135 10.4439
172 136 10.5195
172 137 10.5895
172 138 10.5967
172 139 10.619
172 140 10.625
172 141 10.6522
172 142 10.7304
172 143 10.7683
172 144 10.9167
172 145 11.0276
172 146 11.0549
172 147 11.2351
172 148 11.2393
172 149 11.2786
172 150 11.578
172 151 11.9324
172 152 11.9366
172 153 12.0685
172 154 12.0952
172 155 12.0952
172 156 12.1162
172 157 12.2117
172 158 12.2117
172 159 12.311
172 160 12.4705
172 161 12.4889
172 162 12.7163
172 163 12.7239
172 164 12.7703
172 165 12.7806
172 166 12.9931
172 167 13.1776
172 168 13.1842
172 169 13.2139
172 170 13.246
172 171 13.2475
172 172 13.3178
172 173 13.333
172 174 13.3423
172 175 13.4167
172 176 13.4958
172 177 13.5382
172 178 13.6279
172 179 13.7111
172 180 13.9368
172 181 14.1317
172 182 14.3593
172 183 14.6141
172 184 14.9597
172 185 15.1087
172 186 15.3746
172 187 15.9341
172 188 16.0038
172 189 16.5857
172 190 16.7032
172 191 16.7186
172 192 17.0293
172 193 17.2505
172 194 18.1997
172 195 18.204
172 196 18.8459
172 197 19.2284
172 198 20.3163
172 199 27.4488
173 0 6.24306 1 8 21 14 19 10 12 13 26 22 3 7 9 33 32 20 34 16 6 18 28 25 27 5 31 11 4 17 29 30 23 24 2 15 1 
173 1 6.24306
173 2 6.24306
173 3 6.24306
173 4 6.24306
173 5 6.24306
173 6 6.24306
173 7 6.24306
173 8 6.24306
173 9 6.24306
173 10 6.24306
173 11 6.24306
173 12 6.24306
173 13 6.24306
173 14 6.24306
173 15 6.24306
173 16 6.24306
173 17 6.24306
173 18 6.24306
173 19 6.24306
173 20 6.24306
173 21 6.24306
173 22 6.24306
173 23 6.24306
173 24 6.24306
173 25 6.24306
173 26 6.24306
173 27 6.24306
173 28 6.24306
173 29 6.24306
173 30 6.24306
173 31 6.24306
173 32 6.24306
173 33 6.24306
173 34 6.24306
173 35 6.24306
173 36 6.24306
173 37 6.24306
173 38 6.24306
173 39 6.24306
173 40 6.24306
173 41 6.24306
173 42 6.24306
173 43 6.24306
173 44 6.24306
173 45 6.24306
173 46 6.24306
173 47 6.24306
173 48 6.24306
173 49 6.24306
173 50 6.24306
173 51 6.24306
173 52 6.24306
173 53 6.24306
173 54 6.24306
173 55 6.24306
173 56 6.24306
173 57 6.24306
173 58 6.24306
173 59 6.24306
173 60 6.24306
173 61 6.24306
173 62 6.24306
173 63 6.24306
173 64 6.24306
173 65 6.24306
173 66 6.24306
173 67 6.24306
173 68 6.24306
173 69 6.24306
173 70 6.24306
173 71 6.24306
173 72 6.24306
173 73 6.24306
173 74 6.24306
173 75 6.24306
173 76 6.24306
173 77 6.24306
173 78 6.24306
173 79 6.24306
173 80 6.24306
173 81 6.24306
173 82 6.24306
173 83 6.24306
173 84 6.24306
173 85 6.24306
173 86 6.24306
173 87 6.26294
173 88 6.45652
173 89 6.74052
173 90 7.03149
173 91 7.03166
173 92 7.0412
173 93 7.10391
173 94 7.20796
173 95 7.32543
173 96 7.34719
173 97 7.37478
173 98 7.41414
173 99 7.54701
173 100 7.55595
173 101 7.77364
173 102 8.03458
173 103 8.06896
173 104 8.10181
173 105 8.15893
173 106 8.1762
173 107 8.18593
173 108 8.19803
173 109 8.19803
173 110 8.22026
173 111 8.27227
173 112 8.32837
173 113 8.41604
173 114 8.54315
173 115 8.56971
173 116 8.81761
173 117 9.0206
173 118 9.14674
173 119 9.30851
173 120 9.34451
173 121 9.37408
173 122 9.41842
173 123 9.47955
173 124 9.59053
173 125 9.63911
173 126 9.64491
173 127 9.65148
173 128 9.65732
173 129 9.65786
173 130 9.69551
173 131 9.72623
173 132 9.7574
173 133 9.77551
173 134 9.83075
173 135 9.83713
173 136 9.91659
173 137 9.91789
173 138 9.91789
173 139 9.91973
173 140 9.94501
173 141 10.1698
173 142 10.3403
173 143 10.3982
173 144 10.4429
173 145 10.4545
173 146 10.4562
173 147 10.4737
173 148 10.5195
173 149 10.5895
173 150 10.5895
173 151 10.7938
173 152 10.9715
173 153 10.9835
173 154 10.9862
173 155 11.0549
173 156 11.2829
173 157 11.4061
173 158 11.4196
173 159 11.497
173 160 11.5823
173 161 11.5959
173 162 11.6032
173 163 11.6434
173 164 11.6636
173 165 11.6643
173 166 11.7774
173 167 11.7774
173 168 11.947
173 169 12.0319
173 170 12.0604
173 171 12.0737
173 172 12.1271
173 173 12.147
173 174 12.2117
173 175 12.231
173 176 12.5327
173 177 12.7292
173 178 12.7312
173 179 12.7806
173 180 12.9683
173 181 13.149
173 182 13.1604
173 183 13.1765
173 184 13.1776
173 185 13.2071
173 186 13.2877
173 187 13.7324
173 188 13.8225
173 189 13.9367
173 190 14.0595
173 191 14.3251
173 192 14.4134
173 193 15.0467
173 194 15.157
173 195 16.0038
173 196 16.4912
173 197 17.2622
173 198 17.705
173 199 27.4488
174 0 6.24306 1 8 21 14 19 10 12 13 26 22 3 7 9 33 32 20 34 16 6 18 28 25 27 5 31 11 4 17 29 30 23 24 2 15 1 
174 1 6.24306
174 2 6.24306
174 3 6.24306
174 4 6.24306
174 5 6.24306
174 6 6.24306
174 7 6.24306
174 8 6.24306
174 9 6.24306
174 10 6.24306
174 11 6.24306
174 12 6.24306
174 13 6.24306
174 14 6.24306
174 15 6.24306
174 16 6.24306
174 17 6.24306
174 18 6.24306
174 19 6.24306
174 20 6.24306
174 21 6.24306
174 22 6.24306
174 23 6.24306
174 24 6.24306
174 25 6.24306
174 26 6.24306
174 27 6.24306
174 28 6.24306
174 29 6.24306
174 30 6.24306
174 31 6.24306
174 32 6.24306
174 33 6.24306
174 34 6.24306
174 35 6.24306
174 36 6.24306
174 37 6.24306
174 38 6.24306
174 39 6.24306
174 40 6.24306
174 41 6.24306
174 42 6.24306
174 43 6.24306
174 44 6.24306
174 45 6.24306
174 46 6.24306
174 47 6.24306
174 48 6.24306
174 49 6.24306
174 50 6.24306
174 51 6.24306
174 52 6.24306
174 53 6.24306
174 54 6.24306
174 55 6.24306
174 56 6.24306
174 57 6.24306
174 58 6.24306
174 59 6.24306
174 60 6.24306
174 61 6.24306
174 62 6.24306
174 63 6.24306
174 64 6.24306
174 65 6.24306
174 66 6.24306
174 67 6.24306
174 68 6.24306
174 69 6.24306
174 70 6.24306
174 71 6.24306
174 72 6.24306
174 73 6.24306
174 74 6.24306
174 75 6.24306
174 76 6.24306
174 77 6.24306
174 78 6.24306
174 79 6.24306
174 80 6.24306
174 81 6.24306
174 82 6.24306
174 83 6.24306
174 84 6.24306
174 85 6.24306
174 86 6.24306
174 87 6.24306
174 88 6.24306
174 89 6.24306
174 90 6.25595
174 91 6.26294
174 92 6.45652
174 93 6.69501
174 94 6.89659
174 95 7.03166
174 96 7.03166
174 97 7.20796
174 98 7.34719
174 99 7.35525
174 100 7.41911
174 101 7.55595
174 102 7.58005
174 103 7.58659
174 104 7.70731
174 105 7.94406
174 106 8.10181
174 107 8.10181
174 108 8.1865
174 109 8.19803
174 110 8.21142
174 111 8.27227
174 112 8.32837
174 113 8.32837
174 114 8.39227
174 115 8.49718
174 116 8.79926
174 117 8.81761
174 118 8.85163
174 119 9.0206
174 120 9.08009
174 121 9.09577
174 122 9.09873
174 123 9.10807
174 124 9.30851
174 125 9.39594
174 126 9.5055
174 127 9.52676
174 128 9.55453
174 129 9.59936
174 130 9.60871
174 131 9.63427
174 132 9.6682
174 133 9.71538
174 134 9.72007
174 135 9.83211
174 136 9.83722
174 137 9.96129
174 138 10.0147
174 139 10.0524
174 140 10.0708
174 141 10.1021
174 142 10.1639
174 143 10.307
174 144 10.3212
174 145 10.3321
174 146 10.3884
174 147 10.4021
174 148 10.4545
174 149 10.4562
174 150 10.4636
174 151 10.5628
174 152 10.5895
174 153 10.5967
174 154 10.705
174 155 10.7086
174 156 10.7215
174 157 10.749
174 158 10.7673
174 159 10.8303
174 160 10.9174
174 161 10.9564
174 162 10.9715
174 163 10.9862
174 164 11.3058
174 165 11.3742
174 166 11.4061
174 167 11.7774
174 168 11.8195
174 169 11.8909
174 170 12.147
174 171 12.2548
174 172 12.5177
174 173 12.7624
174 174 12.7685
174 175 12.7806
174 176 12.946
174 177 13.1374
174 178 13.149
174 179 13.1765
174 180 13.2022
174 181 13.4863
174 182 13.5382
174 183 13.5495
174 184 13.8658
174 185 13.8929
174 186 14.0466
174 187 14.0513
174 188 14.235
174 189 14.5024
174 190 14.9395
174 191 15.3809
174 192 15.5872
174 193 15.6076
174 194 15.8296
174 195 16.0038
174 196 16.1844
174 197 16.4912
174 198 17.1776
174 199 19.2586
175 0 6.24306 1 8 21 14 19 10 12 13 26 22 3 7 9 33 32 20 34 16 6 18 28 25 27 5 31 11 4 17 29 30 23 24 2 15 1 
175 1 6.24306
175 2 6.24306
175 3 6.24306
175 4 6.24306
175 5 6.24306
175 6 6.24306
175 7 6.24306
175 8 6.24306
175 9 6.24306
175 10 6.24306
175 11 6.24306
175 12 6.24306
175 13 6.24306
175 14 6.24306
175 15 6.24306
175 16 6.24306
175 17 6.24306
175 18 6.24306
175 19 6.24306
175 20 6.24306
175 21 6.24306
175 22 6.24306
175 23 6.24306
175 24 6.24306
175 25 6.24306
175 26 6.24306
175 27 6.24306
175 28 6.24306
175 29 6.24306
175 30 6.24306
175 31 6.24306
175 32 6.24306
175 33 6.24306
175 34 6.24306
175 35 6.24306
175 36 6.24306
175 37 6.24306
175 38 6.24306
175 39 6.24306
175 40 6.24306
175 41 6.24306
175 42 6.24306
175 43 6.24306
175 44 6.24306
175 45 6.24306
175 46 6.24306
175 47 6.24306
175 48 6.24306
175 49 6.24306
175 50 6.24306
175 51 6.24306
175 52 6.24306
175 53 6.24306
175 54 6.24306
175 55 6.24306
175 56 6.24306
175 57 6.24306
175 58 6.24306
175 59 6.24306
175 60 6.24306
175 61 6.24306
175 62 6.24306
175 63 6.24306
175 64 6.24306
175 65 6.24306
175 66 6.24306
175 67 6.24306
175 68 6.24306
175 69 6.24306
175 70 6.24306
175 71 6.24306
175 72 6.24306
175 73 6.24306
175 74 6.24306
175 75 6.24306
175 76 6.24306
175 77 6.24306
175 78 6.24306
175 79 6.24306
175 80 6.24306
175 81 6.24306
175 82 6.24306
175 83 6.24306
175 84 6.24306
175 85 6.24306
175 86 6.24306
175 87 6.24306
175 88 6.24306
175 89 6.24306
175 90 6.24306
175 91 6.24306
175 92 6.26294
175 93 6.28949
175 94 6.35129
175 95 6.43138
175 96 6.5041
175 97 6.53468
175 98 6.53468
175 99 6.64035
175 100 6.73772
175 101 7.03149
175 102 7.07012
175 103 7.26467
175 104 7.33343
175 105 7.35525
175 106 7.41911
175 107 7.55595
175 108 7.59193
175 109 7.83548
175 110 7.89006
175 111 8.07933
175 112 8.19803
175 113 8.20849
175 114 8.20919
175 115 8.39227
175 116 8.39227
175 117 8.52846
175 118 8.6143
175 119 8.6558
175 120 8.69706
175 121 8.79926
175 122 8.87151
175 123 8.89368
175 124 9.32233
175 125 9.39996
175 126 9.43274
175 127 9.58343
175 128 9.63427
175 129 9.68107
175 130 9.75375
175 131 9.83722
175 132 9.85136
175 133 9.94947
175 134 10.0737
175 135 10.1502
175 136 10.1847
175 137 10.2069
175 138 10.4021
175 139 10.4323
175 140 10.4588
175 141 10.5628
175 142 10.5628
175 143 10.5775
175 144 10.6522
175 145 10.7393
175 146 10.749
175 147 10.9681
175 148 10.9715
175 149 10.9715
175 150 11.0345
175 151 11.2662
175 152 11.2952
175 153 11.5334
175 154 11.5415
175 155 11.5844
175 156 11.6319
175 157 11.779
175 158 11.8024
175 159 11.8286
175 160 12.0946
175 161 12.1736
175 162 12.211
175 163 12.381
175 164 12.4582
175 165 12.4715
175 166 12.4907
175 167 12.5177
175 168 12.687
175 169 12.8089
175 170 13.0169
175 171 13.2108
175 172 13.2803
175 173 13.3329
175 174 13.7438
175 175 13.8043
175 176 14.0714
175 177 14.118
175 178 14.4619
175 179 14.4759
175 180 14.5363
175 181 14.5919
175 182 15.0274
175 183 15.1359
175 184 15.204
175 185 15.2457
175 186 15.3552
175 187 15.6076
175 188 16.019
175 189 16.0985
175 190 16.343
175 191 16.4735
175 192 16.6353
175 193 16.7144
175 194 16.8078
175 195 16.8531
175 196 17.1822
175 197 17.3409
175 198 17.8863
175 199 20.7228
176 0 6.24306 1 8 21 14 19 10 12 13 26 22 3 7 9 33 32 20 34 16 6 18 28 25 27 5 31 11 4 17 29 30 23 24 2 15 1 
176 1 6.24306
176 2 6.24306
176 3 6.24306
176 4 6.24306
176 5 6.24306
176 6 6.24306
176 7 6.24306
176 8 6.24306
176 9 6.24306
176 10 6.24306
176 11 6.24306
176 12 6.24306
176 13 6.24306
176 14 6.24306
176 15 6.24306
176 16 6.24306
176 17 6.24306
176 18 6.24306
176 19 6.24306
176 20 6.24306
176 21 6.24306
176 22 6.24306
176 23 6.24306
176 24 6.24306
176 25 6.24306
176 26 6.24306
176 27 6.24306
176 28 6.24306
176 29 6.24306
176 30 6.24306
176 31 6.24306
176 32 6.24306
176 33 6.24306
176 34 6.24306
176 35 6.24306
176 36 6.24306
176 37 6.24306
176 38 6.24306
176 39 6.24306
176 40 6.24306
176 41 6.24306
176 42 6.24306
176 43 6.24306
176 44 6.24306
176 45 6.24306
176 46 6.24306
176 47 6.24306
176 48 6.24306
176 49 6.24306
176 50 6.24306
176 51 6.24306
176 52 6.24306
176 53 6.24306
176 54 6.24306
176 55 6.24306
176 56 6.24306
176 57 6.24306
176 58 6.24306
176 59 6.24306
176 60 6.24306
176 61 6.24306
176 62 6.24306
176 63 6.24306
176 64 6.24306
176 65 6.24306
176 66 6.24306
176 67 6.24306
176 68 6.24306
176 69 6.24306
176 70 6.24306
176 71 6.24306
176 72 6.24306
176 73 6.24306
176 74 6.24306
176 75 6.24306
176 76 6.24306
176 77 6.24306
176 78 6.24306
176 79 6.24306
176 80 6.24306
176 81 6.24306
176 82 6.24306
176 83 6.24306
176 84 6.24306
176 85 6.24306
176 86 6.24306
176 87 6.24306
176 88 6.24306
176 89 6.24306
176 90 6.24306
176 91 6.24306
176 92 6.24306
176 93 6.24306
176 94 6.24306
176 95 6.25063
176 96 6.26294
176 97 6.31941
176 98 6.3335
176 99 6.35152
176 100 6.39927
176 101 6.40641
176 102 6.43138
176 103 6.50801
176 104 6.64035
176 105 6.72514
176 106 6.73772
176 107 7.03149
176 108 7.04899
176 109 7.11193
176 110 7.1366
176 111 7.33343
176 112 7.58203
176 113 7.89006
176 114 7.95428
176 115 8.20919
176 116 8.20919
176 117 8.3431
176 118 8.42979
176 119 8.46634
176 120 8.6143
176 121 8.6143
176 122 8.6143
176 123 8.6143
176 124 8.6558
176 125 8.69706
176 126 8.87151
176 127 8.92716
176 128 8.96762
176 129 9.08547
176 130 9.14813
176 131 9.17277
176 132 9.17693
176 133 9.28435
176 134 9.30851
176 135 9.31738
176 136 9.36729
176 137 9.43274
176 138 9.45848
176 139 9.47459
176 140 9.53401
176 141 9.58343
176 142 9.62829
176 143 9.64654
176 144 9.64831
176 145 9.65012
176 146 9.6989
176 147 9.7143
176 148 9.75234
176 149 9.8384
176 150 9.86765
176 151 9.94431
176 152 9.95611
176 153 10.0213
176 154 10.052
176 155 10.1502
176 156 10.3735
176 157 10.3959
176 158 10.5628
176 159 10.839
176 160 10.8604
176 161 10.9372
176 162 11.3225
176 163 11.379
176 164 11.4636
176 165 11.658
176 166 11.7596
176 167 11.8024
176 168 12.0983
176 169 12.1471
176 170 12.1736
176 171 12.1831
176 172 12.3754
176 173 12.4582
176 174 12.687
176 175 12.8407
176 176 13.0009
176 177 13.2475
176 178 13.2777
176 179 13.3313
176 180 13.3929
176 181 13.7108
176 182 13.8931
176 183 14.5919
176 184 14.657
176 185 14.6957
176 186 14.8837
176 187 15.0557
176 188 15.6076
176 189 16.0985
176 190 16.343
176 191 16.343
176 192 16.6353
176 193 16.7144
176 194 17.3446
176 195 17.5865
176 196 18.1027
176 197 18.6738
176 198 22.7936
176 199 23.2332
177 0 6.24306 1 8 21 14 19 10 12 13 26 22 3 7 9 33 32 20 34 16 6 18 28 25 27 5 31 11 4 17 29 30 23 24 2 15 1 
177 1 6.24306
177 2 6.24306
177 3 6.24306
177 4 6.24306
177 5 6.24306
177 6 6.24306
177 7 6.24306
177 8 6.24306
177 9 6.24306
177 10 6.24306
177 11 6.24306
177 12 6.24306
177 13 6.24306
177 14 6.24306
177 15 6.24306
177 16 6.24306
177 17 6.24306
177 18 6.24306
177 19 6.24306
177 20 6.24306
177 21 6.24306
177 22 6.24306
177 23 6.24306
177 24 6.24306
177 25 6.24306
177 26 6.24306
177 27 6.24306
177 28 6.24306
177 29 6.24306
177 30 6.24306
177 31 6.24306
177 32 6.24306
177 33 6.24306
177 34 6.24306
177 35 6.24306
177 36 6.24306
177 37 6.24306
177 38 6.24306
177 39 6.24306
177 40 6.24306
177 41 6.24306
177 42 6.24306
177 43 6.24306
177 44 6.24306
177 45 6.24306
177 46 6.24306
177 47 6.24306
177 48 6.24306
177 49 6.24306
177 50 6.24306
177 51 6.24306
177 52 6.24306
177 53 6.24306
177 54 6.24306
177 55 6.24306
177 56 6.24306
177 57 6.24306
177 58 6.24306
177 59 6.24306
177 60 6.24306
177 61 6.24306
177 62 6.24306
177 63 6.24306
177 64 6.24306
177 65 6.24306
177 66 6.24306
177 67 6.24306
177 68 6.24306
177 69 6.24306
177 70 6.24306
177 71 6.24306
177 72 6.24306
177 73 6.24306
177 74 6.24306
177 75 6.24306
177 76 6.24306
177 77 6.24306
177 78 6.24306
177 79 6.24306
177 80 6.24306
177 81 6.24306
177 82 6.24306
177 83 6.24306
177 84 6.24306
177 85 6.24306
177 86 6.24306
177 87 6.24306
177 88 6.24306
177 89 6.24306
177 90 6.24306
177 91 6.24306
177 92 6.24306
177 93 6.24306
177 94 6.24306
177 95 6.24306
177 96 6.24306
177 97 6.24306
177 98 6.24306
177 99 6.24306
177 100 6.24306
177 101 6.24306
177 102 6.24306
177 103 6.24306
177 104 6.24306
177 105 6.24306
177 106 6.24306
177 107 6.24306
177 108 6.24306
177 109 6.24306
177 110 6.25063
177 111 6.25595
177 112 6.26294
177 113 6.35152
177 114 6.53468
177 115 6.74109
177 116 6.8282
177 117 7.0412
177 118 7.04899
177 119 7.11193
177 120 7.22074
177 121 7.33343
177 122 7.33343
177 123 7.35704
177 124 7.39862
177 125 7.41568
177 126 7.54479
177 127 7.55849
177 128 7.55849
177 129 7.5614
177 130 7.68962
177 131 7.85226
177 132 7.95428
177 133 8.13326
177 134 8.22639
177 135 8.65008
177 136 8.70101
177 137 8.83622
177 138 8.98657
177 139 8.98751
177 140 9.26693
177 141 9.30664
177 142 9.38592
177 143 9.56913
177 144 9.62829
177 145 9.6921
177 146 9.69551
177 147 9.69575
177 148 9.72215
177 149 9.94431
177 150 9.95611
177 151 10.0213
177 152 10.0213
177 153 10.2582
177 154 10.2757
177 155 10.3321
177 156 10.4362
177 157 10.4847
177 158 10.527
177 159 10.5628
177 160 10.6527
177 161 10.7812
177 162 10.7965
177 163 10.8604
177 164 10.9323
177 165 10.9372
177 166 11.0345
177 167 11.208
177 168 11.3225
177 169 11.379
177 170 11.4675
177 171 11.5818
177 172 11.6172
177 173 11.8024
177 174 11.8409
177 175 11.9239
177 176 12.1999
177 177 12.6074
177 178 12.6214
177 179 12.6393
177 180 12.687
177 181 12.8348
177 182 13.0864
177 183 13.2514
177 184 13.3963
177 185 13.4344
177 186 13.4809
177 187 13.6422
177 188 13.7521
177 189 14.1456
177 190 14.2878
177 191 14.8319
177 192 14.9787
177 193 15.3282
177 194 16.1637
177 195 16.5687
177 196 18.1027
177 197 18.1027
177 198 19.431
177 199 20.3392
178 0 6.24306 1 8 21 14 19 10 12 13 26 22 3 7 9 33 32 20 34 16 6 18 28 25 27 5 31 11 4 17 29 30 23 24 2 15 1 
178 1 6.24306
178 2 6.24306
178 3 6.24306
178 4 6.24306
178 5 6.24306
178 6 6.24306
178 7 6.24306
178 8 6.24306
178 9 6.24306
178 10 6.24306
178 11 6.24306
178 12 6.24306
178 13 6.24306
178 14 6.24306
178 15 6.24306
178 16 6.24306
178 17 6.24306
178 18 6.24306
178 19 6.24306
178 20 6.24306
178 21 6.24306
178 22 6.24306
178 23 6.24306
178 24 6.24306
178 25 6.24306
178 26 6.24306
178 27 6.24306
178 28 6.24306
178 29 6.24306
178 30 6.24306
178 31 6.24306
178 32 6.24306
178 33 6.24306
178 34 6.24306
178 35 6.24306
178 36 6.24306
178 37 6.24306
178 38 6.24306
178 39 6.24306
178 40 6.24306
178 41 6.24306
178 42 6.24306
178 43 6.24306
178 44 6.24306
178 45 6.24306
178 46 6.24306
178 47 6.24306
178 48 6.24306
178 49 6.24306
178 50 6.24306
178 51 6.24306
178 52 6.24306
178 53 6.24306
178 54 6.24306
178 55 6.24306
178 56 6.24306
178 57 6.24306
178 58 6.24306
178 59 6.24306
178 60 6.24306
178 61 6.24306
178 62 6.24306
178 63 6.24306
178 64 6.24306
178 65 6.24306
178 66 6.24306
178 67 6.24306
178 68 6.24306
178 69 6.24306
178 70 6.24306
178 71 6.24306
178 72 6.24306
178 73 6.24306
178 74 6.24306
178 75 6.24306
178 76 6.24306
178 77 6.24306
178 78 6.24306
178 79 6.24306
178 80 6.24306
178 81 6.24306
178 82 6.24306
178 83 6.24306
178 84 6.24306
178 85 6.24306
178 86 6.24306
178 87 6.24306
178 88 6.24306
178 89 6.24306
178 90 6.24306
178 91 6.24306
178 92 6.24306
178 93 6.24306
178 94 6.24306
178 95 6.24306
178 96 6.24306
178 97 6.24306
178 98 6.24306
178 99 6.24306
178 100 6.24306
178 101 6.24306
178 102 6.24306
178 103 6.24306
178 104 6.24306
178 105 6.26294
178 106 6.26294
178 107 6.26294
178 108 6.26294
178 109 6.3328
178 110 6.37799
178 111 6.67404
178 112 6.8282
178 113 7.10733
178 114 7.34528
178 115 7.36518
178 116 7.39862
178 117 7.54479
178 118 7.85226
178 119 7.88948
178 120 8.2036
178 121 8.21229
178 122 8.25948
178 123 8.3141
178 124 8.34219
178 125 8.42979
178 126 8.4473
178 127 8.48654
178 128 8.56977
178 129 8.64421
178 130 8.66156
178 131 8.76102
178 132 8.76207
178 133 8.8933
178 134 8.98657
178 135 9.0372
178 136 9.2867
178 137 9.40694
178 138 9.43208
178 139 9.47768
178 140 9.48717
178 141 9.5577
178 142 9.57538
178 143 9.6316
178 144 9.63694
178 145 9.68029
178 146 9.6921
178 147 9.69575
178 148 9.76792
178 149 9.78144
178 150 9.80676
178 151 9.81929
178 152 9.8358
178 153 10.0414
178 154 10.0436
178 155 10.0706
178 156 10.1864
178 157 10.2744
178 158 10.2849
178 159 10.3037
178 160 10.3298
178 161 10.3404
178 162 10.5628
178 163 10.7594
178 164 10.7965
178 165 10.8561
178 166 10.9323
178 167 10.9372
178 168 11.0004
178 169 11.0345
178 170 11.1055
178 171 11.2571
178 172 11.6463
178 173 11.9572
178 174 11.9957
178 175 12.0217
178 176 12.1733
178 177 12.311
178 178 12.3711
178 179 12.4148
178 180 12.5526
178 181 12.6675
178 182 12.6736
178 183 12.7806
178 184 12.9007
178 185 12.917
178 186 13.304
178 187 13.8646
178 188 14.043
178 189 14.497
178 190 14.6462
178 191 14.8112
178 192 14.9164
178 193 15.0247
178 194 15.2525
178 195 15.3563
178 196 15.4026
178 197 15.7914
178 198 16.217
178 199 16.9554
179 0 6.24306 1 8 21 14 19 10 12 13 26 22 3 7 9 33 32 20 34 16 6 18 28 25 27 5 31 11 4 17 29 30 23 24 2 15 1 
179 1 6.24306
179 2 6.24306
179 3 6.24306
179 4 6.24306
179 5 6.24306
179 6 6.24306
179 7 6.24306
179 8 6.24306
179 9 6.24306
179 10 6.24306
179 11 6.24306
179 12 6.24306
179 13 6.24306
179 14 6.24306
179 15 6.24306
179 16 6.24306
179 17 6.24306
179 18 6.24306
179 19 6.24306
179 20 6.24306
179 21 6.24306
179 22 6.24306
179 23 6.24306
179 24 6.24306
179 25 6.24306
179 26 6.24306
179 27 6.24306
179 28 6.24306
179 29 6.24306
179 30 6.24306
179 31 6.24306
179 32 6.24306
179 33 6.24306
179 34 6.24306
179 35 6.24306
179 36 6.24306
179 37 6.24306
179 38 6.24306
179 39 6.24306
179 40 6.24306
179 41 6.24306
179 42 6.24306
179 43 6.24306
179 44 6.24306
179 45 6.24306
179 46 6.24306
179 47 6.24306
179 48 6.24306
179 49 6.24306
179 50 6.24306
179 51 6.24306
179 52 6.24306
179 53 6.24306
179 54 6.24306
179 55 6.24306
179 56 6.24306
179 57 6.24306
179 58 6.24306
179 59 6.24306
179 60 6.24306
179 61 6.24306
179 62 6.24306
179 63 6.24306
179 64 6.24306
179 65 6.24306
179 66 6.24306
179 67 6.24306
179 68 6.24306
179 69 6.24306
179 70 6.24306
179 71 6.24306
179 72 6.24306
179 73 6.24306
179 74 6.24306
179 75 6.24306
179 76 6.24306
179 77 6.24306
179 78 6.24306
179 79 6.24306
179 80 6.24306
179 81 6.24306
179 82 6.24306
179 83 6.24306
179 84 6.24306
179 85 6.24306
179 86 6.24306
179 87 6.24306
179 88 6.24306
179 89 6.24306
179 90 6.24306
179 91 6.24306
179 92 6.24306
179 93 6.24306
179 94 6.24306
179 95 6.24306
179 96 6.24306
179 97 6.24306
179 98 6.24306
179 99 6.24306
179 100 6.24306
179 101 6.24306
179 102 6.24306
179 103 6.24306
179 104 6.24306
179 105 6.24306
179 106 6.24306
179 107 6.24306
179 108 6.24306
179 109 6.24306
179 110 6.26294
179 111 6.26294
179 112 6.26294
179 113 6.26294
179 114 6.28835
179 115 6.50766
179 116 6.52085
179 117 6.55201
179 118 6.81478
179 119 7.10733
179 120 7.12003
179 121 7.20807
179 122 7.51884
179 123 7.52636
179 124 7.95599
179 125 8.08705
179 126 8.09634
179 127 8.14425
179 128 8.2036
179 129 8.25948
179 130 8.42979
179 131 8.4473
179 132 8.56686
179 133 8.56977
179 134 8.64421
179 135 8.76207
179 136 8.83829
179 137 8.89207
179 138 8.90709
179 139 9.0372
179 140 9.11009
179 141 9.11317
179 142 9.12881
179 143 9.21101
179 144 9.24006
179 145 9.35356
179 146 9.50162
179 147 9.52367
179 148 9.6222
179 149 9.6316
179 150 9.68029
179 151 9.6921
179 152 9.69346
179 153 9.70201
179 154 9.73952
179 155 9.80641
179 156 9.8304
179 157 9.85388
179 158 9.9205
179 159 9.94599
179 160 9.96721
179 161 10.0381
179 162 10.1094
179 163 10.1886
179 164 10.2646
179 165 10.2759
179 166 10.3298
179 167 10.4323
179 168 10.8329
179 169 10.8392
179 170 11.2571
179 171 11.2994
179 172 11.7971
179 173 11.8283
179 174 11.9572
179 175 12.0166
179 176 12.0687
179 177 12.0846
179 178 12.161
179 179 12.2739
179 180 12.6267
179 181 12.637
179 182 12.9226
179 183 12.9523
179 184 12.9683
179 185 13.0169
179 186 13.11
179 187 13.134
179 188 13.149
179 189 13.8463
179 190 14.043
179 191 14.0923
179 192 14.5338
179 193 14.6092
179 194 14.6217
179 195 15.9305
179 196 16.1303
179 197 16.217
179 198 16.9554
179 199 18.6705
180 0 6.24306 1 8 21 14 19 10 12 13 26 22 3 7 9 33 32 20 34 16 6 18 28 25 27 5 31 11 4 17 29 30 23 24 2 15 1 
180 1 6.24306
180 2 6.24306
180 3 6.24306
180 4 6.24306
180 5 6.24306
180 6 6.24306
180 7 6.24306
180 8 6.24306
180 9 6.24306
180 10 6.24306
180 11 6.24306
180 12 6.24306
180 13 6.24306
180 14 6.24306
180 15 6.24306
180 16 6.24306
180 17 6.24306
180 18 6.24306
180 19 6.24306
180 20 6.24306
180 21 6.24306
180 22 6.24306
180 23 6.24306
180 24 6.24306
180 25 6.24306
180 26 6.24306
180 27 6.24306
180 28 6.24306
180 29 6.24306
180 30 6.24306
180 31 6.24306
180 32 6.24306
180 33 6.24306
180 34 6.24306
180 35 6.24306
180 36 6.24306
180 37 6.24306
180 38 6.24306
180 39 6.24306
180 40 6.24306
180 41 6.24306
180 42 6.24306
180 43 6.24306
180 44 6.24306
180 45 6.24306
180 46 6.24306
180 47 6.24306
180 48 6.24306
180 49 6.24306
180 50 6.24306
180 51 6.24306
180 52 6.24306
180 53 6.24306
180 54 6.24306
180 55 6.24306
180 56 6.24306
180 57 6.24306
180 58 6.24306
180 59 6.24306
180 60 6.24306
180 61 6.24306
180 62 6.24306
180 63 6.24306
180 64 6.24306
180 65 6.24306
180 66 6.24306
180 67 6.24306
180 68 6.24306
180 69 6.24306
180 70 6.24306
180 71 6.24306
180 72 6.24306
180 73 6.24306
180 74 6.24306
180 75 6.24306
180 76 6.24306
180 77 6.24306
180 78 6.24306
180 79 6.24306
180 80 6.24306
180 81 6.24306
180 82 6.24306
180 83 6.24306
180 84 6.24306
180 85 6.24306
180 86 6.24306
180 87 6.24306
180 88 6.24306
180 89 6.24306
180 90 6.24306
180 91 6.24306
180 92 6.24306
180 93 6.24306
180 94 6.24306
180 95 6.24306
180 96 6.24306
180 97 6.24306
180 98 6.24306
180 99 6.24306
180 100 6.24306
180 101 6.24306
180 102 6.24306
180 103 6.24306
180 104 6.24306
180 105 6.24306
180 106 6.24306
180 107 6.24306
180 108 6.24306
180 109 6.24306
180 110 6.24306
180 111 6.24306
180 112 6.26294
180 113 6.26294
180 114 6.26846
180 115 6.28835
180 116 6.29878
180 117 6.4764
180 118 6.50766
180 119 6.52055
180 120 6.55201
180 121 6.55439
180 122 7.52005
180 123 7.79837
180 124 8.16097
180 125 8.25948
180 126 8.29192
180 127 8.30703
180 128 8.39521
180 129 8.75345
180 130 8.75345
180 131 8.83829
180 132 8.88196
180 133 8.98751
180 134 9.03746
180 135 9.17042
180 136 9.35309
180 137 9.35356
180 138 9.38231
180 139 9.40354
180 140 9.4213
180 141 9.60959
180 142 9.62606
180 143 9.70201
180 144 9.81078
180 145 9.85388
180 146 9.9205
180 147 9.92434
180 148 9.93058
180 149 9.99448
180 150 10.0272
180 151 10.0473
180 152 10.1886
180 153 10.3933
180 154 10.428
180 155 10.4323
180 156 10.5449
180 157 10.7472
180 158 10.7704
180 159 10.8507
180 160 10.9174
180 161 11.2099
180 162 11.3951
180 163 11.5368
180 164 11.7699
180 165 11.7971
180 166 11.9214
180 167 11.947
180 168 12.141
180 169 12.2739
180 170 12.2834
180 171 12.353
180 172 12.3943
180 173 12.6267
180 174 12.6701
180 175 13.0613
180 176 13.3639
180 177 13.5223
180 178 13.5382
180 179 13.6006
180 180 13.68
180 181 13.7172
180 182 13.7543
180 183 13.7832
180 184 13.9883
180 185 14.043
180 186 14.3355
180 187 14.4183
180 188 14.5583
180 189 14.6061
180 190 14.7777
180 191 15.9527
180 192 16.217
180 193 16.4265
180 194 16.4407
180 195 16.9214
180 196 18.5897
180 197 20.4595
180 198 20.9598
180 199 22.3668
181 0 6.24306 1 8 21 14 19 10 12 13 26 22 3 7 9 33 32 20 34 16 6 18 28 25 27 5 31 11 4 17 29 30 23 24 2 15 1 
181 1 6.24306
181 2 6.24306
181 3 6.24306
181 4 6.24306
181 5 6.24306
181 6 6.24306
181 7 6.24306
181 8 6.24306
181 9 6.24306
181 10 6.24306
181 11 6.24306
181 12 6.24306
181 13 6.24306
181 14 6.24306
181 15 6.24306
181 16 6.24306
181 17 6.24306
181 18 6.24306
181 19 6.24306
181 20 6.24306
181 21 6.24306
181 22 6.24306
181 23 6.24306
181 24 6.24306
181 25 6.24306
181 26 6.24306
181 27 6.24306
181 28 6.24306
181 29 6.24306
181 30 6.24306
181 31 6.24306
181 32 6.24306
181 33 6.24306
181 34 6.24306
181 35 6.24306
181 36 6.24306
181 37 6.24306
181 38 6.24306
181 39 6.24306
181 40 6.24306
181 41 6.24306
181 42 6.24306
181 43 6.24306
181 44 6.24306
181 45 6.24306
181 46 6.24306
181 47 6.24306
181 48 6.24306
181 49 6.24306
181 50 6.24306
181 51 6.24306
181 52 6.24306
181 53 6.24306
181 54 6.24306
181 55 6.24306
181 56 6.24306
181 57 6.24306
181 58 6.24306
181 59 6.24306
181 60 6.24306
181 61 6.24306
181 62 6.24306
181 63 6.24306
181 64 6.24306
181 65 6.24306
181 66 6.24306
181 67 6.24306
181 68 6.24306
181 69 6.24306
181 70 6.24306
181 71 6.24306
181 72 6.24306
181 73 6.24306
181 74 6.24306
181 75 6.24306
181 76 6.24306
181 77 6.24306
181 78 6.24306
181 79 6.24306
181 80 6.24306
181 81 6.24306
181 82 6.24306
181 83 6.24306
181 84 6.24306
181 85 6.24306
181 86 6.24306
181 87 6.24306
181 88 6.24306
181 89 6.24306
181 90 6.24306
181 91 6.24306
181 92 6.24306
181 93 6.24306
181 94 6.24306
181 95 6.24306
181 96 6.24306
181 97 6.24306
181 98 6.24306
181 99 6.24306
181 100 6.24306
181 101 6.24306
181 102 6.24306
181 103 6.24306
181 104 6.24306
181 105 6.24306
181 106 6.24306
181 107 6.24306
181 108 6.24306
181 109 6.24306
181 110 6.26294
181 111 6.26294
181 112 6.26484
181 113 6.29878
181 114 6.29878
181 115 6.30815
181 116 6.42002
181 117 6.50766
181 118 6.50801
181 119 6.53468
181 120 7.04172
181 121 7.05117
181 122 7.11942
181 123 7.14589
181 124 7.41859
181 125 7.47645
181 126 7.55849
181 127 7.7177
181 128 7.81836
181 129 8.26969
181 130 8.27362
181 131 8.30703
181 132 8.30703
181 133 8.30703
181 134 8.41621
181 135 8.62477
181 136 8.75345
181 137 8.75345
181 138 8.88196
181 139 8.9441
181 140 8.98751
181 141 9.46306
181 142 9.51559
181 143 9.54146
181 144 9.85388
181 145 9.93695
181 146 9.96189
181 147 10.0272
181 148 10.0473
181 149 10.1192
181 150 10.1567
181 151 10.1886
181 152 10.2069
181 153 10.4323
181 154 10.4861
181 155 10.5411
181 156 10.5762
181 157 10.5863
181 158 10.6466
181 159 10.7471
181 160 11.0143
181 161 11.0531
181 162 11.0736
181 163 11.3951
181 164 11.4989
181 165 11.5368
181 166 11.6317
181 167 11.7332
181 168 11.8132
181 169 11.9424
181 170 12.0722
181 171 12.353
181 172 12.3943
181 173 12.6008
181 174 12.711
181 175 12.8084
181 176 12.8348
181 177 12.9683
181 178 12.9767
181 179 13.1321
181 180 13.1826
181 181 13.3152
181 182 13.5223
181 183 13.68
181 184 13.7172
181 185 13.7515
181 186 14.0267
181 187 14.0338
181 188 14.2492
181 189 14.322
181 190 14.3562
181 191 14.5503
181 192 14.9489
181 193 15.2789
181 194 16.1357
181 195 17.0093
181 196 17.0818
181 197 17.3455
181 198 19.4415
181 199 22.3471
182 0 6.24306 1 8 21 14 19 10 12 13 26 22 3 7 9 33 32 20 34 16 6 18 28 25 27 5 31 11 4 17 29 30 23 24 2 15 1 
182 1 6.24306
182 2 6.24306
182 3 6.24306
182 4 6.24306
182 5 6.24306
182 6 6.24306
182 7 6.24306
182 8 6.24306
182 9 6.24306
182 10 6.24306
182 11 6.24306
182 12 6.24306
182 13 6.24306
182 14 6.24306
182 15 6.24306
182 16 6.24306
182 17 6.24306
182 18 6.24306
182 19 6.24306
182 20 6.24306
182 21 6.24306
182 22 6.24306
182 23 6.24306
182 24 6.24306
182 25 6.24306
182 26 6.24306
182 27 6.24306
182 28 6.24306
182 29 6.24306
182 30 6.24306
182 31 6.24306
182 32 6.24306
182 33 6.24306
182 34 6.24306
182 35 6.24306
182 36 6.24306
182 37 6.24306
182 38 6.24306
182 39 6.24306
182 40 6.24306
182 41 6.24306
182 42 6.24306
182 43 6.24306
182 44 6.24306
182 45 6.24306
182 46 6.24306
182 47 6.24306
182 48 6.24306
182 49 6.24306
182 50 6.24306
182 51 6.24306
182 52 6.24306
182 53 6.24306
182 54 6.24306
182 55 6.24306
182 56 6.24306
182 57 6.24306
182 58 6.24306
182 59 6.24306
182 60 6.24306
182 61 6.24306
182 62 6.24306
182 63 6.24306
182 64 6.24306
182 65 6.24306
182 66 6.24306
182 67 6.24306
182 68 6.24306
182 69 6.24306
182 70 6.24306
182 71 6.24306
182 72 6.24306
182 73 6.24306
182 74 6.24306
182 75 6.24306
182 76 6.24306
182 77 6.24306
182 78 6.24306
182 79 6.24306
182 80 6.24306
182 81 6.24306
182 82 6.24306
182 83 6.24306
182 84 6.24306
182 85 6.24306
182 86 6.24306
182 87 6.24306
182 88 6.24306
182 89 6.24306
182 90 6.24306
182 91 6.24306
182 92 6.24306
182 93 6.24306
182 94 6.24306
182 95 6.24306
182 96 6.24306
182 97 6.24306
182 98 6.24306
182 99 6.24306
182 100 6.24306
182 101 6.24306
182 102 6.24306
182 103 6.24306
182 104 6.24306
182 105 6.24306
182 106 6.24306
182 107 6.24306
182 108 6.24306
182 109 6.24306
182 110 6.24306
182 111 6.26294
182 112 6.26294
182 113 6.26294
182 114 6.26484
182 115 6.26846
182 116 6.26846
182 117 6.31941
182 118 6.35129
182 119 6.53468
182 120 7.0412
182 121 7.28249
182 122 7.46357
182 123 7.63014
182 124 7.72597
182 125 8.26037
182 126 8.30703
182 127 8.31161
182 128 8.42508
182 129 8.61007
182 130 8.75345
182 131 8.75345
182 132 8.88196
182 133 8.90365
182 134 8.98751
182 135 9.01505
182 136 9.15912
182 137 9.26207
182 138 9.26224
182 139 9.4361
182 140 9.54626
182 141 9.60866
182 142 9.63095
182 143 9.64542
182 144 9.681
182 145 9.7033
182 146 9.70369
182 147 9.84399
182 148 9.85388
182 149 9.9094
182 150 10.0272
182 151 10.0871
182 152 10.2069
182 153 10.4562
182 154 10.4833
182 155 10.6466
182 156 10.6522
182 157 10.7166
182 158 10.9185
182 159 11.0531
182 160 11.2923
182 161 11.4059
182 162 11.4937
182 163 11.4937
182 164 11.5624
182 165 11.7695
182 166 12.0257
182 167 12.0722
182 168 12.0729
182 169 12.1
182 170 12.1227
182 171 12.1245
182 172 12.1472
182 173 12.3411
182 174 12.5997
182 175 12.6686
182 176 12.6864
182 177 12.7181
182 178 12.8348
182 179 12.8719
182 180 12.9089
182 181 13.0494
182 182 13.055
182 183 13.3729
182 184 13.5223
182 185 13.6252
182 186 13.6623
182 187 13.7515
182 188 13.7907
182 189 13.993
182 190 14.0338
182 191 14.3562
182 192 14.4103
182 193 14.8802
182 194 14.9499
182 195 15.9529
182 196 16.2873
182 197 18.3422
182 198 18.5131
182 199 18.7546
183 0 6.24306 1 8 21 14 19 10 12 13 26 22 3 7 9 33 32 20 34 16 6 18 28 25 27 5 31 11 4 17 29 30 23 24 2 15 1 
183 1 6.24306
183 2 6.24306
183 3 6.24306
183 4 6.24306
183 5 6.24306
183 6 6.24306
183 7 6.24306
183 8 6.24306
183 9 6.24306
183 10 6.24306
183 11 6.24306
183 12 6.24306
183 13 6.24306
183 14 6.24306
183 15 6.24306
183 16 6.24306
183 17 6.24306
183 18 6.24306
183 19 6.24306
183 20 6.24306
183 21 6.24306
183 22 6.24306
183 23 6.24306
183 24 6.24306
183 25 6.24306
183 26 6.24306
183 27 6.24306
183 28 6.24306
183 29 6.24306
183 30 6.24306
183 31 6.24306
183 32 6.24306
183 33 6.24306
183 34 6.24306
183 35 6.24306
183 36 6.24306
183 37 6.24306
183 38 6.24306
183 39 6.24306
183 40 6.24306
183 41 6.24306
183 42 6.24306
183 43 6.24306
183 44 6.24306
183 45 6.24306
183 46 6.24306
183 47 6.24306
183 48 6.24306
183 49 6.24306
183 50 6.24306
183 51 6.24306
183 52 6.24306
183 53 6.24306
183 54 6.24306
183 55 6.24306
183 56 6.24306
183 57 6.24306
183 58 6.24306
183 59 6.24306
183 60 6.24306
183 61 6.24306
183 62 6.24306
183 63 6.24306
183 64 6.24306
183 65 6.24306
183 66 6.24306
183 67 6.24306
183 68 6.24306
183 69 6.24306
183 70 6.24306
183 71 6.24306
183 72 6.24306
183 73 6.24306
183 74 6.24306
183 75 6.24306
183 76 6.24306
183 77 6.24306
183 78 6.24306
183 79 6.24306
183 80 6.24306
183 81 6.24306
183 82 6.24306
183 83 6.24306
183 84 6.24306
183 85 6.24306
183 86 6.24306
183 87 6.24306
183 88 6.24306
183 89 6.24306
183 90 6.24306
183 91 6.24306
183 92 6.24306
183 93 6.24306
183 94 6.24306
183 95 6.24306
183 96 6.24306
183 97 6.24306
183 98 6.24306
183 99 6.24306
183 100 6.24306
183 101 6.24306
183 102 6.24306
183 103 6.24306
183 104 6.24306
183 105 6.24306
183 106 6.24306
183 107 6.24306
183 108 6.24306
183 109 6.24306
183 110 6.24306
183 111 6.24306
183 112 6.24306
183 113 6.26294
183 114 6.26484
183 115 6.26846
183 116 6.53468
183 117 6.55087
183 118 6.74052
183 119 7.0412
183 120 7.11193
183 121 7.46357
183 122 7.55595
183 123 7.58659
183 124 7.60988
183 125 7.63014
183 126 7.68962
183 127 7.91673
183 128 8.00675
183 129 8.14864
183 130 8.26037
183 131 8.30964
183 132 8.4473
183 133 8.5288
183 134 8.56107
183 135 8.75345
183 136 8.77029
183 137 8.81832
183 138 8.90365
183 139 8.97368
183 140 9.0238
183 141 9.16952
183 142 9.32757
183 143 9.37409
183 144 9.4361
183 145 9.47413
183 146 9.5055
183 147 9.54626
183 148 9.59138
183 149 9.60866
183 150 9.681
183 151 9.681
183 152 9.681
183 153 9.7033
183 154 9.75879
183 155 9.8836
183 156 9.91267
183 157 9.9883
183 158 10.0871
183 159 10.1567
183 160 10.209
183 161 10.2198
183 162 10.3642
183 163 10.412
183 164 10.5691
183 165 10.5781
183 166 10.787
183 167 10.8929
183 168 11.0345
183 169 11.0531
183 170 11.1914
183 171 11.2923
183 172 11.403
183 173 11.4097
183 174 11.5066
183 175 11.8132
183 176 12.0278
183 177 12.0771
183 178 12.4914
183 179 12.6864
183 180 12.845
183 181 12.8504
183 182 12.9178
183 183 12.9335
183 184 13.3217
183 185 13.3685
183 186 13.3729
183 187 13.4167
183 188 13.4752
183 189 13.5223
183 190 13.53
183 191 13.6252
183 192 13.7104
183 193 13.7872
183 194 14.1186
183 195 14.5894
183 196 16.1158
183 197 17.4511
183 198 17.9479
183 199 20.4943
184 0 6.24306 1 8 21 14 19 10 12 13 26 22 3 7 9 33 32 20 34 16 6 18 28 25 27 5 31 11 4 17 29 30 23 24 2 15 1 
184 1 6.24306
184 2 6.24306
184 3 6.24306
184 4 6.24306
184 5 6.24306
184 6 6.24306
184 7 6.24306
184 8 6.24306
184 9 6.24306
184 10 6.24306
184 11 6.24306
184 12 6.24306
184 13 6.24306
184 14 6.24306
184 15 6.24306
184 16 6.24306
184 17 6.24306
184 18 6.24306
184 19 6.24306
184 20 6.24306
184 21 6.24306
184 22 6.24306
184 23 6.24306
184 24 6.24306
184 25 6.24306
184 26 6.24306
184 27 6.24306
184 28 6.24306
184 29 6.24306
184 30 6.24306
184 31 6.24306
184 32 6.24306
184 33 6.24306
184 34 6.24306
184 35 6.24306
184 36 6.24306
184 37 6.24306
184 38 6.24306
184 39 6.24306
184 40 6.24306
184 41 6.24306
184 42 6.24306
184 43 6.24306
184 44 6.24306
184 45 6.24306
184 46 6.24306
184 47 6.24306
184 48 6.24306
184 49 6.24306
184 50 6.24306
184 51 6.24306
184 52 6.24306
184 53 6.24306
184 54 6.24306
184 55 6.24306
184 56 6.24306
184 57 6.24306
184 58 6.24306
184 59 6.24306
184 60 6.24306
184 61 6.24306
184 62 6.24306
184 63 6.24306
184 64 6.24306
184 65 6.24306
184 66 6.24306
184 67 6.24306
184 68 6.24306
184 69 6.24306
184 70 6.24306
184 71 6.24306
184 72 6.24306
184 73 6.24306
184 74 6.24306
184 75 6.24306
184 76 6.24306
184 77 6.24306
184 78 6.24306
184 79 6.24306
184 80 6.24306
184 81 6.24306
184 82 6.24306
184 83 6.24306
184 84 6.24306
184 85 6.24306
184 86 6.24306
184 87 6.24306
184 88 6.24306
184 89 6.24306
184 90 6.24306
184 91 6.24306
184 92 6.24306
184 93 6.24306
184 94 6.24306
184 95 6.24306
184 96 6.24306
184 97 6.24306
184 98 6.24306
184 99 6.24306
184 100 6.24306
184 101 6.24306
184 102 6.24306
184 103 6.24306
184 104 6.24306
184 105 6.24306
184 106 6.24306
184 107 6.24306
184 108 6.24306
184 109 6.24306
184 110 6.24306
184 111 6.24306
184 112 6.26294
184 113 6.53468
184 114 6.55087
184 115 6.69501
184 116 6.74052
184 117 6.85003
184 118 7.14152
184 119 7.22331
184 120 7.32787
184 121 7.54625
184 122 7.56196
184 123 7.79837
184 124 7.83824
184 125 7.91673
184 126 7.98002
184 127 8.13775
184 128 8.17657
184 129 8.27227
184 130 8.39113
184 131 8.56729
184 132 8.56977
184 133 8.61343
184 134 8.62477
184 135 9.0047
184 136 9.22599
184 137 9.37367
184 138 9.37409
184 139 9.46761
184 140 9.59604
184 141 9.60866
184 142 9.6747
184 143 9.681
184 144 9.91659
184 145 9.97837
184 146 9.9883
184 147 10.0381
184 148 10.0524
184 149 10.2514
184 150 10.2964
184 151 10.3204
184 152 10.3618
184 153 10.4204
184 154 10.4323
184 155 10.494
184 156 10.5781
184 157 10.6593
184 158 10.6668
184 159 10.6678
184 160 10.6888
184 161 10.7094
184 162 10.7594
184 163 10.799
184 164 10.8769
184 165 10.8972
184 166 10.9179
184 167 11.0384
184 168 11.0444
184 169 11.195
184 170 11.2923
184 171 11.4033
184 172 11.6077
184 173 11.7405
184 174 11.8132
184 175 11.8499
184 176 11.9801
184 177 11.9878
184 178 12.1044
184 179 12.3264
184 180 12.3285
184 181 12.3743
184 182 12.5137
184 183 12.5436
184 184 13.1201
184 185 13.1394
184 186 13.2057
184 187 13.237
184 188 13.304
184 189 13.4991
184 190 13.6382
184 191 13.6504
184 192 13.6687
184 193 13.9811
184 194 14.1857
184 195 14.4695
184 196 15.6139
184 197 17.4511
184 198 19.7968
184 199 23.1788
185 0 6.24306 1 8 21 14 19 10 12 13 26 22 3 7 9 33 32 20 34 16 6 18 28 25 27 5 31 11 4 17 29 30 23 24 2 15 1 
185 1 6.24306
185 2 6.24306
185 3 6.24306
185 4 6.24306
185 5 6.24306
185 6 6.24306
185 7 6.24306
185 8 6.24306
185 9 6.24306
185 10 6.24306
185 11 6.24306
185 12 6.24306
185 13 6.24306
185 14 6.24306
185 15 6.24306
185 16 6.24306
185 17 6.24306
185 18 6.24306
185 19 6.24306
185 20 6.24306
185 21 6.24306
185 22 6.24306
185 23 6.24306
185 24 6.24306
185 25 6.24306
185 26 6.24306
185 27 6.24306
185 28 6.24306
185 29 6.24306
185 30 6.24306
185 31 6.24306
185 32 6.24306
185 33 6.24306
185 34 6.24306
185 35 6.24306
185 36 6.24306
185 37 6.24306
185 38 6.24306
185 39 6.24306
185 40 6.24306
185 41 6.24306
185 42 6.24306
185 43 6.24306
185 44 6.24306
185 45 6.24306
185 46 6.24306
185 47 6.24306
185 48 6.24306
185 49 6.24306
185 50 6.24306
185 51 6.24306
185 52 6.24306
185 53 6.24306
185 54 6.24306
185 55 6.24306
185 56 6.24306
185 57 6.24306
185 58 6.24306
185 59 6.24306
185 60 6.24306
185 61 6.24306
185 62 6.24306
185 63 6.24306
185 64 6.24306
185 65 6.24306
185 66 6.24306
185 67 6.24306
185 68 6.24306
185 69 6.24306
185 70 6.24306
185 71 6.24306
185 72 6.24306
185 73 6.24306
185 74 6.24306
185 75 6.24306
185 76 6.24306
185 77 6.24306
185 78 6.24306
185 79 6.24306
185 80 6.24306
185 81 6.24306
185 82 6.24306
185 83 6.24306
185 84 6.24306
185 85 6.24306
185 86 6.24306
185 87 6.24306
185 88 6.24306
185 89 6.24306
185 90 6.24306
185 91 6.24306
185 92 6.24306
185 93 6.24306
185 94 6.24306
185 95 6.24306
185 96 6.24306
185 97 6.24306
185 98 6.25595
185 99 6.26294
185 100 6.26294
185 101 6.3328
185 102 6.43138
185 103 6.55087
185 104 6.55201
185 105 7.0412
185 106 7.22331
185 107 7.26004
185 108 7.26454
185 109 7.35395
185 110 7.3746
185 111 7.40617
185 112 7.59922
185 113 7.82247
185 114 7.83824
185 115 7.98002
185 116 8.13775
185 117 8.13775
185 118 8.21096
185 119 8.27227
185 120 8.29715
185 121 8.30964
185 122 8.39113
185 123 8.39113
185 124 8.61343
185 125 8.61834
185 126 8.90365
185 127 8.94238
185 128 9.00207
185 129 9.03121
185 130 9.4666
185 131 9.62648
185 132 9.74525
185 133 9.75516
185 134 9.78911
185 135 9.79396
185 136 9.79826
185 137 9.85136
185 138 9.8993
185 139 9.92594
185 140 9.97837
185 141 10.0241
185 142 10.0301
185 143 10.0381
185 144 10.0524
185 145 10.06
185 146 10.0791
185 147 10.0976
185 148 10.1221
185 149 10.1892
185 150 10.1901
185 151 10.2434
185 152 10.3204
185 153 10.4003
185 154 10.4378
185 155 10.4667
185 156 10.5781
185 157 10.5781
185 158 10.6484
185 159 10.6888
185 160 10.6888
185 161 10.6888
185 162 10.7094
185 163 10.7704
185 164 10.799
185 165 10.8085
185 166 10.8355
185 167 10.8715
185 168 11.087
185 169 11.2159
185 170 11.7405
185 171 11.906
185 172 12.1217
185 173 12.3264
185 174 12.4841
185 175 12.6272
185 176 12.7602
185 177 12.7828
185 178 12.9767
185 179 13.1351
185 180 13.2268
185 181 13.3963
185 182 13.4243
185 183 13.5382
185 184 13.5495
185 185 13.6047
185 186 13.6195
185 187 13.6504
185 188 13.7205
185 189 13.7529
185 190 13.816
185 191 13.8327
185 192 14.0229
185 193 14.1357
185 194 14.5036
185 195 15.0916
185 196 16.2331
185 197 18.1343
185 198 19.4533
185 199 19.7968
186 0 6.24306 1 8 21 14 19 10 12 13 26 22 3 7 9 33 32 20 34 16 6 18 28 25 27 5 31 11 4 17 29 30 23 24 2 15 1 
186 1 6.24306
186 2 6.24306
186 3 6.24306
186 4 6.24306
186 5 6.24306
186 6 6.24306
186 7 6.24306
186 8 6.24306
186 9 6.24306
186 10 6.24306
186 11 6.24306
186 12 6.24306
186 13 6.24306
186 14 6.24306
186 15 6.24306
186 16 6.24306
186 17 6.24306
186 18 6.24306
186 19 6.24306
186 20 6.24306
186 21 6.24306
186 22 6.24306
186 23 6.24306
186 24 6.24306
186 25 6.24306
186 26 6.24306
186 27 6.24306
186 28 6.24306
186 29 6.24306
186 30 6.24306
186 31 6.24306
186 32 6.24306
186 33 6.24306
186 34 6.24306
186 35 6.24306
186 36 6.24306
186 37 6.24306
186 38 6.24306
186 39 6.24306
186 40 6.24306
186 41 6.24306
186 42 6.24306
186 43 6.24306
186 44 6.24306
186 45 6.24306
186 46 6.24306
186 47 6.24306
186 48 6.24306
186 49 6.24306
186 50 6.24306
186 51 6.24306
186 52 6.24306
186 53 6.24306
186 54 6.24306
186 55 6.24306
186 56 6.24306
186 57 6.24306
186 58 6.24306
186 59 6.24306
186 60 6.24306
186 61 6.24306
186 62 6.24306
186 63 6.24306
186 64 6.24306
186 65 6.24306
186 66 6.24306
186 67 6.24306
186 68 6.24306
186 69 6.24306
186 70 6.24306
186 71 6.24306
186 72 6.24306
186 73 6.24306
186 74 6.24306
186 75 6.24306
186 76 6.24306
186 77 6.24306
186 78 6.24306
186 79 6.24306
186 80 6.24306
186 81 6.24306
186 82 6.24306
186 83 6.24306
186 84 6.24306
186 85 6.24306
186 86 6.24306
186 87 6.24306
186 88 6.24306
186 89 6.24306
186 90 6.24306
186 91 6.24306
186 92 6.24306
186 93 6.24306
186 94 6.24306
186 95 6.24306
186 96 6.24306
186 97 6.24306
186 98 6.24306
186 99 6.24306
186 100 6.24306
186 101 6.25595
186 102 6.31941
186 103 6.43138
186 104 6.55087
186 105 6.55201
186 106 6.55201
186 107 7.05117
186 108 7.26454
186 109 7.27306
186 110 7.32121
186 111 7.52636
186 112 7.55595
186 113 7.75514
186 114 7.99069
186 115 8.1865
186 116 8.19647
186 117 8.23275
186 118 8.27227
186 119 8.28757
186 120 8.39113
186 121 8.49345
186 122 8.61343
186 123 8.61834
186 124 8.6599
186 125 8.77623
186 126 8.90365
186 127 9.03175
186 128 9.16085
186 129 9.17594
186 130 9.33471
186 131 9.41502
186 132 9.44796
186 133 9.45942
186 134 9.50128
186 135 9.51644
186 136 9.59155
186 137 9.60459
186 138 9.66075
186 139 9.70777
186 140 9.71601
186 141 9.79396
186 142 9.80657
186 143 9.8285
186 144 9.8358
186 145 9.89366
186 146 9.8993
186 147 9.91659
186 148 9.98209
186 149 10.0716
186 150 10.0745
186 151 10.0976
186 152 10.0976
186 153 10.1762
186 154 10.1813
186 155 10.1892
186 156 10.2813
186 157 10.4373
186 158 10.6449
186 159 10.7258
186 160 10.7673
186 161 10.8145
186 162 11.1413
186 163 11.1539
186 164 11.2055
186 165 11.2131
186 166 11.5816
186 167 11.9004
186 168 11.906
186 169 12.121
186 170 12.1217
186 171 12.1511
186 172 12.2537
186 173 12.44
186 174 12.7602
186 175 12.7828
186 176 12.9987
186 177 13.1815
186 178 13.4414
186 179 13.4507
186 180 13.4752
186 181 13.4843
186 182 13.5226
186 183 13.5314
186 184 13.5382
186 185 13.5495
186 186 13.5709
186 187 13.6466
186 188 13.7205
186 189 13.9335
186 190 14.0976
186 191 14.1355
186 192 14.9475
186 193 15.5099
186 194 15.6092
186 195 16.3643
186 196 17.6637
186 197 18.1343
186 198 19.7187
186 199 21.5
187 0 6.24306 1 8 21 14 19 10 12 13 26 22 3 7 9 33 32 20 34 16 6 18 28 25 27 5 31 11 4 17 29 30 23 24 2 15 1 
187 1 6.24306
187 2 6.24306
187 3 6.24306
187 4 6.24306
187 5 6.24306
187 6 6.24306
187 7 6.24306
187 8 6.24306
187 9 6.24306
187 10 6.24306
187 11 6.24306
187 12 6.24306
187 13 6.24306
187 14 6.24306
187 15 6.24306
187 16 6.24306
187 17 6.24306
187 18 6.24306
187 19 6.24306
187 20 6.24306
187 21 6.24306
187 22 6.24306
187 23 6.24306
187 24 6.24306
187 25 6.24306
187 26 6.24306
187 27 6.24306
187 28 6.24306
187 29 6.24306
187 30 6.24306
187 31 6.24306
187 32 6.24306
187 33 6.24306
187 34 6.24306
187 35 6.24306
187 36 6.24306
187 37 6.24306
187 38 6.24306
187 39 6.24306
187 40 6.24306
187 41 6.24306
187 42 6.24306
187 43 6.24306
187 44 6.24306
187 45 6.24306
187 46 6.24306
187 47 6.24306
187 48 6.24306
187 49 6.24306
187 50 6.24306
187 51 6.24306
187 52 6.24306
187 53 6.24306
187 54 6.24306
187 55 6.24306
187 56 6.24306
187 57 6.24306
187 58 6.24306
187 59 6.24306
187 60 6.24306
187 61 6.24306
187 62 6.24306
187 63 6.24306
187 64 6.24306
187 65 6.24306
187 66 6.24306
187 67 6.24306
187 68 6.24306
187 69 6.24306
187 70 6.24306
187 71 6.24306
187 72 6.24306
187 73 6.24306
187 74 6.24306
187 75 6.24306
187 76 6.24306
187 77 6.24306
187 78 6.24306
187 79 6.24306
187 80 6.24306
187 81 6.24306
187 82 6.24306
187 83 6.24306
187 84 6.24306
187 85 6.24306
187 86 6.24306
187 87 6.24306
187 88 6.24306
187 89 6.24306
187 90 6.24306
187 91 6.24306
187 92 6.24306
187 93 6.24306
187 94 6.24306
187 95 6.24306
187 96 6.24306
187 97 6.24306
187 98 6.24306
187 99 6.24306
187 100 6.26294
187 101 6.54134
187 102 6.55439
187 103 6.64035
187 104 6.67227
187 105 7.04347
187 106 7.14152
187 107 7.34255
187 108 7.53306
187 109 7.53759
187 110 7.58005
187 111 7.74087
187 112 7.87607
187 113 8.04267
187 114 8.04434
187 115 8.1865
187 116 8.28757
187 117 8.46634
187 118 8.52447
187 119 8.5355
187 120 8.61343
187 121 8.94386
187 122 9.03175
187 123 9.15747
187 124 9.32932
187 125 9.33471
187 126 9.414
187 127 9.414
187 128 9.46205
187 129 9.49017
187 130 9.53606
187 131 9.59155
187 132 9.60459
187 133 9.65213
187 134 9.66088
187 135 9.79396
187 136 9.80657
187 137 9.80657
187 138 9.83366
187 139 9.8358
187 140 9.91999
187 141 9.98052
187 142 10.0716
187 143 10.0716
187 144 10.1337
187 145 10.1428
187 146 10.1598
187 147 10.1762
187 148 10.1911
187 149 10.3299
187 150 10.3715
187 151 10.4257
187 152 10.4607
187 153 10.5345
187 154 10.5705
187 155 10.6305
187 156 10.6522
187 157 10.7131
187 158 10.7258
187 159 10.7258
187 160 10.7863
187 161 10.8405
187 162 10.8733
187 163 11.298
187 164 11.3126
187 165 11.9164
187 166 11.953
187 167 11.9698
187 168 12.07
187 169 12.1595
187 170 12.2537
187 171 12.2952
187 172 12.4207
187 173 12.52
187 174 12.5403
187 175 12.603
187 176 12.6348
187 177 12.6797
187 178 12.8373
187 179 13.0094
187 180 13.019
187 181 13.0529
187 182 13.149
187 183 13.3423
187 184 13.3601
187 185 13.5226
187 186 13.529
187 187 13.5382
187 188 13.5589
187 189 13.6881
187 190 13.7472
187 191 13.8988
187 192 15.0126
187 193 15.126
187 194 15.5875
187 195 15.7911
187 196 16.265
187 197 16.6488
187 198 17.6914
187 199 20.2109
188 0 6.24306 1 8 21 14 19 10 12 13 26 22 3 7 9 33 32 20 34 16 6 18 28 25 27 5 31 11 4 17 29 30 23 24 2 15 1 
188 1 6.24306
188 2 6.24306
188 3 6.24306
188 4 6.24306
188 5 6.24306
188 6 6.24306
188 7 6.24306
188 8 6.24306
188 9 6.24306
188 10 6.24306
188 11 6.24306
188 12 6.24306
188 13 6.24306
188 14 6.24306
188 15 6.24306
188 16 6.24306
188 17 6.24306
188 18 6.24306
188 19 6.24306
188 20 6.24306
188 21 6.24306
188 22 6.24306
188 23 6.24306
188 24 6.24306
188 25 6.24306
188 26 6.24306
188 27 6.24306
188 28 6.24306
188 29 6.24306
188 30 6.24306
188 31 6.24306
188 32 6.24306
188 33 6.24306
188 34 6.24306
188 35 6.24306
188 36 6.24306
188 37 6.24306
188 38 6.24306
188 39 6.24306
188 40 6.24306
188 41 6.24306
188 42 6.24306
188 43 6.24306
188 44 6.24306
188 45 6.24306
188 46 6.24306
188 47 6.24306
188 48 6.24306
188 49 6.24306
188 50 6.24306
188 51 6.24306
188 52 6.24306
188 53 6.24306
188 54 6.24306
188 55 6.24306
188 56 6.24306
188 57 6.24306
188 58 6.24306
188 59 6.24306
188 60 6.24306
188 61 6.24306
188 62 6.24306
188 63 6.24306
188 64 6.24306
188 65 6.24306
188 66 6.24306
188 67 6.24306
188 68 6.24306
188 69 6.24306
188 70 6.24306
188 71 6.24306
188 72 6.24306
188 73 6.24306
188 74 6.24306
188 75 6.24306
188 76 6.24306
188 77 6.24306
188 78 6.24306
188 79 6.24306
188 80 6.24306
188 81 6.24306
188 82 6.24306
188 83 6.24306
188 84 6.24306
188 85 6.24306
188 86 6.24306
188 87 6.24306
188 88 6.24306
188 89 6.24306
188 90 6.24306
188 91 6.24306
188 92 6.24306
188 93 6.24306
188 94 6.24306
188 95 6.24306
188 96 6.24306
188 97 6.24306
188 98 6.24306
188 99 6.55218
188 100 6.55439
188 101 6.55597
188 102 6.72514
188 103 6.7992
188 104 6.81266
188 105 6.9516
188 106 7.04128
188 107 7.07012
188 108 7.11622
188 109 7.30384
188 110 7.34255
188 111 7.53306
188 112 7.83548
188 113 8.04267
188 114 8.1865
188 115 8.21853
188 116 8.29535
188 117 8.48554
188 118 8.52447
188 119 8.56977
188 120 8.61343
188 121 8.75345
188 122 8.78179
188 123 8.94004
188 124 9.03175
188 125 9.08843
188 126 9.1448
188 127 9.15747
188 128 9.19969
188 129 9.32346
188 130 9.32932
188 131 9.33471
188 132 9.46205
188 133 9.47863
188 134 9.50222
188 135 9.58632
188 136 9.60459
188 137 9.61572
188 138 9.79396
188 139 9.8471
188 140 9.86251
188 141 9.91216
188 142 9.91999
188 143 9.96721
188 144 10.0226
188 145 10.0476
188 146 10.0716
188 147 10.0716
188 148 10.0791
188 149 10.1018
188 150 10.2675
188 151 10.2937
188 152 10.6175
188 153 10.8448
188 154 10.8733
188 155 11.2049
188 156 11.298
188 157 11.4028
188 158 11.4059
188 159 11.7957
188 160 11.8584
188 161 12.07
188 162 12.1595
188 163 12.2115
188 164 12.2308
188 165 12.2537
188 166 12.3904
188 167 12.5261
188 168 12.5783
188 169 12.6415
188 170 12.8331
188 171 12.883
188 172 12.9767
188 173 13.0071
188 174 13.0892
188 175 13.1606
188 176 13.4096
188 177 13.5201
188 178 13.5226
188 179 13.5452
188 180 13.5562
188 181 13.7472
188 182 13.8063
188 183 14.3136
188 184 14.4117
188 185 14.5376
188 186 15.2047
188 187 15.3436
188 188 15.3778
188 189 15.7911
188 190 16.6334
188 191 16.6488
188 192 17.2776
188 193 17.9045
188 194 17.9622
188 195 18.3988
188 196 18.9747
188 197 19.1518
188 198 19.431
188 199 20.3514
189 0 6.24306 1 8 21 14 19 10 12 13 26 22 3 7 9 33 32 20 34 16 6 18 28 25 27 5 31 11 4 17 29 30 23 24 2 15 1 
189 1 6.24306
189 2 6.24306
189 3 6.24306
189 4 6.24306
189 5 6.24306
189 6 6.24306
189 7 6.24306
189 8 6.24306
189 9 6.24306
189 10 6.24306
189 11 6.24306
189 12 6.24306
189 13 6.24306
189 14 6.24306
189 15 6.24306
189 16 6.24306
189 17 6.24306
189 18 6.24306
189 19 6.24306
189 20 6.24306
189 21 6.24306
189 22 6.24306
189 23 6.24306
189 24 6.24306
189 25 6.24306
189 26 6.24306
189 27 6.24306
189 28 6.24306
189 29 6.24306
189 30 6.24306
189 31 6.24306
189 32 6.24306
189 33 6.24306
189 34 6.24306
189 35 6.24306
189 36 6.24306
189 37 6.24306
189 38 6.24306
189 39 6.24306
189 40 6.24306
189 41 6.24306
189 42 6.24306
189 43 6.24306
189 44 6.24306
189 45 6.24306
189 46 6.24306
189 47 6.24306
189 48 6.24306
189 49 6.24306
189 50 6.24306
189 51 6.24306
189 52 6.24306
189 53 6.24306
189 54 6.24306
189 55 6.24306
189 56 6.24306
189 57 6.24306
189 58 6.24306
189 59 6.24306
189 60 6.24306
189 61 6.24306
189 62 6.24306
189 63 6.24306
189 64 6.24306
189 65 6.24306
189 66 6.24306
189 67 6.24306
189 68 6.24306
189 69 6.24306
189 70 6.24306
189 71 6.24306
189 72 6.24306
189 73 6.24306
189 74 6.24306
189 75 6.24306
189 76 6.24306
189 77 6.24306
189 78 6.24306
189 79 6.24306
189 80 6.24306
189 81 6.24306
189 82 6.24306
189 83 6.24306
189 84 6.24306
189 85 6.24306
189 86 6.24306
189 87 6.24306
189 88 6.24306
189 89 6.24306
189 90 6.24306
189 91 6.24306
189 92 6.24306
189 93 6.24306
189 94 6.24306
189 95 6.24306
189 96 6.24306
189 97 6.24306
189 98 6.24306
189 99 6.24306
189 100 6.24306
189 101 6.24306
189 102 6.24306
189 103 6.24306
189 104 6.24306
189 105 6.24306
189 106 6.24306
189 107 6.24306
189 108 6.4912
189 109 6.55597
189 110 6.80794
189 111 7.03149
189 112 7.04128
189 113 7.04786
189 114 7.09794
189 115 7.21377
189 116 7.28249
189 117 7.30384
189 118 7.33343
189 119 7.40868
189 120 7.87607
189 121 8.02379
189 122 8.06322
189 123 8.21853
189 124 8.3577
189 125 8.49335
189 126 8.61343
189 127 8.78179
189 128 8.83547
189 129 8.94004
189 130 8.95569
189 131 9.00583
189 132 9.04168
189 133 9.36807
189 134 9.37894
189 135 9.43513
189 136 9.63427
189 137 9.91301
189 138 9.99091
189 139 10.0019
189 140 10.1698
189 141 10.1843
189 142 10.1977
189 143 10.3735
189 144 10.3896
189 145 10.5354
189 146 10.544
189 147 10.713
189 148 10.8733
189 149 10.8872
189 150 11.0004
189 151 11.0345
189 152 11.1024
189 153 11.2049
189 154 11.2528
189 155 11.3606
189 156 11.6528
189 157 11.8225
189 158 11.9452
189 159 11.9912
189 160 12.1733
189 161 12.1766
189 162 12.2115
189 163 12.2837
189 164 12.3486
189 165 12.4016
189 166 12.4457
189 167 12.572
189 168 12.6071
189 169 12.711
189 170 12.8279
189 171 12.9403
189 172 13.0011
189 173 13.1101
189 174 13.1437
189 175 13.1532
189 176 13.1863
189 177 13.3624
189 178 13.3729
189 179 13.3913
189 180 13.5206
189 181 13.5223
189 182 13.5757
189 183 13.6598
189 184 13.7194
189 185 13.7472
189 186 13.8485
189 187 14.5376
189 188 14.6086
189 189 14.6306
189 190 14.7591
189 191 14.8111
189 192 14.9873
189 193 15.079
189 194 15.3392
189 195 17.8835
189 196 18.1111
189 197 18.223
189 198 19.44
189 199 21.2119
190 0 6.24306 1 8 21 14 19 10 12 13 26 22 3 7 9 33 32 20 34 16 6 18 28 25 27 5 31 11 4 17 29 30 23 24 2 15 1 
190 1 6.24306
190 2 6.24306
190 3 6.24306
190 4 6.24306
190 5 6.24306
190 6 6.24306
190 7 6.24306
190 8 6.24306
190 9 6.24306
190 10 6.24306
190 11 6.24306
190 12 6.24306
190 13 6.24306
190 14 6.24306
190 15 6.24306
190 16 6.24306
190 17 6.24306
190 18 6.24306
190 19 6.24306
190 20 6.24306
190 21 6.24306
190 22 6.24306
190 23 6.24306
190 24 6.24306
190 25 6.24306
190 26 6.24306
190 27 6.24306
190 28 6.24306
190 29 6.24306
190 30 6.24306
190 31 6.24306
190 32 6.24306
190 33 6.24306
190 34 6.24306
190 35 6.24306
190 36 6.24306
190 37 6.24306
190 38 6.24306
190 39 6.24306
190 40 6.24306
190 41 6.24306
190 42 6.24306
190 43 6.24306
190 44 6.24306
190 45 6.24306
190 46 6.24306
190 47 6.24306
190 48 6.24306
190 49 6.24306
190 50 6.24306
190 51 6.24306
190 52 6.24306
190 53 6.24306
190 54 6.24306
190 55 6.24306
190 56 6.24306
190 57 6.24306
190 58 6.24306
190 59 6.24306
190 60 6.24306
190 61 6.24306
190 62 6.24306
190 63 6.24306
190 64 6.24306
190 65 6.24306
190 66 6.24306
190 67 6.24306
190 68 6.24306
190 69 6.24306
190 70 6.24306
190 71 6.24306
190 72 6.24306
190 73 6.24306
190 74 6.24306
190 75 6.24306
190 76 6.24306
190 77 6.24306
190 78 6.24306
190 79 6.24306
190 80 6.24306
190 81 6.24306
190 82 6.24306
190 83 6.24306
190 84 6.24306
190 85 6.24306
190 86 6.24306
190 87 6.24306
190 88 6.24306
190 89 6.24306
190 90 6.24306
190 91 6.24306
190 92 6.24306
190 93 6.24306
190 94 6.24306
190 95 6.24306
190 96 6.4912
190 97 6.4912
190 98 6.50801
190 99 6.55439
190 100 6.81478
190 101 7.08301
190 102 7.09794
190 103 7.30384
190 104 7.3364
190 105 7.34537
190 106 7.60138
190 107 7.60138
190 108 7.85226
190 109 7.87607
190 110 7.92015
190 111 8.21142
190 112 8.21853
190 113 8.3577
190 114 8.44953
190 115 8.49345
190 116 8.54699
190 117 8.78199
190 118 8.82489
190 119 8.83547
190 120 8.83547
190 121 8.94004
190 122 8.96762
190 123 9.13341
190 124 9.15747
190 125 9.28107
190 126 9.30734
190 127 9.42187
190 128 9.43513
190 129 9.60866
190 130 9.7587
190 131 9.86899
190 132 9.9309
190 133 9.93098
190 134 10.045
190 135 10.0508
190 136 10.052
190 137 10.2311
190 138 10.4401
190 139 10.4607
190 140 10.5791
190 141 10.6522
190 142 10.6601
190 143 10.7938
190 144 10.8084
190 145 10.844
190 146 10.8478
190 147 10.8581
190 148 10.8733
190 149 11.0189
190 150 11.0885
190 151 11.1055
190 152 11.2175
190 153 11.3188
190 154 11.4381
190 155 11.6206
190 156 11.6506
190 157 11.6547
190 158 11.8715
190 159 11.9712
190 160 12.003
190 161 12.1281
190 162 12.1381
190 163 12.1766
190 164 12.2115
190 165 12.3168
190 166 12.4016
190 167 12.4977
190 168 12.5261
190 169 12.6504
190 170 12.6913
190 171 12.711
190 172 12.7275
190 173 12.9324
190 174 12.9397
190 175 13.1863
190 176 13.205
190 177 13.2948
190 178 13.3181
190 179 13.3374
190 180 13.3913
190 181 13.4206
190 182 13.5223
190 183 13.5223
190 184 13.53
190 185 13.8552
190 186 13.9522
190 187 14.172
190 188 14.2754
190 189 14.7688
190 190 14.9873
190 191 15.079
190 192 15.2006
190 193 15.3274
190 194 15.9946
190 195 16.1935
190 196 17.2644
190 197 17.546
190 198 18.4949
190 199 23.7922
191 0 6.24306 1 8 21 14 19 10 12 13 26 22 3 7 9 33 32 20 34 16 6 18 28 25 27 5 31 11 4 17 29 30 23 24 2 15 1 
191 1 6.24306
191 2 6.24306
191 3 6.24306
191 4 6.24306
191 5 6.24306
191 6 6.24306
191 7 6.24306
191 8 6.24306
191 9 6.24306
191 10 6.24306
191 11 6.24306
191 12 6.24306
191 13 6.24306
191 14 6.24306
191 15 6.24306
191 16 6.24306
191 17 6.24306
191 18 6.24306
191 19 6.24306
191 20 6.24306
191 21 6.24306
191 22 6.24306
191 23 6.24306
191 24 6.24306
191 25 6.24306
191 26 6.24306
191 27 6.24306
191 28 6.24306
191 29 6.24306
191 30 6.24306
191 31 6.24306
191 32 6.24306
191 33 6.24306
191 34 6.24306
191 35 6.24306
191 36 6.24306
191 37 6.24306
191 38 6.24306
191 39 6.24306
191 40 6.24306
191 41 6.24306
191 42 6.24306
191 43 6.24306
191 44 6.24306
191 45 6.24306
191 46 6.24306
191 47 6.24306
191 48 6.24306
191 49 6.24306
191 50 6.24306
191 51 6.24306
191 52 6.24306
191 53 6.24306
191 54 6.24306
191 55 6.24306
191 56 6.24306
191 57 6.24306
191 58 6.24306
191 59 6.24306
191 60 6.24306
191 61 6.24306
191 62 6.24306
191 63 6.24306
191 64 6.24306
191 65 6.24306
191 66 6.24306
191 67 6.24306
191 68 6.24306
191 69 6.24306
191 70 6.24306
191 71 6.24306
191 72 6.24306
191 73 6.24306
191 74 6.24306
191 75 6.24306
191 76 6.24306
191 77 6.24306
191 78 6.24306
191 79 6.24306
191 80 6.24306
191 81 6.24306
191 82 6.24306
191 83 6.24306
191 84 6.24306
191 85 6.24306
191 86 6.24306
191 87 6.24306
191 88 6.24306
191 89 6.24306
191 90 6.24306
191 91 6.24306
191 92 6.24306
191 93 6.24306
191 94 6.24306
191 95 6.24306
191 96 6.26294
191 97 6.39967
191 98 7.04345
191 99 7.05117
191 100 7.08301
191 101 7.09794
191 102 7.13706
191 103 7.14448
191 104 7.20796
191 105 7.26004
191 106 7.28433
191 107 7.33343
191 108 7.3364
191 109 7.34537
191 110 7.53759
191 111 7.54701
191 112 7.57869
191 113 7.60138
191 114 8.08705
191 115 8.42979
191 116 8.44953
191 117 8.44953
191 118 8.54699
191 119 8.61343
191 120 8.6558
191 121 8.67592
191 122 8.78199
191 123 8.79926
191 124 8.83547
191 125 8.84097
191 126 8.90365
191 127 8.99321
191 128 9.03996
191 129 9.17693
191 130 9.24407
191 131 9.26877
191 132 9.27346
191 133 9.30851
191 134 9.43648
191 135 9.49191
191 136 9.60866
191 137 9.60866
191 138 9.63462
191 139 9.64976
191 140 9.67481
191 141 9.77551
191 142 9.81854
191 143 9.84184
191 144 9.9309
191 145 9.93098
191 146 9.98484
191 147 9.99703
191 148 10.045
191 149 10.045
191 150 10.052
191 151 10.1244
191 152 10.2582
191 153 10.2793
191 154 10.3064
191 155 10.3327
191 156 10.3775
191 157 10.4401
191 158 10.6104
191 159 10.763
191 160 10.7631
191 161 10.7831
191 162 10.8136
191 163 10.8378
191 164 10.8478
191 165 10.8581
191 166 10.935
191 167 10.9714
191 168 11.0355
191 169 11.1413
191 170 11.2251
191 171 11.5479
191 172 11.5796
191 173 11.6317
191 174 11.7784
191 175 11.8715
191 176 11.9424
191 177 12.1281
191 178 12.4762
191 179 12.5656
191 180 12.5822
191 181 12.609
191 182 12.6504
191 183 12.7879
191 184 12.9324
191 185 13.009
191 186 13.067
191 187 13.1553
191 188 13.2714
191 189 13.3058
191 190 13.3181
191 191 13.3729
191 192 13.3913
191 193 13.4206
191 194 13.5223
191 195 13.523
191 196 14.7411
191 197 15.3274
191 198 16.3004
191 199 24.4952
192 0 6.24306 1 8 21 14 19 10 12 13 26 22 3 7 9 33 32 20 34 16 6 18 28 25 27 5 31 11 4 17 29 30 23 24 2 15 1 
192 1 6.24306
192 2 6.24306
192 3 6.24306
192 4 6.24306
192 5 6.24306
192 6 6.24306
192 7 6.24306
192 8 6.24306
192 9 6.24306
192 10 6.24306
192 11 6.24306
192 12 6.24306
192 13 6.24306
192 14 6.24306
192 15 6.24306
192 16 6.24306
192 17 6.24306
192 18 6.24306
192 19 6.24306
192 20 6.24306
192 21 6.24306
192 22 6.24306
192 23 6.24306
192 24 6.24306
192 25 6.24306
192 26 6.24306
192 27 6.24306
192 28 6.24306
192 29 6.24306
192 30 6.24306
192 31 6.24306
192 32 6.24306
192 33 6.24306
192 34 6.24306
192 35 6.24306
192 36 6.24306
192 37 6.24306
192 38 6.24306
192 39 6.24306
192 40 6.24306
192 41 6.24306
192 42 6.24306
192 43 6.24306
192 44 6.24306
192 45 6.24306
192 46 6.24306
192 47 6.24306
192 48 6.24306
192 49 6.24306
192 50 6.24306
192 51 6.24306
192 52 6.24306
192 53 6.24306
192 54 6.24306
192 55 6.24306
192 56 6.24306
192 57 6.24306
192 58 6.24306
192 59 6.24306
192 60 6.24306
192 61 6.24306
192 62 6.24306
192 63 6.24306
192 64 6.24306
192 65 6.24306
192 66 6.24306
192 67 6.24306
192 68 6.24306
192 69 6.24306
192 70 6.24306
192 71 6.24306
192 72 6.24306
192 73 6.24306
192 74 6.24306
192 75 6.24306
192 76 6.24306
192 77 6.24306
192 78 6.24306
192 79 6.24306
192 80 6.24306
192 81 6.24306
192 82 6.24306
192 83 6.24306
192 84 6.24306
192 85 6.24306
192 86 6.24306
192 87 6.24306
192 88 6.24306
192 89 6.24306
192 90 6.24306
192 91 6.24306
192 92 6.24306
192 93 6.24306
192 94 6.24306
192 95 6.24306
192 96 6.26294
192 97 6.50801
192 98 6.55201
192 99 6.55218
192 100 6.74052
192 101 6.78595
192 102 6.89659
192 103 7.03149
192 104 7.08301
192 105 7.33283
192 106 7.3586
192 107 7.52114
192 108 7.52636
192 109 7.54701
192 110 7.54883
192 111 7.57869
192 112 7.57869
192 113 7.91673
192 114 7.92963
192 115 7.93753
192 116 8.02379
192 117 8.02441
192 118 8.19998
192 119 8.2036
192 120 8.42979
192 121 8.43024
192 122 8.44953
192 123 8.61651
192 124 8.70218
192 125 8.8933
192 126 8.99321
192 127 8.99321
192 128 9.01458
192 129 9.02174
192 130 9.09688
192 131 9.12249
192 132 9.13673
192 133 9.23795
192 134 9.26877
192 135 9.27346
192 136 9.28369
192 137 9.32932
192 138 9.48018
192 139 9.49559
192 140 9.51644
192 141 9.64927
192 142 9.67481
192 143 9.70777
192 144 9.79625
192 145 9.81675
192 146 9.84805
192 147 9.9028
192 148 9.92845
192 149 9.93856
192 150 9.99703
192 151 10.0549
192 152 10.0641
192 153 10.1212
192 154 10.1909
192 155 10.4401
192 156 10.446
192 157 10.4792
192 158 10.5305
192 159 10.6539
192 160 10.6697
192 161 10.7245
192 162 10.763
192 163 10.7673
192 164 10.7681
192 165 10.8617
192 166 11.0154
192 167 11.2393
192 168 11.3225
192 169 11.4266
192 170 11.6483
192 171 11.755
192 172 11.7709
192 173 11.8715
192 174 11.9344
192 175 11.9367
192 176 12.4911
192 177 12.5075
192 178 12.5656
192 179 12.7748
192 180 12.8925
192 181 12.8954
192 182 13.1815
192 183 13.2475
192 184 13.4991
192 185 13.6388
192 186 13.6583
192 187 13.7572
192 188 14.5015
192 189 15.0796
192 190 15.1257
192 191 15.2023
192 192 15.4965
192 193 16.1457
192 194 16.6249
192 195 16.7473
192 196 16.8306
192 197 17.7094
192 198 18.4302
192 199 19.5233
193 0 6.24306 1 8 21 14 19 10 12 13 26 22 3 7 9 33 32 20 34 16 6 18 28 25 27 5 31 11 4 17 29 30 23 24 2 15 1 
193 1 6.24306
193 2 6.24306
193 3 6.24306
193 4 6.24306
193 5 6.24306
193 6 6.24306
193 7 6.24306
193 8 6.24306
193 9 6.24306
193 10 6.24306
193 11 6.24306
193 12 6.24306
193 13 6.24306
193 14 6.24306
193 15 6.24306
193 16 6.24306
193 17 6.24306
193 18 6.24306
193 19 6.24306
193 20 6.24306
193 21 6.24306
193 22 6.24306
193 23 6.24306
193 24 6.24306
193 25 6.24306
193 26 6.24306
193 27 6.24306
193 28 6.24306
193 29 6.24306
193 30 6.24306
193 31 6.24306
193 32 6.24306
193 33 6.24306
193 34 6.24306
193 35 6.24306
193 36 6.24306
193 37 6.24306
193 38 6.24306
193 39 6.24306
193 40 6.24306
193 41 6.24306
193 42 6.24306
193 43 6.24306
193 44 6.24306
193 45 6.24306
193 46 6.24306
193 47 6.24306
193 48 6.24306
193 49 6.24306
193 50 6.24306
193 51 6.24306
193 52 6.24306
193 53 6.24306
193 54 6.24306
193 55 6.24306
193 56 6.24306
193 57 6.24306
193 58 6.24306
193 59 6.24306
193 60 6.24306
193 61 6.24306
193 62 6.24306
193 63 6.24306
193 64 6.24306
193 65 6.24306
193 66 6.24306
193 67 6.24306
193 68 6.24306
193 69 6.24306
193 70 6.24306
193 71 6.24306
193 72 6.24306
193 73 6.24306
193 74 6.24306
193 75 6.24306
193 76 6.24306
193 77 6.24306
193 78 6.24306
193 79 6.24306
193 80 6.24306
193 81 6.24306
193 82 6.24306
193 83 6.24306
193 84 6.24306
193 85 6.24306
193 86 6.24306
193 87 6.24306
193 88 6.24306
193 89 6.24306
193 90 6.24306
193 91 6.24306
193 92 6.24306
193 93 6.24306
193 94 6.24306
193 95 6.24306
193 96 6.24306
193 97 6.24306
193 98 6.24306
193 99 6.24306
193 100 6.24306
193 101 6.24306
193 102 6.24306
193 103 6.24306
193 104 6.26294
193 105 6.26484
193 106 6.31941
193 107 6.55439
193 108 6.57315
193 109 6.72916
193 110 6.74052
193 111 7.04899
193 112 7.07012
193 113 7.1366
193 114 7.31402
193 115 7.3583
193 116 7.3586
193 117 7.52114
193 118 7.54883
193 119 7.58005
193 120 7.68962
193 121 7.81836
193 122 7.90969
193 123 7.91673
193 124 7.91673
193 125 7.92963
193 126 8.16097
193 127 8.19509
193 128 8.42979
193 129 8.43024
193 130 8.43024
193 131 8.48554
193 132 8.61343
193 133 8.6558
193 134 8.67351
193 135 8.6916
193 136 8.99321
193 137 8.99321
193 138 9.09688
193 139 9.1582
193 140 9.22243
193 141 9.22243
193 142 9.22868
193 143 9.26877
193 144 9.32932
193 145 9.38132
193 146 9.38231
193 147 9.43159
193 148 9.46509
193 149 9.51644
193 150 9.70047
193 151 9.71668
193 152 9.73621
193 153 9.83112
193 154 9.84805
193 155 10.0284
193 156 10.0301
193 157 10.2093
193 158 10.2363
193 159 10.277
193 160 10.2955
193 161 10.4323
193 162 10.5027
193 163 10.6381
193 164 10.7594
193 165 10.8411
193 166 10.8968
193 167 10.9113
193 168 11.1505
193 169 11.2779
193 170 11.2943
193 171 11.2999
193 172 11.3282
193 173 11.531
193 174 11.5543
193 175 11.6483
193 176 11.9889
193 177 12.2874
193 178 12.3022
193 179 12.4872
193 180 12.4964
193 181 12.5226
193 182 12.5997
193 183 13.0054
193 184 13.3443
193 185 13.3526
193 186 13.4309
193 187 13.4991
193 188 13.5759
193 189 13.6382
193 190 13.6687
193 191 13.7572
193 192 13.8294
193 193 14.4062
193 194 14.4717
193 195 14.9607
193 196 16.6606
193 197 16.6882
193 198 16.8306
193 199 17.7242
194 0 6.24306 1 8 21 14 19 10 12 13 26 22 3 7 9 33 32 20 34 16 6 18 28 25 27 5 31 11 4 17 29 30 23 24 2 15 1 
194 1 6.24306
194 2 6.24306
194 3 6.24306
194 4 6.24306
194 5 6.24306
194 6 6.24306
194 7 6.24306
194 8 6.24306
194 9 6.24306
194 10 6.24306
194 11 6.24306
194 12 6.24306
194 13 6.24306
194 14 6.24306
194 15 6.24306
194 16 6.24306
194 17 6.24306
194 18 6.24306
194 19 6.24306
194 20 6.24306
194 21 6.24306
194 22 6.24306
194 23 6.24306
194 24 6.24306
194 25 6.24306
194 26 6.24306
194 27 6.24306
194 28 6.24306
194 29 6.24306
194 30 6.24306
194 31 6.24306
194 32 6.24306
194 33 6.24306
194 34 6.24306
194 35 6.24306
194 36 6.24306
194 37 6.24306
194 38 6.24306
194 39 6.24306
194 40 6.24306
194 41 6.24306
194 42 6.24306
194 43 6.24306
194 44 6.24306
194 45 6.24306
194 46 6.24306
194 47 6.24306
194 48 6.24306
194 49 6.24306
194 50 6.24306
194 51 6.24306
194 52 6.24306
194 53 6.24306
194 54 6.24306
194 55 6.24306
194 56 6.24306
194 57 6.24306
194 58 6.24306
194 59 6.24306
194 60 6.24306
194 61 6.24306
194 62 6.24306
194 63 6.24306
194 64 6.24306
194 65 6.24306
194 66 6.24306
194 67 6.24306
194 68 6.24306
194 69 6.24306
194 70 6.24306
194 71 6.24306
194 72 6.24306
194 73 6.24306
194 74 6.24306
194 75 6.24306
194 76 6.24306
194 77 6.24306
194 78 6.24306
194 79 6.24306
194 80 6.24306
194 81 6.24306
194 82 6.24306
194 83 6.24306
194 84 6.24306
194 85 6.24306
194 86 6.24306
194 87 6.24306
194 88 6.24306
194 89 6.24306
194 90 6.24306
194 91 6.24306
194 92 6.24306
194 93 6.24306
194 94 6.24306
194 95 6.24306
194 96 6.24306
194 97 6.24306
194 98 6.24306
194 99 6.24306
194 100 6.24306
194 101 6.24306
194 102 6.24306
194 103 6.24306
194 104 6.24306
194 105 6.24306
194 106 6.24306
194 107 6.24306
194 108 6.24306
194 109 6.24306
194 110 6.24306
194 111 6.24306
194 112 6.24306
194 113 6.24306
194 114 6.24306
194 115 6.24306
194 116 6.24306
194 117 6.57315
194 118 6.72916
194 119 6.72916
194 120 6.8107
194 121 6.88532
194 122 7.03197
194 123 7.04899
194 124 7.10733
194 125 7.20796
194 126 7.31402
194 127 7.34328
194 128 7.37424
194 129 7.54772
194 130 7.55595
194 131 7.56572
194 132 7.5789
194 133 7.89959
194 134 8.06896
194 135 8.14941
194 136 8.28757
194 137 8.29535
194 138 8.4232
194 139 8.43024
194 140 8.43024
194 141 8.48394
194 142 8.48554
194 143 8.48554
194 144 8.53361
194 145 8.67592
194 146 8.75574
194 147 8.82136
194 148 8.85843
194 149 8.8977
194 150 9.38231
194 151 9.41113
194 152 9.43159
194 153 9.47459
194 154 9.49017
194 155 9.67655
194 156 9.73621
194 157 10.2093
194 158 10.3304
194 159 10.5027
194 160 10.6079
194 161 10.6401
194 162 10.7559
194 163 10.7994
194 164 10.9607
194 165 10.9681
194 166 11.0648
194 167 11.1505
194 168 11.2275
194 169 11.2943
194 170 11.2999
194 171 11.5624
194 172 11.6032
194 173 11.8502
194 174 11.8698
194 175 11.8875
194 176 11.8988
194 177 11.9059
194 178 12.2264
194 179 12.4872
194 180 12.5526
194 181 12.5724
194 182 12.8674
194 183 13.0771
194 184 13.3372
194 185 13.3443
194 186 13.3443
194 187 13.3515
194 188 13.4193
194 189 13.5513
194 190 13.6382
194 191 13.7572
194 192 13.7572
194 193 14.3868
194 194 14.4062
194 195 14.4717
194 196 14.8678
194 197 16.6606
194 198 18.0748
194 199 19.6297
195 0 6.24306 1 8 21 14 19 10 12 13 26 22 3 7 9 33 32 20 34 16 6 18 28 25 27 5 31 11 4 17 29 30 23 24 2 15 1 
195 1 6.24306
195 2 6.24306
195 3 6.24306
195 4 6.24306
195 5 6.24306
195 6 6.24306
195 7 6.24306
195 8 6.24306
195 9 6.24306
195 10 6.24306
195 11 6.24306
195 12 6.24306
195 13 6.24306
195 14 6.24306
195 15 6.24306
195 16 6.24306
195 17 6.24306
195 18 6.24306
195 19 6.24306
195 20 6.24306
195 21 6.24306
195 22 6.24306
195 23 6.24306
195 24 6.24306
195 25 6.24306
195 26 6.24306
195 27 6.24306
195 28 6.24306
195 29 6.24306
195 30 6.24306
195 31 6.24306
195 32 6.24306
195 33 6.24306
195 34 6.24306
195 35 6.24306
195 36 6.24306
195 37 6.24306
195 38 6.24306
195 39 6.24306
195 40 6.24306
195 41 6.24306
195 42 6.24306
195 43 6.24306
195 44 6.24306
195 45 6.24306
195 46 6.24306
195 47 6.24306
195 48 6.24306
195 49 6.24306
195 50 6.24306
195 51 6.24306
195 52 6.24306
195 53 6.24306
195 54 6.24306
195 55 6.24306
195 56 6.24306
195 57 6.24306
195 58 6.24306
195 59 6.24306
195 60 6.24306
195 61 6.24306
195 62 6.24306
195 63 6.24306
195 64 6.24306
195 65 6.24306
195 66 6.24306
195 67 6.24306
195 68 6.24306
195 69 6.24306
195 70 6.24306
195 71 6.24306
195 72 6.24306
195 73 6.24306
195 74 6.24306
195 75 6.24306
195 76 6.24306
195 77 6.24306
195 78 6.24306
195 79 6.24306
195 80 6.24306
195 81 6.24306
195 82 6.24306
195 83 6.24306
195 84 6.24306
195 85 6.24306
195 86 6.24306
195 87 6.24306
195 88 6.24306
195 89 6.24306
195 90 6.24306
195 91 6.24306
195 92 6.24306
195 93 6.24306
195 94 6.24306
195 95 6.24306
195 96 6.24306
195 97 6.24306
195 98 6.24306
195 99 6.24306
195 100 6.24306
195 101 6.24306
195 102 6.25063
195 103 6.26294
195 104 6.31941
195 105 6.31941
195 106 6.50801
195 107 6.72916
195 108 6.8107
195 109 7.03197
195 110 7.04786
195 111 7.05117
195 112 7.14152
195 113 7.31231
195 114 7.42206
195 115 7.51149
195 116 7.75913
195 117 7.90036
195 118 8.29192
195 119 8.29535
195 120 8.40143
195 121 8.58865
195 122 8.94386
195 123 8.94688
195 124 9.16837
195 125 9.20047
195 126 9.30846
195 127 9.35126
195 128 9.40821
195 129 9.41602
195 130 9.4218
195 131 9.42998
195 132 9.49017
195 133 9.51879
195 134 9.54499
195 135 9.69551
195 136 9.70493
195 137 9.74934
195 138 9.8285
195 139 9.87514
195 140 9.94354
195 141 10.0476
195 142 10.1965
195 143 10.2576
195 144 10.2633
195 145 10.3735
195 146 10.4518
195 147 10.5346
195 148 10.6001
195 149 10.7559
195 150 10.8943
195 151 10.9603
195 152 11.0045
195 153 11.1462
195 154 11.1505
195 155 11.2286
195 156 11.4457
195 157 11.4641
195 158 11.6032
195 159 12.0502
195 160 12.1033
195 161 12.1075
195 162 12.1156
195 163 12.2264
195 164 12.3955
195 165 12.6071
195 166 12.6689
195 167 12.7023
195 168 12.7572
195 169 12.845
195 170 13.0037
195 171 13.0864
195 172 13.097
195 173 13.213
195 174 13.2256
195 175 13.2647
195 176 13.3372
195 177 13.3372
195 178 13.4539
195 179 13.4786
195 180 13.4854
195 181 13.5562
195 182 13.5759
195 183 13.5884
195 184 13.6269
195 185 13.6279
195 186 13.6572
195 187 14.069
195 188 14.32
195 189 14.3886
195 190 14.5193
195 191 14.5854
195 192 15.5663
195 193 15.9403
195 194 16.109
195 195 16.6623
195 196 16.717
195 197 17.7449
195 198 17.9219
195 199 24.7088
196 0 6.24306 1 8 21 14 19 10 12 13 26 22 3 7 9 33 32 20 34 16 6 18 28 25 27 5 31 11 4 17 29 30 23 24 2 15 1 
196 1 6.24306
196 2 6.24306
196 3 6.24306
196 4 6.24306
196 5 6.24306
196 6 6.24306
196 7 6.24306
196 8 6.24306
196 9 6.24306
196 10 6.24306
196 11 6.24306
196 12 6.24306
196 13 6.24306
196 14 6.24306
196 15 6.24306
196 16 6.24306
196 17 6.24306
196 18 6.24306
196 19 6.24306
196 20 6.24306
196 21 6.24306
196 22 6.24306
196 23 6.24306
196 24 6.24306
196 25 6.24306
196 26 6.24306
196 27 6.24306
196 28 6.24306
196 29 6.24306
196 30 6.24306
196 31 6.24306
196 32 6.24306
196 33 6.24306
196 34 6.24306
196 35 6.24306
196 36 6.24306
196 37 6.24306
196 38 6.24306
196 39 6.24306
196 40 6.24306
196 41 6.24306
196 42 6.24306
196 43 6.24306
196 44 6.24306
196 45 6.24306
196 46 6.24306
196 47 6.24306
196 48 6.24306
196 49 6.24306
196 50 6.24306
196 51 6.24306
196 52 6.24306
196 53 6.24306
196 54 6.24306
196 55 6.24306
196 56 6.24306
196 57 6.24306
196 58 6.24306
196 59 6.24306
196 60 6.24306
196 61 6.24306
196 62 6.24306
196 63 6.24306
196 64 6.24306
196 65 6.24306
196 66 6.24306
196 67 6.24306
196 68 6.24306
196 69 6.24306
196 70 6.24306
196 71 6.24306
196 72 6.24306
196 73 6.24306
196 74 6.24306
196 75 6.24306
196 76 6.24306
196 77 6.24306
196 78 6.24306
196 79 6.24306
196 80 6.24306
196 81 6.24306
196 82 6.24306
196 83 6.24306
196 84 6.24306
196 85 6.24306
196 86 6.24306
196 87 6.24306
196 88 6.24306
196 89 6.24306
196 90 6.24306
196 91 6.24306
196 92 6.24306
196 93 6.24306
196 94 6.24306
196 95 6.24306
196 96 6.24306
196 97 6.24306
196 98 6.24306
196 99 6.24306
196 100 6.24306
196 101 6.24306
196 102 6.24306
196 103 6.24306
196 104 6.26294
196 105 6.31941
196 106 6.35129
196 107 6.39927
196 108 6.50801
196 109 6.52951
196 110 6.55201
196 111 6.8164
196 112 7.09794
196 113 7.14152
196 114 7.14448
196 115 7.23066
196 116 7.32787
196 117 7.33636
196 118 7.42206
196 119 7.51149
196 120 7.70301
196 121 7.70891
196 122 7.84551
196 123 7.90747
196 124 7.91673
196 125 8.04778
196 126 8.13764
196 127 8.16097
196 128 8.29192
196 129 8.32828
196 130 8.52447
196 131 8.54993
196 132 8.68971
196 133 9.24407
196 134 9.26592
196 135 9.29556
196 136 9.30846
196 137 9.30846
196 138 9.47375
196 139 9.54499
196 140 9.58216
196 141 9.62606
196 142 9.64444
196 143 9.64542
196 144 9.80608
196 145 9.8296
196 146 9.87514
196 147 9.91659
196 148 10.0476
196 149 10.0476
196 150 10.0801
196 151 10.0976
196 152 10.1503
196 153 10.3245
196 154 10.3551
196 155 10.6079
196 156 10.6209
196 157 10.6522
196 158 10.6581
196 159 10.7015
196 160 10.7559
196 161 11.0045
196 162 11.1505
196 163 11.573
196 164 11.8412
196 165 11.9878
196 166 12.0484
196 167 12.2264
196 168 12.2685
196 169 12.3651
196 170 12.4961
196 171 12.5226
196 172 12.6309
196 173 12.7701
196 174 12.7957
196 175 12.863
196 176 13.1863
196 177 13.2326
196 178 13.246
196 179 13.2647
196 180 13.362
196 181 13.617
196 182 13.6407
196 183 13.652
196 184 13.7988
196 185 13.9325
196 186 14.069
196 187 14.0777
196 188 14.1412
196 189 14.4203
196 190 14.5193
196 191 14.9277
196 192 14.9323
196 193 14.9642
196 194 14.9717
196 195 15.5849
196 196 15.6401
196 197 15.7705
196 198 15.8773
196 199 17.1627
197 0 6.24306 1 8 21 14 19 10 12 13 26 22 3 7 9 33 32 20 34 16 6 18 28 25 27 5 31 11 4 17 29 30 23 24 2 15 1 
197 1 6.24306
197 2 6.24306
197 3 6.24306
197 4 6.24306
197 5 6.24306
197 6 6.24306
197 7 6.24306
197 8 6.24306
197 9 6.24306
197 10 6.24306
197 11 6.24306
197 12 6.24306
197 13 6.24306
197 14 6.24306
197 15 6.24306
197 16 6.24306
197 17 6.24306
197 18 6.24306
197 19 6.24306
197 20 6.24306
197 21 6.24306
197 22 6.24306
197 23 6.24306
197 24 6.24306
197 25 6.24306
197 26 6.24306
197 27 6.24306
197 28 6.24306
197 29 6.24306
197 30 6.24306
197 31 6.24306
197 32 6.24306
197 33 6.24306
197 34 6.24306
197 35 6.24306
197 36 6.24306
197 37 6.24306
197 38 6.24306
197 39 6.24306
197 40 6.24306
197 41 6.24306
197 42 6.24306
197 43 6.24306
197 44 6.24306
197 45 6.24306
197 46 6.24306
197 47 6.24306
197 48 6.24306
197 49 6.24306
197 50 6.24306
197 51 6.24306
197 52 6.24306
197 53 6.24306
197 54 6.24306
197 55 6.24306
197 56 6.24306
197 57 6.24306
197 58 6.24306
197 59 6.24306
197 60 6.24306
197 61 6.24306
197 62 6.24306
197 63 6.24306
197 64 6.24306
197 65 6.24306
197 66 6.24306
197 67 6.24306
197 68 6.24306
197 69 6.24306
197 70 6.24306
197 71 6.24306
197 72 6.24306
197 73 6.24306
197 74 6.24306
197 75 6.24306
197 76 6.24306
197 77 6.24306
197 78 6.24306
197 79 6.24306
197 80 6.24306
197 81 6.24306
197 82 6.24306
197 83 6.24306
197 84 6.24306
197 85 6.24306
197 86 6.24306
197 87 6.24306
197 88 6.24306
197 89 6.24306
197 90 6.24306
197 91 6.24306
197 92 6.24306
197 93 6.24306
197 94 6.24306
197 95 6.24306
197 96 6.24306
197 97 6.24306
197 98 6.24306
197 99 6.24306
197 100 6.24306
197 101 6.24306
197 102 6.24306
197 103 6.24306
197 104 6.24306
197 105 6.26846
197 106 6.27711
197 107 6.31941
197 108 6.55201
197 109 6.57315
197 110 6.74052
197 111 6.85003
197 112 7.09794
197 113 7.09794
197 114 7.14152
197 115 7.33636
197 116 7.46357
197 117 7.52796
197 118 7.57519
197 119 7.70891
197 120 7.90747
197 121 8.26562
197 122 8.30189
197 123 8.3221
197 124 8.80298
197 125 9.03249
197 126 9.13115
197 127 9.25455
197 128 9.28654
197 129 9.30846
197 130 9.30846
197 131 9.33942
197 132 9.47564
197 133 9.47876
197 134 9.4823
197 135 9.49585
197 136 9.63095
197 137 9.80292
197 138 9.80608
197 139 9.87796
197 140 9.91999
197 141 9.96907
197 142 10.0791
197 143 10.1877
197 144 10.3316
197 145 10.4323
197 146 10.5208
197 147 10.6522
197 148 10.749
197 149 10.795
197 150 10.7965
197 151 10.8872
197 152 10.9174
197 153 11.1505
197 154 11.573
197 155 11.6553
197 156 11.8054
197 157 11.8258
197 158 11.8558
197 159 11.9159
197 160 11.9536
197 161 12.1258
197 162 12.1711
197 163 12.4961
197 164 12.5226
197 165 12.5226
197 166 12.6087
197 167 12.7276
197 168 12.8705
197 169 13.0012
197 170 13.0169
197 171 13.0518
197 172 13.1033
197 173 13.1907
197 174 13.205
197 175 13.246
197 176 13.2931
197 177 13.4991
197 178 13.7885
197 179 13.8322
197 180 14.0306
197 181 14.2182
197 182 14.2938
197 183 14.5068
197 184 14.5525
197 185 14.9717
197 186 15.0249
197 187 15.2401
197 188 15.2474
197 189 15.251
197 190 15.3394
197 191 15.4433
197 192 15.6264
197 193 15.6401
197 194 15.6401
197 195 16.8861
197 196 17.2716
197 197 18.0954
197 198 18.5456
197 199 20.4133
198 0 6.24306 1 8 21 14 19 10 12 13 26 22 3 7 9 33 32 20 34 16 6 18 28 25 27 5 31 11 4 17 29 30 23 24 2 15 1 
198 1 6.24306
198 2 6.24306
198 3 6.24306
198 4 6.24306
198 5 6.24306
198 6 6.24306
198 7 6.24306
198 8 6.24306
198 9 6.24306
198 10 6.24306
198 11 6.24306
198 12 6.24306
198 13 6.24306
198 14 6.24306
198 15 6.24306
198 16 6.24306
198 17 6.24306
198 18 6.24306
198 19 6.24306
198 20 6.24306
198 21 6.24306
198 22 6.24306
198 23 6.24306
198 24 6.24306
198 25 6.24306
198 26 6.24306
198 27 6.24306
198 28 6.24306
198 29 6.24306
198 30 6.24306
198 31 6.24306
198 32 6.24306
198 33 6.24306
198 34 6.24306
198 35 6.24306
198 36 6.24306
198 37 6.24306
198 38 6.24306
198 39 6.24306
198 40 6.24306
198 41 6.24306
198 42 6.24306
198 43 6.24306
198 44 6.24306
198 45 6.24306
198 46 6.24306
198 47 6.24306
198 48 6.24306
198 49 6.24306
198 50 6.24306
198 51 6.24306
198 52 6.24306
198 53 6.24306
198 54 6.24306
198 55 6.24306
198 56 6.24306
198 57 6.24306
198 58 6.24306
198 59 6.24306
198 60 6.24306
198 61 6.24306
198 62 6.24306
198 63 6.24306
198 64 6.24306
198 65 6.24306
198 66 6.24306
198 67 6.24306
198 68 6.24306
198 69 6.24306
198 70 6.24306
198 71 6.24306
198 72 6.24306
198 73 6.24306
198 74 6.24306
198 75 6.24306
198 76 6.24306
198 77 6.24306
198 78 6.24306
198 79 6.24306
198 80 6.24306
198 81 6.24306
198 82 6.24306
198 83 6.24306
198 84 6.24306
198 85 6.24306
198 86 6.24306
198 87 6.24306
198 88 6.24306
198 89 6.24306
198 90 6.24306
198 91 6.24306
198 92 6.24306
198 93 6.24306
198 94 6.24306
198 95 6.24306
198 96 6.24306
198 97 6.24306
198 98 6.24306
198 99 6.24306
198 100 6.24306
198 101 6.24306
198 102 6.24306
198 103 6.24306
198 104 6.24306
198 105 6.24306
198 106 6.24306
198 107 6.24306
198 108 6.24306
198 109 6.24306
198 110 6.24306
198 111 6.24306
198 112 6.26294
198 113 6.26294
198 114 6.26294
198 115 6.26846
198 116 6.31941
198 117 6.31941
198 118 6.42002
198 119 6.50766
198 120 6.55201
198 121 6.55201
198 122 6.72514
198 123 6.74052
198 124 6.88532
198 125 7.04172
198 126 7.04899
198 127 7.14152
198 128 7.15343
198 129 7.22514
198 130 7.43402
198 131 7.46357
198 132 7.55595
198 133 7.57519
198 134 7.93854
198 135 8.19399
198 136 8.23233
198 137 8.30189
198 138 8.62477
198 139 8.85502
198 140 8.92716
198 141 9.07839
198 142 9.13115
198 143 9.25455
198 144 9.27702
198 145 9.30846
198 146 9.32932
198 147 9.41602
198 148 9.54753
198 149 9.66501
198 150 9.75375
198 151 9.76792
198 152 9.79826
198 153 9.80292
198 154 9.87796
198 155 9.90958
198 156 9.9759
198 157 10.2789
198 158 10.3735
198 159 10.5208
198 160 10.5336
198 161 10.6678
198 162 10.7631
198 163 10.7924
198 164 10.7965
198 165 10.8372
198 166 10.858
198 167 11.2101
198 168 11.3239
198 169 11.3857
198 170 11.5509
198 171 11.6553
198 172 11.6854
198 173 11.8125
198 174 11.8258
198 175 11.8558
198 176 12.4961
198 177 12.7681
198 178 12.845
198 179 12.8705
198 180 13.0518
198 181 13.43
198 182 13.4734
198 183 13.4841
198 184 13.5884
198 185 13.686
198 186 13.769
198 187 13.7885
198 188 13.9139
198 189 14.4059
198 190 15.0937
198 191 15.3713
198 192 15.5256
198 193 15.8271
198 194 15.9962
198 195 17.9432
198 196 18.1384
198 197 19.9036
198 198 20.2509
198 199 20.3376
199 0 6.24306 1 8 21 14 19 10 12 13 26 22 3 7 9 33 32 20 34 16 6 18 28 25 27 5 31 11 4 17 29 30 23 24 2 15 1 
199 1 6.24306
199 2 6.24306
199 3 6.24306
199 4 6.24306
199 5 6.24306
199 6 6.24306
199 7 6.24306
199 8 6.24306
199 9 6.24306
199 10 6.24306
199 11 6.24306
199 12 6.24306
199 13 6.24306
199 14 6.24306
199 15 6.24306
199 16 6.24306
199 17 6.24306
199 18 6.24306
199 19 6.24306
199 20 6.24306
199 21 6.24306
199 22 6.24306
199 23 6.24306
199 24 6.24306
199 25 6.24306
199 26 6.24306
199 27 6.24306
199 28 6.24306
199 29 6.24306
199 30 6.24306
199 31 6.24306
199 32 6.24306
199 33 6.24306
199 34 6.24306
199 35 6.24306
199 36 6.24306
199 37 6.24306
199 38 6.24306
199 39 6.24306
199 40 6.24306
199 41 6.24306
199 42 6.24306
199 43 6.24306
199 44 6.24306
199 45 6.24306
199 46 6.24306
199 47 6.24306
199 48 6.24306
199 49 6.24306
199 50 6.24306
199 51 6.24306
199 52 6.24306
199 53 6.24306
199 54 6.24306
199 55 6.24306
199 56 6.24306
199 57 6.24306
199 58 6.24306
199 59 6.24306
199 60 6.24306
199 61 6.24306
199 62 6.24306
199 63 6.24306
199 64 6.24306
199 65 6.24306
199 66 6.24306
199 67 6.24306
199 68 6.24306
199 69 6.24306
199 70 6.24306
199 71 6.24306
199 72 6.24306
199 73 6.24306
199 74 6.24306
199 75 6.24306
199 76 6.24306
199 77 6.24306
199 78 6.24306
199 79 6.24306
199 80 6.24306
199 81 6.24306
199 82 6.24306
199 83 6.24306
199 84 6.24306
199 85 6.24306
199 86 6.24306
199 87 6.24306
199 88 6.24306
199 89 6.24306
199 90 6.24306
199 91 6.24306
199 92 6.24306
199 93 6.24306
199 94 6.24306
199 95 6.24306
199 96 6.24306
199 97 6.24306
199 98 6.24306
199 99 6.24306
199 100 6.24306
199 101 6.24306
199 102 6.24306
199 103 6.24306
199 104 6.24306
199 105 6.24306
199 106 6.24306
199 107 6.26294
199 108 6.26294
199 109 6.26294
199 110 6.26294
199 111 6.26294
199 112 6.26294
199 113 6.26484
199 114 6.31941
199 115 6.42002
199 116 6.55201
199 117 6.55439
199 118 6.55439
199 119 6.58402
199 120 7.14448
199 121 7.21759
199 122 7.5553
199 123 7.5614
199 124 7.57519
199 125 7.57519
199 126 7.93854
199 127 8.16752
199 128 8.61343
199 129 8.62477
199 130 8.70101
199 131 8.90365
199 132 8.92716
199 133 8.92716
199 134 8.92716
199 135 9.04839
199 136 9.10839
199 137 9.13115
199 138 9.23486
199 139 9.29198
199 140 9.3763
199 141 9.40073
199 142 9.42244
199 143 9.54753
199 144 9.66501
199 145 9.69425
199 146 9.71683
199 147 9.77402
199 148 9.79009
199 149 9.83543
199 150 9.84252
199 151 9.91887
199 152 9.9759
199 153 9.99444
199 154 10.0316
199 155 10.0579
199 156 10.3191
199 157 10.3735
199 158 10.497
199 159 10.5049
199 160 10.5299
199 161 10.5397
199 162 10.588
199 163 10.5959
199 164 10.7812
199 165 10.7924
199 166 10.858
199 167 10.9535
199 168 10.9991
199 169 11.4501
199 170 11.6854
199 171 11.7635
199 172 11.8558
199 173 12.0901
199 174 12.1795
199 175 12.2149
199 176 12.4267
199 177 12.6441
199 178 12.6479
199 179 12.6864
199 180 12.7681
199 181 12.9428
199 182 13.104
199 183 13.129
199 184 13.1999
199 185 13.43
199 186 13.43
199 187 13.5589
199 188 13.7407
199 189 13.8378
199 190 13.9472
199 191 14.4973
199 192 14.7142
199 193 15.0977
199 194 16.8669
199 195 17.2067
199 196 17.4206
199 197 17.5856
199 198 19.101
199 199 25.5403
200 0 6.24306 1 8 21 14 19 10 12 13 26 22 3 7 9 33 32 20 34 16 6 18 28 25 27 5 31 11 4 17 29 30 23 24 2 15 1 
200 1 6.24306
200 2 6.24306
200 3 6.24306
200 4 6.24306
200 5 6.24306
200 6 6.24306
200 7 6.24306
200 8 6.24306
200 9 6.24306
200 10 6.24306
200 11 6.24306
200 12 6.24306
200 13 6.24306
200 14 6.24306
200 15 6.24306
200 16 6.24306
200 17 6.24306
200 18 6.24306
200 19 6.24306
200 20 6.24306
200 21 6.24306
200 22 6.24306
200 23 6.24306
200 24 6.24306
200 25 6.24306
200 26 6.24306
200 27 6.24306
200 28 6.24306
200 29 6.24306
200 30 6.24306
200 31 6.24306
200 32 6.24306
200 33 6.24306
200 34 6.24306
200 35 6.24306
200 36 6.24306
200 37 6.24306
200 38 6.24306
200 39 6.24306
200 40 6.24306
200 41 6.24306
200 42 6.24306
200 43 6.24306
200 44 6.24306
200 45 6.24306
200 46 6.24306
200 47 6.24306
200 48 6.24306
200 49 6.24306
200 50 6.24306
200 51 6.24306
200 52 6.24306
200 53 6.24306
200 54 6.24306
200 55 6.24306
200 56 6.24306
200 57 6.24306
200 58 6.24306
200 59 6.24306
200 60 6.24306
200 61 6.24306
200 62 6.24306
200 63 6.24306
200 64 6.24306
200 65 6.24306
200 66 6.24306
200 67 6.24306
200 68 6.24306
200 69 6.24306
200 70 6.24306
200 71 6.24306
200 72 6.24306
200 73 6.24306
200 74 6.24306
200 75 6.24306
200 76 6.24306
200 77 6.24306
200 78 6.24306
200 79 6.24306
200 80 6.24306
200 81 6.24306
200 82 6.24306
200 83 6.24306
200 84 6.24306
200 85 6.24306
200 86 6.24306
200 87 6.24306
200 88 6.24306
200 89 6.24306
200 90 6.24306
200 91 6.24306
200 92 6.24306
200 93 6.24306
200 94 6.24306
200 95 6.24306
200 96 6.24306
200 97 6.24306
200 98 6.24306
200 99 6.24306
200 100 6.24306
200 101 6.24306
200 102 6.24306
200 103 6.24306
200 104 6.24306
200 105 6.24306
200 106 6.24306
200 107 6.26294
200 108 6.26294
200 109 6.26294
200 110 6.26294
200 111 6.31941
200 112 6.53468
200 113 6.53468
200 114 7.0419
200 115 7.05117
200 116 7.43402
200 117 7.52972
200 118 7.54479
200 119 7.54585
200 120 7.54883
200 121 7.55973
200 122 7.7165
200 123 7.73239
200 124 7.89813
200 125 8.10133
200 126 8.21853
200 127 8.40489
200 128 8.44953
200 129 8.46634
200 130 8.61343
200 131 8.61343
200 132 8.62477
200 133 8.69891
200 134 8.90365
200 135 8.92716
200 136 8.97748
200 137 9.10839
200 138 9.10881
200 139 9.18597
200 140 9.25455
200 141 9.27304
200 142 9.43712
200 143 9.66501
200 144 9.77402
200 145 9.79009
200 146 9.81124
200 147 9.84924
200 148 9.91887
200 149 9.92381
200 150 9.96813
200 151 10.0579
200 152 10.0592
200 153 10.0745
200 154 10.0874
200 155 10.1378
200 156 10.1644
200 157 10.3735
200 158 10.5998
200 159 10.8783
200 160 10.9398
200 161 10.9991
200 162 10.9991
200 163 11.0242
200 164 11.0448
200 165 11.3951
200 166 11.484
200 167 11.6547
200 168 11.6854
200 169 11.7876
200 170 11.8053
200 171 11.8249
200 172 11.9042
200 173 11.9797
200 174 12.0456
200 175 12.2149
200 176 12.3239
200 177 12.3735
200 178 12.3747
200 179 12.645
200 180 12.6864
200 181 12.6913
200 182 13.0227
200 183 13.5199
200 184 13.5223
200 185 13.6407
200 186 13.7306
200 187 13.7486
200 188 13.9542
200 189 14.1847
200 190 14.6796
200 191 14.7142
200 192 14.9011
200 193 15.0977
200 194 15.5224
200 195 15.7956
200 196 16.1226
200 197 16.8115
200 198 18.1349
200 199 20.2164
