# --- TSP Genetic Algorithm Run ---
# Number of Cities: 34
# Population Size: 200
# Total Generations: 200
# Map Shape: Square
# ---------------------------------
Generation Rank Fitness City_1 City_2 City_3 City_4 City_5 City_6 City_7 City_8 City_9 City_10 City_11 City_12 City_13 City_14 City_15 City_16 City_17 City_18 City_19 City_20 City_21 City_22 City_23 City_24 City_25 City_26 City_27 City_28 City_29 City_30 City_31 City_32 City_33 City_34 City_35 
0 0 14.0915 1 7 30 32 15 6 10 8 14 25 5 27 17 9 28 24 4 20 31 22 16 29 19 13 34 18 33 23 26 2 21 12 3 11 1 
0 1 14.9539
0 2 15.6547
0 3 15.7451
0 4 15.8828
0 5 15.8974
0 6 15.9196
0 7 15.9231
0 8 16.1338
0 9 16.2032
0 10 16.2801
0 11 16.4906
0 12 16.6163
0 13 16.7505
0 14 16.759
0 15 16.7891
0 16 16.8521
0 17 16.8579
0 18 16.8745
0 19 16.9369
0 20 16.9568
0 21 17.051
0 22 17.0704
0 23 17.1256
0 24 17.208
0 25 17.2232
0 26 17.2473
0 27 17.2639
0 28 17.3066
0 29 17.3209
0 30 17.3268
0 31 17.3444
0 32 17.3618
0 33 17.3745
0 34 17.3847
0 35 17.4588
0 36 17.5326
0 37 17.5474
0 38 17.5905
0 39 17.6595
0 40 17.7253
0 41 17.7321
0 42 17.738
0 43 17.7484
0 44 17.8015
0 45 17.8078
0 46 17.8146
0 47 17.8213
0 48 17.8261
0 49 17.831
0 50 17.8379
0 51 17.8406
0 52 17.8414
0 53 17.849
0 54 17.8525
0 55 17.8528
0 56 17.8777
0 57 17.8866
0 58 17.8921
0 59 17.9062
0 60 17.945
0 61 17.9845
0 62 18.0052
0 63 18.0077
0 64 18.0388
0 65 18.0611
0 66 18.0649
0 67 18.0688
0 68 18.07
0 69 18.0727
0 70 18.0763
0 71 18.0766
0 72 18.1005
0 73 18.1016
0 74 18.1202
0 75 18.1224
0 76 18.1412
0 77 18.1547
0 78 18.1748
0 79 18.1882
0 80 18.2136
0 81 18.2475
0 82 18.2478
0 83 18.2848
0 84 18.2866
0 85 18.2899
0 86 18.2976
0 87 18.2997
0 88 18.318
0 89 18.3182
0 90 18.3201
0 91 18.3456
0 92 18.3586
0 93 18.3699
0 94 18.3763
0 95 18.3907
0 96 18.3933
0 97 18.4027
0 98 18.4472
0 99 18.4557
0 100 18.465
0 101 18.4823
0 102 18.4837
0 103 18.5047
0 104 18.5181
0 105 18.5233
0 106 18.5235
0 107 18.5495
0 108 18.5722
0 109 18.5911
0 110 18.6085
0 111 18.6601
0 112 18.6826
0 113 18.687
0 114 18.719
0 115 18.7218
0 116 18.7271
0 117 18.7331
0 118 18.7548
0 119 18.7566
0 120 18.7677
0 121 18.7684
0 122 18.7956
0 123 18.8535
0 124 18.861
0 125 18.8817
0 126 18.9029
0 127 18.9094
0 128 18.9289
0 129 18.9452
0 130 18.9482
0 131 18.9637
0 132 19.0316
0 133 19.0362
0 134 19.04
0 135 19.0855
0 136 19.09
0 137 19.1413
0 138 19.1846
0 139 19.1854
0 140 19.1899
0 141 19.2057
0 142 19.248
0 143 19.2486
0 144 19.2512
0 145 19.2555
0 146 19.2709
0 147 19.2849
0 148 19.2892
0 149 19.2959
0 150 19.3507
0 151 19.3531
0 152 19.4025
0 153 19.4552
0 154 19.4719
0 155 19.4735
0 156 19.5072
0 157 19.5136
0 158 19.5138
0 159 19.5224
0 160 19.5605
0 161 19.5838
0 162 19.584
0 163 19.5865
0 164 19.6418
0 165 19.697
0 166 19.7237
0 167 19.727
0 168 19.731
0 169 19.7438
0 170 19.775
0 171 19.8143
0 172 19.8272
0 173 19.8317
0 174 19.8696
0 175 19.9135
0 176 19.9831
0 177 19.9951
0 178 20.0045
0 179 20.0853
0 180 20.0906
0 181 20.1253
0 182 20.1513
0 183 20.1736
0 184 20.2167
0 185 20.3656
0 186 20.4242
0 187 20.5647
0 188 20.5763
0 189 20.6393
0 190 20.6709
0 191 20.7316
0 192 20.7974
0 193 20.8996
0 194 20.9546
0 195 20.9896
0 196 20.9942
0 197 21.0175
0 198 21.2888
0 199 22.1377
1 0 13.3184 1 7 30 32 15 6 10 8 14 25 5 27 17 9 28 24 16 29 19 13 34 18 33 4 20 31 22 23 26 2 21 12 3 11 1 
1 1 13.6483
1 2 13.6535
1 3 13.8175
1 4 13.9038
1 5 14.0915
1 6 14.0915
1 7 14.0915
1 8 14.0915
1 9 14.0915
1 10 14.0915
1 11 14.0915
1 12 14.0915
1 13 14.0915
1 14 14.0915
1 15 14.0915
1 16 14.0915
1 17 14.0915
1 18 14.1526
1 19 14.181
1 20 14.3281
1 21 14.3565
1 22 14.4357
1 23 14.7839
1 24 14.9539
1 25 14.9539
1 26 14.9539
1 27 15.2704
1 28 15.42
1 29 15.5028
1 30 15.5749
1 31 15.5917
1 32 15.6847
1 33 15.7172
1 34 15.7415
1 35 15.7451
1 36 15.7451
1 37 15.7873
1 38 15.8103
1 39 15.8708
1 40 15.9135
1 41 15.9196
1 42 15.9196
1 43 15.9196
1 44 15.9231
1 45 15.9231
1 46 16.0378
1 47 16.0478
1 48 16.1036
1 49 16.1338
1 50 16.1798
1 51 16.1896
1 52 16.2032
1 53 16.2268
1 54 16.2555
1 55 16.2801
1 56 16.3516
1 57 16.3604
1 58 16.4374
1 59 16.4392
1 60 16.459
1 61 16.5197
1 62 16.5878
1 63 16.588
1 64 16.6051
1 65 16.6163
1 66 16.6163
1 67 16.6471
1 68 16.6916
1 69 16.7156
1 70 16.7194
1 71 16.759
1 72 16.8195
1 73 16.8521
1 74 16.8573
1 75 16.8699
1 76 16.8786
1 77 16.9759
1 78 17.0511
1 79 17.0811
1 80 17.0844
1 81 17.0899
1 82 17.123
1 83 17.1262
1 84 17.1634
1 85 17.1788
1 86 17.1982
1 87 17.2031
1 88 17.2374
1 89 17.2554
1 90 17.2639
1 91 17.2824
1 92 17.3237
1 93 17.3561
1 94 17.368
1 95 17.3824
1 96 17.4466
1 97 17.5663
1 98 17.622
1 99 17.6449
1 100 17.7143
1 101 17.7304
1 102 17.7484
1 103 17.7707
1 104 17.8133
1 105 17.8261
1 106 17.8462
1 107 17.8463
1 108 17.8494
1 109 17.8798
1 110 17.9211
1 111 17.9281
1 112 17.9437
1 113 17.9495
1 114 17.9598
1 115 17.9698
1 116 17.9707
1 117 18.0472
1 118 18.0503
1 119 18.0519
1 120 18.0657
1 121 18.0704
1 122 18.0727
1 123 18.0763
1 124 18.1224
1 125 18.1547
1 126 18.1611
1 127 18.164
1 128 18.1748
1 129 18.1834
1 130 18.2037
1 131 18.2045
1 132 18.2154
1 133 18.2897
1 134 18.3384
1 135 18.3553
1 136 18.3668
1 137 18.4144
1 138 18.4215
1 139 18.4977
1 140 18.5047
1 141 18.5495
1 142 18.5774
1 143 18.5821
1 144 18.5925
1 145 18.6024
1 146 18.6283
1 147 18.6393
1 148 18.6654
1 149 18.6671
1 150 18.7115
1 151 18.7271
1 152 18.7683
1 153 18.7753
1 154 18.7887
1 155 18.7961
1 156 18.7999
1 157 18.8212
1 158 18.8345
1 159 18.8456
1 160 18.8919
1 161 18.9315
1 162 18.9319
1 163 18.9801
1 164 19.0213
1 165 19.0267
1 166 19.0362
1 167 19.0878
1 168 19.1807
1 169 19.1964
1 170 19.2168
1 171 19.2555
1 172 19.3768
1 173 19.395
1 174 19.4203
1 175 19.4287
1 176 19.5138
1 177 19.5622
1 178 19.7196
1 179 19.7237
1 180 19.8317
1 181 19.8419
1 182 19.8553
1 183 19.8817
1 184 19.8818
1 185 19.9392
1 186 19.9555
1 187 19.9656
1 188 20.0021
1 189 20.1253
1 190 20.2283
1 191 20.2327
1 192 20.3656
1 193 20.4422
1 194 20.4738
1 195 20.5564
1 196 20.5583
1 197 20.679
1 198 20.6945
1 199 20.9546
2 0 12.3138 1 7 30 32 15 6 10 8 14 18 34 13 19 29 16 24 28 9 17 27 5 25 33 4 20 31 22 23 21 2 3 26 12 11 1 
2 1 12.4041
2 2 12.6486
2 3 13.0721
2 4 13.3184
2 5 13.3184
2 6 13.3184
2 7 13.3184
2 8 13.3184
2 9 13.3184
2 10 13.3184
2 11 13.3184
2 12 13.3184
2 13 13.3184
2 14 13.3184
2 15 13.3287
2 16 13.4902
2 17 13.5147
2 18 13.5321
2 19 13.5467
2 20 13.5895
2 21 13.6483
2 22 13.6483
2 23 13.6483
2 24 13.6483
2 25 13.6483
2 26 13.6535
2 27 13.6546
2 28 13.7019
2 29 13.8175
2 30 13.8513
2 31 13.8751
2 32 13.8965
2 33 13.9007
2 34 13.9038
2 35 13.9038
2 36 13.9278
2 37 13.9847
2 38 14.0066
2 39 14.0111
2 40 14.0425
2 41 14.0915
2 42 14.0915
2 43 14.0915
2 44 14.0915
2 45 14.0915
2 46 14.0915
2 47 14.0915
2 48 14.0915
2 49 14.0915
2 50 14.0915
2 51 14.151
2 52 14.1526
2 53 14.1713
2 54 14.2052
2 55 14.2604
2 56 14.3281
2 57 14.3281
2 58 14.3321
2 59 14.3324
2 60 14.3562
2 61 14.3565
2 62 14.4357
2 63 14.4541
2 64 14.4561
2 65 14.4572
2 66 14.4671
2 67 14.4869
2 68 14.4949
2 69 14.5024
2 70 14.5265
2 71 14.5281
2 72 14.5281
2 73 14.6157
2 74 14.6232
2 75 14.6502
2 76 14.7148
2 77 14.7204
2 78 14.7248
2 79 14.7291
2 80 14.7297
2 81 14.7507
2 82 14.8406
2 83 15.0069
2 84 15.0074
2 85 15.0395
2 86 15.1543
2 87 15.1849
2 88 15.1859
2 89 15.2581
2 90 15.2977
2 91 15.3473
2 92 15.4144
2 93 15.4491
2 94 15.4749
2 95 15.4902
2 96 15.5377
2 97 15.5436
2 98 15.6961
2 99 15.7172
2 100 15.7451
2 101 15.7451
2 102 15.7649
2 103 15.7784
2 104 15.8354
2 105 15.8787
2 106 15.9135
2 107 15.9317
2 108 15.9341
2 109 15.9948
2 110 16.0053
2 111 16.0672
2 112 16.0691
2 113 16.0845
2 114 16.1508
2 115 16.1896
2 116 16.1917
2 117 16.1981
2 118 16.2032
2 119 16.2059
2 120 16.2237
2 121 16.2409
2 122 16.247
2 123 16.2935
2 124 16.3121
2 125 16.3262
2 126 16.3341
2 127 16.3389
2 128 16.3611
2 129 16.3734
2 130 16.3765
2 131 16.4193
2 132 16.4218
2 133 16.4446
2 134 16.5136
2 135 16.6491
2 136 16.7075
2 137 16.7542
2 138 16.7991
2 139 16.8446
2 140 16.8573
2 141 16.8762
2 142 16.8771
2 143 16.8888
2 144 16.9193
2 145 16.9466
2 146 16.9675
2 147 16.9685
2 148 16.9755
2 149 17.0028
2 150 17.1085
2 151 17.1262
2 152 17.1914
2 153 17.1952
2 154 17.1982
2 155 17.2012
2 156 17.3355
2 157 17.4085
2 158 17.5817
2 159 17.7249
2 160 17.7736
2 161 17.8322
2 162 17.8344
2 163 17.8387
2 164 17.8515
2 165 17.9253
2 166 17.9796
2 167 18.1768
2 168 18.2154
2 169 18.2766
2 170 18.3316
2 171 18.3344
2 172 18.3783
2 173 18.4128
2 174 18.4796
2 175 18.4802
2 176 18.5086
2 177 18.6283
2 178 18.6412
2 179 18.6702
2 180 18.7791
2 181 18.881
2 182 19.0323
2 183 19.0432
2 184 19.07
2 185 19.3024
2 186 19.3412
2 187 19.4345
2 188 19.5257
2 189 19.6342
2 190 19.7237
2 191 19.7295
2 192 19.8768
2 193 19.8828
2 194 19.901
2 195 20.1253
2 196 20.2841
2 197 20.4406
2 198 20.5182
2 199 20.5583
3 0 12.0289 1 7 30 32 15 6 10 8 14 18 34 13 19 29 16 24 28 9 17 27 5 25 33 4 20 31 22 23 21 2 3 11 12 26 1 
3 1 12.1702
3 2 12.3138
3 3 12.3138
3 4 12.3138
3 5 12.3138
3 6 12.3138
3 7 12.3138
3 8 12.3138
3 9 12.3138
3 10 12.3138
3 11 12.3138
3 12 12.3138
3 13 12.3138
3 14 12.3138
3 15 12.3138
3 16 12.3138
3 17 12.3138
3 18 12.4041
3 19 12.4041
3 20 12.4041
3 21 12.4041
3 22 12.4041
3 23 12.4041
3 24 12.4543
3 25 12.5725
3 26 12.6058
3 27 12.6117
3 28 12.6169
3 29 12.6394
3 30 12.6478
3 31 12.8513
3 32 12.9351
3 33 13.018
3 34 13.0329
3 35 13.0438
3 36 13.0721
3 37 13.1259
3 38 13.1452
3 39 13.1639
3 40 13.1819
3 41 13.2223
3 42 13.2426
3 43 13.2539
3 44 13.2566
3 45 13.2673
3 46 13.2732
3 47 13.2839
3 48 13.3117
3 49 13.3184
3 50 13.3184
3 51 13.3184
3 52 13.3184
3 53 13.3184
3 54 13.3184
3 55 13.3184
3 56 13.3184
3 57 13.3184
3 58 13.3184
3 59 13.3287
3 60 13.3735
3 61 13.3984
3 62 13.4181
3 63 13.4553
3 64 13.4803
3 65 13.4808
3 66 13.4902
3 67 13.5848
3 68 13.5949
3 69 13.6483
3 70 13.6535
3 71 13.6683
3 72 13.6793
3 73 13.7019
3 74 13.7311
3 75 13.7464
3 76 13.7587
3 77 13.7684
3 78 13.796
3 79 13.8016
3 80 13.8724
3 81 13.8797
3 82 13.8922
3 83 13.9038
3 84 13.9038
3 85 13.9038
3 86 13.9981
3 87 14.0277
3 88 14.0425
3 89 14.0915
3 90 14.0915
3 91 14.0915
3 92 14.0915
3 93 14.0915
3 94 14.0915
3 95 14.0915
3 96 14.0915
3 97 14.0997
3 98 14.1922
3 99 14.2821
3 100 14.2882
3 101 14.3086
3 102 14.3321
3 103 14.3321
3 104 14.3423
3 105 14.3442
3 106 14.3516
3 107 14.3565
3 108 14.3605
3 109 14.3707
3 110 14.3856
3 111 14.3979
3 112 14.452
3 113 14.4671
3 114 14.4715
3 115 14.5045
3 116 14.5265
3 117 14.5476
3 118 14.5791
3 119 14.6238
3 120 14.6362
3 121 14.6502
3 122 14.7957
3 123 14.8406
3 124 14.8413
3 125 14.8492
3 126 14.8755
3 127 14.9996
3 128 15.028
3 129 15.0478
3 130 15.073
3 131 15.1138
3 132 15.2822
3 133 15.2882
3 134 15.2906
3 135 15.2977
3 136 15.2977
3 137 15.3093
3 138 15.3215
3 139 15.3755
3 140 15.4066
3 141 15.4503
3 142 15.4543
3 143 15.5179
3 144 15.5556
3 145 15.5995
3 146 15.6175
3 147 15.6514
3 148 15.7649
3 149 15.7903
3 150 15.7948
3 151 15.9135
3 152 15.9584
3 153 15.9587
3 154 16.0218
3 155 16.0541
3 156 16.0691
3 157 16.0755
3 158 16.1192
3 159 16.1286
3 160 16.1655
3 161 16.1896
3 162 16.1918
3 163 16.2864
3 164 16.3341
3 165 16.3471
3 166 16.4066
3 167 16.431
3 168 16.4707
3 169 16.4813
3 170 16.5203
3 171 16.6258
3 172 16.6491
3 173 16.8446
3 174 16.8562
3 175 16.8573
3 176 16.8817
3 177 16.8904
3 178 16.9675
3 179 17.044
3 180 17.0653
3 181 17.1446
3 182 17.1982
3 183 17.5663
3 184 17.8035
3 185 17.8387
3 186 18.1092
3 187 18.3783
3 188 18.3857
3 189 18.4796
3 190 18.5672
3 191 18.5952
3 192 18.6412
3 193 18.6614
3 194 18.6702
3 195 18.9061
3 196 19.5257
3 197 19.786
3 198 19.8828
3 199 20.5182
4 0 11.6057 1 12 9 22 32 7 30 15 6 10 8 14 18 34 13 19 29 16 24 28 17 27 5 25 33 4 20 31 23 21 2 3 11 26 1 
4 1 11.7067
4 2 11.8906
4 3 11.9305
4 4 11.9389
4 5 11.973
4 6 11.9785
4 7 12.0289
4 8 12.0289
4 9 12.0289
4 10 12.0289
4 11 12.0289
4 12 12.0289
4 13 12.0289
4 14 12.0289
4 15 12.0289
4 16 12.0289
4 17 12.1691
4 18 12.1702
4 19 12.1702
4 20 12.1702
4 21 12.1702
4 22 12.1702
4 23 12.2022
4 24 12.2888
4 25 12.3138
4 26 12.3138
4 27 12.3138
4 28 12.3138
4 29 12.3138
4 30 12.3138
4 31 12.3138
4 32 12.3138
4 33 12.3138
4 34 12.3138
4 35 12.3138
4 36 12.3138
4 37 12.3138
4 38 12.3138
4 39 12.3138
4 40 12.3138
4 41 12.3138
4 42 12.3138
4 43 12.3138
4 44 12.3666
4 45 12.3823
4 46 12.3841
4 47 12.4041
4 48 12.4041
4 49 12.4041
4 50 12.4041
4 51 12.4041
4 52 12.4041
4 53 12.4568
4 54 12.4603
4 55 12.4716
4 56 12.5024
4 57 12.5277
4 58 12.5561
4 59 12.5663
4 60 12.606
4 61 12.6082
4 62 12.6232
4 63 12.6431
4 64 12.6478
4 65 12.7202
4 66 12.735
4 67 12.741
4 68 12.7466
4 69 12.7615
4 70 12.7819
4 71 12.7929
4 72 12.8009
4 73 12.8045
4 74 12.8756
4 75 12.8767
4 76 12.9351
4 77 12.9772
4 78 12.9791
4 79 13.0139
4 80 13.0329
4 81 13.0329
4 82 13.0329
4 83 13.0438
4 84 13.0552
4 85 13.1054
4 86 13.1191
4 87 13.1259
4 88 13.1452
4 89 13.1639
4 90 13.1734
4 91 13.1819
4 92 13.1932
4 93 13.2281
4 94 13.2318
4 95 13.2559
4 96 13.2673
4 97 13.296
4 98 13.3026
4 99 13.3072
4 100 13.3184
4 101 13.3184
4 102 13.3184
4 103 13.3184
4 104 13.3184
4 105 13.3184
4 106 13.3184
4 107 13.3207
4 108 13.3926
4 109 13.4073
4 110 13.4161
4 111 13.4496
4 112 13.5012
4 113 13.5142
4 114 13.5234
4 115 13.5609
4 116 13.5666
4 117 13.5848
4 118 13.5949
4 119 13.5949
4 120 13.6073
4 121 13.6118
4 122 13.6542
4 123 13.6965
4 124 13.7046
4 125 13.7076
4 126 13.7311
4 127 13.7743
4 128 13.8305
4 129 13.8352
4 130 13.8512
4 131 13.8716
4 132 13.8922
4 133 13.9038
4 134 13.9418
4 135 14.0409
4 136 14.0484
4 137 14.0709
4 138 14.0915
4 139 14.0915
4 140 14.0915
4 141 14.0915
4 142 14.0915
4 143 14.0963
4 144 14.0997
4 145 14.115
4 146 14.2054
4 147 14.2821
4 148 14.3086
4 149 14.3104
4 150 14.3107
4 151 14.3188
4 152 14.3313
4 153 14.3386
4 154 14.3516
4 155 14.3605
4 156 14.3919
4 157 14.4671
4 158 14.4996
4 159 14.5045
4 160 14.5296
4 161 14.5365
4 162 14.5705
4 163 14.6924
4 164 14.7241
4 165 14.7476
4 166 14.751
4 167 14.7569
4 168 14.793
4 169 14.8361
4 170 14.8462
4 171 14.9044
4 172 14.9224
4 173 15.073
4 174 15.2977
4 175 15.4074
4 176 15.5179
4 177 15.5855
4 178 15.5995
4 179 15.8074
4 180 15.9135
4 181 15.918
4 182 15.9196
4 183 15.9579
4 184 16.0435
4 185 16.0691
4 186 16.0988
4 187 16.099
4 188 16.4066
4 189 16.431
4 190 16.6258
4 191 16.6982
4 192 16.8446
4 193 17.5372
4 194 17.5873
4 195 17.8926
4 196 18.179
4 197 18.3483
4 198 18.3954
4 199 19.5257
5 0 11.5198 1 10 6 15 32 30 7 4 20 31 22 23 21 2 3 11 12 9 8 14 25 5 27 17 28 24 16 29 19 13 33 26 34 18 1 
5 1 11.6057
5 2 11.6057
5 3 11.6057
5 4 11.6057
5 5 11.6057
5 6 11.6057
5 7 11.6057
5 8 11.6057
5 9 11.6057
5 10 11.6057
5 11 11.6057
5 12 11.6456
5 13 11.6545
5 14 11.681
5 15 11.6936
5 16 11.7067
5 17 11.7067
5 18 11.8005
5 19 11.8042
5 20 11.8105
5 21 11.8745
5 22 11.8868
5 23 11.8899
5 24 11.8906
5 25 11.8906
5 26 11.9305
5 27 11.9305
5 28 11.9305
5 29 11.946
5 30 11.9607
5 31 11.973
5 32 11.9785
5 33 11.9785
5 34 12.0035
5 35 12.0289
5 36 12.0289
5 37 12.0289
5 38 12.0289
5 39 12.0289
5 40 12.0289
5 41 12.0289
5 42 12.0289
5 43 12.0289
5 44 12.0289
5 45 12.0289
5 46 12.0389
5 47 12.0389
5 48 12.066
5 49 12.1205
5 50 12.1279
5 51 12.1425
5 52 12.1598
5 53 12.1702
5 54 12.175
5 55 12.2303
5 56 12.2727
5 57 12.2884
5 58 12.2888
5 59 12.29
5 60 12.2941
5 61 12.3138
5 62 12.3138
5 63 12.3138
5 64 12.3138
5 65 12.3138
5 66 12.3138
5 67 12.3138
5 68 12.3335
5 69 12.3823
5 70 12.4347
5 71 12.4556
5 72 12.4716
5 73 12.4716
5 74 12.4965
5 75 12.5125
5 76 12.5277
5 77 12.545
5 78 12.5559
5 79 12.5561
5 80 12.5663
5 81 12.5826
5 82 12.6074
5 83 12.6117
5 84 12.628
5 85 12.6306
5 86 12.6478
5 87 12.6478
5 88 12.6719
5 89 12.6951
5 90 12.7174
5 91 12.7175
5 92 12.7611
5 93 12.8009
5 94 12.8114
5 95 12.8263
5 96 12.8756
5 97 12.9012
5 98 12.9026
5 99 12.905
5 100 12.9558
5 101 12.9772
5 102 12.9873
5 103 12.9919
5 104 13.0084
5 105 13.0139
5 106 13.0204
5 107 13.0329
5 108 13.0438
5 109 13.0552
5 110 13.073
5 111 13.0851
5 112 13.087
5 113 13.0933
5 114 13.1005
5 115 13.1054
5 116 13.1221
5 117 13.1276
5 118 13.1357
5 119 13.1598
5 120 13.1734
5 121 13.1734
5 122 13.2206
5 123 13.2385
5 124 13.2508
5 125 13.2559
5 126 13.2757
5 127 13.2938
5 128 13.296
5 129 13.3086
5 130 13.3126
5 131 13.3184
5 132 13.3184
5 133 13.3387
5 134 13.3734
5 135 13.382
5 136 13.3991
5 137 13.4038
5 138 13.4369
5 139 13.5173
5 140 13.5791
5 141 13.5798
5 142 13.5848
5 143 13.5848
5 144 13.6053
5 145 13.6128
5 146 13.6243
5 147 13.683
5 148 13.6907
5 149 13.6911
5 150 13.83
5 151 13.8748
5 152 13.8922
5 153 13.8966
5 154 13.8991
5 155 13.9242
5 156 13.9279
5 157 13.9306
5 158 13.9437
5 159 14.044
5 160 14.0511
5 161 14.1659
5 162 14.2065
5 163 14.2332
5 164 14.2753
5 165 14.2831
5 166 14.3077
5 167 14.3313
5 168 14.3313
5 169 14.353
5 170 14.387
5 171 14.4021
5 172 14.4605
5 173 14.5006
5 174 14.5766
5 175 14.6466
5 176 14.6924
5 177 14.7293
5 178 14.7463
5 179 14.8384
5 180 14.899
5 181 14.9044
5 182 14.9224
5 183 15.0345
5 184 15.0455
5 185 15.073
5 186 15.0767
5 187 15.1001
5 188 15.4789
5 189 15.5007
5 190 15.8316
5 191 16.0356
5 192 16.1673
5 193 16.2751
5 194 16.4066
5 195 16.5631
5 196 16.6595
5 197 16.7784
5 198 16.8072
5 199 17.0034
6 0 11.3309 1 10 11 3 2 21 23 22 31 20 4 7 30 32 15 6 12 9 8 14 24 16 29 19 25 5 27 17 28 13 33 26 34 18 1 
6 1 11.476
6 2 11.5198
6 3 11.5198
6 4 11.5198
6 5 11.5198
6 6 11.5198
6 7 11.5198
6 8 11.5198
6 9 11.5198
6 10 11.5198
6 11 11.5198
6 12 11.5198
6 13 11.5198
6 14 11.5198
6 15 11.5651
6 16 11.6057
6 17 11.6057
6 18 11.6057
6 19 11.6057
6 20 11.6057
6 21 11.6057
6 22 11.6057
6 23 11.6057
6 24 11.6057
6 25 11.6057
6 26 11.6057
6 27 11.6194
6 28 11.6545
6 29 11.6545
6 30 11.6721
6 31 11.7815
6 32 11.7973
6 33 11.8005
6 34 11.8254
6 35 11.8352
6 36 11.8543
6 37 11.8739
6 38 11.8745
6 39 11.8906
6 40 11.8906
6 41 11.8906
6 42 11.8906
6 43 11.8906
6 44 11.9367
6 45 11.9412
6 46 11.9909
6 47 11.9978
6 48 12.0035
6 49 12.0128
6 50 12.0289
6 51 12.0289
6 52 12.0289
6 53 12.0347
6 54 12.0727
6 55 12.0798
6 56 12.1291
6 57 12.1435
6 58 12.1598
6 59 12.1752
6 60 12.1752
6 61 12.1773
6 62 12.1907
6 63 12.1978
6 64 12.2305
6 65 12.256
6 66 12.2685
6 67 12.2941
6 68 12.3122
6 69 12.3138
6 70 12.3138
6 71 12.3393
6 72 12.3455
6 73 12.3538
6 74 12.4209
6 75 12.4306
6 76 12.4543
6 77 12.4745
6 78 12.4819
6 79 12.4886
6 80 12.4905
6 81 12.4937
6 82 12.4963
6 83 12.513
6 84 12.5317
6 85 12.5439
6 86 12.5559
6 87 12.5608
6 88 12.5615
6 89 12.5648
6 90 12.5846
6 91 12.5952
6 92 12.6113
6 93 12.6338
6 94 12.6478
6 95 12.6716
6 96 12.7056
6 97 12.7076
6 98 12.7138
6 99 12.7164
6 100 12.7179
6 101 12.7298
6 102 12.7314
6 103 12.7779
6 104 12.7981
6 105 12.8011
6 106 12.8171
6 107 12.828
6 108 12.8462
6 109 12.8594
6 110 12.8614
6 111 12.9147
6 112 12.9193
6 113 12.924
6 114 12.9334
6 115 12.9394
6 116 12.9611
6 117 12.9919
6 118 12.999
6 119 13.0148
6 120 13.0376
6 121 13.0465
6 122 13.0506
6 123 13.0625
6 124 13.0631
6 125 13.0842
6 126 13.0851
6 127 13.1039
6 128 13.1054
6 129 13.1203
6 130 13.127
6 131 13.1319
6 132 13.1493
6 133 13.1598
6 134 13.1636
6 135 13.1691
6 136 13.1716
6 137 13.1809
6 138 13.1848
6 139 13.211
6 140 13.3184
6 141 13.3658
6 142 13.3988
6 143 13.425
6 144 13.4328
6 145 13.4497
6 146 13.4504
6 147 13.4651
6 148 13.4682
6 149 13.5282
6 150 13.5663
6 151 13.5791
6 152 13.6069
6 153 13.6081
6 154 13.6149
6 155 13.6668
6 156 13.7211
6 157 13.7488
6 158 13.7802
6 159 13.9015
6 160 14.0359
6 161 14.0729
6 162 14.0909
6 163 14.1068
6 164 14.1687
6 165 14.1878
6 166 14.1944
6 167 14.2182
6 168 14.2298
6 169 14.3331
6 170 14.3908
6 171 14.4092
6 172 14.4866
6 173 14.4927
6 174 14.5321
6 175 14.5653
6 176 14.6255
6 177 14.6476
6 178 14.6533
6 179 14.6636
6 180 14.6788
6 181 14.7134
6 182 14.7293
6 183 14.7774
6 184 14.8072
6 185 14.8103
6 186 14.8384
6 187 14.8587
6 188 14.878
6 189 14.8894
6 190 14.9044
6 191 15.2726
6 192 15.4812
6 193 15.4908
6 194 15.6882
6 195 15.6923
6 196 15.9946
6 197 16.8072
6 198 16.8907
6 199 17.0831
7 0 10.978 1 10 11 3 2 21 23 22 31 20 4 7 30 32 15 6 8 14 25 5 27 17 9 28 24 16 29 19 13 33 34 18 12 26 1 
7 1 11.0096
7 2 11.0402
7 3 11.1275
7 4 11.3309
7 5 11.3309
7 6 11.3309
7 7 11.3309
7 8 11.3309
7 9 11.3309
7 10 11.3309
7 11 11.3309
7 12 11.3309
7 13 11.3309
7 14 11.3309
7 15 11.3309
7 16 11.3309
7 17 11.476
7 18 11.476
7 19 11.476
7 20 11.476
7 21 11.4916
7 22 11.4951
7 23 11.5198
7 24 11.5198
7 25 11.5198
7 26 11.5198
7 27 11.5198
7 28 11.5198
7 29 11.5198
7 30 11.5198
7 31 11.5198
7 32 11.5198
7 33 11.5198
7 34 11.5198
7 35 11.5198
7 36 11.5198
7 37 11.5198
7 38 11.53
7 39 11.5651
7 40 11.6057
7 41 11.6057
7 42 11.6057
7 43 11.6057
7 44 11.6057
7 45 11.6057
7 46 11.6057
7 47 11.6476
7 48 11.6536
7 49 11.6545
7 50 11.6545
7 51 11.6545
7 52 11.7012
7 53 11.7086
7 54 11.7189
7 55 11.7267
7 56 11.7609
7 57 11.831
7 58 11.8457
7 59 11.8543
7 60 11.8664
7 61 11.8745
7 62 11.8811
7 63 11.8906
7 64 11.8906
7 65 11.9108
7 66 11.9226
7 67 11.9564
7 68 11.9656
7 69 11.9757
7 70 11.9937
7 71 12.0093
7 72 12.0289
7 73 12.04
7 74 12.0593
7 75 12.0698
7 76 12.0706
7 77 12.0727
7 78 12.0738
7 79 12.0805
7 80 12.0841
7 81 12.1435
7 82 12.1476
7 83 12.16
7 84 12.1686
7 85 12.1752
7 86 12.1752
7 87 12.1835
7 88 12.1898
7 89 12.2022
7 90 12.2035
7 91 12.2078
7 92 12.2305
7 93 12.236
7 94 12.2685
7 95 12.2799
7 96 12.288
7 97 12.3122
7 98 12.3138
7 99 12.3236
7 100 12.3447
7 101 12.3699
7 102 12.421
7 103 12.4284
7 104 12.4306
7 105 12.449
7 106 12.4543
7 107 12.4601
7 108 12.4745
7 109 12.4762
7 110 12.4819
7 111 12.5032
7 112 12.5131
7 113 12.5193
7 114 12.5285
7 115 12.5317
7 116 12.5357
7 117 12.5693
7 118 12.5697
7 119 12.5876
7 120 12.6113
7 121 12.6113
7 122 12.6203
7 123 12.6382
7 124 12.6457
7 125 12.6872
7 126 12.7055
7 127 12.7179
7 128 12.739
7 129 12.7536
7 130 12.7581
7 131 12.7742
7 132 12.8405
7 133 12.9147
7 134 12.9903
7 135 12.9928
7 136 13.0059
7 137 13.0169
7 138 13.0275
7 139 13.0625
7 140 13.0887
7 141 13.1002
7 142 13.1072
7 143 13.131
7 144 13.1691
7 145 13.1701
7 146 13.1983
7 147 13.2038
7 148 13.2262
7 149 13.2867
7 150 13.2918
7 151 13.3075
7 152 13.3441
7 153 13.3658
7 154 13.373
7 155 13.3845
7 156 13.3989
7 157 13.466
7 158 13.4682
7 159 13.5104
7 160 13.5721
7 161 13.5787
7 162 13.6149
7 163 13.6149
7 164 13.6477
7 165 13.6537
7 166 13.6774
7 167 13.6952
7 168 13.7211
7 169 13.7729
7 170 13.7802
7 171 13.9099
7 172 13.9713
7 173 14.0117
7 174 14.0359
7 175 14.0534
7 176 14.0692
7 177 14.0909
7 178 14.1397
7 179 14.1626
7 180 14.1878
7 181 14.1878
7 182 14.3611
7 183 14.3751
7 184 14.3908
7 185 14.4162
7 186 14.4382
7 187 14.4387
7 188 14.453
7 189 14.5226
7 190 14.527
7 191 14.6455
7 192 15.114
7 193 15.1277
7 194 15.4338
7 195 15.6136
7 196 15.6923
7 197 15.9162
7 198 16.2808
7 199 16.8072
8 0 10.7291 1 10 11 3 2 21 23 22 31 20 4 7 30 32 15 6 8 14 25 5 27 17 9 28 24 16 29 19 13 33 34 12 26 18 1 
8 1 10.7291
8 2 10.775
8 3 10.8432
8 4 10.8638
8 5 10.978
8 6 10.978
8 7 10.978
8 8 10.978
8 9 10.978
8 10 10.978
8 11 10.978
8 12 10.978
8 13 10.978
8 14 10.978
8 15 10.978
8 16 10.978
8 17 10.978
8 18 11.0096
8 19 11.0096
8 20 11.0402
8 21 11.0402
8 22 11.0523
8 23 11.0697
8 24 11.0836
8 25 11.112
8 26 11.1275
8 27 11.1385
8 28 11.2796
8 29 11.2979
8 30 11.3179
8 31 11.3309
8 32 11.3309
8 33 11.3309
8 34 11.3309
8 35 11.3309
8 36 11.3309
8 37 11.3309
8 38 11.3309
8 39 11.3309
8 40 11.3309
8 41 11.3309
8 42 11.3309
8 43 11.3309
8 44 11.3309
8 45 11.334
8 46 11.334
8 47 11.3992
8 48 11.402
8 49 11.4665
8 50 11.4769
8 51 11.4886
8 52 11.5167
8 53 11.5198
8 54 11.5198
8 55 11.5227
8 56 11.53
8 57 11.5485
8 58 11.5511
8 59 11.5624
8 60 11.5725
8 61 11.6057
8 62 11.6057
8 63 11.6057
8 64 11.6057
8 65 11.6057
8 66 11.6057
8 67 11.6057
8 68 11.6075
8 69 11.6536
8 70 11.6572
8 71 11.6631
8 72 11.7012
8 73 11.7234
8 74 11.7311
8 75 11.747
8 76 11.75
8 77 11.7525
8 78 11.7525
8 79 11.7564
8 80 11.7609
8 81 11.8811
8 82 11.8854
8 83 11.8883
8 84 11.8906
8 85 11.9005
8 86 11.9221
8 87 11.9226
8 88 11.9253
8 89 11.9555
8 90 11.9595
8 91 11.9721
8 92 11.9813
8 93 11.9969
8 94 12.0197
8 95 12.0303
8 96 12.0345
8 97 12.0698
8 98 12.083
8 99 12.119
8 100 12.1248
8 101 12.1435
8 102 12.1485
8 103 12.1752
8 104 12.1756
8 105 12.1898
8 106 12.2305
8 107 12.2334
8 108 12.2445
8 109 12.2575
8 110 12.3009
8 111 12.3129
8 112 12.3402
8 113 12.3441
8 114 12.4292
8 115 12.438
8 116 12.4662
8 117 12.4736
8 118 12.4966
8 119 12.5032
8 120 12.5065
8 121 12.5106
8 122 12.5123
8 123 12.5759
8 124 12.5802
8 125 12.6333
8 126 12.6341
8 127 12.6516
8 128 12.6546
8 129 12.6608
8 130 12.6702
8 131 12.6792
8 132 12.7358
8 133 12.7429
8 134 12.7473
8 135 12.7689
8 136 12.7742
8 137 12.7858
8 138 12.8158
8 139 12.8158
8 140 12.8822
8 141 12.914
8 142 12.9279
8 143 13.0071
8 144 13.0198
8 145 13.0275
8 146 13.034
8 147 13.0465
8 148 13.0626
8 149 13.1002
8 150 13.1084
8 151 13.1084
8 152 13.1252
8 153 13.126
8 154 13.1606
8 155 13.1983
8 156 13.2032
8 157 13.2038
8 158 13.2163
8 159 13.2361
8 160 13.2373
8 161 13.2402
8 162 13.2452
8 163 13.2535
8 164 13.2747
8 165 13.2925
8 166 13.364
8 167 13.3867
8 168 13.4426
8 169 13.5117
8 170 13.5619
8 171 13.5866
8 172 13.5946
8 173 13.6537
8 174 13.7729
8 175 13.832
8 176 13.8666
8 177 13.9713
8 178 13.9842
8 179 14.0114
8 180 14.0117
8 181 14.0219
8 182 14.1104
8 183 14.1878
8 184 14.2718
8 185 14.3135
8 186 14.4015
8 187 14.4351
8 188 14.4751
8 189 14.5086
8 190 14.6585
8 191 14.9889
8 192 15.0266
8 193 15.0294
8 194 15.1366
8 195 16.0384
8 196 16.5692
8 197 16.5918
8 198 16.8072
8 199 17.3328
9 0 10.1918 1 10 11 3 2 21 23 22 31 20 4 7 30 32 33 13 19 29 16 24 28 9 17 27 5 25 14 8 6 15 34 18 12 26 1 
9 1 10.2788
9 2 10.4822
9 3 10.5262
9 4 10.5595
9 5 10.7291
9 6 10.7291
9 7 10.7291
9 8 10.7291
9 9 10.7291
9 10 10.7291
9 11 10.7291
9 12 10.7291
9 13 10.7291
9 14 10.7291
9 15 10.7291
9 16 10.7291
9 17 10.7291
9 18 10.7291
9 19 10.7291
9 20 10.7291
9 21 10.7291
9 22 10.7291
9 23 10.7291
9 24 10.7291
9 25 10.7291
9 26 10.7291
9 27 10.7291
9 28 10.7291
9 29 10.7291
9 30 10.7291
9 31 10.7291
9 32 10.7416
9 33 10.8174
9 34 10.8174
9 35 10.8213
9 36 10.8431
9 37 10.8432
9 38 10.8432
9 39 10.8478
9 40 10.8638
9 41 10.8638
9 42 10.8706
9 43 10.9569
9 44 10.978
9 45 10.978
9 46 10.978
9 47 10.978
9 48 10.978
9 49 10.978
9 50 10.978
9 51 10.978
9 52 10.978
9 53 10.978
9 54 10.978
9 55 10.978
9 56 10.978
9 57 10.978
9 58 10.978
9 59 10.978
9 60 10.978
9 61 10.978
9 62 11.0122
9 63 11.0242
9 64 11.0402
9 65 11.0836
9 66 11.0893
9 67 11.0949
9 68 11.1283
9 69 11.1838
9 70 11.192
9 71 11.2172
9 72 11.275
9 73 11.2796
9 74 11.3309
9 75 11.3309
9 76 11.3309
9 77 11.3309
9 78 11.3309
9 79 11.3309
9 80 11.3309
9 81 11.334
9 82 11.334
9 83 11.334
9 84 11.3409
9 85 11.3532
9 86 11.3701
9 87 11.3767
9 88 11.4225
9 89 11.4665
9 90 11.4823
9 91 11.5084
9 92 11.5107
9 93 11.548
9 94 11.5725
9 95 11.5771
9 96 11.5807
9 97 11.59
9 98 11.6057
9 99 11.6195
9 100 11.6227
9 101 11.6458
9 102 11.6536
9 103 11.6572
9 104 11.6572
9 105 11.6642
9 106 11.6785
9 107 11.6937
9 108 11.6947
9 109 11.7234
9 110 11.7564
9 111 11.8193
9 112 11.8854
9 113 11.8854
9 114 11.8883
9 115 11.9193
9 116 11.9221
9 117 11.9253
9 118 11.9346
9 119 11.9437
9 120 11.9555
9 121 11.9719
9 122 11.9969
9 123 12.0059
9 124 12.0066
9 125 12.0197
9 126 12.0228
9 127 12.0345
9 128 12.0508
9 129 12.0635
9 130 12.1099
9 131 12.1101
9 132 12.1431
9 133 12.1525
9 134 12.1619
9 135 12.3119
9 136 12.3129
9 137 12.3141
9 138 12.3232
9 139 12.4013
9 140 12.4238
9 141 12.4319
9 142 12.438
9 143 12.4392
9 144 12.4434
9 145 12.4449
9 146 12.4568
9 147 12.4848
9 148 12.4966
9 149 12.5574
9 150 12.5626
9 151 12.6314
9 152 12.6367
9 153 12.664
9 154 12.6792
9 155 12.7042
9 156 12.8158
9 157 12.8353
9 158 12.8589
9 159 12.9155
9 160 12.9355
9 161 12.9387
9 162 12.9563
9 163 13.0415
9 164 13.0626
9 165 13.0636
9 166 13.0976
9 167 13.1484
9 168 13.1727
9 169 13.1949
9 170 13.2634
9 171 13.3135
9 172 13.3582
9 173 13.4312
9 174 13.4853
9 175 13.4912
9 176 13.5284
9 177 13.5367
9 178 13.5804
9 179 13.5866
9 180 13.5892
9 181 13.6484
9 182 13.6517
9 183 13.6675
9 184 13.7844
9 185 13.8971
9 186 13.9717
9 187 14.0268
9 188 14.069
9 189 14.1104
9 190 14.1878
9 191 14.2921
9 192 14.3738
9 193 14.5197
9 194 14.6269
9 195 14.9073
9 196 14.9168
9 197 14.956
9 198 15.1597
9 199 15.3998
10 0 9.80569 1 10 11 3 2 21 23 22 31 20 4 7 30 32 33 17 19 29 16 24 28 9 13 27 5 25 14 8 6 15 34 18 12 26 1 
10 1 10.1918
10 2 10.1918
10 3 10.1918
10 4 10.1918
10 5 10.1918
10 6 10.1918
10 7 10.1918
10 8 10.1918
10 9 10.1918
10 10 10.1918
10 11 10.1918
10 12 10.1918
10 13 10.1918
10 14 10.1918
10 15 10.2696
10 16 10.2788
10 17 10.3024
10 18 10.4119
10 19 10.4822
10 20 10.4822
10 21 10.4871
10 22 10.5183
10 23 10.5262
10 24 10.5262
10 25 10.5262
10 26 10.5262
10 27 10.5274
10 28 10.5291
10 29 10.5301
10 30 10.5382
10 31 10.5595
10 32 10.6305
10 33 10.6686
10 34 10.7243
10 35 10.7291
10 36 10.7291
10 37 10.7291
10 38 10.7291
10 39 10.7291
10 40 10.7291
10 41 10.7291
10 42 10.7291
10 43 10.7291
10 44 10.7291
10 45 10.7291
10 46 10.7291
10 47 10.7291
10 48 10.7291
10 49 10.7291
10 50 10.7291
10 51 10.7291
10 52 10.7291
10 53 10.7291
10 54 10.7291
10 55 10.7291
10 56 10.7291
10 57 10.7291
10 58 10.7291
10 59 10.7291
10 60 10.7291
10 61 10.7291
10 62 10.7291
10 63 10.7416
10 64 10.7416
10 65 10.752
10 66 10.7656
10 67 10.8145
10 68 10.8174
10 69 10.8198
10 70 10.8368
10 71 10.8431
10 72 10.8432
10 73 10.8891
10 74 10.9238
10 75 10.9238
10 76 10.9631
10 77 10.9683
10 78 10.978
10 79 10.978
10 80 10.978
10 81 10.978
10 82 10.9872
10 83 11.013
10 84 11.0949
10 85 11.124
10 86 11.1312
10 87 11.1578
10 88 11.1831
10 89 11.192
10 90 11.205
10 91 11.2134
10 92 11.2142
10 93 11.2385
10 94 11.2408
10 95 11.2717
10 96 11.285
10 97 11.3309
10 98 11.3309
10 99 11.3309
10 100 11.3532
10 101 11.433
10 102 11.4358
10 103 11.4377
10 104 11.4665
10 105 11.4787
10 106 11.5394
10 107 11.559
10 108 11.5624
10 109 11.5716
10 110 11.5725
10 111 11.5839
10 112 11.5896
10 113 11.59
10 114 11.6176
10 115 11.6398
10 116 11.6398
10 117 11.6406
10 118 11.6996
10 119 11.7227
10 120 11.7422
10 121 11.7477
10 122 11.7534
10 123 11.7708
10 124 11.7867
10 125 11.7994
10 126 11.8029
10 127 11.8036
10 128 11.8229
10 129 11.8312
10 130 11.8661
10 131 11.897
10 132 11.8976
10 133 11.9346
10 134 11.9374
10 135 11.9379
10 136 11.9707
10 137 11.9939
10 138 12.0017
10 139 12.016
10 140 12.0197
10 141 12.0228
10 142 12.0371
10 143 12.0466
10 144 12.0635
10 145 12.0929
10 146 12.1005
10 147 12.1026
10 148 12.1041
10 149 12.1187
10 150 12.1223
10 151 12.1323
10 152 12.1727
10 153 12.221
10 154 12.3141
10 155 12.3281
10 156 12.362
10 157 12.4434
10 158 12.445
10 159 12.4643
10 160 12.4753
10 161 12.509
10 162 12.5889
10 163 12.5907
10 164 12.5922
10 165 12.661
10 166 12.6719
10 167 12.7402
10 168 12.8043
10 169 12.8158
10 170 12.8338
10 171 12.8632
10 172 12.9355
10 173 12.9915
10 174 13.011
10 175 13.101
10 176 13.1406
10 177 13.1565
10 178 13.2978
10 179 13.299
10 180 13.3325
10 181 13.3727
10 182 13.389
10 183 13.5284
10 184 13.5391
10 185 13.5804
10 186 13.7434
10 187 13.8097
10 188 14.0823
10 189 14.1664
10 190 14.3522
10 191 14.5917
10 192 14.6002
10 193 14.6563
10 194 14.6614
10 195 14.9344
10 196 15.7847
10 197 15.8631
10 198 15.9641
10 199 17.2881
11 0 9.60278 1 10 11 24 3 2 21 23 22 31 20 4 7 30 32 33 17 19 29 16 28 9 13 27 5 25 14 8 6 15 34 18 12 26 1 
11 1 9.76943
11 2 9.80569
11 3 9.80569
11 4 9.80569
11 5 9.80569
11 6 9.80569
11 7 9.80569
11 8 9.80569
11 9 9.80569
11 10 9.80569
11 11 9.80569
11 12 9.80569
11 13 9.98894
11 14 10.0268
11 15 10.0605
11 16 10.1028
11 17 10.1556
11 18 10.1556
11 19 10.1918
11 20 10.1918
11 21 10.1918
11 22 10.1918
11 23 10.1918
11 24 10.1918
11 25 10.1918
11 26 10.1918
11 27 10.1918
11 28 10.1918
11 29 10.1918
11 30 10.1918
11 31 10.1918
11 32 10.1918
11 33 10.1918
11 34 10.1918
11 35 10.1918
11 36 10.1918
11 37 10.1918
11 38 10.1918
11 39 10.1918
11 40 10.1918
11 41 10.1918
11 42 10.1918
11 43 10.1918
11 44 10.1918
11 45 10.1918
11 46 10.1918
11 47 10.1918
11 48 10.1918
11 49 10.1918
11 50 10.1918
11 51 10.1918
11 52 10.1918
11 53 10.211
11 54 10.2112
11 55 10.2696
11 56 10.2788
11 57 10.3783
11 58 10.3987
11 59 10.4822
11 60 10.4822
11 61 10.4822
11 62 10.5255
11 63 10.5262
11 64 10.5262
11 65 10.5262
11 66 10.5285
11 67 10.5291
11 68 10.5291
11 69 10.6114
11 70 10.6305
11 71 10.6306
11 72 10.6522
11 73 10.6668
11 74 10.6686
11 75 10.6825
11 76 10.6915
11 77 10.6975
11 78 10.7231
11 79 10.7291
11 80 10.7291
11 81 10.7291
11 82 10.7291
11 83 10.7291
11 84 10.7291
11 85 10.7291
11 86 10.7291
11 87 10.7291
11 88 10.7291
11 89 10.7416
11 90 10.7416
11 91 10.7429
11 92 10.7748
11 93 10.8348
11 94 10.8368
11 95 10.8368
11 96 10.8432
11 97 10.8966
11 98 10.9034
11 99 10.9238
11 100 10.9417
11 101 10.949
11 102 10.9631
11 103 10.978
11 104 10.9972
11 105 11.0043
11 106 11.0083
11 107 11.013
11 108 11.015
11 109 11.0636
11 110 11.067
11 111 11.1126
11 112 11.124
11 113 11.1363
11 114 11.1527
11 115 11.1578
11 116 11.192
11 117 11.1964
11 118 11.2134
11 119 11.2134
11 120 11.214
11 121 11.2479
11 122 11.2604
11 123 11.2737
11 124 11.2999
11 125 11.3586
11 126 11.375
11 127 11.3781
11 128 11.3852
11 129 11.3937
11 130 11.4038
11 131 11.4077
11 132 11.4377
11 133 11.459
11 134 11.4903
11 135 11.4928
11 136 11.493
11 137 11.5198
11 138 11.5277
11 139 11.5331
11 140 11.5641
11 141 11.5642
11 142 11.5669
11 143 11.5669
11 144 11.5716
11 145 11.6151
11 146 11.6479
11 147 11.6567
11 148 11.6633
11 149 11.6833
11 150 11.7012
11 151 11.7368
11 152 11.7847
11 153 11.8002
11 154 11.8029
11 155 11.8229
11 156 11.8513
11 157 11.8661
11 158 11.8716
11 159 11.9291
11 160 11.9371
11 161 11.9374
11 162 11.9857
11 163 11.9908
11 164 12.0082
11 165 12.0635
11 166 12.0839
11 167 12.1741
11 168 12.1877
11 169 12.1893
11 170 12.2691
11 171 12.3546
11 172 12.4724
11 173 12.4765
11 174 12.5366
11 175 12.6005
11 176 12.6222
11 177 12.6237
11 178 12.625
11 179 12.6719
11 180 12.7969
11 181 12.8212
11 182 12.8243
11 183 12.9307
11 184 12.9737
11 185 13.031
11 186 13.1251
11 187 13.1878
11 188 13.1886
11 189 13.349
11 190 13.3979
11 191 13.4506
11 192 13.496
11 193 13.5473
11 194 13.8352
11 195 13.9302
11 196 14.1621
11 197 14.1664
11 198 14.6244
11 199 16.9785
12 0 9.35392 1 10 11 24 3 2 21 23 22 31 20 4 7 30 32 33 17 19 29 16 28 9 13 27 5 25 14 8 6 15 34 12 26 18 1 
12 1 9.41162
12 2 9.56652
12 3 9.56652
12 4 9.60278
12 5 9.60278
12 6 9.60278
12 7 9.60278
12 8 9.60278
12 9 9.60278
12 10 9.60278
12 11 9.60278
12 12 9.60278
12 13 9.60278
12 14 9.60278
12 15 9.60278
12 16 9.60278
12 17 9.60278
12 18 9.60278
12 19 9.60278
12 20 9.60278
12 21 9.7288
12 22 9.76943
12 23 9.76943
12 24 9.78236
12 25 9.78516
12 26 9.80569
12 27 9.80569
12 28 9.80569
12 29 9.80569
12 30 9.80569
12 31 9.80569
12 32 9.80569
12 33 9.80569
12 34 9.80569
12 35 9.80569
12 36 9.80569
12 37 9.80569
12 38 9.80569
12 39 9.80569
12 40 9.80569
12 41 9.80569
12 42 9.80569
12 43 9.80569
12 44 9.80569
12 45 9.80569
12 46 9.80569
12 47 9.86997
12 48 9.91038
12 49 9.95268
12 50 9.98894
12 51 9.98894
12 52 9.98894
12 53 10.0286
12 54 10.0605
12 55 10.0605
12 56 10.1028
12 57 10.1055
12 58 10.1246
12 59 10.1266
12 60 10.1556
12 61 10.1556
12 62 10.1918
12 63 10.1918
12 64 10.1918
12 65 10.1918
12 66 10.1918
12 67 10.1918
12 68 10.1918
12 69 10.1918
12 70 10.1918
12 71 10.1918
12 72 10.1918
12 73 10.1918
12 74 10.1918
12 75 10.1918
12 76 10.1918
12 77 10.1918
12 78 10.1918
12 79 10.1918
12 80 10.1918
12 81 10.1918
12 82 10.1926
12 83 10.2112
12 84 10.2464
12 85 10.2537
12 86 10.2675
12 87 10.3178
12 88 10.3605
12 89 10.3682
12 90 10.3816
12 91 10.3853
12 92 10.3894
12 93 10.3987
12 94 10.4037
12 95 10.4155
12 96 10.4223
12 97 10.4276
12 98 10.4314
12 99 10.4343
12 100 10.4583
12 101 10.4924
12 102 10.4942
12 103 10.517
12 104 10.5519
12 105 10.5637
12 106 10.5943
12 107 10.5963
12 108 10.609
12 109 10.6219
12 110 10.6684
12 111 10.719
12 112 10.7237
12 113 10.7291
12 114 10.7291
12 115 10.7388
12 116 10.7416
12 117 10.7456
12 118 10.7633
12 119 10.7858
12 120 10.8506
12 121 10.8966
12 122 10.8989
12 123 10.9322
12 124 10.9869
12 125 10.9956
12 126 11.0145
12 127 11.0268
12 128 11.0554
12 129 11.0632
12 130 11.0636
12 131 11.0694
12 132 11.0718
12 133 11.0938
12 134 11.1363
12 135 11.1478
12 136 11.1514
12 137 11.192
12 138 11.1925
12 139 11.2134
12 140 11.2254
12 141 11.2303
12 142 11.2499
12 143 11.263
12 144 11.2984
12 145 11.303
12 146 11.3436
12 147 11.3458
12 148 11.3784
12 149 11.3801
12 150 11.4352
12 151 11.4368
12 152 11.441
12 153 11.459
12 154 11.5
12 155 11.5367
12 156 11.5462
12 157 11.5639
12 158 11.6145
12 159 11.6757
12 160 11.6776
12 161 11.6833
12 162 11.7037
12 163 11.7348
12 164 11.7422
12 165 11.7497
12 166 11.7782
12 167 11.8142
12 168 11.848
12 169 11.8909
12 170 11.916
12 171 11.9271
12 172 12.0224
12 173 12.036
12 174 12.4067
12 175 12.4215
12 176 12.4403
12 177 12.6018
12 178 12.6444
12 179 12.6638
12 180 12.6732
12 181 12.6811
12 182 12.688
12 183 12.7053
12 184 12.8068
12 185 12.8212
12 186 12.8521
12 187 12.8742
12 188 13.1956
12 189 13.2016
12 190 13.3534
12 191 13.4274
12 192 13.4506
12 193 13.5683
12 194 13.6592
12 195 13.7061
12 196 13.8144
12 197 14.1383
12 198 14.2048
12 199 15.2885
13 0 9.35392 1 10 11 24 3 2 21 23 22 31 20 4 7 30 32 33 17 19 29 16 28 9 13 27 5 25 14 8 6 15 34 12 26 18 1 
13 1 9.35392
13 2 9.35392
13 3 9.35392
13 4 9.35392
13 5 9.35392
13 6 9.35392
13 7 9.35392
13 8 9.35392
13 9 9.35392
13 10 9.35392
13 11 9.35392
13 12 9.35392
13 13 9.35392
13 14 9.35392
13 15 9.35392
13 16 9.35392
13 17 9.35392
13 18 9.35392
13 19 9.35392
13 20 9.39688
13 21 9.41162
13 22 9.41162
13 23 9.46454
13 24 9.46564
13 25 9.55684
13 26 9.55684
13 27 9.55684
13 28 9.56652
13 29 9.56652
13 30 9.56652
13 31 9.56652
13 32 9.56652
13 33 9.56652
13 34 9.56652
13 35 9.56652
13 36 9.56652
13 37 9.57486
13 38 9.60278
13 39 9.60278
13 40 9.60278
13 41 9.60278
13 42 9.60278
13 43 9.60278
13 44 9.60278
13 45 9.60278
13 46 9.60278
13 47 9.60278
13 48 9.60278
13 49 9.60278
13 50 9.60278
13 51 9.60278
13 52 9.60278
13 53 9.60278
13 54 9.60278
13 55 9.60278
13 56 9.60278
13 57 9.60278
13 58 9.60278
13 59 9.60278
13 60 9.60278
13 61 9.6453
13 62 9.6453
13 63 9.65553
13 64 9.65686
13 65 9.66048
13 66 9.66706
13 67 9.67097
13 68 9.7288
13 69 9.74481
13 70 9.76943
13 71 9.78236
13 72 9.80261
13 73 9.80569
13 74 9.80569
13 75 9.80569
13 76 9.80569
13 77 9.80569
13 78 9.80569
13 79 9.84759
13 80 9.86997
13 81 9.87183
13 82 9.87864
13 83 9.90209
13 84 9.92934
13 85 9.93835
13 86 9.95268
13 87 9.97123
13 88 9.97455
13 89 9.98894
13 90 9.98894
13 91 9.9918
13 92 10.0286
13 93 10.0605
13 94 10.0605
13 95 10.0726
13 96 10.123
13 97 10.1238
13 98 10.1246
13 99 10.1297
13 100 10.1364
13 101 10.1749
13 102 10.1892
13 103 10.1901
13 104 10.1918
13 105 10.1918
13 106 10.1918
13 107 10.1918
13 108 10.1918
13 109 10.1918
13 110 10.2007
13 111 10.2353
13 112 10.2554
13 113 10.2675
13 114 10.2706
13 115 10.2994
13 116 10.3155
13 117 10.3334
13 118 10.3682
13 119 10.3803
13 120 10.4014
13 121 10.4037
13 122 10.4223
13 123 10.4314
13 124 10.5231
13 125 10.5739
13 126 10.5922
13 127 10.6291
13 128 10.6387
13 129 10.6684
13 130 10.6832
13 131 10.759
13 132 10.7688
13 133 10.7814
13 134 10.7937
13 135 10.7968
13 136 10.8244
13 137 10.8844
13 138 10.8959
13 139 10.8966
13 140 10.9258
13 141 10.9322
13 142 10.9322
13 143 10.9583
13 144 10.9679
13 145 10.9758
13 146 10.9771
13 147 11.0326
13 148 11.0352
13 149 11.0518
13 150 11.0525
13 151 11.056
13 152 11.0632
13 153 11.0694
13 154 11.0718
13 155 11.0788
13 156 11.1001
13 157 11.1478
13 158 11.1762
13 159 11.2178
13 160 11.2303
13 161 11.2303
13 162 11.2511
13 163 11.2564
13 164 11.2621
13 165 11.3436
13 166 11.359
13 167 11.441
13 168 11.5639
13 169 11.5702
13 170 11.5829
13 171 11.5829
13 172 11.6145
13 173 11.6508
13 174 11.6972
13 175 11.708
13 176 11.7144
13 177 11.7203
13 178 11.728
13 179 11.7847
13 180 11.7891
13 181 11.87
13 182 11.8797
13 183 12.0156
13 184 12.1013
13 185 12.1735
13 186 12.3269
13 187 12.3453
13 188 12.3814
13 189 12.4018
13 190 12.4215
13 191 12.4322
13 192 12.6033
13 193 12.6059
13 194 12.9727
13 195 12.9973
13 196 13.1939
13 197 13.5683
13 198 14.2506
13 199 14.2902
14 0 9.12938 1 10 11 24 28 26 3 2 21 23 22 31 20 4 7 30 32 33 17 19 29 16 9 13 27 5 25 14 8 6 15 34 12 18 1 
14 1 9.21574
14 2 9.34193
14 3 9.35392
14 4 9.35392
14 5 9.35392
14 6 9.35392
14 7 9.35392
14 8 9.35392
14 9 9.35392
14 10 9.35392
14 11 9.35392
14 12 9.35392
14 13 9.35392
14 14 9.35392
14 15 9.35392
14 16 9.35392
14 17 9.35392
14 18 9.35392
14 19 9.35392
14 20 9.35392
14 21 9.35392
14 22 9.35392
14 23 9.35392
14 24 9.35392
14 25 9.35392
14 26 9.35392
14 27 9.35392
14 28 9.35392
14 29 9.35392
14 30 9.35392
14 31 9.35392
14 32 9.35392
14 33 9.35392
14 34 9.35392
14 35 9.35392
14 36 9.35392
14 37 9.35392
14 38 9.35392
14 39 9.35392
14 40 9.35392
14 41 9.35392
14 42 9.35392
14 43 9.35392
14 44 9.35392
14 45 9.35392
14 46 9.35392
14 47 9.35392
14 48 9.35392
14 49 9.35392
14 50 9.35392
14 51 9.35392
14 52 9.35392
14 53 9.35392
14 54 9.35392
14 55 9.35392
14 56 9.35392
14 57 9.35392
14 58 9.35392
14 59 9.35392
14 60 9.35392
14 61 9.35392
14 62 9.3691
14 63 9.39644
14 64 9.39644
14 65 9.39688
14 66 9.40862
14 67 9.41162
14 68 9.43184
14 69 9.43618
14 70 9.43954
14 71 9.44227
14 72 9.45187
14 73 9.47042
14 74 9.50771
14 75 9.53235
14 76 9.55684
14 77 9.55684
14 78 9.56652
14 79 9.56652
14 80 9.56652
14 81 9.56652
14 82 9.56652
14 83 9.56652
14 84 9.56652
14 85 9.56652
14 86 9.57708
14 87 9.58094
14 88 9.60278
14 89 9.60278
14 90 9.60278
14 91 9.60278
14 92 9.60278
14 93 9.60278
14 94 9.60278
14 95 9.60278
14 96 9.60278
14 97 9.60278
14 98 9.60278
14 99 9.63438
14 100 9.6453
14 101 9.65739
14 102 9.66706
14 103 9.68603
14 104 9.68653
14 105 9.69414
14 106 9.74008
14 107 9.74008
14 108 9.76633
14 109 9.77972
14 110 9.80569
14 111 9.8209
14 112 9.84641
14 113 9.84732
14 114 9.87183
14 115 9.87864
14 116 9.87903
14 117 9.90274
14 118 9.94299
14 119 9.95545
14 120 9.97123
14 121 9.97558
14 122 9.97568
14 123 9.98894
14 124 9.99418
14 125 10.0547
14 126 10.0605
14 127 10.1115
14 128 10.1297
14 129 10.1486
14 130 10.155
14 131 10.1561
14 132 10.1892
14 133 10.1918
14 134 10.2364
14 135 10.2677
14 136 10.272
14 137 10.2752
14 138 10.2959
14 139 10.3222
14 140 10.3531
14 141 10.3803
14 142 10.4233
14 143 10.4478
14 144 10.5107
14 145 10.5468
14 146 10.5485
14 147 10.5755
14 148 10.6778
14 149 10.6931
14 150 10.7012
14 151 10.716
14 152 10.7303
14 153 10.7471
14 154 10.7688
14 155 10.7869
14 156 10.7905
14 157 10.7911
14 158 10.8002
14 159 10.8122
14 160 10.8564
14 161 10.8723
14 162 10.8851
14 163 10.9386
14 164 10.943
14 165 10.983
14 166 10.9898
14 167 11.0365
14 168 11.0522
14 169 11.1534
14 170 11.1637
14 171 11.194
14 172 11.2457
14 173 11.2571
14 174 11.2931
14 175 11.3218
14 176 11.3673
14 177 11.4994
14 178 11.5129
14 179 11.5396
14 180 11.5829
14 181 11.5829
14 182 11.6145
14 183 11.6171
14 184 11.7113
14 185 11.7847
14 186 11.7847
14 187 11.8369
14 188 11.8875
14 189 12.1751
14 190 12.1752
14 191 12.2537
14 192 12.2657
14 193 12.4266
14 194 12.6033
14 195 12.6033
14 196 12.7085
14 197 12.8195
14 198 13.1326
14 199 16.8187
15 0 9.03537 1 10 11 3 2 21 23 22 31 20 4 7 30 32 33 17 19 29 28 9 24 8 6 13 16 14 25 5 27 15 34 12 26 18 1 
15 1 9.07181
15 2 9.08136
15 3 9.11649
15 4 9.11731
15 5 9.12938
15 6 9.12938
15 7 9.12938
15 8 9.12938
15 9 9.12938
15 10 9.12938
15 11 9.12938
15 12 9.12938
15 13 9.12938
15 14 9.12938
15 15 9.12938
15 16 9.12938
15 17 9.12938
15 18 9.12938
15 19 9.12938
15 20 9.12938
15 21 9.12938
15 22 9.12938
15 23 9.12938
15 24 9.12938
15 25 9.12938
15 26 9.12938
15 27 9.12938
15 28 9.12938
15 29 9.16809
15 30 9.17868
15 31 9.17877
15 32 9.19423
15 33 9.2071
15 34 9.2071
15 35 9.21147
15 36 9.21574
15 37 9.31312
15 38 9.34193
15 39 9.34198
15 40 9.35392
15 41 9.35392
15 42 9.35392
15 43 9.35392
15 44 9.35392
15 45 9.35392
15 46 9.35392
15 47 9.35392
15 48 9.35392
15 49 9.35392
15 50 9.35392
15 51 9.35392
15 52 9.35392
15 53 9.35392
15 54 9.35392
15 55 9.35392
15 56 9.35392
15 57 9.35392
15 58 9.35392
15 59 9.35392
15 60 9.35392
15 61 9.35392
15 62 9.35392
15 63 9.35392
15 64 9.35392
15 65 9.35392
15 66 9.35392
15 67 9.35392
15 68 9.35392
15 69 9.35392
15 70 9.35392
15 71 9.35392
15 72 9.35392
15 73 9.35392
15 74 9.35392
15 75 9.35392
15 76 9.35392
15 77 9.35392
15 78 9.35392
15 79 9.35392
15 80 9.35392
15 81 9.35392
15 82 9.35392
15 83 9.35392
15 84 9.35392
15 85 9.36075
15 86 9.3691
15 87 9.3691
15 88 9.38388
15 89 9.40221
15 90 9.45697
15 91 9.47042
15 92 9.55684
15 93 9.56358
15 94 9.56652
15 95 9.56652
15 96 9.59226
15 97 9.60278
15 98 9.60278
15 99 9.60278
15 100 9.60644
15 101 9.61488
15 102 9.6321
15 103 9.63335
15 104 9.64441
15 105 9.68603
15 106 9.70193
15 107 9.70272
15 108 9.71468
15 109 9.73655
15 110 9.76742
15 111 9.77972
15 112 9.77972
15 113 9.79668
15 114 9.80331
15 115 9.80403
15 116 9.8075
15 117 9.81091
15 118 9.84732
15 119 9.87155
15 120 9.88502
15 121 9.90368
15 122 9.90954
15 123 9.9362
15 124 9.94299
15 125 9.96656
15 126 9.97123
15 127 9.98331
15 128 9.99409
15 129 10.0074
15 130 10.0184
15 131 10.0236
15 132 10.0547
15 133 10.0698
15 134 10.1297
15 135 10.1486
15 136 10.1669
15 137 10.1691
15 138 10.1824
15 139 10.2637
15 140 10.272
15 141 10.2822
15 142 10.2897
15 143 10.3264
15 144 10.3803
15 145 10.4106
15 146 10.445
15 147 10.455
15 148 10.4759
15 149 10.4889
15 150 10.5018
15 151 10.5189
15 152 10.5437
15 153 10.5485
15 154 10.5913
15 155 10.6276
15 156 10.64
15 157 10.6576
15 158 10.6704
15 159 10.6859
15 160 10.6878
15 161 10.6892
15 162 10.6897
15 163 10.7118
15 164 10.7341
15 165 10.82
15 166 10.8417
15 167 10.8834
15 168 10.925
15 169 10.9438
15 170 10.9814
15 171 10.9881
15 172 11.0056
15 173 11.1356
15 174 11.1581
15 175 11.207
15 176 11.2121
15 177 11.2779
15 178 11.3173
15 179 11.3282
15 180 11.3575
15 181 11.4798
15 182 11.5129
15 183 11.5506
15 184 11.5829
15 185 11.5829
15 186 11.6146
15 187 11.642
15 188 11.7057
15 189 11.8302
15 190 11.8546
15 191 11.8767
15 192 12.0107
15 193 12.0569
15 194 12.1656
15 195 12.4047
15 196 12.4732
15 197 12.7279
15 198 12.7355
15 199 15.1671
16 0 8.70315 1 10 11 24 3 2 21 23 22 31 20 4 7 30 32 33 17 19 29 16 14 8 6 28 9 13 27 5 25 26 15 34 12 18 1 
16 1 8.79925
16 2 8.8387
16 3 8.8387
16 4 8.88682
16 5 8.89415
16 6 8.89415
16 7 8.90472
16 8 8.91797
16 9 8.95173
16 10 8.95173
16 11 8.95173
16 12 8.95173
16 13 9.03
16 14 9.03537
16 15 9.03537
16 16 9.03537
16 17 9.03537
16 18 9.03537
16 19 9.03537
16 20 9.03537
16 21 9.03537
16 22 9.03537
16 23 9.03537
16 24 9.03537
16 25 9.07181
16 26 9.07181
16 27 9.07181
16 28 9.08136
16 29 9.08136
16 30 9.08136
16 31 9.11649
16 32 9.11649
16 33 9.12938
16 34 9.12938
16 35 9.12938
16 36 9.12938
16 37 9.12938
16 38 9.12938
16 39 9.12938
16 40 9.12938
16 41 9.12938
16 42 9.12938
16 43 9.12938
16 44 9.12938
16 45 9.12938
16 46 9.12938
16 47 9.12938
16 48 9.12938
16 49 9.12938
16 50 9.12938
16 51 9.12938
16 52 9.12938
16 53 9.12938
16 54 9.12938
16 55 9.12938
16 56 9.12938
16 57 9.12938
16 58 9.12938
16 59 9.15209
16 60 9.16016
16 61 9.17868
16 62 9.17868
16 63 9.17877
16 64 9.2071
16 65 9.21946
16 66 9.23187
16 67 9.25532
16 68 9.25686
16 69 9.2693
16 70 9.27984
16 71 9.2822
16 72 9.29462
16 73 9.31312
16 74 9.32362
16 75 9.35392
16 76 9.35392
16 77 9.35392
16 78 9.35392
16 79 9.35392
16 80 9.35392
16 81 9.35392
16 82 9.35392
16 83 9.35392
16 84 9.35392
16 85 9.35392
16 86 9.35392
16 87 9.35392
16 88 9.35392
16 89 9.35949
16 90 9.36075
16 91 9.37342
16 92 9.37342
16 93 9.40221
16 94 9.40271
16 95 9.43176
16 96 9.43954
16 97 9.46198
16 98 9.47064
16 99 9.54505
16 100 9.56652
16 101 9.56652
16 102 9.56652
16 103 9.57503
16 104 9.58601
16 105 9.59359
16 106 9.61488
16 107 9.65527
16 108 9.70357
16 109 9.71765
16 110 9.74008
16 111 9.74338
16 112 9.83993
16 113 9.85558
16 114 9.85851
16 115 9.86179
16 116 9.89002
16 117 9.91334
16 118 9.9806
16 119 9.9964
16 120 10.0133
16 121 10.0205
16 122 10.0726
16 123 10.0808
16 124 10.1236
16 125 10.1486
16 126 10.1661
16 127 10.1824
16 128 10.2128
16 129 10.2482
16 130 10.2489
16 131 10.2637
16 132 10.2677
16 133 10.2746
16 134 10.2746
16 135 10.2794
16 136 10.3264
16 137 10.3291
16 138 10.3385
16 139 10.3434
16 140 10.3446
16 141 10.3554
16 142 10.3792
16 143 10.4381
16 144 10.4467
16 145 10.455
16 146 10.4584
16 147 10.4688
16 148 10.4759
16 149 10.5182
16 150 10.5211
16 151 10.5258
16 152 10.5783
16 153 10.5941
16 154 10.6191
16 155 10.6248
16 156 10.6866
16 157 10.7563
16 158 10.8487
16 159 10.891
16 160 10.9452
16 161 10.9602
16 162 10.9814
16 163 10.9831
16 164 10.9898
16 165 10.9983
16 166 11.0163
16 167 11.0198
16 168 11.0244
16 169 11.0306
16 170 11.0365
16 171 11.0526
16 172 11.0538
16 173 11.1013
16 174 11.1031
16 175 11.1254
16 176 11.1356
16 177 11.1356
16 178 11.1647
16 179 11.1876
16 180 11.2972
16 181 11.3133
16 182 11.3202
16 183 11.3713
16 184 11.4983
16 185 11.5879
16 186 11.829
16 187 12.0083
16 188 12.1274
16 189 12.1599
16 190 12.2182
16 191 12.2387
16 192 12.3489
16 193 12.4047
16 194 12.4064
16 195 12.4412
16 196 13.1442
16 197 13.3483
16 198 14.434
16 199 15.3035
17 0 8.66629 1 10 11 24 3 2 21 23 22 31 20 4 7 30 32 33 17 19 29 28 9 8 6 13 16 14 25 5 27 26 15 34 12 18 1 
17 1 8.70315
17 2 8.70315
17 3 8.70315
17 4 8.70315
17 5 8.70315
17 6 8.70315
17 7 8.70315
17 8 8.70315
17 9 8.70315
17 10 8.70315
17 11 8.70315
17 12 8.70315
17 13 8.70315
17 14 8.70315
17 15 8.70315
17 16 8.70315
17 17 8.74412
17 18 8.77098
17 19 8.77677
17 20 8.80784
17 21 8.8387
17 22 8.8387
17 23 8.8387
17 24 8.8387
17 25 8.8387
17 26 8.8387
17 27 8.8387
17 28 8.88682
17 29 8.88682
17 30 8.89415
17 31 8.89415
17 32 8.89415
17 33 8.90472
17 34 8.90472
17 35 8.91797
17 36 8.9433
17 37 8.95173
17 38 8.95173
17 39 8.95173
17 40 8.95173
17 41 8.95173
17 42 8.95173
17 43 8.99335
17 44 9.0048
17 45 9.01087
17 46 9.01963
17 47 9.03
17 48 9.03
17 49 9.03537
17 50 9.03537
17 51 9.03537
17 52 9.03537
17 53 9.03537
17 54 9.03537
17 55 9.03537
17 56 9.03537
17 57 9.03537
17 58 9.0418
17 59 9.0418
17 60 9.0418
17 61 9.04223
17 62 9.06976
17 63 9.07181
17 64 9.07181
17 65 9.07334
17 66 9.08136
17 67 9.08136
17 68 9.09677
17 69 9.09703
17 70 9.10294
17 71 9.11562
17 72 9.12938
17 73 9.12938
17 74 9.12938
17 75 9.12938
17 76 9.12938
17 77 9.12938
17 78 9.12938
17 79 9.12938
17 80 9.12938
17 81 9.12938
17 82 9.12938
17 83 9.12938
17 84 9.13505
17 85 9.14125
17 86 9.1692
17 87 9.17454
17 88 9.19109
17 89 9.24242
17 90 9.25115
17 91 9.25237
17 92 9.2544
17 93 9.2693
17 94 9.27249
17 95 9.2822
17 96 9.29274
17 97 9.30351
17 98 9.31493
17 99 9.32362
17 100 9.34198
17 101 9.34198
17 102 9.35392
17 103 9.35392
17 104 9.40707
17 105 9.41966
17 106 9.46198
17 107 9.47589
17 108 9.49415
17 109 9.55155
17 110 9.56863
17 111 9.58992
17 112 9.59359
17 113 9.64282
17 114 9.67043
17 115 9.68061
17 116 9.78449
17 117 9.80456
17 118 9.85786
17 119 9.86821
17 120 9.87266
17 121 9.90493
17 122 9.91334
17 123 9.9185
17 124 9.92609
17 125 9.96205
17 126 9.97036
17 127 9.97362
17 128 9.98023
17 129 9.99479
17 130 9.9964
17 131 10.0269
17 132 10.1041
17 133 10.1107
17 134 10.1296
17 135 10.1309
17 136 10.1338
17 137 10.1952
17 138 10.2059
17 139 10.2181
17 140 10.2425
17 141 10.2598
17 142 10.2677
17 143 10.293
17 144 10.3673
17 145 10.3814
17 146 10.4028
17 147 10.413
17 148 10.4147
17 149 10.455
17 150 10.4598
17 151 10.4632
17 152 10.4752
17 153 10.4904
17 154 10.509
17 155 10.5341
17 156 10.5364
17 157 10.6056
17 158 10.6195
17 159 10.7005
17 160 10.7442
17 161 10.8474
17 162 10.8487
17 163 10.9022
17 164 10.9366
17 165 10.9452
17 166 10.9596
17 167 10.9817
17 168 10.9998
17 169 11.0306
17 170 11.052
17 171 11.0977
17 172 11.102
17 173 11.1252
17 174 11.1395
17 175 11.1647
17 176 11.1733
17 177 11.1893
17 178 11.2353
17 179 11.2741
17 180 11.3704
17 181 11.3799
17 182 11.4639
17 183 11.501
17 184 11.5303
17 185 11.5382
17 186 11.5766
17 187 11.6364
17 188 11.7612
17 189 11.8912
17 190 12.1544
17 191 12.305
17 192 12.3493
17 193 12.4047
17 194 12.5293
17 195 12.5753
17 196 12.5935
17 197 12.7948
17 198 13.1442
17 199 14.434
18 0 8.51586 1 10 11 24 3 16 14 8 6 28 9 13 25 5 27 33 17 19 29 2 21 23 22 31 20 4 7 30 32 26 15 34 12 18 1 
18 1 8.60094
18 2 8.60497
18 3 8.63348
18 4 8.63914
18 5 8.66621
18 6 8.66629
18 7 8.66629
18 8 8.66629
18 9 8.66629
18 10 8.66629
18 11 8.66629
18 12 8.66629
18 13 8.66629
18 14 8.66629
18 15 8.66629
18 16 8.66629
18 17 8.66629
18 18 8.66629
18 19 8.66629
18 20 8.66629
18 21 8.66629
18 22 8.66629
18 23 8.68984
18 24 8.70315
18 25 8.70315
18 26 8.70315
18 27 8.70315
18 28 8.70315
18 29 8.70315
18 30 8.70315
18 31 8.70315
18 32 8.70315
18 33 8.70315
18 34 8.70315
18 35 8.70315
18 36 8.70315
18 37 8.70315
18 38 8.70434
18 39 8.70541
18 40 8.72174
18 41 8.72473
18 42 8.78473
18 43 8.79252
18 44 8.83744
18 45 8.8387
18 46 8.8387
18 47 8.8387
18 48 8.8387
18 49 8.86073
18 50 8.88682
18 51 8.88688
18 52 8.89415
18 53 8.89415
18 54 8.89486
18 55 8.89486
18 56 8.90472
18 57 8.90682
18 58 8.91435
18 59 8.95173
18 60 8.95173
18 61 8.95173
18 62 8.95173
18 63 8.95173
18 64 8.95173
18 65 8.95173
18 66 8.95672
18 67 8.99446
18 68 9.00113
18 69 9.0048
18 70 9.0048
18 71 9.01763
18 72 9.01868
18 73 9.03537
18 74 9.03537
18 75 9.03537
18 76 9.0418
18 77 9.0418
18 78 9.06976
18 79 9.06976
18 80 9.0709
18 81 9.07181
18 82 9.08136
18 83 9.08136
18 84 9.09703
18 85 9.12938
18 86 9.12938
18 87 9.13505
18 88 9.15216
18 89 9.15796
18 90 9.16675
18 91 9.17454
18 92 9.20002
18 93 9.2125
18 94 9.25237
18 95 9.25532
18 96 9.27249
18 97 9.27575
18 98 9.2767
18 99 9.30655
18 100 9.35392
18 101 9.35514
18 102 9.36446
18 103 9.37569
18 104 9.38088
18 105 9.38479
18 106 9.39669
18 107 9.39702
18 108 9.39794
18 109 9.43418
18 110 9.45152
18 111 9.46049
18 112 9.48476
18 113 9.52946
18 114 9.56667
18 115 9.58749
18 116 9.61492
18 117 9.63286
18 118 9.6334
18 119 9.73303
18 120 9.74062
18 121 9.75489
18 122 9.75875
18 123 9.77514
18 124 9.85253
18 125 9.86821
18 126 9.86821
18 127 9.87448
18 128 9.93207
18 129 9.95727
18 130 9.96383
18 131 10.032
18 132 10.1189
18 133 10.1223
18 134 10.1814
18 135 10.1906
18 136 10.2091
18 137 10.2179
18 138 10.2318
18 139 10.2325
18 140 10.2418
18 141 10.2598
18 142 10.2705
18 143 10.2919
18 144 10.3407
18 145 10.3547
18 146 10.3738
18 147 10.3773
18 148 10.3791
18 149 10.3993
18 150 10.4391
18 151 10.4501
18 152 10.4876
18 153 10.5008
18 154 10.5058
18 155 10.5335
18 156 10.5388
18 157 10.5432
18 158 10.5571
18 159 10.5692
18 160 10.5787
18 161 10.5832
18 162 10.5884
18 163 10.6045
18 164 10.6269
18 165 10.7005
18 166 10.7079
18 167 10.7594
18 168 10.8207
18 169 10.825
18 170 10.8331
18 171 10.8637
18 172 10.897
18 173 10.9011
18 174 10.9301
18 175 10.9366
18 176 10.9596
18 177 11.0008
18 178 11.0114
18 179 11.0332
18 180 11.0688
18 181 11.0859
18 182 11.1788
18 183 11.1893
18 184 11.3021
18 185 11.3722
18 186 11.4416
18 187 11.5752
18 188 11.6925
18 189 11.8624
18 190 11.8891
18 191 11.9984
18 192 12.084
18 193 12.1304
18 194 12.2353
18 195 12.2599
18 196 12.4047
18 197 12.7532
18 198 13.0415
18 199 13.2198
19 0 8.41783 1 10 11 24 3 16 14 8 6 28 9 13 25 5 27 17 19 29 2 33 21 23 22 31 20 4 7 30 32 26 15 34 12 18 1 
19 1 8.51586
19 2 8.51586
19 3 8.51586
19 4 8.51586
19 5 8.51586
19 6 8.51586
19 7 8.51586
19 8 8.51586
19 9 8.51586
19 10 8.51586
19 11 8.51586
19 12 8.51586
19 13 8.51586
19 14 8.51586
19 15 8.51586
19 16 8.51586
19 17 8.51586
19 18 8.51586
19 19 8.51586
19 20 8.58254
19 21 8.59026
19 22 8.60094
19 23 8.60094
19 24 8.60497
19 25 8.63348
19 26 8.63348
19 27 8.63348
19 28 8.63348
19 29 8.63914
19 30 8.63914
19 31 8.66629
19 32 8.66629
19 33 8.66629
19 34 8.66629
19 35 8.66629
19 36 8.66629
19 37 8.66629
19 38 8.66629
19 39 8.66629
19 40 8.66629
19 41 8.66629
19 42 8.66629
19 43 8.66629
19 44 8.66629
19 45 8.66629
19 46 8.66629
19 47 8.69459
19 48 8.70315
19 49 8.70315
19 50 8.70315
19 51 8.70315
19 52 8.70315
19 53 8.70315
19 54 8.70315
19 55 8.72174
19 56 8.72174
19 57 8.72845
19 58 8.72845
19 59 8.83744
19 60 8.8387
19 61 8.8387
19 62 8.8387
19 63 8.8387
19 64 8.86296
19 65 8.89486
19 66 8.89486
19 67 8.89486
19 68 8.90377
19 69 8.90472
19 70 8.91435
19 71 8.91569
19 72 8.92983
19 73 8.95173
19 74 8.95173
19 75 8.95173
19 76 8.95173
19 77 8.9693
19 78 8.97565
19 79 9.00655
19 80 9.02369
19 81 9.02664
19 82 9.03537
19 83 9.03705
19 84 9.0418
19 85 9.0418
19 86 9.0418
19 87 9.05859
19 88 9.07181
19 89 9.08136
19 90 9.08136
19 91 9.12533
19 92 9.12938
19 93 9.14222
19 94 9.14847
19 95 9.16675
19 96 9.18026
19 97 9.21828
19 98 9.22976
19 99 9.23423
19 100 9.26729
19 101 9.2767
19 102 9.30655
19 103 9.32969
19 104 9.36446
19 105 9.38167
19 106 9.43708
19 107 9.45006
19 108 9.45363
19 109 9.47983
19 110 9.48365
19 111 9.48476
19 112 9.49541
19 113 9.50204
19 114 9.57608
19 115 9.60938
19 116 9.61649
19 117 9.63413
19 118 9.66148
19 119 9.67286
19 120 9.67319
19 121 9.67365
19 122 9.68191
19 123 9.73303
19 124 9.74819
19 125 9.75875
19 126 9.79003
19 127 9.80394
19 128 9.80466
19 129 9.80985
19 130 9.82547
19 131 9.83011
19 132 9.86312
19 133 9.90329
19 134 9.92738
19 135 9.94897
19 136 9.96205
19 137 9.96601
19 138 9.97874
19 139 10.032
19 140 10.0561
19 141 10.0831
19 142 10.1045
19 143 10.1177
19 144 10.1226
19 145 10.1336
19 146 10.1432
19 147 10.1634
19 148 10.1642
19 149 10.1799
19 150 10.1973
19 151 10.2398
19 152 10.2529
19 153 10.2646
19 154 10.3053
19 155 10.3257
19 156 10.4077
19 157 10.4308
19 158 10.4688
19 159 10.517
19 160 10.6045
19 161 10.6155
19 162 10.626
19 163 10.6269
19 164 10.6318
19 165 10.7259
19 166 10.7637
19 167 10.8852
19 168 10.897
19 169 10.9043
19 170 10.9139
19 171 10.9437
19 172 10.9494
19 173 10.9658
19 174 11.0008
19 175 11.0114
19 176 11.0209
19 177 11.0291
19 178 11.0655
19 179 11.0887
19 180 11.1297
19 181 11.1397
19 182 11.2157
19 183 11.2952
19 184 11.3328
19 185 11.3717
19 186 11.5647
19 187 11.6769
19 188 11.6901
19 189 11.8653
19 190 11.8693
19 191 11.888
19 192 11.9789
19 193 12.084
19 194 12.1065
19 195 12.1896
19 196 12.4257
19 197 12.5463
19 198 12.5766
19 199 13.1652
20 0 7.80925 1 10 11 24 3 16 14 8 6 28 9 13 25 5 27 17 19 29 2 21 23 22 33 32 30 7 4 20 31 26 15 34 12 18 1 
20 1 8.25682
20 2 8.25863
20 3 8.40796
20 4 8.41783
20 5 8.41783
20 6 8.41783
20 7 8.41783
20 8 8.41783
20 9 8.41783
20 10 8.41783
20 11 8.41783
20 12 8.41783
20 13 8.41783
20 14 8.41783
20 15 8.41783
20 16 8.41783
20 17 8.41783
20 18 8.41783
20 19 8.41783
20 20 8.46024
20 21 8.48064
20 22 8.4926
20 23 8.4926
20 24 8.51586
20 25 8.51586
20 26 8.51586
20 27 8.51586
20 28 8.51586
20 29 8.51586
20 30 8.51586
20 31 8.51586
20 32 8.51586
20 33 8.51586
20 34 8.51586
20 35 8.51586
20 36 8.51586
20 37 8.51586
20 38 8.51586
20 39 8.51586
20 40 8.51586
20 41 8.51586
20 42 8.51586
20 43 8.51586
20 44 8.51586
20 45 8.51586
20 46 8.51586
20 47 8.51586
20 48 8.51586
20 49 8.51586
20 50 8.51586
20 51 8.51586
20 52 8.51586
20 53 8.51586
20 54 8.60094
20 55 8.60094
20 56 8.60094
20 57 8.60094
20 58 8.62591
20 59 8.62638
20 60 8.63275
20 61 8.63348
20 62 8.63348
20 63 8.63914
20 64 8.63914
20 65 8.63914
20 66 8.64033
20 67 8.66629
20 68 8.66629
20 69 8.66629
20 70 8.66629
20 71 8.66629
20 72 8.66629
20 73 8.66629
20 74 8.66629
20 75 8.66629
20 76 8.70315
20 77 8.70315
20 78 8.70315
20 79 8.70434
20 80 8.72174
20 81 8.72448
20 82 8.72845
20 83 8.74512
20 84 8.74531
20 85 8.78688
20 86 8.81184
20 87 8.8387
20 88 8.8387
20 89 8.86296
20 90 8.87057
20 91 8.87888
20 92 8.88934
20 93 8.89837
20 94 8.90377
20 95 8.91435
20 96 8.91694
20 97 8.92422
20 98 8.94162
20 99 8.95173
20 100 9.02664
20 101 9.03902
20 102 9.0418
20 103 9.11694
20 104 9.12533
20 105 9.16675
20 106 9.17615
20 107 9.17815
20 108 9.18457
20 109 9.19534
20 110 9.24688
20 111 9.26729
20 112 9.30634
20 113 9.31193
20 114 9.31994
20 115 9.37703
20 116 9.37743
20 117 9.38167
20 118 9.44935
20 119 9.46218
20 120 9.47867
20 121 9.51666
20 122 9.5224
20 123 9.55376
20 124 9.60849
20 125 9.60938
20 126 9.60938
20 127 9.61088
20 128 9.62603
20 129 9.62612
20 130 9.68761
20 131 9.74437
20 132 9.74437
20 133 9.77421
20 134 9.80844
20 135 9.81823
20 136 9.83011
20 137 9.83708
20 138 9.84516
20 139 9.84793
20 140 9.85897
20 141 9.86051
20 142 9.86312
20 143 9.94079
20 144 9.94592
20 145 9.95033
20 146 9.95697
20 147 9.96601
20 148 9.9791
20 149 10.0136
20 150 10.02
20 151 10.0561
20 152 10.0703
20 153 10.0834
20 154 10.1336
20 155 10.18
20 156 10.2074
20 157 10.2125
20 158 10.2231
20 159 10.2688
20 160 10.2828
20 161 10.3668
20 162 10.3788
20 163 10.3948
20 164 10.4073
20 165 10.4754
20 166 10.5
20 167 10.6004
20 168 10.6981
20 169 10.7616
20 170 10.7695
20 171 10.7937
20 172 10.8606
20 173 10.969
20 174 10.9854
20 175 10.9903
20 176 11.0479
20 177 11.0489
20 178 11.0495
20 179 11.057
20 180 11.0707
20 181 11.1714
20 182 11.2157
20 183 11.2194
20 184 11.2307
20 185 11.2681
20 186 11.4636
20 187 11.4947
20 188 11.5287
20 189 11.6002
20 190 11.6034
20 191 11.6443
20 192 11.6732
20 193 11.6839
20 194 11.7015
20 195 12.3791
20 196 12.4104
20 197 12.4279
20 198 12.6312
20 199 12.7834
21 0 7.65892 1 10 11 24 3 16 14 8 6 28 9 13 25 5 27 17 19 29 2 33 21 23 22 32 30 7 4 20 31 26 15 34 12 18 1 
21 1 7.65892
21 2 7.78717
21 3 7.80925
21 4 7.80925
21 5 7.80925
21 6 7.80925
21 7 7.80925
21 8 7.80925
21 9 7.80925
21 10 7.80925
21 11 7.80925
21 12 7.80925
21 13 7.80925
21 14 7.80925
21 15 7.80925
21 16 7.80925
21 17 7.80925
21 18 7.83608
21 19 8.02185
21 20 8.09443
21 21 8.25682
21 22 8.25682
21 23 8.25682
21 24 8.25682
21 25 8.25863
21 26 8.3469
21 27 8.38611
21 28 8.40796
21 29 8.40796
21 30 8.40796
21 31 8.40796
21 32 8.40796
21 33 8.40796
21 34 8.41783
21 35 8.41783
21 36 8.41783
21 37 8.41783
21 38 8.41783
21 39 8.41783
21 40 8.41783
21 41 8.41783
21 42 8.41783
21 43 8.41783
21 44 8.41783
21 45 8.41783
21 46 8.41783
21 47 8.41783
21 48 8.41783
21 49 8.41783
21 50 8.41783
21 51 8.41783
21 52 8.41783
21 53 8.41783
21 54 8.41783
21 55 8.41783
21 56 8.41783
21 57 8.42088
21 58 8.46023
21 59 8.46024
21 60 8.48064
21 61 8.48064
21 62 8.48847
21 63 8.4926
21 64 8.4926
21 65 8.4926
21 66 8.4926
21 67 8.49633
21 68 8.51586
21 69 8.51586
21 70 8.51586
21 71 8.51586
21 72 8.51586
21 73 8.51586
21 74 8.51586
21 75 8.51586
21 76 8.51586
21 77 8.51586
21 78 8.51586
21 79 8.51586
21 80 8.51586
21 81 8.51586
21 82 8.51586
21 83 8.51586
21 84 8.51586
21 85 8.53634
21 86 8.55714
21 87 8.57966
21 88 8.58739
21 89 8.60094
21 90 8.62591
21 91 8.63914
21 92 8.64033
21 93 8.66629
21 94 8.66629
21 95 8.66629
21 96 8.66629
21 97 8.66629
21 98 8.66629
21 99 8.66629
21 100 8.69451
21 101 8.70315
21 102 8.70434
21 103 8.71147
21 104 8.74512
21 105 8.74531
21 106 8.78688
21 107 8.78688
21 108 8.81184
21 109 8.85336
21 110 8.85671
21 111 8.87011
21 112 8.88934
21 113 8.90377
21 114 8.91435
21 115 8.93585
21 116 8.95119
21 117 8.9829
21 118 8.9942
21 119 9.01374
21 120 9.03902
21 121 9.03902
21 122 9.0418
21 123 9.08875
21 124 9.09387
21 125 9.11694
21 126 9.16909
21 127 9.17388
21 128 9.18171
21 129 9.19534
21 130 9.20593
21 131 9.2083
21 132 9.23647
21 133 9.34696
21 134 9.37301
21 135 9.3996
21 136 9.40643
21 137 9.4213
21 138 9.44908
21 139 9.47039
21 140 9.52145
21 141 9.53563
21 142 9.53789
21 143 9.56152
21 144 9.61088
21 145 9.61526
21 146 9.61569
21 147 9.62603
21 148 9.63496
21 149 9.6598
21 150 9.67014
21 151 9.78703
21 152 9.83708
21 153 9.86312
21 154 9.90345
21 155 9.93167
21 156 9.93834
21 157 9.9791
21 158 9.99742
21 159 10.0152
21 160 10.0931
21 161 10.1838
21 162 10.2525
21 163 10.2575
21 164 10.2844
21 165 10.3712
21 166 10.4057
21 167 10.4474
21 168 10.4762
21 169 10.6085
21 170 10.6116
21 171 10.6363
21 172 10.6635
21 173 10.6748
21 174 10.6981
21 175 10.6991
21 176 10.7126
21 177 10.7167
21 178 10.8575
21 179 10.8606
21 180 10.866
21 181 10.9636
21 182 10.9854
21 183 10.9934
21 184 10.9977
21 185 11.0112
21 186 11.0445
21 187 11.3157
21 188 11.3611
21 189 11.3767
21 190 11.4955
21 191 11.5035
21 192 11.5408
21 193 11.5877
21 194 11.6732
21 195 11.7015
21 196 12.1955
21 197 12.5165
21 198 12.7179
21 199 13.1646
22 0 7.65892 1 10 11 24 3 16 14 8 6 28 9 13 25 5 27 17 19 29 2 33 21 23 22 32 30 7 4 20 31 26 15 34 12 18 1 
22 1 7.65892
22 2 7.65892
22 3 7.65892
22 4 7.65892
22 5 7.65892
22 6 7.65892
22 7 7.65892
22 8 7.65892
22 9 7.65892
22 10 7.65892
22 11 7.65892
22 12 7.65892
22 13 7.65892
22 14 7.65892
22 15 7.65892
22 16 7.65892
22 17 7.65892
22 18 7.65892
22 19 7.65892
22 20 7.65892
22 21 7.65892
22 22 7.65892
22 23 7.73891
22 24 7.749
22 25 7.75695
22 26 7.75695
22 27 7.75695
22 28 7.75695
22 29 7.78717
22 30 7.78717
22 31 7.78717
22 32 7.80925
22 33 7.80925
22 34 7.80925
22 35 7.80925
22 36 7.80925
22 37 7.80925
22 38 7.80925
22 39 7.80925
22 40 7.80925
22 41 7.80925
22 42 7.80925
22 43 7.80925
22 44 7.80925
22 45 7.80925
22 46 7.80925
22 47 7.80925
22 48 7.80925
22 49 7.80925
22 50 7.80925
22 51 7.80925
22 52 7.814
22 53 7.83608
22 54 7.89933
22 55 8.01794
22 56 8.09443
22 57 8.09443
22 58 8.09443
22 59 8.15982
22 60 8.18512
22 61 8.1909
22 62 8.21972
22 63 8.2219
22 64 8.25682
22 65 8.25682
22 66 8.25682
22 67 8.25682
22 68 8.25682
22 69 8.25682
22 70 8.28882
22 71 8.3469
22 72 8.3469
22 73 8.36519
22 74 8.40643
22 75 8.40796
22 76 8.40796
22 77 8.40796
22 78 8.41783
22 79 8.41783
22 80 8.41783
22 81 8.41783
22 82 8.41783
22 83 8.41783
22 84 8.41783
22 85 8.41783
22 86 8.41783
22 87 8.41783
22 88 8.41783
22 89 8.41783
22 90 8.41783
22 91 8.41783
22 92 8.42844
22 93 8.48064
22 94 8.48064
22 95 8.49357
22 96 8.50143
22 97 8.51202
22 98 8.51586
22 99 8.51586
22 100 8.51586
22 101 8.51586
22 102 8.51586
22 103 8.53634
22 104 8.54631
22 105 8.57472
22 106 8.58336
22 107 8.58641
22 108 8.60723
22 109 8.62793
22 110 8.66838
22 111 8.70434
22 112 8.71602
22 113 8.72303
22 114 8.76889
22 115 8.77471
22 116 8.88552
22 117 8.88934
22 118 8.89249
22 119 8.91694
22 120 8.95084
22 121 8.9829
22 122 8.98293
22 123 8.98865
22 124 8.9942
22 125 9.03551
22 126 9.0418
22 127 9.05747
22 128 9.06306
22 129 9.08889
22 130 9.11245
22 131 9.17919
22 132 9.23647
22 133 9.23647
22 134 9.31137
22 135 9.34272
22 136 9.34696
22 137 9.35767
22 138 9.40643
22 139 9.41124
22 140 9.43657
22 141 9.45345
22 142 9.45756
22 143 9.48751
22 144 9.48948
22 145 9.49223
22 146 9.50304
22 147 9.53789
22 148 9.54997
22 149 9.56494
22 150 9.62603
22 151 9.62603
22 152 9.63607
22 153 9.64602
22 154 9.66029
22 155 9.76046
22 156 9.80332
22 157 9.8333
22 158 9.83708
22 159 9.84073
22 160 9.89103
22 161 9.89279
22 162 9.90259
22 163 9.93598
22 164 9.98478
22 165 10.0106
22 166 10.0644
22 167 10.0804
22 168 10.1116
22 169 10.174
22 170 10.1883
22 171 10.1888
22 172 10.2025
22 173 10.2142
22 174 10.2525
22 175 10.2575
22 176 10.2769
22 177 10.2844
22 178 10.4777
22 179 10.4897
22 180 10.5234
22 181 10.5629
22 182 10.5787
22 183 10.6635
22 184 10.6635
22 185 10.6991
22 186 10.807
22 187 11.1537
22 188 11.1941
22 189 11.2273
22 190 11.2978
22 191 11.3767
22 192 11.4248
22 193 11.5448
22 194 11.7169
22 195 12.0808
22 196 12.2992
22 197 12.8674
22 198 13.0542
22 199 13.2055
23 0 7.58338 1 10 11 24 3 16 14 8 6 28 9 13 25 5 27 17 19 29 2 33 21 23 22 32 30 7 4 20 31 18 26 15 34 12 1 
23 1 7.61087
23 2 7.63684
23 3 7.65892
23 4 7.65892
23 5 7.65892
23 6 7.65892
23 7 7.65892
23 8 7.65892
23 9 7.65892
23 10 7.65892
23 11 7.65892
23 12 7.65892
23 13 7.65892
23 14 7.65892
23 15 7.65892
23 16 7.65892
23 17 7.65892
23 18 7.65892
23 19 7.65892
23 20 7.65892
23 21 7.65892
23 22 7.65892
23 23 7.65892
23 24 7.65892
23 25 7.65892
23 26 7.65892
23 27 7.65892
23 28 7.65892
23 29 7.65892
23 30 7.65892
23 31 7.65892
23 32 7.65892
23 33 7.65892
23 34 7.65892
23 35 7.65892
23 36 7.65892
23 37 7.65892
23 38 7.65892
23 39 7.65892
23 40 7.65892
23 41 7.65892
23 42 7.65892
23 43 7.65892
23 44 7.65892
23 45 7.65892
23 46 7.65892
23 47 7.65892
23 48 7.65892
23 49 7.65892
23 50 7.65892
23 51 7.65892
23 52 7.65892
23 53 7.65892
23 54 7.65892
23 55 7.65892
23 56 7.65892
23 57 7.65892
23 58 7.749
23 59 7.74968
23 60 7.75695
23 61 7.75695
23 62 7.78717
23 63 7.78717
23 64 7.80925
23 65 7.80925
23 66 7.80925
23 67 7.80925
23 68 7.80925
23 69 7.80925
23 70 7.80925
23 71 7.80925
23 72 7.83608
23 73 7.89933
23 74 7.89933
23 75 7.95675
23 76 7.96107
23 77 8.03066
23 78 8.0547
23 79 8.09443
23 80 8.09443
23 81 8.09443
23 82 8.11311
23 83 8.18512
23 84 8.18512
23 85 8.18512
23 86 8.21972
23 87 8.25682
23 88 8.26424
23 89 8.31458
23 90 8.37591
23 91 8.39378
23 92 8.41783
23 93 8.41783
23 94 8.41783
23 95 8.41783
23 96 8.41783
23 97 8.41783
23 98 8.41783
23 99 8.41783
23 100 8.41783
23 101 8.4377
23 102 8.43831
23 103 8.48064
23 104 8.48064
23 105 8.49357
23 106 8.50857
23 107 8.51586
23 108 8.51586
23 109 8.51763
23 110 8.53634
23 111 8.54631
23 112 8.55163
23 113 8.56131
23 114 8.5727
23 115 8.58116
23 116 8.58138
23 117 8.58641
23 118 8.60182
23 119 8.65631
23 120 8.66486
23 121 8.70434
23 122 8.71368
23 123 8.71602
23 124 8.71751
23 125 8.72303
23 126 8.73647
23 127 8.76088
23 128 8.76889
23 129 8.78025
23 130 8.78644
23 131 8.80445
23 132 8.80886
23 133 8.85348
23 134 8.87036
23 135 8.87818
23 136 8.88309
23 137 8.98293
23 138 8.9942
23 139 9.00409
23 140 9.0079
23 141 9.03418
23 142 9.05747
23 143 9.05747
23 144 9.07099
23 145 9.0986
23 146 9.13453
23 147 9.22044
23 148 9.23173
23 149 9.23537
23 150 9.26408
23 151 9.27514
23 152 9.27968
23 153 9.31166
23 154 9.33102
23 155 9.36604
23 156 9.41124
23 157 9.45345
23 158 9.45345
23 159 9.45756
23 160 9.48018
23 161 9.48826
23 162 9.49223
23 163 9.50011
23 164 9.50968
23 165 9.5324
23 166 9.58922
23 167 9.66452
23 168 9.76046
23 169 9.79138
23 170 9.83708
23 171 9.85353
23 172 9.9764
23 173 10.0356
23 174 10.1072
23 175 10.1274
23 176 10.1396
23 177 10.1695
23 178 10.1733
23 179 10.2039
23 180 10.247
23 181 10.2575
23 182 10.4897
23 183 10.4897
23 184 10.4919
23 185 10.5879
23 186 10.6991
23 187 10.7247
23 188 10.8201
23 189 10.8433
23 190 10.966
23 191 10.9776
23 192 11.0083
23 193 11.0219
23 194 11.2332
23 195 11.3176
23 196 11.5149
23 197 11.6681
23 198 12.2992
23 199 12.5411
24 0 7.03392 1 10 11 24 3 16 14 8 6 28 9 13 25 5 27 29 19 17 2 33 21 23 22 32 30 7 4 20 31 26 15 34 12 18 1 
24 1 7.58338
24 2 7.58338
24 3 7.58338
24 4 7.58338
24 5 7.58338
24 6 7.58338
24 7 7.58338
24 8 7.58338
24 9 7.58338
24 10 7.58338
24 11 7.58338
24 12 7.58338
24 13 7.58338
24 14 7.58338
24 15 7.58338
24 16 7.58338
24 17 7.58338
24 18 7.58338
24 19 7.58338
24 20 7.58338
24 21 7.58338
24 22 7.58338
24 23 7.61087
24 24 7.61087
24 25 7.61087
24 26 7.61087
24 27 7.61087
24 28 7.61087
24 29 7.61087
24 30 7.63684
24 31 7.63684
24 32 7.65892
24 33 7.65892
24 34 7.65892
24 35 7.65892
24 36 7.65892
24 37 7.65892
24 38 7.65892
24 39 7.65892
24 40 7.65892
24 41 7.65892
24 42 7.65892
24 43 7.65892
24 44 7.65892
24 45 7.65892
24 46 7.65892
24 47 7.65892
24 48 7.65892
24 49 7.65892
24 50 7.65892
24 51 7.65892
24 52 7.65892
24 53 7.65892
24 54 7.65892
24 55 7.65892
24 56 7.65892
24 57 7.65892
24 58 7.65892
24 59 7.65892
24 60 7.65892
24 61 7.65892
24 62 7.65892
24 63 7.65892
24 64 7.65892
24 65 7.65892
24 66 7.65892
24 67 7.65892
24 68 7.65892
24 69 7.65892
24 70 7.65892
24 71 7.65892
24 72 7.65892
24 73 7.65892
24 74 7.65892
24 75 7.65892
24 76 7.65892
24 77 7.65892
24 78 7.65892
24 79 7.65892
24 80 7.65892
24 81 7.65892
24 82 7.65892
24 83 7.65892
24 84 7.65892
24 85 7.65892
24 86 7.65892
24 87 7.65892
24 88 7.67425
24 89 7.67425
24 90 7.74968
24 91 7.74968
24 92 7.75695
24 93 7.76559
24 94 7.80202
24 95 7.80925
24 96 7.80925
24 97 7.80925
24 98 7.80925
24 99 7.82347
24 100 7.87152
24 101 7.9441
24 102 7.96107
24 103 7.9786
24 104 8.0547
24 105 8.09443
24 106 8.10321
24 107 8.10958
24 108 8.11311
24 109 8.13886
24 110 8.1406
24 111 8.16355
24 112 8.18512
24 113 8.18512
24 114 8.19958
24 115 8.21972
24 116 8.22648
24 117 8.24481
24 118 8.25682
24 119 8.26521
24 120 8.37591
24 121 8.40613
24 122 8.41783
24 123 8.41783
24 124 8.41783
24 125 8.43775
24 126 8.44312
24 127 8.44726
24 128 8.46537
24 129 8.48952
24 130 8.51586
24 131 8.51586
24 132 8.51631
24 133 8.54631
24 134 8.55247
24 135 8.56348
24 136 8.58138
24 137 8.58812
24 138 8.64707
24 139 8.65114
24 140 8.66388
24 141 8.68533
24 142 8.72303
24 143 8.72303
24 144 8.72303
24 145 8.73098
24 146 8.75851
24 147 8.78036
24 148 8.78097
24 149 8.78644
24 150 8.8151
24 151 8.82211
24 152 8.87033
24 153 8.87818
24 154 8.88828
24 155 8.93676
24 156 8.94159
24 157 8.94972
24 158 8.97366
24 159 9.00054
24 160 9.05747
24 161 9.05999
24 162 9.20576
24 163 9.21503
24 164 9.22044
24 165 9.22044
24 166 9.22044
24 167 9.24195
24 168 9.24813
24 169 9.27968
24 170 9.28499
24 171 9.3766
24 172 9.44959
24 173 9.46822
24 174 9.48211
24 175 9.49145
24 176 9.53119
24 177 9.57114
24 178 9.57475
24 179 9.59011
24 180 9.61625
24 181 9.61711
24 182 9.70826
24 183 9.7526
24 184 9.76046
24 185 9.82087
24 186 9.8333
24 187 9.89444
24 188 10.1872
24 189 10.3288
24 190 10.4707
24 191 10.5533
24 192 10.5697
24 193 10.6759
24 194 10.8121
24 195 10.8858
24 196 11.1816
24 197 11.3403
24 198 12.4206
24 199 12.793
25 0 6.95838 1 10 11 24 3 16 14 8 6 28 9 13 25 5 27 29 19 17 2 33 21 23 22 32 30 7 4 20 31 18 26 15 34 12 1 
25 1 6.95838
25 2 6.95838
25 3 6.95838
25 4 6.95838
25 5 6.97232
25 6 7.03392
25 7 7.03392
25 8 7.03392
25 9 7.03392
25 10 7.03392
25 11 7.03392
25 12 7.03392
25 13 7.03392
25 14 7.03392
25 15 7.03392
25 16 7.03392
25 17 7.03392
25 18 7.03392
25 19 7.03392
25 20 7.03392
25 21 7.03392
25 22 7.03392
25 23 7.03392
25 24 7.03392
25 25 7.03392
25 26 7.03392
25 27 7.04925
25 28 7.14506
25 29 7.33686
25 30 7.43668
25 31 7.58338
25 32 7.58338
25 33 7.58338
25 34 7.58338
25 35 7.58338
25 36 7.58338
25 37 7.58338
25 38 7.58338
25 39 7.58338
25 40 7.58338
25 41 7.58338
25 42 7.58338
25 43 7.58338
25 44 7.58338
25 45 7.58338
25 46 7.58338
25 47 7.58338
25 48 7.58338
25 49 7.58338
25 50 7.58338
25 51 7.58338
25 52 7.58338
25 53 7.58338
25 54 7.58338
25 55 7.58338
25 56 7.58338
25 57 7.58338
25 58 7.58338
25 59 7.58338
25 60 7.58338
25 61 7.58338
25 62 7.58338
25 63 7.58338
25 64 7.58338
25 65 7.58338
25 66 7.58338
25 67 7.58338
25 68 7.58338
25 69 7.58338
25 70 7.58338
25 71 7.58338
25 72 7.58338
25 73 7.58338
25 74 7.58338
25 75 7.6
25 76 7.61087
25 77 7.61087
25 78 7.61087
25 79 7.61087
25 80 7.61087
25 81 7.63684
25 82 7.65892
25 83 7.65892
25 84 7.65892
25 85 7.65892
25 86 7.65892
25 87 7.65892
25 88 7.65892
25 89 7.65892
25 90 7.65892
25 91 7.65892
25 92 7.65892
25 93 7.65892
25 94 7.65892
25 95 7.65892
25 96 7.65892
25 97 7.65892
25 98 7.65892
25 99 7.65892
25 100 7.65892
25 101 7.65892
25 102 7.65892
25 103 7.65892
25 104 7.65892
25 105 7.72298
25 106 7.74469
25 107 7.78994
25 108 7.79099
25 109 7.81042
25 110 7.82074
25 111 7.82347
25 112 7.84876
25 113 7.89351
25 114 7.89452
25 115 7.91936
25 116 7.9786
25 117 8.10321
25 118 8.11202
25 119 8.11311
25 120 8.11623
25 121 8.11883
25 122 8.12305
25 123 8.17949
25 124 8.22648
25 125 8.23482
25 126 8.24481
25 127 8.25399
25 128 8.25682
25 129 8.26521
25 130 8.29056
25 131 8.30037
25 132 8.33059
25 133 8.41013
25 134 8.43775
25 135 8.45212
25 136 8.46537
25 137 8.54444
25 138 8.5629
25 139 8.56348
25 140 8.57051
25 141 8.58812
25 142 8.61382
25 143 8.6387
25 144 8.64462
25 145 8.64638
25 146 8.65688
25 147 8.65813
25 148 8.66143
25 149 8.66426
25 150 8.68483
25 151 8.69572
25 152 8.72303
25 153 8.72303
25 154 8.83877
25 155 8.83936
25 156 8.87033
25 157 8.87818
25 158 8.90887
25 159 9.03185
25 160 9.04172
25 161 9.05747
25 162 9.09883
25 163 9.20576
25 164 9.22028
25 165 9.24889
25 166 9.2932
25 167 9.30479
25 168 9.41271
25 169 9.57114
25 170 9.57653
25 171 9.59011
25 172 9.76046
25 173 9.76318
25 174 9.78282
25 175 9.82087
25 176 9.84767
25 177 9.87352
25 178 9.89311
25 179 9.93027
25 180 9.96557
25 181 9.98957
25 182 10.0171
25 183 10.0818
25 184 10.104
25 185 10.2432
25 186 10.2555
25 187 10.2782
25 188 10.3965
25 189 10.4193
25 190 10.5501
25 191 10.5533
25 192 10.5697
25 193 10.7085
25 194 10.9418
25 195 11.1332
25 196 11.1882
25 197 11.2128
25 198 11.8536
25 199 12.4945
26 0 6.95838 1 10 11 24 3 16 14 8 6 28 9 13 25 5 27 29 19 17 2 33 21 23 22 32 30 7 4 20 31 18 26 15 34 12 1 
26 1 6.95838
26 2 6.95838
26 3 6.95838
26 4 6.95838
26 5 6.95838
26 6 6.95838
26 7 6.95838
26 8 6.95838
26 9 6.95838
26 10 6.95838
26 11 6.95838
26 12 6.95838
26 13 6.95838
26 14 6.95838
26 15 6.95838
26 16 6.95838
26 17 6.95838
26 18 6.95838
26 19 6.95838
26 20 6.95838
26 21 6.95838
26 22 6.95838
26 23 6.95838
26 24 6.95838
26 25 6.95838
26 26 6.95838
26 27 6.95838
26 28 6.95838
26 29 6.95838
26 30 6.95838
26 31 6.95838
26 32 6.95838
26 33 6.95838
26 34 6.97232
26 35 6.97232
26 36 7.02315
26 37 7.03392
26 38 7.03392
26 39 7.03392
26 40 7.03392
26 41 7.03392
26 42 7.03392
26 43 7.03392
26 44 7.03392
26 45 7.03392
26 46 7.03392
26 47 7.03392
26 48 7.03392
26 49 7.03392
26 50 7.03392
26 51 7.03392
26 52 7.03392
26 53 7.03392
26 54 7.14445
26 55 7.14445
26 56 7.26996
26 57 7.33607
26 58 7.33607
26 59 7.33686
26 60 7.33686
26 61 7.3699
26 62 7.57472
26 63 7.58338
26 64 7.58338
26 65 7.58338
26 66 7.58338
26 67 7.58338
26 68 7.58338
26 69 7.58338
26 70 7.58338
26 71 7.58338
26 72 7.58338
26 73 7.58338
26 74 7.58338
26 75 7.58338
26 76 7.58338
26 77 7.58338
26 78 7.58338
26 79 7.58338
26 80 7.58338
26 81 7.58338
26 82 7.58338
26 83 7.58338
26 84 7.58338
26 85 7.58338
26 86 7.58338
26 87 7.6
26 88 7.61087
26 89 7.64244
26 90 7.64659
26 91 7.64815
26 92 7.65892
26 93 7.65892
26 94 7.65892
26 95 7.65892
26 96 7.65892
26 97 7.65892
26 98 7.65892
26 99 7.65892
26 100 7.66494
26 101 7.66812
26 102 7.67425
26 103 7.67516
26 104 7.72298
26 105 7.73921
26 106 7.74469
26 107 7.78994
26 108 7.82476
26 109 7.84876
26 110 7.89452
26 111 7.91511
26 112 7.95257
26 113 7.95647
26 114 8.01677
26 115 8.05902
26 116 8.09897
26 117 8.10395
26 118 8.11202
26 119 8.11623
26 120 8.14612
26 121 8.15656
26 122 8.16927
26 123 8.23482
26 124 8.24481
26 125 8.24954
26 126 8.25549
26 127 8.25682
26 128 8.2779
26 129 8.30895
26 130 8.33059
26 131 8.33143
26 132 8.33459
26 133 8.37806
26 134 8.38055
26 135 8.41807
26 136 8.47668
26 137 8.485
26 138 8.49497
26 139 8.51707
26 140 8.5629
26 141 8.5629
26 142 8.56348
26 143 8.57189
26 144 8.58785
26 145 8.60094
26 146 8.60498
26 147 8.64412
26 148 8.6504
26 149 8.65688
26 150 8.66924
26 151 8.69703
26 152 8.72375
26 153 8.7416
26 154 8.75229
26 155 8.76037
26 156 8.77269
26 157 8.77325
26 158 8.81223
26 159 8.814
26 160 8.83877
26 161 8.85496
26 162 8.8646
26 163 8.87009
26 164 8.9378
26 165 8.99274
26 166 9.07188
26 167 9.08089
26 168 9.08606
26 169 9.23064
26 170 9.2427
26 171 9.30895
26 172 9.4381
26 173 9.48665
26 174 9.56215
26 175 9.64862
26 176 9.65401
26 177 9.67263
26 178 9.68425
26 179 9.76318
26 180 9.78536
26 181 9.79264
26 182 9.82087
26 183 9.87581
26 184 9.91074
26 185 9.94905
26 186 10.0818
26 187 10.2084
26 188 10.2203
26 189 10.2782
26 190 10.4185
26 191 10.5338
26 192 10.7304
26 193 10.7647
26 194 10.8822
26 195 10.8917
26 196 10.9317
26 197 10.9405
26 198 11.1279
26 199 12.6881
27 0 6.91063 1 10 11 24 3 16 14 8 6 28 9 13 25 5 27 29 19 17 2 33 21 23 22 32 30 7 4 20 12 34 15 26 18 31 1 
27 1 6.95838
27 2 6.95838
27 3 6.95838
27 4 6.95838
27 5 6.95838
27 6 6.95838
27 7 6.95838
27 8 6.95838
27 9 6.95838
27 10 6.95838
27 11 6.95838
27 12 6.95838
27 13 6.95838
27 14 6.95838
27 15 6.95838
27 16 6.95838
27 17 6.95838
27 18 6.95838
27 19 6.95838
27 20 6.95838
27 21 6.95838
27 22 6.95838
27 23 6.95838
27 24 6.95838
27 25 6.95838
27 26 6.95838
27 27 6.95838
27 28 6.95838
27 29 6.95838
27 30 6.95838
27 31 6.95838
27 32 6.95838
27 33 6.95838
27 34 6.95838
27 35 6.95838
27 36 6.95838
27 37 6.95838
27 38 6.95838
27 39 6.95838
27 40 6.95838
27 41 6.95838
27 42 6.95838
27 43 6.95838
27 44 6.95838
27 45 6.95838
27 46 6.95838
27 47 6.95838
27 48 6.95838
27 49 6.95838
27 50 6.95838
27 51 6.95838
27 52 6.95838
27 53 6.95838
27 54 6.95838
27 55 6.95838
27 56 6.95838
27 57 6.95838
27 58 6.95838
27 59 6.97232
27 60 6.97232
27 61 7.01744
27 62 7.02315
27 63 7.03392
27 64 7.03392
27 65 7.03392
27 66 7.03392
27 67 7.03392
27 68 7.03392
27 69 7.03392
27 70 7.03392
27 71 7.04925
27 72 7.11075
27 73 7.1189
27 74 7.14445
27 75 7.14873
27 76 7.1885
27 77 7.25615
27 78 7.33686
27 79 7.4727
27 80 7.47286
27 81 7.47522
27 82 7.50189
27 83 7.51387
27 84 7.58338
27 85 7.58338
27 86 7.58338
27 87 7.58338
27 88 7.58338
27 89 7.58338
27 90 7.60231
27 91 7.63684
27 92 7.64244
27 93 7.64659
27 94 7.64815
27 95 7.65892
27 96 7.67425
27 97 7.67425
27 98 7.67516
27 99 7.6772
27 100 7.70559
27 101 7.74826
27 102 7.82928
27 103 7.85786
27 104 7.86249
27 105 7.86348
27 106 7.88006
27 107 7.89701
27 108 7.91767
27 109 7.93129
27 110 7.95577
27 111 7.99623
27 112 8.03281
27 113 8.03373
27 114 8.04069
27 115 8.084
27 116 8.11623
27 117 8.11623
27 118 8.12755
27 119 8.1296
27 120 8.13338
27 121 8.136
27 122 8.14345
27 123 8.14628
27 124 8.16146
27 125 8.17949
27 126 8.19083
27 127 8.20327
27 128 8.21825
27 129 8.2341
27 130 8.23482
27 131 8.30148
27 132 8.30653
27 133 8.30825
27 134 8.3432
27 135 8.37114
27 136 8.38055
27 137 8.40434
27 138 8.41276
27 139 8.46893
27 140 8.485
27 141 8.48505
27 142 8.4858
27 143 8.5629
27 144 8.59526
27 145 8.59554
27 146 8.60094
27 147 8.6504
27 148 8.65543
27 149 8.66924
27 150 8.72811
27 151 8.73864
27 152 8.76787
27 153 8.814
27 154 8.814
27 155 8.8213
27 156 8.84479
27 157 8.86163
27 158 8.86611
27 159 8.93655
27 160 8.94612
27 161 8.97442
27 162 9.05911
27 163 9.06043
27 164 9.08089
27 165 9.08541
27 166 9.09055
27 167 9.17033
27 168 9.1723
27 169 9.18149
27 170 9.19943
27 171 9.25007
27 172 9.28222
27 173 9.32118
27 174 9.42873
27 175 9.49706
27 176 9.51154
27 177 9.52165
27 178 9.65401
27 179 9.67874
27 180 9.70164
27 181 9.73942
27 182 9.76318
27 183 9.87034
27 184 9.91074
27 185 9.94603
27 186 10.2084
27 187 10.2162
27 188 10.2298
27 189 10.2777
27 190 10.3708
27 191 10.446
27 192 10.5338
27 193 10.6383
27 194 10.9116
27 195 11.0192
27 196 11.0319
27 197 11.1799
27 198 11.5778
27 199 12.0017
28 0 6.91063 1 10 11 24 3 16 14 8 6 28 9 13 25 5 27 29 19 17 2 33 21 23 22 32 30 7 4 20 12 34 15 26 18 31 1 
28 1 6.91063
28 2 6.91063
28 3 6.91063
28 4 6.91063
28 5 6.91063
28 6 6.91063
28 7 6.91063
28 8 6.91063
28 9 6.91063
28 10 6.91063
28 11 6.91063
28 12 6.91063
28 13 6.91063
28 14 6.91063
28 15 6.91063
28 16 6.91063
28 17 6.91063
28 18 6.92607
28 19 6.9363
28 20 6.94605
28 21 6.95838
28 22 6.95838
28 23 6.95838
28 24 6.95838
28 25 6.95838
28 26 6.95838
28 27 6.95838
28 28 6.95838
28 29 6.95838
28 30 6.95838
28 31 6.95838
28 32 6.95838
28 33 6.95838
28 34 6.95838
28 35 6.95838
28 36 6.95838
28 37 6.95838
28 38 6.95838
28 39 6.95838
28 40 6.95838
28 41 6.95838
28 42 6.95838
28 43 6.95838
28 44 6.95838
28 45 6.95838
28 46 6.95838
28 47 6.95838
28 48 6.95838
28 49 6.95838
28 50 6.95838
28 51 6.95838
28 52 6.95838
28 53 6.95838
28 54 6.95838
28 55 6.95838
28 56 6.95838
28 57 6.95838
28 58 6.95838
28 59 6.95838
28 60 6.95838
28 61 6.95838
28 62 6.95838
28 63 6.95838
28 64 6.95838
28 65 6.95838
28 66 6.95838
28 67 6.95838
28 68 6.95838
28 69 6.95838
28 70 6.95838
28 71 6.95838
28 72 6.95838
28 73 6.95838
28 74 6.95838
28 75 6.95838
28 76 6.97919
28 77 6.99464
28 78 7.01254
28 79 7.01299
28 80 7.01744
28 81 7.01744
28 82 7.01815
28 83 7.02315
28 84 7.03392
28 85 7.03392
28 86 7.03392
28 87 7.03392
28 88 7.03392
28 89 7.04347
28 90 7.04925
28 91 7.06096
28 92 7.063
28 93 7.07156
28 94 7.11075
28 95 7.14445
28 96 7.16828
28 97 7.18239
28 98 7.20875
28 99 7.33686
28 100 7.34029
28 101 7.35018
28 102 7.35798
28 103 7.38736
28 104 7.39341
28 105 7.44018
28 106 7.49228
28 107 7.50189
28 108 7.51387
28 109 7.5613
28 110 7.5613
28 111 7.57102
28 112 7.57757
28 113 7.58338
28 114 7.58338
28 115 7.58338
28 116 7.59161
28 117 7.60961
28 118 7.63142
28 119 7.63482
28 120 7.65892
28 121 7.6772
28 122 7.71507
28 123 7.73401
28 124 7.73574
28 125 7.73575
28 126 7.79873
28 127 7.8025
28 128 7.81479
28 129 7.81656
28 130 7.82928
28 131 7.83165
28 132 7.83913
28 133 7.85367
28 134 7.89953
28 135 7.90096
28 136 7.99623
28 137 8.04069
28 138 8.07608
28 139 8.084
28 140 8.0858
28 141 8.09691
28 142 8.11623
28 143 8.11623
28 144 8.15605
28 145 8.19359
28 146 8.24849
28 147 8.24946
28 148 8.28704
28 149 8.33078
28 150 8.3432
28 151 8.37004
28 152 8.37156
28 153 8.38268
28 154 8.40434
28 155 8.48505
28 156 8.53927
28 157 8.57684
28 158 8.60094
28 159 8.66938
28 160 8.71053
28 161 8.77958
28 162 8.79361
28 163 8.79435
28 164 8.81898
28 165 8.8213
28 166 8.8243
28 167 8.86163
28 168 8.89223
28 169 8.89862
28 170 8.92776
28 171 8.95201
28 172 9.01025
28 173 9.02831
28 174 9.06817
28 175 9.08876
28 176 9.19876
28 177 9.25007
28 178 9.25407
28 179 9.26467
28 180 9.33624
28 181 9.34762
28 182 9.36302
28 183 9.3678
28 184 9.45302
28 185 9.47074
28 186 9.47776
28 187 9.85214
28 188 9.99441
28 189 10.0162
28 190 10.0891
28 191 10.218
28 192 10.235
28 193 10.4361
28 194 10.7738
28 195 11.2909
28 196 11.3721
28 197 11.3951
28 198 11.8101
28 199 11.9953
29 0 6.85269 1 10 11 24 3 16 14 8 6 28 9 13 25 5 27 29 19 17 33 2 21 23 22 32 30 7 4 20 31 18 26 15 34 12 1 
29 1 6.91063
29 2 6.91063
29 3 6.91063
29 4 6.91063
29 5 6.91063
29 6 6.91063
29 7 6.91063
29 8 6.91063
29 9 6.91063
29 10 6.91063
29 11 6.91063
29 12 6.91063
29 13 6.91063
29 14 6.91063
29 15 6.91063
29 16 6.91063
29 17 6.91063
29 18 6.91063
29 19 6.91063
29 20 6.91063
29 21 6.91063
29 22 6.91063
29 23 6.91063
29 24 6.91063
29 25 6.91063
29 26 6.91063
29 27 6.91063
29 28 6.91063
29 29 6.91063
29 30 6.91063
29 31 6.91063
29 32 6.91063
29 33 6.91063
29 34 6.91063
29 35 6.91063
29 36 6.91063
29 37 6.91063
29 38 6.91063
29 39 6.91063
29 40 6.91063
29 41 6.91063
29 42 6.91063
29 43 6.91063
29 44 6.91063
29 45 6.91063
29 46 6.91063
29 47 6.91063
29 48 6.91063
29 49 6.91063
29 50 6.91063
29 51 6.91063
29 52 6.91063
29 53 6.91063
29 54 6.91063
29 55 6.91063
29 56 6.91063
29 57 6.91063
29 58 6.91063
29 59 6.91063
29 60 6.91063
29 61 6.91063
29 62 6.91063
29 63 6.91063
29 64 6.91063
29 65 6.91063
29 66 6.95838
29 67 6.95838
29 68 6.95838
29 69 6.95838
29 70 6.95838
29 71 6.95838
29 72 6.95838
29 73 6.95838
29 74 6.95838
29 75 6.95838
29 76 6.95838
29 77 6.95838
29 78 6.95838
29 79 6.95838
29 80 6.95838
29 81 6.95838
29 82 6.95838
29 83 6.95838
29 84 6.95838
29 85 6.95838
29 86 6.95838
29 87 6.95838
29 88 6.95838
29 89 6.95838
29 90 6.95838
29 91 6.95838
29 92 6.95838
29 93 6.99536
29 94 7.00135
29 95 7.01254
29 96 7.01299
29 97 7.01815
29 98 7.03392
29 99 7.04347
29 100 7.04925
29 101 7.063
29 102 7.063
29 103 7.08579
29 104 7.10428
29 105 7.11075
29 106 7.1189
29 107 7.13634
29 108 7.13717
29 109 7.14445
29 110 7.14633
29 111 7.16709
29 112 7.17177
29 113 7.19928
29 114 7.24321
29 115 7.24652
29 116 7.28934
29 117 7.30693
29 118 7.31059
29 119 7.41598
29 120 7.4887
29 121 7.50393
29 122 7.52097
29 123 7.52213
29 124 7.5613
29 125 7.5613
29 126 7.5613
29 127 7.5613
29 128 7.57757
29 129 7.57757
29 130 7.63482
29 131 7.64517
29 132 7.70051
29 133 7.71552
29 134 7.72633
29 135 7.78539
29 136 7.78677
29 137 7.80591
29 138 7.80957
29 139 7.82384
29 140 7.86144
29 141 7.89364
29 142 7.89724
29 143 7.90096
29 144 7.90189
29 145 7.90658
29 146 7.96833
29 147 8.05851
29 148 8.084
29 149 8.11169
29 150 8.13156
29 151 8.16257
29 152 8.23498
29 153 8.30056
29 154 8.30587
29 155 8.37004
29 156 8.39303
29 157 8.40351
29 158 8.41169
29 159 8.44864
29 160 8.47995
29 161 8.50876
29 162 8.53927
29 163 8.59116
29 164 8.60006
29 165 8.60022
29 166 8.61352
29 167 8.63937
29 168 8.70208
29 169 8.70275
29 170 8.70752
29 171 8.71332
29 172 8.72869
29 173 8.73518
29 174 8.73575
29 175 8.79361
29 176 8.8213
29 177 8.86163
29 178 8.87254
29 179 8.88112
29 180 8.8962
29 181 8.91436
29 182 8.92923
29 183 8.97691
29 184 9.02398
29 185 9.04472
29 186 9.09312
29 187 9.25007
29 188 9.50636
29 189 9.67005
29 190 9.73116
29 191 9.8118
29 192 9.95336
29 193 10.0026
29 194 10.0213
29 195 10.087
29 196 10.2909
29 197 10.4017
29 198 10.4586
29 199 10.8689
30 0 6.80493 1 10 11 24 3 16 14 8 6 28 9 13 25 5 27 29 19 17 33 2 21 23 22 32 30 7 4 20 12 34 15 26 18 31 1 
30 1 6.80493
30 2 6.80493
30 3 6.80493
30 4 6.80493
30 5 6.80493
30 6 6.85269
30 7 6.85269
30 8 6.85269
30 9 6.85269
30 10 6.85269
30 11 6.85269
30 12 6.85269
30 13 6.85269
30 14 6.85269
30 15 6.85269
30 16 6.85269
30 17 6.85269
30 18 6.85269
30 19 6.85269
30 20 6.85269
30 21 6.85269
30 22 6.85269
30 23 6.85269
30 24 6.85269
30 25 6.85269
30 26 6.85269
30 27 6.85269
30 28 6.85269
30 29 6.85269
30 30 6.85269
30 31 6.85269
30 32 6.85269
30 33 6.91063
30 34 6.91063
30 35 6.91063
30 36 6.91063
30 37 6.91063
30 38 6.91063
30 39 6.91063
30 40 6.91063
30 41 6.91063
30 42 6.91063
30 43 6.91063
30 44 6.91063
30 45 6.91063
30 46 6.91063
30 47 6.91063
30 48 6.91063
30 49 6.91063
30 50 6.91063
30 51 6.91063
30 52 6.91063
30 53 6.91063
30 54 6.91063
30 55 6.91063
30 56 6.91063
30 57 6.91063
30 58 6.91063
30 59 6.91063
30 60 6.91063
30 61 6.91063
30 62 6.91063
30 63 6.91063
30 64 6.91063
30 65 6.91063
30 66 6.91063
30 67 6.91063
30 68 6.91063
30 69 6.91063
30 70 6.91063
30 71 6.91063
30 72 6.91063
30 73 6.91063
30 74 6.91063
30 75 6.91063
30 76 6.91063
30 77 6.91063
30 78 6.91063
30 79 6.91063
30 80 6.91063
30 81 6.91063
30 82 6.94605
30 83 6.9516
30 84 6.95359
30 85 6.95838
30 86 6.95838
30 87 6.95838
30 88 6.95838
30 89 6.95838
30 90 6.95838
30 91 6.95838
30 92 6.95838
30 93 6.95838
30 94 6.95838
30 95 6.95838
30 96 6.95838
30 97 6.95838
30 98 6.95838
30 99 6.95838
30 100 6.95838
30 101 6.95838
30 102 6.95838
30 103 6.95838
30 104 6.95838
30 105 6.96977
30 106 7.01299
30 107 7.01815
30 108 7.03148
30 109 7.03392
30 110 7.03392
30 111 7.04925
30 112 7.06566
30 113 7.11806
30 114 7.13634
30 115 7.14445
30 116 7.15605
30 117 7.16828
30 118 7.19928
30 119 7.24652
30 120 7.41124
30 121 7.48864
30 122 7.50393
30 123 7.52097
30 124 7.52213
30 125 7.52365
30 126 7.5396
30 127 7.56643
30 128 7.57757
30 129 7.6159
30 130 7.62195
30 131 7.63104
30 132 7.65784
30 133 7.74719
30 134 7.75472
30 135 7.76148
30 136 7.85578
30 137 7.85664
30 138 7.86658
30 139 7.95821
30 140 7.96833
30 141 7.99763
30 142 8.00327
30 143 8.02783
30 144 8.04518
30 145 8.05851
30 146 8.08365
30 147 8.084
30 148 8.15215
30 149 8.15914
30 150 8.17888
30 151 8.18583
30 152 8.26108
30 153 8.30056
30 154 8.31063
30 155 8.31362
30 156 8.36602
30 157 8.44189
30 158 8.44476
30 159 8.44864
30 160 8.49707
30 161 8.57154
30 162 8.60006
30 163 8.61711
30 164 8.6225
30 165 8.67154
30 166 8.69788
30 167 8.76863
30 168 8.81478
30 169 8.84165
30 170 8.85286
30 171 8.85788
30 172 8.88036
30 173 8.8812
30 174 8.8953
30 175 8.89891
30 176 8.9663
30 177 9.04189
30 178 9.08975
30 179 9.09666
30 180 9.101
30 181 9.19988
30 182 9.21502
30 183 9.27045
30 184 9.28655
30 185 9.34674
30 186 9.60223
30 187 9.63877
30 188 9.79638
30 189 9.98316
30 190 10.0984
30 191 10.1162
30 192 10.2909
30 193 10.4017
30 194 10.4586
30 195 10.5443
30 196 10.5858
30 197 11.1099
30 198 11.2504
30 199 12.1072
31 0 6.80493 1 10 11 24 3 16 14 8 6 28 9 13 25 5 27 29 19 17 33 2 21 23 22 32 30 7 4 20 12 34 15 26 18 31 1 
31 1 6.80493
31 2 6.80493
31 3 6.80493
31 4 6.80493
31 5 6.80493
31 6 6.80493
31 7 6.80493
31 8 6.80493
31 9 6.80493
31 10 6.80493
31 11 6.80493
31 12 6.80493
31 13 6.80493
31 14 6.80493
31 15 6.80493
31 16 6.80493
31 17 6.80493
31 18 6.80493
31 19 6.80493
31 20 6.80493
31 21 6.80493
31 22 6.80493
31 23 6.80493
31 24 6.80493
31 25 6.80493
31 26 6.80493
31 27 6.80493
31 28 6.80493
31 29 6.80493
31 30 6.80493
31 31 6.80493
31 32 6.80493
31 33 6.80493
31 34 6.80493
31 35 6.80493
31 36 6.80493
31 37 6.80493
31 38 6.80493
31 39 6.80493
31 40 6.80493
31 41 6.80493
31 42 6.80493
31 43 6.80493
31 44 6.84035
31 45 6.85269
31 46 6.85269
31 47 6.85269
31 48 6.85269
31 49 6.85269
31 50 6.85269
31 51 6.85269
31 52 6.85269
31 53 6.85269
31 54 6.85269
31 55 6.85269
31 56 6.85269
31 57 6.85269
31 58 6.85269
31 59 6.85269
31 60 6.85269
31 61 6.85269
31 62 6.85269
31 63 6.85269
31 64 6.85269
31 65 6.85269
31 66 6.85269
31 67 6.85269
31 68 6.85269
31 69 6.85269
31 70 6.85269
31 71 6.90346
31 72 6.90707
31 73 6.91063
31 74 6.91063
31 75 6.91063
31 76 6.91063
31 77 6.91063
31 78 6.91063
31 79 6.91063
31 80 6.91063
31 81 6.91063
31 82 6.91063
31 83 6.91063
31 84 6.91063
31 85 6.91063
31 86 6.91063
31 87 6.91063
31 88 6.91063
31 89 6.91063
31 90 6.91063
31 91 6.91063
31 92 6.91063
31 93 6.91063
31 94 6.91063
31 95 6.91063
31 96 6.91063
31 97 6.91174
31 98 6.91245
31 99 6.94605
31 100 6.94882
31 101 6.9573
31 102 6.95838
31 103 6.95838
31 104 6.95838
31 105 6.95838
31 106 6.95838
31 107 6.95838
31 108 6.95838
31 109 7.01236
31 110 7.02603
31 111 7.03148
31 112 7.04331
31 113 7.05563
31 114 7.06566
31 115 7.13634
31 116 7.13717
31 117 7.14301
31 118 7.14445
31 119 7.14597
31 120 7.20369
31 121 7.29116
31 122 7.32067
31 123 7.37199
31 124 7.47292
31 125 7.57757
31 126 7.60274
31 127 7.60524
31 128 7.6453
31 129 7.70096
31 130 7.75257
31 131 7.75831
31 132 7.76148
31 133 7.8018
31 134 7.85063
31 135 7.86658
31 136 7.86658
31 137 7.87099
31 138 7.88532
31 139 7.95234
31 140 7.97853
31 141 8.02544
31 142 8.08365
31 143 8.1031
31 144 8.14212
31 145 8.17963
31 146 8.18018
31 147 8.23809
31 148 8.29008
31 149 8.29596
31 150 8.31595
31 151 8.34181
31 152 8.36582
31 153 8.38157
31 154 8.44189
31 155 8.44476
31 156 8.44864
31 157 8.45433
31 158 8.50999
31 159 8.54658
31 160 8.55908
31 161 8.56093
31 162 8.57272
31 163 8.6225
31 164 8.63005
31 165 8.63257
31 166 8.65068
31 167 8.67026
31 168 8.73346
31 169 8.78008
31 170 8.82615
31 171 8.90417
31 172 8.90476
31 173 8.97701
31 174 8.98871
31 175 9.03818
31 176 9.07322
31 177 9.1814
31 178 9.18476
31 179 9.21898
31 180 9.27045
31 181 9.33024
31 182 9.52404
31 183 9.52521
31 184 9.9018
31 185 9.9245
31 186 9.9997
31 187 10.3782
31 188 10.5443
31 189 10.5858
31 190 10.6073
31 191 10.6084
31 192 10.6531
31 193 10.6832
31 194 10.7269
31 195 11.2504
31 196 11.5839
31 197 11.7002
31 198 11.7099
31 199 14.5287
32 0 6.67754 1 10 11 24 3 16 14 26 8 6 28 9 13 25 5 27 29 19 17 33 2 21 23 22 32 30 7 4 20 12 34 15 18 31 1 
32 1 6.80493
32 2 6.80493
32 3 6.80493
32 4 6.80493
32 5 6.80493
32 6 6.80493
32 7 6.80493
32 8 6.80493
32 9 6.80493
32 10 6.80493
32 11 6.80493
32 12 6.80493
32 13 6.80493
32 14 6.80493
32 15 6.80493
32 16 6.80493
32 17 6.80493
32 18 6.80493
32 19 6.80493
32 20 6.80493
32 21 6.80493
32 22 6.80493
32 23 6.80493
32 24 6.80493
32 25 6.80493
32 26 6.80493
32 27 6.80493
32 28 6.80493
32 29 6.80493
32 30 6.80493
32 31 6.80493
32 32 6.80493
32 33 6.80493
32 34 6.80493
32 35 6.80493
32 36 6.80493
32 37 6.80493
32 38 6.80493
32 39 6.80493
32 40 6.80493
32 41 6.80493
32 42 6.80493
32 43 6.80493
32 44 6.80493
32 45 6.80493
32 46 6.80493
32 47 6.80493
32 48 6.80493
32 49 6.80493
32 50 6.80493
32 51 6.80493
32 52 6.80493
32 53 6.80493
32 54 6.80493
32 55 6.80493
32 56 6.80493
32 57 6.80493
32 58 6.80493
32 59 6.80493
32 60 6.80493
32 61 6.80493
32 62 6.80493
32 63 6.80493
32 64 6.80493
32 65 6.80493
32 66 6.80493
32 67 6.80493
32 68 6.80493
32 69 6.80493
32 70 6.84035
32 71 6.85269
32 72 6.85269
32 73 6.85269
32 74 6.85269
32 75 6.85269
32 76 6.85269
32 77 6.85269
32 78 6.85269
32 79 6.85269
32 80 6.85269
32 81 6.86894
32 82 6.90684
32 83 6.91063
32 84 6.91063
32 85 6.91063
32 86 6.91063
32 87 6.91063
32 88 6.91063
32 89 6.91063
32 90 6.91063
32 91 6.91063
32 92 6.91063
32 93 6.91063
32 94 6.91063
32 95 6.91063
32 96 6.95838
32 97 6.95997
32 98 6.95997
32 99 7.01236
32 100 7.03129
32 101 7.04064
32 102 7.04331
32 103 7.05721
32 104 7.06128
32 105 7.06264
32 106 7.12477
32 107 7.19596
32 108 7.20364
32 109 7.20369
32 110 7.20369
32 111 7.26419
32 112 7.26717
32 113 7.29116
32 114 7.33481
32 115 7.35032
32 116 7.47292
32 117 7.47415
32 118 7.52208
32 119 7.56843
32 120 7.57456
32 121 7.59617
32 122 7.60274
32 123 7.60524
32 124 7.61378
32 125 7.62751
32 126 7.62812
32 127 7.63029
32 128 7.6453
32 129 7.6453
32 130 7.6545
32 131 7.68659
32 132 7.72953
32 133 7.74469
32 134 7.75307
32 135 7.80865
32 136 7.85063
32 137 7.85702
32 138 7.8657
32 139 7.86804
32 140 7.87099
32 141 7.89018
32 142 7.89861
32 143 7.94186
32 144 8.08524
32 145 8.12424
32 146 8.13138
32 147 8.15737
32 148 8.18447
32 149 8.23858
32 150 8.24758
32 151 8.2795
32 152 8.28033
32 153 8.29596
32 154 8.38456
32 155 8.39091
32 156 8.4547
32 157 8.49553
32 158 8.51758
32 159 8.53026
32 160 8.54451
32 161 8.59447
32 162 8.60217
32 163 8.6225
32 164 8.6225
32 165 8.63005
32 166 8.63257
32 167 8.64395
32 168 8.77578
32 169 8.79906
32 170 8.88711
32 171 8.90417
32 172 8.97701
32 173 8.97701
32 174 9.07427
32 175 9.18476
32 176 9.27045
32 177 9.33024
32 178 9.33724
32 179 9.42514
32 180 9.45033
32 181 9.49565
32 182 9.8247
32 183 9.83759
32 184 9.9245
32 185 10.0029
32 186 10.0491
32 187 10.1551
32 188 10.326
32 189 10.3782
32 190 10.3962
32 191 10.5652
32 192 10.6376
32 193 10.7729
32 194 11.2183
32 195 11.2504
32 196 11.5361
32 197 12.859
32 198 13.5268
32 199 13.5687
33 0 6.67754 1 10 11 24 3 16 14 26 8 6 28 9 13 25 5 27 29 19 17 33 2 21 23 22 32 30 7 4 20 12 34 15 18 31 1 
33 1 6.67754
33 2 6.67754
33 3 6.67754
33 4 6.67754
33 5 6.67754
33 6 6.67754
33 7 6.67754
33 8 6.67754
33 9 6.67754
33 10 6.67754
33 11 6.67754
33 12 6.67754
33 13 6.67754
33 14 6.67754
33 15 6.67754
33 16 6.74734
33 17 6.80493
33 18 6.80493
33 19 6.80493
33 20 6.80493
33 21 6.80493
33 22 6.80493
33 23 6.80493
33 24 6.80493
33 25 6.80493
33 26 6.80493
33 27 6.80493
33 28 6.80493
33 29 6.80493
33 30 6.80493
33 31 6.80493
33 32 6.80493
33 33 6.80493
33 34 6.80493
33 35 6.80493
33 36 6.80493
33 37 6.80493
33 38 6.80493
33 39 6.80493
33 40 6.80493
33 41 6.80493
33 42 6.80493
33 43 6.80493
33 44 6.80493
33 45 6.80493
33 46 6.80493
33 47 6.80493
33 48 6.80493
33 49 6.80493
33 50 6.80493
33 51 6.80493
33 52 6.80493
33 53 6.80493
33 54 6.80493
33 55 6.80493
33 56 6.80493
33 57 6.80493
33 58 6.80493
33 59 6.80493
33 60 6.80493
33 61 6.80493
33 62 6.80493
33 63 6.80493
33 64 6.80493
33 65 6.80493
33 66 6.80493
33 67 6.80493
33 68 6.80493
33 69 6.80493
33 70 6.80493
33 71 6.80493
33 72 6.80493
33 73 6.80493
33 74 6.80493
33 75 6.80493
33 76 6.80493
33 77 6.80493
33 78 6.80493
33 79 6.80493
33 80 6.80848
33 81 6.84035
33 82 6.84064
33 83 6.84401
33 84 6.85269
33 85 6.85269
33 86 6.85269
33 87 6.85269
33 88 6.8599
33 89 6.87821
33 90 6.91063
33 91 6.91063
33 92 6.91063
33 93 6.94898
33 94 7.0243
33 95 7.02948
33 96 7.04064
33 97 7.06608
33 98 7.07927
33 99 7.23139
33 100 7.29116
33 101 7.35032
33 102 7.39343
33 103 7.40065
33 104 7.41597
33 105 7.43777
33 106 7.45736
33 107 7.53688
33 108 7.54969
33 109 7.56843
33 110 7.56843
33 111 7.57718
33 112 7.58135
33 113 7.58527
33 114 7.59189
33 115 7.60915
33 116 7.6453
33 117 7.6472
33 118 7.65007
33 119 7.66354
33 120 7.66648
33 121 7.67388
33 122 7.70679
33 123 7.76137
33 124 7.87099
33 125 7.89755
33 126 7.89861
33 127 7.91234
33 128 7.94186
33 129 7.96863
33 130 7.97771
33 131 8.00725
33 132 8.01095
33 133 8.01938
33 134 8.042
33 135 8.0452
33 136 8.06168
33 137 8.07808
33 138 8.12169
33 139 8.13138
33 140 8.13998
33 141 8.14742
33 142 8.1651
33 143 8.17631
33 144 8.18726
33 145 8.26379
33 146 8.28073
33 147 8.30689
33 148 8.32088
33 149 8.32508
33 150 8.34375
33 151 8.36674
33 152 8.36788
33 153 8.38912
33 154 8.39091
33 155 8.39091
33 156 8.40209
33 157 8.50421
33 158 8.55308
33 159 8.57338
33 160 8.58877
33 161 8.59174
33 162 8.59447
33 163 8.60829
33 164 8.65864
33 165 8.671
33 166 8.67261
33 167 8.67864
33 168 8.70972
33 169 8.74046
33 170 8.77578
33 171 8.87499
33 172 8.89876
33 173 8.92712
33 174 8.93656
33 175 9.04923
33 176 9.07375
33 177 9.16191
33 178 9.25063
33 179 9.29863
33 180 9.33024
33 181 9.33024
33 182 9.37444
33 183 9.45033
33 184 9.45033
33 185 9.49565
33 186 9.58162
33 187 9.58572
33 188 9.61142
33 189 9.69479
33 190 9.70246
33 191 10.0573
33 192 10.0583
33 193 10.1372
33 194 10.1696
33 195 10.3962
33 196 10.6677
33 197 10.6939
33 198 10.9648
33 199 11.164
34 0 6.63266 1 10 11 24 3 16 14 26 8 6 28 9 13 25 5 27 29 19 17 33 2 21 23 22 32 30 7 4 20 12 34 15 31 18 1 
34 1 6.64007
34 2 6.67754
34 3 6.67754
34 4 6.67754
34 5 6.67754
34 6 6.67754
34 7 6.67754
34 8 6.67754
34 9 6.67754
34 10 6.67754
34 11 6.67754
34 12 6.67754
34 13 6.67754
34 14 6.67754
34 15 6.67754
34 16 6.67754
34 17 6.67754
34 18 6.67754
34 19 6.67754
34 20 6.67754
34 21 6.67754
34 22 6.67754
34 23 6.67754
34 24 6.67754
34 25 6.67754
34 26 6.67754
34 27 6.67754
34 28 6.67754
34 29 6.67754
34 30 6.67754
34 31 6.67754
34 32 6.67754
34 33 6.67754
34 34 6.67754
34 35 6.67754
34 36 6.67754
34 37 6.67754
34 38 6.67754
34 39 6.67754
34 40 6.67754
34 41 6.67754
34 42 6.67754
34 43 6.67754
34 44 6.67754
34 45 6.67754
34 46 6.67754
34 47 6.67754
34 48 6.67754
34 49 6.67754
34 50 6.67754
34 51 6.67754
34 52 6.67754
34 53 6.67754
34 54 6.67754
34 55 6.67754
34 56 6.67754
34 57 6.73303
34 58 6.74734
34 59 6.74734
34 60 6.76477
34 61 6.78324
34 62 6.80451
34 63 6.80493
34 64 6.80493
34 65 6.80493
34 66 6.80493
34 67 6.80493
34 68 6.80493
34 69 6.80493
34 70 6.80493
34 71 6.80493
34 72 6.80493
34 73 6.80493
34 74 6.80493
34 75 6.80493
34 76 6.80493
34 77 6.80493
34 78 6.80493
34 79 6.80493
34 80 6.80493
34 81 6.80493
34 82 6.80493
34 83 6.80493
34 84 6.80493
34 85 6.80493
34 86 6.80493
34 87 6.80493
34 88 6.80493
34 89 6.80493
34 90 6.80848
34 91 6.85269
34 92 6.91063
34 93 6.91063
34 94 6.94898
34 95 6.97492
34 96 6.98009
34 97 7.0243
34 98 7.14597
34 99 7.16717
34 100 7.28159
34 101 7.40065
34 102 7.41926
34 103 7.43392
34 104 7.46523
34 105 7.46928
34 106 7.47821
34 107 7.54058
34 108 7.55139
34 109 7.55139
34 110 7.56376
34 111 7.56843
34 112 7.60915
34 113 7.65007
34 114 7.66354
34 115 7.66835
34 116 7.67949
34 117 7.70679
34 118 7.77427
34 119 7.81998
34 120 7.82317
34 121 7.84759
34 122 7.85467
34 123 7.8865
34 124 7.89755
34 125 7.89903
34 126 7.89903
34 127 7.90545
34 128 7.91081
34 129 7.91524
34 130 7.91732
34 131 7.95303
34 132 7.95631
34 133 8.00725
34 134 8.04245
34 135 8.0856
34 136 8.11736
34 137 8.13138
34 138 8.13998
34 139 8.14742
34 140 8.17064
34 141 8.17867
34 142 8.18631
34 143 8.20259
34 144 8.21209
34 145 8.21731
34 146 8.2334
34 147 8.2419
34 148 8.25255
34 149 8.26317
34 150 8.28993
34 151 8.38755
34 152 8.43992
34 153 8.46719
34 154 8.47264
34 155 8.47919
34 156 8.49784
34 157 8.53327
34 158 8.60633
34 159 8.62558
34 160 8.64357
34 161 8.671
34 162 8.71223
34 163 8.74046
34 164 8.75468
34 165 8.7782
34 166 8.79972
34 167 9.00249
34 168 9.00314
34 169 9.01509
34 170 9.02629
34 171 9.03318
34 172 9.04923
34 173 9.07689
34 174 9.09728
34 175 9.26752
34 176 9.27852
34 177 9.29081
34 178 9.37444
34 179 9.45466
34 180 9.49489
34 181 9.54875
34 182 9.59948
34 183 9.66929
34 184 9.67221
34 185 9.69994
34 186 9.70246
34 187 9.77355
34 188 9.8225
34 189 9.8303
34 190 9.8303
34 191 9.88319
34 192 9.89705
34 193 9.90074
34 194 10.1055
34 195 10.1621
34 196 10.6178
34 197 10.6503
34 198 10.9386
34 199 11.8691
35 0 6.54255 1 10 11 24 9 16 14 3 8 6 28 13 25 5 27 29 19 17 33 2 21 23 22 32 30 7 4 20 31 18 26 15 34 12 1 
35 1 6.59991
35 2 6.63266
35 3 6.63266
35 4 6.63266
35 5 6.63266
35 6 6.63266
35 7 6.63266
35 8 6.63266
35 9 6.63266
35 10 6.63266
35 11 6.63266
35 12 6.63266
35 13 6.63266
35 14 6.63266
35 15 6.63266
35 16 6.63266
35 17 6.63266
35 18 6.63266
35 19 6.63266
35 20 6.63266
35 21 6.63266
35 22 6.64007
35 23 6.64007
35 24 6.67754
35 25 6.67754
35 26 6.67754
35 27 6.67754
35 28 6.67754
35 29 6.67754
35 30 6.67754
35 31 6.67754
35 32 6.67754
35 33 6.67754
35 34 6.67754
35 35 6.67754
35 36 6.67754
35 37 6.67754
35 38 6.67754
35 39 6.67754
35 40 6.67754
35 41 6.67754
35 42 6.67754
35 43 6.67754
35 44 6.67754
35 45 6.67754
35 46 6.67754
35 47 6.67754
35 48 6.67754
35 49 6.67754
35 50 6.67754
35 51 6.67754
35 52 6.67754
35 53 6.67754
35 54 6.67754
35 55 6.67754
35 56 6.67754
35 57 6.67754
35 58 6.67754
35 59 6.67754
35 60 6.67754
35 61 6.67754
35 62 6.67754
35 63 6.67754
35 64 6.67754
35 65 6.67754
35 66 6.67754
35 67 6.67754
35 68 6.67754
35 69 6.67754
35 70 6.67754
35 71 6.67754
35 72 6.67754
35 73 6.67754
35 74 6.67754
35 75 6.67754
35 76 6.67754
35 77 6.67754
35 78 6.67754
35 79 6.67754
35 80 6.67754
35 81 6.67754
35 82 6.67754
35 83 6.67754
35 84 6.67754
35 85 6.67754
35 86 6.68527
35 87 6.7253
35 88 6.73303
35 89 6.74734
35 90 6.75923
35 91 6.76477
35 92 6.80493
35 93 6.80493
35 94 6.80493
35 95 6.80493
35 96 6.81523
35 97 6.84035
35 98 6.90889
35 99 6.93519
35 100 6.9369
35 101 7.01361
35 102 7.0206
35 103 7.25565
35 104 7.30611
35 105 7.31115
35 106 7.34339
35 107 7.38698
35 108 7.3992
35 109 7.46057
35 110 7.47393
35 111 7.50651
35 112 7.5371
35 113 7.55139
35 114 7.56575
35 115 7.56786
35 116 7.56843
35 117 7.56845
35 118 7.66354
35 119 7.66354
35 120 7.70682
35 121 7.73524
35 122 7.76261
35 123 7.7952
35 124 7.79557
35 125 7.7977
35 126 7.80272
35 127 7.80471
35 128 7.85416
35 129 7.85467
35 130 7.85977
35 131 7.89903
35 132 7.97274
35 133 7.98647
35 134 7.99189
35 135 8.01915
35 136 8.01938
35 137 8.0224
35 138 8.03672
35 139 8.06838
35 140 8.06872
35 141 8.11219
35 142 8.13765
35 143 8.13998
35 144 8.18627
35 145 8.21209
35 146 8.22567
35 147 8.2419
35 148 8.25803
35 149 8.2661
35 150 8.26881
35 151 8.38869
35 152 8.43992
35 153 8.43998
35 154 8.48205
35 155 8.50293
35 156 8.55456
35 157 8.56437
35 158 8.56963
35 159 8.59299
35 160 8.59436
35 161 8.72512
35 162 8.74046
35 163 8.75468
35 164 8.75748
35 165 8.77619
35 166 8.82226
35 167 8.83185
35 168 8.834
35 169 8.85703
35 170 8.86043
35 171 8.86072
35 172 8.88306
35 173 8.90864
35 174 8.91258
35 175 8.99267
35 176 9.02629
35 177 9.03322
35 178 9.16432
35 179 9.26219
35 180 9.27852
35 181 9.44324
35 182 9.5127
35 183 9.63491
35 184 9.65258
35 185 9.68614
35 186 9.79117
35 187 9.82895
35 188 9.8303
35 189 9.87629
35 190 10.0803
35 191 10.0945
35 192 10.1496
35 193 10.1621
35 194 10.8173
35 195 10.8449
35 196 10.8471
35 197 10.9724
35 198 10.9886
35 199 12.8095
36 0 6.41741 1 10 11 24 3 16 14 26 8 9 6 28 13 25 5 27 29 19 17 33 2 21 23 22 32 30 7 4 20 31 18 15 34 12 1 
36 1 6.52406
36 2 6.52439
36 3 6.54255
36 4 6.54255
36 5 6.54255
36 6 6.54255
36 7 6.54255
36 8 6.54255
36 9 6.54255
36 10 6.54255
36 11 6.54255
36 12 6.54255
36 13 6.54255
36 14 6.54255
36 15 6.54255
36 16 6.54255
36 17 6.54255
36 18 6.59991
36 19 6.59991
36 20 6.59991
36 21 6.6016
36 22 6.63266
36 23 6.63266
36 24 6.63266
36 25 6.63266
36 26 6.63266
36 27 6.63266
36 28 6.63266
36 29 6.63266
36 30 6.63266
36 31 6.63266
36 32 6.63266
36 33 6.63266
36 34 6.63266
36 35 6.63266
36 36 6.63266
36 37 6.63266
36 38 6.63266
36 39 6.63266
36 40 6.63266
36 41 6.63266
36 42 6.63266
36 43 6.64766
36 44 6.66995
36 45 6.67653
36 46 6.67754
36 47 6.67754
36 48 6.67754
36 49 6.67754
36 50 6.67754
36 51 6.67754
36 52 6.67754
36 53 6.67754
36 54 6.67754
36 55 6.67754
36 56 6.67754
36 57 6.67754
36 58 6.67754
36 59 6.67754
36 60 6.67754
36 61 6.67754
36 62 6.67754
36 63 6.67754
36 64 6.67754
36 65 6.67754
36 66 6.67754
36 67 6.67754
36 68 6.67754
36 69 6.67754
36 70 6.67754
36 71 6.67754
36 72 6.68527
36 73 6.68527
36 74 6.7253
36 75 6.7253
36 76 6.7253
36 77 6.7253
36 78 6.7253
36 79 6.7274
36 80 6.76196
36 81 6.76477
36 82 6.76477
36 83 6.80493
36 84 6.81617
36 85 6.82952
36 86 6.83258
36 87 6.83774
36 88 6.83816
36 89 6.84093
36 90 6.84441
36 91 6.88538
36 92 6.90765
36 93 6.95091
36 94 7.00183
36 95 7.06827
36 96 7.12816
36 97 7.13154
36 98 7.16838
36 99 7.18058
36 100 7.24125
36 101 7.27576
36 102 7.3138
36 103 7.31887
36 104 7.36583
36 105 7.38159
36 106 7.38455
36 107 7.39509
36 108 7.3992
36 109 7.45123
36 110 7.45123
36 111 7.45902
36 112 7.46057
36 113 7.48502
36 114 7.48787
36 115 7.49092
36 116 7.49543
36 117 7.50032
36 118 7.52367
36 119 7.54193
36 120 7.54402
36 121 7.56273
36 122 7.56977
36 123 7.57436
36 124 7.5889
36 125 7.61083
36 126 7.62034
36 127 7.62201
36 128 7.64046
36 129 7.65291
36 130 7.65526
36 131 7.69388
36 132 7.70682
36 133 7.73098
36 134 7.74971
36 135 7.82001
36 136 7.82937
36 137 7.83527
36 138 7.85416
36 139 7.85977
36 140 7.85977
36 141 7.90501
36 142 7.96131
36 143 7.97274
36 144 7.9824
36 145 8.0224
36 146 8.02757
36 147 8.03711
36 148 8.04131
36 149 8.11219
36 150 8.21209
36 151 8.21854
36 152 8.22567
36 153 8.26674
36 154 8.33986
36 155 8.34357
36 156 8.35863
36 157 8.36504
36 158 8.41767
36 159 8.47464
36 160 8.50293
36 161 8.50977
36 162 8.51661
36 163 8.54518
36 164 8.59339
36 165 8.60927
36 166 8.6324
36 167 8.6331
36 168 8.68352
36 169 8.687
36 170 8.70493
36 171 8.72512
36 172 8.72968
36 173 8.74046
36 174 8.75748
36 175 8.77619
36 176 8.85703
36 177 8.91258
36 178 8.92905
36 179 9.18217
36 180 9.27013
36 181 9.39074
36 182 9.39221
36 183 9.39984
36 184 9.54447
36 185 9.56118
36 186 9.58666
36 187 9.58729
36 188 9.65258
36 189 9.69869
36 190 9.8303
36 191 9.87127
36 192 10.0032
36 193 10.0342
36 194 10.0945
36 195 10.2352
36 196 10.7296
36 197 11.1089
36 198 12.8095
36 199 12.978
37 0 6.36648 1 10 11 24 9 3 16 14 26 8 6 28 13 25 5 27 29 19 17 33 2 21 23 22 32 30 7 4 20 31 18 15 34 12 1 
37 1 6.36965
37 2 6.41741
37 3 6.41741
37 4 6.41741
37 5 6.41741
37 6 6.41741
37 7 6.41741
37 8 6.41741
37 9 6.41741
37 10 6.41741
37 11 6.41741
37 12 6.41741
37 13 6.41741
37 14 6.41741
37 15 6.41741
37 16 6.41741
37 17 6.41741
37 18 6.41741
37 19 6.41741
37 20 6.41741
37 21 6.41741
37 22 6.47918
37 23 6.47918
37 24 6.50828
37 25 6.52406
37 26 6.52406
37 27 6.52406
37 28 6.52439
37 29 6.52439
37 30 6.52439
37 31 6.54255
37 32 6.54255
37 33 6.54255
37 34 6.54255
37 35 6.54255
37 36 6.54255
37 37 6.54255
37 38 6.54255
37 39 6.54255
37 40 6.54255
37 41 6.54255
37 42 6.54255
37 43 6.54255
37 44 6.54255
37 45 6.55503
37 46 6.5657
37 47 6.57182
37 48 6.61678
37 49 6.63266
37 50 6.63266
37 51 6.63266
37 52 6.63266
37 53 6.63266
37 54 6.63266
37 55 6.63266
37 56 6.63266
37 57 6.64594
37 58 6.67754
37 59 6.67754
37 60 6.67754
37 61 6.67754
37 62 6.67754
37 63 6.67754
37 64 6.67754
37 65 6.67754
37 66 6.67754
37 67 6.67754
37 68 6.67754
37 69 6.67817
37 70 6.68527
37 71 6.71824
37 72 6.7253
37 73 6.7253
37 74 6.7253
37 75 6.7253
37 76 6.7253
37 77 6.7253
37 78 6.7253
37 79 6.7274
37 80 6.72862
37 81 6.73512
37 82 6.73748
37 83 6.76477
37 84 6.76477
37 85 6.76477
37 86 6.78108
37 87 6.79328
37 88 6.80167
37 89 6.83816
37 90 6.86712
37 91 6.90155
37 92 6.96659
37 93 6.99327
37 94 7.07653
37 95 7.07987
37 96 7.11603
37 97 7.12893
37 98 7.20285
37 99 7.22854
37 100 7.24307
37 101 7.26486
37 102 7.27659
37 103 7.28831
37 104 7.31875
37 105 7.31887
37 106 7.31887
37 107 7.33994
37 108 7.34946
37 109 7.36583
37 110 7.37847
37 111 7.4115
37 112 7.4142
37 113 7.42735
37 114 7.44778
37 115 7.45123
37 116 7.45123
37 117 7.51312
37 118 7.54175
37 119 7.54353
37 120 7.54402
37 121 7.55652
37 122 7.57436
37 123 7.57528
37 124 7.58357
37 125 7.59357
37 126 7.62201
37 127 7.6247
37 128 7.65403
37 129 7.68857
37 130 7.70027
37 131 7.74721
37 132 7.74971
37 133 7.7566
37 134 7.78612
37 135 7.82001
37 136 7.82495
37 137 7.82556
37 138 7.82984
37 139 7.85416
37 140 7.8913
37 141 7.91638
37 142 7.9824
37 143 7.9824
37 144 8.02288
37 145 8.02757
37 146 8.03086
37 147 8.03114
37 148 8.03711
37 149 8.06861
37 150 8.11739
37 151 8.12437
37 152 8.12638
37 153 8.23803
37 154 8.26783
37 155 8.29242
37 156 8.33081
37 157 8.34073
37 158 8.39462
37 159 8.39567
37 160 8.41214
37 161 8.45685
37 162 8.4932
37 163 8.50293
37 164 8.50977
37 165 8.51024
37 166 8.55489
37 167 8.55642
37 168 8.58292
37 169 8.59862
37 170 8.66637
37 171 8.76071
37 172 8.77619
37 173 8.87132
37 174 8.90834
37 175 8.94716
37 176 9.04327
37 177 9.05386
37 178 9.1402
37 179 9.16306
37 180 9.30307
37 181 9.36985
37 182 9.3772
37 183 9.39074
37 184 9.39221
37 185 9.39221
37 186 9.41099
37 187 9.41456
37 188 9.41588
37 189 9.42144
37 190 9.44308
37 191 9.48814
37 192 9.50599
37 193 9.51571
37 194 9.6242
37 195 9.69028
37 196 9.94085
37 197 10.2619
37 198 10.615
37 199 11.0135
38 0 6.27933 1 10 11 24 17 3 16 14 26 8 9 6 28 13 25 5 27 29 19 33 2 21 23 22 32 30 7 4 20 31 18 15 34 12 1 
38 1 6.31872
38 2 6.31872
38 3 6.32478
38 4 6.32478
38 5 6.36648
38 6 6.36648
38 7 6.36648
38 8 6.36648
38 9 6.36648
38 10 6.36648
38 11 6.36648
38 12 6.36648
38 13 6.36648
38 14 6.36648
38 15 6.36648
38 16 6.36648
38 17 6.36648
38 18 6.36648
38 19 6.36648
38 20 6.36965
38 21 6.36965
38 22 6.36965
38 23 6.36965
38 24 6.36965
38 25 6.36965
38 26 6.36965
38 27 6.36965
38 28 6.36965
38 29 6.36965
38 30 6.37599
38 31 6.40776
38 32 6.41741
38 33 6.41741
38 34 6.41741
38 35 6.41741
38 36 6.41741
38 37 6.41741
38 38 6.41741
38 39 6.41741
38 40 6.41741
38 41 6.41741
38 42 6.41741
38 43 6.41741
38 44 6.41741
38 45 6.41741
38 46 6.41741
38 47 6.41741
38 48 6.41741
38 49 6.41741
38 50 6.41741
38 51 6.41741
38 52 6.41741
38 53 6.41741
38 54 6.41741
38 55 6.41741
38 56 6.41741
38 57 6.45735
38 58 6.47918
38 59 6.5081
38 60 6.50828
38 61 6.50828
38 62 6.52406
38 63 6.52406
38 64 6.52406
38 65 6.52439
38 66 6.52439
38 67 6.54255
38 68 6.54255
38 69 6.54255
38 70 6.54255
38 71 6.55503
38 72 6.59991
38 73 6.63266
38 74 6.63266
38 75 6.63266
38 76 6.64103
38 77 6.64665
38 78 6.67824
38 79 6.70642
38 80 6.71354
38 81 6.71824
38 82 6.7253
38 83 6.73344
38 84 6.7446
38 85 6.74511
38 86 6.76477
38 87 6.7694
38 88 6.77333
38 89 6.81252
38 90 6.8778
38 91 6.90822
38 92 6.91505
38 93 6.93525
38 94 6.94052
38 95 6.96659
38 96 6.96659
38 97 6.99327
38 98 7.00603
38 99 7.05272
38 100 7.07653
38 101 7.11603
38 102 7.16423
38 103 7.18985
38 104 7.24307
38 105 7.24985
38 106 7.2516
38 107 7.27183
38 108 7.28901
38 109 7.28901
38 110 7.31369
38 111 7.31875
38 112 7.31887
38 113 7.33994
38 114 7.36583
38 115 7.37847
38 116 7.39722
38 117 7.41359
38 118 7.4142
38 119 7.4423
38 120 7.45123
38 121 7.47273
38 122 7.5083
38 123 7.54175
38 124 7.58075
38 125 7.6247
38 126 7.63665
38 127 7.64823
38 128 7.66554
38 129 7.70027
38 130 7.70387
38 131 7.72247
38 132 7.81828
38 133 7.82322
38 134 7.84033
38 135 7.89279
38 136 7.89732
38 137 7.90668
38 138 7.94258
38 139 7.98144
38 140 8.02288
38 141 8.03197
38 142 8.06861
38 143 8.06861
38 144 8.06861
38 145 8.09754
38 146 8.11584
38 147 8.11739
38 148 8.12437
38 149 8.1374
38 150 8.20614
38 151 8.22392
38 152 8.23019
38 153 8.27969
38 154 8.29445
38 155 8.37629
38 156 8.45685
38 157 8.49585
38 158 8.49621
38 159 8.49702
38 160 8.50977
38 161 8.51024
38 162 8.53247
38 163 8.71195
38 164 8.76104
38 165 8.77619
38 166 8.8648
38 167 8.8748
38 168 8.90028
38 169 8.90605
38 170 8.97635
38 171 9.04738
38 172 9.05462
38 173 9.09294
38 174 9.14706
38 175 9.15786
38 176 9.19682
38 177 9.28536
38 178 9.39074
38 179 9.39269
38 180 9.48521
38 181 9.51571
38 182 9.51772
38 183 9.53496
38 184 9.53918
38 185 9.55495
38 186 9.57676
38 187 9.65531
38 188 9.69028
38 189 9.69028
38 190 9.7611
38 191 9.81146
38 192 9.82053
38 193 9.8658
38 194 10.0363
38 195 10.0534
38 196 10.237
38 197 10.5585
38 198 10.9147
38 199 11.0308
39 0 6.23157 1 10 11 24 17 3 16 14 26 8 9 6 28 13 25 5 27 29 19 33 2 21 23 22 32 30 7 4 20 12 34 15 18 31 1 
39 1 6.23157
39 2 6.25233
39 3 6.26238
39 4 6.27384
39 5 6.27384
39 6 6.27384
39 7 6.27678
39 8 6.27933
39 9 6.27933
39 10 6.27933
39 11 6.27933
39 12 6.27933
39 13 6.27933
39 14 6.27933
39 15 6.27933
39 16 6.27933
39 17 6.27933
39 18 6.27933
39 19 6.27933
39 20 6.27994
39 21 6.30447
39 22 6.31872
39 23 6.31872
39 24 6.31872
39 25 6.31872
39 26 6.31872
39 27 6.31872
39 28 6.31872
39 29 6.31872
39 30 6.31872
39 31 6.31872
39 32 6.31872
39 33 6.31872
39 34 6.31872
39 35 6.31872
39 36 6.32478
39 37 6.32478
39 38 6.36648
39 39 6.36648
39 40 6.36648
39 41 6.36648
39 42 6.36648
39 43 6.36648
39 44 6.36648
39 45 6.36648
39 46 6.36648
39 47 6.36648
39 48 6.36648
39 49 6.36648
39 50 6.36965
39 51 6.36965
39 52 6.36965
39 53 6.36965
39 54 6.36965
39 55 6.36965
39 56 6.36965
39 57 6.3702
39 58 6.40776
39 59 6.41741
39 60 6.41741
39 61 6.41741
39 62 6.41741
39 63 6.41741
39 64 6.41741
39 65 6.41741
39 66 6.41741
39 67 6.41741
39 68 6.41741
39 69 6.41741
39 70 6.41741
39 71 6.41741
39 72 6.41741
39 73 6.41741
39 74 6.45735
39 75 6.47448
39 76 6.5055
39 77 6.54255
39 78 6.54255
39 79 6.54255
39 80 6.54531
39 81 6.64103
39 82 6.64876
39 83 6.66416
39 84 6.67754
39 85 6.70642
39 86 6.70894
39 87 6.71824
39 88 6.7253
39 89 6.76477
39 90 6.76477
39 91 6.77979
39 92 6.78948
39 93 6.8778
39 94 6.8778
39 95 6.88252
39 96 6.89811
39 97 6.90699
39 98 6.91505
39 99 6.91921
39 100 6.93675
39 101 6.96659
39 102 6.97242
39 103 6.99389
39 104 6.99627
39 105 7.01928
39 106 7.04849
39 107 7.06292
39 108 7.06735
39 109 7.13254
39 110 7.20391
39 111 7.2181
39 112 7.23337
39 113 7.24038
39 114 7.2516
39 115 7.26649
39 116 7.27713
39 117 7.28182
39 118 7.28901
39 119 7.31369
39 120 7.31875
39 121 7.34718
39 122 7.37847
39 123 7.39446
39 124 7.39722
39 125 7.41018
39 126 7.42719
39 127 7.43851
39 128 7.45123
39 129 7.48862
39 130 7.5083
39 131 7.61672
39 132 7.63364
39 133 7.63945
39 134 7.65278
39 135 7.66262
39 136 7.66554
39 137 7.66843
39 138 7.70027
39 139 7.72409
39 140 7.73615
39 141 7.74395
39 142 7.76504
39 143 7.81033
39 144 7.81172
39 145 7.85432
39 146 7.86439
39 147 7.94258
39 148 8.00754
39 149 8.01917
39 150 8.01934
39 151 8.03734
39 152 8.04534
39 153 8.0649
39 154 8.06681
39 155 8.06861
39 156 8.1374
39 157 8.17844
39 158 8.18313
39 159 8.22505
39 160 8.26558
39 161 8.30983
39 162 8.3341
39 163 8.36586
39 164 8.39605
39 165 8.4103
39 166 8.45058
39 167 8.46118
39 168 8.48153
39 169 8.57973
39 170 8.69077
39 171 8.72126
39 172 8.84261
39 173 8.8748
39 174 8.8748
39 175 8.91296
39 176 8.98999
39 177 9.00505
39 178 9.01472
39 179 9.01891
39 180 9.04648
39 181 9.05
39 182 9.07936
39 183 9.1366
39 184 9.14517
39 185 9.16271
39 186 9.17239
39 187 9.28536
39 188 9.29297
39 189 9.32094
39 190 9.34267
39 191 9.47241
39 192 9.64574
39 193 9.69028
39 194 9.7611
39 195 9.97335
39 196 10.0588
39 197 10.0983
39 198 10.3682
39 199 12.0697
40 0 6.17148 1 10 11 24 9 3 16 17 14 26 8 6 28 13 25 5 27 29 19 33 2 21 23 22 32 30 7 4 20 31 18 15 34 12 1 
40 1 6.18669
40 2 6.18669
40 3 6.20457
40 4 6.22902
40 5 6.23157
40 6 6.23157
40 7 6.23157
40 8 6.23157
40 9 6.23157
40 10 6.23157
40 11 6.23157
40 12 6.23157
40 13 6.23157
40 14 6.23157
40 15 6.23157
40 16 6.23157
40 17 6.23157
40 18 6.23157
40 19 6.23157
40 20 6.23157
40 21 6.23157
40 22 6.23157
40 23 6.23157
40 24 6.23157
40 25 6.23157
40 26 6.23157
40 27 6.23157
40 28 6.23157
40 29 6.23157
40 30 6.23157
40 31 6.23157
40 32 6.2321
40 33 6.23465
40 34 6.25233
40 35 6.25233
40 36 6.25233
40 37 6.25233
40 38 6.25233
40 39 6.26238
40 40 6.27038
40 41 6.27384
40 42 6.27384
40 43 6.27384
40 44 6.27384
40 45 6.27384
40 46 6.27678
40 47 6.27739
40 48 6.27933
40 49 6.27933
40 50 6.27933
40 51 6.27933
40 52 6.27933
40 53 6.27933
40 54 6.27933
40 55 6.27933
40 56 6.27933
40 57 6.27933
40 58 6.27933
40 59 6.27933
40 60 6.27933
40 61 6.29138
40 62 6.30447
40 63 6.31014
40 64 6.31337
40 65 6.31337
40 66 6.31513
40 67 6.31872
40 68 6.31872
40 69 6.31872
40 70 6.31872
40 71 6.32478
40 72 6.34824
40 73 6.36648
40 74 6.36648
40 75 6.36648
40 76 6.36648
40 77 6.36648
40 78 6.36648
40 79 6.36648
40 80 6.36648
40 81 6.36648
40 82 6.36648
40 83 6.36648
40 84 6.36701
40 85 6.36965
40 86 6.3702
40 87 6.3702
40 88 6.38631
40 89 6.39465
40 90 6.39534
40 91 6.39967
40 92 6.40776
40 93 6.41741
40 94 6.41741
40 95 6.41741
40 96 6.41741
40 97 6.41741
40 98 6.41741
40 99 6.43176
40 100 6.44559
40 101 6.45774
40 102 6.48922
40 103 6.49984
40 104 6.52439
40 105 6.54255
40 106 6.58721
40 107 6.6209
40 108 6.62308
40 109 6.63195
40 110 6.64103
40 111 6.64103
40 112 6.64876
40 113 6.66416
40 114 6.72143
40 115 6.76477
40 116 6.76805
40 117 6.89347
40 118 6.89811
40 119 6.91921
40 120 6.93452
40 121 6.93675
40 122 6.96777
40 123 6.97242
40 124 6.99327
40 125 7.09265
40 126 7.12881
40 127 7.1315
40 128 7.15159
40 129 7.18244
40 130 7.2181
40 131 7.23135
40 132 7.29064
40 133 7.30215
40 134 7.31771
40 135 7.32471
40 136 7.34718
40 137 7.38785
40 138 7.39722
40 139 7.40595
40 140 7.43183
40 141 7.49899
40 142 7.62469
40 143 7.63607
40 144 7.63945
40 145 7.74955
40 146 7.76396
40 147 7.81244
40 148 7.85683
40 149 7.87172
40 150 7.91518
40 151 7.92872
40 152 7.96559
40 153 7.99181
40 154 8.04534
40 155 8.06681
40 156 8.09112
40 157 8.14862
40 158 8.26228
40 159 8.28644
40 160 8.35204
40 161 8.4103
40 162 8.45313
40 163 8.46617
40 164 8.49878
40 165 8.5167
40 166 8.51676
40 167 8.52781
40 168 8.64426
40 169 8.72126
40 170 8.7415
40 171 8.8318
40 172 8.88492
40 173 8.91192
40 174 8.91296
40 175 8.94535
40 176 8.9483
40 177 8.99252
40 178 8.99895
40 179 9.03174
40 180 9.05
40 181 9.06412
40 182 9.09116
40 183 9.0941
40 184 9.09658
40 185 9.1474
40 186 9.49891
40 187 9.52433
40 188 9.63374
40 189 9.65853
40 190 9.65879
40 191 9.6782
40 192 9.71235
40 193 9.95731
40 194 9.97335
40 195 10.0637
40 196 10.3092
40 197 10.3705
40 198 11.0793
40 199 12.7179
41 0 6.07885 1 10 11 24 9 3 16 17 14 26 8 6 28 13 25 5 27 29 19 33 2 21 23 22 32 30 7 4 20 12 34 15 31 18 1 
41 1 6.12104
41 2 6.12373
41 3 6.12373
41 4 6.12373
41 5 6.12373
41 6 6.12373
41 7 6.16164
41 8 6.17148
41 9 6.17148
41 10 6.17148
41 11 6.17148
41 12 6.17148
41 13 6.17148
41 14 6.17148
41 15 6.17148
41 16 6.17148
41 17 6.17148
41 18 6.17148
41 19 6.17148
41 20 6.17148
41 21 6.1721
41 22 6.17846
41 23 6.18669
41 24 6.18669
41 25 6.18669
41 26 6.18669
41 27 6.18669
41 28 6.18669
41 29 6.18669
41 30 6.18669
41 31 6.18669
41 32 6.18669
41 33 6.18669
41 34 6.18669
41 35 6.20457
41 36 6.20457
41 37 6.20457
41 38 6.20457
41 39 6.22902
41 40 6.23157
41 41 6.23157
41 42 6.23157
41 43 6.23157
41 44 6.23157
41 45 6.23157
41 46 6.23157
41 47 6.23157
41 48 6.23157
41 49 6.23157
41 50 6.23157
41 51 6.23157
41 52 6.23157
41 53 6.23157
41 54 6.23157
41 55 6.23157
41 56 6.23157
41 57 6.23157
41 58 6.23157
41 59 6.23157
41 60 6.2321
41 61 6.25233
41 62 6.25233
41 63 6.25233
41 64 6.26238
41 65 6.2672
41 66 6.27038
41 67 6.27384
41 68 6.27678
41 69 6.27678
41 70 6.27933
41 71 6.27933
41 72 6.27933
41 73 6.27933
41 74 6.27933
41 75 6.27933
41 76 6.27933
41 77 6.27933
41 78 6.27933
41 79 6.27933
41 80 6.27933
41 81 6.27933
41 82 6.27933
41 83 6.27933
41 84 6.28529
41 85 6.3166
41 86 6.31872
41 87 6.31872
41 88 6.31872
41 89 6.34137
41 90 6.34824
41 91 6.36648
41 92 6.36648
41 93 6.36648
41 94 6.36648
41 95 6.36648
41 96 6.3702
41 97 6.3702
41 98 6.38661
41 99 6.39967
41 100 6.40776
41 101 6.41741
41 102 6.41741
41 103 6.41741
41 104 6.43176
41 105 6.45774
41 106 6.48922
41 107 6.5055
41 108 6.51855
41 109 6.59248
41 110 6.63195
41 111 6.63785
41 112 6.66416
41 113 6.6666
41 114 6.69192
41 115 6.79589
41 116 6.80167
41 117 6.84204
41 118 6.88062
41 119 6.97114
41 120 6.97242
41 121 6.97242
41 122 6.99163
41 123 6.99993
41 124 7.0078
41 125 7.02227
41 126 7.07703
41 127 7.08362
41 128 7.09565
41 129 7.09762
41 130 7.10352
41 131 7.22408
41 132 7.2268
41 133 7.23062
41 134 7.2576
41 135 7.27934
41 136 7.38785
41 137 7.39722
41 138 7.40595
41 139 7.42376
41 140 7.51965
41 141 7.57201
41 142 7.60105
41 143 7.66338
41 144 7.70719
41 145 7.71488
41 146 7.77765
41 147 7.78167
41 148 7.79708
41 149 7.81288
41 150 7.86277
41 151 7.90458
41 152 7.92872
41 153 7.93883
41 154 7.99999
41 155 8.00633
41 156 8.00645
41 157 8.03728
41 158 8.03949
41 159 8.04562
41 160 8.05467
41 161 8.06757
41 162 8.11953
41 163 8.13619
41 164 8.19055
41 165 8.21967
41 166 8.35832
41 167 8.39825
41 168 8.40843
41 169 8.43651
41 170 8.52781
41 171 8.75866
41 172 8.82039
41 173 8.87935
41 174 8.90932
41 175 8.91192
41 176 8.9505
41 177 8.95073
41 178 9.02974
41 179 9.05
41 180 9.09246
41 181 9.09658
41 182 9.15444
41 183 9.1562
41 184 9.21417
41 185 9.33878
41 186 9.40871
41 187 9.45025
41 188 9.45118
41 189 9.4924
41 190 9.50175
41 191 9.50478
41 192 9.55022
41 193 9.64484
41 194 9.71235
41 195 9.80981
41 196 9.9542
41 197 10.8055
41 198 11.2236
41 199 11.373
42 0 6.07885 1 10 11 24 9 3 16 17 14 26 8 6 28 13 25 5 27 29 19 33 2 21 23 22 32 30 7 4 20 12 34 15 31 18 1 
42 1 6.07885
42 2 6.07885
42 3 6.07885
42 4 6.07885
42 5 6.07885
42 6 6.07885
42 7 6.07885
42 8 6.07885
42 9 6.07885
42 10 6.07885
42 11 6.07885
42 12 6.07885
42 13 6.07885
42 14 6.07885
42 15 6.07885
42 16 6.07885
42 17 6.07885
42 18 6.07885
42 19 6.07885
42 20 6.07885
42 21 6.07885
42 22 6.07885
42 23 6.07885
42 24 6.07885
42 25 6.07885
42 26 6.07885
42 27 6.07885
42 28 6.07885
42 29 6.12104
42 30 6.12104
42 31 6.12104
42 32 6.12373
42 33 6.12373
42 34 6.12373
42 35 6.12373
42 36 6.12373
42 37 6.12373
42 38 6.12373
42 39 6.12373
42 40 6.12373
42 41 6.12373
42 42 6.12373
42 43 6.12373
42 44 6.12373
42 45 6.12373
42 46 6.12373
42 47 6.15325
42 48 6.16164
42 49 6.1642
42 50 6.16592
42 51 6.17148
42 52 6.17148
42 53 6.17148
42 54 6.17148
42 55 6.17148
42 56 6.17148
42 57 6.17148
42 58 6.17148
42 59 6.17148
42 60 6.17148
42 61 6.17148
42 62 6.1721
42 63 6.18669
42 64 6.18669
42 65 6.18669
42 66 6.18669
42 67 6.18669
42 68 6.18669
42 69 6.18669
42 70 6.20457
42 71 6.20457
42 72 6.20457
42 73 6.21622
42 74 6.22902
42 75 6.23157
42 76 6.23157
42 77 6.23157
42 78 6.23157
42 79 6.23157
42 80 6.23157
42 81 6.23157
42 82 6.23157
42 83 6.23157
42 84 6.23157
42 85 6.25233
42 86 6.26053
42 87 6.26235
42 88 6.26238
42 89 6.26238
42 90 6.2672
42 91 6.27933
42 92 6.27933
42 93 6.27933
42 94 6.27933
42 95 6.27933
42 96 6.27933
42 97 6.27933
42 98 6.31351
42 99 6.31872
42 100 6.33855
42 101 6.38138
42 102 6.38161
42 103 6.40629
42 104 6.4182
42 105 6.4182
42 106 6.43176
42 107 6.48498
42 108 6.5056
42 109 6.59783
42 110 6.61409
42 111 6.66416
42 112 6.66416
42 113 6.72309
42 114 6.75101
42 115 6.81191
42 116 6.81316
42 117 6.87032
42 118 6.9067
42 119 6.91079
42 120 6.93287
42 121 6.94398
42 122 6.95835
42 123 6.97242
42 124 7.00328
42 125 7.02227
42 126 7.03765
42 127 7.07703
42 128 7.12455
42 129 7.13482
42 130 7.13983
42 131 7.18902
42 132 7.19308
42 133 7.22896
42 134 7.24005
42 135 7.24837
42 136 7.26869
42 137 7.36053
42 138 7.39405
42 139 7.3946
42 140 7.39722
42 141 7.40004
42 142 7.44556
42 143 7.48074
42 144 7.50132
42 145 7.52208
42 146 7.52697
42 147 7.6142
42 148 7.62596
42 149 7.66523
42 150 7.70719
42 151 7.70719
42 152 7.71534
42 153 7.74438
42 154 7.77655
42 155 7.81288
42 156 7.8528
42 157 7.8601
42 158 7.88177
42 159 7.89196
42 160 7.89885
42 161 7.94626
42 162 8.02232
42 163 8.03949
42 164 8.09935
42 165 8.09979
42 166 8.18951
42 167 8.19882
42 168 8.29039
42 169 8.34487
42 170 8.37095
42 171 8.43092
42 172 8.43953
42 173 8.4528
42 174 8.47202
42 175 8.57571
42 176 8.61145
42 177 8.6387
42 178 8.65015
42 179 8.69164
42 180 8.71102
42 181 8.72305
42 182 8.78687
42 183 8.87506
42 184 8.94172
42 185 8.99853
42 186 9.05
42 187 9.05748
42 188 9.15444
42 189 9.21417
42 190 9.25693
42 191 9.34465
42 192 9.55131
42 193 9.64935
42 194 9.76301
42 195 9.81963
42 196 9.88763
42 197 9.92445
42 198 10.2399
42 199 10.2595
43 0 6.07885 1 10 11 24 9 3 16 17 14 26 8 6 28 13 25 5 27 29 19 33 2 21 23 22 32 30 7 4 20 12 34 15 31 18 1 
43 1 6.07885
43 2 6.07885
43 3 6.07885
43 4 6.07885
43 5 6.07885
43 6 6.07885
43 7 6.07885
43 8 6.07885
43 9 6.07885
43 10 6.07885
43 11 6.07885
43 12 6.07885
43 13 6.07885
43 14 6.07885
43 15 6.07885
43 16 6.07885
43 17 6.07885
43 18 6.07885
43 19 6.07885
43 20 6.07885
43 21 6.07885
43 22 6.07885
43 23 6.07885
43 24 6.07885
43 25 6.07885
43 26 6.07885
43 27 6.07885
43 28 6.07885
43 29 6.07885
43 30 6.07885
43 31 6.07885
43 32 6.07885
43 33 6.07885
43 34 6.07885
43 35 6.07885
43 36 6.07885
43 37 6.07885
43 38 6.07885
43 39 6.07885
43 40 6.07885
43 41 6.07885
43 42 6.07885
43 43 6.07885
43 44 6.07885
43 45 6.07885
43 46 6.07885
43 47 6.07885
43 48 6.07885
43 49 6.07885
43 50 6.07885
43 51 6.07885
43 52 6.07885
43 53 6.07915
43 54 6.07915
43 55 6.08659
43 56 6.11676
43 57 6.12104
43 58 6.12104
43 59 6.12104
43 60 6.12373
43 61 6.12373
43 62 6.12373
43 63 6.12373
43 64 6.12373
43 65 6.12373
43 66 6.12373
43 67 6.12373
43 68 6.12373
43 69 6.12373
43 70 6.12373
43 71 6.12373
43 72 6.12373
43 73 6.12373
43 74 6.12373
43 75 6.12373
43 76 6.12373
43 77 6.12373
43 78 6.12373
43 79 6.12373
43 80 6.12689
43 81 6.15969
43 82 6.16592
43 83 6.17148
43 84 6.17148
43 85 6.17148
43 86 6.17148
43 87 6.17148
43 88 6.17148
43 89 6.17148
43 90 6.17148
43 91 6.17148
43 92 6.18669
43 93 6.18669
43 94 6.18669
43 95 6.18669
43 96 6.18669
43 97 6.18669
43 98 6.18669
43 99 6.21684
43 100 6.21944
43 101 6.22902
43 102 6.23157
43 103 6.26053
43 104 6.26053
43 105 6.27933
43 106 6.27933
43 107 6.27933
43 108 6.27933
43 109 6.27933
43 110 6.29367
43 111 6.31366
43 112 6.33855
43 113 6.33855
43 114 6.37601
43 115 6.38138
43 116 6.38138
43 117 6.38161
43 118 6.42591
43 119 6.45753
43 120 6.46925
43 121 6.51523
43 122 6.55928
43 123 6.57804
43 124 6.58708
43 125 6.59282
43 126 6.60507
43 127 6.6166
43 128 6.67933
43 129 6.72645
43 130 6.77097
43 131 6.77671
43 132 6.78972
43 133 6.79887
43 134 6.82477
43 135 6.87627
43 136 6.91296
43 137 6.91717
43 138 7.07686
43 139 7.08009
43 140 7.09448
43 141 7.11493
43 142 7.13482
43 143 7.22812
43 144 7.30914
43 145 7.36053
43 146 7.48809
43 147 7.52697
43 148 7.56146
43 149 7.58892
43 150 7.59479
43 151 7.59579
43 152 7.6142
43 153 7.61747
43 154 7.6186
43 155 7.62596
43 156 7.65631
43 157 7.67894
43 158 7.70024
43 159 7.70464
43 160 7.77655
43 161 7.77655
43 162 7.8528
43 163 7.8528
43 164 7.91114
43 165 7.9152
43 166 7.94384
43 167 7.94591
43 168 8.00895
43 169 8.02675
43 170 8.03448
43 171 8.27571
43 172 8.33567
43 173 8.33924
43 174 8.36016
43 175 8.37095
43 176 8.37096
43 177 8.40758
43 178 8.4528
43 179 8.47202
43 180 8.52747
43 181 8.53757
43 182 8.69164
43 183 8.72305
43 184 8.89068
43 185 8.90053
43 186 8.92186
43 187 9.01975
43 188 9.0806
43 189 9.09511
43 190 9.13794
43 191 9.15334
43 192 9.34465
43 193 9.48632
43 194 9.55131
43 195 9.55131
43 196 9.60944
43 197 9.98509
43 198 10.258
43 199 10.524
44 0 6.07885 1 10 11 24 9 3 16 17 14 26 8 6 28 13 25 5 27 29 19 33 2 21 23 22 32 30 7 4 20 12 34 15 31 18 1 
44 1 6.07885
44 2 6.07885
44 3 6.07885
44 4 6.07885
44 5 6.07885
44 6 6.07885
44 7 6.07885
44 8 6.07885
44 9 6.07885
44 10 6.07885
44 11 6.07885
44 12 6.07885
44 13 6.07885
44 14 6.07885
44 15 6.07885
44 16 6.07885
44 17 6.07885
44 18 6.07885
44 19 6.07885
44 20 6.07885
44 21 6.07885
44 22 6.07885
44 23 6.07885
44 24 6.07885
44 25 6.07885
44 26 6.07885
44 27 6.07885
44 28 6.07885
44 29 6.07885
44 30 6.07885
44 31 6.07885
44 32 6.07885
44 33 6.07885
44 34 6.07885
44 35 6.07885
44 36 6.07885
44 37 6.07885
44 38 6.07885
44 39 6.07885
44 40 6.07885
44 41 6.07885
44 42 6.07885
44 43 6.07885
44 44 6.07885
44 45 6.07885
44 46 6.07885
44 47 6.07885
44 48 6.07885
44 49 6.07885
44 50 6.07885
44 51 6.07885
44 52 6.07885
44 53 6.07885
44 54 6.07885
44 55 6.07885
44 56 6.07885
44 57 6.07885
44 58 6.07885
44 59 6.07885
44 60 6.07885
44 61 6.07885
44 62 6.07885
44 63 6.07885
44 64 6.07885
44 65 6.07885
44 66 6.07885
44 67 6.07885
44 68 6.07885
44 69 6.07885
44 70 6.07885
44 71 6.07885
44 72 6.07885
44 73 6.07885
44 74 6.07885
44 75 6.07915
44 76 6.08659
44 77 6.12104
44 78 6.12373
44 79 6.12373
44 80 6.12373
44 81 6.12373
44 82 6.12373
44 83 6.12373
44 84 6.12373
44 85 6.12373
44 86 6.12373
44 87 6.12373
44 88 6.17148
44 89 6.17148
44 90 6.17148
44 91 6.17148
44 92 6.17148
44 93 6.17148
44 94 6.17148
44 95 6.17148
44 96 6.17148
44 97 6.17148
44 98 6.17456
44 99 6.18669
44 100 6.18669
44 101 6.18669
44 102 6.18669
44 103 6.18669
44 104 6.21944
44 105 6.26235
44 106 6.27859
44 107 6.30818
44 108 6.31456
44 109 6.37601
44 110 6.42335
44 111 6.42945
44 112 6.45753
44 113 6.45972
44 114 6.52717
44 115 6.56962
44 116 6.58708
44 117 6.60272
44 118 6.64159
44 119 6.68577
44 120 6.76088
44 121 6.82477
44 122 6.82683
44 123 6.84758
44 124 6.90015
44 125 6.91296
44 126 6.91717
44 127 6.96898
44 128 7.04291
44 129 7.0589
44 130 7.07664
44 131 7.08009
44 132 7.0933
44 133 7.13482
44 134 7.13482
44 135 7.17284
44 136 7.2456
44 137 7.26627
44 138 7.36936
44 139 7.37412
44 140 7.37866
44 141 7.41854
44 142 7.43871
44 143 7.45001
44 144 7.47917
44 145 7.58892
44 146 7.60295
44 147 7.61554
44 148 7.63211
44 149 7.64711
44 150 7.80448
44 151 7.81317
44 152 7.85345
44 153 7.86083
44 154 7.8707
44 155 7.95348
44 156 7.95832
44 157 8.00895
44 158 8.02844
44 159 8.03968
44 160 8.04975
44 161 8.07547
44 162 8.08885
44 163 8.1104
44 164 8.12692
44 165 8.30824
44 166 8.32731
44 167 8.33254
44 168 8.40758
44 169 8.43661
44 170 8.4528
44 171 8.5627
44 172 8.60386
44 173 8.7022
44 174 8.72305
44 175 8.75915
44 176 8.77145
44 177 8.82626
44 178 8.82682
44 179 8.86267
44 180 8.92186
44 181 9.15334
44 182 9.35392
44 183 9.46608
44 184 9.48632
44 185 9.48971
44 186 9.49642
44 187 9.56524
44 188 9.73058
44 189 9.76177
44 190 9.94471
44 191 10.0182
44 192 10.1853
44 193 10.371
44 194 10.3729
44 195 10.3952
44 196 10.524
44 197 10.524
44 198 10.6403
44 199 10.8183
45 0 5.88521 1 10 11 24 9 3 16 17 14 26 8 6 28 13 25 5 27 29 19 33 2 21 22 23 32 30 7 4 20 12 34 15 31 18 1 
45 1 5.96071
45 2 6.07885
45 3 6.07885
45 4 6.07885
45 5 6.07885
45 6 6.07885
45 7 6.07885
45 8 6.07885
45 9 6.07885
45 10 6.07885
45 11 6.07885
45 12 6.07885
45 13 6.07885
45 14 6.07885
45 15 6.07885
45 16 6.07885
45 17 6.07885
45 18 6.07885
45 19 6.07885
45 20 6.07885
45 21 6.07885
45 22 6.07885
45 23 6.07885
45 24 6.07885
45 25 6.07885
45 26 6.07885
45 27 6.07885
45 28 6.07885
45 29 6.07885
45 30 6.07885
45 31 6.07885
45 32 6.07885
45 33 6.07885
45 34 6.07885
45 35 6.07885
45 36 6.07885
45 37 6.07885
45 38 6.07885
45 39 6.07885
45 40 6.07885
45 41 6.07885
45 42 6.07885
45 43 6.07885
45 44 6.07885
45 45 6.07885
45 46 6.07885
45 47 6.07885
45 48 6.07885
45 49 6.07885
45 50 6.07885
45 51 6.07885
45 52 6.07885
45 53 6.07885
45 54 6.07885
45 55 6.07885
45 56 6.07885
45 57 6.07885
45 58 6.07885
45 59 6.07885
45 60 6.07885
45 61 6.07885
45 62 6.07885
45 63 6.07885
45 64 6.07885
45 65 6.07885
45 66 6.07885
45 67 6.07885
45 68 6.07885
45 69 6.07885
45 70 6.07885
45 71 6.07885
45 72 6.07885
45 73 6.07885
45 74 6.07885
45 75 6.07885
45 76 6.07885
45 77 6.07885
45 78 6.07885
45 79 6.07885
45 80 6.07885
45 81 6.07885
45 82 6.07885
45 83 6.07885
45 84 6.07885
45 85 6.07885
45 86 6.07885
45 87 6.07885
45 88 6.07885
45 89 6.07885
45 90 6.07885
45 91 6.07885
45 92 6.07885
45 93 6.07885
45 94 6.07885
45 95 6.07885
45 96 6.07885
45 97 6.08691
45 98 6.12373
45 99 6.12373
45 100 6.12373
45 101 6.12373
45 102 6.16673
45 103 6.17148
45 104 6.18669
45 105 6.20582
45 106 6.20582
45 107 6.26235
45 108 6.27876
45 109 6.33225
45 110 6.35943
45 111 6.37601
45 112 6.37897
45 113 6.40446
45 114 6.42111
45 115 6.42591
45 116 6.44283
45 117 6.45753
45 118 6.45753
45 119 6.48498
45 120 6.51907
45 121 6.59234
45 122 6.60272
45 123 6.61335
45 124 6.62105
45 125 6.63014
45 126 6.66173
45 127 6.7165
45 128 6.72782
45 129 6.76577
45 130 6.89562
45 131 6.9241
45 132 6.97224
45 133 6.97671
45 134 6.99857
45 135 7.02926
45 136 7.03747
45 137 7.11914
45 138 7.13832
45 139 7.27061
45 140 7.27854
45 141 7.43073
45 142 7.43358
45 143 7.43442
45 144 7.46054
45 145 7.47009
45 146 7.49654
45 147 7.53594
45 148 7.53959
45 149 7.62306
45 150 7.69485
45 151 7.85345
45 152 7.8888
45 153 7.92761
45 154 7.93442
45 155 7.95669
45 156 8.00895
45 157 8.02768
45 158 8.05799
45 159 8.07082
45 160 8.09375
45 161 8.13576
45 162 8.15627
45 163 8.20106
45 164 8.2196
45 165 8.23265
45 166 8.25045
45 167 8.30212
45 168 8.30678
45 169 8.30824
45 170 8.31731
45 171 8.32923
45 172 8.39507
45 173 8.46408
45 174 8.48616
45 175 8.53701
45 176 8.60996
45 177 8.65732
45 178 8.66873
45 179 8.72355
45 180 8.75438
45 181 8.799
45 182 8.8052
45 183 8.81812
45 184 8.95584
45 185 8.99406
45 186 9.15334
45 187 9.16999
45 188 9.28386
45 189 9.39208
45 190 9.41637
45 191 9.46182
45 192 9.50005
45 193 9.54657
45 194 9.79889
45 195 9.95921
45 196 9.97946
45 197 10.0172
45 198 10.8419
45 199 11.1816
46 0 5.76708 1 10 11 24 8 26 14 17 16 3 9 6 28 13 25 5 27 29 19 33 2 21 22 23 32 30 7 4 20 12 34 15 31 18 1 
46 1 5.76708
46 2 5.88521
46 3 5.88521
46 4 5.88521
46 5 5.88521
46 6 5.88521
46 7 5.88521
46 8 5.88521
46 9 5.88521
46 10 5.88521
46 11 5.88521
46 12 5.88521
46 13 5.88521
46 14 5.88521
46 15 5.88521
46 16 5.88521
46 17 5.88521
46 18 5.88521
46 19 5.94511
46 20 5.96071
46 21 5.96071
46 22 5.96071
46 23 5.97309
46 24 6.06807
46 25 6.07885
46 26 6.07885
46 27 6.07885
46 28 6.07885
46 29 6.07885
46 30 6.07885
46 31 6.07885
46 32 6.07885
46 33 6.07885
46 34 6.07885
46 35 6.07885
46 36 6.07885
46 37 6.07885
46 38 6.07885
46 39 6.07885
46 40 6.07885
46 41 6.07885
46 42 6.07885
46 43 6.07885
46 44 6.07885
46 45 6.07885
46 46 6.07885
46 47 6.07885
46 48 6.07885
46 49 6.07885
46 50 6.07885
46 51 6.07885
46 52 6.07885
46 53 6.07885
46 54 6.07885
46 55 6.07885
46 56 6.07885
46 57 6.07885
46 58 6.07885
46 59 6.07885
46 60 6.07885
46 61 6.07885
46 62 6.07885
46 63 6.07885
46 64 6.07885
46 65 6.07885
46 66 6.07885
46 67 6.07885
46 68 6.07885
46 69 6.07885
46 70 6.07885
46 71 6.07885
46 72 6.07885
46 73 6.07885
46 74 6.07885
46 75 6.07885
46 76 6.07885
46 77 6.07885
46 78 6.07885
46 79 6.07885
46 80 6.07885
46 81 6.07885
46 82 6.07885
46 83 6.07885
46 84 6.07885
46 85 6.07885
46 86 6.07885
46 87 6.07885
46 88 6.07885
46 89 6.07885
46 90 6.07885
46 91 6.07885
46 92 6.07885
46 93 6.07885
46 94 6.07885
46 95 6.07885
46 96 6.07885
46 97 6.07885
46 98 6.11983
46 99 6.12373
46 100 6.12373
46 101 6.13801
46 102 6.30145
46 103 6.37601
46 104 6.37601
46 105 6.37897
46 106 6.39642
46 107 6.45753
46 108 6.48498
46 109 6.48498
46 110 6.53503
46 111 6.56492
46 112 6.57055
46 113 6.572
46 114 6.58182
46 115 6.61335
46 116 6.61468
46 117 6.62105
46 118 6.62711
46 119 6.63014
46 120 6.63131
46 121 6.7165
46 122 6.76577
46 123 6.83214
46 124 6.84468
46 125 6.88045
46 126 6.88982
46 127 6.88982
46 128 6.89095
46 129 6.9355
46 130 6.94871
46 131 6.95923
46 132 7.00632
46 133 7.02926
46 134 7.04201
46 135 7.1733
46 136 7.26318
46 137 7.27368
46 138 7.30904
46 139 7.31019
46 140 7.38227
46 141 7.41761
46 142 7.43369
46 143 7.46345
46 144 7.46376
46 145 7.47009
46 146 7.53692
46 147 7.54512
46 148 7.67758
46 149 7.78509
46 150 7.81231
46 151 7.81938
46 152 7.82537
46 153 7.85233
46 154 7.85782
46 155 8.03098
46 156 8.08072
46 157 8.09219
46 158 8.11381
46 159 8.13478
46 160 8.14647
46 161 8.16092
46 162 8.16772
46 163 8.19864
46 164 8.20106
46 165 8.2146
46 166 8.21796
46 167 8.23265
46 168 8.27387
46 169 8.29431
46 170 8.31035
46 171 8.31923
46 172 8.32916
46 173 8.39418
46 174 8.47897
46 175 8.48881
46 176 8.51665
46 177 8.59994
46 178 8.60996
46 179 8.6373
46 180 8.6389
46 181 8.67059
46 182 8.79889
46 183 8.81812
46 184 9.01595
46 185 9.04417
46 186 9.18215
46 187 9.36815
46 188 9.39208
46 189 9.40277
46 190 9.47023
46 191 9.54038
46 192 9.55769
46 193 9.60549
46 194 9.81747
46 195 9.95921
46 196 9.97946
46 197 10.1914
46 198 11.2861
46 199 11.4726
47 0 5.63717 1 10 11 24 8 26 9 3 16 17 14 6 28 13 25 5 27 29 19 33 2 21 22 23 32 30 7 4 20 12 34 15 31 18 1 
47 1 5.63717
47 2 5.75148
47 3 5.76708
47 4 5.76708
47 5 5.76708
47 6 5.76708
47 7 5.76708
47 8 5.76708
47 9 5.76708
47 10 5.76708
47 11 5.76708
47 12 5.76708
47 13 5.76708
47 14 5.76708
47 15 5.76708
47 16 5.76708
47 17 5.76708
47 18 5.76708
47 19 5.76708
47 20 5.76708
47 21 5.88521
47 22 5.88521
47 23 5.88521
47 24 5.88521
47 25 5.88521
47 26 5.88521
47 27 5.88521
47 28 5.88521
47 29 5.88521
47 30 5.88521
47 31 5.88521
47 32 5.88521
47 33 5.88521
47 34 5.88521
47 35 5.88521
47 36 5.88521
47 37 5.88521
47 38 5.88521
47 39 5.88521
47 40 5.88521
47 41 5.88521
47 42 5.88521
47 43 5.88521
47 44 5.88521
47 45 5.88521
47 46 5.9234
47 47 5.93009
47 48 5.94015
47 49 5.94248
47 50 5.94511
47 51 5.96071
47 52 5.96071
47 53 5.96071
47 54 5.96071
47 55 5.96071
47 56 5.96071
47 57 6.02597
47 58 6.06527
47 59 6.06807
47 60 6.0736
47 61 6.07885
47 62 6.07885
47 63 6.07885
47 64 6.07885
47 65 6.07885
47 66 6.07885
47 67 6.07885
47 68 6.07885
47 69 6.07885
47 70 6.07885
47 71 6.07885
47 72 6.07885
47 73 6.07885
47 74 6.07885
47 75 6.07885
47 76 6.07885
47 77 6.07885
47 78 6.07885
47 79 6.07885
47 80 6.07885
47 81 6.07885
47 82 6.07885
47 83 6.07885
47 84 6.07885
47 85 6.07885
47 86 6.07885
47 87 6.07885
47 88 6.07885
47 89 6.10226
47 90 6.11755
47 91 6.11755
47 92 6.12088
47 93 6.1231
47 94 6.12373
47 95 6.15789
47 96 6.1741
47 97 6.18237
47 98 6.19694
47 99 6.25787
47 100 6.31119
47 101 6.36242
47 102 6.37601
47 103 6.37601
47 104 6.38161
47 105 6.42111
47 106 6.45387
47 107 6.46443
47 108 6.48474
47 109 6.53503
47 110 6.54607
47 111 6.56413
47 112 6.56926
47 113 6.57055
47 114 6.57055
47 115 6.73968
47 116 6.74721
47 117 6.8484
47 118 6.86159
47 119 6.88045
47 120 6.91101
47 121 6.91423
47 122 6.92574
47 123 6.95923
47 124 7.03893
47 125 7.04125
47 126 7.04478
47 127 7.06613
47 128 7.07778
47 129 7.085
47 130 7.1307
47 131 7.16521
47 132 7.18149
47 133 7.24876
47 134 7.27013
47 135 7.29066
47 136 7.29162
47 137 7.30304
47 138 7.30904
47 139 7.35785
47 140 7.38227
47 141 7.38371
47 142 7.48346
47 143 7.52156
47 144 7.57576
47 145 7.62849
47 146 7.63789
47 147 7.64414
47 148 7.64858
47 149 7.6698
47 150 7.67485
47 151 7.70426
47 152 7.75896
47 153 7.77707
47 154 7.79325
47 155 7.80412
47 156 7.81231
47 157 7.81523
47 158 7.85233
47 159 7.86202
47 160 7.92824
47 161 7.94201
47 162 8.11456
47 163 8.12544
47 164 8.18177
47 165 8.30662
47 166 8.32916
47 167 8.33965
47 168 8.42124
47 169 8.52151
47 170 8.52427
47 171 8.55137
47 172 8.59177
47 173 8.62112
47 174 8.63129
47 175 8.65976
47 176 8.67684
47 177 8.71094
47 178 8.79063
47 179 8.92275
47 180 8.94651
47 181 9.03815
47 182 9.12513
47 183 9.34558
47 184 9.36693
47 185 9.39174
47 186 9.42269
47 187 9.42432
47 188 9.58799
47 189 9.60549
47 190 9.76056
47 191 9.81747
47 192 9.98795
47 193 10.0476
47 194 10.2189
47 195 10.2826
47 196 10.683
47 197 10.7556
47 198 11.8031
47 199 12.5254
48 0 5.63717 1 10 11 24 8 26 9 3 16 17 14 6 28 13 25 5 27 29 19 33 2 21 22 23 32 30 7 4 20 12 34 15 31 18 1 
48 1 5.63717
48 2 5.63717
48 3 5.63717
48 4 5.63717
48 5 5.63717
48 6 5.63717
48 7 5.63717
48 8 5.63717
48 9 5.63717
48 10 5.63717
48 11 5.63717
48 12 5.63717
48 13 5.63717
48 14 5.63717
48 15 5.63747
48 16 5.75148
48 17 5.76708
48 18 5.76708
48 19 5.76708
48 20 5.76708
48 21 5.76708
48 22 5.76708
48 23 5.76708
48 24 5.76708
48 25 5.76708
48 26 5.76708
48 27 5.76708
48 28 5.76708
48 29 5.76708
48 30 5.76708
48 31 5.76708
48 32 5.76708
48 33 5.76708
48 34 5.76708
48 35 5.76708
48 36 5.76708
48 37 5.76708
48 38 5.76708
48 39 5.76708
48 40 5.76708
48 41 5.76708
48 42 5.76708
48 43 5.76708
48 44 5.76708
48 45 5.76708
48 46 5.76708
48 47 5.80527
48 48 5.80527
48 49 5.80635
48 50 5.8308
48 51 5.8308
48 52 5.83751
48 53 5.86073
48 54 5.88521
48 55 5.88521
48 56 5.88521
48 57 5.88521
48 58 5.88521
48 59 5.88521
48 60 5.88521
48 61 5.88521
48 62 5.88521
48 63 5.88521
48 64 5.88521
48 65 5.88521
48 66 5.88521
48 67 5.88521
48 68 5.88521
48 69 5.88521
48 70 5.88521
48 71 5.88521
48 72 5.9234
48 73 5.94248
48 74 5.94248
48 75 5.96071
48 76 5.96071
48 77 6.03588
48 78 6.06527
48 79 6.07885
48 80 6.07885
48 81 6.07885
48 82 6.07885
48 83 6.07885
48 84 6.07885
48 85 6.07885
48 86 6.07885
48 87 6.07885
48 88 6.07885
48 89 6.07885
48 90 6.11271
48 91 6.1501
48 92 6.1585
48 93 6.2193
48 94 6.2193
48 95 6.25787
48 96 6.2872
48 97 6.30818
48 98 6.32717
48 99 6.36242
48 100 6.37601
48 101 6.37601
48 102 6.48474
48 103 6.55646
48 104 6.57055
48 105 6.57055
48 106 6.59946
48 107 6.63579
48 108 6.68108
48 109 6.69855
48 110 6.84161
48 111 6.85741
48 112 6.86833
48 113 6.90098
48 114 6.95055
48 115 6.95435
48 116 6.9938
48 117 6.99413
48 118 7.06613
48 119 7.13942
48 120 7.16521
48 121 7.18149
48 122 7.1909
48 123 7.1939
48 124 7.21386
48 125 7.24498
48 126 7.25359
48 127 7.26538
48 128 7.29045
48 129 7.29252
48 130 7.32378
48 131 7.3415
48 132 7.35564
48 133 7.35645
48 134 7.38371
48 135 7.44039
48 136 7.44912
48 137 7.49779
48 138 7.51732
48 139 7.52808
48 140 7.5629
48 141 7.57576
48 142 7.59514
48 143 7.62557
48 144 7.63789
48 145 7.64936
48 146 7.70426
48 147 7.73204
48 148 7.73248
48 149 7.74374
48 150 7.7826
48 151 7.78914
48 152 7.79593
48 153 7.81379
48 154 7.82495
48 155 7.87739
48 156 7.89383
48 157 7.91921
48 158 7.95637
48 159 7.97296
48 160 8.00398
48 161 8.01652
48 162 8.01664
48 163 8.02362
48 164 8.11605
48 165 8.24375
48 166 8.34243
48 167 8.34584
48 168 8.35868
48 169 8.37353
48 170 8.4567
48 171 8.53092
48 172 8.53915
48 173 8.54144
48 174 8.5471
48 175 8.55027
48 176 8.75778
48 177 8.79447
48 178 8.84894
48 179 8.86087
48 180 8.94493
48 181 9.08898
48 182 9.10255
48 183 9.19058
48 184 9.22655
48 185 9.23097
48 186 9.50449
48 187 9.58799
48 188 9.72432
48 189 9.73876
48 190 9.75973
48 191 9.76919
48 192 9.93197
48 193 10.1327
48 194 10.4191
48 195 10.7556
48 196 10.9834
48 197 11.118
48 198 11.4451
48 199 11.7941
49 0 5.63717 1 10 11 24 8 26 9 3 16 17 14 6 28 13 25 5 27 29 19 33 2 21 22 23 32 30 7 4 20 12 34 15 31 18 1 
49 1 5.63717
49 2 5.63717
49 3 5.63717
49 4 5.63717
49 5 5.63717
49 6 5.63717
49 7 5.63717
49 8 5.63717
49 9 5.63717
49 10 5.63717
49 11 5.63717
49 12 5.63717
49 13 5.63717
49 14 5.63717
49 15 5.63717
49 16 5.63717
49 17 5.63717
49 18 5.63717
49 19 5.63717
49 20 5.63717
49 21 5.63717
49 22 5.63717
49 23 5.63717
49 24 5.63717
49 25 5.63717
49 26 5.63717
49 27 5.63717
49 28 5.63717
49 29 5.63717
49 30 5.63717
49 31 5.63717
49 32 5.63717
49 33 5.63717
49 34 5.63717
49 35 5.63717
49 36 5.63717
49 37 5.63717
49 38 5.63717
49 39 5.63717
49 40 5.63717
49 41 5.63717
49 42 5.63717
49 43 5.63717
49 44 5.63717
49 45 5.63717
49 46 5.63717
49 47 5.63717
49 48 5.63717
49 49 5.63717
49 50 5.63717
49 51 5.63717
49 52 5.63747
49 53 5.63747
49 54 5.67536
49 55 5.67536
49 56 5.72292
49 57 5.75148
49 58 5.75148
49 59 5.76708
49 60 5.76708
49 61 5.76708
49 62 5.76708
49 63 5.76708
49 64 5.76708
49 65 5.76708
49 66 5.76708
49 67 5.76708
49 68 5.76708
49 69 5.76708
49 70 5.76708
49 71 5.76708
49 72 5.76708
49 73 5.76708
49 74 5.76708
49 75 5.76708
49 76 5.79996
49 77 5.80527
49 78 5.8308
49 79 5.8308
49 80 5.85103
49 81 5.88521
49 82 5.88521
49 83 5.88521
49 84 5.88521
49 85 5.88521
49 86 5.88521
49 87 5.88521
49 88 5.88521
49 89 5.88521
49 90 5.88521
49 91 5.88521
49 92 5.88521
49 93 5.90328
49 94 5.90862
49 95 5.93993
49 96 5.96071
49 97 6.0155
49 98 6.03588
49 99 6.06527
49 100 6.06527
49 101 6.07885
49 102 6.07885
49 103 6.07885
49 104 6.10099
49 105 6.11755
49 106 6.33024
49 107 6.34109
49 108 6.39684
49 109 6.4302
49 110 6.45708
49 111 6.46549
49 112 6.4852
49 113 6.49269
49 114 6.54688
49 115 6.57055
49 116 6.57055
49 117 6.57055
49 118 6.59071
49 119 6.64365
49 120 6.66062
49 121 6.66149
49 122 6.69855
49 123 6.69855
49 124 6.70762
49 125 6.72491
49 126 6.72901
49 127 6.78762
49 128 6.82234
49 129 6.82837
49 130 6.88136
49 131 6.9312
49 132 6.95435
49 133 6.99413
49 134 6.99413
49 135 7.00274
49 136 7.01099
49 137 7.06613
49 138 7.06613
49 139 7.13832
49 140 7.1475
49 141 7.1909
49 142 7.21386
49 143 7.23795
49 144 7.29534
49 145 7.33553
49 146 7.43037
49 147 7.45245
49 148 7.4738
49 149 7.47909
49 150 7.49779
49 151 7.52351
49 152 7.52461
49 153 7.52508
49 154 7.54079
49 155 7.54664
49 156 7.57792
49 157 7.62089
49 158 7.63789
49 159 7.63918
49 160 7.64895
49 161 7.7478
49 162 7.76447
49 163 7.7826
49 164 7.79593
49 165 7.83587
49 166 7.94409
49 167 7.95474
49 168 7.95995
49 169 8.05749
49 170 8.09796
49 171 8.10948
49 172 8.27167
49 173 8.28548
49 174 8.3668
49 175 8.40835
49 176 8.44836
49 177 8.53645
49 178 8.53915
49 179 8.53915
49 180 8.55045
49 181 8.57037
49 182 8.62814
49 183 8.6617
49 184 8.66412
49 185 8.66792
49 186 8.73055
49 187 8.78356
49 188 8.84894
49 189 9.04167
49 190 9.08898
49 191 9.16602
49 192 9.21352
49 193 9.46199
49 194 10.0447
49 195 10.1103
49 196 11.246
49 197 11.7068
49 198 11.9453
49 199 12.0838
50 0 5.63717 1 10 11 24 8 26 9 3 16 17 14 6 28 13 25 5 27 29 19 33 2 21 22 23 32 30 7 4 20 12 34 15 31 18 1 
50 1 5.63717
50 2 5.63717
50 3 5.63717
50 4 5.63717
50 5 5.63717
50 6 5.63717
50 7 5.63717
50 8 5.63717
50 9 5.63717
50 10 5.63717
50 11 5.63717
50 12 5.63717
50 13 5.63717
50 14 5.63717
50 15 5.63717
50 16 5.63717
50 17 5.63717
50 18 5.63717
50 19 5.63717
50 20 5.63717
50 21 5.63717
50 22 5.63717
50 23 5.63717
50 24 5.63717
50 25 5.63717
50 26 5.63717
50 27 5.63717
50 28 5.63717
50 29 5.63717
50 30 5.63717
50 31 5.63717
50 32 5.63717
50 33 5.63717
50 34 5.63717
50 35 5.63717
50 36 5.63717
50 37 5.63717
50 38 5.63717
50 39 5.63717
50 40 5.63717
50 41 5.63717
50 42 5.63717
50 43 5.63717
50 44 5.63717
50 45 5.63717
50 46 5.63717
50 47 5.63717
50 48 5.63717
50 49 5.63717
50 50 5.63717
50 51 5.63717
50 52 5.63717
50 53 5.63717
50 54 5.63717
50 55 5.63717
50 56 5.63717
50 57 5.63717
50 58 5.63717
50 59 5.63717
50 60 5.63717
50 61 5.63717
50 62 5.63717
50 63 5.63717
50 64 5.63717
50 65 5.63717
50 66 5.63717
50 67 5.63717
50 68 5.63717
50 69 5.63717
50 70 5.63717
50 71 5.63717
50 72 5.63717
50 73 5.63717
50 74 5.63717
50 75 5.63717
50 76 5.63717
50 77 5.63717
50 78 5.63717
50 79 5.63717
50 80 5.63717
50 81 5.63717
50 82 5.63717
50 83 5.63717
50 84 5.63717
50 85 5.63717
50 86 5.63717
50 87 5.63717
50 88 5.63717
50 89 5.63717
50 90 5.63717
50 91 5.63717
50 92 5.63717
50 93 5.63717
50 94 5.63717
50 95 5.642
50 96 5.67536
50 97 5.72504
50 98 5.75148
50 99 5.75148
50 100 5.75148
50 101 5.76708
50 102 5.76708
50 103 5.76708
50 104 5.82637
50 105 5.8308
50 106 5.84683
50 107 5.88521
50 108 5.88521
50 109 5.88521
50 110 5.88521
50 111 5.88521
50 112 5.88521
50 113 5.88988
50 114 5.93729
50 115 5.94248
50 116 5.97098
50 117 5.99499
50 118 6.0155
50 119 6.0672
50 120 6.17531
50 121 6.2193
50 122 6.24212
50 123 6.28495
50 124 6.31119
50 125 6.38275
50 126 6.46549
50 127 6.5964
50 128 6.65914
50 129 6.66149
50 130 6.67247
50 131 6.70762
50 132 6.72491
50 133 6.76993
50 134 6.80007
50 135 6.82234
50 136 6.95374
50 137 6.95752
50 138 6.9765
50 139 7.03352
50 140 7.08529
50 141 7.09089
50 142 7.11926
50 143 7.12871
50 144 7.16643
50 145 7.22637
50 146 7.22794
50 147 7.27451
50 148 7.28277
50 149 7.31027
50 150 7.34682
50 151 7.40699
50 152 7.41543
50 153 7.42959
50 154 7.4738
50 155 7.48971
50 156 7.52351
50 157 7.52461
50 158 7.52693
50 159 7.55176
50 160 7.5954
50 161 7.63615
50 162 7.67641
50 163 7.71325
50 164 7.72567
50 165 7.75681
50 166 7.80279
50 167 7.81097
50 168 7.81418
50 169 7.92821
50 170 7.98061
50 171 8.00337
50 172 8.03264
50 173 8.03852
50 174 8.04297
50 175 8.09796
50 176 8.12151
50 177 8.12803
50 178 8.24839
50 179 8.3668
50 180 8.36807
50 181 8.53915
50 182 8.54831
50 183 8.64686
50 184 8.72144
50 185 8.89156
50 186 8.94699
50 187 8.96548
50 188 9.01498
50 189 9.01751
50 190 9.02704
50 191 9.16734
50 192 9.32126
50 193 9.3449
50 194 9.36788
50 195 9.60841
50 196 9.70957
50 197 10.7953
50 198 11.0312
50 199 11.7068
51 0 5.57884 1 10 11 24 8 26 9 3 16 14 17 6 28 13 25 5 27 29 19 33 2 21 22 23 32 30 7 4 20 12 34 15 31 18 1 
51 1 5.62895
51 2 5.63183
51 3 5.63717
51 4 5.63717
51 5 5.63717
51 6 5.63717
51 7 5.63717
51 8 5.63717
51 9 5.63717
51 10 5.63717
51 11 5.63717
51 12 5.63717
51 13 5.63717
51 14 5.63717
51 15 5.63717
51 16 5.63717
51 17 5.63717
51 18 5.63717
51 19 5.63717
51 20 5.63717
51 21 5.63717
51 22 5.63717
51 23 5.63717
51 24 5.63717
51 25 5.63717
51 26 5.63717
51 27 5.63717
51 28 5.63717
51 29 5.63717
51 30 5.63717
51 31 5.63717
51 32 5.63717
51 33 5.63717
51 34 5.63717
51 35 5.63717
51 36 5.63717
51 37 5.63717
51 38 5.63717
51 39 5.63717
51 40 5.63717
51 41 5.63717
51 42 5.63717
51 43 5.63717
51 44 5.63717
51 45 5.63717
51 46 5.63717
51 47 5.63717
51 48 5.63717
51 49 5.63717
51 50 5.63717
51 51 5.63717
51 52 5.63717
51 53 5.63717
51 54 5.63717
51 55 5.63717
51 56 5.63717
51 57 5.63717
51 58 5.63717
51 59 5.63717
51 60 5.63717
51 61 5.63717
51 62 5.63717
51 63 5.63717
51 64 5.63717
51 65 5.63717
51 66 5.63717
51 67 5.63717
51 68 5.63717
51 69 5.63717
51 70 5.63717
51 71 5.63717
51 72 5.63717
51 73 5.63717
51 74 5.63717
51 75 5.63717
51 76 5.63717
51 77 5.63717
51 78 5.63717
51 79 5.63717
51 80 5.63717
51 81 5.63717
51 82 5.63717
51 83 5.63717
51 84 5.63717
51 85 5.63717
51 86 5.63717
51 87 5.63717
51 88 5.63717
51 89 5.63717
51 90 5.63717
51 91 5.63717
51 92 5.63717
51 93 5.63717
51 94 5.63717
51 95 5.63717
51 96 5.63717
51 97 5.63717
51 98 5.63717
51 99 5.65765
51 100 5.68204
51 101 5.68204
51 102 5.87251
51 103 5.87309
51 104 5.87989
51 105 5.88521
51 106 5.88521
51 107 5.94248
51 108 5.96261
51 109 5.9652
51 110 5.97098
51 111 6.01525
51 112 6.08579
51 113 6.13963
51 114 6.17531
51 115 6.22238
51 116 6.25874
51 117 6.28495
51 118 6.38309
51 119 6.42121
51 120 6.44856
51 121 6.46549
51 122 6.59028
51 123 6.5964
51 124 6.69043
51 125 6.69043
51 126 6.69915
51 127 6.70066
51 128 6.70559
51 129 6.72001
51 130 6.73968
51 131 6.77565
51 132 6.80007
51 133 6.83078
51 134 6.84492
51 135 6.93872
51 136 6.94441
51 137 6.961
51 138 7.01714
51 139 7.03352
51 140 7.03352
51 141 7.04225
51 142 7.04708
51 143 7.05608
51 144 7.09935
51 145 7.16708
51 146 7.17313
51 147 7.17756
51 148 7.19252
51 149 7.25814
51 150 7.27451
51 151 7.29529
51 152 7.31799
51 153 7.42959
51 154 7.43183
51 155 7.45943
51 156 7.47681
51 157 7.49422
51 158 7.52256
51 159 7.55176
51 160 7.57393
51 161 7.60478
51 162 7.63615
51 163 7.63615
51 164 7.81162
51 165 7.83784
51 166 7.91576
51 167 7.99024
51 168 8.03852
51 169 8.03862
51 170 8.04297
51 171 8.04297
51 172 8.08461
51 173 8.11643
51 174 8.2187
51 175 8.28416
51 176 8.33507
51 177 8.43066
51 178 8.45771
51 179 8.46912
51 180 8.52179
51 181 8.53691
51 182 8.55155
51 183 8.55799
51 184 8.59437
51 185 8.70873
51 186 8.89156
51 187 9.0277
51 188 9.3423
51 189 9.35796
51 190 9.43041
51 191 9.45459
51 192 9.54276
51 193 9.759
51 194 9.90929
51 195 9.97707
51 196 10.4898
51 197 10.7542
51 198 10.7623
51 199 11.7079
52 0 5.57884 1 10 11 24 8 26 9 3 16 14 17 6 28 13 25 5 27 29 19 33 2 21 22 23 32 30 7 4 20 12 34 15 31 18 1 
52 1 5.57884
52 2 5.57884
52 3 5.57884
52 4 5.57884
52 5 5.57884
52 6 5.57884
52 7 5.57884
52 8 5.57884
52 9 5.57884
52 10 5.57884
52 11 5.57884
52 12 5.57884
52 13 5.57884
52 14 5.57884
52 15 5.57884
52 16 5.57884
52 17 5.57884
52 18 5.57884
52 19 5.57884
52 20 5.57884
52 21 5.57884
52 22 5.57884
52 23 5.57884
52 24 5.57884
52 25 5.57884
52 26 5.57884
52 27 5.57884
52 28 5.62895
52 29 5.62895
52 30 5.62895
52 31 5.62895
52 32 5.63183
52 33 5.63717
52 34 5.63717
52 35 5.63717
52 36 5.63717
52 37 5.63717
52 38 5.63717
52 39 5.63717
52 40 5.63717
52 41 5.63717
52 42 5.63717
52 43 5.63717
52 44 5.63717
52 45 5.63717
52 46 5.63717
52 47 5.63717
52 48 5.63717
52 49 5.63717
52 50 5.63717
52 51 5.63717
52 52 5.63717
52 53 5.63717
52 54 5.63717
52 55 5.63717
52 56 5.63717
52 57 5.63717
52 58 5.63717
52 59 5.63717
52 60 5.63717
52 61 5.63717
52 62 5.63717
52 63 5.63717
52 64 5.63717
52 65 5.63717
52 66 5.63717
52 67 5.63717
52 68 5.63717
52 69 5.63717
52 70 5.63717
52 71 5.63717
52 72 5.63717
52 73 5.63717
52 74 5.63717
52 75 5.63717
52 76 5.63717
52 77 5.63717
52 78 5.63717
52 79 5.63717
52 80 5.63717
52 81 5.63717
52 82 5.63717
52 83 5.63717
52 84 5.63717
52 85 5.63717
52 86 5.63717
52 87 5.63717
52 88 5.63717
52 89 5.63717
52 90 5.63717
52 91 5.63717
52 92 5.63717
52 93 5.63717
52 94 5.78545
52 95 5.87251
52 96 5.87568
52 97 5.87989
52 98 5.91266
52 99 5.94063
52 100 5.97943
52 101 5.98083
52 102 5.98987
52 103 6.00651
52 104 6.08045
52 105 6.1298
52 106 6.13963
52 107 6.22013
52 108 6.23642
52 109 6.25874
52 110 6.2844
52 111 6.29486
52 112 6.31636
52 113 6.38767
52 114 6.40717
52 115 6.4671
52 116 6.47127
52 117 6.49116
52 118 6.5374
52 119 6.53801
52 120 6.60917
52 121 6.632
52 122 6.65031
52 123 6.69179
52 124 6.70066
52 125 6.70162
52 126 6.72001
52 127 6.72869
52 128 6.74119
52 129 6.75145
52 130 6.76579
52 131 6.77107
52 132 6.84239
52 133 6.85015
52 134 6.86767
52 135 6.89327
52 136 6.91831
52 137 6.93778
52 138 7.00833
52 139 7.0253
52 140 7.03352
52 141 7.03352
52 142 7.04544
52 143 7.1027
52 144 7.16602
52 145 7.17313
52 146 7.18793
52 147 7.189
52 148 7.21625
52 149 7.2249
52 150 7.24737
52 151 7.35866
52 152 7.3804
52 153 7.38266
52 154 7.39079
52 155 7.41226
52 156 7.41358
52 157 7.41697
52 158 7.44771
52 159 7.4944
52 160 7.52256
52 161 7.55004
52 162 7.55582
52 163 7.61312
52 164 7.62601
52 165 7.62601
52 166 7.67987
52 167 7.71282
52 168 7.7364
52 169 7.77257
52 170 7.77655
52 171 7.78064
52 172 7.7944
52 173 7.79966
52 174 7.84168
52 175 7.88708
52 176 7.96719
52 177 7.99024
52 178 8.11561
52 179 8.19592
52 180 8.21303
52 181 8.28416
52 182 8.29421
52 183 8.30147
52 184 8.3672
52 185 8.39023
52 186 8.41835
52 187 8.41842
52 188 8.53691
52 189 8.58458
52 190 8.69075
52 191 8.86035
52 192 9.18272
52 193 9.42536
52 194 9.43041
52 195 9.72376
52 196 9.79196
52 197 10.222
52 198 10.6458
52 199 11.8155
53 0 5.57884 1 10 11 24 8 26 9 3 16 14 17 6 28 13 25 5 27 29 19 33 2 21 22 23 32 30 7 4 20 12 34 15 31 18 1 
53 1 5.57884
53 2 5.57884
53 3 5.57884
53 4 5.57884
53 5 5.57884
53 6 5.57884
53 7 5.57884
53 8 5.57884
53 9 5.57884
53 10 5.57884
53 11 5.57884
53 12 5.57884
53 13 5.57884
53 14 5.57884
53 15 5.57884
53 16 5.57884
53 17 5.57884
53 18 5.57884
53 19 5.57884
53 20 5.57884
53 21 5.57884
53 22 5.57884
53 23 5.57884
53 24 5.57884
53 25 5.57884
53 26 5.57884
53 27 5.57884
53 28 5.57884
53 29 5.57884
53 30 5.57884
53 31 5.57884
53 32 5.57884
53 33 5.57884
53 34 5.57884
53 35 5.57884
53 36 5.57884
53 37 5.57884
53 38 5.57884
53 39 5.57884
53 40 5.57884
53 41 5.57884
53 42 5.57884
53 43 5.57884
53 44 5.57884
53 45 5.57884
53 46 5.57884
53 47 5.57884
53 48 5.57884
53 49 5.57884
53 50 5.57884
53 51 5.57884
53 52 5.57884
53 53 5.57884
53 54 5.57884
53 55 5.57884
53 56 5.57884
53 57 5.57884
53 58 5.57884
53 59 5.57884
53 60 5.57884
53 61 5.57884
53 62 5.57884
53 63 5.57884
53 64 5.57884
53 65 5.57884
53 66 5.57884
53 67 5.57884
53 68 5.57884
53 69 5.57884
53 70 5.57884
53 71 5.57884
53 72 5.57884
53 73 5.57884
53 74 5.57884
53 75 5.57884
53 76 5.57884
53 77 5.57884
53 78 5.57884
53 79 5.57884
53 80 5.62895
53 81 5.62895
53 82 5.63717
53 83 5.63717
53 84 5.63717
53 85 5.63717
53 86 5.63717
53 87 5.63717
53 88 5.63717
53 89 5.63717
53 90 5.63717
53 91 5.63717
53 92 5.63717
53 93 5.63717
53 94 5.63717
53 95 5.63717
53 96 5.63717
53 97 5.63717
53 98 5.63717
53 99 5.63717
53 100 5.63717
53 101 5.63717
53 102 5.63717
53 103 5.63717
53 104 5.63717
53 105 5.63717
53 106 5.63717
53 107 5.63717
53 108 5.63717
53 109 5.63717
53 110 5.63717
53 111 5.81455
53 112 5.83153
53 113 5.87251
53 114 5.8816
53 115 5.96164
53 116 5.98083
53 117 5.98987
53 118 6.00651
53 119 6.08446
53 120 6.1298
53 121 6.15897
53 122 6.23642
53 123 6.34877
53 124 6.43139
53 125 6.46985
53 126 6.4737
53 127 6.48491
53 128 6.48657
53 129 6.49924
53 130 6.5025
53 131 6.5026
53 132 6.53807
53 133 6.55898
53 134 6.57507
53 135 6.64253
53 136 6.64893
53 137 6.65914
53 138 6.67329
53 139 6.70112
53 140 6.72001
53 141 6.77837
53 142 6.79012
53 143 6.83329
53 144 6.86767
53 145 6.86767
53 146 6.87692
53 147 6.91831
53 148 6.92203
53 149 6.93778
53 150 6.94061
53 151 6.97008
53 152 6.98786
53 153 7.03352
53 154 7.11915
53 155 7.15385
53 156 7.2044
53 157 7.27793
53 158 7.33837
53 159 7.39079
53 160 7.40877
53 161 7.41239
53 162 7.433
53 163 7.45642
53 164 7.47261
53 165 7.53065
53 166 7.54588
53 167 7.59237
53 168 7.61779
53 169 7.62601
53 170 7.71831
53 171 7.76846
53 172 7.7944
53 173 7.83425
53 174 7.85052
53 175 7.87639
53 176 7.93064
53 177 7.96649
53 178 8.00632
53 179 8.01526
53 180 8.08515
53 181 8.10724
53 182 8.14292
53 183 8.19592
53 184 8.21303
53 185 8.29421
53 186 8.30945
53 187 8.33437
53 188 8.36503
53 189 8.37187
53 190 8.61476
53 191 8.86035
53 192 8.86686
53 193 9.05834
53 194 9.0711
53 195 9.73981
53 196 9.85686
53 197 9.96455
53 198 10.3118
53 199 11.9224
54 0 5.57884 1 10 11 24 8 26 9 3 16 14 17 6 28 13 25 5 27 29 19 33 2 21 22 23 32 30 7 4 20 12 34 15 31 18 1 
54 1 5.57884
54 2 5.57884
54 3 5.57884
54 4 5.57884
54 5 5.57884
54 6 5.57884
54 7 5.57884
54 8 5.57884
54 9 5.57884
54 10 5.57884
54 11 5.57884
54 12 5.57884
54 13 5.57884
54 14 5.57884
54 15 5.57884
54 16 5.57884
54 17 5.57884
54 18 5.57884
54 19 5.57884
54 20 5.57884
54 21 5.57884
54 22 5.57884
54 23 5.57884
54 24 5.57884
54 25 5.57884
54 26 5.57884
54 27 5.57884
54 28 5.57884
54 29 5.57884
54 30 5.57884
54 31 5.57884
54 32 5.57884
54 33 5.57884
54 34 5.57884
54 35 5.57884
54 36 5.57884
54 37 5.57884
54 38 5.57884
54 39 5.57884
54 40 5.57884
54 41 5.57884
54 42 5.57884
54 43 5.57884
54 44 5.57884
54 45 5.57884
54 46 5.57884
54 47 5.57884
54 48 5.57884
54 49 5.57884
54 50 5.57884
54 51 5.57884
54 52 5.57884
54 53 5.57884
54 54 5.57884
54 55 5.57884
54 56 5.57884
54 57 5.57884
54 58 5.57884
54 59 5.57884
54 60 5.57884
54 61 5.57884
54 62 5.57884
54 63 5.57884
54 64 5.57884
54 65 5.57884
54 66 5.57884
54 67 5.57884
54 68 5.57884
54 69 5.57884
54 70 5.57884
54 71 5.57884
54 72 5.57884
54 73 5.57884
54 74 5.57884
54 75 5.57884
54 76 5.57884
54 77 5.57884
54 78 5.57884
54 79 5.57884
54 80 5.57884
54 81 5.57884
54 82 5.57884
54 83 5.57884
54 84 5.57884
54 85 5.57884
54 86 5.57884
54 87 5.57884
54 88 5.57884
54 89 5.57884
54 90 5.57884
54 91 5.57884
54 92 5.57884
54 93 5.57884
54 94 5.57884
54 95 5.57884
54 96 5.57884
54 97 5.57884
54 98 5.57884
54 99 5.57884
54 100 5.57884
54 101 5.57884
54 102 5.57884
54 103 5.57884
54 104 5.62895
54 105 5.62895
54 106 5.63717
54 107 5.63717
54 108 5.63717
54 109 5.63717
54 110 5.63717
54 111 5.63717
54 112 5.63717
54 113 5.63717
54 114 5.63717
54 115 5.73121
54 116 5.81455
54 117 5.96164
54 118 5.96164
54 119 5.98083
54 120 5.98524
54 121 6.1298
54 122 6.13326
54 123 6.16103
54 124 6.20516
54 125 6.23833
54 126 6.33107
54 127 6.36812
54 128 6.38981
54 129 6.39169
54 130 6.39561
54 131 6.42758
54 132 6.44473
54 133 6.48423
54 134 6.51037
54 135 6.52797
54 136 6.55898
54 137 6.60037
54 138 6.60737
54 139 6.73038
54 140 6.73179
54 141 6.77233
54 142 6.77837
54 143 6.86347
54 144 6.86767
54 145 6.87692
54 146 6.95481
54 147 6.97008
54 148 7.11037
54 149 7.11071
54 150 7.12022
54 151 7.1549
54 152 7.16563
54 153 7.23867
54 154 7.30619
54 155 7.32568
54 156 7.3296
54 157 7.35585
54 158 7.36241
54 159 7.39079
54 160 7.45642
54 161 7.49542
54 162 7.53065
54 163 7.56813
54 164 7.57211
54 165 7.61745
54 166 7.61779
54 167 7.62543
54 168 7.72149
54 169 7.76846
54 170 7.83425
54 171 7.8397
54 172 7.85378
54 173 7.86834
54 174 7.90922
54 175 7.9653
54 176 8.08402
54 177 8.17807
54 178 8.19592
54 179 8.27834
54 180 8.34719
54 181 8.3868
54 182 8.4363
54 183 8.48485
54 184 8.56374
54 185 8.58388
54 186 8.59863
54 187 8.61902
54 188 8.64406
54 189 8.84174
54 190 8.86035
54 191 8.86686
54 192 8.8933
54 193 8.9719
54 194 9.08994
54 195 9.23199
54 196 9.37894
54 197 9.85686
54 198 9.96455
54 199 10.2296
55 0 5.53468 1 10 11 24 8 26 9 3 16 14 17 6 28 13 25 5 27 29 19 33 2 21 22 23 32 30 7 4 20 15 34 12 31 18 1 
55 1 5.57884
55 2 5.57884
55 3 5.57884
55 4 5.57884
55 5 5.57884
55 6 5.57884
55 7 5.57884
55 8 5.57884
55 9 5.57884
55 10 5.57884
55 11 5.57884
55 12 5.57884
55 13 5.57884
55 14 5.57884
55 15 5.57884
55 16 5.57884
55 17 5.57884
55 18 5.57884
55 19 5.57884
55 20 5.57884
55 21 5.57884
55 22 5.57884
55 23 5.57884
55 24 5.57884
55 25 5.57884
55 26 5.57884
55 27 5.57884
55 28 5.57884
55 29 5.57884
55 30 5.57884
55 31 5.57884
55 32 5.57884
55 33 5.57884
55 34 5.57884
55 35 5.57884
55 36 5.57884
55 37 5.57884
55 38 5.57884
55 39 5.57884
55 40 5.57884
55 41 5.57884
55 42 5.57884
55 43 5.57884
55 44 5.57884
55 45 5.57884
55 46 5.57884
55 47 5.57884
55 48 5.57884
55 49 5.57884
55 50 5.57884
55 51 5.57884
55 52 5.57884
55 53 5.57884
55 54 5.57884
55 55 5.57884
55 56 5.57884
55 57 5.57884
55 58 5.57884
55 59 5.57884
55 60 5.57884
55 61 5.57884
55 62 5.57884
55 63 5.57884
55 64 5.57884
55 65 5.57884
55 66 5.57884
55 67 5.57884
55 68 5.57884
55 69 5.57884
55 70 5.57884
55 71 5.57884
55 72 5.57884
55 73 5.57884
55 74 5.57884
55 75 5.57884
55 76 5.57884
55 77 5.57884
55 78 5.57884
55 79 5.57884
55 80 5.57884
55 81 5.57884
55 82 5.57884
55 83 5.57884
55 84 5.57884
55 85 5.57884
55 86 5.57884
55 87 5.57884
55 88 5.57884
55 89 5.57884
55 90 5.57884
55 91 5.57884
55 92 5.57884
55 93 5.57884
55 94 5.57884
55 95 5.57884
55 96 5.57884
55 97 5.57884
55 98 5.57884
55 99 5.57884
55 100 5.57884
55 101 5.57884
55 102 5.57884
55 103 5.57884
55 104 5.57884
55 105 5.57884
55 106 5.57884
55 107 5.57884
55 108 5.57884
55 109 5.57884
55 110 5.57884
55 111 5.62895
55 112 5.63717
55 113 5.73121
55 114 5.84427
55 115 5.90429
55 116 5.90653
55 117 5.98524
55 118 6.16462
55 119 6.2112
55 120 6.27856
55 121 6.32419
55 122 6.3578
55 123 6.36812
55 124 6.38981
55 125 6.39169
55 126 6.41841
55 127 6.43316
55 128 6.44473
55 129 6.45686
55 130 6.458
55 131 6.49115
55 132 6.55898
55 133 6.57488
55 134 6.60037
55 135 6.60737
55 136 6.60737
55 137 6.63416
55 138 6.65568
55 139 6.66402
55 140 6.67948
55 141 6.78335
55 142 6.79369
55 143 6.86903
55 144 6.97008
55 145 7.04949
55 146 7.05145
55 147 7.08169
55 148 7.08483
55 149 7.10359
55 150 7.16278
55 151 7.27213
55 152 7.29542
55 153 7.33463
55 154 7.38469
55 155 7.39482
55 156 7.40695
55 157 7.43408
55 158 7.44965
55 159 7.52045
55 160 7.53578
55 161 7.53815
55 162 7.56813
55 163 7.56813
55 164 7.57211
55 165 7.65493
55 166 7.69172
55 167 7.73331
55 168 7.80823
55 169 7.80862
55 170 7.81922
55 171 7.86336
55 172 7.8881
55 173 7.91083
55 174 7.96401
55 175 7.98579
55 176 8.06655
55 177 8.08949
55 178 8.11731
55 179 8.19917
55 180 8.26107
55 181 8.28886
55 182 8.34185
55 183 8.53695
55 184 8.54982
55 185 8.61144
55 186 8.67059
55 187 8.98206
55 188 9.00004
55 189 9.01464
55 190 9.08994
55 191 9.36173
55 192 9.37894
55 193 9.46201
55 194 9.58913
55 195 9.71461
55 196 9.81811
55 197 9.92287
55 198 10.5102
55 199 11.1025
56 0 5.53468 1 10 11 24 8 26 9 3 16 14 17 6 28 13 25 5 27 29 19 33 2 21 22 23 32 30 7 4 20 15 34 12 31 18 1 
56 1 5.53468
56 2 5.53468
56 3 5.53468
56 4 5.53468
56 5 5.53468
56 6 5.53468
56 7 5.53468
56 8 5.53468
56 9 5.53468
56 10 5.53468
56 11 5.53468
56 12 5.53468
56 13 5.53468
56 14 5.53468
56 15 5.53468
56 16 5.57884
56 17 5.57884
56 18 5.57884
56 19 5.57884
56 20 5.57884
56 21 5.57884
56 22 5.57884
56 23 5.57884
56 24 5.57884
56 25 5.57884
56 26 5.57884
56 27 5.57884
56 28 5.57884
56 29 5.57884
56 30 5.57884
56 31 5.57884
56 32 5.57884
56 33 5.57884
56 34 5.57884
56 35 5.57884
56 36 5.57884
56 37 5.57884
56 38 5.57884
56 39 5.57884
56 40 5.57884
56 41 5.57884
56 42 5.57884
56 43 5.57884
56 44 5.57884
56 45 5.57884
56 46 5.57884
56 47 5.57884
56 48 5.57884
56 49 5.57884
56 50 5.57884
56 51 5.57884
56 52 5.57884
56 53 5.57884
56 54 5.57884
56 55 5.57884
56 56 5.57884
56 57 5.57884
56 58 5.57884
56 59 5.57884
56 60 5.57884
56 61 5.57884
56 62 5.57884
56 63 5.57884
56 64 5.57884
56 65 5.57884
56 66 5.57884
56 67 5.57884
56 68 5.57884
56 69 5.57884
56 70 5.57884
56 71 5.57884
56 72 5.57884
56 73 5.57884
56 74 5.57884
56 75 5.57884
56 76 5.57884
56 77 5.57884
56 78 5.57884
56 79 5.57884
56 80 5.57884
56 81 5.57884
56 82 5.57884
56 83 5.57884
56 84 5.57884
56 85 5.57884
56 86 5.57884
56 87 5.57884
56 88 5.57884
56 89 5.57884
56 90 5.57884
56 91 5.57884
56 92 5.57884
56 93 5.57884
56 94 5.63717
56 95 5.77017
56 96 5.80105
56 97 5.86237
56 98 5.87951
56 99 5.90653
56 100 5.91266
56 101 5.91266
56 102 5.9211
56 103 6.01907
56 104 6.10474
56 105 6.32419
56 106 6.35262
56 107 6.38981
56 108 6.39778
56 109 6.39998
56 110 6.41295
56 111 6.44473
56 112 6.458
56 113 6.47117
56 114 6.48962
56 115 6.50349
56 116 6.56632
56 117 6.64905
56 118 6.70286
56 119 6.70442
56 120 6.70442
56 121 6.7267
56 122 6.74339
56 123 6.77447
56 124 6.81146
56 125 6.8367
56 126 6.87966
56 127 6.90662
56 128 6.92658
56 129 6.94037
56 130 6.94671
56 131 6.97008
56 132 6.98996
56 133 6.99126
56 134 7.01425
56 135 7.03244
56 136 7.08048
56 137 7.08749
56 138 7.12213
56 139 7.23461
56 140 7.24204
56 141 7.27213
56 142 7.27624
56 143 7.28649
56 144 7.29542
56 145 7.32098
56 146 7.35345
56 147 7.35637
56 148 7.37453
56 149 7.39409
56 150 7.43951
56 151 7.4625
56 152 7.51815
56 153 7.54057
56 154 7.5475
56 155 7.59823
56 156 7.6894
56 157 7.74064
56 158 7.76517
56 159 7.77506
56 160 7.85191
56 161 7.8828
56 162 7.90267
56 163 7.92765
56 164 7.93559
56 165 7.96145
56 166 7.96401
56 167 8.32505
56 168 8.3532
56 169 8.4029
56 170 8.48879
56 171 8.55663
56 172 8.56557
56 173 8.61144
56 174 8.61544
56 175 8.65455
56 176 8.65694
56 177 8.72256
56 178 8.7242
56 179 8.74662
56 180 8.74681
56 181 8.76576
56 182 8.89834
56 183 8.90317
56 184 8.98914
56 185 9.01409
56 186 9.03664
56 187 9.07864
56 188 9.1369
56 189 9.18812
56 190 9.22315
56 191 9.39132
56 192 9.49692
56 193 9.50963
56 194 9.52612
56 195 9.5344
56 196 9.59655
56 197 9.90167
56 198 9.96819
56 199 10.2222
57 0 5.52391 1 10 11 24 8 26 9 3 16 14 17 6 28 13 25 5 27 29 19 33 2 21 22 23 32 4 7 30 20 15 34 12 31 18 1 
57 1 5.53468
57 2 5.53468
57 3 5.53468
57 4 5.53468
57 5 5.53468
57 6 5.53468
57 7 5.53468
57 8 5.53468
57 9 5.53468
57 10 5.53468
57 11 5.53468
57 12 5.53468
57 13 5.53468
57 14 5.53468
57 15 5.53468
57 16 5.53468
57 17 5.53468
57 18 5.53468
57 19 5.53468
57 20 5.53468
57 21 5.53468
57 22 5.53468
57 23 5.53468
57 24 5.53468
57 25 5.53468
57 26 5.53468
57 27 5.53468
57 28 5.53468
57 29 5.53468
57 30 5.53468
57 31 5.53468
57 32 5.53468
57 33 5.53468
57 34 5.53468
57 35 5.53468
57 36 5.53468
57 37 5.53468
57 38 5.53468
57 39 5.53468
57 40 5.53468
57 41 5.53468
57 42 5.53468
57 43 5.53468
57 44 5.53468
57 45 5.53468
57 46 5.53468
57 47 5.57884
57 48 5.57884
57 49 5.57884
57 50 5.57884
57 51 5.57884
57 52 5.57884
57 53 5.57884
57 54 5.57884
57 55 5.57884
57 56 5.57884
57 57 5.57884
57 58 5.57884
57 59 5.57884
57 60 5.57884
57 61 5.57884
57 62 5.57884
57 63 5.57884
57 64 5.57884
57 65 5.57884
57 66 5.57884
57 67 5.57884
57 68 5.57884
57 69 5.57884
57 70 5.57884
57 71 5.57884
57 72 5.57884
57 73 5.57884
57 74 5.57884
57 75 5.57884
57 76 5.57884
57 77 5.57884
57 78 5.57884
57 79 5.57884
57 80 5.57884
57 81 5.57884
57 82 5.57884
57 83 5.57884
57 84 5.57884
57 85 5.57884
57 86 5.57884
57 87 5.57914
57 88 5.59303
57 89 5.63488
57 90 5.63717
57 91 5.638
57 92 5.67719
57 93 5.79223
57 94 5.86237
57 95 5.87694
57 96 5.90653
57 97 5.9211
57 98 5.92599
57 99 5.97491
57 100 6.04276
57 101 6.04582
57 102 6.09256
57 103 6.11174
57 104 6.12877
57 105 6.15897
57 106 6.1665
57 107 6.31304
57 108 6.31933
57 109 6.34293
57 110 6.40446
57 111 6.42635
57 112 6.42701
57 113 6.43144
57 114 6.44473
57 115 6.44932
57 116 6.45864
57 117 6.47467
57 118 6.48124
57 119 6.54831
57 120 6.5749
57 121 6.602
57 122 6.63481
57 123 6.67094
57 124 6.74175
57 125 6.74339
57 126 6.76355
57 127 6.76407
57 128 6.76747
57 129 6.79898
57 130 6.80055
57 131 6.81092
57 132 6.83742
57 133 6.84496
57 134 6.86326
57 135 6.87302
57 136 6.88169
57 137 6.91322
57 138 6.9886
57 139 7.03591
57 140 7.09035
57 141 7.11696
57 142 7.12478
57 143 7.14777
57 144 7.1903
57 145 7.19788
57 146 7.25313
57 147 7.27213
57 148 7.29418
57 149 7.34159
57 150 7.34544
57 151 7.34663
57 152 7.35637
57 153 7.3698
57 154 7.37501
57 155 7.39409
57 156 7.46216
57 157 7.49641
57 158 7.57492
57 159 7.60223
57 160 7.62716
57 161 7.64494
57 162 7.6894
57 163 7.72303
57 164 7.76911
57 165 7.77184
57 166 7.96145
57 167 8.00686
57 168 8.05103
57 169 8.10687
57 170 8.11124
57 171 8.12862
57 172 8.22801
57 173 8.25647
57 174 8.28044
57 175 8.3042
57 176 8.33044
57 177 8.34421
57 178 8.48879
57 179 8.5898
57 180 8.62602
57 181 8.68106
57 182 8.76576
57 183 8.76576
57 184 8.76576
57 185 8.80984
57 186 8.81173
57 187 8.93806
57 188 8.99957
57 189 9.00235
57 190 9.15165
57 191 9.2149
57 192 9.3391
57 193 9.39126
57 194 9.59609
57 195 9.84347
57 196 10.6667
57 197 11.2136
57 198 11.2751
57 199 11.2987
58 0 5.52391 1 10 11 24 8 26 9 3 16 14 17 6 28 13 25 5 27 29 19 33 2 21 22 23 32 4 7 30 20 15 34 12 31 18 1 
58 1 5.52391
58 2 5.52391
58 3 5.52391
58 4 5.52391
58 5 5.52391
58 6 5.52391
58 7 5.52391
58 8 5.52391
58 9 5.52391
58 10 5.52391
58 11 5.52391
58 12 5.52391
58 13 5.52391
58 14 5.52391
58 15 5.52391
58 16 5.52391
58 17 5.52391
58 18 5.53468
58 19 5.53468
58 20 5.53468
58 21 5.53468
58 22 5.53468
58 23 5.53468
58 24 5.53468
58 25 5.53468
58 26 5.53468
58 27 5.53468
58 28 5.53468
58 29 5.53468
58 30 5.53468
58 31 5.53468
58 32 5.53468
58 33 5.53468
58 34 5.53468
58 35 5.53468
58 36 5.53468
58 37 5.53468
58 38 5.53468
58 39 5.53468
58 40 5.53468
58 41 5.53468
58 42 5.53468
58 43 5.53468
58 44 5.53468
58 45 5.53468
58 46 5.53468
58 47 5.53468
58 48 5.53468
58 49 5.53468
58 50 5.53468
58 51 5.53468
58 52 5.53468
58 53 5.53468
58 54 5.53468
58 55 5.53468
58 56 5.53468
58 57 5.53468
58 58 5.53468
58 59 5.53468
58 60 5.53468
58 61 5.53468
58 62 5.53468
58 63 5.53468
58 64 5.53468
58 65 5.53468
58 66 5.53468
58 67 5.53468
58 68 5.53468
58 69 5.53468
58 70 5.53468
58 71 5.57884
58 72 5.57884
58 73 5.57884
58 74 5.57884
58 75 5.57884
58 76 5.57884
58 77 5.57884
58 78 5.57884
58 79 5.57884
58 80 5.57884
58 81 5.57884
58 82 5.57884
58 83 5.57884
58 84 5.57884
58 85 5.57884
58 86 5.57884
58 87 5.57914
58 88 5.59303
58 89 5.63717
58 90 5.64375
58 91 5.69634
58 92 5.72019
58 93 5.78173
58 94 5.87708
58 95 5.88548
58 96 6.01281
58 97 6.07889
58 98 6.09256
58 99 6.15539
58 100 6.1665
58 101 6.34678
58 102 6.38106
58 103 6.39255
58 104 6.42316
58 105 6.42998
58 106 6.43144
58 107 6.44473
58 108 6.44893
58 109 6.47467
58 110 6.47846
58 111 6.48675
58 112 6.49291
58 113 6.54831
58 114 6.54831
58 115 6.66487
58 116 6.66549
58 117 6.70166
58 118 6.7024
58 119 6.74175
58 120 6.76355
58 121 6.76407
58 122 6.76449
58 123 6.76666
58 124 6.77477
58 125 6.77692
58 126 6.84496
58 127 6.87136
58 128 6.89507
58 129 6.90017
58 130 6.9057
58 131 6.91703
58 132 6.93768
58 133 6.95119
58 134 6.99174
58 135 6.9991
58 136 7.04887
58 137 7.08985
58 138 7.12478
58 139 7.1903
58 140 7.19788
58 141 7.3103
58 142 7.32949
58 143 7.33586
58 144 7.34663
58 145 7.35134
58 146 7.35637
58 147 7.3698
58 148 7.3698
58 149 7.3698
58 150 7.41101
58 151 7.49976
58 152 7.58643
58 153 7.6409
58 154 7.65493
58 155 7.72274
58 156 7.73522
58 157 7.75761
58 158 7.76407
58 159 7.81579
58 160 7.96145
58 161 7.96145
58 162 8.01999
58 163 8.10687
58 164 8.10687
58 165 8.10756
58 166 8.12862
58 167 8.20064
58 168 8.26113
58 169 8.30108
58 170 8.3042
58 171 8.31989
58 172 8.35775
58 173 8.39289
58 174 8.45821
58 175 8.55108
58 176 8.55469
58 177 8.55969
58 178 8.68106
58 179 8.71162
58 180 8.76576
58 181 8.77581
58 182 8.79525
58 183 8.91054
58 184 8.96808
58 185 8.9762
58 186 8.9964
58 187 9.03895
58 188 9.34575
58 189 9.72911
58 190 9.99666
58 191 10.2413
58 192 10.3068
58 193 10.3777
58 194 10.8103
58 195 10.869
58 196 11.601
58 197 11.67
58 198 11.8502
58 199 12.1478
59 0 5.52391 1 10 11 24 8 26 9 3 16 14 17 6 28 13 25 5 27 29 19 33 2 21 22 23 32 4 7 30 20 15 34 12 31 18 1 
59 1 5.52391
59 2 5.52391
59 3 5.52391
59 4 5.52391
59 5 5.52391
59 6 5.52391
59 7 5.52391
59 8 5.52391
59 9 5.52391
59 10 5.52391
59 11 5.52391
59 12 5.52391
59 13 5.52391
59 14 5.52391
59 15 5.52391
59 16 5.52391
59 17 5.52391
59 18 5.52391
59 19 5.52391
59 20 5.52391
59 21 5.52391
59 22 5.52391
59 23 5.52391
59 24 5.52391
59 25 5.52391
59 26 5.52391
59 27 5.52391
59 28 5.52391
59 29 5.52391
59 30 5.52391
59 31 5.52391
59 32 5.52391
59 33 5.52391
59 34 5.52391
59 35 5.52391
59 36 5.52391
59 37 5.52391
59 38 5.52391
59 39 5.52391
59 40 5.52391
59 41 5.52391
59 42 5.52391
59 43 5.52391
59 44 5.52391
59 45 5.52391
59 46 5.52391
59 47 5.52391
59 48 5.52391
59 49 5.52391
59 50 5.52391
59 51 5.53468
59 52 5.53468
59 53 5.53468
59 54 5.53468
59 55 5.53468
59 56 5.53468
59 57 5.53468
59 58 5.53468
59 59 5.53468
59 60 5.53468
59 61 5.53468
59 62 5.53468
59 63 5.53468
59 64 5.53468
59 65 5.53468
59 66 5.53468
59 67 5.53468
59 68 5.53468
59 69 5.53468
59 70 5.53468
59 71 5.53468
59 72 5.53468
59 73 5.53468
59 74 5.53468
59 75 5.53468
59 76 5.53468
59 77 5.53468
59 78 5.53468
59 79 5.53468
59 80 5.53468
59 81 5.53468
59 82 5.53468
59 83 5.53468
59 84 5.53468
59 85 5.53468
59 86 5.53468
59 87 5.53468
59 88 5.56601
59 89 5.57884
59 90 5.57914
59 91 5.58226
59 92 5.62723
59 93 5.63297
59 94 5.74229
59 95 5.78173
59 96 5.79544
59 97 5.87654
59 98 5.95717
59 99 6.14425
59 100 6.1657
59 101 6.1781
59 102 6.23643
59 103 6.28051
59 104 6.34678
59 105 6.35262
59 106 6.36249
59 107 6.38924
59 108 6.4135
59 109 6.42876
59 110 6.44893
59 111 6.45398
59 112 6.45456
59 113 6.47322
59 114 6.52132
59 115 6.5585
59 116 6.58836
59 117 6.63416
59 118 6.6444
59 119 6.65442
59 120 6.66549
59 121 6.66549
59 122 6.66549
59 123 6.67259
59 124 6.70166
59 125 6.70166
59 126 6.70758
59 127 6.73066
59 128 6.73166
59 129 6.75241
59 130 6.76074
59 131 6.79202
59 132 6.84446
59 133 6.8475
59 134 6.87097
59 135 6.89507
59 136 6.94041
59 137 6.98184
59 138 6.9991
59 139 7.0104
59 140 7.01768
59 141 7.08411
59 142 7.12956
59 143 7.13064
59 144 7.15908
59 145 7.18063
59 146 7.1903
59 147 7.19788
59 148 7.23156
59 149 7.33337
59 150 7.33586
59 151 7.34225
59 152 7.37369
59 153 7.4111
59 154 7.4482
59 155 7.44826
59 156 7.50478
59 157 7.52762
59 158 7.57741
59 159 7.63302
59 160 7.72274
59 161 7.79524
59 162 7.83283
59 163 7.85313
59 164 7.90472
59 165 7.91193
59 166 7.91909
59 167 7.94355
59 168 7.96818
59 169 7.9811
59 170 8.07904
59 171 8.12862
59 172 8.20064
59 173 8.20064
59 174 8.20064
59 175 8.25035
59 176 8.26113
59 177 8.26113
59 178 8.299
59 179 8.30775
59 180 8.37281
59 181 8.41367
59 182 8.45821
59 183 8.48093
59 184 8.52567
59 185 8.55108
59 186 8.55757
59 187 8.55969
59 188 8.57113
59 189 8.59159
59 190 8.89648
59 191 8.91054
59 192 8.9617
59 193 9.38418
59 194 9.54152
59 195 9.95771
59 196 9.98924
59 197 10.3068
59 198 11.0018
59 199 11.3963
60 0 5.51831 1 10 11 24 8 26 9 3 16 14 17 6 28 13 25 5 27 29 19 33 2 21 22 23 32 4 30 7 20 15 34 12 31 18 1 
60 1 5.52391
60 2 5.52391
60 3 5.52391
60 4 5.52391
60 5 5.52391
60 6 5.52391
60 7 5.52391
60 8 5.52391
60 9 5.52391
60 10 5.52391
60 11 5.52391
60 12 5.52391
60 13 5.52391
60 14 5.52391
60 15 5.52391
60 16 5.52391
60 17 5.52391
60 18 5.52391
60 19 5.52391
60 20 5.52391
60 21 5.52391
60 22 5.52391
60 23 5.52391
60 24 5.52391
60 25 5.52391
60 26 5.52391
60 27 5.52391
60 28 5.52391
60 29 5.52391
60 30 5.52391
60 31 5.52391
60 32 5.52391
60 33 5.52391
60 34 5.52391
60 35 5.52391
60 36 5.52391
60 37 5.52391
60 38 5.52391
60 39 5.52391
60 40 5.52391
60 41 5.52391
60 42 5.52391
60 43 5.52391
60 44 5.52391
60 45 5.52391
60 46 5.52391
60 47 5.52391
60 48 5.52391
60 49 5.52391
60 50 5.52391
60 51 5.52391
60 52 5.52391
60 53 5.52391
60 54 5.52391
60 55 5.52391
60 56 5.52391
60 57 5.52391
60 58 5.52391
60 59 5.52391
60 60 5.52391
60 61 5.52391
60 62 5.52391
60 63 5.52391
60 64 5.52391
60 65 5.52391
60 66 5.52391
60 67 5.52391
60 68 5.52391
60 69 5.52391
60 70 5.52391
60 71 5.52391
60 72 5.52391
60 73 5.53468
60 74 5.53468
60 75 5.53468
60 76 5.53468
60 77 5.53468
60 78 5.53468
60 79 5.53468
60 80 5.53468
60 81 5.53468
60 82 5.53468
60 83 5.53468
60 84 5.53468
60 85 5.53468
60 86 5.53951
60 87 5.56601
60 88 5.57679
60 89 5.57884
60 90 5.58226
60 91 5.58226
60 92 5.58226
60 93 5.58226
60 94 5.59303
60 95 5.68705
60 96 5.7104
60 97 5.71754
60 98 5.72778
60 99 5.73151
60 100 5.74229
60 101 5.74229
60 102 5.75128
60 103 5.76243
60 104 5.78447
60 105 5.78925
60 106 5.79544
60 107 5.87654
60 108 5.94092
60 109 6.10507
60 110 6.1137
60 111 6.15137
60 112 6.17406
60 113 6.20794
60 114 6.21849
60 115 6.31154
60 116 6.35262
60 117 6.36114
60 118 6.38924
60 119 6.38924
60 120 6.41799
60 121 6.42635
60 122 6.44254
60 123 6.48609
60 124 6.48931
60 125 6.57061
60 126 6.60485
60 127 6.63416
60 128 6.64305
60 129 6.64679
60 130 6.66496
60 131 6.66549
60 132 6.66549
60 133 6.67259
60 134 6.69163
60 135 6.70758
60 136 6.71116
60 137 6.74921
60 138 6.76838
60 139 6.78196
60 140 6.84446
60 141 6.87097
60 142 6.92084
60 143 6.93664
60 144 6.95377
60 145 6.97155
60 146 7.04546
60 147 7.05097
60 148 7.08411
60 149 7.13064
60 150 7.13069
60 151 7.15253
60 152 7.16985
60 153 7.29284
60 154 7.31982
60 155 7.33337
60 156 7.33586
60 157 7.33837
60 158 7.37899
60 159 7.38635
60 160 7.4111
60 161 7.44011
60 162 7.44826
60 163 7.47167
60 164 7.47626
60 165 7.55155
60 166 7.55502
60 167 7.57197
60 168 7.59458
60 169 7.59902
60 170 7.61997
60 171 7.63634
60 172 7.65666
60 173 7.67078
60 174 7.70318
60 175 7.81
60 176 7.83001
60 177 7.85692
60 178 7.87519
60 179 7.91909
60 180 7.95151
60 181 7.9811
60 182 8.07904
60 183 8.07904
60 184 8.14788
60 185 8.19471
60 186 8.32056
60 187 8.36144
60 188 8.68327
60 189 8.76042
60 190 8.78552
60 191 8.79339
60 192 8.82643
60 193 8.89648
60 194 9.15587
60 195 9.68643
60 196 10.3512
60 197 10.5328
60 198 10.5446
60 199 11.0018
61 0 5.43669 1 10 11 24 8 26 9 3 16 14 17 13 6 28 25 5 27 29 19 33 2 21 22 23 32 4 7 30 20 15 34 12 31 18 1 
61 1 5.51831
61 2 5.51831
61 3 5.51831
61 4 5.51831
61 5 5.51831
61 6 5.51831
61 7 5.51831
61 8 5.51831
61 9 5.51831
61 10 5.51831
61 11 5.51831
61 12 5.51831
61 13 5.51831
61 14 5.51831
61 15 5.51831
61 16 5.51831
61 17 5.51831
61 18 5.51831
61 19 5.51831
61 20 5.51831
61 21 5.51831
61 22 5.51831
61 23 5.51831
61 24 5.51831
61 25 5.51831
61 26 5.51831
61 27 5.52391
61 28 5.52391
61 29 5.52391
61 30 5.52391
61 31 5.52391
61 32 5.52391
61 33 5.52391
61 34 5.52391
61 35 5.52391
61 36 5.52391
61 37 5.52391
61 38 5.52391
61 39 5.52391
61 40 5.52391
61 41 5.52391
61 42 5.52391
61 43 5.52391
61 44 5.52391
61 45 5.52391
61 46 5.52391
61 47 5.52391
61 48 5.52391
61 49 5.52391
61 50 5.52391
61 51 5.52391
61 52 5.52391
61 53 5.52391
61 54 5.52391
61 55 5.52391
61 56 5.52391
61 57 5.52391
61 58 5.52391
61 59 5.52391
61 60 5.52391
61 61 5.52391
61 62 5.52391
61 63 5.52391
61 64 5.52391
61 65 5.52391
61 66 5.52391
61 67 5.52391
61 68 5.52391
61 69 5.52391
61 70 5.52391
61 71 5.52391
61 72 5.52391
61 73 5.52391
61 74 5.52391
61 75 5.52391
61 76 5.52391
61 77 5.52391
61 78 5.52391
61 79 5.52391
61 80 5.52391
61 81 5.52391
61 82 5.52391
61 83 5.52391
61 84 5.52391
61 85 5.52391
61 86 5.52391
61 87 5.52391
61 88 5.52391
61 89 5.52391
61 90 5.52665
61 91 5.53468
61 92 5.53468
61 93 5.53468
61 94 5.53468
61 95 5.53468
61 96 5.53468
61 97 5.53468
61 98 5.56807
61 99 5.73091
61 100 5.73151
61 101 5.7365
61 102 5.75128
61 103 5.82557
61 104 5.87623
61 105 5.87654
61 106 5.90366
61 107 5.9259
61 108 5.9415
61 109 5.96457
61 110 6.0887
61 111 6.11577
61 112 6.13576
61 113 6.1392
61 114 6.15049
61 115 6.17406
61 116 6.20823
61 117 6.21849
61 118 6.32076
61 119 6.34439
61 120 6.35221
61 121 6.37268
61 122 6.38884
61 123 6.38979
61 124 6.40208
61 125 6.44781
61 126 6.46262
61 127 6.47951
61 128 6.64493
61 129 6.66496
61 130 6.66496
61 131 6.66549
61 132 6.67259
61 133 6.67309
61 134 6.74765
61 135 6.74765
61 136 6.7928
61 137 6.8045
61 138 6.81904
61 139 6.89832
61 140 6.93664
61 141 6.98317
61 142 7.01694
61 143 7.04027
61 144 7.04757
61 145 7.08203
61 146 7.08492
61 147 7.09893
61 148 7.10347
61 149 7.18936
61 150 7.22438
61 151 7.26088
61 152 7.3148
61 153 7.33337
61 154 7.33837
61 155 7.34663
61 156 7.37899
61 157 7.40708
61 158 7.4093
61 159 7.43905
61 160 7.44321
61 161 7.45394
61 162 7.50196
61 163 7.50559
61 164 7.55502
61 165 7.58168
61 166 7.58349
61 167 7.63634
61 168 7.64527
61 169 7.66556
61 170 7.71914
61 171 7.7533
61 172 7.7856
61 173 7.82722
61 174 7.86483
61 175 7.89452
61 176 7.95653
61 177 8.0696
61 178 8.10945
61 179 8.15562
61 180 8.2038
61 181 8.25884
61 182 8.26653
61 183 8.41007
61 184 8.46079
61 185 8.49742
61 186 8.58745
61 187 8.59048
61 188 8.66387
61 189 8.70696
61 190 8.75653
61 191 8.78552
61 192 8.78953
61 193 8.98015
61 194 9.42357
61 195 9.4748
61 196 9.6184
61 197 9.86848
61 198 10.0683
61 199 10.681
62 0 5.43669 1 10 11 24 8 26 9 3 16 14 17 13 6 28 25 5 27 29 19 33 2 21 22 23 32 4 7 30 20 15 34 12 31 18 1 
62 1 5.43669
62 2 5.43669
62 3 5.43669
62 4 5.43669
62 5 5.43669
62 6 5.43669
62 7 5.43669
62 8 5.43669
62 9 5.43669
62 10 5.43669
62 11 5.43669
62 12 5.43669
62 13 5.43669
62 14 5.43669
62 15 5.43669
62 16 5.43669
62 17 5.43669
62 18 5.43669
62 19 5.43669
62 20 5.43669
62 21 5.43669
62 22 5.43669
62 23 5.43669
62 24 5.43669
62 25 5.43669
62 26 5.43669
62 27 5.43669
62 28 5.43669
62 29 5.43669
62 30 5.43669
62 31 5.44746
62 32 5.51831
62 33 5.51831
62 34 5.51831
62 35 5.51831
62 36 5.51831
62 37 5.51831
62 38 5.51831
62 39 5.51831
62 40 5.51831
62 41 5.51831
62 42 5.51831
62 43 5.51831
62 44 5.51831
62 45 5.51831
62 46 5.51831
62 47 5.51831
62 48 5.51831
62 49 5.51831
62 50 5.51831
62 51 5.51831
62 52 5.51831
62 53 5.51831
62 54 5.51831
62 55 5.51831
62 56 5.51831
62 57 5.51831
62 58 5.51831
62 59 5.51831
62 60 5.51831
62 61 5.51831
62 62 5.51831
62 63 5.51831
62 64 5.51831
62 65 5.52391
62 66 5.52391
62 67 5.52391
62 68 5.52391
62 69 5.52391
62 70 5.52391
62 71 5.52391
62 72 5.52391
62 73 5.52391
62 74 5.52391
62 75 5.52391
62 76 5.52391
62 77 5.52391
62 78 5.52391
62 79 5.52391
62 80 5.52391
62 81 5.52391
62 82 5.52391
62 83 5.52391
62 84 5.52391
62 85 5.52391
62 86 5.52391
62 87 5.52391
62 88 5.52391
62 89 5.52391
62 90 5.52391
62 91 5.52391
62 92 5.52391
62 93 5.52391
62 94 5.52391
62 95 5.52391
62 96 5.52391
62 97 5.52391
62 98 5.52391
62 99 5.52391
62 100 5.52391
62 101 5.52391
62 102 5.56807
62 103 5.57666
62 104 5.72
62 105 5.73091
62 106 5.84028
62 107 5.86856
62 108 5.91012
62 109 6.02945
62 110 6.06252
62 111 6.0887
62 112 6.15163
62 113 6.17406
62 114 6.23504
62 115 6.24616
62 116 6.35221
62 117 6.36347
62 118 6.37268
62 119 6.38884
62 120 6.40208
62 121 6.47951
62 122 6.47951
62 123 6.52079
62 124 6.55539
62 125 6.58779
62 126 6.6562
62 127 6.66496
62 128 6.66549
62 129 6.70888
62 130 6.72112
62 131 6.78725
62 132 6.82859
62 133 6.837
62 134 6.89943
62 135 6.91797
62 136 6.9369
62 137 7.01493
62 138 7.01592
62 139 7.04027
62 140 7.0408
62 141 7.04091
62 142 7.05149
62 143 7.0551
62 144 7.10347
62 145 7.15081
62 146 7.15929
62 147 7.18522
62 148 7.18936
62 149 7.19251
62 150 7.25528
62 151 7.3102
62 152 7.33032
62 153 7.33837
62 154 7.39376
62 155 7.40708
62 156 7.4424
62 157 7.45394
62 158 7.45394
62 159 7.51421
62 160 7.55265
62 161 7.59551
62 162 7.75606
62 163 7.7915
62 164 7.79735
62 165 7.83183
62 166 7.88229
62 167 7.93265
62 168 7.9373
62 169 8.01217
62 170 8.0447
62 171 8.08627
62 172 8.10107
62 173 8.11686
62 174 8.1887
62 175 8.2038
62 176 8.26653
62 177 8.27556
62 178 8.29138
62 179 8.36116
62 180 8.37112
62 181 8.37457
62 182 8.43228
62 183 8.44128
62 184 8.45882
62 185 8.46705
62 186 8.54448
62 187 8.5556
62 188 8.5717
62 189 8.60994
62 190 8.66387
62 191 8.6758
62 192 8.68717
62 193 8.83007
62 194 8.85222
62 195 8.92197
62 196 9.03781
62 197 9.06241
62 198 9.19448
62 199 10.0683
63 0 5.43109 1 10 11 24 8 26 9 3 16 14 17 13 6 28 25 5 27 29 19 33 2 21 22 23 32 4 30 7 20 15 34 12 31 18 1 
63 1 5.43109
63 2 5.43109
63 3 5.43109
63 4 5.43109
63 5 5.43109
63 6 5.43669
63 7 5.43669
63 8 5.43669
63 9 5.43669
63 10 5.43669
63 11 5.43669
63 12 5.43669
63 13 5.43669
63 14 5.43669
63 15 5.43669
63 16 5.43669
63 17 5.43669
63 18 5.43669
63 19 5.43669
63 20 5.43669
63 21 5.43669
63 22 5.43669
63 23 5.43669
63 24 5.43669
63 25 5.43669
63 26 5.43669
63 27 5.43669
63 28 5.43669
63 29 5.43669
63 30 5.43669
63 31 5.43669
63 32 5.43669
63 33 5.43669
63 34 5.43669
63 35 5.43669
63 36 5.43669
63 37 5.43669
63 38 5.43669
63 39 5.43669
63 40 5.43669
63 41 5.43669
63 42 5.43669
63 43 5.43669
63 44 5.43669
63 45 5.43669
63 46 5.43669
63 47 5.43669
63 48 5.43669
63 49 5.43669
63 50 5.43669
63 51 5.43669
63 52 5.43669
63 53 5.43669
63 54 5.43669
63 55 5.43669
63 56 5.43669
63 57 5.43669
63 58 5.43669
63 59 5.43669
63 60 5.43669
63 61 5.43669
63 62 5.43669
63 63 5.43669
63 64 5.43669
63 65 5.43669
63 66 5.43669
63 67 5.43669
63 68 5.43669
63 69 5.43669
63 70 5.43669
63 71 5.43669
63 72 5.43669
63 73 5.43669
63 74 5.43669
63 75 5.49504
63 76 5.49504
63 77 5.49504
63 78 5.51831
63 79 5.51831
63 80 5.51831
63 81 5.51831
63 82 5.51831
63 83 5.51831
63 84 5.51831
63 85 5.51831
63 86 5.51831
63 87 5.51831
63 88 5.51831
63 89 5.51831
63 90 5.51831
63 91 5.51831
63 92 5.52391
63 93 5.52391
63 94 5.52391
63 95 5.52391
63 96 5.52391
63 97 5.52391
63 98 5.52391
63 99 5.52391
63 100 5.52391
63 101 5.52391
63 102 5.52391
63 103 5.52391
63 104 5.52391
63 105 5.52391
63 106 5.52391
63 107 5.52391
63 108 5.52391
63 109 5.52391
63 110 5.52391
63 111 5.52391
63 112 5.52391
63 113 5.52391
63 114 5.55525
63 115 5.57666
63 116 5.6414
63 117 5.64928
63 118 5.66877
63 119 5.78134
63 120 5.82129
63 121 5.84028
63 122 6.00468
63 123 6.02755
63 124 6.19722
63 125 6.25251
63 126 6.26715
63 127 6.27701
63 128 6.28791
63 129 6.33487
63 130 6.35221
63 131 6.44614
63 132 6.46722
63 133 6.51608
63 134 6.5255
63 135 6.56496
63 136 6.57845
63 137 6.62864
63 138 6.66833
63 139 6.69564
63 140 6.69593
63 141 6.75203
63 142 6.77073
63 143 6.78169
63 144 6.78542
63 145 6.87651
63 146 6.90074
63 147 6.92568
63 148 6.94546
63 149 6.99068
63 150 7.00027
63 151 7.04212
63 152 7.04931
63 153 7.08309
63 154 7.1007
63 155 7.10347
63 156 7.14172
63 157 7.15081
63 158 7.19085
63 159 7.19398
63 160 7.22537
63 161 7.23641
63 162 7.25528
63 163 7.31589
63 164 7.35488
63 165 7.36464
63 166 7.40019
63 167 7.4424
63 168 7.46196
63 169 7.5569
63 170 7.58889
63 171 7.63528
63 172 7.63572
63 173 7.66798
63 174 7.68495
63 175 7.71307
63 176 7.76631
63 177 7.83183
63 178 7.8431
63 179 8.00439
63 180 8.10731
63 181 8.15781
63 182 8.23207
63 183 8.36116
63 184 8.43933
63 185 8.50273
63 186 8.52971
63 187 8.64273
63 188 8.7111
63 189 8.74685
63 190 8.81337
63 191 8.85222
63 192 9.07957
63 193 9.10399
63 194 9.2629
63 195 9.37599
63 196 9.53387
63 197 9.69199
63 198 10.0683
63 199 10.1373
64 0 5.43109 1 10 11 24 8 26 9 3 16 14 17 13 6 28 25 5 27 29 19 33 2 21 22 23 32 4 30 7 20 15 34 12 31 18 1 
64 1 5.43109
64 2 5.43109
64 3 5.43109
64 4 5.43109
64 5 5.43109
64 6 5.43109
64 7 5.43109
64 8 5.43109
64 9 5.43109
64 10 5.43109
64 11 5.43109
64 12 5.43109
64 13 5.43109
64 14 5.43109
64 15 5.43109
64 16 5.43109
64 17 5.43109
64 18 5.43109
64 19 5.43109
64 20 5.43109
64 21 5.43109
64 22 5.43109
64 23 5.43109
64 24 5.43109
64 25 5.43109
64 26 5.43109
64 27 5.43109
64 28 5.43109
64 29 5.43109
64 30 5.43109
64 31 5.43109
64 32 5.43109
64 33 5.43109
64 34 5.43109
64 35 5.43109
64 36 5.43109
64 37 5.43109
64 38 5.43669
64 39 5.43669
64 40 5.43669
64 41 5.43669
64 42 5.43669
64 43 5.43669
64 44 5.43669
64 45 5.43669
64 46 5.43669
64 47 5.43669
64 48 5.43669
64 49 5.43669
64 50 5.43669
64 51 5.43669
64 52 5.43669
64 53 5.43669
64 54 5.43669
64 55 5.43669
64 56 5.43669
64 57 5.43669
64 58 5.43669
64 59 5.43669
64 60 5.43669
64 61 5.43669
64 62 5.43669
64 63 5.43669
64 64 5.43669
64 65 5.43669
64 66 5.43669
64 67 5.43669
64 68 5.43669
64 69 5.43669
64 70 5.43669
64 71 5.43669
64 72 5.43669
64 73 5.43669
64 74 5.43669
64 75 5.43669
64 76 5.43669
64 77 5.43669
64 78 5.43669
64 79 5.43669
64 80 5.43669
64 81 5.43669
64 82 5.43669
64 83 5.43669
64 84 5.43669
64 85 5.43669
64 86 5.43669
64 87 5.43669
64 88 5.43669
64 89 5.43669
64 90 5.43669
64 91 5.43669
64 92 5.43669
64 93 5.49504
64 94 5.51831
64 95 5.51831
64 96 5.51831
64 97 5.51831
64 98 5.5192
64 99 5.52391
64 100 5.52391
64 101 5.52391
64 102 5.52391
64 103 5.52391
64 104 5.52391
64 105 5.54859
64 106 5.66644
64 107 5.66877
64 108 5.73735
64 109 5.83038
64 110 5.97037
64 111 6.01342
64 112 6.04263
64 113 6.18558
64 114 6.20321
64 115 6.25557
64 116 6.26715
64 117 6.2728
64 118 6.28329
64 119 6.30181
64 120 6.33487
64 121 6.34734
64 122 6.45058
64 123 6.47614
64 124 6.47639
64 125 6.47697
64 126 6.50131
64 127 6.50341
64 128 6.54546
64 129 6.55821
64 130 6.582
64 131 6.60896
64 132 6.65724
64 133 6.68755
64 134 6.70281
64 135 6.75111
64 136 6.75555
64 137 6.76098
64 138 6.77073
64 139 6.78167
64 140 6.85076
64 141 6.86984
64 142 6.87651
64 143 6.90176
64 144 6.9335
64 145 6.95381
64 146 6.99068
64 147 7.00627
64 148 7.02622
64 149 7.02678
64 150 7.07987
64 151 7.08788
64 152 7.10347
64 153 7.14522
64 154 7.20338
64 155 7.21608
64 156 7.24751
64 157 7.28154
64 158 7.35207
64 159 7.35459
64 160 7.38921
64 161 7.49612
64 162 7.52562
64 163 7.57049
64 164 7.63582
64 165 7.69514
64 166 7.71084
64 167 7.72003
64 168 7.84496
64 169 7.92624
64 170 7.96842
64 171 8.02543
64 172 8.06627
64 173 8.10964
64 174 8.14013
64 175 8.18818
64 176 8.22862
64 177 8.28484
64 178 8.35919
64 179 8.3656
64 180 8.39278
64 181 8.44419
64 182 8.50273
64 183 8.58897
64 184 8.6974
64 185 8.87466
64 186 8.87656
64 187 9.1541
64 188 9.27708
64 189 9.50285
64 190 9.51638
64 191 9.53387
64 192 9.61634
64 193 9.77465
64 194 9.98855
64 195 10.1455
64 196 10.4025
64 197 10.411
64 198 10.5492
64 199 10.8333
65 0 5.43109 1 10 11 24 8 26 9 3 16 14 17 13 6 28 25 5 27 29 19 33 2 21 22 23 32 4 30 7 20 15 34 12 31 18 1 
65 1 5.43109
65 2 5.43109
65 3 5.43109
65 4 5.43109
65 5 5.43109
65 6 5.43109
65 7 5.43109
65 8 5.43109
65 9 5.43109
65 10 5.43109
65 11 5.43109
65 12 5.43109
65 13 5.43109
65 14 5.43109
65 15 5.43109
65 16 5.43109
65 17 5.43109
65 18 5.43109
65 19 5.43109
65 20 5.43109
65 21 5.43109
65 22 5.43109
65 23 5.43109
65 24 5.43109
65 25 5.43109
65 26 5.43109
65 27 5.43109
65 28 5.43109
65 29 5.43109
65 30 5.43109
65 31 5.43109
65 32 5.43109
65 33 5.43109
65 34 5.43109
65 35 5.43109
65 36 5.43109
65 37 5.43109
65 38 5.43109
65 39 5.43109
65 40 5.43109
65 41 5.43109
65 42 5.43109
65 43 5.43109
65 44 5.43109
65 45 5.43109
65 46 5.43109
65 47 5.43109
65 48 5.43109
65 49 5.43109
65 50 5.43109
65 51 5.43109
65 52 5.43109
65 53 5.43109
65 54 5.43109
65 55 5.43109
65 56 5.43109
65 57 5.43109
65 58 5.43109
65 59 5.43109
65 60 5.43109
65 61 5.43109
65 62 5.43109
65 63 5.43109
65 64 5.43109
65 65 5.43109
65 66 5.43669
65 67 5.43669
65 68 5.43669
65 69 5.43669
65 70 5.43669
65 71 5.43669
65 72 5.43669
65 73 5.43669
65 74 5.43669
65 75 5.43669
65 76 5.43669
65 77 5.43669
65 78 5.43669
65 79 5.43669
65 80 5.43669
65 81 5.43669
65 82 5.43669
65 83 5.43669
65 84 5.43669
65 85 5.43669
65 86 5.43669
65 87 5.43669
65 88 5.43669
65 89 5.43669
65 90 5.43669
65 91 5.43669
65 92 5.43669
65 93 5.43669
65 94 5.43669
65 95 5.43669
65 96 5.45886
65 97 5.48944
65 98 5.49504
65 99 5.49504
65 100 5.49504
65 101 5.51831
65 102 5.51831
65 103 5.5192
65 104 5.52391
65 105 5.52391
65 106 5.62377
65 107 5.77336
65 108 5.81474
65 109 5.83038
65 110 5.93571
65 111 5.9797
65 112 5.99942
65 113 6.0366
65 114 6.17325
65 115 6.18558
65 116 6.2102
65 117 6.26715
65 118 6.28329
65 119 6.2954
65 120 6.29603
65 121 6.29816
65 122 6.30181
65 123 6.31505
65 124 6.33487
65 125 6.34734
65 126 6.35161
65 127 6.4012
65 128 6.46526
65 129 6.47207
65 130 6.53229
65 131 6.54563
65 132 6.54894
65 133 6.55821
65 134 6.56599
65 135 6.63169
65 136 6.65448
65 137 6.65724
65 138 6.66235
65 139 6.70111
65 140 6.81669
65 141 6.89887
65 142 6.92754
65 143 6.9335
65 144 6.93374
65 145 6.95327
65 146 7.03276
65 147 7.15952
65 148 7.21747
65 149 7.24876
65 150 7.29409
65 151 7.34163
65 152 7.35468
65 153 7.3687
65 154 7.38921
65 155 7.39027
65 156 7.39113
65 157 7.40745
65 158 7.41841
65 159 7.42645
65 160 7.43492
65 161 7.44628
65 162 7.47916
65 163 7.58924
65 164 7.61144
65 165 7.63582
65 166 7.66049
65 167 7.67147
65 168 7.72442
65 169 7.79371
65 170 7.79775
65 171 7.80747
65 172 7.86248
65 173 7.87337
65 174 7.92624
65 175 7.9879
65 176 8.10481
65 177 8.10964
65 178 8.18928
65 179 8.2931
65 180 8.35106
65 181 8.41846
65 182 8.4623
65 183 8.49427
65 184 8.53266
65 185 8.58897
65 186 8.68263
65 187 8.70054
65 188 8.76178
65 189 8.93175
65 190 9.01137
65 191 9.09735
65 192 9.1765
65 193 9.21593
65 194 9.24013
65 195 9.24115
65 196 9.65047
65 197 9.79469
65 198 10.0224
65 199 10.8333
66 0 5.43109 1 10 11 24 8 26 9 3 16 14 17 13 6 28 25 5 27 29 19 33 2 21 22 23 32 4 30 7 20 15 34 12 31 18 1 
66 1 5.43109
66 2 5.43109
66 3 5.43109
66 4 5.43109
66 5 5.43109
66 6 5.43109
66 7 5.43109
66 8 5.43109
66 9 5.43109
66 10 5.43109
66 11 5.43109
66 12 5.43109
66 13 5.43109
66 14 5.43109
66 15 5.43109
66 16 5.43109
66 17 5.43109
66 18 5.43109
66 19 5.43109
66 20 5.43109
66 21 5.43109
66 22 5.43109
66 23 5.43109
66 24 5.43109
66 25 5.43109
66 26 5.43109
66 27 5.43109
66 28 5.43109
66 29 5.43109
66 30 5.43109
66 31 5.43109
66 32 5.43109
66 33 5.43109
66 34 5.43109
66 35 5.43109
66 36 5.43109
66 37 5.43109
66 38 5.43109
66 39 5.43109
66 40 5.43109
66 41 5.43109
66 42 5.43109
66 43 5.43109
66 44 5.43109
66 45 5.43109
66 46 5.43109
66 47 5.43109
66 48 5.43109
66 49 5.43109
66 50 5.43109
66 51 5.43109
66 52 5.43109
66 53 5.43109
66 54 5.43109
66 55 5.43109
66 56 5.43109
66 57 5.43109
66 58 5.43109
66 59 5.43109
66 60 5.43109
66 61 5.43109
66 62 5.43109
66 63 5.43109
66 64 5.43109
66 65 5.43109
66 66 5.43109
66 67 5.43109
66 68 5.43109
66 69 5.43109
66 70 5.43109
66 71 5.43109
66 72 5.43109
66 73 5.43109
66 74 5.43669
66 75 5.43669
66 76 5.43669
66 77 5.43669
66 78 5.43669
66 79 5.43669
66 80 5.43669
66 81 5.43669
66 82 5.43669
66 83 5.43669
66 84 5.43669
66 85 5.44888
66 86 5.45886
66 87 5.48944
66 88 5.51721
66 89 5.62377
66 90 5.65331
66 91 5.70643
66 92 5.71419
66 93 5.73355
66 94 5.74667
66 95 5.79301
66 96 5.8195
66 97 5.90614
66 98 5.93868
66 99 6.01631
66 100 6.0366
66 101 6.0366
66 102 6.11631
66 103 6.17211
66 104 6.17325
66 105 6.28329
66 106 6.2898
66 107 6.2954
66 108 6.32437
66 109 6.37263
66 110 6.41528
66 111 6.42036
66 112 6.42344
66 113 6.43222
66 114 6.46845
66 115 6.47207
66 116 6.47836
66 117 6.49382
66 118 6.5087
66 119 6.51111
66 120 6.52322
66 121 6.52784
66 122 6.53229
66 123 6.55982
66 124 6.62015
66 125 6.62053
66 126 6.63169
66 127 6.65448
66 128 6.65949
66 129 6.70111
66 130 6.76362
66 131 6.77073
66 132 6.79167
66 133 6.79981
66 134 6.81367
66 135 6.87543
66 136 6.90346
66 137 6.92754
66 138 6.95389
66 139 6.96706
66 140 7.02416
66 141 7.1238
66 142 7.15536
66 143 7.15595
66 144 7.24876
66 145 7.25362
66 146 7.25835
66 147 7.25973
66 148 7.29468
66 149 7.33985
66 150 7.35468
66 151 7.36057
66 152 7.38803
66 153 7.42645
66 154 7.43436
66 155 7.5298
66 156 7.57036
66 157 7.59476
66 158 7.60844
66 159 7.62888
66 160 7.6417
66 161 7.66049
66 162 7.66832
66 163 7.87285
66 164 7.88307
66 165 7.8949
66 166 7.92369
66 167 7.93341
66 168 7.93939
66 169 7.9758
66 170 8.10831
66 171 8.13511
66 172 8.15078
66 173 8.24893
66 174 8.30452
66 175 8.3265
66 176 8.35794
66 177 8.37169
66 178 8.45008
66 179 8.45777
66 180 8.4623
66 181 8.4798
66 182 8.49427
66 183 8.50266
66 184 8.51586
66 185 8.53266
66 186 8.53266
66 187 8.57949
66 188 8.65026
66 189 8.73679
66 190 8.76178
66 191 8.77734
66 192 8.8598
66 193 9.01929
66 194 9.1765
66 195 9.54352
66 196 10.0224
66 197 10.8333
66 198 11.0924
66 199 11.3772
67 0 5.43109 1 10 11 24 8 26 9 3 16 14 17 13 6 28 25 5 27 29 19 33 2 21 22 23 32 4 30 7 20 15 34 12 31 18 1 
67 1 5.43109
67 2 5.43109
67 3 5.43109
67 4 5.43109
67 5 5.43109
67 6 5.43109
67 7 5.43109
67 8 5.43109
67 9 5.43109
67 10 5.43109
67 11 5.43109
67 12 5.43109
67 13 5.43109
67 14 5.43109
67 15 5.43109
67 16 5.43109
67 17 5.43109
67 18 5.43109
67 19 5.43109
67 20 5.43109
67 21 5.43109
67 22 5.43109
67 23 5.43109
67 24 5.43109
67 25 5.43109
67 26 5.43109
67 27 5.43109
67 28 5.43109
67 29 5.43109
67 30 5.43109
67 31 5.43109
67 32 5.43109
67 33 5.43109
67 34 5.43109
67 35 5.43109
67 36 5.43109
67 37 5.43109
67 38 5.43109
67 39 5.43109
67 40 5.43109
67 41 5.43109
67 42 5.43109
67 43 5.43109
67 44 5.43109
67 45 5.43109
67 46 5.43109
67 47 5.43109
67 48 5.43109
67 49 5.43109
67 50 5.43109
67 51 5.43109
67 52 5.43109
67 53 5.43109
67 54 5.43109
67 55 5.43109
67 56 5.43109
67 57 5.43109
67 58 5.43109
67 59 5.43109
67 60 5.43109
67 61 5.43109
67 62 5.43109
67 63 5.43109
67 64 5.43109
67 65 5.43109
67 66 5.43109
67 67 5.43109
67 68 5.43109
67 69 5.43109
67 70 5.43109
67 71 5.43109
67 72 5.43109
67 73 5.43109
67 74 5.43109
67 75 5.43109
67 76 5.43669
67 77 5.43669
67 78 5.43669
67 79 5.43669
67 80 5.43669
67 81 5.43669
67 82 5.43669
67 83 5.43669
67 84 5.43669
67 85 5.51721
67 86 5.64141
67 87 5.65331
67 88 5.68381
67 89 5.70643
67 90 5.71419
67 91 5.73355
67 92 5.80809
67 93 5.81296
67 94 5.84247
67 95 5.90614
67 96 5.91085
67 97 5.92411
67 98 5.92411
67 99 5.93868
67 100 5.93868
67 101 6.01405
67 102 6.03501
67 103 6.0366
67 104 6.0366
67 105 6.11071
67 106 6.1404
67 107 6.15838
67 108 6.15894
67 109 6.17211
67 110 6.226
67 111 6.23346
67 112 6.248
67 113 6.25565
67 114 6.25936
67 115 6.26168
67 116 6.2706
67 117 6.2898
67 118 6.32689
67 119 6.36499
67 120 6.40861
67 121 6.44008
67 122 6.44782
67 123 6.47336
67 124 6.5087
67 125 6.53229
67 126 6.54039
67 127 6.55982
67 128 6.56929
67 129 6.57366
67 130 6.59842
67 131 6.61099
67 132 6.6641
67 133 6.66438
67 134 6.67859
67 135 6.69468
67 136 6.73383
67 137 6.78993
67 138 6.79981
67 139 6.82156
67 140 6.84356
67 141 6.8514
67 142 6.86437
67 143 6.91234
67 144 6.95389
67 145 6.95867
67 146 7.0635
67 147 7.09015
67 148 7.10294
67 149 7.14304
67 150 7.16446
67 151 7.18887
67 152 7.25362
67 153 7.25973
67 154 7.28403
67 155 7.33486
67 156 7.36796
67 157 7.37875
67 158 7.384
67 159 7.44648
67 160 7.47482
67 161 7.48511
67 162 7.5298
67 163 7.5298
67 164 7.57036
67 165 7.57036
67 166 7.59476
67 167 7.64202
67 168 7.66049
67 169 7.66049
67 170 7.66832
67 171 7.67462
67 172 7.7054
67 173 7.71425
67 174 7.79586
67 175 7.89303
67 176 7.9758
67 177 8.04128
67 178 8.12699
67 179 8.17418
67 180 8.21145
67 181 8.2683
67 182 8.30452
67 183 8.31717
67 184 8.38208
67 185 8.39212
67 186 8.50736
67 187 8.52599
67 188 8.74398
67 189 8.7917
67 190 8.84195
67 191 8.92309
67 192 9.07087
67 193 9.22058
67 194 9.28337
67 195 9.37595
67 196 9.54352
67 197 9.57169
67 198 9.74945
67 199 10.5132
68 0 5.43109 1 10 11 24 8 26 9 3 16 14 17 13 6 28 25 5 27 29 19 33 2 21 22 23 32 4 30 7 20 15 34 12 31 18 1 
68 1 5.43109
68 2 5.43109
68 3 5.43109
68 4 5.43109
68 5 5.43109
68 6 5.43109
68 7 5.43109
68 8 5.43109
68 9 5.43109
68 10 5.43109
68 11 5.43109
68 12 5.43109
68 13 5.43109
68 14 5.43109
68 15 5.43109
68 16 5.43109
68 17 5.43109
68 18 5.43109
68 19 5.43109
68 20 5.43109
68 21 5.43109
68 22 5.43109
68 23 5.43109
68 24 5.43109
68 25 5.43109
68 26 5.43109
68 27 5.43109
68 28 5.43109
68 29 5.43109
68 30 5.43109
68 31 5.43109
68 32 5.43109
68 33 5.43109
68 34 5.43109
68 35 5.43109
68 36 5.43109
68 37 5.43109
68 38 5.43109
68 39 5.43109
68 40 5.43109
68 41 5.43109
68 42 5.43109
68 43 5.43109
68 44 5.43109
68 45 5.43109
68 46 5.43109
68 47 5.43109
68 48 5.43109
68 49 5.43109
68 50 5.43109
68 51 5.43109
68 52 5.43109
68 53 5.43109
68 54 5.43109
68 55 5.43109
68 56 5.43109
68 57 5.43109
68 58 5.43109
68 59 5.43109
68 60 5.43109
68 61 5.43109
68 62 5.43109
68 63 5.43109
68 64 5.43109
68 65 5.43109
68 66 5.43109
68 67 5.43109
68 68 5.43109
68 69 5.43109
68 70 5.43109
68 71 5.43109
68 72 5.43109
68 73 5.43109
68 74 5.43109
68 75 5.43109
68 76 5.43109
68 77 5.43109
68 78 5.43109
68 79 5.43109
68 80 5.43109
68 81 5.43109
68 82 5.43109
68 83 5.43109
68 84 5.43109
68 85 5.43109
68 86 5.43109
68 87 5.43109
68 88 5.43669
68 89 5.43669
68 90 5.43669
68 91 5.48944
68 92 5.51721
68 93 5.53442
68 94 5.55525
68 95 5.58814
68 96 5.59427
68 97 5.62473
68 98 5.6387
68 99 5.64141
68 100 5.70643
68 101 5.70643
68 102 5.70643
68 103 5.72848
68 104 5.73355
68 105 5.93868
68 106 5.99383
68 107 6.18717
68 108 6.1992
68 109 6.20408
68 110 6.245
68 111 6.25936
68 112 6.2706
68 113 6.28219
68 114 6.3359
68 115 6.34483
68 116 6.36499
68 117 6.37999
68 118 6.39412
68 119 6.41956
68 120 6.46575
68 121 6.48852
68 122 6.5087
68 123 6.5087
68 124 6.53229
68 125 6.54385
68 126 6.55982
68 127 6.59562
68 128 6.60163
68 129 6.61301
68 130 6.6641
68 131 6.66747
68 132 6.66772
68 133 6.68768
68 134 6.72329
68 135 6.76616
68 136 6.7666
68 137 6.78993
68 138 6.79981
68 139 6.80602
68 140 6.81544
68 141 6.83416
68 142 6.84282
68 143 6.92948
68 144 6.95389
68 145 7.00774
68 146 7.06823
68 147 7.09015
68 148 7.09015
68 149 7.16446
68 150 7.1802
68 151 7.19102
68 152 7.22746
68 153 7.25455
68 154 7.3043
68 155 7.31875
68 156 7.33862
68 157 7.40201
68 158 7.43793
68 159 7.49412
68 160 7.5298
68 161 7.5298
68 162 7.57349
68 163 7.59476
68 164 7.64202
68 165 7.69565
68 166 7.69965
68 167 7.84363
68 168 7.84454
68 169 7.87555
68 170 8.00194
68 171 8.04128
68 172 8.065
68 173 8.06973
68 174 8.21756
68 175 8.3284
68 176 8.33359
68 177 8.3407
68 178 8.37522
68 179 8.39212
68 180 8.39212
68 181 8.40964
68 182 8.42695
68 183 8.45588
68 184 8.50736
68 185 8.54692
68 186 8.62973
68 187 8.70205
68 188 8.85331
68 189 8.86614
68 190 8.89169
68 191 8.93776
68 192 9.00856
68 193 9.08531
68 194 9.5265
68 195 9.62632
68 196 10.4084
68 197 11.0106
68 198 11.5519
68 199 12.1294
69 0 5.41042 1 10 11 24 8 26 9 3 16 14 17 13 6 28 25 5 27 29 19 33 2 21 22 23 32 4 30 7 20 34 15 12 31 18 1 
69 1 5.43109
69 2 5.43109
69 3 5.43109
69 4 5.43109
69 5 5.43109
69 6 5.43109
69 7 5.43109
69 8 5.43109
69 9 5.43109
69 10 5.43109
69 11 5.43109
69 12 5.43109
69 13 5.43109
69 14 5.43109
69 15 5.43109
69 16 5.43109
69 17 5.43109
69 18 5.43109
69 19 5.43109
69 20 5.43109
69 21 5.43109
69 22 5.43109
69 23 5.43109
69 24 5.43109
69 25 5.43109
69 26 5.43109
69 27 5.43109
69 28 5.43109
69 29 5.43109
69 30 5.43109
69 31 5.43109
69 32 5.43109
69 33 5.43109
69 34 5.43109
69 35 5.43109
69 36 5.43109
69 37 5.43109
69 38 5.43109
69 39 5.43109
69 40 5.43109
69 41 5.43109
69 42 5.43109
69 43 5.43109
69 44 5.43109
69 45 5.43109
69 46 5.43109
69 47 5.43109
69 48 5.43109
69 49 5.43109
69 50 5.43109
69 51 5.43109
69 52 5.43109
69 53 5.43109
69 54 5.43109
69 55 5.43109
69 56 5.43109
69 57 5.43109
69 58 5.43109
69 59 5.43109
69 60 5.43109
69 61 5.43109
69 62 5.43109
69 63 5.43109
69 64 5.43109
69 65 5.43109
69 66 5.43109
69 67 5.43109
69 68 5.43109
69 69 5.43109
69 70 5.43109
69 71 5.43109
69 72 5.43109
69 73 5.43109
69 74 5.43109
69 75 5.43109
69 76 5.43109
69 77 5.43109
69 78 5.43109
69 79 5.43109
69 80 5.43109
69 81 5.43109
69 82 5.43109
69 83 5.43109
69 84 5.43109
69 85 5.43109
69 86 5.43109
69 87 5.43109
69 88 5.43109
69 89 5.43669
69 90 5.46226
69 91 5.47525
69 92 5.53442
69 93 5.55525
69 94 5.68512
69 95 5.70643
69 96 5.72848
69 97 5.73355
69 98 5.83082
69 99 5.91185
69 100 5.93868
69 101 6.07735
69 102 6.09043
69 103 6.13313
69 104 6.16224
69 105 6.17734
69 106 6.2598
69 107 6.28042
69 108 6.28646
69 109 6.29499
69 110 6.29602
69 111 6.40386
69 112 6.43566
69 113 6.44139
69 114 6.46563
69 115 6.46702
69 116 6.46957
69 117 6.50133
69 118 6.5087
69 119 6.5087
69 120 6.53122
69 121 6.54544
69 122 6.55193
69 123 6.55747
69 124 6.56943
69 125 6.60163
69 126 6.63275
69 127 6.64196
69 128 6.65389
69 129 6.65639
69 130 6.661
69 131 6.67136
69 132 6.70973
69 133 6.71142
69 134 6.73383
69 135 6.76616
69 136 6.7666
69 137 6.77242
69 138 6.85191
69 139 6.86868
69 140 6.8847
69 141 6.94001
69 142 6.99299
69 143 7.01059
69 144 7.03783
69 145 7.06326
69 146 7.09015
69 147 7.10274
69 148 7.13099
69 149 7.1544
69 150 7.20568
69 151 7.21059
69 152 7.22236
69 153 7.24305
69 154 7.28139
69 155 7.28819
69 156 7.2974
69 157 7.3383
69 158 7.33862
69 159 7.38109
69 160 7.52787
69 161 7.5298
69 162 7.58324
69 163 7.60587
69 164 7.61448
69 165 7.66049
69 166 7.66049
69 167 7.69565
69 168 7.76411
69 169 7.85269
69 170 7.89547
69 171 7.98683
69 172 7.99844
69 173 8.00646
69 174 8.065
69 175 8.30654
69 176 8.31812
69 177 8.35353
69 178 8.3586
69 179 8.39144
69 180 8.39212
69 181 8.40527
69 182 8.41356
69 183 8.45588
69 184 8.47035
69 185 8.47053
69 186 8.50736
69 187 8.53255
69 188 8.5923
69 189 8.59808
69 190 8.60486
69 191 8.64044
69 192 9.00856
69 193 9.28124
69 194 9.32468
69 195 9.53554
69 196 9.7493
69 197 9.74945
69 198 11.0638
69 199 11.1149
70 0 5.41042 1 10 11 24 8 26 9 3 16 14 17 13 6 28 25 5 27 29 19 33 2 21 22 23 32 4 30 7 20 34 15 12 31 18 1 
70 1 5.41042
70 2 5.41042
70 3 5.41042
70 4 5.41042
70 5 5.41042
70 6 5.41042
70 7 5.41042
70 8 5.41042
70 9 5.41042
70 10 5.41042
70 11 5.41042
70 12 5.41042
70 13 5.41042
70 14 5.41042
70 15 5.41042
70 16 5.41042
70 17 5.41042
70 18 5.41042
70 19 5.42575
70 20 5.42575
70 21 5.43109
70 22 5.43109
70 23 5.43109
70 24 5.43109
70 25 5.43109
70 26 5.43109
70 27 5.43109
70 28 5.43109
70 29 5.43109
70 30 5.43109
70 31 5.43109
70 32 5.43109
70 33 5.43109
70 34 5.43109
70 35 5.43109
70 36 5.43109
70 37 5.43109
70 38 5.43109
70 39 5.43109
70 40 5.43109
70 41 5.43109
70 42 5.43109
70 43 5.43109
70 44 5.43109
70 45 5.43109
70 46 5.43109
70 47 5.43109
70 48 5.43109
70 49 5.43109
70 50 5.43109
70 51 5.43109
70 52 5.43109
70 53 5.43109
70 54 5.43109
70 55 5.43109
70 56 5.43109
70 57 5.43109
70 58 5.43109
70 59 5.43109
70 60 5.43109
70 61 5.43109
70 62 5.43109
70 63 5.43109
70 64 5.43109
70 65 5.43109
70 66 5.43109
70 67 5.43109
70 68 5.43109
70 69 5.43109
70 70 5.43109
70 71 5.43109
70 72 5.43109
70 73 5.43109
70 74 5.43109
70 75 5.43109
70 76 5.43109
70 77 5.43109
70 78 5.43109
70 79 5.43109
70 80 5.43109
70 81 5.43109
70 82 5.43109
70 83 5.43109
70 84 5.43109
70 85 5.43109
70 86 5.43109
70 87 5.43109
70 88 5.43109
70 89 5.43109
70 90 5.43109
70 91 5.43109
70 92 5.43109
70 93 5.43109
70 94 5.43109
70 95 5.43109
70 96 5.43109
70 97 5.43109
70 98 5.43109
70 99 5.43198
70 100 5.46877
70 101 5.48944
70 102 5.53442
70 103 5.60205
70 104 5.61473
70 105 5.62329
70 106 5.64141
70 107 5.6678
70 108 5.67261
70 109 5.68617
70 110 5.72581
70 111 5.73176
70 112 5.73355
70 113 5.82138
70 114 5.91185
70 115 5.93868
70 116 6.1182
70 117 6.12217
70 118 6.12665
70 119 6.17781
70 120 6.1992
70 121 6.23123
70 122 6.2598
70 123 6.26168
70 124 6.35303
70 125 6.40386
70 126 6.44623
70 127 6.48302
70 128 6.48606
70 129 6.5087
70 130 6.52749
70 131 6.55193
70 132 6.59452
70 133 6.60163
70 134 6.62311
70 135 6.65639
70 136 6.66246
70 137 6.67136
70 138 6.72607
70 139 6.75111
70 140 6.80856
70 141 6.83097
70 142 6.85686
70 143 6.91471
70 144 6.95694
70 145 6.99299
70 146 7.01059
70 147 7.03071
70 148 7.06147
70 149 7.11613
70 150 7.1176
70 151 7.13099
70 152 7.13231
70 153 7.14266
70 154 7.18419
70 155 7.18434
70 156 7.21059
70 157 7.29637
70 158 7.34807
70 159 7.35879
70 160 7.36541
70 161 7.37104
70 162 7.40037
70 163 7.45425
70 164 7.45649
70 165 7.49589
70 166 7.5298
70 167 7.55196
70 168 7.56222
70 169 7.57531
70 170 7.60587
70 171 7.64727
70 172 7.65143
70 173 7.66049
70 174 7.69924
70 175 7.7285
70 176 7.76411
70 177 7.76411
70 178 7.80988
70 179 7.82635
70 180 7.97029
70 181 8.00715
70 182 8.15814
70 183 8.25016
70 184 8.30903
70 185 8.39107
70 186 8.40802
70 187 8.53255
70 188 8.59808
70 189 8.60901
70 190 8.6267
70 191 8.72806
70 192 8.82211
70 193 8.83616
70 194 9.00856
70 195 9.16021
70 196 9.19091
70 197 9.26633
70 198 9.44608
70 199 10.3229
71 0 5.40508 1 26 11 24 8 10 9 3 16 14 17 13 6 28 25 5 27 29 19 33 2 21 22 23 32 4 30 7 20 34 15 12 31 18 1 
71 1 5.41042
71 2 5.41042
71 3 5.41042
71 4 5.41042
71 5 5.41042
71 6 5.41042
71 7 5.41042
71 8 5.41042
71 9 5.41042
71 10 5.41042
71 11 5.41042
71 12 5.41042
71 13 5.41042
71 14 5.41042
71 15 5.41042
71 16 5.41042
71 17 5.41042
71 18 5.41042
71 19 5.41042
71 20 5.41042
71 21 5.41042
71 22 5.41042
71 23 5.41042
71 24 5.41042
71 25 5.41042
71 26 5.41042
71 27 5.41042
71 28 5.41042
71 29 5.41042
71 30 5.41042
71 31 5.41042
71 32 5.41042
71 33 5.41042
71 34 5.41042
71 35 5.41042
71 36 5.41042
71 37 5.41042
71 38 5.41042
71 39 5.41042
71 40 5.41042
71 41 5.41042
71 42 5.41042
71 43 5.41369
71 44 5.42575
71 45 5.42821
71 46 5.43109
71 47 5.43109
71 48 5.43109
71 49 5.43109
71 50 5.43109
71 51 5.43109
71 52 5.43109
71 53 5.43109
71 54 5.43109
71 55 5.43109
71 56 5.43109
71 57 5.43109
71 58 5.43109
71 59 5.43109
71 60 5.43109
71 61 5.43109
71 62 5.43109
71 63 5.43109
71 64 5.43109
71 65 5.43109
71 66 5.43109
71 67 5.43109
71 68 5.43109
71 69 5.43109
71 70 5.43109
71 71 5.43109
71 72 5.43109
71 73 5.43109
71 74 5.43109
71 75 5.43109
71 76 5.43109
71 77 5.43109
71 78 5.43109
71 79 5.43109
71 80 5.43109
71 81 5.43109
71 82 5.43109
71 83 5.43109
71 84 5.43109
71 85 5.43109
71 86 5.43109
71 87 5.43162
71 88 5.43198
71 89 5.46877
71 90 5.46877
71 91 5.512
71 92 5.61473
71 93 5.62329
71 94 5.62329
71 95 5.62329
71 96 5.6387
71 97 5.65694
71 98 5.6678
71 99 5.68381
71 100 5.71265
71 101 5.72549
71 102 5.74667
71 103 5.81465
71 104 5.87973
71 105 5.918
71 106 5.93533
71 107 5.93571
71 108 5.94164
71 109 5.99383
71 110 6.01306
71 111 6.12665
71 112 6.15713
71 113 6.16162
71 114 6.17781
71 115 6.1992
71 116 6.30493
71 117 6.36737
71 118 6.3702
71 119 6.39167
71 120 6.42108
71 121 6.43074
71 122 6.44008
71 123 6.46234
71 124 6.5313
71 125 6.54205
71 126 6.59794
71 127 6.62351
71 128 6.63585
71 129 6.63953
71 130 6.65639
71 131 6.66246
71 132 6.69725
71 133 6.71168
71 134 6.73826
71 135 6.75312
71 136 6.76977
71 137 6.79239
71 138 6.81367
71 139 6.85686
71 140 6.90991
71 141 6.91471
71 142 6.9415
71 143 6.95687
71 144 6.97989
71 145 6.99299
71 146 7.00002
71 147 7.00462
71 148 7.11613
71 149 7.16173
71 150 7.16642
71 151 7.17647
71 152 7.2203
71 153 7.22237
71 154 7.23811
71 155 7.24453
71 156 7.28145
71 157 7.32459
71 158 7.34527
71 159 7.36388
71 160 7.3837
71 161 7.38399
71 162 7.4035
71 163 7.40973
71 164 7.41614
71 165 7.44302
71 166 7.47402
71 167 7.50439
71 168 7.52087
71 169 7.55727
71 170 7.57531
71 171 7.65167
71 172 7.71986
71 173 7.7605
71 174 7.76411
71 175 7.78038
71 176 7.83164
71 177 7.89369
71 178 7.97029
71 179 8.02587
71 180 8.047
71 181 8.2771
71 182 8.35949
71 183 8.4256
71 184 8.53255
71 185 8.56737
71 186 8.58084
71 187 8.58084
71 188 8.91446
71 189 8.98524
71 190 9.00766
71 191 9.02143
71 192 9.02325
71 193 9.22098
71 194 9.35795
71 195 9.61717
71 196 9.67452
71 197 9.83765
71 198 10.1808
71 199 10.4548
72 0 5.37198 1 10 26 11 24 8 9 3 16 14 17 13 6 28 25 5 27 29 19 33 2 21 22 23 32 4 30 7 20 34 15 12 31 18 1 
72 1 5.40508
72 2 5.40508
72 3 5.40508
72 4 5.40508
72 5 5.40508
72 6 5.40508
72 7 5.40508
72 8 5.40508
72 9 5.40508
72 10 5.41042
72 11 5.41042
72 12 5.41042
72 13 5.41042
72 14 5.41042
72 15 5.41042
72 16 5.41042
72 17 5.41042
72 18 5.41042
72 19 5.41042
72 20 5.41042
72 21 5.41042
72 22 5.41042
72 23 5.41042
72 24 5.41042
72 25 5.41042
72 26 5.41042
72 27 5.41042
72 28 5.41042
72 29 5.41042
72 30 5.41042
72 31 5.41042
72 32 5.41042
72 33 5.41042
72 34 5.41042
72 35 5.41042
72 36 5.41042
72 37 5.41042
72 38 5.41042
72 39 5.41042
72 40 5.41042
72 41 5.41042
72 42 5.41042
72 43 5.41042
72 44 5.41042
72 45 5.41042
72 46 5.41042
72 47 5.41042
72 48 5.41042
72 49 5.41042
72 50 5.41042
72 51 5.41042
72 52 5.41042
72 53 5.41042
72 54 5.41042
72 55 5.41042
72 56 5.41042
72 57 5.41042
72 58 5.41042
72 59 5.41042
72 60 5.41042
72 61 5.41042
72 62 5.41042
72 63 5.41042
72 64 5.41042
72 65 5.41042
72 66 5.41042
72 67 5.41042
72 68 5.41369
72 69 5.41369
72 70 5.42575
72 71 5.42575
72 72 5.42575
72 73 5.42575
72 74 5.42575
72 75 5.42575
72 76 5.42821
72 77 5.43109
72 78 5.43109
72 79 5.43109
72 80 5.43109
72 81 5.43109
72 82 5.43109
72 83 5.43109
72 84 5.43109
72 85 5.43109
72 86 5.43109
72 87 5.43109
72 88 5.43109
72 89 5.43109
72 90 5.43162
72 91 5.46877
72 92 5.46877
72 93 5.49401
72 94 5.54224
72 95 5.62329
72 96 5.6387
72 97 5.6387
72 98 5.6387
72 99 5.6678
72 100 5.68381
72 101 5.70481
72 102 5.70481
72 103 5.72549
72 104 5.74667
72 105 5.74667
72 106 5.91761
72 107 5.93533
72 108 5.93631
72 109 5.98577
72 110 5.99383
72 111 5.99383
72 112 6.01306
72 113 6.0225
72 114 6.05175
72 115 6.08089
72 116 6.12258
72 117 6.16162
72 118 6.21783
72 119 6.23567
72 120 6.27426
72 121 6.30967
72 122 6.32408
72 123 6.32794
72 124 6.34925
72 125 6.39453
72 126 6.41464
72 127 6.42108
72 128 6.44008
72 129 6.45512
72 130 6.46957
72 131 6.51729
72 132 6.55404
72 133 6.56678
72 134 6.61884
72 135 6.64181
72 136 6.6572
72 137 6.69725
72 138 6.71168
72 139 6.75312
72 140 6.76521
72 141 6.811
72 142 6.83035
72 143 6.86116
72 144 6.87009
72 145 6.87301
72 146 6.87368
72 147 6.91387
72 148 6.92081
72 149 6.93616
72 150 7.02991
72 151 7.08348
72 152 7.09994
72 153 7.10425
72 154 7.10593
72 155 7.15039
72 156 7.16308
72 157 7.32459
72 158 7.34321
72 159 7.35937
72 160 7.36041
72 161 7.39126
72 162 7.41614
72 163 7.42055
72 164 7.43812
72 165 7.44302
72 166 7.48622
72 167 7.4873
72 168 7.52087
72 169 7.56902
72 170 7.60549
72 171 7.81196
72 172 7.90665
72 173 8.01304
72 174 8.04863
72 175 8.08104
72 176 8.1837
72 177 8.3071
72 178 8.31807
72 179 8.31926
72 180 8.41724
72 181 8.4256
72 182 8.42691
72 183 8.44446
72 184 8.4848
72 185 8.48969
72 186 8.50248
72 187 8.56737
72 188 8.67268
72 189 8.73873
72 190 9.0012
72 191 9.09948
72 192 9.22098
72 193 9.22808
72 194 9.2641
72 195 9.39663
72 196 9.444
72 197 9.75601
72 198 10.276
72 199 10.5244
73 0 5.27883 1 26 11 24 10 8 9 3 16 14 17 13 6 28 25 5 27 29 19 33 2 21 22 23 32 4 30 7 20 34 15 12 31 18 1 
73 1 5.37198
73 2 5.37198
73 3 5.37198
73 4 5.37198
73 5 5.37198
73 6 5.37198
73 7 5.37198
73 8 5.37198
73 9 5.37198
73 10 5.37198
73 11 5.37198
73 12 5.37198
73 13 5.37198
73 14 5.37198
73 15 5.37198
73 16 5.37198
73 17 5.37198
73 18 5.37198
73 19 5.37198
73 20 5.37198
73 21 5.37198
73 22 5.37198
73 23 5.37198
73 24 5.37198
73 25 5.37198
73 26 5.37198
73 27 5.37198
73 28 5.39266
73 29 5.40508
73 30 5.40508
73 31 5.40508
73 32 5.40508
73 33 5.40508
73 34 5.40508
73 35 5.40508
73 36 5.40508
73 37 5.40508
73 38 5.40508
73 39 5.40508
73 40 5.40508
73 41 5.40508
73 42 5.40508
73 43 5.40508
73 44 5.40508
73 45 5.40508
73 46 5.40508
73 47 5.40508
73 48 5.40508
73 49 5.41042
73 50 5.41042
73 51 5.41042
73 52 5.41042
73 53 5.41042
73 54 5.41042
73 55 5.41042
73 56 5.41042
73 57 5.41042
73 58 5.41042
73 59 5.41042
73 60 5.41042
73 61 5.41042
73 62 5.41042
73 63 5.41042
73 64 5.41042
73 65 5.41042
73 66 5.41042
73 67 5.41042
73 68 5.41042
73 69 5.41042
73 70 5.41042
73 71 5.41042
73 72 5.41042
73 73 5.41042
73 74 5.41042
73 75 5.41042
73 76 5.41042
73 77 5.41042
73 78 5.41042
73 79 5.41042
73 80 5.41042
73 81 5.41042
73 82 5.41042
73 83 5.41042
73 84 5.41042
73 85 5.41042
73 86 5.41369
73 87 5.41369
73 88 5.42575
73 89 5.43109
73 90 5.43109
73 91 5.43109
73 92 5.43109
73 93 5.43109
73 94 5.452
73 95 5.46877
73 96 5.46877
73 97 5.51344
73 98 5.5587
73 99 5.57938
73 100 5.59449
73 101 5.61773
73 102 5.6387
73 103 5.6387
73 104 5.70481
73 105 5.70757
73 106 5.71318
73 107 5.8598
73 108 5.91465
73 109 5.91877
73 110 5.9252
73 111 5.93097
73 112 5.9545
73 113 5.96782
73 114 5.99062
73 115 6.01306
73 116 6.01636
73 117 6.0225
73 118 6.02293
73 119 6.07971
73 120 6.10145
73 121 6.11476
73 122 6.12349
73 123 6.19974
73 124 6.21783
73 125 6.28944
73 126 6.31225
73 127 6.31484
73 128 6.33574
73 129 6.34925
73 130 6.36339
73 131 6.37988
73 132 6.4743
73 133 6.50486
73 134 6.50486
73 135 6.51729
73 136 6.54636
73 137 6.55404
73 138 6.56017
73 139 6.57855
73 140 6.662
73 141 6.66718
73 142 6.71303
73 143 6.73956
73 144 6.75696
73 145 6.78196
73 146 6.90646
73 147 6.95237
73 148 6.99188
73 149 7.02975
73 150 7.03972
73 151 7.12799
73 152 7.18178
73 153 7.21624
73 154 7.22237
73 155 7.2294
73 156 7.3023
73 157 7.30231
73 158 7.32345
73 159 7.32459
73 160 7.3912
73 161 7.49123
73 162 7.58098
73 163 7.60549
73 164 7.63379
73 165 7.63782
73 166 7.64823
73 167 7.67679
73 168 7.6777
73 169 7.69803
73 170 7.7038
73 171 7.78763
73 172 7.87895
73 173 7.93219
73 174 8.00554
73 175 8.032
73 176 8.0856
73 177 8.14119
73 178 8.1479
73 179 8.1837
73 180 8.22697
73 181 8.25929
73 182 8.30743
73 183 8.31926
73 184 8.34499
73 185 8.41724
73 186 8.42435
73 187 8.56737
73 188 8.58138
73 189 8.72785
73 190 8.89155
73 191 8.93165
73 192 9.10704
73 193 9.28001
73 194 10.2036
73 195 10.2535
73 196 10.3682
73 197 10.4677
73 198 10.5244
73 199 11.1922
74 0 5.27883 1 26 11 24 10 8 9 3 16 14 17 13 6 28 25 5 27 29 19 33 2 21 22 23 32 4 30 7 20 34 15 12 31 18 1 
74 1 5.27883
74 2 5.27883
74 3 5.27883
74 4 5.27883
74 5 5.27883
74 6 5.27883
74 7 5.27883
74 8 5.27883
74 9 5.27883
74 10 5.27883
74 11 5.27883
74 12 5.27883
74 13 5.27883
74 14 5.27883
74 15 5.27883
74 16 5.27883
74 17 5.27883
74 18 5.27883
74 19 5.27883
74 20 5.29951
74 21 5.33719
74 22 5.37198
74 23 5.37198
74 24 5.37198
74 25 5.37198
74 26 5.37198
74 27 5.37198
74 28 5.37198
74 29 5.37198
74 30 5.37198
74 31 5.37198
74 32 5.37198
74 33 5.37198
74 34 5.37198
74 35 5.37198
74 36 5.37198
74 37 5.37198
74 38 5.37198
74 39 5.37198
74 40 5.37198
74 41 5.37198
74 42 5.37198
74 43 5.37198
74 44 5.37198
74 45 5.37198
74 46 5.37198
74 47 5.37198
74 48 5.37198
74 49 5.37198
74 50 5.37198
74 51 5.37198
74 52 5.37198
74 53 5.37198
74 54 5.37198
74 55 5.37198
74 56 5.37198
74 57 5.37198
74 58 5.37198
74 59 5.37198
74 60 5.37198
74 61 5.37198
74 62 5.37198
74 63 5.37198
74 64 5.37198
74 65 5.37198
74 66 5.37198
74 67 5.37198
74 68 5.37198
74 69 5.37198
74 70 5.39266
74 71 5.40508
74 72 5.40508
74 73 5.40508
74 74 5.40508
74 75 5.40508
74 76 5.40508
74 77 5.40508
74 78 5.40508
74 79 5.40508
74 80 5.40508
74 81 5.40508
74 82 5.41042
74 83 5.41042
74 84 5.41042
74 85 5.41042
74 86 5.41042
74 87 5.41042
74 88 5.41042
74 89 5.41042
74 90 5.41042
74 91 5.41042
74 92 5.41042
74 93 5.41042
74 94 5.41042
74 95 5.41042
74 96 5.41042
74 97 5.41042
74 98 5.41042
74 99 5.41369
74 100 5.42179
74 101 5.42575
74 102 5.43033
74 103 5.43033
74 104 5.43033
74 105 5.43109
74 106 5.43259
74 107 5.48614
74 108 5.55456
74 109 5.59449
74 110 5.61773
74 111 5.62909
74 112 5.63695
74 113 5.6387
74 114 5.70481
74 115 5.70757
74 116 5.70784
74 117 5.75803
74 118 5.81221
74 119 5.89091
74 120 5.91861
74 121 5.96063
74 122 5.96782
74 123 6.01086
74 124 6.09168
74 125 6.13389
74 126 6.1605
74 127 6.17506
74 128 6.21316
74 129 6.22653
74 130 6.23011
74 131 6.25122
74 132 6.26505
74 133 6.29281
74 134 6.29395
74 135 6.34384
74 136 6.37988
74 137 6.38624
74 138 6.44765
74 139 6.48063
74 140 6.51113
74 141 6.51169
74 142 6.52106
74 143 6.52266
74 144 6.52784
74 145 6.52849
74 146 6.57855
74 147 6.65572
74 148 6.66718
74 149 6.75696
74 150 6.83597
74 151 6.83624
74 152 7.01472
74 153 7.01559
74 154 7.09178
74 155 7.12334
74 156 7.12799
74 157 7.1393
74 158 7.14334
74 159 7.29672
74 160 7.34502
74 161 7.3473
74 162 7.36381
74 163 7.3867
74 164 7.48243
74 165 7.49353
74 166 7.51921
74 167 7.61098
74 168 7.63782
74 169 7.69237
74 170 7.70541
74 171 7.73236
74 172 7.78763
74 173 7.88145
74 174 7.91685
74 175 7.9901
74 176 8.01137
74 177 8.05321
74 178 8.06057
74 179 8.1169
74 180 8.29491
74 181 8.31926
74 182 8.3658
74 183 8.42048
74 184 8.48604
74 185 8.52173
74 186 8.56329
74 187 8.69735
74 188 8.72795
74 189 9.13102
74 190 9.1618
74 191 9.26508
74 192 9.38498
74 193 9.43612
74 194 9.9278
74 195 10.0053
74 196 10.1804
74 197 11.1922
74 198 11.1922
74 199 11.6007
75 0 5.27883 1 26 11 24 10 8 9 3 16 14 17 13 6 28 25 5 27 29 19 33 2 21 22 23 32 4 30 7 20 34 15 12 31 18 1 
75 1 5.27883
75 2 5.27883
75 3 5.27883
75 4 5.27883
75 5 5.27883
75 6 5.27883
75 7 5.27883
75 8 5.27883
75 9 5.27883
75 10 5.27883
75 11 5.27883
75 12 5.27883
75 13 5.27883
75 14 5.27883
75 15 5.27883
75 16 5.27883
75 17 5.27883
75 18 5.27883
75 19 5.27883
75 20 5.27883
75 21 5.27883
75 22 5.27883
75 23 5.27883
75 24 5.27883
75 25 5.27883
75 26 5.27883
75 27 5.27883
75 28 5.27883
75 29 5.27883
75 30 5.27883
75 31 5.27883
75 32 5.27883
75 33 5.27883
75 34 5.27883
75 35 5.27883
75 36 5.27883
75 37 5.27883
75 38 5.27883
75 39 5.27883
75 40 5.27883
75 41 5.27883
75 42 5.27883
75 43 5.27883
75 44 5.27883
75 45 5.27883
75 46 5.27883
75 47 5.27883
75 48 5.27883
75 49 5.27883
75 50 5.27883
75 51 5.27883
75 52 5.27883
75 53 5.27883
75 54 5.27883
75 55 5.27883
75 56 5.27883
75 57 5.29951
75 58 5.29951
75 59 5.29951
75 60 5.29951
75 61 5.32957
75 62 5.32957
75 63 5.33719
75 64 5.34397
75 65 5.37198
75 66 5.37198
75 67 5.37198
75 68 5.37198
75 69 5.37198
75 70 5.37198
75 71 5.37198
75 72 5.37198
75 73 5.37198
75 74 5.37198
75 75 5.37198
75 76 5.37198
75 77 5.37198
75 78 5.37198
75 79 5.37198
75 80 5.37198
75 81 5.37198
75 82 5.37198
75 83 5.37198
75 84 5.37198
75 85 5.37198
75 86 5.37198
75 87 5.37198
75 88 5.37198
75 89 5.37198
75 90 5.37198
75 91 5.40508
75 92 5.40508
75 93 5.40508
75 94 5.40508
75 95 5.40508
75 96 5.40508
75 97 5.40508
75 98 5.40508
75 99 5.40508
75 100 5.41042
75 101 5.41042
75 102 5.41042
75 103 5.42179
75 104 5.43033
75 105 5.46343
75 106 5.46825
75 107 5.47501
75 108 5.53102
75 109 5.55456
75 110 5.56538
75 111 5.58129
75 112 5.58402
75 113 5.63695
75 114 5.68524
75 115 5.69559
75 116 5.73783
75 117 5.80791
75 118 5.81221
75 119 5.865
75 120 5.88205
75 121 6.01453
75 122 6.19248
75 123 6.20047
75 124 6.25122
75 125 6.25122
75 126 6.35225
75 127 6.37881
75 128 6.39525
75 129 6.45637
75 130 6.51113
75 131 6.52819
75 132 6.54874
75 133 6.57495
75 134 6.57855
75 135 6.58879
75 136 6.62112
75 137 6.6305
75 138 6.65202
75 139 6.71907
75 140 6.72686
75 141 6.76339
75 142 6.79528
75 143 6.7968
75 144 6.7993
75 145 6.85042
75 146 6.86946
75 147 6.89714
75 148 7.00319
75 149 7.0076
75 150 7.01562
75 151 7.05281
75 152 7.05819
75 153 7.12878
75 154 7.19016
75 155 7.22483
75 156 7.22687
75 157 7.266
75 158 7.27066
75 159 7.27821
75 160 7.28234
75 161 7.2875
75 162 7.28809
75 163 7.28843
75 164 7.33058
75 165 7.34402
75 166 7.48184
75 167 7.49353
75 168 7.50433
75 169 7.54038
75 170 7.57402
75 171 7.61109
75 172 7.69237
75 173 7.705
75 174 7.7409
75 175 7.75191
75 176 7.86938
75 177 7.87749
75 178 7.95652
75 179 8.05321
75 180 8.12723
75 181 8.18921
75 182 8.29468
75 183 8.29991
75 184 8.38131
75 185 8.41717
75 186 8.44324
75 187 8.73286
75 188 8.75741
75 189 8.76531
75 190 8.88048
75 191 9.127
75 192 9.32004
75 193 9.43612
75 194 9.69842
75 195 9.7641
75 196 10.346
75 197 10.4205
75 198 11.0607
75 199 12.2495
76 0 5.27883 1 26 11 24 10 8 9 3 16 14 17 13 6 28 25 5 27 29 19 33 2 21 22 23 32 4 30 7 20 34 15 12 31 18 1 
76 1 5.27883
76 2 5.27883
76 3 5.27883
76 4 5.27883
76 5 5.27883
76 6 5.27883
76 7 5.27883
76 8 5.27883
76 9 5.27883
76 10 5.27883
76 11 5.27883
76 12 5.27883
76 13 5.27883
76 14 5.27883
76 15 5.27883
76 16 5.27883
76 17 5.27883
76 18 5.27883
76 19 5.27883
76 20 5.27883
76 21 5.27883
76 22 5.27883
76 23 5.27883
76 24 5.27883
76 25 5.27883
76 26 5.27883
76 27 5.27883
76 28 5.27883
76 29 5.27883
76 30 5.27883
76 31 5.27883
76 32 5.27883
76 33 5.27883
76 34 5.27883
76 35 5.27883
76 36 5.27883
76 37 5.27883
76 38 5.27883
76 39 5.27883
76 40 5.27883
76 41 5.27883
76 42 5.27883
76 43 5.27883
76 44 5.27883
76 45 5.27883
76 46 5.27883
76 47 5.27883
76 48 5.27883
76 49 5.27883
76 50 5.27883
76 51 5.27883
76 52 5.27883
76 53 5.27883
76 54 5.27883
76 55 5.27883
76 56 5.27883
76 57 5.27883
76 58 5.27883
76 59 5.27883
76 60 5.27883
76 61 5.27883
76 62 5.27883
76 63 5.27883
76 64 5.27883
76 65 5.27883
76 66 5.27883
76 67 5.27883
76 68 5.27883
76 69 5.27883
76 70 5.27883
76 71 5.27883
76 72 5.27883
76 73 5.27883
76 74 5.28269
76 75 5.29951
76 76 5.29951
76 77 5.32957
76 78 5.34397
76 79 5.37198
76 80 5.37198
76 81 5.37198
76 82 5.37198
76 83 5.37198
76 84 5.37198
76 85 5.37198
76 86 5.37198
76 87 5.37198
76 88 5.37198
76 89 5.37198
76 90 5.37198
76 91 5.37198
76 92 5.37198
76 93 5.37198
76 94 5.37198
76 95 5.38186
76 96 5.38186
76 97 5.40508
76 98 5.40508
76 99 5.41042
76 100 5.51555
76 101 5.55418
76 102 5.5587
76 103 5.58129
76 104 5.59728
76 105 5.60483
76 106 5.63695
76 107 5.68524
76 108 5.68524
76 109 5.81221
76 110 5.82321
76 111 5.93537
76 112 6.00107
76 113 6.01
76 114 6.12476
76 115 6.1395
76 116 6.15862
76 117 6.1894
76 118 6.19248
76 119 6.19248
76 120 6.21631
76 121 6.30329
76 122 6.31081
76 123 6.31232
76 124 6.34234
76 125 6.35665
76 126 6.39965
76 127 6.40336
76 128 6.47913
76 129 6.50121
76 130 6.51113
76 131 6.51288
76 132 6.52819
76 133 6.55635
76 134 6.5734
76 135 6.57855
76 136 6.59615
76 137 6.61434
76 138 6.64119
76 139 6.64275
76 140 6.7204
76 141 6.73596
76 142 6.73832
76 143 6.76906
76 144 6.7968
76 145 6.80077
76 146 6.80101
76 147 6.81587
76 148 6.82302
76 149 6.85393
76 150 6.95871
76 151 6.96504
76 152 7.02101
76 153 7.05819
76 154 7.06774
76 155 7.12948
76 156 7.15898
76 157 7.19016
76 158 7.19218
76 159 7.25272
76 160 7.27691
76 161 7.28809
76 162 7.28903
76 163 7.30963
76 164 7.33058
76 165 7.35964
76 166 7.38341
76 167 7.38341
76 168 7.41261
76 169 7.51718
76 170 7.51939
76 171 7.54636
76 172 7.57402
76 173 7.65434
76 174 7.67905
76 175 7.68545
76 176 7.77607
76 177 7.77803
76 178 7.8651
76 179 7.95652
76 180 7.97486
76 181 8.02601
76 182 8.05039
76 183 8.17815
76 184 8.1883
76 185 8.20495
76 186 8.29632
76 187 8.35351
76 188 8.38131
76 189 8.437
76 190 8.76531
76 191 8.91423
76 192 9.31736
76 193 9.7641
76 194 9.88415
76 195 9.88965
76 196 10.2622
76 197 10.5357
76 198 10.6774
76 199 11.0816
77 0 5.27883 1 26 11 24 10 8 9 3 16 14 17 13 6 28 25 5 27 29 19 33 2 21 22 23 32 4 30 7 20 34 15 12 31 18 1 
77 1 5.27883
77 2 5.27883
77 3 5.27883
77 4 5.27883
77 5 5.27883
77 6 5.27883
77 7 5.27883
77 8 5.27883
77 9 5.27883
77 10 5.27883
77 11 5.27883
77 12 5.27883
77 13 5.27883
77 14 5.27883
77 15 5.27883
77 16 5.27883
77 17 5.27883
77 18 5.27883
77 19 5.27883
77 20 5.27883
77 21 5.27883
77 22 5.27883
77 23 5.27883
77 24 5.27883
77 25 5.27883
77 26 5.27883
77 27 5.27883
77 28 5.27883
77 29 5.27883
77 30 5.27883
77 31 5.27883
77 32 5.27883
77 33 5.27883
77 34 5.27883
77 35 5.27883
77 36 5.27883
77 37 5.27883
77 38 5.27883
77 39 5.27883
77 40 5.27883
77 41 5.27883
77 42 5.27883
77 43 5.27883
77 44 5.27883
77 45 5.27883
77 46 5.27883
77 47 5.27883
77 48 5.27883
77 49 5.27883
77 50 5.27883
77 51 5.27883
77 52 5.27883
77 53 5.27883
77 54 5.27883
77 55 5.27883
77 56 5.27883
77 57 5.27883
77 58 5.27883
77 59 5.27883
77 60 5.27883
77 61 5.27883
77 62 5.27883
77 63 5.27883
77 64 5.27883
77 65 5.27883
77 66 5.27883
77 67 5.27883
77 68 5.27883
77 69 5.27883
77 70 5.27883
77 71 5.27883
77 72 5.27883
77 73 5.27883
77 74 5.27883
77 75 5.27883
77 76 5.27883
77 77 5.27883
77 78 5.27883
77 79 5.27883
77 80 5.27883
77 81 5.27883
77 82 5.27883
77 83 5.27883
77 84 5.27883
77 85 5.27883
77 86 5.27883
77 87 5.27883
77 88 5.27883
77 89 5.27883
77 90 5.27883
77 91 5.27883
77 92 5.27883
77 93 5.27883
77 94 5.27883
77 95 5.27883
77 96 5.27883
77 97 5.27883
77 98 5.28443
77 99 5.29951
77 100 5.29951
77 101 5.29951
77 102 5.29951
77 103 5.32957
77 104 5.33719
77 105 5.37198
77 106 5.37198
77 107 5.37198
77 108 5.37198
77 109 5.37198
77 110 5.37198
77 111 5.37198
77 112 5.38186
77 113 5.41369
77 114 5.44757
77 115 5.47362
77 116 5.55418
77 117 5.6295
77 118 5.63695
77 119 5.67812
77 120 5.81314
77 121 5.85724
77 122 5.88218
77 123 5.92428
77 124 5.97665
77 125 6.05765
77 126 6.06004
77 127 6.0673
77 128 6.08625
77 129 6.09574
77 130 6.11746
77 131 6.1894
77 132 6.20949
77 133 6.21828
77 134 6.22215
77 135 6.22773
77 136 6.2417
77 137 6.24919
77 138 6.25921
77 139 6.27976
77 140 6.28572
77 141 6.29595
77 142 6.30329
77 143 6.31081
77 144 6.31081
77 145 6.33682
77 146 6.35665
77 147 6.38097
77 148 6.39714
77 149 6.40448
77 150 6.4773
77 151 6.48861
77 152 6.4962
77 153 6.5173
77 154 6.60499
77 155 6.6129
77 156 6.71579
77 157 6.73757
77 158 6.73832
77 159 6.77186
77 160 6.80101
77 161 6.8345
77 162 6.86221
77 163 6.89826
77 164 6.95311
77 165 7.09129
77 166 7.09653
77 167 7.19218
77 168 7.27192
77 169 7.27691
77 170 7.3753
77 171 7.42024
77 172 7.42624
77 173 7.5112
77 174 7.54397
77 175 7.58853
77 176 7.63728
77 177 7.65751
77 178 7.76518
77 179 7.7659
77 180 7.89191
77 181 7.90409
77 182 7.9205
77 183 7.95652
77 184 7.96144
77 185 8.1008
77 186 8.10318
77 187 8.13432
77 188 8.19234
77 189 8.32958
77 190 8.48241
77 191 8.63933
77 192 8.92392
77 193 8.97254
77 194 9.17436
77 195 9.34454
77 196 9.3812
77 197 9.88965
77 198 10.1691
77 199 12.2434
78 0 5.27883 1 26 11 24 10 8 9 3 16 14 17 13 6 28 25 5 27 29 19 33 2 21 22 23 32 4 30 7 20 34 15 12 31 18 1 
78 1 5.27883
78 2 5.27883
78 3 5.27883
78 4 5.27883
78 5 5.27883
78 6 5.27883
78 7 5.27883
78 8 5.27883
78 9 5.27883
78 10 5.27883
78 11 5.27883
78 12 5.27883
78 13 5.27883
78 14 5.27883
78 15 5.27883
78 16 5.27883
78 17 5.27883
78 18 5.27883
78 19 5.27883
78 20 5.27883
78 21 5.27883
78 22 5.27883
78 23 5.27883
78 24 5.27883
78 25 5.27883
78 26 5.27883
78 27 5.27883
78 28 5.27883
78 29 5.27883
78 30 5.27883
78 31 5.27883
78 32 5.27883
78 33 5.27883
78 34 5.27883
78 35 5.27883
78 36 5.27883
78 37 5.27883
78 38 5.27883
78 39 5.27883
78 40 5.27883
78 41 5.27883
78 42 5.27883
78 43 5.27883
78 44 5.27883
78 45 5.27883
78 46 5.27883
78 47 5.27883
78 48 5.27883
78 49 5.27883
78 50 5.27883
78 51 5.27883
78 52 5.27883
78 53 5.27883
78 54 5.27883
78 55 5.27883
78 56 5.27883
78 57 5.27883
78 58 5.27883
78 59 5.27883
78 60 5.27883
78 61 5.27883
78 62 5.27883
78 63 5.27883
78 64 5.27883
78 65 5.27883
78 66 5.27883
78 67 5.27883
78 68 5.27883
78 69 5.27883
78 70 5.27883
78 71 5.27883
78 72 5.27883
78 73 5.27883
78 74 5.27883
78 75 5.27883
78 76 5.27883
78 77 5.27883
78 78 5.27883
78 79 5.27883
78 80 5.27883
78 81 5.27883
78 82 5.27883
78 83 5.27883
78 84 5.27883
78 85 5.27883
78 86 5.27883
78 87 5.27883
78 88 5.27883
78 89 5.27883
78 90 5.27883
78 91 5.27883
78 92 5.27883
78 93 5.27883
78 94 5.27883
78 95 5.27883
78 96 5.27883
78 97 5.27883
78 98 5.27883
78 99 5.27883
78 100 5.27883
78 101 5.27883
78 102 5.27883
78 103 5.28443
78 104 5.29951
78 105 5.29951
78 106 5.37198
78 107 5.37198
78 108 5.38186
78 109 5.48614
78 110 5.51301
78 111 5.51418
78 112 5.57569
78 113 5.58159
78 114 5.58159
78 115 5.59863
78 116 5.61071
78 117 5.63076
78 118 5.67812
78 119 5.76864
78 120 5.85724
78 121 5.85724
78 122 5.86022
78 123 5.9923
78 124 6.0138
78 125 6.03228
78 126 6.06004
78 127 6.0673
78 128 6.0673
78 129 6.21548
78 130 6.25643
78 131 6.25921
78 132 6.31406
78 133 6.38097
78 134 6.38568
78 135 6.39379
78 136 6.41005
78 137 6.4113
78 138 6.43647
78 139 6.50275
78 140 6.5173
78 141 6.51737
78 142 6.53494
78 143 6.53679
78 144 6.54758
78 145 6.55379
78 146 6.55773
78 147 6.60499
78 148 6.60529
78 149 6.60951
78 150 6.7089
78 151 6.74404
78 152 6.80101
78 153 6.80101
78 154 6.80101
78 155 6.8345
78 156 6.85896
78 157 6.87138
78 158 6.87521
78 159 6.89826
78 160 6.92849
78 161 6.95869
78 162 6.97698
78 163 6.98769
78 164 7.00049
78 165 7.09665
78 166 7.10081
78 167 7.1255
78 168 7.27192
78 169 7.38547
78 170 7.42208
78 171 7.46725
78 172 7.46727
78 173 7.46848
78 174 7.49984
78 175 7.50221
78 176 7.57249
78 177 7.59582
78 178 7.66303
78 179 7.75845
78 180 7.7659
78 181 7.81622
78 182 7.87329
78 183 7.95652
78 184 8.04887
78 185 8.07982
78 186 8.15133
78 187 8.1668
78 188 8.26092
78 189 8.32518
78 190 8.34488
78 191 8.442
78 192 8.48241
78 193 8.5686
78 194 8.98227
78 195 9.21354
78 196 9.21376
78 197 9.26282
78 198 9.89199
78 199 12.4258
79 0 5.27883 1 26 11 24 10 8 9 3 16 14 17 13 6 28 25 5 27 29 19 33 2 21 22 23 32 4 30 7 20 34 15 12 31 18 1 
79 1 5.27883
79 2 5.27883
79 3 5.27883
79 4 5.27883
79 5 5.27883
79 6 5.27883
79 7 5.27883
79 8 5.27883
79 9 5.27883
79 10 5.27883
79 11 5.27883
79 12 5.27883
79 13 5.27883
79 14 5.27883
79 15 5.27883
79 16 5.27883
79 17 5.27883
79 18 5.27883
79 19 5.27883
79 20 5.27883
79 21 5.27883
79 22 5.27883
79 23 5.27883
79 24 5.27883
79 25 5.27883
79 26 5.27883
79 27 5.27883
79 28 5.27883
79 29 5.27883
79 30 5.27883
79 31 5.27883
79 32 5.27883
79 33 5.27883
79 34 5.27883
79 35 5.27883
79 36 5.27883
79 37 5.27883
79 38 5.27883
79 39 5.27883
79 40 5.27883
79 41 5.27883
79 42 5.27883
79 43 5.27883
79 44 5.27883
79 45 5.27883
79 46 5.27883
79 47 5.27883
79 48 5.27883
79 49 5.27883
79 50 5.27883
79 51 5.27883
79 52 5.27883
79 53 5.27883
79 54 5.27883
79 55 5.27883
79 56 5.27883
79 57 5.27883
79 58 5.27883
79 59 5.27883
79 60 5.27883
79 61 5.27883
79 62 5.27883
79 63 5.27883
79 64 5.27883
79 65 5.27883
79 66 5.27883
79 67 5.27883
79 68 5.27883
79 69 5.27883
79 70 5.27883
79 71 5.27883
79 72 5.27883
79 73 5.27883
79 74 5.27883
79 75 5.27883
79 76 5.27883
79 77 5.27883
79 78 5.27883
79 79 5.27883
79 80 5.27883
79 81 5.27883
79 82 5.27883
79 83 5.27883
79 84 5.27883
79 85 5.27883
79 86 5.27883
79 87 5.27883
79 88 5.27883
79 89 5.27883
79 90 5.27883
79 91 5.27883
79 92 5.27883
79 93 5.27883
79 94 5.27883
79 95 5.27883
79 96 5.27883
79 97 5.27883
79 98 5.27883
79 99 5.28158
79 100 5.29951
79 101 5.29951
79 102 5.29951
79 103 5.34397
79 104 5.48614
79 105 5.48614
79 106 5.48915
79 107 5.51418
79 108 5.51454
79 109 5.5378
79 110 5.57599
79 111 5.61071
79 112 5.67812
79 113 5.71022
79 114 5.83205
79 115 5.9343
79 116 5.95441
79 117 5.98581
79 118 6.01449
79 119 6.02001
79 120 6.02761
79 121 6.06739
79 122 6.07193
79 123 6.11873
79 124 6.1395
79 125 6.18325
79 126 6.20009
79 127 6.21251
79 128 6.21548
79 129 6.24081
79 130 6.34624
79 131 6.4113
79 132 6.42124
79 133 6.43267
79 134 6.43647
79 135 6.45998
79 136 6.4962
79 137 6.5173
79 138 6.51737
79 139 6.51737
79 140 6.53679
79 141 6.53679
79 142 6.53679
79 143 6.55189
79 144 6.58381
79 145 6.59869
79 146 6.60028
79 147 6.60529
79 148 6.60983
79 149 6.6318
79 150 6.64901
79 151 6.69749
79 152 6.69872
79 153 6.70252
79 154 6.80101
79 155 6.8173
79 156 6.83195
79 157 6.8345
79 158 6.85042
79 159 6.89826
79 160 6.92849
79 161 7.02323
79 162 7.06804
79 163 7.09833
79 164 7.10097
79 165 7.1276
79 166 7.18371
79 167 7.20765
79 168 7.25832
79 169 7.25864
79 170 7.28489
79 171 7.28724
79 172 7.38738
79 173 7.40514
79 174 7.4406
79 175 7.50148
79 176 7.54687
79 177 7.67108
79 178 7.71127
79 179 7.75882
79 180 7.75932
79 181 7.7659
79 182 7.81062
79 183 7.81301
79 184 7.97451
79 185 8.12006
79 186 8.23564
79 187 8.32518
79 188 8.48951
79 189 8.52188
79 190 9.00254
79 191 9.07703
79 192 9.09401
79 193 9.1878
79 194 9.48569
79 195 9.51899
79 196 9.89199
79 197 10.1674
79 198 10.7678
79 199 12.2093
80 0 5.27883 1 26 11 24 10 8 9 3 16 14 17 13 6 28 25 5 27 29 19 33 2 21 22 23 32 4 30 7 20 34 15 12 31 18 1 
80 1 5.27883
80 2 5.27883
80 3 5.27883
80 4 5.27883
80 5 5.27883
80 6 5.27883
80 7 5.27883
80 8 5.27883
80 9 5.27883
80 10 5.27883
80 11 5.27883
80 12 5.27883
80 13 5.27883
80 14 5.27883
80 15 5.27883
80 16 5.27883
80 17 5.27883
80 18 5.27883
80 19 5.27883
80 20 5.27883
80 21 5.27883
80 22 5.27883
80 23 5.27883
80 24 5.27883
80 25 5.27883
80 26 5.27883
80 27 5.27883
80 28 5.27883
80 29 5.27883
80 30 5.27883
80 31 5.27883
80 32 5.27883
80 33 5.27883
80 34 5.27883
80 35 5.27883
80 36 5.27883
80 37 5.27883
80 38 5.27883
80 39 5.27883
80 40 5.27883
80 41 5.27883
80 42 5.27883
80 43 5.27883
80 44 5.27883
80 45 5.27883
80 46 5.27883
80 47 5.27883
80 48 5.27883
80 49 5.27883
80 50 5.27883
80 51 5.27883
80 52 5.27883
80 53 5.27883
80 54 5.27883
80 55 5.27883
80 56 5.27883
80 57 5.27883
80 58 5.27883
80 59 5.27883
80 60 5.27883
80 61 5.27883
80 62 5.27883
80 63 5.27883
80 64 5.27883
80 65 5.27883
80 66 5.27883
80 67 5.27883
80 68 5.27883
80 69 5.27883
80 70 5.27883
80 71 5.27883
80 72 5.27883
80 73 5.27883
80 74 5.27883
80 75 5.27883
80 76 5.27883
80 77 5.27883
80 78 5.27883
80 79 5.27883
80 80 5.27883
80 81 5.27883
80 82 5.27883
80 83 5.27883
80 84 5.27883
80 85 5.27883
80 86 5.27883
80 87 5.27883
80 88 5.27883
80 89 5.27883
80 90 5.27883
80 91 5.27883
80 92 5.27883
80 93 5.27883
80 94 5.27883
80 95 5.27883
80 96 5.27883
80 97 5.27883
80 98 5.27883
80 99 5.27883
80 100 5.27883
80 101 5.27883
80 102 5.27883
80 103 5.27883
80 104 5.29951
80 105 5.29951
80 106 5.29951
80 107 5.30003
80 108 5.38186
80 109 5.48614
80 110 5.53229
80 111 5.56717
80 112 5.57231
80 113 5.57599
80 114 5.57599
80 115 5.61071
80 116 5.63147
80 117 5.69858
80 118 5.71022
80 119 5.83205
80 120 5.8939
80 121 5.95441
80 122 6.02761
80 123 6.05073
80 124 6.12871
80 125 6.15254
80 126 6.15898
80 127 6.19257
80 128 6.22042
80 129 6.22367
80 130 6.27433
80 131 6.29242
80 132 6.34907
80 133 6.35637
80 134 6.36005
80 135 6.40099
80 136 6.42124
80 137 6.43251
80 138 6.44651
80 139 6.45637
80 140 6.47295
80 141 6.47772
80 142 6.47801
80 143 6.53679
80 144 6.56396
80 145 6.5713
80 146 6.5824
80 147 6.6809
80 148 6.69749
80 149 6.72226
80 150 6.7512
80 151 6.77166
80 152 6.85042
80 153 6.85224
80 154 6.90989
80 155 6.91206
80 156 6.92046
80 157 6.98551
80 158 7.05937
80 159 7.09277
80 160 7.10175
80 161 7.10734
80 162 7.1664
80 163 7.17802
80 164 7.18551
80 165 7.20765
80 166 7.23946
80 167 7.2601
80 168 7.28489
80 169 7.36607
80 170 7.37395
80 171 7.41595
80 172 7.42259
80 173 7.45405
80 174 7.45821
80 175 7.49974
80 176 7.50725
80 177 7.51847
80 178 7.54312
80 179 7.54888
80 180 7.65504
80 181 7.71127
80 182 7.81741
80 183 7.86159
80 184 7.89872
80 185 7.93814
80 186 7.97451
80 187 8.02607
80 188 8.14705
80 189 8.15444
80 190 8.25947
80 191 8.38212
80 192 8.40591
80 193 8.51749
80 194 8.55048
80 195 8.64544
80 196 8.77655
80 197 8.95203
80 198 9.46786
80 199 9.84843
81 0 5.27883 1 26 11 24 10 8 9 3 16 14 17 13 6 28 25 5 27 29 19 33 2 21 22 23 32 4 30 7 20 34 15 12 31 18 1 
81 1 5.27883
81 2 5.27883
81 3 5.27883
81 4 5.27883
81 5 5.27883
81 6 5.27883
81 7 5.27883
81 8 5.27883
81 9 5.27883
81 10 5.27883
81 11 5.27883
81 12 5.27883
81 13 5.27883
81 14 5.27883
81 15 5.27883
81 16 5.27883
81 17 5.27883
81 18 5.27883
81 19 5.27883
81 20 5.27883
81 21 5.27883
81 22 5.27883
81 23 5.27883
81 24 5.27883
81 25 5.27883
81 26 5.27883
81 27 5.27883
81 28 5.27883
81 29 5.27883
81 30 5.27883
81 31 5.27883
81 32 5.27883
81 33 5.27883
81 34 5.27883
81 35 5.27883
81 36 5.27883
81 37 5.27883
81 38 5.27883
81 39 5.27883
81 40 5.27883
81 41 5.27883
81 42 5.27883
81 43 5.27883
81 44 5.27883
81 45 5.27883
81 46 5.27883
81 47 5.27883
81 48 5.27883
81 49 5.27883
81 50 5.27883
81 51 5.27883
81 52 5.27883
81 53 5.27883
81 54 5.27883
81 55 5.27883
81 56 5.27883
81 57 5.27883
81 58 5.27883
81 59 5.27883
81 60 5.27883
81 61 5.27883
81 62 5.27883
81 63 5.27883
81 64 5.27883
81 65 5.27883
81 66 5.27883
81 67 5.27883
81 68 5.27883
81 69 5.27883
81 70 5.27883
81 71 5.27883
81 72 5.27883
81 73 5.27883
81 74 5.27883
81 75 5.27883
81 76 5.27883
81 77 5.27883
81 78 5.27883
81 79 5.27883
81 80 5.27883
81 81 5.27883
81 82 5.27883
81 83 5.27883
81 84 5.27883
81 85 5.27883
81 86 5.27883
81 87 5.27883
81 88 5.27883
81 89 5.27883
81 90 5.27883
81 91 5.27883
81 92 5.27883
81 93 5.27883
81 94 5.27883
81 95 5.27883
81 96 5.27883
81 97 5.27883
81 98 5.27883
81 99 5.27883
81 100 5.27883
81 101 5.28158
81 102 5.29951
81 103 5.32496
81 104 5.48614
81 105 5.53102
81 106 5.58725
81 107 5.60287
81 108 5.61071
81 109 5.63147
81 110 5.63147
81 111 5.64131
81 112 5.6789
81 113 5.69858
81 114 5.80637
81 115 5.86179
81 116 5.88048
81 117 5.89091
81 118 5.89132
81 119 5.94322
81 120 5.97044
81 121 5.9764
81 122 6.0475
81 123 6.05073
81 124 6.13412
81 125 6.20619
81 126 6.24406
81 127 6.26159
81 128 6.26323
81 129 6.27489
81 130 6.34905
81 131 6.35665
81 132 6.37328
81 133 6.44516
81 134 6.44651
81 135 6.45086
81 136 6.4599
81 137 6.47801
81 138 6.58312
81 139 6.62098
81 140 6.64119
81 141 6.75723
81 142 6.78466
81 143 6.81994
81 144 6.88706
81 145 6.91206
81 146 6.91206
81 147 6.9534
81 148 6.99481
81 149 7.00369
81 150 7.01698
81 151 7.05086
81 152 7.05454
81 153 7.10175
81 154 7.10411
81 155 7.14051
81 156 7.15473
81 157 7.1664
81 158 7.1664
81 159 7.20804
81 160 7.22837
81 161 7.22954
81 162 7.28903
81 163 7.35916
81 164 7.37395
81 165 7.49636
81 166 7.49974
81 167 7.50473
81 168 7.50725
81 169 7.54719
81 170 7.61127
81 171 7.65504
81 172 7.73079
81 173 7.7665
81 174 7.77014
81 175 7.80186
81 176 7.83992
81 177 7.91239
81 178 7.91344
81 179 7.97345
81 180 7.99467
81 181 8.13351
81 182 8.15444
81 183 8.23109
81 184 8.23213
81 185 8.24785
81 186 8.36074
81 187 8.40591
81 188 8.47918
81 189 8.52512
81 190 8.60045
81 191 8.89941
81 192 9.10848
81 193 9.11375
81 194 9.18388
81 195 9.19723
81 196 9.63101
81 197 9.66364
81 198 10.5147
81 199 11.1648
82 0 5.27883 1 26 11 24 10 8 9 3 16 14 17 13 6 28 25 5 27 29 19 33 2 21 22 23 32 4 30 7 20 34 15 12 31 18 1 
82 1 5.27883
82 2 5.27883
82 3 5.27883
82 4 5.27883
82 5 5.27883
82 6 5.27883
82 7 5.27883
82 8 5.27883
82 9 5.27883
82 10 5.27883
82 11 5.27883
82 12 5.27883
82 13 5.27883
82 14 5.27883
82 15 5.27883
82 16 5.27883
82 17 5.27883
82 18 5.27883
82 19 5.27883
82 20 5.27883
82 21 5.27883
82 22 5.27883
82 23 5.27883
82 24 5.27883
82 25 5.27883
82 26 5.27883
82 27 5.27883
82 28 5.27883
82 29 5.27883
82 30 5.27883
82 31 5.27883
82 32 5.27883
82 33 5.27883
82 34 5.27883
82 35 5.27883
82 36 5.27883
82 37 5.27883
82 38 5.27883
82 39 5.27883
82 40 5.27883
82 41 5.27883
82 42 5.27883
82 43 5.27883
82 44 5.27883
82 45 5.27883
82 46 5.27883
82 47 5.27883
82 48 5.27883
82 49 5.27883
82 50 5.27883
82 51 5.27883
82 52 5.27883
82 53 5.27883
82 54 5.27883
82 55 5.27883
82 56 5.27883
82 57 5.27883
82 58 5.27883
82 59 5.27883
82 60 5.27883
82 61 5.27883
82 62 5.27883
82 63 5.27883
82 64 5.27883
82 65 5.27883
82 66 5.27883
82 67 5.27883
82 68 5.27883
82 69 5.27883
82 70 5.27883
82 71 5.27883
82 72 5.27883
82 73 5.27883
82 74 5.27883
82 75 5.27883
82 76 5.27883
82 77 5.27883
82 78 5.27883
82 79 5.27883
82 80 5.27883
82 81 5.27883
82 82 5.27883
82 83 5.27883
82 84 5.27883
82 85 5.27883
82 86 5.27883
82 87 5.27883
82 88 5.27883
82 89 5.27883
82 90 5.27883
82 91 5.27883
82 92 5.27883
82 93 5.27883
82 94 5.27883
82 95 5.27883
82 96 5.27883
82 97 5.28158
82 98 5.29662
82 99 5.44757
82 100 5.48614
82 101 5.48614
82 102 5.49
82 103 5.56215
82 104 5.58725
82 105 5.6211
82 106 5.63076
82 107 5.76949
82 108 5.79415
82 109 5.84048
82 110 5.88048
82 111 5.96641
82 112 5.98892
82 113 6.0002
82 114 6.00054
82 115 6.10754
82 116 6.13412
82 117 6.15652
82 118 6.16915
82 119 6.19734
82 120 6.21561
82 121 6.21766
82 122 6.43125
82 123 6.47125
82 124 6.49235
82 125 6.49559
82 126 6.52324
82 127 6.55379
82 128 6.56456
82 129 6.57511
82 130 6.58073
82 131 6.59075
82 132 6.64119
82 133 6.65465
82 134 6.68356
82 135 6.74344
82 136 6.75723
82 137 6.75723
82 138 6.75773
82 139 6.76021
82 140 6.76468
82 141 6.776
82 142 6.78466
82 143 6.81994
82 144 6.92542
82 145 6.93046
82 146 6.93996
82 147 6.96227
82 148 6.9894
82 149 7.00051
82 150 7.02258
82 151 7.05342
82 152 7.07393
82 153 7.10411
82 154 7.1664
82 155 7.1664
82 156 7.1664
82 157 7.1928
82 158 7.22794
82 159 7.25692
82 160 7.28903
82 161 7.31861
82 162 7.32628
82 163 7.34807
82 164 7.35108
82 165 7.44226
82 166 7.47826
82 167 7.53246
82 168 7.55012
82 169 7.729
82 170 7.73079
82 171 7.75325
82 172 7.80186
82 173 7.85106
82 174 7.86202
82 175 7.8757
82 176 7.91344
82 177 7.97032
82 178 7.9987
82 179 8.07697
82 180 8.11516
82 181 8.15444
82 182 8.15603
82 183 8.16161
82 184 8.27726
82 185 8.34365
82 186 8.37832
82 187 8.51392
82 188 8.60121
82 189 8.67279
82 190 9.03863
82 191 9.06652
82 192 9.09375
82 193 9.14237
82 194 9.24649
82 195 9.42498
82 196 9.48425
82 197 10.294
82 198 10.414
82 199 11.0088
83 0 5.27883 1 26 11 24 10 8 9 3 16 14 17 13 6 28 25 5 27 29 19 33 2 21 22 23 32 4 30 7 20 34 15 12 31 18 1 
83 1 5.27883
83 2 5.27883
83 3 5.27883
83 4 5.27883
83 5 5.27883
83 6 5.27883
83 7 5.27883
83 8 5.27883
83 9 5.27883
83 10 5.27883
83 11 5.27883
83 12 5.27883
83 13 5.27883
83 14 5.27883
83 15 5.27883
83 16 5.27883
83 17 5.27883
83 18 5.27883
83 19 5.27883
83 20 5.27883
83 21 5.27883
83 22 5.27883
83 23 5.27883
83 24 5.27883
83 25 5.27883
83 26 5.27883
83 27 5.27883
83 28 5.27883
83 29 5.27883
83 30 5.27883
83 31 5.27883
83 32 5.27883
83 33 5.27883
83 34 5.27883
83 35 5.27883
83 36 5.27883
83 37 5.27883
83 38 5.27883
83 39 5.27883
83 40 5.27883
83 41 5.27883
83 42 5.27883
83 43 5.27883
83 44 5.27883
83 45 5.27883
83 46 5.27883
83 47 5.27883
83 48 5.27883
83 49 5.27883
83 50 5.27883
83 51 5.27883
83 52 5.27883
83 53 5.27883
83 54 5.27883
83 55 5.27883
83 56 5.27883
83 57 5.27883
83 58 5.27883
83 59 5.27883
83 60 5.27883
83 61 5.27883
83 62 5.27883
83 63 5.27883
83 64 5.27883
83 65 5.27883
83 66 5.27883
83 67 5.27883
83 68 5.27883
83 69 5.27883
83 70 5.27883
83 71 5.27883
83 72 5.27883
83 73 5.27883
83 74 5.27883
83 75 5.27883
83 76 5.27883
83 77 5.27883
83 78 5.27883
83 79 5.27883
83 80 5.27883
83 81 5.27883
83 82 5.27883
83 83 5.27883
83 84 5.27883
83 85 5.27883
83 86 5.27883
83 87 5.27883
83 88 5.27883
83 89 5.27883
83 90 5.27883
83 91 5.27883
83 92 5.27883
83 93 5.27883
83 94 5.27883
83 95 5.27883
83 96 5.27883
83 97 5.27883
83 98 5.27883
83 99 5.27883
83 100 5.27883
83 101 5.27883
83 102 5.27883
83 103 5.27883
83 104 5.27883
83 105 5.27883
83 106 5.27883
83 107 5.48614
83 108 5.48614
83 109 5.4909
83 110 5.58159
83 111 5.58159
83 112 5.58725
83 113 5.59423
83 114 5.60653
83 115 5.63076
83 116 5.64191
83 117 5.64574
83 118 5.70386
83 119 5.76949
83 120 5.83595
83 121 5.88048
83 122 5.88294
83 123 5.91129
83 124 5.94854
83 125 5.9608
83 126 6.01449
83 127 6.02086
83 128 6.05415
83 129 6.11294
83 130 6.14376
83 131 6.15015
83 132 6.18706
83 133 6.21561
83 134 6.25687
83 135 6.36557
83 136 6.39904
83 137 6.43125
83 138 6.44805
83 139 6.49235
83 140 6.49559
83 141 6.57511
83 142 6.61434
83 143 6.61447
83 144 6.65465
83 145 6.72647
83 146 6.73156
83 147 6.75723
83 148 6.75723
83 149 6.76021
83 150 6.776
83 151 6.79629
83 152 6.82971
83 153 6.88677
83 154 6.90061
83 155 6.95438
83 156 7.00051
83 157 7.0012
83 158 7.07393
83 159 7.14248
83 160 7.17433
83 161 7.24177
83 162 7.24773
83 163 7.25485
83 164 7.30957
83 165 7.32628
83 166 7.34535
83 167 7.34807
83 168 7.34851
83 169 7.39441
83 170 7.4036
83 171 7.51042
83 172 7.57329
83 173 7.68653
83 174 7.77521
83 175 7.80398
83 176 7.81879
83 177 7.83082
83 178 7.83543
83 179 7.85665
83 180 7.89443
83 181 7.91344
83 182 7.92838
83 183 7.94082
83 184 7.94322
83 185 8.01241
83 186 8.05581
83 187 8.07542
83 188 8.07697
83 189 8.49176
83 190 8.60121
83 191 8.62002
83 192 8.76531
83 193 8.84338
83 194 8.88169
83 195 9.1087
83 196 10.294
83 197 10.414
83 198 10.5995
83 199 12.129
84 0 5.25008 1 26 24 11 10 8 9 3 16 14 17 13 6 28 25 5 27 29 19 33 2 21 22 23 32 4 30 7 20 34 15 12 31 18 1 
84 1 5.27883
84 2 5.27883
84 3 5.27883
84 4 5.27883
84 5 5.27883
84 6 5.27883
84 7 5.27883
84 8 5.27883
84 9 5.27883
84 10 5.27883
84 11 5.27883
84 12 5.27883
84 13 5.27883
84 14 5.27883
84 15 5.27883
84 16 5.27883
84 17 5.27883
84 18 5.27883
84 19 5.27883
84 20 5.27883
84 21 5.27883
84 22 5.27883
84 23 5.27883
84 24 5.27883
84 25 5.27883
84 26 5.27883
84 27 5.27883
84 28 5.27883
84 29 5.27883
84 30 5.27883
84 31 5.27883
84 32 5.27883
84 33 5.27883
84 34 5.27883
84 35 5.27883
84 36 5.27883
84 37 5.27883
84 38 5.27883
84 39 5.27883
84 40 5.27883
84 41 5.27883
84 42 5.27883
84 43 5.27883
84 44 5.27883
84 45 5.27883
84 46 5.27883
84 47 5.27883
84 48 5.27883
84 49 5.27883
84 50 5.27883
84 51 5.27883
84 52 5.27883
84 53 5.27883
84 54 5.27883
84 55 5.27883
84 56 5.27883
84 57 5.27883
84 58 5.27883
84 59 5.27883
84 60 5.27883
84 61 5.27883
84 62 5.27883
84 63 5.27883
84 64 5.27883
84 65 5.27883
84 66 5.27883
84 67 5.27883
84 68 5.27883
84 69 5.27883
84 70 5.27883
84 71 5.27883
84 72 5.27883
84 73 5.27883
84 74 5.27883
84 75 5.27883
84 76 5.27883
84 77 5.27883
84 78 5.27883
84 79 5.27883
84 80 5.27883
84 81 5.27883
84 82 5.27883
84 83 5.27883
84 84 5.27883
84 85 5.27883
84 86 5.27883
84 87 5.27883
84 88 5.27883
84 89 5.27883
84 90 5.27883
84 91 5.27883
84 92 5.27883
84 93 5.27883
84 94 5.27883
84 95 5.27883
84 96 5.27883
84 97 5.27883
84 98 5.27883
84 99 5.27883
84 100 5.27883
84 101 5.27883
84 102 5.27883
84 103 5.43683
84 104 5.4909
84 105 5.4909
84 106 5.57323
84 107 5.59423
84 108 5.62645
84 109 5.63076
84 110 5.63076
84 111 5.64059
84 112 5.65125
84 113 5.75063
84 114 5.78951
84 115 5.80894
84 116 5.81147
84 117 5.84094
84 118 5.88294
84 119 5.9608
84 120 5.97102
84 121 6.03447
84 122 6.11294
84 123 6.12871
84 124 6.14248
84 125 6.14451
84 126 6.15932
84 127 6.17463
84 128 6.18706
84 129 6.25596
84 130 6.31011
84 131 6.35955
84 132 6.44186
84 133 6.44805
84 134 6.48262
84 135 6.49235
84 136 6.57814
84 137 6.61434
84 138 6.61434
84 139 6.64469
84 140 6.72647
84 141 6.77144
84 142 6.776
84 143 6.80254
84 144 6.8173
84 145 6.87332
84 146 6.9015
84 147 6.93629
84 148 7.00051
84 149 7.03386
84 150 7.03724
84 151 7.06347
84 152 7.06393
84 153 7.07393
84 154 7.10928
84 155 7.15179
84 156 7.16536
84 157 7.18278
84 158 7.24773
84 159 7.27839
84 160 7.27839
84 161 7.30077
84 162 7.34807
84 163 7.37304
84 164 7.38341
84 165 7.4116
84 166 7.5243
84 167 7.68653
84 168 7.68653
84 169 7.71909
84 170 7.77151
84 171 7.78191
84 172 7.80398
84 173 7.85665
84 174 7.8669
84 175 7.87252
84 176 7.88376
84 177 7.94322
84 178 8.00656
84 179 8.04284
84 180 8.07697
84 181 8.17109
84 182 8.17291
84 183 8.22931
84 184 8.26363
84 185 8.36074
84 186 8.42866
84 187 8.51901
84 188 8.58493
84 189 8.60121
84 190 8.76531
84 191 8.76531
84 192 8.83486
84 193 9.19353
84 194 9.23106
84 195 9.32491
84 196 10.2079
84 197 10.324
84 198 10.3396
84 199 10.5794
85 0 5.25008 1 26 24 11 10 8 9 3 16 14 17 13 6 28 25 5 27 29 19 33 2 21 22 23 32 4 30 7 20 34 15 12 31 18 1 
85 1 5.25008
85 2 5.25008
85 3 5.25008
85 4 5.25008
85 5 5.25008
85 6 5.25008
85 7 5.25008
85 8 5.25008
85 9 5.25008
85 10 5.25008
85 11 5.25008
85 12 5.25008
85 13 5.25008
85 14 5.25008
85 15 5.25008
85 16 5.27883
85 17 5.27883
85 18 5.27883
85 19 5.27883
85 20 5.27883
85 21 5.27883
85 22 5.27883
85 23 5.27883
85 24 5.27883
85 25 5.27883
85 26 5.27883
85 27 5.27883
85 28 5.27883
85 29 5.27883
85 30 5.27883
85 31 5.27883
85 32 5.27883
85 33 5.27883
85 34 5.27883
85 35 5.27883
85 36 5.27883
85 37 5.27883
85 38 5.27883
85 39 5.27883
85 40 5.27883
85 41 5.27883
85 42 5.27883
85 43 5.27883
85 44 5.27883
85 45 5.27883
85 46 5.27883
85 47 5.27883
85 48 5.27883
85 49 5.27883
85 50 5.27883
85 51 5.27883
85 52 5.27883
85 53 5.27883
85 54 5.27883
85 55 5.27883
85 56 5.27883
85 57 5.27883
85 58 5.27883
85 59 5.27883
85 60 5.27883
85 61 5.27883
85 62 5.27883
85 63 5.27883
85 64 5.27883
85 65 5.27883
85 66 5.27883
85 67 5.27883
85 68 5.27883
85 69 5.27883
85 70 5.27883
85 71 5.27883
85 72 5.27883
85 73 5.27883
85 74 5.27883
85 75 5.27883
85 76 5.27883
85 77 5.27883
85 78 5.27883
85 79 5.27883
85 80 5.27883
85 81 5.27883
85 82 5.27883
85 83 5.27883
85 84 5.27883
85 85 5.27883
85 86 5.27883
85 87 5.27883
85 88 5.27883
85 89 5.27883
85 90 5.27883
85 91 5.27883
85 92 5.27883
85 93 5.27883
85 94 5.27883
85 95 5.27883
85 96 5.27883
85 97 5.27883
85 98 5.29662
85 99 5.33719
85 100 5.34397
85 101 5.38042
85 102 5.46509
85 103 5.4909
85 104 5.4909
85 105 5.60298
85 106 5.62908
85 107 5.78951
85 108 5.86409
85 109 5.88294
85 110 5.88668
85 111 5.93846
85 112 5.97102
85 113 6.00571
85 114 6.01
85 115 6.04421
85 116 6.11294
85 117 6.14252
85 118 6.16549
85 119 6.18239
85 120 6.20109
85 121 6.21301
85 122 6.22247
85 123 6.26342
85 124 6.27155
85 125 6.27548
85 126 6.29207
85 127 6.35955
85 128 6.40015
85 129 6.43951
85 130 6.48574
85 131 6.48602
85 132 6.49235
85 133 6.51063
85 134 6.54499
85 135 6.61434
85 136 6.61434
85 137 6.63429
85 138 6.68352
85 139 6.72089
85 140 6.73104
85 141 6.7453
85 142 6.78048
85 143 6.78048
85 144 6.80936
85 145 6.83596
85 146 6.84911
85 147 6.87332
85 148 6.93648
85 149 6.97184
85 150 7.03386
85 151 7.15322
85 152 7.20445
85 153 7.20604
85 154 7.20914
85 155 7.24177
85 156 7.27839
85 157 7.28903
85 158 7.3115
85 159 7.38341
85 160 7.38341
85 161 7.4651
85 162 7.53398
85 163 7.56365
85 164 7.68653
85 165 7.72954
85 166 7.74282
85 167 7.80398
85 168 7.88376
85 169 7.90658
85 170 7.92668
85 171 7.93073
85 172 7.98541
85 173 7.98896
85 174 8.00528
85 175 8.02322
85 176 8.07697
85 177 8.11204
85 178 8.13428
85 179 8.19229
85 180 8.21535
85 181 8.21684
85 182 8.26585
85 183 8.26647
85 184 8.31917
85 185 8.33049
85 186 8.42383
85 187 8.479
85 188 8.67128
85 189 8.69002
85 190 8.76531
85 191 8.76531
85 192 8.84614
85 193 8.88588
85 194 9.10508
85 195 9.24673
85 196 9.30564
85 197 9.7906
85 198 9.91882
85 199 11.4058
86 0 5.25008 1 26 24 11 10 8 9 3 16 14 17 13 6 28 25 5 27 29 19 33 2 21 22 23 32 4 30 7 20 34 15 12 31 18 1 
86 1 5.25008
86 2 5.25008
86 3 5.25008
86 4 5.25008
86 5 5.25008
86 6 5.25008
86 7 5.25008
86 8 5.25008
86 9 5.25008
86 10 5.25008
86 11 5.25008
86 12 5.25008
86 13 5.25008
86 14 5.25008
86 15 5.25008
86 16 5.25008
86 17 5.25008
86 18 5.25008
86 19 5.25008
86 20 5.25008
86 21 5.25008
86 22 5.25008
86 23 5.25008
86 24 5.25008
86 25 5.25008
86 26 5.25008
86 27 5.25008
86 28 5.25008
86 29 5.25008
86 30 5.25008
86 31 5.25008
86 32 5.25008
86 33 5.25008
86 34 5.25008
86 35 5.25008
86 36 5.25008
86 37 5.25008
86 38 5.25008
86 39 5.25008
86 40 5.25008
86 41 5.25008
86 42 5.25008
86 43 5.25008
86 44 5.25008
86 45 5.25008
86 46 5.25008
86 47 5.25008
86 48 5.25008
86 49 5.25008
86 50 5.25008
86 51 5.25008
86 52 5.25008
86 53 5.25008
86 54 5.25008
86 55 5.25008
86 56 5.25008
86 57 5.25008
86 58 5.25008
86 59 5.25008
86 60 5.27883
86 61 5.27883
86 62 5.27883
86 63 5.27883
86 64 5.27883
86 65 5.27883
86 66 5.27883
86 67 5.27883
86 68 5.27883
86 69 5.27883
86 70 5.27883
86 71 5.27883
86 72 5.27883
86 73 5.27883
86 74 5.27883
86 75 5.27883
86 76 5.27883
86 77 5.27883
86 78 5.27883
86 79 5.27883
86 80 5.27883
86 81 5.27883
86 82 5.27883
86 83 5.27883
86 84 5.27883
86 85 5.27883
86 86 5.27883
86 87 5.27883
86 88 5.27883
86 89 5.27883
86 90 5.27883
86 91 5.27883
86 92 5.27883
86 93 5.27883
86 94 5.27883
86 95 5.28158
86 96 5.29662
86 97 5.30843
86 98 5.32774
86 99 5.3531
86 100 5.38042
86 101 5.52542
86 102 5.60074
86 103 5.70433
86 104 5.76014
86 105 5.91809
86 106 5.94115
86 107 5.96094
86 108 5.98124
86 109 5.99876
86 110 6.01011
86 111 6.04421
86 112 6.06084
86 113 6.09415
86 114 6.09995
86 115 6.10756
86 116 6.1338
86 117 6.14252
86 118 6.15863
86 119 6.15899
86 120 6.26331
86 121 6.27354
86 122 6.3287
86 123 6.37646
86 124 6.38742
86 125 6.39162
86 126 6.39651
86 127 6.40015
86 128 6.43951
86 129 6.45037
86 130 6.45509
86 131 6.45769
86 132 6.49082
86 133 6.49235
86 134 6.52331
86 135 6.53301
86 136 6.58566
86 137 6.59565
86 138 6.59936
86 139 6.61645
86 140 6.62387
86 141 6.6259
86 142 6.639
86 143 6.65742
86 144 6.69149
86 145 6.69758
86 146 6.72089
86 147 6.72089
86 148 6.75172
86 149 6.869
86 150 6.87398
86 151 6.89541
86 152 6.9025
86 153 6.95966
86 154 7.02866
86 155 7.08726
86 156 7.15073
86 157 7.17181
86 158 7.20445
86 159 7.21606
86 160 7.2253
86 161 7.27148
86 162 7.27839
86 163 7.28274
86 164 7.41684
86 165 7.41958
86 166 7.42867
86 167 7.45086
86 168 7.50645
86 169 7.54676
86 170 7.58505
86 171 7.58515
86 172 7.6323
86 173 7.64409
86 174 7.74282
86 175 7.86085
86 176 7.86646
86 177 7.94967
86 178 7.95284
86 179 8.00363
86 180 8.15113
86 181 8.1757
86 182 8.17608
86 183 8.17675
86 184 8.2241
86 185 8.2515
86 186 8.30288
86 187 8.44288
86 188 8.49836
86 189 8.56861
86 190 8.72296
86 191 8.74005
86 192 8.76531
86 193 8.85797
86 194 9.05447
86 195 9.35634
86 196 9.76081
86 197 10.0718
86 198 10.4611
86 199 11.7377
87 0 5.25008 1 26 24 11 10 8 9 3 16 14 17 13 6 28 25 5 27 29 19 33 2 21 22 23 32 4 30 7 20 34 15 12 31 18 1 
87 1 5.25008
87 2 5.25008
87 3 5.25008
87 4 5.25008
87 5 5.25008
87 6 5.25008
87 7 5.25008
87 8 5.25008
87 9 5.25008
87 10 5.25008
87 11 5.25008
87 12 5.25008
87 13 5.25008
87 14 5.25008
87 15 5.25008
87 16 5.25008
87 17 5.25008
87 18 5.25008
87 19 5.25008
87 20 5.25008
87 21 5.25008
87 22 5.25008
87 23 5.25008
87 24 5.25008
87 25 5.25008
87 26 5.25008
87 27 5.25008
87 28 5.25008
87 29 5.25008
87 30 5.25008
87 31 5.25008
87 32 5.25008
87 33 5.25008
87 34 5.25008
87 35 5.25008
87 36 5.25008
87 37 5.25008
87 38 5.25008
87 39 5.25008
87 40 5.25008
87 41 5.25008
87 42 5.25008
87 43 5.25008
87 44 5.25008
87 45 5.25008
87 46 5.25008
87 47 5.25008
87 48 5.25008
87 49 5.25008
87 50 5.25008
87 51 5.25008
87 52 5.25008
87 53 5.25008
87 54 5.25008
87 55 5.25008
87 56 5.25008
87 57 5.25008
87 58 5.25008
87 59 5.25008
87 60 5.25008
87 61 5.25008
87 62 5.25008
87 63 5.25008
87 64 5.25008
87 65 5.25008
87 66 5.25008
87 67 5.25008
87 68 5.25008
87 69 5.25008
87 70 5.25008
87 71 5.25008
87 72 5.25008
87 73 5.25008
87 74 5.25008
87 75 5.25008
87 76 5.25008
87 77 5.25008
87 78 5.25008
87 79 5.25008
87 80 5.25008
87 81 5.25008
87 82 5.25008
87 83 5.27883
87 84 5.27883
87 85 5.27883
87 86 5.27883
87 87 5.27883
87 88 5.27883
87 89 5.27883
87 90 5.27883
87 91 5.27883
87 92 5.27883
87 93 5.27883
87 94 5.27883
87 95 5.28158
87 96 5.29662
87 97 5.30843
87 98 5.30843
87 99 5.35166
87 100 5.38186
87 101 5.4909
87 102 5.56215
87 103 5.63196
87 104 5.70433
87 105 5.75507
87 106 5.76014
87 107 5.79969
87 108 5.85792
87 109 5.90543
87 110 5.91809
87 111 5.94115
87 112 6.00653
87 113 6.01011
87 114 6.04067
87 115 6.07566
87 116 6.09415
87 117 6.09995
87 118 6.11667
87 119 6.12937
87 120 6.13023
87 121 6.14979
87 122 6.15737
87 123 6.15899
87 124 6.30222
87 125 6.3162
87 126 6.31717
87 127 6.43951
87 128 6.44571
87 129 6.47913
87 130 6.48451
87 131 6.50015
87 132 6.53301
87 133 6.60522
87 134 6.65742
87 135 6.69043
87 136 6.69149
87 137 6.75172
87 138 6.764
87 139 6.82059
87 140 6.85069
87 141 6.87068
87 142 6.89389
87 143 6.9717
87 144 6.98928
87 145 6.99472
87 146 6.99512
87 147 7.00938
87 148 7.0396
87 149 7.0554
87 150 7.05903
87 151 7.08705
87 152 7.10937
87 153 7.14632
87 154 7.22386
87 155 7.33283
87 156 7.34584
87 157 7.35787
87 158 7.41669
87 159 7.51971
87 160 7.55113
87 161 7.58505
87 162 7.61383
87 163 7.62179
87 164 7.6323
87 165 7.65162
87 166 7.74282
87 167 7.78647
87 168 7.94323
87 169 7.94967
87 170 7.95726
87 171 8.00401
87 172 8.0073
87 173 8.01121
87 174 8.03803
87 175 8.04583
87 176 8.0544
87 177 8.09282
87 178 8.11052
87 179 8.23564
87 180 8.23764
87 181 8.25144
87 182 8.30406
87 183 8.39397
87 184 8.48985
87 185 8.69105
87 186 8.7096
87 187 8.74005
87 188 8.77989
87 189 8.79075
87 190 8.93688
87 191 8.99674
87 192 9.03296
87 193 9.15828
87 194 9.25257
87 195 9.46166
87 196 9.51334
87 197 9.66623
87 198 9.76081
87 199 10.2971
88 0 5.25008 1 26 24 11 10 8 9 3 16 14 17 13 6 28 25 5 27 29 19 33 2 21 22 23 32 4 30 7 20 34 15 12 31 18 1 
88 1 5.25008
88 2 5.25008
88 3 5.25008
88 4 5.25008
88 5 5.25008
88 6 5.25008
88 7 5.25008
88 8 5.25008
88 9 5.25008
88 10 5.25008
88 11 5.25008
88 12 5.25008
88 13 5.25008
88 14 5.25008
88 15 5.25008
88 16 5.25008
88 17 5.25008
88 18 5.25008
88 19 5.25008
88 20 5.25008
88 21 5.25008
88 22 5.25008
88 23 5.25008
88 24 5.25008
88 25 5.25008
88 26 5.25008
88 27 5.25008
88 28 5.25008
88 29 5.25008
88 30 5.25008
88 31 5.25008
88 32 5.25008
88 33 5.25008
88 34 5.25008
88 35 5.25008
88 36 5.25008
88 37 5.25008
88 38 5.25008
88 39 5.25008
88 40 5.25008
88 41 5.25008
88 42 5.25008
88 43 5.25008
88 44 5.25008
88 45 5.25008
88 46 5.25008
88 47 5.25008
88 48 5.25008
88 49 5.25008
88 50 5.25008
88 51 5.25008
88 52 5.25008
88 53 5.25008
88 54 5.25008
88 55 5.25008
88 56 5.25008
88 57 5.25008
88 58 5.25008
88 59 5.25008
88 60 5.25008
88 61 5.25008
88 62 5.25008
88 63 5.25008
88 64 5.25008
88 65 5.25008
88 66 5.25008
88 67 5.25008
88 68 5.25008
88 69 5.25008
88 70 5.25008
88 71 5.25008
88 72 5.25008
88 73 5.25008
88 74 5.25008
88 75 5.25008
88 76 5.25008
88 77 5.25008
88 78 5.25008
88 79 5.25008
88 80 5.25008
88 81 5.25008
88 82 5.25008
88 83 5.25008
88 84 5.25008
88 85 5.25008
88 86 5.25008
88 87 5.25008
88 88 5.25008
88 89 5.25008
88 90 5.25008
88 91 5.25008
88 92 5.25008
88 93 5.25008
88 94 5.25282
88 95 5.27883
88 96 5.27883
88 97 5.27883
88 98 5.27883
88 99 5.27883
88 100 5.27883
88 101 5.27883
88 102 5.28158
88 103 5.30843
88 104 5.3531
88 105 5.35584
88 106 5.40713
88 107 5.45738
88 108 5.4973
88 109 5.4973
88 110 5.54723
88 111 5.55074
88 112 5.59234
88 113 5.63196
88 114 5.63196
88 115 5.79969
88 116 5.79969
88 117 5.80315
88 118 5.80329
88 119 5.85387
88 120 5.87165
88 121 5.99153
88 122 5.99876
88 123 6.01011
88 124 6.04446
88 125 6.08489
88 126 6.11074
88 127 6.13023
88 128 6.14872
88 129 6.19726
88 130 6.21273
88 131 6.2512
88 132 6.25906
88 133 6.28342
88 134 6.30545
88 135 6.31021
88 136 6.31322
88 137 6.3162
88 138 6.3162
88 139 6.31717
88 140 6.32083
88 141 6.40321
88 142 6.41163
88 143 6.471
88 144 6.50406
88 145 6.51144
88 146 6.55367
88 147 6.57208
88 148 6.57481
88 149 6.6404
88 150 6.66372
88 151 6.72389
88 152 6.75172
88 153 6.77091
88 154 6.84351
88 155 6.90987
88 156 6.94559
88 157 6.97858
88 158 6.99472
88 159 7.02388
88 160 7.0396
88 161 7.0628
88 162 7.07987
88 163 7.14632
88 164 7.24214
88 165 7.25641
88 166 7.27666
88 167 7.3041
88 168 7.33537
88 169 7.37769
88 170 7.41669
88 171 7.44729
88 172 7.51042
88 173 7.55244
88 174 7.58407
88 175 7.6175
88 176 7.78166
88 177 7.9285
88 178 7.94323
88 179 7.94967
88 180 7.99085
88 181 8.00444
88 182 8.07272
88 183 8.10941
88 184 8.13739
88 185 8.1441
88 186 8.20999
88 187 8.39554
88 188 8.89024
88 189 9.06615
88 190 9.14933
88 191 9.19856
88 192 9.30805
88 193 9.37774
88 194 9.37997
88 195 9.72539
88 196 9.74051
88 197 10.0454
88 198 10.4318
88 199 11.1852
89 0 5.25008 1 26 24 11 10 8 9 3 16 14 17 13 6 28 25 5 27 29 19 33 2 21 22 23 32 4 30 7 20 34 15 12 31 18 1 
89 1 5.25008
89 2 5.25008
89 3 5.25008
89 4 5.25008
89 5 5.25008
89 6 5.25008
89 7 5.25008
89 8 5.25008
89 9 5.25008
89 10 5.25008
89 11 5.25008
89 12 5.25008
89 13 5.25008
89 14 5.25008
89 15 5.25008
89 16 5.25008
89 17 5.25008
89 18 5.25008
89 19 5.25008
89 20 5.25008
89 21 5.25008
89 22 5.25008
89 23 5.25008
89 24 5.25008
89 25 5.25008
89 26 5.25008
89 27 5.25008
89 28 5.25008
89 29 5.25008
89 30 5.25008
89 31 5.25008
89 32 5.25008
89 33 5.25008
89 34 5.25008
89 35 5.25008
89 36 5.25008
89 37 5.25008
89 38 5.25008
89 39 5.25008
89 40 5.25008
89 41 5.25008
89 42 5.25008
89 43 5.25008
89 44 5.25008
89 45 5.25008
89 46 5.25008
89 47 5.25008
89 48 5.25008
89 49 5.25008
89 50 5.25008
89 51 5.25008
89 52 5.25008
89 53 5.25008
89 54 5.25008
89 55 5.25008
89 56 5.25008
89 57 5.25008
89 58 5.25008
89 59 5.25008
89 60 5.25008
89 61 5.25008
89 62 5.25008
89 63 5.25008
89 64 5.25008
89 65 5.25008
89 66 5.25008
89 67 5.25008
89 68 5.25008
89 69 5.25008
89 70 5.25008
89 71 5.25008
89 72 5.25008
89 73 5.25008
89 74 5.25008
89 75 5.25008
89 76 5.25008
89 77 5.25008
89 78 5.25008
89 79 5.25008
89 80 5.25008
89 81 5.25008
89 82 5.25008
89 83 5.25008
89 84 5.25008
89 85 5.25008
89 86 5.25008
89 87 5.25008
89 88 5.25008
89 89 5.25008
89 90 5.25008
89 91 5.25008
89 92 5.25008
89 93 5.25008
89 94 5.25008
89 95 5.25008
89 96 5.25008
89 97 5.25008
89 98 5.25008
89 99 5.25008
89 100 5.25008
89 101 5.25008
89 102 5.25008
89 103 5.27883
89 104 5.27883
89 105 5.27883
89 106 5.27883
89 107 5.28125
89 108 5.30843
89 109 5.45077
89 110 5.45738
89 111 5.45738
89 112 5.45738
89 113 5.4973
89 114 5.53662
89 115 5.57383
89 116 5.63196
89 117 5.67969
89 118 5.69278
89 119 5.80315
89 120 5.80329
89 121 5.80329
89 122 5.81069
89 123 5.90661
89 124 5.9201
89 125 5.93687
89 126 6.0887
89 127 6.11074
89 128 6.11501
89 129 6.14872
89 130 6.14872
89 131 6.19249
89 132 6.28744
89 133 6.30545
89 134 6.30733
89 135 6.31021
89 136 6.32083
89 137 6.3279
89 138 6.3605
89 139 6.40866
89 140 6.4271
89 141 6.43951
89 142 6.50406
89 143 6.56735
89 144 6.57355
89 145 6.58787
89 146 6.59093
89 147 6.69012
89 148 6.71334
89 149 6.72389
89 150 6.80574
89 151 6.80792
89 152 6.8498
89 153 6.87743
89 154 6.91158
89 155 6.94559
89 156 6.96457
89 157 7.01533
89 158 7.06963
89 159 7.08726
89 160 7.14632
89 161 7.22084
89 162 7.30147
89 163 7.3041
89 164 7.30929
89 165 7.33088
89 166 7.34584
89 167 7.35048
89 168 7.41669
89 169 7.44786
89 170 7.48647
89 171 7.58407
89 172 7.7049
89 173 7.83161
89 174 7.8692
89 175 7.92077
89 176 7.9826
89 177 8.04473
89 178 8.05469
89 179 8.22032
89 180 8.25605
89 181 8.38869
89 182 8.43245
89 183 8.45492
89 184 8.53235
89 185 8.53757
89 186 8.57245
89 187 9.07653
89 188 9.15498
89 189 9.17332
89 190 9.19856
89 191 9.31532
89 192 9.37774
89 193 9.39152
89 194 9.4504
89 195 9.6565
89 196 9.73461
89 197 10.1027
89 198 10.1883
89 199 10.4609
90 0 5.25008 1 26 24 11 10 8 9 3 16 14 17 13 6 28 25 5 27 29 19 33 2 21 22 23 32 4 30 7 20 34 15 12 31 18 1 
90 1 5.25008
90 2 5.25008
90 3 5.25008
90 4 5.25008
90 5 5.25008
90 6 5.25008
90 7 5.25008
90 8 5.25008
90 9 5.25008
90 10 5.25008
90 11 5.25008
90 12 5.25008
90 13 5.25008
90 14 5.25008
90 15 5.25008
90 16 5.25008
90 17 5.25008
90 18 5.25008
90 19 5.25008
90 20 5.25008
90 21 5.25008
90 22 5.25008
90 23 5.25008
90 24 5.25008
90 25 5.25008
90 26 5.25008
90 27 5.25008
90 28 5.25008
90 29 5.25008
90 30 5.25008
90 31 5.25008
90 32 5.25008
90 33 5.25008
90 34 5.25008
90 35 5.25008
90 36 5.25008
90 37 5.25008
90 38 5.25008
90 39 5.25008
90 40 5.25008
90 41 5.25008
90 42 5.25008
90 43 5.25008
90 44 5.25008
90 45 5.25008
90 46 5.25008
90 47 5.25008
90 48 5.25008
90 49 5.25008
90 50 5.25008
90 51 5.25008
90 52 5.25008
90 53 5.25008
90 54 5.25008
90 55 5.25008
90 56 5.25008
90 57 5.25008
90 58 5.25008
90 59 5.25008
90 60 5.25008
90 61 5.25008
90 62 5.25008
90 63 5.25008
90 64 5.25008
90 65 5.25008
90 66 5.25008
90 67 5.25008
90 68 5.25008
90 69 5.25008
90 70 5.25008
90 71 5.25008
90 72 5.25008
90 73 5.25008
90 74 5.25008
90 75 5.25008
90 76 5.25008
90 77 5.25008
90 78 5.25008
90 79 5.25008
90 80 5.25008
90 81 5.25008
90 82 5.25008
90 83 5.25008
90 84 5.25008
90 85 5.25008
90 86 5.25008
90 87 5.25008
90 88 5.25008
90 89 5.25008
90 90 5.25008
90 91 5.25008
90 92 5.25008
90 93 5.25008
90 94 5.25008
90 95 5.25008
90 96 5.25008
90 97 5.25008
90 98 5.25008
90 99 5.27127
90 100 5.27883
90 101 5.27883
90 102 5.27883
90 103 5.30843
90 104 5.35166
90 105 5.42766
90 106 5.45738
90 107 5.50353
90 108 5.53662
90 109 5.54447
90 110 5.56826
90 111 5.73083
90 112 5.76377
90 113 5.86998
90 114 5.88243
90 115 5.9201
90 116 6.02303
90 117 6.0788
90 118 6.15724
90 119 6.17087
90 120 6.24225
90 121 6.25204
90 122 6.27719
90 123 6.29626
90 124 6.34107
90 125 6.34983
90 126 6.3605
90 127 6.36791
90 128 6.40866
90 129 6.42183
90 130 6.44807
90 131 6.45575
90 132 6.471
90 133 6.50406
90 134 6.52339
90 135 6.58787
90 136 6.61922
90 137 6.62118
90 138 6.63266
90 139 6.64028
90 140 6.71611
90 141 6.72866
90 142 6.74915
90 143 6.8583
90 144 6.8756
90 145 6.88853
90 146 6.92995
90 147 6.93317
90 148 7.09694
90 149 7.14498
90 150 7.2142
90 151 7.23354
90 152 7.23477
90 153 7.29814
90 154 7.30929
90 155 7.31787
90 156 7.3185
90 157 7.34043
90 158 7.34428
90 159 7.34584
90 160 7.34584
90 161 7.39532
90 162 7.44531
90 163 7.44749
90 164 7.44785
90 165 7.46053
90 166 7.47776
90 167 7.48182
90 168 7.48249
90 169 7.48774
90 170 7.50615
90 171 7.51275
90 172 7.53662
90 173 7.648
90 174 7.7049
90 175 7.83161
90 176 7.92077
90 177 7.96093
90 178 8.0425
90 179 8.05469
90 180 8.24423
90 181 8.27644
90 182 8.27654
90 183 8.43245
90 184 8.43632
90 185 8.47809
90 186 8.54448
90 187 8.7024
90 188 8.73655
90 189 9.02195
90 190 9.07645
90 191 9.14168
90 192 9.18194
90 193 9.21514
90 194 9.38734
90 195 9.576
90 196 9.85517
90 197 10.1705
90 198 10.6353
90 199 11.2314
91 0 5.25008 1 26 24 11 10 8 9 3 16 14 17 13 6 28 25 5 27 29 19 33 2 21 22 23 32 4 30 7 20 34 15 12 31 18 1 
91 1 5.25008
91 2 5.25008
91 3 5.25008
91 4 5.25008
91 5 5.25008
91 6 5.25008
91 7 5.25008
91 8 5.25008
91 9 5.25008
91 10 5.25008
91 11 5.25008
91 12 5.25008
91 13 5.25008
91 14 5.25008
91 15 5.25008
91 16 5.25008
91 17 5.25008
91 18 5.25008
91 19 5.25008
91 20 5.25008
91 21 5.25008
91 22 5.25008
91 23 5.25008
91 24 5.25008
91 25 5.25008
91 26 5.25008
91 27 5.25008
91 28 5.25008
91 29 5.25008
91 30 5.25008
91 31 5.25008
91 32 5.25008
91 33 5.25008
91 34 5.25008
91 35 5.25008
91 36 5.25008
91 37 5.25008
91 38 5.25008
91 39 5.25008
91 40 5.25008
91 41 5.25008
91 42 5.25008
91 43 5.25008
91 44 5.25008
91 45 5.25008
91 46 5.25008
91 47 5.25008
91 48 5.25008
91 49 5.25008
91 50 5.25008
91 51 5.25008
91 52 5.25008
91 53 5.25008
91 54 5.25008
91 55 5.25008
91 56 5.25008
91 57 5.25008
91 58 5.25008
91 59 5.25008
91 60 5.25008
91 61 5.25008
91 62 5.25008
91 63 5.25008
91 64 5.25008
91 65 5.25008
91 66 5.25008
91 67 5.25008
91 68 5.25008
91 69 5.25008
91 70 5.25008
91 71 5.25008
91 72 5.25008
91 73 5.25008
91 74 5.25008
91 75 5.25008
91 76 5.25008
91 77 5.25008
91 78 5.25008
91 79 5.25008
91 80 5.25008
91 81 5.25008
91 82 5.25008
91 83 5.25008
91 84 5.25008
91 85 5.25008
91 86 5.25008
91 87 5.25008
91 88 5.25008
91 89 5.25008
91 90 5.25008
91 91 5.25008
91 92 5.25008
91 93 5.25008
91 94 5.25008
91 95 5.25008
91 96 5.25008
91 97 5.25008
91 98 5.25008
91 99 5.25008
91 100 5.25008
91 101 5.25008
91 102 5.25008
91 103 5.25008
91 104 5.25008
91 105 5.25008
91 106 5.25008
91 107 5.25008
91 108 5.25008
91 109 5.25008
91 110 5.25008
91 111 5.25008
91 112 5.25008
91 113 5.25008
91 114 5.25008
91 115 5.25008
91 116 5.25008
91 117 5.25008
91 118 5.25008
91 119 5.25008
91 120 5.27127
91 121 5.30843
91 122 5.30843
91 123 5.35166
91 124 5.50226
91 125 5.56071
91 126 5.68146
91 127 5.70825
91 128 5.82905
91 129 5.87435
91 130 5.92565
91 131 5.95389
91 132 6.04446
91 133 6.0887
91 134 6.15724
91 135 6.15724
91 136 6.27719
91 137 6.30633
91 138 6.30983
91 139 6.34107
91 140 6.3605
91 141 6.3605
91 142 6.37452
91 143 6.38445
91 144 6.40886
91 145 6.40903
91 146 6.46683
91 147 6.47809
91 148 6.50209
91 149 6.52945
91 150 6.57841
91 151 6.58787
91 152 6.59466
91 153 6.61067
91 154 6.63266
91 155 6.63266
91 156 6.67928
91 157 6.8627
91 158 6.9013
91 159 6.969
91 160 6.99391
91 161 6.99657
91 162 7.04854
91 163 7.08049
91 164 7.08104
91 165 7.09149
91 166 7.11723
91 167 7.12552
91 168 7.19282
91 169 7.19791
91 170 7.23477
91 171 7.2505
91 172 7.27304
91 173 7.286
91 174 7.29886
91 175 7.34043
91 176 7.4474
91 177 7.48249
91 178 7.51275
91 179 7.52173
91 180 7.59735
91 181 7.63861
91 182 7.69968
91 183 7.70159
91 184 7.7045
91 185 7.8154
91 186 7.83161
91 187 7.83161
91 188 7.90737
91 189 7.91085
91 190 8.03926
91 191 8.19308
91 192 8.3069
91 193 8.54035
91 194 8.81289
91 195 8.99358
91 196 9.04781
91 197 9.51228
91 198 10.1705
91 199 10.2113
92 0 5.25008 1 26 24 11 10 8 9 3 16 14 17 13 6 28 25 5 27 29 19 33 2 21 22 23 32 4 30 7 20 34 15 12 31 18 1 
92 1 5.25008
92 2 5.25008
92 3 5.25008
92 4 5.25008
92 5 5.25008
92 6 5.25008
92 7 5.25008
92 8 5.25008
92 9 5.25008
92 10 5.25008
92 11 5.25008
92 12 5.25008
92 13 5.25008
92 14 5.25008
92 15 5.25008
92 16 5.25008
92 17 5.25008
92 18 5.25008
92 19 5.25008
92 20 5.25008
92 21 5.25008
92 22 5.25008
92 23 5.25008
92 24 5.25008
92 25 5.25008
92 26 5.25008
92 27 5.25008
92 28 5.25008
92 29 5.25008
92 30 5.25008
92 31 5.25008
92 32 5.25008
92 33 5.25008
92 34 5.25008
92 35 5.25008
92 36 5.25008
92 37 5.25008
92 38 5.25008
92 39 5.25008
92 40 5.25008
92 41 5.25008
92 42 5.25008
92 43 5.25008
92 44 5.25008
92 45 5.25008
92 46 5.25008
92 47 5.25008
92 48 5.25008
92 49 5.25008
92 50 5.25008
92 51 5.25008
92 52 5.25008
92 53 5.25008
92 54 5.25008
92 55 5.25008
92 56 5.25008
92 57 5.25008
92 58 5.25008
92 59 5.25008
92 60 5.25008
92 61 5.25008
92 62 5.25008
92 63 5.25008
92 64 5.25008
92 65 5.25008
92 66 5.25008
92 67 5.25008
92 68 5.25008
92 69 5.25008
92 70 5.25008
92 71 5.25008
92 72 5.25008
92 73 5.25008
92 74 5.25008
92 75 5.25008
92 76 5.25008
92 77 5.25008
92 78 5.25008
92 79 5.25008
92 80 5.25008
92 81 5.25008
92 82 5.25008
92 83 5.25008
92 84 5.25008
92 85 5.25008
92 86 5.25008
92 87 5.25008
92 88 5.25008
92 89 5.25008
92 90 5.25008
92 91 5.25008
92 92 5.25008
92 93 5.25008
92 94 5.25008
92 95 5.25008
92 96 5.25008
92 97 5.25008
92 98 5.25008
92 99 5.25008
92 100 5.25008
92 101 5.25008
92 102 5.27075
92 103 5.30843
92 104 5.30843
92 105 5.30843
92 106 5.31521
92 107 5.31992
92 108 5.47409
92 109 5.49535
92 110 5.53339
92 111 5.54723
92 112 5.66514
92 113 5.68435
92 114 5.70825
92 115 5.73732
92 116 5.83534
92 117 5.9094
92 118 5.92565
92 119 5.98167
92 120 6.02889
92 121 6.03128
92 122 6.03208
92 123 6.04769
92 124 6.0492
92 125 6.08067
92 126 6.08834
92 127 6.14672
92 128 6.17271
92 129 6.21186
92 130 6.2175
92 131 6.24426
92 132 6.32951
92 133 6.3605
92 134 6.3605
92 135 6.40686
92 136 6.45444
92 137 6.45575
92 138 6.47574
92 139 6.50209
92 140 6.50497
92 141 6.5163
92 142 6.53144
92 143 6.53301
92 144 6.60236
92 145 6.64511
92 146 6.67061
92 147 6.6708
92 148 6.78914
92 149 6.83794
92 150 6.85456
92 151 6.86837
92 152 6.86837
92 153 6.90754
92 154 6.9123
92 155 6.92416
92 156 6.99657
92 157 6.99657
92 158 7.01319
92 159 7.02281
92 160 7.0459
92 161 7.08806
92 162 7.11563
92 163 7.17003
92 164 7.22611
92 165 7.25206
92 166 7.29752
92 167 7.29886
92 168 7.31487
92 169 7.38119
92 170 7.39169
92 171 7.40736
92 172 7.42398
92 173 7.43938
92 174 7.47527
92 175 7.50739
92 176 7.53735
92 177 7.5525
92 178 7.69968
92 179 7.82162
92 180 7.83161
92 181 7.90115
92 182 7.90737
92 183 7.97469
92 184 8.0747
92 185 8.09564
92 186 8.1431
92 187 8.19308
92 188 8.19936
92 189 8.21889
92 190 8.3069
92 191 8.3325
92 192 8.37306
92 193 8.69924
92 194 8.85064
92 195 8.90656
92 196 8.94496
92 197 8.9904
92 198 9.51228
92 199 11.5371
93 0 5.25008 1 26 24 11 10 8 9 3 16 14 17 13 6 28 25 5 27 29 19 33 2 21 22 23 32 4 30 7 20 34 15 12 31 18 1 
93 1 5.25008
93 2 5.25008
93 3 5.25008
93 4 5.25008
93 5 5.25008
93 6 5.25008
93 7 5.25008
93 8 5.25008
93 9 5.25008
93 10 5.25008
93 11 5.25008
93 12 5.25008
93 13 5.25008
93 14 5.25008
93 15 5.25008
93 16 5.25008
93 17 5.25008
93 18 5.25008
93 19 5.25008
93 20 5.25008
93 21 5.25008
93 22 5.25008
93 23 5.25008
93 24 5.25008
93 25 5.25008
93 26 5.25008
93 27 5.25008
93 28 5.25008
93 29 5.25008
93 30 5.25008
93 31 5.25008
93 32 5.25008
93 33 5.25008
93 34 5.25008
93 35 5.25008
93 36 5.25008
93 37 5.25008
93 38 5.25008
93 39 5.25008
93 40 5.25008
93 41 5.25008
93 42 5.25008
93 43 5.25008
93 44 5.25008
93 45 5.25008
93 46 5.25008
93 47 5.25008
93 48 5.25008
93 49 5.25008
93 50 5.25008
93 51 5.25008
93 52 5.25008
93 53 5.25008
93 54 5.25008
93 55 5.25008
93 56 5.25008
93 57 5.25008
93 58 5.25008
93 59 5.25008
93 60 5.25008
93 61 5.25008
93 62 5.25008
93 63 5.25008
93 64 5.25008
93 65 5.25008
93 66 5.25008
93 67 5.25008
93 68 5.25008
93 69 5.25008
93 70 5.25008
93 71 5.25008
93 72 5.25008
93 73 5.25008
93 74 5.25008
93 75 5.25008
93 76 5.25008
93 77 5.25008
93 78 5.25008
93 79 5.25008
93 80 5.25008
93 81 5.25008
93 82 5.25008
93 83 5.25008
93 84 5.25008
93 85 5.25008
93 86 5.25008
93 87 5.25008
93 88 5.25008
93 89 5.25008
93 90 5.25008
93 91 5.25008
93 92 5.25008
93 93 5.25008
93 94 5.25008
93 95 5.25008
93 96 5.25008
93 97 5.25008
93 98 5.25008
93 99 5.25008
93 100 5.25008
93 101 5.25008
93 102 5.25008
93 103 5.25008
93 104 5.25008
93 105 5.25008
93 106 5.25008
93 107 5.25008
93 108 5.25008
93 109 5.25008
93 110 5.25008
93 111 5.25008
93 112 5.25008
93 113 5.25008
93 114 5.25008
93 115 5.25008
93 116 5.25008
93 117 5.30843
93 118 5.30843
93 119 5.30843
93 120 5.30843
93 121 5.37952
93 122 5.47409
93 123 5.5405
93 124 5.54723
93 125 5.54723
93 126 5.55253
93 127 5.82177
93 128 5.83534
93 129 6.08067
93 130 6.08834
93 131 6.14753
93 132 6.14979
93 133 6.17201
93 134 6.17271
93 135 6.17945
93 136 6.18358
93 137 6.19778
93 138 6.24484
93 139 6.25953
93 140 6.27751
93 141 6.28855
93 142 6.31106
93 143 6.31157
93 144 6.3605
93 145 6.36845
93 146 6.39724
93 147 6.40842
93 148 6.48192
93 149 6.49455
93 150 6.49529
93 151 6.50209
93 152 6.50497
93 153 6.55436
93 154 6.62232
93 155 6.62662
93 156 6.63331
93 157 6.6475
93 158 6.75646
93 159 6.85456
93 160 6.86791
93 161 6.88011
93 162 6.89075
93 163 6.96504
93 164 7.00938
93 165 7.0205
93 166 7.03669
93 167 7.16404
93 168 7.17003
93 169 7.277
93 170 7.33011
93 171 7.3405
93 172 7.34916
93 173 7.35043
93 174 7.36604
93 175 7.38119
93 176 7.40736
93 177 7.42398
93 178 7.44749
93 179 7.49481
93 180 7.49481
93 181 7.49485
93 182 7.55098
93 183 7.55659
93 184 7.61122
93 185 7.6145
93 186 7.84213
93 187 7.86316
93 188 7.94207
93 189 8.03066
93 190 8.19308
93 191 8.23589
93 192 8.282
93 193 8.30622
93 194 8.34659
93 195 8.49836
93 196 8.89907
93 197 9.52435
93 198 10.0271
93 199 10.5766
94 0 5.25008 1 26 24 11 10 8 9 3 16 14 17 13 6 28 25 5 27 29 19 33 2 21 22 23 32 4 30 7 20 34 15 12 31 18 1 
94 1 5.25008
94 2 5.25008
94 3 5.25008
94 4 5.25008
94 5 5.25008
94 6 5.25008
94 7 5.25008
94 8 5.25008
94 9 5.25008
94 10 5.25008
94 11 5.25008
94 12 5.25008
94 13 5.25008
94 14 5.25008
94 15 5.25008
94 16 5.25008
94 17 5.25008
94 18 5.25008
94 19 5.25008
94 20 5.25008
94 21 5.25008
94 22 5.25008
94 23 5.25008
94 24 5.25008
94 25 5.25008
94 26 5.25008
94 27 5.25008
94 28 5.25008
94 29 5.25008
94 30 5.25008
94 31 5.25008
94 32 5.25008
94 33 5.25008
94 34 5.25008
94 35 5.25008
94 36 5.25008
94 37 5.25008
94 38 5.25008
94 39 5.25008
94 40 5.25008
94 41 5.25008
94 42 5.25008
94 43 5.25008
94 44 5.25008
94 45 5.25008
94 46 5.25008
94 47 5.25008
94 48 5.25008
94 49 5.25008
94 50 5.25008
94 51 5.25008
94 52 5.25008
94 53 5.25008
94 54 5.25008
94 55 5.25008
94 56 5.25008
94 57 5.25008
94 58 5.25008
94 59 5.25008
94 60 5.25008
94 61 5.25008
94 62 5.25008
94 63 5.25008
94 64 5.25008
94 65 5.25008
94 66 5.25008
94 67 5.25008
94 68 5.25008
94 69 5.25008
94 70 5.25008
94 71 5.25008
94 72 5.25008
94 73 5.25008
94 74 5.25008
94 75 5.25008
94 76 5.25008
94 77 5.25008
94 78 5.25008
94 79 5.25008
94 80 5.25008
94 81 5.25008
94 82 5.25008
94 83 5.25008
94 84 5.25008
94 85 5.25008
94 86 5.25008
94 87 5.25008
94 88 5.25008
94 89 5.25008
94 90 5.25008
94 91 5.25008
94 92 5.25008
94 93 5.25008
94 94 5.25008
94 95 5.25008
94 96 5.25008
94 97 5.25008
94 98 5.25008
94 99 5.25008
94 100 5.25008
94 101 5.25008
94 102 5.25008
94 103 5.25008
94 104 5.25008
94 105 5.25008
94 106 5.25008
94 107 5.25008
94 108 5.25008
94 109 5.28438
94 110 5.30843
94 111 5.30843
94 112 5.30843
94 113 5.30843
94 114 5.46124
94 115 5.47562
94 116 5.50215
94 117 5.50226
94 118 5.53662
94 119 5.54723
94 120 5.7572
94 121 5.77557
94 122 5.78395
94 123 5.88683
94 124 5.89818
94 125 5.94115
94 126 5.94764
94 127 5.95668
94 128 6.00231
94 129 6.04997
94 130 6.10068
94 131 6.15982
94 132 6.17945
94 133 6.18358
94 134 6.19215
94 135 6.2494
94 136 6.25953
94 137 6.25953
94 138 6.27751
94 139 6.31157
94 140 6.3279
94 141 6.38798
94 142 6.39915
94 143 6.43125
94 144 6.49529
94 145 6.51623
94 146 6.5314
94 147 6.55134
94 148 6.58787
94 149 6.58882
94 150 6.59354
94 151 6.63331
94 152 6.72837
94 153 6.76607
94 154 6.82196
94 155 6.83927
94 156 6.84409
94 157 6.91155
94 158 6.96396
94 159 6.96504
94 160 7.00021
94 161 7.02669
94 162 7.04129
94 163 7.06775
94 164 7.10442
94 165 7.11723
94 166 7.19773
94 167 7.19811
94 168 7.22148
94 169 7.26207
94 170 7.33112
94 171 7.38593
94 172 7.44745
94 173 7.46862
94 174 7.49485
94 175 7.51529
94 176 7.5169
94 177 7.54374
94 178 7.9159
94 179 7.91807
94 180 7.96439
94 181 7.9807
94 182 8.18373
94 183 8.19793
94 184 8.23656
94 185 8.23764
94 186 8.26606
94 187 8.35986
94 188 8.42564
94 189 8.66914
94 190 8.7409
94 191 8.79076
94 192 8.86899
94 193 8.95137
94 194 9.009
94 195 9.1207
94 196 9.22904
94 197 9.40298
94 198 9.62143
94 199 9.88799
95 0 5.25008 1 26 24 11 10 8 9 3 16 14 17 13 6 28 25 5 27 29 19 33 2 21 22 23 32 4 30 7 20 34 15 12 31 18 1 
95 1 5.25008
95 2 5.25008
95 3 5.25008
95 4 5.25008
95 5 5.25008
95 6 5.25008
95 7 5.25008
95 8 5.25008
95 9 5.25008
95 10 5.25008
95 11 5.25008
95 12 5.25008
95 13 5.25008
95 14 5.25008
95 15 5.25008
95 16 5.25008
95 17 5.25008
95 18 5.25008
95 19 5.25008
95 20 5.25008
95 21 5.25008
95 22 5.25008
95 23 5.25008
95 24 5.25008
95 25 5.25008
95 26 5.25008
95 27 5.25008
95 28 5.25008
95 29 5.25008
95 30 5.25008
95 31 5.25008
95 32 5.25008
95 33 5.25008
95 34 5.25008
95 35 5.25008
95 36 5.25008
95 37 5.25008
95 38 5.25008
95 39 5.25008
95 40 5.25008
95 41 5.25008
95 42 5.25008
95 43 5.25008
95 44 5.25008
95 45 5.25008
95 46 5.25008
95 47 5.25008
95 48 5.25008
95 49 5.25008
95 50 5.25008
95 51 5.25008
95 52 5.25008
95 53 5.25008
95 54 5.25008
95 55 5.25008
95 56 5.25008
95 57 5.25008
95 58 5.25008
95 59 5.25008
95 60 5.25008
95 61 5.25008
95 62 5.25008
95 63 5.25008
95 64 5.25008
95 65 5.25008
95 66 5.25008
95 67 5.25008
95 68 5.25008
95 69 5.25008
95 70 5.25008
95 71 5.25008
95 72 5.25008
95 73 5.25008
95 74 5.25008
95 75 5.25008
95 76 5.25008
95 77 5.25008
95 78 5.25008
95 79 5.25008
95 80 5.25008
95 81 5.25008
95 82 5.25008
95 83 5.25008
95 84 5.25008
95 85 5.25008
95 86 5.25008
95 87 5.25008
95 88 5.25008
95 89 5.25008
95 90 5.25008
95 91 5.25008
95 92 5.25008
95 93 5.25008
95 94 5.25008
95 95 5.25008
95 96 5.25008
95 97 5.25008
95 98 5.25008
95 99 5.25008
95 100 5.25008
95 101 5.25008
95 102 5.25008
95 103 5.25008
95 104 5.25008
95 105 5.25008
95 106 5.25008
95 107 5.25008
95 108 5.25008
95 109 5.25008
95 110 5.25008
95 111 5.30843
95 112 5.30843
95 113 5.30843
95 114 5.30843
95 115 5.31992
95 116 5.33367
95 117 5.45738
95 118 5.46124
95 119 5.50215
95 120 5.50226
95 121 5.53662
95 122 5.54723
95 123 5.59216
95 124 5.59769
95 125 5.94115
95 126 5.99096
95 127 6.04446
95 128 6.04561
95 129 6.06292
95 130 6.09558
95 131 6.10068
95 132 6.15447
95 133 6.16373
95 134 6.2494
95 135 6.26546
95 136 6.28745
95 137 6.31021
95 138 6.31157
95 139 6.3279
95 140 6.3279
95 141 6.34452
95 142 6.36791
95 143 6.38798
95 144 6.43517
95 145 6.45373
95 146 6.45716
95 147 6.46721
95 148 6.47098
95 149 6.47399
95 150 6.52994
95 151 6.55347
95 152 6.60551
95 153 6.72219
95 154 6.75116
95 155 6.76804
95 156 6.76804
95 157 6.79977
95 158 6.81305
95 159 6.82348
95 160 6.88868
95 161 6.9372
95 162 6.94058
95 163 7.00434
95 164 7.03928
95 165 7.0459
95 166 7.05578
95 167 7.08671
95 168 7.17437
95 169 7.22148
95 170 7.26207
95 171 7.36052
95 172 7.376
95 173 7.38593
95 174 7.44745
95 175 7.47174
95 176 7.51529
95 177 7.51529
95 178 7.51529
95 179 7.61119
95 180 7.63826
95 181 7.6602
95 182 7.76153
95 183 7.83345
95 184 7.86823
95 185 7.95779
95 186 7.97979
95 187 7.98372
95 188 8.18373
95 189 8.18499
95 190 8.40032
95 191 8.44931
95 192 8.53113
95 193 8.56587
95 194 8.57901
95 195 8.60313
95 196 9.19044
95 197 9.27508
95 198 10.7161
95 199 11.8688
96 0 5.25008 1 26 24 11 10 8 9 3 16 14 17 13 6 28 25 5 27 29 19 33 2 21 22 23 32 4 30 7 20 34 15 12 31 18 1 
96 1 5.25008
96 2 5.25008
96 3 5.25008
96 4 5.25008
96 5 5.25008
96 6 5.25008
96 7 5.25008
96 8 5.25008
96 9 5.25008
96 10 5.25008
96 11 5.25008
96 12 5.25008
96 13 5.25008
96 14 5.25008
96 15 5.25008
96 16 5.25008
96 17 5.25008
96 18 5.25008
96 19 5.25008
96 20 5.25008
96 21 5.25008
96 22 5.25008
96 23 5.25008
96 24 5.25008
96 25 5.25008
96 26 5.25008
96 27 5.25008
96 28 5.25008
96 29 5.25008
96 30 5.25008
96 31 5.25008
96 32 5.25008
96 33 5.25008
96 34 5.25008
96 35 5.25008
96 36 5.25008
96 37 5.25008
96 38 5.25008
96 39 5.25008
96 40 5.25008
96 41 5.25008
96 42 5.25008
96 43 5.25008
96 44 5.25008
96 45 5.25008
96 46 5.25008
96 47 5.25008
96 48 5.25008
96 49 5.25008
96 50 5.25008
96 51 5.25008
96 52 5.25008
96 53 5.25008
96 54 5.25008
96 55 5.25008
96 56 5.25008
96 57 5.25008
96 58 5.25008
96 59 5.25008
96 60 5.25008
96 61 5.25008
96 62 5.25008
96 63 5.25008
96 64 5.25008
96 65 5.25008
96 66 5.25008
96 67 5.25008
96 68 5.25008
96 69 5.25008
96 70 5.25008
96 71 5.25008
96 72 5.25008
96 73 5.25008
96 74 5.25008
96 75 5.25008
96 76 5.25008
96 77 5.25008
96 78 5.25008
96 79 5.25008
96 80 5.25008
96 81 5.25008
96 82 5.25008
96 83 5.25008
96 84 5.25008
96 85 5.25008
96 86 5.25008
96 87 5.25008
96 88 5.25008
96 89 5.25008
96 90 5.25008
96 91 5.25008
96 92 5.25008
96 93 5.25008
96 94 5.25008
96 95 5.25008
96 96 5.25008
96 97 5.25008
96 98 5.25008
96 99 5.25008
96 100 5.25008
96 101 5.25008
96 102 5.25008
96 103 5.25008
96 104 5.25008
96 105 5.25008
96 106 5.25008
96 107 5.25008
96 108 5.25008
96 109 5.25008
96 110 5.25008
96 111 5.25097
96 112 5.30843
96 113 5.30843
96 114 5.30843
96 115 5.31992
96 116 5.4973
96 117 5.50226
96 118 5.50226
96 119 5.5405
96 120 5.54447
96 121 5.57411
96 122 5.60528
96 123 5.68716
96 124 5.75507
96 125 5.75507
96 126 5.94976
96 127 5.97144
96 128 6.06016
96 129 6.06324
96 130 6.13715
96 131 6.18074
96 132 6.21346
96 133 6.27491
96 134 6.33079
96 135 6.34452
96 136 6.35539
96 137 6.36791
96 138 6.40444
96 139 6.45716
96 140 6.52346
96 141 6.5358
96 142 6.53948
96 143 6.55347
96 144 6.57458
96 145 6.58792
96 146 6.6037
96 147 6.62084
96 148 6.6548
96 149 6.72301
96 150 6.74927
96 151 6.75139
96 152 6.76804
96 153 6.76804
96 154 6.81552
96 155 6.83672
96 156 6.88771
96 157 6.90237
96 158 6.96605
96 159 6.97568
96 160 7.00405
96 161 7.01153
96 162 7.05409
96 163 7.05578
96 164 7.06756
96 165 7.08671
96 166 7.13898
96 167 7.16467
96 168 7.17419
96 169 7.17786
96 170 7.34222
96 171 7.47272
96 172 7.51529
96 173 7.51591
96 174 7.61574
96 175 7.66994
96 176 7.72361
96 177 7.7262
96 178 7.72808
96 179 7.75315
96 180 7.76434
96 181 7.83161
96 182 7.83345
96 183 7.84793
96 184 7.95163
96 185 7.97587
96 186 7.98372
96 187 8.02643
96 188 8.14282
96 189 8.24124
96 190 8.33885
96 191 8.37715
96 192 8.49082
96 193 8.73655
96 194 8.7459
96 195 8.80295
96 196 8.863
96 197 9.83248
96 198 10.791
96 199 11.8688
97 0 5.25008 1 26 24 11 10 8 9 3 16 14 17 13 6 28 25 5 27 29 19 33 2 21 22 23 32 4 30 7 20 34 15 12 31 18 1 
97 1 5.25008
97 2 5.25008
97 3 5.25008
97 4 5.25008
97 5 5.25008
97 6 5.25008
97 7 5.25008
97 8 5.25008
97 9 5.25008
97 10 5.25008
97 11 5.25008
97 12 5.25008
97 13 5.25008
97 14 5.25008
97 15 5.25008
97 16 5.25008
97 17 5.25008
97 18 5.25008
97 19 5.25008
97 20 5.25008
97 21 5.25008
97 22 5.25008
97 23 5.25008
97 24 5.25008
97 25 5.25008
97 26 5.25008
97 27 5.25008
97 28 5.25008
97 29 5.25008
97 30 5.25008
97 31 5.25008
97 32 5.25008
97 33 5.25008
97 34 5.25008
97 35 5.25008
97 36 5.25008
97 37 5.25008
97 38 5.25008
97 39 5.25008
97 40 5.25008
97 41 5.25008
97 42 5.25008
97 43 5.25008
97 44 5.25008
97 45 5.25008
97 46 5.25008
97 47 5.25008
97 48 5.25008
97 49 5.25008
97 50 5.25008
97 51 5.25008
97 52 5.25008
97 53 5.25008
97 54 5.25008
97 55 5.25008
97 56 5.25008
97 57 5.25008
97 58 5.25008
97 59 5.25008
97 60 5.25008
97 61 5.25008
97 62 5.25008
97 63 5.25008
97 64 5.25008
97 65 5.25008
97 66 5.25008
97 67 5.25008
97 68 5.25008
97 69 5.25008
97 70 5.25008
97 71 5.25008
97 72 5.25008
97 73 5.25008
97 74 5.25008
97 75 5.25008
97 76 5.25008
97 77 5.25008
97 78 5.25008
97 79 5.25008
97 80 5.25008
97 81 5.25008
97 82 5.25008
97 83 5.25008
97 84 5.25008
97 85 5.25008
97 86 5.25008
97 87 5.25008
97 88 5.25008
97 89 5.25008
97 90 5.25008
97 91 5.25008
97 92 5.25008
97 93 5.25008
97 94 5.25008
97 95 5.25008
97 96 5.25008
97 97 5.25008
97 98 5.25008
97 99 5.25008
97 100 5.25008
97 101 5.25008
97 102 5.25097
97 103 5.25097
97 104 5.30843
97 105 5.4973
97 106 5.50226
97 107 5.50226
97 108 5.53662
97 109 5.5405
97 110 5.60528
97 111 5.60528
97 112 5.75507
97 113 5.75507
97 114 5.81281
97 115 5.84953
97 116 5.86593
97 117 5.91066
97 118 5.92305
97 119 5.92484
97 120 5.92939
97 121 5.92939
97 122 5.94764
97 123 5.97559
97 124 6.04421
97 125 6.09831
97 126 6.14672
97 127 6.19409
97 128 6.19436
97 129 6.20603
97 130 6.21186
97 131 6.21346
97 132 6.33079
97 133 6.44014
97 134 6.48192
97 135 6.52346
97 136 6.52684
97 137 6.5358
97 138 6.56635
97 139 6.58792
97 140 6.61526
97 141 6.62087
97 142 6.62989
97 143 6.63155
97 144 6.65371
97 145 6.657
97 146 6.6604
97 147 6.78087
97 148 6.81197
97 149 6.81552
97 150 6.84351
97 151 6.90237
97 152 6.96605
97 153 6.97568
97 154 6.98258
97 155 7.04626
97 156 7.08233
97 157 7.09806
97 158 7.17786
97 159 7.17889
97 160 7.19097
97 161 7.20166
97 162 7.22473
97 163 7.26027
97 164 7.28762
97 165 7.29222
97 166 7.35171
97 167 7.36804
97 168 7.40012
97 169 7.43654
97 170 7.46359
97 171 7.46502
97 172 7.47272
97 173 7.47782
97 174 7.48107
97 175 7.48936
97 176 7.50037
97 177 7.61574
97 178 7.63253
97 179 7.66874
97 180 7.68555
97 181 7.72571
97 182 7.83326
97 183 7.88542
97 184 7.94143
97 185 7.95173
97 186 8.13532
97 187 8.22499
97 188 8.26452
97 189 8.42858
97 190 8.69582
97 191 8.76789
97 192 8.89973
97 193 9.02907
97 194 9.0628
97 195 9.85329
97 196 10.0447
97 197 10.5394
97 198 11.8688
97 199 12.6648
98 0 5.25008 1 26 24 11 10 8 9 3 16 14 17 13 6 28 25 5 27 29 19 33 2 21 22 23 32 4 30 7 20 34 15 12 31 18 1 
98 1 5.25008
98 2 5.25008
98 3 5.25008
98 4 5.25008
98 5 5.25008
98 6 5.25008
98 7 5.25008
98 8 5.25008
98 9 5.25008
98 10 5.25008
98 11 5.25008
98 12 5.25008
98 13 5.25008
98 14 5.25008
98 15 5.25008
98 16 5.25008
98 17 5.25008
98 18 5.25008
98 19 5.25008
98 20 5.25008
98 21 5.25008
98 22 5.25008
98 23 5.25008
98 24 5.25008
98 25 5.25008
98 26 5.25008
98 27 5.25008
98 28 5.25008
98 29 5.25008
98 30 5.25008
98 31 5.25008
98 32 5.25008
98 33 5.25008
98 34 5.25008
98 35 5.25008
98 36 5.25008
98 37 5.25008
98 38 5.25008
98 39 5.25008
98 40 5.25008
98 41 5.25008
98 42 5.25008
98 43 5.25008
98 44 5.25008
98 45 5.25008
98 46 5.25008
98 47 5.25008
98 48 5.25008
98 49 5.25008
98 50 5.25008
98 51 5.25008
98 52 5.25008
98 53 5.25008
98 54 5.25008
98 55 5.25008
98 56 5.25008
98 57 5.25008
98 58 5.25008
98 59 5.25008
98 60 5.25008
98 61 5.25008
98 62 5.25008
98 63 5.25008
98 64 5.25008
98 65 5.25008
98 66 5.25008
98 67 5.25008
98 68 5.25008
98 69 5.25008
98 70 5.25008
98 71 5.25008
98 72 5.25008
98 73 5.25008
98 74 5.25008
98 75 5.25008
98 76 5.25008
98 77 5.25008
98 78 5.25008
98 79 5.25008
98 80 5.25008
98 81 5.25008
98 82 5.25008
98 83 5.25008
98 84 5.25008
98 85 5.25008
98 86 5.25008
98 87 5.25008
98 88 5.25008
98 89 5.25008
98 90 5.25097
98 91 5.30843
98 92 5.42454
98 93 5.46214
98 94 5.50226
98 95 5.53662
98 96 5.5405
98 97 5.60528
98 98 5.65648
98 99 5.69718
98 100 5.78239
98 101 5.7863
98 102 5.80329
98 103 5.87899
98 104 5.91066
98 105 5.91066
98 106 5.92939
98 107 5.94764
98 108 5.95785
98 109 5.97937
98 110 5.97954
98 111 5.99251
98 112 6.00616
98 113 6.04997
98 114 6.09094
98 115 6.10068
98 116 6.13244
98 117 6.14672
98 118 6.19436
98 119 6.21346
98 120 6.22768
98 121 6.23104
98 122 6.24371
98 123 6.27739
98 124 6.32376
98 125 6.32951
98 126 6.38919
98 127 6.39935
98 128 6.44014
98 129 6.44014
98 130 6.4466
98 131 6.49318
98 132 6.52918
98 133 6.5345
98 134 6.55538
98 135 6.56639
98 136 6.61526
98 137 6.62087
98 138 6.64172
98 139 6.657
98 140 6.69772
98 141 6.70228
98 142 6.70368
98 143 6.70434
98 144 6.74162
98 145 6.75634
98 146 6.76203
98 147 6.77834
98 148 6.78344
98 149 6.78951
98 150 6.81166
98 151 6.81552
98 152 6.81951
98 153 6.84969
98 154 6.88516
98 155 6.97203
98 156 6.97568
98 157 6.97568
98 158 6.9796
98 159 7.00801
98 160 7.06365
98 161 7.08619
98 162 7.17318
98 163 7.18129
98 164 7.18862
98 165 7.20166
98 166 7.22597
98 167 7.25074
98 168 7.25641
98 169 7.26361
98 170 7.34584
98 171 7.34584
98 172 7.36373
98 173 7.4636
98 174 7.47589
98 175 7.64987
98 176 7.66874
98 177 7.75512
98 178 7.8625
98 179 7.89574
98 180 7.94143
98 181 8.02536
98 182 8.24648
98 183 8.53242
98 184 8.67149
98 185 8.73655
98 186 8.75339
98 187 9.12518
98 188 9.19666
98 189 9.3679
98 190 9.38681
98 191 9.45163
98 192 9.50202
98 193 9.62833
98 194 9.69566
98 195 9.85329
98 196 9.85329
98 197 9.91672
98 198 10.5828
98 199 11.4409
99 0 5.25008 1 26 24 11 10 8 9 3 16 14 17 13 6 28 25 5 27 29 19 33 2 21 22 23 32 4 30 7 20 34 15 12 31 18 1 
99 1 5.25008
99 2 5.25008
99 3 5.25008
99 4 5.25008
99 5 5.25008
99 6 5.25008
99 7 5.25008
99 8 5.25008
99 9 5.25008
99 10 5.25008
99 11 5.25008
99 12 5.25008
99 13 5.25008
99 14 5.25008
99 15 5.25008
99 16 5.25008
99 17 5.25008
99 18 5.25008
99 19 5.25008
99 20 5.25008
99 21 5.25008
99 22 5.25008
99 23 5.25008
99 24 5.25008
99 25 5.25008
99 26 5.25008
99 27 5.25008
99 28 5.25008
99 29 5.25008
99 30 5.25008
99 31 5.25008
99 32 5.25008
99 33 5.25008
99 34 5.25008
99 35 5.25008
99 36 5.25008
99 37 5.25008
99 38 5.25008
99 39 5.25008
99 40 5.25008
99 41 5.25008
99 42 5.25008
99 43 5.25008
99 44 5.25008
99 45 5.25008
99 46 5.25008
99 47 5.25008
99 48 5.25008
99 49 5.25008
99 50 5.25008
99 51 5.25008
99 52 5.25008
99 53 5.25008
99 54 5.25008
99 55 5.25008
99 56 5.25008
99 57 5.25008
99 58 5.25008
99 59 5.25008
99 60 5.25008
99 61 5.25008
99 62 5.25008
99 63 5.25008
99 64 5.25008
99 65 5.25008
99 66 5.25008
99 67 5.25008
99 68 5.25008
99 69 5.25008
99 70 5.25008
99 71 5.25008
99 72 5.25008
99 73 5.25008
99 74 5.25008
99 75 5.25008
99 76 5.25008
99 77 5.25008
99 78 5.25008
99 79 5.25008
99 80 5.25008
99 81 5.25008
99 82 5.25008
99 83 5.25008
99 84 5.25008
99 85 5.25008
99 86 5.25008
99 87 5.25008
99 88 5.25008
99 89 5.25008
99 90 5.25008
99 91 5.25008
99 92 5.25008
99 93 5.25008
99 94 5.25008
99 95 5.25008
99 96 5.25008
99 97 5.25008
99 98 5.25008
99 99 5.25008
99 100 5.27075
99 101 5.38728
99 102 5.41882
99 103 5.5405
99 104 5.54447
99 105 5.56987
99 106 5.63196
99 107 5.69718
99 108 5.70456
99 109 5.73083
99 110 5.76014
99 111 5.77876
99 112 5.7863
99 113 5.80356
99 114 5.87435
99 115 5.87899
99 116 5.90543
99 117 5.92939
99 118 5.98373
99 119 6.04769
99 120 6.04997
99 121 6.08277
99 122 6.10654
99 123 6.21346
99 124 6.23104
99 125 6.25035
99 126 6.27739
99 127 6.29256
99 128 6.29824
99 129 6.30102
99 130 6.31372
99 131 6.3287
99 132 6.34452
99 133 6.36354
99 134 6.37223
99 135 6.37898
99 136 6.38919
99 137 6.39324
99 138 6.40566
99 139 6.4146
99 140 6.42259
99 141 6.42646
99 142 6.44014
99 143 6.44014
99 144 6.4466
99 145 6.44932
99 146 6.49455
99 147 6.51902
99 148 6.51902
99 149 6.52918
99 150 6.5338
99 151 6.56251
99 152 6.56481
99 153 6.62087
99 154 6.71699
99 155 6.76804
99 156 6.77858
99 157 6.78344
99 158 6.79661
99 159 6.80399
99 160 6.81951
99 161 6.82166
99 162 6.92464
99 163 6.92995
99 164 6.97493
99 165 7.02106
99 166 7.06365
99 167 7.13121
99 168 7.13624
99 169 7.16762
99 170 7.16924
99 171 7.17318
99 172 7.22459
99 173 7.26027
99 174 7.26558
99 175 7.33215
99 176 7.34584
99 177 7.34584
99 178 7.38705
99 179 7.46734
99 180 7.47776
99 181 7.48073
99 182 7.51332
99 183 7.52949
99 184 7.64507
99 185 7.65496
99 186 7.6919
99 187 7.83106
99 188 7.85747
99 189 8.00415
99 190 8.02248
99 191 8.06116
99 192 8.1212
99 193 8.14415
99 194 8.19308
99 195 8.46595
99 196 8.82811
99 197 9.45163
99 198 9.69566
99 199 9.80396
100 0 5.25008 1 26 24 11 10 8 9 3 16 14 17 13 6 28 25 5 27 29 19 33 2 21 22 23 32 4 30 7 20 34 15 12 31 18 1 
100 1 5.25008
100 2 5.25008
100 3 5.25008
100 4 5.25008
100 5 5.25008
100 6 5.25008
100 7 5.25008
100 8 5.25008
100 9 5.25008
100 10 5.25008
100 11 5.25008
100 12 5.25008
100 13 5.25008
100 14 5.25008
100 15 5.25008
100 16 5.25008
100 17 5.25008
100 18 5.25008
100 19 5.25008
100 20 5.25008
100 21 5.25008
100 22 5.25008
100 23 5.25008
100 24 5.25008
100 25 5.25008
100 26 5.25008
100 27 5.25008
100 28 5.25008
100 29 5.25008
100 30 5.25008
100 31 5.25008
100 32 5.25008
100 33 5.25008
100 34 5.25008
100 35 5.25008
100 36 5.25008
100 37 5.25008
100 38 5.25008
100 39 5.25008
100 40 5.25008
100 41 5.25008
100 42 5.25008
100 43 5.25008
100 44 5.25008
100 45 5.25008
100 46 5.25008
100 47 5.25008
100 48 5.25008
100 49 5.25008
100 50 5.25008
100 51 5.25008
100 52 5.25008
100 53 5.25008
100 54 5.25008
100 55 5.25008
100 56 5.25008
100 57 5.25008
100 58 5.25008
100 59 5.25008
100 60 5.25008
100 61 5.25008
100 62 5.25008
100 63 5.25008
100 64 5.25008
100 65 5.25008
100 66 5.25008
100 67 5.25008
100 68 5.25008
100 69 5.25008
100 70 5.25008
100 71 5.25008
100 72 5.25008
100 73 5.25008
100 74 5.25008
100 75 5.25008
100 76 5.25008
100 77 5.25008
100 78 5.25008
100 79 5.25008
100 80 5.25008
100 81 5.25008
100 82 5.25008
100 83 5.25008
100 84 5.25008
100 85 5.25008
100 86 5.28438
100 87 5.31521
100 88 5.3531
100 89 5.41815
100 90 5.55526
100 91 5.57411
100 92 5.6474
100 93 5.73988
100 94 5.77058
100 95 5.80356
100 96 5.80356
100 97 5.87435
100 98 5.88711
100 99 5.90543
100 100 5.90543
100 101 5.91722
100 102 5.92565
100 103 5.92939
100 104 5.95219
100 105 5.95411
100 106 5.97341
100 107 6.00875
100 108 6.04263
100 109 6.04769
100 110 6.08277
100 111 6.11146
100 112 6.21346
100 113 6.22487
100 114 6.23466
100 115 6.24327
100 116 6.25035
100 117 6.3123
100 118 6.3279
100 119 6.3279
100 120 6.33484
100 121 6.33667
100 122 6.34452
100 123 6.36354
100 124 6.37898
100 125 6.39071
100 126 6.39946
100 127 6.40467
100 128 6.40566
100 129 6.4466
100 130 6.45783
100 131 6.49455
100 132 6.49921
100 133 6.52945
100 134 6.56481
100 135 6.58172
100 136 6.63106
100 137 6.66392
100 138 6.69772
100 139 6.76226
100 140 6.76545
100 141 6.78533
100 142 6.80721
100 143 6.83602
100 144 6.84641
100 145 6.8583
100 146 6.87358
100 147 6.91155
100 148 6.91907
100 149 6.92995
100 150 6.94836
100 151 6.9785
100 152 7.00171
100 153 7.02646
100 154 7.08726
100 155 7.11686
100 156 7.13624
100 157 7.17318
100 158 7.18637
100 159 7.20652
100 160 7.21278
100 161 7.22386
100 162 7.22647
100 163 7.24439
100 164 7.26027
100 165 7.2603
100 166 7.27992
100 167 7.42443
100 168 7.46922
100 169 7.52012
100 170 7.5782
100 171 7.612
100 172 7.65496
100 173 7.6557
100 174 7.66963
100 175 7.86364
100 176 7.96909
100 177 8.07657
100 178 8.20573
100 179 8.26188
100 180 8.32635
100 181 8.33631
100 182 8.4352
100 183 8.43892
100 184 8.54701
100 185 8.55246
100 186 8.6471
100 187 8.67586
100 188 8.73655
100 189 8.7665
100 190 9.03228
100 191 9.39183
100 192 9.44364
100 193 9.46014
100 194 9.69545
100 195 9.69566
100 196 9.73515
100 197 9.80591
100 198 9.84799
100 199 9.89695
101 0 5.23448 1 26 24 11 10 8 9 14 16 3 17 13 6 28 25 5 27 29 19 33 2 21 22 23 32 4 30 7 20 34 15 12 31 18 1 
101 1 5.25008
101 2 5.25008
101 3 5.25008
101 4 5.25008
101 5 5.25008
101 6 5.25008
101 7 5.25008
101 8 5.25008
101 9 5.25008
101 10 5.25008
101 11 5.25008
101 12 5.25008
101 13 5.25008
101 14 5.25008
101 15 5.25008
101 16 5.25008
101 17 5.25008
101 18 5.25008
101 19 5.25008
101 20 5.25008
101 21 5.25008
101 22 5.25008
101 23 5.25008
101 24 5.25008
101 25 5.25008
101 26 5.25008
101 27 5.25008
101 28 5.25008
101 29 5.25008
101 30 5.25008
101 31 5.25008
101 32 5.25008
101 33 5.25008
101 34 5.25008
101 35 5.25008
101 36 5.25008
101 37 5.25008
101 38 5.25008
101 39 5.25008
101 40 5.25008
101 41 5.25008
101 42 5.25008
101 43 5.25008
101 44 5.25008
101 45 5.25008
101 46 5.25008
101 47 5.25008
101 48 5.25008
101 49 5.25008
101 50 5.25008
101 51 5.25008
101 52 5.25008
101 53 5.25008
101 54 5.25008
101 55 5.25008
101 56 5.25008
101 57 5.25008
101 58 5.25008
101 59 5.25008
101 60 5.25008
101 61 5.25008
101 62 5.25008
101 63 5.25008
101 64 5.25008
101 65 5.25008
101 66 5.25008
101 67 5.25008
101 68 5.25008
101 69 5.25008
101 70 5.25008
101 71 5.25008
101 72 5.25008
101 73 5.25008
101 74 5.25008
101 75 5.25008
101 76 5.25008
101 77 5.25008
101 78 5.25008
101 79 5.25008
101 80 5.25008
101 81 5.25008
101 82 5.25008
101 83 5.25008
101 84 5.25008
101 85 5.25008
101 86 5.25008
101 87 5.25008
101 88 5.25008
101 89 5.25008
101 90 5.25008
101 91 5.25008
101 92 5.27883
101 93 5.31521
101 94 5.42454
101 95 5.45738
101 96 5.45738
101 97 5.47256
101 98 5.50226
101 99 5.59234
101 100 5.63195
101 101 5.63343
101 102 5.65648
101 103 5.6633
101 104 5.68435
101 105 5.80329
101 106 5.80899
101 107 5.87435
101 108 5.90043
101 109 5.90659
101 110 6.10637
101 111 6.11146
101 112 6.12412
101 113 6.12791
101 114 6.12929
101 115 6.16373
101 116 6.18686
101 117 6.19808
101 118 6.21205
101 119 6.2512
101 120 6.3218
101 121 6.3279
101 122 6.3279
101 123 6.33272
101 124 6.33484
101 125 6.33484
101 126 6.36845
101 127 6.4466
101 128 6.45783
101 129 6.49177
101 130 6.50015
101 131 6.50015
101 132 6.50803
101 133 6.53949
101 134 6.5773
101 135 6.60408
101 136 6.61501
101 137 6.62124
101 138 6.63106
101 139 6.64146
101 140 6.64449
101 141 6.66392
101 142 6.66873
101 143 6.73267
101 144 6.74012
101 145 6.75986
101 146 6.78533
101 147 6.80721
101 148 6.8287
101 149 6.8583
101 150 6.88691
101 151 6.89598
101 152 6.9195
101 153 6.92563
101 154 6.94836
101 155 6.95966
101 156 7.00321
101 157 7.05431
101 158 7.15472
101 159 7.17179
101 160 7.17437
101 161 7.20652
101 162 7.22099
101 163 7.23168
101 164 7.25302
101 165 7.25626
101 166 7.28896
101 167 7.34584
101 168 7.38805
101 169 7.42443
101 170 7.46502
101 171 7.52357
101 172 7.53856
101 173 7.6112
101 174 7.61719
101 175 7.65093
101 176 7.65196
101 177 7.77655
101 178 7.81625
101 179 7.8663
101 180 7.92017
101 181 7.96363
101 182 8.0159
101 183 8.03428
101 184 8.04765
101 185 8.16002
101 186 8.21173
101 187 8.45831
101 188 8.45993
101 189 8.58415
101 190 8.60795
101 191 8.68806
101 192 8.7898
101 193 8.9374
101 194 8.94162
101 195 9.44364
101 196 9.69728
101 197 9.73515
101 198 10.0513
101 199 12.6338
102 0 5.22625 1 26 24 11 10 8 9 14 3 16 17 13 6 28 25 5 27 29 19 33 2 21 22 23 32 4 30 7 20 34 15 12 31 18 1 
102 1 5.23448
102 2 5.23448
102 3 5.23448
102 4 5.23448
102 5 5.23448
102 6 5.23448
102 7 5.23448
102 8 5.23448
102 9 5.23448
102 10 5.23448
102 11 5.23448
102 12 5.23448
102 13 5.23448
102 14 5.23448
102 15 5.23448
102 16 5.23448
102 17 5.23448
102 18 5.23448
102 19 5.23448
102 20 5.23448
102 21 5.23448
102 22 5.23448
102 23 5.23448
102 24 5.23448
102 25 5.25008
102 26 5.25008
102 27 5.25008
102 28 5.25008
102 29 5.25008
102 30 5.25008
102 31 5.25008
102 32 5.25008
102 33 5.25008
102 34 5.25008
102 35 5.25008
102 36 5.25008
102 37 5.25008
102 38 5.25008
102 39 5.25008
102 40 5.25008
102 41 5.25008
102 42 5.25008
102 43 5.25008
102 44 5.25008
102 45 5.25008
102 46 5.25008
102 47 5.25008
102 48 5.25008
102 49 5.25008
102 50 5.25008
102 51 5.25008
102 52 5.25008
102 53 5.25008
102 54 5.25008
102 55 5.25008
102 56 5.25008
102 57 5.25008
102 58 5.25008
102 59 5.25008
102 60 5.25008
102 61 5.25008
102 62 5.25008
102 63 5.25008
102 64 5.25008
102 65 5.25008
102 66 5.25008
102 67 5.25008
102 68 5.25008
102 69 5.25008
102 70 5.25008
102 71 5.25008
102 72 5.25008
102 73 5.25008
102 74 5.25008
102 75 5.25008
102 76 5.25008
102 77 5.25008
102 78 5.25008
102 79 5.25008
102 80 5.25008
102 81 5.25008
102 82 5.25008
102 83 5.25008
102 84 5.25008
102 85 5.25008
102 86 5.25008
102 87 5.25008
102 88 5.25008
102 89 5.25008
102 90 5.25008
102 91 5.27075
102 92 5.27075
102 93 5.2962
102 94 5.30843
102 95 5.37952
102 96 5.39798
102 97 5.42454
102 98 5.44179
102 99 5.45738
102 100 5.48578
102 101 5.56547
102 102 5.59234
102 103 5.63195
102 104 5.63343
102 105 5.63626
102 106 5.672
102 107 5.77597
102 108 5.80329
102 109 5.80336
102 110 5.80356
102 111 5.82933
102 112 5.83534
102 113 5.83712
102 114 5.84292
102 115 5.84823
102 116 5.85387
102 117 6.07879
102 118 6.0998
102 119 6.10637
102 120 6.11074
102 121 6.11146
102 122 6.11246
102 123 6.12003
102 124 6.12791
102 125 6.12909
102 126 6.17242
102 127 6.3218
102 128 6.3218
102 129 6.33484
102 130 6.34486
102 131 6.3502
102 132 6.37296
102 133 6.38761
102 134 6.39193
102 135 6.40886
102 136 6.43186
102 137 6.45783
102 138 6.49177
102 139 6.50015
102 140 6.50015
102 141 6.5163
102 142 6.5721
102 143 6.58191
102 144 6.60408
102 145 6.62696
102 146 6.64146
102 147 6.64449
102 148 6.66234
102 149 6.66392
102 150 6.67462
102 151 6.71051
102 152 6.84843
102 153 6.96165
102 154 6.96401
102 155 6.98767
102 156 7.02309
102 157 7.08233
102 158 7.08349
102 159 7.09724
102 160 7.22397
102 161 7.24547
102 162 7.24691
102 163 7.29434
102 164 7.33679
102 165 7.37502
102 166 7.37745
102 167 7.38145
102 168 7.43256
102 169 7.46926
102 170 7.53527
102 171 7.5703
102 172 7.63763
102 173 7.75725
102 174 7.77513
102 175 7.78301
102 176 7.81261
102 177 7.84887
102 178 7.94682
102 179 8.03931
102 180 8.07761
102 181 8.12575
102 182 8.18938
102 183 8.20534
102 184 8.21857
102 185 8.38754
102 186 8.45793
102 187 8.45831
102 188 8.47706
102 189 8.66523
102 190 8.75633
102 191 8.94162
102 192 9.01153
102 193 9.13632
102 194 9.17113
102 195 9.17996
102 196 9.25631
102 197 9.3095
102 198 10.1893
102 199 10.9134
103 0 5.22625 1 26 24 11 10 8 9 14 3 16 17 13 6 28 25 5 27 29 19 33 2 21 22 23 32 4 30 7 20 34 15 12 31 18 1 
103 1 5.22625
103 2 5.22625
103 3 5.22625
103 4 5.22625
103 5 5.22625
103 6 5.22625
103 7 5.22625
103 8 5.22625
103 9 5.22625
103 10 5.22625
103 11 5.22625
103 12 5.22625
103 13 5.22625
103 14 5.22625
103 15 5.22625
103 16 5.22625
103 17 5.22625
103 18 5.22625
103 19 5.22625
103 20 5.22625
103 21 5.22625
103 22 5.22625
103 23 5.22625
103 24 5.22625
103 25 5.23448
103 26 5.23448
103 27 5.23448
103 28 5.23448
103 29 5.23448
103 30 5.23448
103 31 5.23448
103 32 5.23448
103 33 5.23448
103 34 5.23448
103 35 5.23448
103 36 5.23448
103 37 5.23448
103 38 5.23448
103 39 5.23448
103 40 5.23448
103 41 5.23448
103 42 5.23448
103 43 5.23448
103 44 5.23448
103 45 5.23448
103 46 5.23448
103 47 5.23448
103 48 5.23448
103 49 5.23448
103 50 5.23448
103 51 5.23448
103 52 5.23448
103 53 5.23448
103 54 5.23448
103 55 5.23448
103 56 5.23448
103 57 5.23448
103 58 5.23448
103 59 5.24692
103 60 5.25008
103 61 5.25008
103 62 5.25008
103 63 5.25008
103 64 5.25008
103 65 5.25008
103 66 5.25008
103 67 5.25008
103 68 5.25008
103 69 5.25008
103 70 5.25008
103 71 5.25008
103 72 5.25008
103 73 5.25008
103 74 5.25008
103 75 5.25008
103 76 5.25008
103 77 5.25008
103 78 5.25008
103 79 5.25008
103 80 5.25008
103 81 5.25008
103 82 5.25008
103 83 5.25008
103 84 5.25008
103 85 5.25008
103 86 5.25008
103 87 5.25008
103 88 5.25008
103 89 5.25008
103 90 5.25008
103 91 5.25515
103 92 5.29283
103 93 5.2962
103 94 5.2962
103 95 5.31521
103 96 5.41364
103 97 5.43355
103 98 5.43355
103 99 5.44564
103 100 5.44655
103 101 5.45179
103 102 5.47399
103 103 5.50226
103 104 5.50226
103 105 5.50226
103 106 5.54511
103 107 5.57674
103 108 5.6027
103 109 5.60962
103 110 5.62476
103 111 5.63195
103 112 5.63626
103 113 5.672
103 114 5.672
103 115 5.77233
103 116 5.80336
103 117 5.80356
103 118 5.9458
103 119 5.98537
103 120 5.99327
103 121 6.004
103 122 6.01553
103 123 6.04387
103 124 6.07998
103 125 6.08174
103 126 6.08248
103 127 6.09514
103 128 6.16557
103 129 6.21299
103 130 6.28047
103 131 6.31614
103 132 6.3502
103 133 6.36708
103 134 6.36845
103 135 6.41764
103 136 6.42722
103 137 6.43322
103 138 6.48442
103 139 6.49177
103 140 6.5163
103 141 6.52733
103 142 6.53144
103 143 6.57018
103 144 6.58025
103 145 6.59683
103 146 6.63634
103 147 6.64146
103 148 6.64172
103 149 6.64449
103 150 6.64449
103 151 6.67462
103 152 6.71051
103 153 6.73318
103 154 6.74996
103 155 6.75272
103 156 6.78094
103 157 6.9039
103 158 6.98214
103 159 7.08323
103 160 7.12837
103 161 7.22033
103 162 7.24691
103 163 7.29662
103 164 7.32859
103 165 7.33346
103 166 7.34735
103 167 7.4138
103 168 7.43032
103 169 7.43256
103 170 7.54723
103 171 7.59758
103 172 7.65162
103 173 7.67038
103 174 7.67888
103 175 7.80394
103 176 7.8852
103 177 7.94105
103 178 7.94682
103 179 8.0476
103 180 8.09161
103 181 8.1365
103 182 8.28612
103 183 8.42436
103 184 8.43423
103 185 8.45831
103 186 8.47109
103 187 8.58307
103 188 8.62897
103 189 8.6799
103 190 8.68617
103 191 8.99066
103 192 9.13521
103 193 9.3095
103 194 9.3095
103 195 9.46071
103 196 9.64106
103 197 10.3228
103 198 10.4083
103 199 10.8425
104 0 5.22625 1 26 24 11 10 8 9 14 3 16 17 13 6 28 25 5 27 29 19 33 2 21 22 23 32 4 30 7 20 34 15 12 31 18 1 
104 1 5.22625
104 2 5.22625
104 3 5.22625
104 4 5.22625
104 5 5.22625
104 6 5.22625
104 7 5.22625
104 8 5.22625
104 9 5.22625
104 10 5.22625
104 11 5.22625
104 12 5.22625
104 13 5.22625
104 14 5.22625
104 15 5.22625
104 16 5.22625
104 17 5.22625
104 18 5.22625
104 19 5.22625
104 20 5.22625
104 21 5.22625
104 22 5.22625
104 23 5.22625
104 24 5.22625
104 25 5.22625
104 26 5.22625
104 27 5.22625
104 28 5.22625
104 29 5.22625
104 30 5.22625
104 31 5.22625
104 32 5.22625
104 33 5.22625
104 34 5.22625
104 35 5.22625
104 36 5.22625
104 37 5.22625
104 38 5.22625
104 39 5.22625
104 40 5.22625
104 41 5.22625
104 42 5.22625
104 43 5.22625
104 44 5.22625
104 45 5.22625
104 46 5.22625
104 47 5.22625
104 48 5.22625
104 49 5.22625
104 50 5.22625
104 51 5.22625
104 52 5.22625
104 53 5.22625
104 54 5.22625
104 55 5.22625
104 56 5.22625
104 57 5.22625
104 58 5.22625
104 59 5.23448
104 60 5.23448
104 61 5.23448
104 62 5.23448
104 63 5.23448
104 64 5.23448
104 65 5.23448
104 66 5.23448
104 67 5.23448
104 68 5.23448
104 69 5.23448
104 70 5.23448
104 71 5.23448
104 72 5.23448
104 73 5.23448
104 74 5.23448
104 75 5.25008
104 76 5.25008
104 77 5.25008
104 78 5.25008
104 79 5.25008
104 80 5.25008
104 81 5.25008
104 82 5.25008
104 83 5.25008
104 84 5.25008
104 85 5.25008
104 86 5.25008
104 87 5.25008
104 88 5.25008
104 89 5.25008
104 90 5.29283
104 91 5.3531
104 92 5.42924
104 93 5.43355
104 94 5.44564
104 95 5.46231
104 96 5.51279
104 97 5.5319
104 98 5.53688
104 99 5.56971
104 100 5.57888
104 101 5.58215
104 102 5.60962
104 103 5.64907
104 104 5.66709
104 105 5.66827
104 106 5.6719
104 107 5.80356
104 108 5.80356
104 109 5.80356
104 110 5.84505
104 111 5.86339
104 112 5.89473
104 113 5.96565
104 114 5.98537
104 115 6.0168
104 116 6.01741
104 117 6.0734
104 118 6.09514
104 119 6.09514
104 120 6.14569
104 121 6.16557
104 122 6.16557
104 123 6.23046
104 124 6.27464
104 125 6.31239
104 126 6.39691
104 127 6.39844
104 128 6.40938
104 129 6.41764
104 130 6.4195
104 131 6.46349
104 132 6.4842
104 133 6.53009
104 134 6.53144
104 135 6.54124
104 136 6.56564
104 137 6.58579
104 138 6.59741
104 139 6.60723
104 140 6.64933
104 141 6.66671
104 142 6.68232
104 143 6.74162
104 144 6.74996
104 145 6.78212
104 146 6.8647
104 147 6.87125
104 148 6.89412
104 149 6.98214
104 150 6.99221
104 151 7.0396
104 152 7.04343
104 153 7.07459
104 154 7.07858
104 155 7.08808
104 156 7.10089
104 157 7.10888
104 158 7.12417
104 159 7.13581
104 160 7.14667
104 161 7.18478
104 162 7.19468
104 163 7.21307
104 164 7.29662
104 165 7.30858
104 166 7.33346
104 167 7.38165
104 168 7.38549
104 169 7.40607
104 170 7.40959
104 171 7.47467
104 172 7.47575
104 173 7.54723
104 174 7.56824
104 175 7.57352
104 176 7.61498
104 177 7.653
104 178 7.67141
104 179 7.67888
104 180 7.73959
104 181 7.87732
104 182 7.97548
104 183 7.98071
104 184 8.01756
104 185 8.05096
104 186 8.17542
104 187 8.20688
104 188 8.21206
104 189 8.35562
104 190 8.36971
104 191 8.39353
104 192 8.42436
104 193 8.42436
104 194 8.43369
104 195 8.58307
104 196 8.76226
104 197 9.46071
104 198 9.64106
104 199 9.86593
105 0 5.22625 1 26 24 11 10 8 9 14 3 16 17 13 6 28 25 5 27 29 19 33 2 21 22 23 32 4 30 7 20 34 15 12 31 18 1 
105 1 5.22625
105 2 5.22625
105 3 5.22625
105 4 5.22625
105 5 5.22625
105 6 5.22625
105 7 5.22625
105 8 5.22625
105 9 5.22625
105 10 5.22625
105 11 5.22625
105 12 5.22625
105 13 5.22625
105 14 5.22625
105 15 5.22625
105 16 5.22625
105 17 5.22625
105 18 5.22625
105 19 5.22625
105 20 5.22625
105 21 5.22625
105 22 5.22625
105 23 5.22625
105 24 5.22625
105 25 5.22625
105 26 5.22625
105 27 5.22625
105 28 5.22625
105 29 5.22625
105 30 5.22625
105 31 5.22625
105 32 5.22625
105 33 5.22625
105 34 5.22625
105 35 5.22625
105 36 5.22625
105 37 5.22625
105 38 5.22625
105 39 5.22625
105 40 5.22625
105 41 5.22625
105 42 5.22625
105 43 5.22625
105 44 5.22625
105 45 5.22625
105 46 5.22625
105 47 5.22625
105 48 5.22625
105 49 5.22625
105 50 5.22625
105 51 5.22625
105 52 5.22625
105 53 5.22625
105 54 5.22625
105 55 5.22625
105 56 5.22625
105 57 5.22625
105 58 5.22625
105 59 5.22625
105 60 5.22625
105 61 5.22625
105 62 5.22625
105 63 5.22625
105 64 5.22625
105 65 5.22625
105 66 5.22625
105 67 5.22625
105 68 5.22625
105 69 5.22625
105 70 5.22625
105 71 5.22625
105 72 5.22625
105 73 5.22625
105 74 5.22625
105 75 5.23448
105 76 5.23448
105 77 5.23448
105 78 5.23448
105 79 5.23448
105 80 5.23448
105 81 5.23448
105 82 5.23448
105 83 5.23448
105 84 5.25008
105 85 5.25008
105 86 5.25008
105 87 5.25008
105 88 5.25008
105 89 5.25008
105 90 5.32927
105 91 5.38714
105 92 5.43355
105 93 5.44179
105 94 5.529
105 95 5.529
105 96 5.54812
105 97 5.66827
105 98 5.66827
105 99 5.66827
105 100 5.6719
105 101 5.672
105 102 5.68156
105 103 5.71462
105 104 5.72104
105 105 5.76379
105 106 5.82888
105 107 5.84654
105 108 5.98406
105 109 6.03625
105 110 6.04259
105 111 6.08691
105 112 6.12774
105 113 6.13557
105 114 6.14377
105 115 6.14742
105 116 6.16424
105 117 6.16557
105 118 6.1824
105 119 6.18603
105 120 6.18912
105 121 6.20771
105 122 6.28151
105 123 6.35157
105 124 6.39282
105 125 6.40938
105 126 6.4842
105 127 6.52682
105 128 6.52689
105 129 6.53009
105 130 6.54689
105 131 6.58058
105 132 6.59317
105 133 6.64146
105 134 6.67373
105 135 6.6812
105 136 6.69142
105 137 6.75488
105 138 6.79977
105 139 6.80064
105 140 6.83932
105 141 6.86301
105 142 6.87773
105 143 6.89567
105 144 6.92282
105 145 6.93972
105 146 6.97711
105 147 7.01432
105 148 7.02401
105 149 7.02667
105 150 7.03195
105 151 7.06754
105 152 7.08808
105 153 7.09195
105 154 7.11896
105 155 7.12417
105 156 7.16898
105 157 7.17788
105 158 7.18319
105 159 7.20971
105 160 7.21906
105 161 7.2323
105 162 7.24682
105 163 7.25446
105 164 7.2604
105 165 7.2717
105 166 7.30202
105 167 7.38857
105 168 7.54313
105 169 7.55895
105 170 7.61503
105 171 7.64644
105 172 7.70976
105 173 7.80887
105 174 7.88632
105 175 7.89289
105 176 7.90496
105 177 7.96118
105 178 8.04362
105 179 8.05965
105 180 8.12032
105 181 8.18131
105 182 8.21206
105 183 8.22259
105 184 8.2889
105 185 8.32298
105 186 8.39353
105 187 8.54724
105 188 8.57008
105 189 8.58307
105 190 8.7531
105 191 8.85167
105 192 8.93784
105 193 9.17954
105 194 9.1821
105 195 9.21163
105 196 9.43987
105 197 10.5868
105 198 10.7328
105 199 12.9116
106 0 5.09026 1 26 10 11 24 8 9 14 3 16 17 13 6 28 25 5 27 29 19 33 2 21 22 23 32 4 30 7 20 34 15 12 31 18 1 
106 1 5.22625
106 2 5.22625
106 3 5.22625
106 4 5.22625
106 5 5.22625
106 6 5.22625
106 7 5.22625
106 8 5.22625
106 9 5.22625
106 10 5.22625
106 11 5.22625
106 12 5.22625
106 13 5.22625
106 14 5.22625
106 15 5.22625
106 16 5.22625
106 17 5.22625
106 18 5.22625
106 19 5.22625
106 20 5.22625
106 21 5.22625
106 22 5.22625
106 23 5.22625
106 24 5.22625
106 25 5.22625
106 26 5.22625
106 27 5.22625
106 28 5.22625
106 29 5.22625
106 30 5.22625
106 31 5.22625
106 32 5.22625
106 33 5.22625
106 34 5.22625
106 35 5.22625
106 36 5.22625
106 37 5.22625
106 38 5.22625
106 39 5.22625
106 40 5.22625
106 41 5.22625
106 42 5.22625
106 43 5.22625
106 44 5.22625
106 45 5.22625
106 46 5.22625
106 47 5.22625
106 48 5.22625
106 49 5.22625
106 50 5.22625
106 51 5.22625
106 52 5.22625
106 53 5.22625
106 54 5.22625
106 55 5.22625
106 56 5.22625
106 57 5.22625
106 58 5.22625
106 59 5.22625
106 60 5.22625
106 61 5.22625
106 62 5.22625
106 63 5.22625
106 64 5.22625
106 65 5.22625
106 66 5.22625
106 67 5.22625
106 68 5.22625
106 69 5.22625
106 70 5.22625
106 71 5.22625
106 72 5.22625
106 73 5.22625
106 74 5.22625
106 75 5.22625
106 76 5.22625
106 77 5.22625
106 78 5.22625
106 79 5.22625
106 80 5.22625
106 81 5.22625
106 82 5.22625
106 83 5.22625
106 84 5.22625
106 85 5.22625
106 86 5.22625
106 87 5.22625
106 88 5.22625
106 89 5.22625
106 90 5.22625
106 91 5.22625
106 92 5.22625
106 93 5.22625
106 94 5.22625
106 95 5.22625
106 96 5.22625
106 97 5.22625
106 98 5.22625
106 99 5.23448
106 100 5.23448
106 101 5.23448
106 102 5.23448
106 103 5.23448
106 104 5.25008
106 105 5.25008
106 106 5.28376
106 107 5.2846
106 108 5.40383
106 109 5.44179
106 110 5.46231
106 111 5.50159
106 112 5.53724
106 113 5.65982
106 114 5.6719
106 115 5.68156
106 116 5.71462
106 117 5.72104
106 118 5.80356
106 119 5.8816
106 120 5.92409
106 121 5.93237
106 122 6.04259
106 123 6.10171
106 124 6.10414
106 125 6.14742
106 126 6.16424
106 127 6.17416
106 128 6.18792
106 129 6.1966
106 130 6.20565
106 131 6.20771
106 132 6.20794
106 133 6.31446
106 134 6.36688
106 135 6.37688
106 136 6.43699
106 137 6.52233
106 138 6.52616
106 139 6.53494
106 140 6.56404
106 141 6.57384
106 142 6.57927
106 143 6.58341
106 144 6.60187
106 145 6.64794
106 146 6.67373
106 147 6.68811
106 148 6.81444
106 149 6.83932
106 150 6.84433
106 151 6.86157
106 152 6.86301
106 153 6.86301
106 154 6.94906
106 155 6.97052
106 156 6.97083
106 157 6.97711
106 158 6.98555
106 159 6.99926
106 160 7.00245
106 161 7.00274
106 162 7.02667
106 163 7.02667
106 164 7.03195
106 165 7.15458
106 166 7.16295
106 167 7.17788
106 168 7.18224
106 169 7.26612
106 170 7.276
106 171 7.28024
106 172 7.32201
106 173 7.3899
106 174 7.39029
106 175 7.44169
106 176 7.45393
106 177 7.49146
106 178 7.60812
106 179 7.70976
106 180 7.79588
106 181 7.89289
106 182 7.90496
106 183 7.92354
106 184 7.93282
106 185 7.96118
106 186 8.01097
106 187 8.17016
106 188 8.18131
106 189 8.42838
106 190 8.57008
106 191 8.65565
106 192 9.45636
106 193 9.55724
106 194 9.98989
106 195 10.12
106 196 10.7328
106 197 10.7328
106 198 10.7328
106 199 11.6965
107 0 5.09026 1 26 10 11 24 8 9 14 3 16 17 13 6 28 25 5 27 29 19 33 2 21 22 23 32 4 30 7 20 34 15 12 31 18 1 
107 1 5.09026
107 2 5.09026
107 3 5.09026
107 4 5.09026
107 5 5.09026
107 6 5.09026
107 7 5.09026
107 8 5.09026
107 9 5.09026
107 10 5.09026
107 11 5.09026
107 12 5.09026
107 13 5.09026
107 14 5.09026
107 15 5.09026
107 16 5.09026
107 17 5.09026
107 18 5.09026
107 19 5.09026
107 20 5.1463
107 21 5.22625
107 22 5.22625
107 23 5.22625
107 24 5.22625
107 25 5.22625
107 26 5.22625
107 27 5.22625
107 28 5.22625
107 29 5.22625
107 30 5.22625
107 31 5.22625
107 32 5.22625
107 33 5.22625
107 34 5.22625
107 35 5.22625
107 36 5.22625
107 37 5.22625
107 38 5.22625
107 39 5.22625
107 40 5.22625
107 41 5.22625
107 42 5.22625
107 43 5.22625
107 44 5.22625
107 45 5.22625
107 46 5.22625
107 47 5.22625
107 48 5.22625
107 49 5.22625
107 50 5.22625
107 51 5.22625
107 52 5.22625
107 53 5.22625
107 54 5.22625
107 55 5.22625
107 56 5.22625
107 57 5.22625
107 58 5.22625
107 59 5.22625
107 60 5.22625
107 61 5.22625
107 62 5.22625
107 63 5.22625
107 64 5.22625
107 65 5.22625
107 66 5.22625
107 67 5.22625
107 68 5.22625
107 69 5.22625
107 70 5.22625
107 71 5.22625
107 72 5.22625
107 73 5.22625
107 74 5.22625
107 75 5.22625
107 76 5.22625
107 77 5.22625
107 78 5.22625
107 79 5.22625
107 80 5.22625
107 81 5.22625
107 82 5.22625
107 83 5.22625
107 84 5.22625
107 85 5.22625
107 86 5.22625
107 87 5.22625
107 88 5.22625
107 89 5.22625
107 90 5.22625
107 91 5.22625
107 92 5.23448
107 93 5.23448
107 94 5.33302
107 95 5.38068
107 96 5.3833
107 97 5.43355
107 98 5.43355
107 99 5.446
107 100 5.46231
107 101 5.50159
107 102 5.52905
107 103 5.53724
107 104 5.61019
107 105 5.68015
107 106 5.71462
107 107 5.72104
107 108 5.73703
107 109 5.81466
107 110 5.8257
107 111 5.8816
107 112 5.89979
107 113 5.91897
107 114 5.93049
107 115 6.02386
107 116 6.02486
107 117 6.04476
107 118 6.06291
107 119 6.08254
107 120 6.1102
107 121 6.13907
107 122 6.20794
107 123 6.23083
107 124 6.29453
107 125 6.31866
107 126 6.34611
107 127 6.37688
107 128 6.38225
107 129 6.40919
107 130 6.43699
107 131 6.4466
107 132 6.47303
107 133 6.47619
107 134 6.47747
107 135 6.50901
107 136 6.57796
107 137 6.58171
107 138 6.60103
107 139 6.60605
107 140 6.63308
107 141 6.6452
107 142 6.64689
107 143 6.71304
107 144 6.74505
107 145 6.77395
107 146 6.77872
107 147 6.78619
107 148 6.83924
107 149 6.86157
107 150 6.90081
107 151 6.91282
107 152 6.91859
107 153 6.96582
107 154 6.97711
107 155 6.98555
107 156 7.02667
107 157 7.04071
107 158 7.05869
107 159 7.10123
107 160 7.13079
107 161 7.14084
107 162 7.15458
107 163 7.20661
107 164 7.2216
107 165 7.22624
107 166 7.30602
107 167 7.32201
107 168 7.36172
107 169 7.36316
107 170 7.3751
107 171 7.40739
107 172 7.44759
107 173 7.53354
107 174 7.5352
107 175 7.60115
107 176 7.60492
107 177 7.6236
107 178 7.64644
107 179 7.72722
107 180 7.80821
107 181 7.8439
107 182 7.87277
107 183 7.92354
107 184 7.96907
107 185 7.99304
107 186 8.0845
107 187 8.17016
107 188 8.40658
107 189 8.43518
107 190 8.46926
107 191 8.50859
107 192 8.63442
107 193 8.88672
107 194 8.90704
107 195 9.51776
107 196 9.79268
107 197 9.90843
107 198 10.3902
107 199 10.7337
108 0 5.09026 1 26 10 11 24 8 9 14 3 16 17 13 6 28 25 5 27 29 19 33 2 21 22 23 32 4 30 7 20 34 15 12 31 18 1 
108 1 5.09026
108 2 5.09026
108 3 5.09026
108 4 5.09026
108 5 5.09026
108 6 5.09026
108 7 5.09026
108 8 5.09026
108 9 5.09026
108 10 5.09026
108 11 5.09026
108 12 5.09026
108 13 5.09026
108 14 5.09026
108 15 5.09026
108 16 5.09026
108 17 5.09026
108 18 5.09026
108 19 5.09026
108 20 5.09026
108 21 5.09026
108 22 5.09026
108 23 5.09026
108 24 5.09026
108 25 5.09026
108 26 5.09026
108 27 5.09026
108 28 5.09026
108 29 5.09026
108 30 5.09026
108 31 5.09026
108 32 5.09026
108 33 5.09026
108 34 5.09026
108 35 5.09026
108 36 5.09026
108 37 5.09026
108 38 5.09026
108 39 5.09026
108 40 5.09026
108 41 5.09026
108 42 5.09026
108 43 5.09026
108 44 5.09026
108 45 5.09026
108 46 5.09026
108 47 5.09026
108 48 5.09026
108 49 5.09026
108 50 5.09026
108 51 5.09026
108 52 5.09026
108 53 5.09026
108 54 5.09026
108 55 5.09026
108 56 5.09026
108 57 5.09026
108 58 5.09026
108 59 5.09115
108 60 5.11093
108 61 5.12456
108 62 5.1463
108 63 5.14861
108 64 5.22625
108 65 5.22625
108 66 5.22625
108 67 5.22625
108 68 5.22625
108 69 5.22625
108 70 5.22625
108 71 5.22625
108 72 5.22625
108 73 5.22625
108 74 5.22625
108 75 5.22625
108 76 5.22625
108 77 5.22625
108 78 5.22625
108 79 5.22625
108 80 5.22625
108 81 5.22625
108 82 5.22625
108 83 5.22625
108 84 5.22625
108 85 5.22625
108 86 5.22625
108 87 5.22625
108 88 5.22625
108 89 5.22625
108 90 5.22625
108 91 5.22625
108 92 5.22625
108 93 5.22625
108 94 5.22625
108 95 5.22625
108 96 5.22625
108 97 5.22625
108 98 5.22625
108 99 5.22625
108 100 5.22625
108 101 5.22625
108 102 5.22625
108 103 5.22625
108 104 5.22625
108 105 5.22625
108 106 5.23448
108 107 5.38068
108 108 5.38068
108 109 5.446
108 110 5.46132
108 111 5.46231
108 112 5.66052
108 113 5.68015
108 114 5.68015
108 115 5.71702
108 116 5.73124
108 117 5.73383
108 118 5.75336
108 119 5.77705
108 120 5.77946
108 121 5.93049
108 122 5.97422
108 123 6.01671
108 124 6.08254
108 125 6.08496
108 126 6.0962
108 127 6.09815
108 128 6.15315
108 129 6.15411
108 130 6.1847
108 131 6.22875
108 132 6.26869
108 133 6.27339
108 134 6.31866
108 135 6.37104
108 136 6.37546
108 137 6.37688
108 138 6.4466
108 139 6.49013
108 140 6.54388
108 141 6.58685
108 142 6.59286
108 143 6.61271
108 144 6.7022
108 145 6.76801
108 146 6.76896
108 147 6.776
108 148 6.8262
108 149 6.84488
108 150 6.84956
108 151 6.89515
108 152 6.90539
108 153 6.98557
108 154 6.98832
108 155 7.03932
108 156 7.07182
108 157 7.0791
108 158 7.10045
108 159 7.10123
108 160 7.13079
108 161 7.25301
108 162 7.36316
108 163 7.39109
108 164 7.42995
108 165 7.44304
108 166 7.48498
108 167 7.51158
108 168 7.5227
108 169 7.5729
108 170 7.60492
108 171 7.62323
108 172 7.63515
108 173 7.66491
108 174 7.78061
108 175 7.83933
108 176 7.84817
108 177 7.85242
108 178 7.91026
108 179 7.91564
108 180 7.9435
108 181 7.95877
108 182 8.22611
108 183 8.39678
108 184 8.39987
108 185 8.46703
108 186 8.48011
108 187 8.50859
108 188 8.51827
108 189 8.54138
108 190 8.54434
108 191 8.81733
108 192 8.97533
108 193 9.51809
108 194 9.64382
108 195 9.72622
108 196 9.81801
108 197 10.8926
108 198 10.9005
108 199 11.1674
109 0 5.09026 1 26 10 11 24 8 9 14 3 16 17 13 6 28 25 5 27 29 19 33 2 21 22 23 32 4 30 7 20 34 15 12 31 18 1 
109 1 5.09026
109 2 5.09026
109 3 5.09026
109 4 5.09026
109 5 5.09026
109 6 5.09026
109 7 5.09026
109 8 5.09026
109 9 5.09026
109 10 5.09026
109 11 5.09026
109 12 5.09026
109 13 5.09026
109 14 5.09026
109 15 5.09026
109 16 5.09026
109 17 5.09026
109 18 5.09026
109 19 5.09026
109 20 5.09026
109 21 5.09026
109 22 5.09026
109 23 5.09026
109 24 5.09026
109 25 5.09026
109 26 5.09026
109 27 5.09026
109 28 5.09026
109 29 5.09026
109 30 5.09026
109 31 5.09026
109 32 5.09026
109 33 5.09026
109 34 5.09026
109 35 5.09026
109 36 5.09026
109 37 5.09026
109 38 5.09026
109 39 5.09026
109 40 5.09026
109 41 5.09026
109 42 5.09026
109 43 5.09026
109 44 5.09026
109 45 5.09026
109 46 5.09026
109 47 5.09026
109 48 5.09026
109 49 5.09026
109 50 5.09026
109 51 5.09026
109 52 5.09026
109 53 5.09026
109 54 5.09026
109 55 5.09026
109 56 5.09026
109 57 5.09026
109 58 5.09026
109 59 5.09026
109 60 5.09026
109 61 5.09026
109 62 5.09026
109 63 5.09026
109 64 5.09026
109 65 5.09026
109 66 5.09026
109 67 5.09026
109 68 5.09026
109 69 5.09026
109 70 5.09026
109 71 5.09026
109 72 5.09026
109 73 5.09026
109 74 5.09026
109 75 5.09026
109 76 5.09026
109 77 5.09026
109 78 5.09026
109 79 5.09026
109 80 5.09026
109 81 5.09026
109 82 5.09026
109 83 5.09026
109 84 5.09026
109 85 5.09026
109 86 5.10805
109 87 5.11093
109 88 5.14777
109 89 5.14861
109 90 5.14861
109 91 5.14861
109 92 5.15628
109 93 5.22625
109 94 5.22625
109 95 5.22625
109 96 5.22625
109 97 5.22625
109 98 5.22625
109 99 5.22625
109 100 5.22625
109 101 5.22625
109 102 5.22625
109 103 5.22625
109 104 5.22625
109 105 5.22625
109 106 5.22625
109 107 5.22625
109 108 5.22625
109 109 5.28246
109 110 5.33302
109 111 5.37681
109 112 5.38068
109 113 5.38068
109 114 5.40493
109 115 5.43355
109 116 5.446
109 117 5.50956
109 118 5.5234
109 119 5.68015
109 120 5.68015
109 121 5.68015
109 122 5.84146
109 123 5.85838
109 124 5.93433
109 125 5.95686
109 126 5.95925
109 127 5.96447
109 128 6.06102
109 129 6.06368
109 130 6.07417
109 131 6.11751
109 132 6.12763
109 133 6.16247
109 134 6.20807
109 135 6.2116
109 136 6.34636
109 137 6.36963
109 138 6.40354
109 139 6.4846
109 140 6.49119
109 141 6.53793
109 142 6.55546
109 143 6.59286
109 144 6.59342
109 145 6.69494
109 146 6.69494
109 147 6.71467
109 148 6.734
109 149 6.76108
109 150 6.776
109 151 6.776
109 152 6.80413
109 153 6.90282
109 154 6.94433
109 155 6.94883
109 156 6.96818
109 157 6.98557
109 158 7.06871
109 159 7.1952
109 160 7.29049
109 161 7.29787
109 162 7.31943
109 163 7.33114
109 164 7.37
109 165 7.44872
109 166 7.45219
109 167 7.51468
109 168 7.53747
109 169 7.66491
109 170 7.67184
109 171 7.67363
109 172 7.84817
109 173 7.85242
109 174 7.86185
109 175 7.91026
109 176 8.04842
109 177 8.08059
109 178 8.08453
109 179 8.11503
109 180 8.21138
109 181 8.23331
109 182 8.3726
109 183 8.41772
109 184 8.71181
109 185 8.7473
109 186 8.74912
109 187 8.87314
109 188 8.96174
109 189 8.99864
109 190 9.07735
109 191 9.08095
109 192 9.13386
109 193 9.21485
109 194 9.46047
109 195 9.61669
109 196 9.80305
109 197 9.81801
109 198 9.8975
109 199 10.5061
110 0 5.09026 1 26 10 11 24 8 9 14 3 16 17 13 6 28 25 5 27 29 19 33 2 21 22 23 32 4 30 7 20 34 15 12 31 18 1 
110 1 5.09026
110 2 5.09026
110 3 5.09026
110 4 5.09026
110 5 5.09026
110 6 5.09026
110 7 5.09026
110 8 5.09026
110 9 5.09026
110 10 5.09026
110 11 5.09026
110 12 5.09026
110 13 5.09026
110 14 5.09026
110 15 5.09026
110 16 5.09026
110 17 5.09026
110 18 5.09026
110 19 5.09026
110 20 5.09026
110 21 5.09026
110 22 5.09026
110 23 5.09026
110 24 5.09026
110 25 5.09026
110 26 5.09026
110 27 5.09026
110 28 5.09026
110 29 5.09026
110 30 5.09026
110 31 5.09026
110 32 5.09026
110 33 5.09026
110 34 5.09026
110 35 5.09026
110 36 5.09026
110 37 5.09026
110 38 5.09026
110 39 5.09026
110 40 5.09026
110 41 5.09026
110 42 5.09026
110 43 5.09026
110 44 5.09026
110 45 5.09026
110 46 5.09026
110 47 5.09026
110 48 5.09026
110 49 5.09026
110 50 5.09026
110 51 5.09026
110 52 5.09026
110 53 5.09026
110 54 5.09026
110 55 5.09026
110 56 5.09026
110 57 5.09026
110 58 5.09026
110 59 5.09026
110 60 5.09026
110 61 5.09026
110 62 5.09026
110 63 5.09026
110 64 5.09026
110 65 5.09026
110 66 5.09026
110 67 5.09026
110 68 5.09026
110 69 5.09026
110 70 5.09026
110 71 5.09026
110 72 5.09026
110 73 5.09026
110 74 5.09026
110 75 5.09026
110 76 5.09026
110 77 5.09026
110 78 5.09026
110 79 5.09026
110 80 5.09026
110 81 5.09026
110 82 5.09026
110 83 5.09026
110 84 5.11093
110 85 5.1453
110 86 5.14861
110 87 5.14861
110 88 5.14861
110 89 5.15539
110 90 5.22625
110 91 5.22625
110 92 5.22625
110 93 5.22625
110 94 5.22625
110 95 5.22625
110 96 5.22625
110 97 5.24913
110 98 5.36869
110 99 5.40565
110 100 5.41429
110 101 5.4249
110 102 5.4698
110 103 5.502
110 104 5.52763
110 105 5.68015
110 106 5.7468
110 107 5.8038
110 108 5.81336
110 109 5.84515
110 110 5.85723
110 111 5.85838
110 112 5.8602
110 113 5.86055
110 114 5.8865
110 115 5.92014
110 116 5.93433
110 117 5.94396
110 118 5.95925
110 119 5.95967
110 120 5.96447
110 121 5.9679
110 122 5.99742
110 123 6.01571
110 124 6.03122
110 125 6.07126
110 126 6.12763
110 127 6.13197
110 128 6.13252
110 129 6.13512
110 130 6.20807
110 131 6.23219
110 132 6.24753
110 133 6.34636
110 134 6.36695
110 135 6.37469
110 136 6.43416
110 137 6.46029
110 138 6.50314
110 139 6.51169
110 140 6.53049
110 141 6.54479
110 142 6.5705
110 143 6.57724
110 144 6.58206
110 145 6.63035
110 146 6.65182
110 147 6.65631
110 148 6.68369
110 149 6.69333
110 150 6.72391
110 151 6.72871
110 152 6.776
110 153 6.80808
110 154 6.83831
110 155 6.85356
110 156 6.86574
110 157 6.94726
110 158 6.95581
110 159 6.96818
110 160 6.96818
110 161 6.97227
110 162 6.98557
110 163 7.03369
110 164 7.06156
110 165 7.13093
110 166 7.1952
110 167 7.2737
110 168 7.29049
110 169 7.29787
110 170 7.33114
110 171 7.36889
110 172 7.4081
110 173 7.45097
110 174 7.46253
110 175 7.59933
110 176 7.61191
110 177 7.66491
110 178 7.73931
110 179 7.86754
110 180 7.88783
110 181 7.91399
110 182 7.96593
110 183 7.98139
110 184 8.03602
110 185 8.037
110 186 8.03936
110 187 8.08321
110 188 8.43301
110 189 8.43496
110 190 8.57673
110 191 8.68837
110 192 8.70531
110 193 9.01922
110 194 9.03213
110 195 9.075
110 196 9.14531
110 197 9.79093
110 198 9.80305
110 199 10.081
111 0 5.09026 1 26 10 11 24 8 9 14 3 16 17 13 6 28 25 5 27 29 19 33 2 21 22 23 32 4 30 7 20 34 15 12 31 18 1 
111 1 5.09026
111 2 5.09026
111 3 5.09026
111 4 5.09026
111 5 5.09026
111 6 5.09026
111 7 5.09026
111 8 5.09026
111 9 5.09026
111 10 5.09026
111 11 5.09026
111 12 5.09026
111 13 5.09026
111 14 5.09026
111 15 5.09026
111 16 5.09026
111 17 5.09026
111 18 5.09026
111 19 5.09026
111 20 5.09026
111 21 5.09026
111 22 5.09026
111 23 5.09026
111 24 5.09026
111 25 5.09026
111 26 5.09026
111 27 5.09026
111 28 5.09026
111 29 5.09026
111 30 5.09026
111 31 5.09026
111 32 5.09026
111 33 5.09026
111 34 5.09026
111 35 5.09026
111 36 5.09026
111 37 5.09026
111 38 5.09026
111 39 5.09026
111 40 5.09026
111 41 5.09026
111 42 5.09026
111 43 5.09026
111 44 5.09026
111 45 5.09026
111 46 5.09026
111 47 5.09026
111 48 5.09026
111 49 5.09026
111 50 5.09026
111 51 5.09026
111 52 5.09026
111 53 5.09026
111 54 5.09026
111 55 5.09026
111 56 5.09026
111 57 5.09026
111 58 5.09026
111 59 5.09026
111 60 5.09026
111 61 5.09026
111 62 5.09026
111 63 5.09026
111 64 5.09026
111 65 5.09026
111 66 5.09026
111 67 5.09026
111 68 5.09026
111 69 5.09026
111 70 5.09026
111 71 5.09026
111 72 5.09026
111 73 5.09026
111 74 5.09026
111 75 5.09026
111 76 5.09026
111 77 5.09026
111 78 5.09026
111 79 5.09026
111 80 5.09026
111 81 5.09026
111 82 5.09026
111 83 5.09026
111 84 5.09026
111 85 5.09026
111 86 5.09026
111 87 5.09026
111 88 5.09026
111 89 5.09026
111 90 5.09026
111 91 5.09026
111 92 5.09026
111 93 5.09026
111 94 5.09026
111 95 5.09026
111 96 5.09026
111 97 5.09026
111 98 5.11368
111 99 5.1453
111 100 5.14861
111 101 5.15539
111 102 5.19328
111 103 5.22625
111 104 5.2352
111 105 5.24913
111 106 5.386
111 107 5.40698
111 108 5.4249
111 109 5.4249
111 110 5.57069
111 111 5.60787
111 112 5.66015
111 113 5.68015
111 114 5.68015
111 115 5.7467
111 116 5.76583
111 117 5.84515
111 118 5.85216
111 119 5.86055
111 120 5.92014
111 121 5.9679
111 122 5.99654
111 123 6.04003
111 124 6.13197
111 125 6.18303
111 126 6.24771
111 127 6.24871
111 128 6.24939
111 129 6.34333
111 130 6.34636
111 131 6.37757
111 132 6.39105
111 133 6.42015
111 134 6.45583
111 135 6.48046
111 136 6.53049
111 137 6.56627
111 138 6.58783
111 139 6.60906
111 140 6.65409
111 141 6.66613
111 142 6.67396
111 143 6.68369
111 144 6.71757
111 145 6.73595
111 146 6.7501
111 147 6.76475
111 148 6.7657
111 149 6.7795
111 150 6.78913
111 151 6.80847
111 152 6.81137
111 153 6.85356
111 154 6.93269
111 155 6.95581
111 156 6.96818
111 157 6.96818
111 158 7.02118
111 159 7.06156
111 160 7.09196
111 161 7.10256
111 162 7.25145
111 163 7.36889
111 164 7.36968
111 165 7.43596
111 166 7.46253
111 167 7.47257
111 168 7.48763
111 169 7.57009
111 170 7.59333
111 171 7.59384
111 172 7.61191
111 173 7.63551
111 174 7.64619
111 175 7.68353
111 176 7.75702
111 177 7.84746
111 178 7.87461
111 179 7.93712
111 180 7.9739
111 181 7.98139
111 182 8.01595
111 183 8.08052
111 184 8.12065
111 185 8.14033
111 186 8.2014
111 187 8.40988
111 188 8.42439
111 189 8.43496
111 190 8.5505
111 191 8.74503
111 192 8.99351
111 193 9.075
111 194 9.11611
111 195 9.18458
111 196 9.20544
111 197 9.20848
111 198 9.47966
111 199 10.9372
112 0 5.09026 1 26 10 11 24 8 9 14 3 16 17 13 6 28 25 5 27 29 19 33 2 21 22 23 32 4 30 7 20 34 15 12 31 18 1 
112 1 5.09026
112 2 5.09026
112 3 5.09026
112 4 5.09026
112 5 5.09026
112 6 5.09026
112 7 5.09026
112 8 5.09026
112 9 5.09026
112 10 5.09026
112 11 5.09026
112 12 5.09026
112 13 5.09026
112 14 5.09026
112 15 5.09026
112 16 5.09026
112 17 5.09026
112 18 5.09026
112 19 5.09026
112 20 5.09026
112 21 5.09026
112 22 5.09026
112 23 5.09026
112 24 5.09026
112 25 5.09026
112 26 5.09026
112 27 5.09026
112 28 5.09026
112 29 5.09026
112 30 5.09026
112 31 5.09026
112 32 5.09026
112 33 5.09026
112 34 5.09026
112 35 5.09026
112 36 5.09026
112 37 5.09026
112 38 5.09026
112 39 5.09026
112 40 5.09026
112 41 5.09026
112 42 5.09026
112 43 5.09026
112 44 5.09026
112 45 5.09026
112 46 5.09026
112 47 5.09026
112 48 5.09026
112 49 5.09026
112 50 5.09026
112 51 5.09026
112 52 5.09026
112 53 5.09026
112 54 5.09026
112 55 5.09026
112 56 5.09026
112 57 5.09026
112 58 5.09026
112 59 5.09026
112 60 5.09026
112 61 5.09026
112 62 5.09026
112 63 5.09026
112 64 5.09026
112 65 5.09026
112 66 5.09026
112 67 5.09026
112 68 5.09026
112 69 5.09026
112 70 5.09026
112 71 5.09026
112 72 5.09026
112 73 5.09026
112 74 5.09026
112 75 5.09026
112 76 5.09026
112 77 5.09026
112 78 5.09026
112 79 5.09026
112 80 5.09026
112 81 5.09026
112 82 5.09026
112 83 5.09026
112 84 5.09026
112 85 5.09026
112 86 5.09026
112 87 5.09026
112 88 5.09026
112 89 5.09026
112 90 5.09026
112 91 5.09026
112 92 5.09026
112 93 5.09026
112 94 5.09026
112 95 5.09026
112 96 5.09026
112 97 5.11093
112 98 5.11368
112 99 5.14861
112 100 5.15539
112 101 5.22625
112 102 5.22625
112 103 5.2352
112 104 5.30396
112 105 5.4249
112 106 5.44093
112 107 5.54069
112 108 5.54707
112 109 5.60039
112 110 5.62776
112 111 5.66015
112 112 5.68015
112 113 5.74561
112 114 5.76583
112 115 5.76583
112 116 5.76958
112 117 5.8157
112 118 5.8602
112 119 5.8764
112 120 5.8865
112 121 6.09936
112 122 6.13047
112 123 6.15593
112 124 6.18303
112 125 6.23342
112 126 6.27218
112 127 6.28494
112 128 6.29488
112 129 6.31088
112 130 6.34821
112 131 6.38107
112 132 6.39105
112 133 6.44043
112 134 6.45583
112 135 6.49673
112 136 6.50891
112 137 6.54141
112 138 6.54612
112 139 6.55369
112 140 6.58432
112 141 6.58783
112 142 6.60026
112 143 6.60823
112 144 6.61545
112 145 6.63995
112 146 6.64332
112 147 6.66636
112 148 6.67396
112 149 6.69526
112 150 6.74744
112 151 6.74887
112 152 6.76143
112 153 6.86802
112 154 6.87844
112 155 6.93055
112 156 6.96818
112 157 7.04315
112 158 7.08528
112 159 7.08939
112 160 7.09659
112 161 7.11684
112 162 7.1952
112 163 7.21925
112 164 7.23914
112 165 7.25488
112 166 7.29914
112 167 7.32809
112 168 7.36481
112 169 7.36889
112 170 7.39063
112 171 7.40795
112 172 7.44616
112 173 7.46056
112 174 7.46561
112 175 7.47019
112 176 7.49755
112 177 7.55463
112 178 7.62109
112 179 7.62892
112 180 7.68285
112 181 7.73494
112 182 7.78983
112 183 7.85705
112 184 7.87461
112 185 7.87995
112 186 7.88253
112 187 7.88601
112 188 7.90386
112 189 7.98397
112 190 8.07288
112 191 8.0953
112 192 8.12698
112 193 8.2895
112 194 8.34072
112 195 8.4938
112 196 8.55485
112 197 8.59822
112 198 8.99351
112 199 10.571
113 0 5.09026 1 26 10 11 24 8 9 14 3 16 17 13 6 28 25 5 27 29 19 33 2 21 22 23 32 4 30 7 20 34 15 12 31 18 1 
113 1 5.09026
113 2 5.09026
113 3 5.09026
113 4 5.09026
113 5 5.09026
113 6 5.09026
113 7 5.09026
113 8 5.09026
113 9 5.09026
113 10 5.09026
113 11 5.09026
113 12 5.09026
113 13 5.09026
113 14 5.09026
113 15 5.09026
113 16 5.09026
113 17 5.09026
113 18 5.09026
113 19 5.09026
113 20 5.09026
113 21 5.09026
113 22 5.09026
113 23 5.09026
113 24 5.09026
113 25 5.09026
113 26 5.09026
113 27 5.09026
113 28 5.09026
113 29 5.09026
113 30 5.09026
113 31 5.09026
113 32 5.09026
113 33 5.09026
113 34 5.09026
113 35 5.09026
113 36 5.09026
113 37 5.09026
113 38 5.09026
113 39 5.09026
113 40 5.09026
113 41 5.09026
113 42 5.09026
113 43 5.09026
113 44 5.09026
113 45 5.09026
113 46 5.09026
113 47 5.09026
113 48 5.09026
113 49 5.09026
113 50 5.09026
113 51 5.09026
113 52 5.09026
113 53 5.09026
113 54 5.09026
113 55 5.09026
113 56 5.09026
113 57 5.09026
113 58 5.09026
113 59 5.09026
113 60 5.09026
113 61 5.09026
113 62 5.09026
113 63 5.09026
113 64 5.09026
113 65 5.09026
113 66 5.09026
113 67 5.09026
113 68 5.09026
113 69 5.09026
113 70 5.09026
113 71 5.09026
113 72 5.09026
113 73 5.09026
113 74 5.09026
113 75 5.09026
113 76 5.09026
113 77 5.09026
113 78 5.09026
113 79 5.09026
113 80 5.09026
113 81 5.09026
113 82 5.09026
113 83 5.09026
113 84 5.09026
113 85 5.09026
113 86 5.09026
113 87 5.09026
113 88 5.09026
113 89 5.09026
113 90 5.09026
113 91 5.09026
113 92 5.09026
113 93 5.09026
113 94 5.09026
113 95 5.09026
113 96 5.09026
113 97 5.09026
113 98 5.09026
113 99 5.09026
113 100 5.09026
113 101 5.09026
113 102 5.09026
113 103 5.22625
113 104 5.24731
113 105 5.24913
113 106 5.33382
113 107 5.35712
113 108 5.41795
113 109 5.54416
113 110 5.54707
113 111 5.62776
113 112 5.63733
113 113 5.74061
113 114 5.76583
113 115 5.77711
113 116 5.78807
113 117 5.79932
113 118 5.8459
113 119 5.88557
113 120 5.91897
113 121 5.92085
113 122 5.92889
113 123 6.00392
113 124 6.01997
113 125 6.04585
113 126 6.05574
113 127 6.07174
113 128 6.13047
113 129 6.13601
113 130 6.14207
113 131 6.14395
113 132 6.21187
113 133 6.2384
113 134 6.28494
113 135 6.31973
113 136 6.34821
113 137 6.36433
113 138 6.37383
113 139 6.41859
113 140 6.41884
113 141 6.43519
113 142 6.44043
113 143 6.45261
113 144 6.51665
113 145 6.52768
113 146 6.5379
113 147 6.54612
113 148 6.54612
113 149 6.57393
113 150 6.58432
113 151 6.60004
113 152 6.60026
113 153 6.61545
113 154 6.63979
113 155 6.69526
113 156 6.76958
113 157 6.776
113 158 6.79718
113 159 6.88956
113 160 7.08806
113 161 7.08939
113 162 7.10045
113 163 7.11684
113 164 7.13976
113 165 7.1952
113 166 7.21925
113 167 7.2516
113 168 7.28694
113 169 7.36481
113 170 7.36481
113 171 7.38359
113 172 7.42647
113 173 7.43563
113 174 7.60917
113 175 7.62379
113 176 7.76426
113 177 7.79444
113 178 7.81567
113 179 7.85705
113 180 7.9083
113 181 7.95168
113 182 7.98371
113 183 7.98866
113 184 7.99378
113 185 8.04681
113 186 8.36683
113 187 8.42652
113 188 8.55485
113 189 8.57585
113 190 8.76283
113 191 8.76318
113 192 8.95528
113 193 8.99351
113 194 9.08231
113 195 9.27547
113 196 9.64208
113 197 9.89389
113 198 10.1955
113 199 10.5335
114 0 5.09026 1 26 10 11 24 8 9 14 3 16 17 13 6 28 25 5 27 29 19 33 2 21 22 23 32 4 30 7 20 34 15 12 31 18 1 
114 1 5.09026
114 2 5.09026
114 3 5.09026
114 4 5.09026
114 5 5.09026
114 6 5.09026
114 7 5.09026
114 8 5.09026
114 9 5.09026
114 10 5.09026
114 11 5.09026
114 12 5.09026
114 13 5.09026
114 14 5.09026
114 15 5.09026
114 16 5.09026
114 17 5.09026
114 18 5.09026
114 19 5.09026
114 20 5.09026
114 21 5.09026
114 22 5.09026
114 23 5.09026
114 24 5.09026
114 25 5.09026
114 26 5.09026
114 27 5.09026
114 28 5.09026
114 29 5.09026
114 30 5.09026
114 31 5.09026
114 32 5.09026
114 33 5.09026
114 34 5.09026
114 35 5.09026
114 36 5.09026
114 37 5.09026
114 38 5.09026
114 39 5.09026
114 40 5.09026
114 41 5.09026
114 42 5.09026
114 43 5.09026
114 44 5.09026
114 45 5.09026
114 46 5.09026
114 47 5.09026
114 48 5.09026
114 49 5.09026
114 50 5.09026
114 51 5.09026
114 52 5.09026
114 53 5.09026
114 54 5.09026
114 55 5.09026
114 56 5.09026
114 57 5.09026
114 58 5.09026
114 59 5.09026
114 60 5.09026
114 61 5.09026
114 62 5.09026
114 63 5.09026
114 64 5.09026
114 65 5.09026
114 66 5.09026
114 67 5.09026
114 68 5.09026
114 69 5.09026
114 70 5.09026
114 71 5.09026
114 72 5.09026
114 73 5.09026
114 74 5.09026
114 75 5.09026
114 76 5.09026
114 77 5.09026
114 78 5.09026
114 79 5.09026
114 80 5.09026
114 81 5.09026
114 82 5.09026
114 83 5.09026
114 84 5.09026
114 85 5.09026
114 86 5.09026
114 87 5.09026
114 88 5.09026
114 89 5.09026
114 90 5.09026
114 91 5.09026
114 92 5.09026
114 93 5.09026
114 94 5.09026
114 95 5.15539
114 96 5.19328
114 97 5.27883
114 98 5.2839
114 99 5.33748
114 100 5.34429
114 101 5.42729
114 102 5.45167
114 103 5.54416
114 104 5.62776
114 105 5.63733
114 106 5.64715
114 107 5.66974
114 108 5.74061
114 109 5.76583
114 110 5.76958
114 111 5.82068
114 112 5.84355
114 113 5.84893
114 114 5.8602
114 115 5.87361
114 116 5.88787
114 117 5.88906
114 118 5.91897
114 119 5.94246
114 120 5.96942
114 121 5.99328
114 122 6.0339
114 123 6.0457
114 124 6.05574
114 125 6.05574
114 126 6.1356
114 127 6.14207
114 128 6.16083
114 129 6.16102
114 130 6.1847
114 131 6.24202
114 132 6.24595
114 133 6.34821
114 134 6.35414
114 135 6.35414
114 136 6.35631
114 137 6.37918
114 138 6.39105
114 139 6.40826
114 140 6.45968
114 141 6.51199
114 142 6.51509
114 143 6.52768
114 144 6.55551
114 145 6.57393
114 146 6.57393
114 147 6.58432
114 148 6.60823
114 149 6.63166
114 150 6.63995
114 151 6.66463
114 152 6.66754
114 153 6.68474
114 154 6.68705
114 155 6.69526
114 156 6.69819
114 157 6.78736
114 158 6.84164
114 159 7.026
114 160 7.10045
114 161 7.12473
114 162 7.12741
114 163 7.15081
114 164 7.1952
114 165 7.20377
114 166 7.37698
114 167 7.38359
114 168 7.42647
114 169 7.42992
114 170 7.43144
114 171 7.52891
114 172 7.62379
114 173 7.67563
114 174 7.70562
114 175 7.76618
114 176 7.77966
114 177 7.91036
114 178 7.99378
114 179 8.0079
114 180 8.0697
114 181 8.07598
114 182 8.13797
114 183 8.19051
114 184 8.27263
114 185 8.28239
114 186 8.36683
114 187 8.43245
114 188 8.44586
114 189 8.48323
114 190 8.57585
114 191 8.76901
114 192 8.83646
114 193 8.86705
114 194 8.99351
114 195 9.07773
114 196 9.26726
114 197 9.44547
114 198 10.1955
114 199 10.2041
115 0 5.09026 1 26 10 11 24 8 9 14 3 16 17 13 6 28 25 5 27 29 19 33 2 21 22 23 32 4 30 7 20 34 15 12 31 18 1 
115 1 5.09026
115 2 5.09026
115 3 5.09026
115 4 5.09026
115 5 5.09026
115 6 5.09026
115 7 5.09026
115 8 5.09026
115 9 5.09026
115 10 5.09026
115 11 5.09026
115 12 5.09026
115 13 5.09026
115 14 5.09026
115 15 5.09026
115 16 5.09026
115 17 5.09026
115 18 5.09026
115 19 5.09026
115 20 5.09026
115 21 5.09026
115 22 5.09026
115 23 5.09026
115 24 5.09026
115 25 5.09026
115 26 5.09026
115 27 5.09026
115 28 5.09026
115 29 5.09026
115 30 5.09026
115 31 5.09026
115 32 5.09026
115 33 5.09026
115 34 5.09026
115 35 5.09026
115 36 5.09026
115 37 5.09026
115 38 5.09026
115 39 5.09026
115 40 5.09026
115 41 5.09026
115 42 5.09026
115 43 5.09026
115 44 5.09026
115 45 5.09026
115 46 5.09026
115 47 5.09026
115 48 5.09026
115 49 5.09026
115 50 5.09026
115 51 5.09026
115 52 5.09026
115 53 5.09026
115 54 5.09026
115 55 5.09026
115 56 5.09026
115 57 5.09026
115 58 5.09026
115 59 5.09026
115 60 5.09026
115 61 5.09026
115 62 5.09026
115 63 5.09026
115 64 5.09026
115 65 5.09026
115 66 5.09026
115 67 5.09026
115 68 5.09026
115 69 5.09026
115 70 5.09026
115 71 5.09026
115 72 5.09026
115 73 5.09026
115 74 5.09026
115 75 5.09026
115 76 5.09026
115 77 5.09026
115 78 5.09026
115 79 5.09026
115 80 5.09026
115 81 5.09026
115 82 5.09026
115 83 5.09026
115 84 5.09026
115 85 5.09026
115 86 5.09026
115 87 5.09026
115 88 5.09026
115 89 5.09026
115 90 5.09026
115 91 5.09026
115 92 5.09026
115 93 5.09026
115 94 5.09026
115 95 5.09026
115 96 5.09026
115 97 5.09026
115 98 5.09026
115 99 5.14861
115 100 5.2005
115 101 5.40844
115 102 5.43252
115 103 5.45167
115 104 5.47113
115 105 5.52453
115 106 5.62776
115 107 5.63733
115 108 5.64347
115 109 5.66974
115 110 5.66974
115 111 5.76583
115 112 5.78133
115 113 5.86603
115 114 5.88335
115 115 5.88906
115 116 5.88906
115 117 5.88906
115 118 5.89077
115 119 5.94396
115 120 6.02909
115 121 6.02909
115 122 6.03823
115 123 6.0457
115 124 6.05574
115 125 6.13165
115 126 6.16537
115 127 6.17004
115 128 6.27143
115 129 6.28943
115 130 6.2895
115 131 6.3221
115 132 6.33406
115 133 6.35431
115 134 6.36196
115 135 6.37598
115 136 6.39105
115 137 6.40826
115 138 6.55551
115 139 6.55551
115 140 6.57681
115 141 6.63995
115 142 6.66235
115 143 6.71029
115 144 6.818
115 145 6.90898
115 146 6.91418
115 147 6.91688
115 148 6.98572
115 149 6.99576
115 150 7.01604
115 151 7.026
115 152 7.03829
115 153 7.04091
115 154 7.04315
115 155 7.10045
115 156 7.10932
115 157 7.12695
115 158 7.13842
115 159 7.16749
115 160 7.1952
115 161 7.1952
115 162 7.1952
115 163 7.26157
115 164 7.31587
115 165 7.33684
115 166 7.3454
115 167 7.3473
115 168 7.37698
115 169 7.43014
115 170 7.45158
115 171 7.45831
115 172 7.50156
115 173 7.51675
115 174 7.52394
115 175 7.54715
115 176 7.56144
115 177 7.57819
115 178 7.67179
115 179 7.74227
115 180 7.74514
115 181 7.76642
115 182 7.88243
115 183 8.072
115 184 8.07524
115 185 8.0875
115 186 8.13797
115 187 8.17275
115 188 8.21258
115 189 8.3023
115 190 8.32298
115 191 8.34281
115 192 8.36392
115 193 8.38105
115 194 8.62121
115 195 8.91095
115 196 9.04184
115 197 9.06633
115 198 9.6273
115 199 9.81021
116 0 5.09026 1 26 10 11 24 8 9 14 3 16 17 13 6 28 25 5 27 29 19 33 2 21 22 23 32 4 30 7 20 34 15 12 31 18 1 
116 1 5.09026
116 2 5.09026
116 3 5.09026
116 4 5.09026
116 5 5.09026
116 6 5.09026
116 7 5.09026
116 8 5.09026
116 9 5.09026
116 10 5.09026
116 11 5.09026
116 12 5.09026
116 13 5.09026
116 14 5.09026
116 15 5.09026
116 16 5.09026
116 17 5.09026
116 18 5.09026
116 19 5.09026
116 20 5.09026
116 21 5.09026
116 22 5.09026
116 23 5.09026
116 24 5.09026
116 25 5.09026
116 26 5.09026
116 27 5.09026
116 28 5.09026
116 29 5.09026
116 30 5.09026
116 31 5.09026
116 32 5.09026
116 33 5.09026
116 34 5.09026
116 35 5.09026
116 36 5.09026
116 37 5.09026
116 38 5.09026
116 39 5.09026
116 40 5.09026
116 41 5.09026
116 42 5.09026
116 43 5.09026
116 44 5.09026
116 45 5.09026
116 46 5.09026
116 47 5.09026
116 48 5.09026
116 49 5.09026
116 50 5.09026
116 51 5.09026
116 52 5.09026
116 53 5.09026
116 54 5.09026
116 55 5.09026
116 56 5.09026
116 57 5.09026
116 58 5.09026
116 59 5.09026
116 60 5.09026
116 61 5.09026
116 62 5.09026
116 63 5.09026
116 64 5.09026
116 65 5.09026
116 66 5.09026
116 67 5.09026
116 68 5.09026
116 69 5.09026
116 70 5.09026
116 71 5.09026
116 72 5.09026
116 73 5.09026
116 74 5.09026
116 75 5.09026
116 76 5.09026
116 77 5.09026
116 78 5.09026
116 79 5.09026
116 80 5.09026
116 81 5.09026
116 82 5.09026
116 83 5.09026
116 84 5.09026
116 85 5.09026
116 86 5.09026
116 87 5.09026
116 88 5.09026
116 89 5.09026
116 90 5.09026
116 91 5.09026
116 92 5.09026
116 93 5.09026
116 94 5.09026
116 95 5.09026
116 96 5.09026
116 97 5.09026
116 98 5.09026
116 99 5.09026
116 100 5.09026
116 101 5.09026
116 102 5.09026
116 103 5.09026
116 104 5.09026
116 105 5.09026
116 106 5.09026
116 107 5.09026
116 108 5.09026
116 109 5.09026
116 110 5.09026
116 111 5.09026
116 112 5.09026
116 113 5.09026
116 114 5.09026
116 115 5.09026
116 116 5.09026
116 117 5.09026
116 118 5.34121
116 119 5.39302
116 120 5.40844
116 121 5.45167
116 122 5.47113
116 123 5.505
116 124 5.52453
116 125 5.53048
116 126 5.66974
116 127 5.84046
116 128 5.86956
116 129 5.88335
116 130 5.88906
116 131 5.89925
116 132 5.92889
116 133 5.95519
116 134 6.05574
116 135 6.12797
116 136 6.13165
116 137 6.13165
116 138 6.23266
116 139 6.24566
116 140 6.25472
116 141 6.27326
116 142 6.30739
116 143 6.34898
116 144 6.36196
116 145 6.38988
116 146 6.40789
116 147 6.43519
116 148 6.43801
116 149 6.46142
116 150 6.47286
116 151 6.52794
116 152 6.53615
116 153 6.55558
116 154 6.58075
116 155 6.59607
116 156 6.63115
116 157 6.63995
116 158 6.63995
116 159 6.65021
116 160 6.72066
116 161 6.78008
116 162 6.83938
116 163 6.87267
116 164 6.97128
116 165 6.98572
116 166 6.99015
116 167 7.026
116 168 7.026
116 169 7.03829
116 170 7.10499
116 171 7.10932
116 172 7.1553
116 173 7.231
116 174 7.24856
116 175 7.31794
116 176 7.36345
116 177 7.43476
116 178 7.47309
116 179 7.55906
116 180 7.57819
116 181 7.59921
116 182 7.71265
116 183 7.71871
116 184 7.78364
116 185 7.88921
116 186 7.96566
116 187 7.97555
116 188 7.99746
116 189 8.06146
116 190 8.06688
116 191 8.1129
116 192 8.50001
116 193 8.59246
116 194 8.76587
116 195 9.12269
116 196 9.52935
116 197 9.6273
116 198 9.67619
116 199 10.3287
117 0 5.09026 1 26 10 11 24 8 9 14 3 16 17 13 6 28 25 5 27 29 19 33 2 21 22 23 32 4 30 7 20 34 15 12 31 18 1 
117 1 5.09026
117 2 5.09026
117 3 5.09026
117 4 5.09026
117 5 5.09026
117 6 5.09026
117 7 5.09026
117 8 5.09026
117 9 5.09026
117 10 5.09026
117 11 5.09026
117 12 5.09026
117 13 5.09026
117 14 5.09026
117 15 5.09026
117 16 5.09026
117 17 5.09026
117 18 5.09026
117 19 5.09026
117 20 5.09026
117 21 5.09026
117 22 5.09026
117 23 5.09026
117 24 5.09026
117 25 5.09026
117 26 5.09026
117 27 5.09026
117 28 5.09026
117 29 5.09026
117 30 5.09026
117 31 5.09026
117 32 5.09026
117 33 5.09026
117 34 5.09026
117 35 5.09026
117 36 5.09026
117 37 5.09026
117 38 5.09026
117 39 5.09026
117 40 5.09026
117 41 5.09026
117 42 5.09026
117 43 5.09026
117 44 5.09026
117 45 5.09026
117 46 5.09026
117 47 5.09026
117 48 5.09026
117 49 5.09026
117 50 5.09026
117 51 5.09026
117 52 5.09026
117 53 5.09026
117 54 5.09026
117 55 5.09026
117 56 5.09026
117 57 5.09026
117 58 5.09026
117 59 5.09026
117 60 5.09026
117 61 5.09026
117 62 5.09026
117 63 5.09026
117 64 5.09026
117 65 5.09026
117 66 5.09026
117 67 5.09026
117 68 5.09026
117 69 5.09026
117 70 5.09026
117 71 5.09026
117 72 5.09026
117 73 5.09026
117 74 5.09026
117 75 5.09026
117 76 5.09026
117 77 5.09026
117 78 5.09026
117 79 5.09026
117 80 5.09026
117 81 5.09026
117 82 5.09026
117 83 5.09026
117 84 5.09026
117 85 5.09026
117 86 5.09026
117 87 5.09026
117 88 5.09026
117 89 5.09026
117 90 5.09026
117 91 5.09026
117 92 5.09026
117 93 5.09026
117 94 5.09026
117 95 5.09026
117 96 5.09026
117 97 5.09026
117 98 5.09026
117 99 5.09026
117 100 5.09026
117 101 5.09026
117 102 5.09026
117 103 5.09026
117 104 5.09026
117 105 5.09115
117 106 5.14861
117 107 5.22625
117 108 5.32697
117 109 5.386
117 110 5.39302
117 111 5.40565
117 112 5.45167
117 113 5.52453
117 114 5.63685
117 115 5.66699
117 116 5.68971
117 117 5.77115
117 118 5.89108
117 119 5.9031
117 120 5.95161
117 121 5.98477
117 122 5.99786
117 123 6.0069
117 124 6.01491
117 125 6.13165
117 126 6.19144
117 127 6.23929
117 128 6.27326
117 129 6.30739
117 130 6.30739
117 131 6.34898
117 132 6.34898
117 133 6.40493
117 134 6.42481
117 135 6.42481
117 136 6.4324
117 137 6.4405
117 138 6.46142
117 139 6.46797
117 140 6.49007
117 141 6.57118
117 142 6.57732
117 143 6.58578
117 144 6.60415
117 145 6.60799
117 146 6.61952
117 147 6.6546
117 148 6.70049
117 149 6.70855
117 150 6.73001
117 151 6.74806
117 152 6.78502
117 153 6.79731
117 154 6.82787
117 155 6.86162
117 156 6.90287
117 157 6.90539
117 158 6.90869
117 159 6.97128
117 160 6.97128
117 161 6.97541
117 162 6.98572
117 163 7.00192
117 164 7.06938
117 165 7.10932
117 166 7.12626
117 167 7.1553
117 168 7.17059
117 169 7.1952
117 170 7.1952
117 171 7.20646
117 172 7.2335
117 173 7.31794
117 174 7.34633
117 175 7.37087
117 176 7.47315
117 177 7.50153
117 178 7.50497
117 179 7.59921
117 180 7.60464
117 181 7.72277
117 182 7.78364
117 183 7.80267
117 184 7.80391
117 185 7.8252
117 186 8.04671
117 187 8.06688
117 188 8.07661
117 189 8.08149
117 190 8.16508
117 191 8.21733
117 192 8.47212
117 193 8.67176
117 194 8.75546
117 195 8.90373
117 196 9.03441
117 197 9.27688
117 198 9.42527
117 199 11.0473
118 0 5.09026 1 26 10 11 24 8 9 14 3 16 17 13 6 28 25 5 27 29 19 33 2 21 22 23 32 4 30 7 20 34 15 12 31 18 1 
118 1 5.09026
118 2 5.09026
118 3 5.09026
118 4 5.09026
118 5 5.09026
118 6 5.09026
118 7 5.09026
118 8 5.09026
118 9 5.09026
118 10 5.09026
118 11 5.09026
118 12 5.09026
118 13 5.09026
118 14 5.09026
118 15 5.09026
118 16 5.09026
118 17 5.09026
118 18 5.09026
118 19 5.09026
118 20 5.09026
118 21 5.09026
118 22 5.09026
118 23 5.09026
118 24 5.09026
118 25 5.09026
118 26 5.09026
118 27 5.09026
118 28 5.09026
118 29 5.09026
118 30 5.09026
118 31 5.09026
118 32 5.09026
118 33 5.09026
118 34 5.09026
118 35 5.09026
118 36 5.09026
118 37 5.09026
118 38 5.09026
118 39 5.09026
118 40 5.09026
118 41 5.09026
118 42 5.09026
118 43 5.09026
118 44 5.09026
118 45 5.09026
118 46 5.09026
118 47 5.09026
118 48 5.09026
118 49 5.09026
118 50 5.09026
118 51 5.09026
118 52 5.09026
118 53 5.09026
118 54 5.09026
118 55 5.09026
118 56 5.09026
118 57 5.09026
118 58 5.09026
118 59 5.09026
118 60 5.09026
118 61 5.09026
118 62 5.09026
118 63 5.09026
118 64 5.09026
118 65 5.09026
118 66 5.09026
118 67 5.09026
118 68 5.09026
118 69 5.09026
118 70 5.09026
118 71 5.09026
118 72 5.09026
118 73 5.09026
118 74 5.09026
118 75 5.09026
118 76 5.09026
118 77 5.09026
118 78 5.09026
118 79 5.09026
118 80 5.09026
118 81 5.09026
118 82 5.09026
118 83 5.09026
118 84 5.09026
118 85 5.09026
118 86 5.09026
118 87 5.09026
118 88 5.09026
118 89 5.09026
118 90 5.09026
118 91 5.09026
118 92 5.09026
118 93 5.09026
118 94 5.09026
118 95 5.09026
118 96 5.09026
118 97 5.09026
118 98 5.09026
118 99 5.09026
118 100 5.09026
118 101 5.09026
118 102 5.09026
118 103 5.19328
118 104 5.25664
118 105 5.30574
118 106 5.31336
118 107 5.32697
118 108 5.35483
118 109 5.38068
118 110 5.386
118 111 5.38741
118 112 5.39302
118 113 5.40565
118 114 5.52329
118 115 5.60395
118 116 5.63685
118 117 5.65996
118 118 5.67876
118 119 5.68971
118 120 5.76669
118 121 5.77115
118 122 5.77115
118 123 5.85296
118 124 5.9031
118 125 5.94058
118 126 5.94073
118 127 5.98352
118 128 6.01491
118 129 6.01491
118 130 6.02825
118 131 6.05445
118 132 6.13047
118 133 6.19557
118 134 6.20737
118 135 6.25258
118 136 6.28915
118 137 6.3402
118 138 6.35431
118 139 6.38416
118 140 6.42178
118 141 6.44572
118 142 6.46142
118 143 6.52028
118 144 6.53905
118 145 6.55086
118 146 6.60415
118 147 6.62622
118 148 6.62919
118 149 6.63986
118 150 6.6546
118 151 6.68345
118 152 6.68369
118 153 6.74863
118 154 6.80808
118 155 6.86189
118 156 6.86558
118 157 6.90287
118 158 6.97541
118 159 7.00192
118 160 7.00192
118 161 7.08334
118 162 7.09375
118 163 7.10499
118 164 7.11808
118 165 7.18995
118 166 7.20646
118 167 7.22422
118 168 7.23941
118 169 7.28264
118 170 7.28768
118 171 7.41609
118 172 7.41743
118 173 7.47315
118 174 7.54599
118 175 7.60535
118 176 7.62319
118 177 7.63074
118 178 7.63833
118 179 7.8148
118 180 7.85999
118 181 7.89415
118 182 7.93151
118 183 7.9852
118 184 8.00795
118 185 8.04671
118 186 8.09176
118 187 8.1538
118 188 8.18256
118 189 8.28838
118 190 8.34043
118 191 8.399
118 192 8.44784
118 193 8.47212
118 194 8.53567
118 195 8.55529
118 196 8.58837
118 197 8.63839
118 198 8.75018
118 199 10.5524
119 0 5.09026 1 26 10 11 24 8 9 14 3 16 17 13 6 28 25 5 27 29 19 33 2 21 22 23 32 4 30 7 20 34 15 12 31 18 1 
119 1 5.09026
119 2 5.09026
119 3 5.09026
119 4 5.09026
119 5 5.09026
119 6 5.09026
119 7 5.09026
119 8 5.09026
119 9 5.09026
119 10 5.09026
119 11 5.09026
119 12 5.09026
119 13 5.09026
119 14 5.09026
119 15 5.09026
119 16 5.09026
119 17 5.09026
119 18 5.09026
119 19 5.09026
119 20 5.09026
119 21 5.09026
119 22 5.09026
119 23 5.09026
119 24 5.09026
119 25 5.09026
119 26 5.09026
119 27 5.09026
119 28 5.09026
119 29 5.09026
119 30 5.09026
119 31 5.09026
119 32 5.09026
119 33 5.09026
119 34 5.09026
119 35 5.09026
119 36 5.09026
119 37 5.09026
119 38 5.09026
119 39 5.09026
119 40 5.09026
119 41 5.09026
119 42 5.09026
119 43 5.09026
119 44 5.09026
119 45 5.09026
119 46 5.09026
119 47 5.09026
119 48 5.09026
119 49 5.09026
119 50 5.09026
119 51 5.09026
119 52 5.09026
119 53 5.09026
119 54 5.09026
119 55 5.09026
119 56 5.09026
119 57 5.09026
119 58 5.09026
119 59 5.09026
119 60 5.09026
119 61 5.09026
119 62 5.09026
119 63 5.09026
119 64 5.09026
119 65 5.09026
119 66 5.09026
119 67 5.09026
119 68 5.09026
119 69 5.09026
119 70 5.09026
119 71 5.09026
119 72 5.09026
119 73 5.09026
119 74 5.09026
119 75 5.09026
119 76 5.09026
119 77 5.09026
119 78 5.09026
119 79 5.09026
119 80 5.09026
119 81 5.09026
119 82 5.09026
119 83 5.09026
119 84 5.09026
119 85 5.09026
119 86 5.09026
119 87 5.09026
119 88 5.09026
119 89 5.09026
119 90 5.09026
119 91 5.09026
119 92 5.09026
119 93 5.09026
119 94 5.09026
119 95 5.09026
119 96 5.09026
119 97 5.09026
119 98 5.09026
119 99 5.09026
119 100 5.09026
119 101 5.09026
119 102 5.09026
119 103 5.09026
119 104 5.09026
119 105 5.09026
119 106 5.09026
119 107 5.09026
119 108 5.09026
119 109 5.25664
119 110 5.25664
119 111 5.25664
119 112 5.26472
119 113 5.2839
119 114 5.30574
119 115 5.3158
119 116 5.33748
119 117 5.38741
119 118 5.40565
119 119 5.4989
119 120 5.67552
119 121 5.77231
119 122 5.91619
119 123 5.94073
119 124 5.9679
119 125 6.02825
119 126 6.02951
119 127 6.03823
119 128 6.04621
119 129 6.14475
119 130 6.16016
119 131 6.17903
119 132 6.22865
119 133 6.23311
119 134 6.2652
119 135 6.28915
119 136 6.34898
119 137 6.35414
119 138 6.36366
119 139 6.40658
119 140 6.41028
119 141 6.41226
119 142 6.41228
119 143 6.46142
119 144 6.46516
119 145 6.49013
119 146 6.50891
119 147 6.53905
119 148 6.57802
119 149 6.60415
119 150 6.60415
119 151 6.64454
119 152 6.69526
119 153 6.74863
119 154 6.79978
119 155 6.80065
119 156 6.8328
119 157 6.86558
119 158 6.90287
119 159 6.97541
119 160 6.99262
119 161 7.00192
119 162 7.00192
119 163 7.00965
119 164 7.11507
119 165 7.13963
119 166 7.16299
119 167 7.18944
119 168 7.20646
119 169 7.20646
119 170 7.26427
119 171 7.39776
119 172 7.51578
119 173 7.52529
119 174 7.54888
119 175 7.63833
119 176 7.65956
119 177 7.7766
119 178 7.77942
119 179 7.93151
119 180 8.17201
119 181 8.19659
119 182 8.28457
119 183 8.31485
119 184 8.399
119 185 8.4314
119 186 8.53567
119 187 8.56966
119 188 8.57673
119 189 8.611
119 190 8.63998
119 191 8.83888
119 192 9.1799
119 193 9.26128
119 194 9.33168
119 195 9.4014
119 196 9.77534
119 197 9.80126
119 198 10.0779
119 199 10.5828
120 0 5.09026 1 26 10 11 24 8 9 14 3 16 17 13 6 28 25 5 27 29 19 33 2 21 22 23 32 4 30 7 20 34 15 12 31 18 1 
120 1 5.09026
120 2 5.09026
120 3 5.09026
120 4 5.09026
120 5 5.09026
120 6 5.09026
120 7 5.09026
120 8 5.09026
120 9 5.09026
120 10 5.09026
120 11 5.09026
120 12 5.09026
120 13 5.09026
120 14 5.09026
120 15 5.09026
120 16 5.09026
120 17 5.09026
120 18 5.09026
120 19 5.09026
120 20 5.09026
120 21 5.09026
120 22 5.09026
120 23 5.09026
120 24 5.09026
120 25 5.09026
120 26 5.09026
120 27 5.09026
120 28 5.09026
120 29 5.09026
120 30 5.09026
120 31 5.09026
120 32 5.09026
120 33 5.09026
120 34 5.09026
120 35 5.09026
120 36 5.09026
120 37 5.09026
120 38 5.09026
120 39 5.09026
120 40 5.09026
120 41 5.09026
120 42 5.09026
120 43 5.09026
120 44 5.09026
120 45 5.09026
120 46 5.09026
120 47 5.09026
120 48 5.09026
120 49 5.09026
120 50 5.09026
120 51 5.09026
120 52 5.09026
120 53 5.09026
120 54 5.09026
120 55 5.09026
120 56 5.09026
120 57 5.09026
120 58 5.09026
120 59 5.09026
120 60 5.09026
120 61 5.09026
120 62 5.09026
120 63 5.09026
120 64 5.09026
120 65 5.09026
120 66 5.09026
120 67 5.09026
120 68 5.09026
120 69 5.09026
120 70 5.09026
120 71 5.09026
120 72 5.09026
120 73 5.09026
120 74 5.09026
120 75 5.09026
120 76 5.09026
120 77 5.09026
120 78 5.09026
120 79 5.09026
120 80 5.09026
120 81 5.09026
120 82 5.09026
120 83 5.09026
120 84 5.09026
120 85 5.09026
120 86 5.09026
120 87 5.09026
120 88 5.09026
120 89 5.09026
120 90 5.09026
120 91 5.09026
120 92 5.09026
120 93 5.09026
120 94 5.09026
120 95 5.09026
120 96 5.09026
120 97 5.09026
120 98 5.09026
120 99 5.09026
120 100 5.09026
120 101 5.09026
120 102 5.09026
120 103 5.09026
120 104 5.09026
120 105 5.09026
120 106 5.09026
120 107 5.09026
120 108 5.09026
120 109 5.09026
120 110 5.09026
120 111 5.09026
120 112 5.25664
120 113 5.25664
120 114 5.30142
120 115 5.30142
120 116 5.40565
120 117 5.40565
120 118 5.4989
120 119 5.50914
120 120 5.60922
120 121 5.64329
120 122 5.74325
120 123 5.75329
120 124 5.83674
120 125 5.88584
120 126 5.955
120 127 5.96572
120 128 6.00392
120 129 6.02825
120 130 6.02825
120 131 6.04721
120 132 6.07512
120 133 6.09343
120 134 6.18095
120 135 6.1847
120 136 6.22003
120 137 6.22594
120 138 6.22594
120 139 6.2652
120 140 6.29056
120 141 6.30739
120 142 6.35414
120 143 6.38653
120 144 6.41973
120 145 6.47699
120 146 6.52608
120 147 6.55965
120 148 6.6028
120 149 6.60415
120 150 6.63979
120 151 6.64248
120 152 6.73733
120 153 6.75334
120 154 6.77332
120 155 6.79273
120 156 6.87887
120 157 6.92252
120 158 6.98706
120 159 7.03436
120 160 7.07919
120 161 7.09643
120 162 7.13001
120 163 7.13196
120 164 7.17407
120 165 7.1952
120 166 7.20622
120 167 7.21991
120 168 7.23474
120 169 7.25756
120 170 7.32344
120 171 7.38265
120 172 7.44222
120 173 7.54888
120 174 7.65624
120 175 7.68686
120 176 7.72381
120 177 7.74514
120 178 7.77942
120 179 7.82822
120 180 8.00436
120 181 8.04681
120 182 8.08092
120 183 8.16653
120 184 8.20849
120 185 8.2138
120 186 8.26296
120 187 8.28457
120 188 8.31363
120 189 8.35659
120 190 8.35691
120 191 8.63998
120 192 8.70347
120 193 8.70352
120 194 9.07314
120 195 9.44524
120 196 9.63143
120 197 9.72818
120 198 11.9478
120 199 12.1976
121 0 5.09026 1 26 10 11 24 8 9 14 3 16 17 13 6 28 25 5 27 29 19 33 2 21 22 23 32 4 30 7 20 34 15 12 31 18 1 
121 1 5.09026
121 2 5.09026
121 3 5.09026
121 4 5.09026
121 5 5.09026
121 6 5.09026
121 7 5.09026
121 8 5.09026
121 9 5.09026
121 10 5.09026
121 11 5.09026
121 12 5.09026
121 13 5.09026
121 14 5.09026
121 15 5.09026
121 16 5.09026
121 17 5.09026
121 18 5.09026
121 19 5.09026
121 20 5.09026
121 21 5.09026
121 22 5.09026
121 23 5.09026
121 24 5.09026
121 25 5.09026
121 26 5.09026
121 27 5.09026
121 28 5.09026
121 29 5.09026
121 30 5.09026
121 31 5.09026
121 32 5.09026
121 33 5.09026
121 34 5.09026
121 35 5.09026
121 36 5.09026
121 37 5.09026
121 38 5.09026
121 39 5.09026
121 40 5.09026
121 41 5.09026
121 42 5.09026
121 43 5.09026
121 44 5.09026
121 45 5.09026
121 46 5.09026
121 47 5.09026
121 48 5.09026
121 49 5.09026
121 50 5.09026
121 51 5.09026
121 52 5.09026
121 53 5.09026
121 54 5.09026
121 55 5.09026
121 56 5.09026
121 57 5.09026
121 58 5.09026
121 59 5.09026
121 60 5.09026
121 61 5.09026
121 62 5.09026
121 63 5.09026
121 64 5.09026
121 65 5.09026
121 66 5.09026
121 67 5.09026
121 68 5.09026
121 69 5.09026
121 70 5.09026
121 71 5.09026
121 72 5.09026
121 73 5.09026
121 74 5.09026
121 75 5.09026
121 76 5.09026
121 77 5.09026
121 78 5.09026
121 79 5.09026
121 80 5.09026
121 81 5.09026
121 82 5.09026
121 83 5.09026
121 84 5.09026
121 85 5.09026
121 86 5.09026
121 87 5.09026
121 88 5.09026
121 89 5.09026
121 90 5.09026
121 91 5.09026
121 92 5.09026
121 93 5.09026
121 94 5.09026
121 95 5.09026
121 96 5.09026
121 97 5.09026
121 98 5.09026
121 99 5.09026
121 100 5.09026
121 101 5.09026
121 102 5.09026
121 103 5.09026
121 104 5.09026
121 105 5.14861
121 106 5.15539
121 107 5.30233
121 108 5.32444
121 109 5.36148
121 110 5.386
121 111 5.38741
121 112 5.44093
121 113 5.46736
121 114 5.4989
121 115 5.4989
121 116 5.52067
121 117 5.59184
121 118 5.67552
121 119 5.68808
121 120 5.7468
121 121 5.79848
121 122 5.82562
121 123 6.09343
121 124 6.1045
121 125 6.17873
121 126 6.19165
121 127 6.19226
121 128 6.19767
121 129 6.20084
121 130 6.22594
121 131 6.22926
121 132 6.25362
121 133 6.2571
121 134 6.25823
121 135 6.25892
121 136 6.26164
121 137 6.29453
121 138 6.33601
121 139 6.34287
121 140 6.39084
121 141 6.40194
121 142 6.41344
121 143 6.42708
121 144 6.43111
121 145 6.44039
121 146 6.4813
121 147 6.52775
121 148 6.53217
121 149 6.584
121 150 6.59954
121 151 6.79273
121 152 6.81979
121 153 6.87269
121 154 6.91217
121 155 6.9177
121 156 6.92815
121 157 6.98308
121 158 7.00132
121 159 7.00683
121 160 7.06528
121 161 7.07373
121 162 7.09643
121 163 7.10499
121 164 7.1911
121 165 7.1952
121 166 7.24022
121 167 7.25756
121 168 7.26659
121 169 7.2861
121 170 7.32344
121 171 7.32412
121 172 7.47904
121 173 7.63412
121 174 7.71291
121 175 7.77554
121 176 7.77942
121 177 7.88788
121 178 7.89189
121 179 7.92776
121 180 7.94795
121 181 7.97729
121 182 8.02668
121 183 8.03431
121 184 8.03892
121 185 8.05995
121 186 8.12644
121 187 8.16508
121 188 8.20849
121 189 8.35691
121 190 8.60361
121 191 8.88138
121 192 8.97152
121 193 9.07314
121 194 9.46386
121 195 9.63143
121 196 10.224
121 197 10.9269
121 198 11.0728
121 199 11.6582
122 0 5.09026 1 26 10 11 24 8 9 14 3 16 17 13 6 28 25 5 27 29 19 33 2 21 22 23 32 4 30 7 20 34 15 12 31 18 1 
122 1 5.09026
122 2 5.09026
122 3 5.09026
122 4 5.09026
122 5 5.09026
122 6 5.09026
122 7 5.09026
122 8 5.09026
122 9 5.09026
122 10 5.09026
122 11 5.09026
122 12 5.09026
122 13 5.09026
122 14 5.09026
122 15 5.09026
122 16 5.09026
122 17 5.09026
122 18 5.09026
122 19 5.09026
122 20 5.09026
122 21 5.09026
122 22 5.09026
122 23 5.09026
122 24 5.09026
122 25 5.09026
122 26 5.09026
122 27 5.09026
122 28 5.09026
122 29 5.09026
122 30 5.09026
122 31 5.09026
122 32 5.09026
122 33 5.09026
122 34 5.09026
122 35 5.09026
122 36 5.09026
122 37 5.09026
122 38 5.09026
122 39 5.09026
122 40 5.09026
122 41 5.09026
122 42 5.09026
122 43 5.09026
122 44 5.09026
122 45 5.09026
122 46 5.09026
122 47 5.09026
122 48 5.09026
122 49 5.09026
122 50 5.09026
122 51 5.09026
122 52 5.09026
122 53 5.09026
122 54 5.09026
122 55 5.09026
122 56 5.09026
122 57 5.09026
122 58 5.09026
122 59 5.09026
122 60 5.09026
122 61 5.09026
122 62 5.09026
122 63 5.09026
122 64 5.09026
122 65 5.09026
122 66 5.09026
122 67 5.09026
122 68 5.09026
122 69 5.09026
122 70 5.09026
122 71 5.09026
122 72 5.09026
122 73 5.09026
122 74 5.09026
122 75 5.09026
122 76 5.09026
122 77 5.09026
122 78 5.09026
122 79 5.09026
122 80 5.09026
122 81 5.09026
122 82 5.09026
122 83 5.09026
122 84 5.09026
122 85 5.09026
122 86 5.09026
122 87 5.09026
122 88 5.09026
122 89 5.09026
122 90 5.09026
122 91 5.09026
122 92 5.09026
122 93 5.09026
122 94 5.09026
122 95 5.09026
122 96 5.09026
122 97 5.09026
122 98 5.09026
122 99 5.09026
122 100 5.09026
122 101 5.09026
122 102 5.09026
122 103 5.13917
122 104 5.14861
122 105 5.25833
122 106 5.30001
122 107 5.30233
122 108 5.386
122 109 5.386
122 110 5.40565
122 111 5.44093
122 112 5.47832
122 113 5.48054
122 114 5.54069
122 115 5.58103
122 116 5.58732
122 117 5.59184
122 118 5.63447
122 119 5.64823
122 120 5.653
122 121 5.79848
122 122 5.8729
122 123 5.94711
122 124 5.9541
122 125 6.00392
122 126 6.1045
122 127 6.11338
122 128 6.11697
122 129 6.14266
122 130 6.15934
122 131 6.15934
122 132 6.17296
122 133 6.17873
122 134 6.19038
122 135 6.21519
122 136 6.22594
122 137 6.26164
122 138 6.26925
122 139 6.29453
122 140 6.30367
122 141 6.32355
122 142 6.32825
122 143 6.39084
122 144 6.41341
122 145 6.41641
122 146 6.49767
122 147 6.62622
122 148 6.71467
122 149 6.71882
122 150 6.75716
122 151 6.75968
122 152 6.77069
122 153 6.79535
122 154 6.81979
122 155 6.81979
122 156 6.82863
122 157 6.85128
122 158 6.87269
122 159 6.91902
122 160 6.96079
122 161 7.00443
122 162 7.03986
122 163 7.05769
122 164 7.06528
122 165 7.14426
122 166 7.19527
122 167 7.23167
122 168 7.35754
122 169 7.38711
122 170 7.46667
122 171 7.48798
122 172 7.55673
122 173 7.708
122 174 7.75549
122 175 7.7766
122 176 7.87947
122 177 7.92776
122 178 7.94795
122 179 7.98522
122 180 7.9862
122 181 8.02484
122 182 8.02547
122 183 8.03986
122 184 8.08149
122 185 8.12242
122 186 8.16508
122 187 8.28634
122 188 8.34512
122 189 8.41263
122 190 8.48511
122 191 8.54921
122 192 8.81094
122 193 8.81594
122 194 9.00535
122 195 9.03437
122 196 9.41301
122 197 10.3961
122 198 11.6582
122 199 12.2723
123 0 5.09026 1 26 10 11 24 8 9 14 3 16 17 13 6 28 25 5 27 29 19 33 2 21 22 23 32 4 30 7 20 34 15 12 31 18 1 
123 1 5.09026
123 2 5.09026
123 3 5.09026
123 4 5.09026
123 5 5.09026
123 6 5.09026
123 7 5.09026
123 8 5.09026
123 9 5.09026
123 10 5.09026
123 11 5.09026
123 12 5.09026
123 13 5.09026
123 14 5.09026
123 15 5.09026
123 16 5.09026
123 17 5.09026
123 18 5.09026
123 19 5.09026
123 20 5.09026
123 21 5.09026
123 22 5.09026
123 23 5.09026
123 24 5.09026
123 25 5.09026
123 26 5.09026
123 27 5.09026
123 28 5.09026
123 29 5.09026
123 30 5.09026
123 31 5.09026
123 32 5.09026
123 33 5.09026
123 34 5.09026
123 35 5.09026
123 36 5.09026
123 37 5.09026
123 38 5.09026
123 39 5.09026
123 40 5.09026
123 41 5.09026
123 42 5.09026
123 43 5.09026
123 44 5.09026
123 45 5.09026
123 46 5.09026
123 47 5.09026
123 48 5.09026
123 49 5.09026
123 50 5.09026
123 51 5.09026
123 52 5.09026
123 53 5.09026
123 54 5.09026
123 55 5.09026
123 56 5.09026
123 57 5.09026
123 58 5.09026
123 59 5.09026
123 60 5.09026
123 61 5.09026
123 62 5.09026
123 63 5.09026
123 64 5.09026
123 65 5.09026
123 66 5.09026
123 67 5.09026
123 68 5.09026
123 69 5.09026
123 70 5.09026
123 71 5.09026
123 72 5.09026
123 73 5.09026
123 74 5.09026
123 75 5.09026
123 76 5.09026
123 77 5.09026
123 78 5.09026
123 79 5.09026
123 80 5.09026
123 81 5.09026
123 82 5.09026
123 83 5.09026
123 84 5.09026
123 85 5.09026
123 86 5.09026
123 87 5.09026
123 88 5.09026
123 89 5.09026
123 90 5.09026
123 91 5.09026
123 92 5.09026
123 93 5.09026
123 94 5.09026
123 95 5.09026
123 96 5.11093
123 97 5.11146
123 98 5.13917
123 99 5.14861
123 100 5.14861
123 101 5.25833
123 102 5.30233
123 103 5.3158
123 104 5.34815
123 105 5.34922
123 106 5.39302
123 107 5.40862
123 108 5.44093
123 109 5.49225
123 110 5.51591
123 111 5.58103
123 112 5.6929
123 113 5.70277
123 114 5.79743
123 115 5.84874
123 116 5.87227
123 117 5.8729
123 118 5.9541
123 119 5.95519
123 120 5.99671
123 121 6.06246
123 122 6.08185
123 123 6.10352
123 124 6.1045
123 125 6.1045
123 126 6.11187
123 127 6.12152
123 128 6.1352
123 129 6.15034
123 130 6.15471
123 131 6.15934
123 132 6.20193
123 133 6.218
123 134 6.22302
123 135 6.23388
123 136 6.30367
123 137 6.30367
123 138 6.31916
123 139 6.35003
123 140 6.35235
123 141 6.41641
123 142 6.44672
123 143 6.45639
123 144 6.47311
123 145 6.51131
123 146 6.51944
123 147 6.53934
123 148 6.55123
123 149 6.57946
123 150 6.61797
123 151 6.63137
123 152 6.64521
123 153 6.67709
123 154 6.71882
123 155 6.74203
123 156 6.75285
123 157 6.75516
123 158 6.81193
123 159 6.82863
123 160 6.8414
123 161 6.84267
123 162 6.88147
123 163 6.90039
123 164 6.99685
123 165 7.04699
123 166 7.05769
123 167 7.05769
123 168 7.09751
123 169 7.10182
123 170 7.21956
123 171 7.35754
123 172 7.37708
123 173 7.42906
123 174 7.49789
123 175 7.75549
123 176 7.83291
123 177 7.83614
123 178 7.86367
123 179 7.89333
123 180 7.92776
123 181 7.97445
123 182 7.9862
123 183 7.9862
123 184 8.03892
123 185 8.03986
123 186 8.05366
123 187 8.23164
123 188 8.28838
123 189 8.41263
123 190 8.57673
123 191 8.6121
123 192 8.97409
123 193 9.0607
123 194 9.32655
123 195 9.54422
123 196 9.6542
123 197 9.68686
123 198 9.97825
123 199 10.3961
124 0 5.09026 1 26 10 11 24 8 9 14 3 16 17 13 6 28 25 5 27 29 19 33 2 21 22 23 32 4 30 7 20 34 15 12 31 18 1 
124 1 5.09026
124 2 5.09026
124 3 5.09026
124 4 5.09026
124 5 5.09026
124 6 5.09026
124 7 5.09026
124 8 5.09026
124 9 5.09026
124 10 5.09026
124 11 5.09026
124 12 5.09026
124 13 5.09026
124 14 5.09026
124 15 5.09026
124 16 5.09026
124 17 5.09026
124 18 5.09026
124 19 5.09026
124 20 5.09026
124 21 5.09026
124 22 5.09026
124 23 5.09026
124 24 5.09026
124 25 5.09026
124 26 5.09026
124 27 5.09026
124 28 5.09026
124 29 5.09026
124 30 5.09026
124 31 5.09026
124 32 5.09026
124 33 5.09026
124 34 5.09026
124 35 5.09026
124 36 5.09026
124 37 5.09026
124 38 5.09026
124 39 5.09026
124 40 5.09026
124 41 5.09026
124 42 5.09026
124 43 5.09026
124 44 5.09026
124 45 5.09026
124 46 5.09026
124 47 5.09026
124 48 5.09026
124 49 5.09026
124 50 5.09026
124 51 5.09026
124 52 5.09026
124 53 5.09026
124 54 5.09026
124 55 5.09026
124 56 5.09026
124 57 5.09026
124 58 5.09026
124 59 5.09026
124 60 5.09026
124 61 5.09026
124 62 5.09026
124 63 5.09026
124 64 5.09026
124 65 5.09026
124 66 5.09026
124 67 5.09026
124 68 5.09026
124 69 5.09026
124 70 5.09026
124 71 5.09026
124 72 5.09026
124 73 5.09026
124 74 5.09026
124 75 5.09026
124 76 5.09026
124 77 5.09026
124 78 5.09026
124 79 5.09026
124 80 5.09026
124 81 5.09026
124 82 5.09026
124 83 5.09026
124 84 5.09026
124 85 5.09026
124 86 5.09026
124 87 5.09026
124 88 5.09026
124 89 5.09026
124 90 5.09026
124 91 5.09026
124 92 5.09026
124 93 5.09026
124 94 5.09026
124 95 5.09026
124 96 5.09026
124 97 5.09026
124 98 5.09026
124 99 5.09026
124 100 5.09026
124 101 5.09026
124 102 5.09026
124 103 5.09026
124 104 5.09026
124 105 5.09026
124 106 5.09026
124 107 5.14861
124 108 5.14861
124 109 5.14861
124 110 5.19328
124 111 5.30233
124 112 5.33304
124 113 5.34815
124 114 5.39302
124 115 5.40089
124 116 5.42918
124 117 5.4323
124 118 5.51591
124 119 5.51739
124 120 5.57206
124 121 5.6149
124 122 5.66015
124 123 5.67617
124 124 5.79743
124 125 5.87227
124 126 5.9454
124 127 5.95092
124 128 5.95519
124 129 6.05548
124 130 6.06246
124 131 6.07531
124 132 6.11248
124 133 6.12035
124 134 6.14672
124 135 6.15123
124 136 6.15588
124 137 6.16729
124 138 6.20193
124 139 6.21036
124 140 6.218
124 141 6.26028
124 142 6.26164
124 143 6.30367
124 144 6.31306
124 145 6.33881
124 146 6.34287
124 147 6.34287
124 148 6.39152
124 149 6.41641
124 150 6.45639
124 151 6.46142
124 152 6.4747
124 153 6.49384
124 154 6.55007
124 155 6.55621
124 156 6.61952
124 157 6.74546
124 158 6.76143
124 159 6.79535
124 160 6.92252
124 161 6.96412
124 162 7.03176
124 163 7.06216
124 164 7.10045
124 165 7.10499
124 166 7.13108
124 167 7.17322
124 168 7.18859
124 169 7.1952
124 170 7.21543
124 171 7.21956
124 172 7.2484
124 173 7.32528
124 174 7.42906
124 175 7.48352
124 176 7.49903
124 177 7.50773
124 178 7.52477
124 179 7.53728
124 180 7.54097
124 181 7.59891
124 182 7.60917
124 183 7.64447
124 184 7.78161
124 185 7.84409
124 186 7.84746
124 187 7.85705
124 188 7.89333
124 189 7.97757
124 190 8.03892
124 191 8.05378
124 192 8.09487
124 193 8.17442
124 194 8.36379
124 195 8.39339
124 196 8.74043
124 197 8.93076
124 198 8.93788
124 199 9.11719
125 0 5.09026 1 26 10 11 24 8 9 14 3 16 17 13 6 28 25 5 27 29 19 33 2 21 22 23 32 4 30 7 20 34 15 12 31 18 1 
125 1 5.09026
125 2 5.09026
125 3 5.09026
125 4 5.09026
125 5 5.09026
125 6 5.09026
125 7 5.09026
125 8 5.09026
125 9 5.09026
125 10 5.09026
125 11 5.09026
125 12 5.09026
125 13 5.09026
125 14 5.09026
125 15 5.09026
125 16 5.09026
125 17 5.09026
125 18 5.09026
125 19 5.09026
125 20 5.09026
125 21 5.09026
125 22 5.09026
125 23 5.09026
125 24 5.09026
125 25 5.09026
125 26 5.09026
125 27 5.09026
125 28 5.09026
125 29 5.09026
125 30 5.09026
125 31 5.09026
125 32 5.09026
125 33 5.09026
125 34 5.09026
125 35 5.09026
125 36 5.09026
125 37 5.09026
125 38 5.09026
125 39 5.09026
125 40 5.09026
125 41 5.09026
125 42 5.09026
125 43 5.09026
125 44 5.09026
125 45 5.09026
125 46 5.09026
125 47 5.09026
125 48 5.09026
125 49 5.09026
125 50 5.09026
125 51 5.09026
125 52 5.09026
125 53 5.09026
125 54 5.09026
125 55 5.09026
125 56 5.09026
125 57 5.09026
125 58 5.09026
125 59 5.09026
125 60 5.09026
125 61 5.09026
125 62 5.09026
125 63 5.09026
125 64 5.09026
125 65 5.09026
125 66 5.09026
125 67 5.09026
125 68 5.09026
125 69 5.09026
125 70 5.09026
125 71 5.09026
125 72 5.09026
125 73 5.09026
125 74 5.09026
125 75 5.09026
125 76 5.09026
125 77 5.09026
125 78 5.09026
125 79 5.09026
125 80 5.09026
125 81 5.09026
125 82 5.09026
125 83 5.09026
125 84 5.09026
125 85 5.09026
125 86 5.09026
125 87 5.09026
125 88 5.09026
125 89 5.09026
125 90 5.09026
125 91 5.09026
125 92 5.09026
125 93 5.09026
125 94 5.09026
125 95 5.09026
125 96 5.09026
125 97 5.09026
125 98 5.09026
125 99 5.09026
125 100 5.09026
125 101 5.09026
125 102 5.09026
125 103 5.09026
125 104 5.09026
125 105 5.09026
125 106 5.09026
125 107 5.09026
125 108 5.14861
125 109 5.14861
125 110 5.16021
125 111 5.31336
125 112 5.33304
125 113 5.33304
125 114 5.37681
125 115 5.38741
125 116 5.39302
125 117 5.39302
125 118 5.43252
125 119 5.46736
125 120 5.47828
125 121 5.52016
125 122 5.55899
125 123 5.63685
125 124 5.67876
125 125 5.72554
125 126 5.76583
125 127 5.76958
125 128 5.77839
125 129 5.79743
125 130 5.80862
125 131 5.85631
125 132 5.94013
125 133 5.9679
125 134 5.98939
125 135 6.01289
125 136 6.01709
125 137 6.07531
125 138 6.14545
125 139 6.16729
125 140 6.16808
125 141 6.21036
125 142 6.21036
125 143 6.24884
125 144 6.26164
125 145 6.32051
125 146 6.32252
125 147 6.33041
125 148 6.34636
125 149 6.35414
125 150 6.41387
125 151 6.47102
125 152 6.48263
125 153 6.49384
125 154 6.4974
125 155 6.53649
125 156 6.55142
125 157 6.58228
125 158 6.6067
125 159 6.63195
125 160 6.70033
125 161 6.75379
125 162 6.76274
125 163 6.77647
125 164 6.79852
125 165 6.89117
125 166 6.89264
125 167 6.91828
125 168 7.10499
125 169 7.12996
125 170 7.13108
125 171 7.17059
125 172 7.17812
125 173 7.18061
125 174 7.21956
125 175 7.23402
125 176 7.25808
125 177 7.34053
125 178 7.41631
125 179 7.49903
125 180 7.50357
125 181 7.53758
125 182 7.57035
125 183 7.57082
125 184 7.5711
125 185 7.68975
125 186 7.74396
125 187 7.83452
125 188 7.84746
125 189 7.89333
125 190 8.00104
125 191 8.08738
125 192 8.09176
125 193 8.28338
125 194 8.32298
125 195 8.43468
125 196 8.86024
125 197 9.11719
125 198 9.85219
125 199 10.1379
126 0 5.09026 1 26 10 11 24 8 9 14 3 16 17 13 6 28 25 5 27 29 19 33 2 21 22 23 32 4 30 7 20 34 15 12 31 18 1 
126 1 5.09026
126 2 5.09026
126 3 5.09026
126 4 5.09026
126 5 5.09026
126 6 5.09026
126 7 5.09026
126 8 5.09026
126 9 5.09026
126 10 5.09026
126 11 5.09026
126 12 5.09026
126 13 5.09026
126 14 5.09026
126 15 5.09026
126 16 5.09026
126 17 5.09026
126 18 5.09026
126 19 5.09026
126 20 5.09026
126 21 5.09026
126 22 5.09026
126 23 5.09026
126 24 5.09026
126 25 5.09026
126 26 5.09026
126 27 5.09026
126 28 5.09026
126 29 5.09026
126 30 5.09026
126 31 5.09026
126 32 5.09026
126 33 5.09026
126 34 5.09026
126 35 5.09026
126 36 5.09026
126 37 5.09026
126 38 5.09026
126 39 5.09026
126 40 5.09026
126 41 5.09026
126 42 5.09026
126 43 5.09026
126 44 5.09026
126 45 5.09026
126 46 5.09026
126 47 5.09026
126 48 5.09026
126 49 5.09026
126 50 5.09026
126 51 5.09026
126 52 5.09026
126 53 5.09026
126 54 5.09026
126 55 5.09026
126 56 5.09026
126 57 5.09026
126 58 5.09026
126 59 5.09026
126 60 5.09026
126 61 5.09026
126 62 5.09026
126 63 5.09026
126 64 5.09026
126 65 5.09026
126 66 5.09026
126 67 5.09026
126 68 5.09026
126 69 5.09026
126 70 5.09026
126 71 5.09026
126 72 5.09026
126 73 5.09026
126 74 5.09026
126 75 5.09026
126 76 5.09026
126 77 5.09026
126 78 5.09026
126 79 5.09026
126 80 5.09026
126 81 5.09026
126 82 5.09026
126 83 5.09026
126 84 5.09026
126 85 5.09026
126 86 5.09026
126 87 5.09026
126 88 5.09026
126 89 5.09026
126 90 5.09026
126 91 5.09026
126 92 5.09026
126 93 5.09026
126 94 5.09026
126 95 5.09026
126 96 5.09026
126 97 5.09026
126 98 5.09026
126 99 5.09026
126 100 5.09026
126 101 5.09026
126 102 5.09026
126 103 5.09026
126 104 5.14861
126 105 5.16021
126 106 5.16021
126 107 5.23002
126 108 5.2942
126 109 5.30233
126 110 5.33748
126 111 5.37681
126 112 5.38741
126 113 5.39302
126 114 5.43252
126 115 5.43252
126 116 5.52474
126 117 5.55899
126 118 5.60733
126 119 5.63464
126 120 5.63762
126 121 5.73836
126 122 5.76958
126 123 5.79093
126 124 5.86553
126 125 5.87818
126 126 5.89451
126 127 5.9031
126 128 5.9335
126 129 6.01709
126 130 6.01709
126 131 6.03345
126 132 6.07444
126 133 6.14459
126 134 6.15414
126 135 6.26164
126 136 6.26164
126 137 6.26164
126 138 6.30576
126 139 6.34328
126 140 6.34485
126 141 6.35414
126 142 6.41387
126 143 6.41641
126 144 6.41859
126 145 6.42015
126 146 6.45261
126 147 6.47888
126 148 6.47973
126 149 6.52176
126 150 6.53123
126 151 6.54217
126 152 6.56915
126 153 6.60148
126 154 6.60963
126 155 6.61945
126 156 6.62622
126 157 6.64217
126 158 6.68176
126 159 6.69526
126 160 6.70117
126 161 6.75379
126 162 6.82128
126 163 6.85014
126 164 6.89117
126 165 7.00965
126 166 7.04079
126 167 7.08561
126 168 7.10499
126 169 7.12695
126 170 7.13904
126 171 7.18003
126 172 7.28943
126 173 7.3723
126 174 7.49903
126 175 7.57082
126 176 7.57398
126 177 7.61386
126 178 7.68261
126 179 7.70343
126 180 7.72081
126 181 7.73654
126 182 7.7766
126 183 7.8167
126 184 7.90237
126 185 7.98297
126 186 8.08738
126 187 8.17943
126 188 8.33518
126 189 8.69953
126 190 8.86807
126 191 8.94533
126 192 9.0979
126 193 9.37311
126 194 9.60249
126 195 9.70442
126 196 9.9771
126 197 10.2576
126 198 10.6814
126 199 10.7355
127 0 5.09026 1 26 10 11 24 8 9 14 3 16 17 13 6 28 25 5 27 29 19 33 2 21 22 23 32 4 30 7 20 34 15 12 31 18 1 
127 1 5.09026
127 2 5.09026
127 3 5.09026
127 4 5.09026
127 5 5.09026
127 6 5.09026
127 7 5.09026
127 8 5.09026
127 9 5.09026
127 10 5.09026
127 11 5.09026
127 12 5.09026
127 13 5.09026
127 14 5.09026
127 15 5.09026
127 16 5.09026
127 17 5.09026
127 18 5.09026
127 19 5.09026
127 20 5.09026
127 21 5.09026
127 22 5.09026
127 23 5.09026
127 24 5.09026
127 25 5.09026
127 26 5.09026
127 27 5.09026
127 28 5.09026
127 29 5.09026
127 30 5.09026
127 31 5.09026
127 32 5.09026
127 33 5.09026
127 34 5.09026
127 35 5.09026
127 36 5.09026
127 37 5.09026
127 38 5.09026
127 39 5.09026
127 40 5.09026
127 41 5.09026
127 42 5.09026
127 43 5.09026
127 44 5.09026
127 45 5.09026
127 46 5.09026
127 47 5.09026
127 48 5.09026
127 49 5.09026
127 50 5.09026
127 51 5.09026
127 52 5.09026
127 53 5.09026
127 54 5.09026
127 55 5.09026
127 56 5.09026
127 57 5.09026
127 58 5.09026
127 59 5.09026
127 60 5.09026
127 61 5.09026
127 62 5.09026
127 63 5.09026
127 64 5.09026
127 65 5.09026
127 66 5.09026
127 67 5.09026
127 68 5.09026
127 69 5.09026
127 70 5.09026
127 71 5.09026
127 72 5.09026
127 73 5.09026
127 74 5.09026
127 75 5.09026
127 76 5.09026
127 77 5.09026
127 78 5.09026
127 79 5.09026
127 80 5.09026
127 81 5.09026
127 82 5.09026
127 83 5.09026
127 84 5.09026
127 85 5.09026
127 86 5.09026
127 87 5.09026
127 88 5.09026
127 89 5.09026
127 90 5.09026
127 91 5.09026
127 92 5.09026
127 93 5.09026
127 94 5.09026
127 95 5.09026
127 96 5.09026
127 97 5.09026
127 98 5.09026
127 99 5.09026
127 100 5.09026
127 101 5.09026
127 102 5.09026
127 103 5.09026
127 104 5.09026
127 105 5.09026
127 106 5.09026
127 107 5.09026
127 108 5.09026
127 109 5.09026
127 110 5.09026
127 111 5.09026
127 112 5.09026
127 113 5.09026
127 114 5.14861
127 115 5.16021
127 116 5.2942
127 117 5.32444
127 118 5.34244
127 119 5.37681
127 120 5.41795
127 121 5.48947
127 122 5.55899
127 123 5.60733
127 124 5.76583
127 125 5.76958
127 126 5.76958
127 127 5.78133
127 128 5.80895
127 129 5.86553
127 130 5.86553
127 131 5.91897
127 132 5.93112
127 133 5.93112
127 134 5.9541
127 135 6.03345
127 136 6.07444
127 137 6.13045
127 138 6.15414
127 139 6.20373
127 140 6.21534
127 141 6.30576
127 142 6.30619
127 143 6.37581
127 144 6.40235
127 145 6.41523
127 146 6.42708
127 147 6.43948
127 148 6.49397
127 149 6.53975
127 150 6.5482
127 151 6.58622
127 152 6.65185
127 153 6.71376
127 154 6.72791
127 155 6.81418
127 156 6.8283
127 157 6.84493
127 158 6.84995
127 159 6.86646
127 160 6.94272
127 161 6.94924
127 162 6.97227
127 163 7.01419
127 164 7.10045
127 165 7.13572
127 166 7.1952
127 167 7.25488
127 168 7.25751
127 169 7.36968
127 170 7.36968
127 171 7.49903
127 172 7.53344
127 173 7.54235
127 174 7.55095
127 175 7.56273
127 176 7.59155
127 177 7.59845
127 178 7.63265
127 179 7.67179
127 180 7.81488
127 181 7.8167
127 182 8.04967
127 183 8.08167
127 184 8.10653
127 185 8.27263
127 186 8.32298
127 187 8.33404
127 188 8.49452
127 189 8.57673
127 190 8.69953
127 191 8.73191
127 192 9.00535
127 193 9.1732
127 194 9.20677
127 195 9.37927
127 196 9.60249
127 197 9.75489
127 198 10.2163
127 199 11.9345
128 0 5.09026 1 26 10 11 24 8 9 14 3 16 17 13 6 28 25 5 27 29 19 33 2 21 22 23 32 4 30 7 20 34 15 12 31 18 1 
128 1 5.09026
128 2 5.09026
128 3 5.09026
128 4 5.09026
128 5 5.09026
128 6 5.09026
128 7 5.09026
128 8 5.09026
128 9 5.09026
128 10 5.09026
128 11 5.09026
128 12 5.09026
128 13 5.09026
128 14 5.09026
128 15 5.09026
128 16 5.09026
128 17 5.09026
128 18 5.09026
128 19 5.09026
128 20 5.09026
128 21 5.09026
128 22 5.09026
128 23 5.09026
128 24 5.09026
128 25 5.09026
128 26 5.09026
128 27 5.09026
128 28 5.09026
128 29 5.09026
128 30 5.09026
128 31 5.09026
128 32 5.09026
128 33 5.09026
128 34 5.09026
128 35 5.09026
128 36 5.09026
128 37 5.09026
128 38 5.09026
128 39 5.09026
128 40 5.09026
128 41 5.09026
128 42 5.09026
128 43 5.09026
128 44 5.09026
128 45 5.09026
128 46 5.09026
128 47 5.09026
128 48 5.09026
128 49 5.09026
128 50 5.09026
128 51 5.09026
128 52 5.09026
128 53 5.09026
128 54 5.09026
128 55 5.09026
128 56 5.09026
128 57 5.09026
128 58 5.09026
128 59 5.09026
128 60 5.09026
128 61 5.09026
128 62 5.09026
128 63 5.09026
128 64 5.09026
128 65 5.09026
128 66 5.09026
128 67 5.09026
128 68 5.09026
128 69 5.09026
128 70 5.09026
128 71 5.09026
128 72 5.09026
128 73 5.09026
128 74 5.09026
128 75 5.09026
128 76 5.09026
128 77 5.09026
128 78 5.09026
128 79 5.09026
128 80 5.09026
128 81 5.09026
128 82 5.09026
128 83 5.09026
128 84 5.09026
128 85 5.09026
128 86 5.09026
128 87 5.09026
128 88 5.09026
128 89 5.09026
128 90 5.09026
128 91 5.09026
128 92 5.09026
128 93 5.09026
128 94 5.09026
128 95 5.09026
128 96 5.09026
128 97 5.09026
128 98 5.09026
128 99 5.09026
128 100 5.09026
128 101 5.09026
128 102 5.09026
128 103 5.09026
128 104 5.09026
128 105 5.09026
128 106 5.09026
128 107 5.09764
128 108 5.14861
128 109 5.14861
128 110 5.19328
128 111 5.23002
128 112 5.25115
128 113 5.3158
128 114 5.39302
128 115 5.52164
128 116 5.61127
128 117 5.6149
128 118 5.6394
128 119 5.67239
128 120 5.67552
128 121 5.76958
128 122 5.77688
128 123 5.80108
128 124 5.8188
128 125 5.87579
128 126 5.87891
128 127 5.88787
128 128 5.93112
128 129 5.93112
128 130 5.93357
128 131 5.99189
128 132 6.02558
128 133 6.03345
128 134 6.03435
128 135 6.12032
128 136 6.12335
128 137 6.16808
128 138 6.21534
128 139 6.21534
128 140 6.23496
128 141 6.23988
128 142 6.25479
128 143 6.25793
128 144 6.32355
128 145 6.41344
128 146 6.42708
128 147 6.43801
128 148 6.43899
128 149 6.44125
128 150 6.5419
128 151 6.58622
128 152 6.62586
128 153 6.68448
128 154 6.71108
128 155 6.73001
128 156 6.7826
128 157 6.81193
128 158 6.81418
128 159 6.8283
128 160 6.91525
128 161 6.93155
128 162 6.96152
128 163 6.96412
128 164 6.96627
128 165 7.01455
128 166 7.03305
128 167 7.04734
128 168 7.09375
128 169 7.12793
128 170 7.1553
128 171 7.17531
128 172 7.1952
128 173 7.21169
128 174 7.3535
128 175 7.4658
128 176 7.48352
128 177 7.56273
128 178 7.59155
128 179 7.6027
128 180 7.61379
128 181 7.63456
128 182 7.7097
128 183 7.71701
128 184 7.78686
128 185 7.88601
128 186 7.94132
128 187 7.94722
128 188 8.1441
128 189 8.18059
128 190 8.27263
128 191 8.29521
128 192 8.45805
128 193 8.57673
128 194 8.75166
128 195 9.19429
128 196 9.47021
128 197 9.47527
128 198 10.2183
128 199 11.4417
129 0 5.09026 1 26 10 11 24 8 9 14 3 16 17 13 6 28 25 5 27 29 19 33 2 21 22 23 32 4 30 7 20 34 15 12 31 18 1 
129 1 5.09026
129 2 5.09026
129 3 5.09026
129 4 5.09026
129 5 5.09026
129 6 5.09026
129 7 5.09026
129 8 5.09026
129 9 5.09026
129 10 5.09026
129 11 5.09026
129 12 5.09026
129 13 5.09026
129 14 5.09026
129 15 5.09026
129 16 5.09026
129 17 5.09026
129 18 5.09026
129 19 5.09026
129 20 5.09026
129 21 5.09026
129 22 5.09026
129 23 5.09026
129 24 5.09026
129 25 5.09026
129 26 5.09026
129 27 5.09026
129 28 5.09026
129 29 5.09026
129 30 5.09026
129 31 5.09026
129 32 5.09026
129 33 5.09026
129 34 5.09026
129 35 5.09026
129 36 5.09026
129 37 5.09026
129 38 5.09026
129 39 5.09026
129 40 5.09026
129 41 5.09026
129 42 5.09026
129 43 5.09026
129 44 5.09026
129 45 5.09026
129 46 5.09026
129 47 5.09026
129 48 5.09026
129 49 5.09026
129 50 5.09026
129 51 5.09026
129 52 5.09026
129 53 5.09026
129 54 5.09026
129 55 5.09026
129 56 5.09026
129 57 5.09026
129 58 5.09026
129 59 5.09026
129 60 5.09026
129 61 5.09026
129 62 5.09026
129 63 5.09026
129 64 5.09026
129 65 5.09026
129 66 5.09026
129 67 5.09026
129 68 5.09026
129 69 5.09026
129 70 5.09026
129 71 5.09026
129 72 5.09026
129 73 5.09026
129 74 5.09026
129 75 5.09026
129 76 5.09026
129 77 5.09026
129 78 5.09026
129 79 5.09026
129 80 5.09026
129 81 5.09026
129 82 5.09026
129 83 5.09026
129 84 5.09026
129 85 5.09026
129 86 5.09026
129 87 5.09026
129 88 5.09026
129 89 5.09026
129 90 5.09026
129 91 5.09026
129 92 5.09026
129 93 5.09026
129 94 5.09026
129 95 5.09026
129 96 5.09026
129 97 5.09026
129 98 5.09026
129 99 5.14861
129 100 5.14861
129 101 5.14861
129 102 5.14861
129 103 5.23002
129 104 5.259
129 105 5.3158
129 106 5.34815
129 107 5.34815
129 108 5.39302
129 109 5.39302
129 110 5.47933
129 111 5.6394
129 112 5.6919
129 113 5.69437
129 114 5.74839
129 115 5.76029
129 116 5.77947
129 117 5.8188
129 118 5.83066
129 119 5.86106
129 120 5.87001
129 121 5.88787
129 122 5.88787
129 123 5.92304
129 124 5.96216
129 125 5.98352
129 126 5.98844
129 127 5.99189
129 128 6.00979
129 129 6.04721
129 130 6.16049
129 131 6.16114
129 132 6.21534
129 133 6.23496
129 134 6.24093
129 135 6.25479
129 136 6.28943
129 137 6.32203
129 138 6.33313
129 139 6.43363
129 140 6.43801
129 141 6.4429
129 142 6.44629
129 143 6.46307
129 144 6.47284
129 145 6.4891
129 146 6.64161
129 147 6.65772
129 148 6.72606
129 149 6.73379
129 150 6.75968
129 151 6.81193
129 152 6.87873
129 153 6.88872
129 154 6.93221
129 155 6.96627
129 156 7.03176
129 157 7.06102
129 158 7.08477
129 159 7.13904
129 160 7.17104
129 161 7.18069
129 162 7.19939
129 163 7.21169
129 164 7.27857
129 165 7.29011
129 166 7.29787
129 167 7.36028
129 168 7.41123
129 169 7.42061
129 170 7.46667
129 171 7.51628
129 172 7.6027
129 173 7.64
129 174 7.71701
129 175 7.78195
129 176 8.0292
129 177 8.07385
129 178 8.21497
129 179 8.24001
129 180 8.29469
129 181 8.40275
129 182 8.43457
129 183 8.45919
129 184 8.48945
129 185 8.49344
129 186 8.5134
129 187 8.52883
129 188 8.53731
129 189 8.75166
129 190 8.78441
129 191 8.88714
129 192 9.10107
129 193 9.2171
129 194 9.47021
129 195 9.52072
129 196 9.62587
129 197 10.3647
129 198 10.9667
129 199 11.758
130 0 5.09026 1 26 10 11 24 8 9 14 3 16 17 13 6 28 25 5 27 29 19 33 2 21 22 23 32 4 30 7 20 34 15 12 31 18 1 
130 1 5.09026
130 2 5.09026
130 3 5.09026
130 4 5.09026
130 5 5.09026
130 6 5.09026
130 7 5.09026
130 8 5.09026
130 9 5.09026
130 10 5.09026
130 11 5.09026
130 12 5.09026
130 13 5.09026
130 14 5.09026
130 15 5.09026
130 16 5.09026
130 17 5.09026
130 18 5.09026
130 19 5.09026
130 20 5.09026
130 21 5.09026
130 22 5.09026
130 23 5.09026
130 24 5.09026
130 25 5.09026
130 26 5.09026
130 27 5.09026
130 28 5.09026
130 29 5.09026
130 30 5.09026
130 31 5.09026
130 32 5.09026
130 33 5.09026
130 34 5.09026
130 35 5.09026
130 36 5.09026
130 37 5.09026
130 38 5.09026
130 39 5.09026
130 40 5.09026
130 41 5.09026
130 42 5.09026
130 43 5.09026
130 44 5.09026
130 45 5.09026
130 46 5.09026
130 47 5.09026
130 48 5.09026
130 49 5.09026
130 50 5.09026
130 51 5.09026
130 52 5.09026
130 53 5.09026
130 54 5.09026
130 55 5.09026
130 56 5.09026
130 57 5.09026
130 58 5.09026
130 59 5.09026
130 60 5.09026
130 61 5.09026
130 62 5.09026
130 63 5.09026
130 64 5.09026
130 65 5.09026
130 66 5.09026
130 67 5.09026
130 68 5.09026
130 69 5.09026
130 70 5.09026
130 71 5.09026
130 72 5.09026
130 73 5.09026
130 74 5.09026
130 75 5.09026
130 76 5.09026
130 77 5.09026
130 78 5.09026
130 79 5.09026
130 80 5.09026
130 81 5.09026
130 82 5.09026
130 83 5.09026
130 84 5.09026
130 85 5.09026
130 86 5.09026
130 87 5.09026
130 88 5.09026
130 89 5.09026
130 90 5.09026
130 91 5.09026
130 92 5.09026
130 93 5.09026
130 94 5.09026
130 95 5.09026
130 96 5.09026
130 97 5.09026
130 98 5.09026
130 99 5.09026
130 100 5.09026
130 101 5.09026
130 102 5.09026
130 103 5.09026
130 104 5.09026
130 105 5.09026
130 106 5.09026
130 107 5.09026
130 108 5.09026
130 109 5.09026
130 110 5.09026
130 111 5.09026
130 112 5.09026
130 113 5.09026
130 114 5.09026
130 115 5.09026
130 116 5.09026
130 117 5.09026
130 118 5.09026
130 119 5.09026
130 120 5.14861
130 121 5.14861
130 122 5.16021
130 123 5.29757
130 124 5.30704
130 125 5.34815
130 126 5.34815
130 127 5.39478
130 128 5.40493
130 129 5.43235
130 130 5.45695
130 131 5.52164
130 132 5.53981
130 133 5.54451
130 134 5.54658
130 135 5.57864
130 136 5.64075
130 137 5.6919
130 138 5.74412
130 139 5.75225
130 140 5.77115
130 141 5.77947
130 142 5.80966
130 143 5.82373
130 144 5.87388
130 145 5.88787
130 146 5.98408
130 147 6.04578
130 148 6.16114
130 149 6.17873
130 150 6.1847
130 151 6.28222
130 152 6.28943
130 153 6.44206
130 154 6.4429
130 155 6.49084
130 156 6.53649
130 157 6.5637
130 158 6.58777
130 159 6.5961
130 160 6.62729
130 161 6.67459
130 162 6.70168
130 163 6.75334
130 164 6.78639
130 165 6.78683
130 166 6.81979
130 167 6.82426
130 168 6.84336
130 169 6.93611
130 170 7.07373
130 171 7.18644
130 172 7.21764
130 173 7.2312
130 174 7.24888
130 175 7.26107
130 176 7.33126
130 177 7.42061
130 178 7.46667
130 179 7.48352
130 180 7.4918
130 181 7.5483
130 182 7.6027
130 183 7.71605
130 184 7.76465
130 185 7.90617
130 186 8.33771
130 187 8.42243
130 188 8.42858
130 189 8.49344
130 190 8.91928
130 191 8.98256
130 192 9.10107
130 193 9.16156
130 194 9.2925
130 195 9.38497
130 196 9.83722
130 197 9.85626
130 198 10.3647
130 199 10.6454
131 0 5.09026 1 26 10 11 24 8 9 14 3 16 17 13 6 28 25 5 27 29 19 33 2 21 22 23 32 4 30 7 20 34 15 12 31 18 1 
131 1 5.09026
131 2 5.09026
131 3 5.09026
131 4 5.09026
131 5 5.09026
131 6 5.09026
131 7 5.09026
131 8 5.09026
131 9 5.09026
131 10 5.09026
131 11 5.09026
131 12 5.09026
131 13 5.09026
131 14 5.09026
131 15 5.09026
131 16 5.09026
131 17 5.09026
131 18 5.09026
131 19 5.09026
131 20 5.09026
131 21 5.09026
131 22 5.09026
131 23 5.09026
131 24 5.09026
131 25 5.09026
131 26 5.09026
131 27 5.09026
131 28 5.09026
131 29 5.09026
131 30 5.09026
131 31 5.09026
131 32 5.09026
131 33 5.09026
131 34 5.09026
131 35 5.09026
131 36 5.09026
131 37 5.09026
131 38 5.09026
131 39 5.09026
131 40 5.09026
131 41 5.09026
131 42 5.09026
131 43 5.09026
131 44 5.09026
131 45 5.09026
131 46 5.09026
131 47 5.09026
131 48 5.09026
131 49 5.09026
131 50 5.09026
131 51 5.09026
131 52 5.09026
131 53 5.09026
131 54 5.09026
131 55 5.09026
131 56 5.09026
131 57 5.09026
131 58 5.09026
131 59 5.09026
131 60 5.09026
131 61 5.09026
131 62 5.09026
131 63 5.09026
131 64 5.09026
131 65 5.09026
131 66 5.09026
131 67 5.09026
131 68 5.09026
131 69 5.09026
131 70 5.09026
131 71 5.09026
131 72 5.09026
131 73 5.09026
131 74 5.09026
131 75 5.09026
131 76 5.09026
131 77 5.09026
131 78 5.09026
131 79 5.09026
131 80 5.09026
131 81 5.09026
131 82 5.09026
131 83 5.09026
131 84 5.09026
131 85 5.09026
131 86 5.09026
131 87 5.09026
131 88 5.09026
131 89 5.09026
131 90 5.09026
131 91 5.09026
131 92 5.09026
131 93 5.09026
131 94 5.09026
131 95 5.09026
131 96 5.09026
131 97 5.09026
131 98 5.09026
131 99 5.09026
131 100 5.09026
131 101 5.09026
131 102 5.09026
131 103 5.09026
131 104 5.09026
131 105 5.09026
131 106 5.09026
131 107 5.09849
131 108 5.11093
131 109 5.14861
131 110 5.19328
131 111 5.26942
131 112 5.29757
131 113 5.30704
131 114 5.34244
131 115 5.38374
131 116 5.4092
131 117 5.45695
131 118 5.4698
131 119 5.48955
131 120 5.52164
131 121 5.59864
131 122 5.59864
131 123 5.64075
131 124 5.64778
131 125 5.7125
131 126 5.75225
131 127 5.80966
131 128 5.82373
131 129 5.85216
131 130 5.94013
131 131 5.9889
131 132 6.01491
131 133 6.02819
131 134 6.03184
131 135 6.03915
131 136 6.06053
131 137 6.16969
131 138 6.17873
131 139 6.24495
131 140 6.26814
131 141 6.28943
131 142 6.31672
131 143 6.43793
131 144 6.4404
131 145 6.45176
131 146 6.46695
131 147 6.49084
131 148 6.49506
131 149 6.53791
131 150 6.62171
131 151 6.66196
131 152 6.67246
131 153 6.68219
131 154 6.71566
131 155 6.78639
131 156 6.81979
131 157 6.81979
131 158 6.87435
131 159 6.88147
131 160 6.94005
131 161 7.01364
131 162 7.03992
131 163 7.07126
131 164 7.09301
131 165 7.13431
131 166 7.15428
131 167 7.1932
131 168 7.21764
131 169 7.23909
131 170 7.24888
131 171 7.28805
131 172 7.32323
131 173 7.42061
131 174 7.48352
131 175 7.57708
131 176 7.76318
131 177 7.76413
131 178 7.78795
131 179 7.81282
131 180 7.94713
131 181 7.97419
131 182 8.01722
131 183 8.08666
131 184 8.24001
131 185 8.30619
131 186 8.34498
131 187 8.42858
131 188 8.54037
131 189 8.66459
131 190 8.70802
131 191 8.85241
131 192 8.89549
131 193 8.96203
131 194 8.96418
131 195 9.06689
131 196 9.25844
131 197 9.65787
131 198 10.1483
131 199 12.4631
132 0 5.09026 1 26 10 11 24 8 9 14 3 16 17 13 6 28 25 5 27 29 19 33 2 21 22 23 32 4 30 7 20 34 15 12 31 18 1 
132 1 5.09026
132 2 5.09026
132 3 5.09026
132 4 5.09026
132 5 5.09026
132 6 5.09026
132 7 5.09026
132 8 5.09026
132 9 5.09026
132 10 5.09026
132 11 5.09026
132 12 5.09026
132 13 5.09026
132 14 5.09026
132 15 5.09026
132 16 5.09026
132 17 5.09026
132 18 5.09026
132 19 5.09026
132 20 5.09026
132 21 5.09026
132 22 5.09026
132 23 5.09026
132 24 5.09026
132 25 5.09026
132 26 5.09026
132 27 5.09026
132 28 5.09026
132 29 5.09026
132 30 5.09026
132 31 5.09026
132 32 5.09026
132 33 5.09026
132 34 5.09026
132 35 5.09026
132 36 5.09026
132 37 5.09026
132 38 5.09026
132 39 5.09026
132 40 5.09026
132 41 5.09026
132 42 5.09026
132 43 5.09026
132 44 5.09026
132 45 5.09026
132 46 5.09026
132 47 5.09026
132 48 5.09026
132 49 5.09026
132 50 5.09026
132 51 5.09026
132 52 5.09026
132 53 5.09026
132 54 5.09026
132 55 5.09026
132 56 5.09026
132 57 5.09026
132 58 5.09026
132 59 5.09026
132 60 5.09026
132 61 5.09026
132 62 5.09026
132 63 5.09026
132 64 5.09026
132 65 5.09026
132 66 5.09026
132 67 5.09026
132 68 5.09026
132 69 5.09026
132 70 5.09026
132 71 5.09026
132 72 5.09026
132 73 5.09026
132 74 5.09026
132 75 5.09026
132 76 5.09026
132 77 5.09026
132 78 5.09026
132 79 5.09026
132 80 5.09026
132 81 5.09026
132 82 5.09026
132 83 5.09026
132 84 5.09026
132 85 5.09026
132 86 5.09026
132 87 5.09026
132 88 5.09026
132 89 5.09026
132 90 5.09026
132 91 5.09026
132 92 5.09026
132 93 5.09026
132 94 5.09026
132 95 5.09026
132 96 5.09026
132 97 5.09026
132 98 5.09026
132 99 5.09026
132 100 5.09764
132 101 5.11093
132 102 5.12456
132 103 5.24731
132 104 5.29757
132 105 5.31334
132 106 5.3158
132 107 5.35483
132 108 5.38814
132 109 5.43235
132 110 5.4405
132 111 5.4429
132 112 5.4698
132 113 5.48955
132 114 5.59864
132 115 5.64075
132 116 5.70275
132 117 5.76225
132 118 5.82153
132 119 5.83817
132 120 5.86553
132 121 5.87147
132 122 5.88196
132 123 5.95046
132 124 5.96285
132 125 5.9992
132 126 6.00123
132 127 6.00392
132 128 6.01571
132 129 6.06773
132 130 6.06937
132 131 6.08244
132 132 6.12736
132 133 6.14348
132 134 6.15414
132 135 6.16969
132 136 6.1847
132 137 6.21023
132 138 6.2486
132 139 6.31672
132 140 6.32984
132 141 6.33585
132 142 6.43111
132 143 6.44328
132 144 6.44569
132 145 6.46695
132 146 6.54502
132 147 6.55288
132 148 6.56895
132 149 6.60906
132 150 6.62171
132 151 6.6769
132 152 6.68345
132 153 6.72988
132 154 6.73231
132 155 6.74993
132 156 6.81979
132 157 6.85325
132 158 6.87623
132 159 6.88312
132 160 6.92037
132 161 6.93923
132 162 6.94109
132 163 6.97644
132 164 7.03992
132 165 7.03992
132 166 7.10075
132 167 7.13696
132 168 7.1478
132 169 7.21764
132 170 7.26482
132 171 7.32002
132 172 7.42061
132 173 7.44998
132 174 7.52209
132 175 7.57708
132 176 7.63477
132 177 7.81282
132 178 7.8791
132 179 7.90127
132 180 7.98397
132 181 8.01722
132 182 8.02391
132 183 8.04063
132 184 8.08666
132 185 8.12171
132 186 8.15343
132 187 8.16125
132 188 8.16371
132 189 8.26252
132 190 8.30943
132 191 8.3476
132 192 8.40342
132 193 8.41185
132 194 8.85241
132 195 9.23617
132 196 9.37237
132 197 9.70598
132 198 10.0971
132 199 12.9134
133 0 5.09026 1 26 10 11 24 8 9 14 3 16 17 13 6 28 25 5 27 29 19 33 2 21 22 23 32 4 30 7 20 34 15 12 31 18 1 
133 1 5.09026
133 2 5.09026
133 3 5.09026
133 4 5.09026
133 5 5.09026
133 6 5.09026
133 7 5.09026
133 8 5.09026
133 9 5.09026
133 10 5.09026
133 11 5.09026
133 12 5.09026
133 13 5.09026
133 14 5.09026
133 15 5.09026
133 16 5.09026
133 17 5.09026
133 18 5.09026
133 19 5.09026
133 20 5.09026
133 21 5.09026
133 22 5.09026
133 23 5.09026
133 24 5.09026
133 25 5.09026
133 26 5.09026
133 27 5.09026
133 28 5.09026
133 29 5.09026
133 30 5.09026
133 31 5.09026
133 32 5.09026
133 33 5.09026
133 34 5.09026
133 35 5.09026
133 36 5.09026
133 37 5.09026
133 38 5.09026
133 39 5.09026
133 40 5.09026
133 41 5.09026
133 42 5.09026
133 43 5.09026
133 44 5.09026
133 45 5.09026
133 46 5.09026
133 47 5.09026
133 48 5.09026
133 49 5.09026
133 50 5.09026
133 51 5.09026
133 52 5.09026
133 53 5.09026
133 54 5.09026
133 55 5.09026
133 56 5.09026
133 57 5.09026
133 58 5.09026
133 59 5.09026
133 60 5.09026
133 61 5.09026
133 62 5.09026
133 63 5.09026
133 64 5.09026
133 65 5.09026
133 66 5.09026
133 67 5.09026
133 68 5.09026
133 69 5.09026
133 70 5.09026
133 71 5.09026
133 72 5.09026
133 73 5.09026
133 74 5.09026
133 75 5.09026
133 76 5.09026
133 77 5.09026
133 78 5.09026
133 79 5.09026
133 80 5.09026
133 81 5.09026
133 82 5.09026
133 83 5.09026
133 84 5.09026
133 85 5.09026
133 86 5.09026
133 87 5.09026
133 88 5.09026
133 89 5.09026
133 90 5.09026
133 91 5.09026
133 92 5.09026
133 93 5.09026
133 94 5.09026
133 95 5.09026
133 96 5.09026
133 97 5.09026
133 98 5.09411
133 99 5.09585
133 100 5.09764
133 101 5.09764
133 102 5.12456
133 103 5.12456
133 104 5.1453
133 105 5.19328
133 106 5.19328
133 107 5.29757
133 108 5.37681
133 109 5.43235
133 110 5.43794
133 111 5.508
133 112 5.57864
133 113 5.58327
133 114 5.59525
133 115 5.62776
133 116 5.70234
133 117 5.7125
133 118 5.83817
133 119 5.83817
133 120 5.86913
133 121 5.87147
133 122 5.87361
133 123 5.88787
133 124 5.88934
133 125 6.08444
133 126 6.12335
133 127 6.17234
133 128 6.24771
133 129 6.28775
133 130 6.29639
133 131 6.30966
133 132 6.31213
133 133 6.31417
133 134 6.31672
133 135 6.32288
133 136 6.33302
133 137 6.38194
133 138 6.4581
133 139 6.55288
133 140 6.60888
133 141 6.61784
133 142 6.62961
133 143 6.63324
133 144 6.66157
133 145 6.66395
133 146 6.66961
133 147 6.6769
133 148 6.72881
133 149 6.73271
133 150 6.73306
133 151 6.73475
133 152 6.77647
133 153 6.79373
133 154 6.79618
133 155 6.87589
133 156 6.90634
133 157 6.90653
133 158 6.94109
133 159 6.97644
133 160 6.99977
133 161 7.03301
133 162 7.07898
133 163 7.10045
133 164 7.10075
133 165 7.14316
133 166 7.1478
133 167 7.15201
133 168 7.18995
133 169 7.1952
133 170 7.25807
133 171 7.26302
133 172 7.28677
133 173 7.3052
133 174 7.36928
133 175 7.38711
133 176 7.66217
133 177 7.68807
133 178 7.76728
133 179 7.7766
133 180 7.85422
133 181 7.90127
133 182 7.90414
133 183 7.90649
133 184 7.9397
133 185 7.95261
133 186 8.30943
133 187 8.37015
133 188 8.57634
133 189 8.59333
133 190 8.82468
133 191 8.83333
133 192 8.85241
133 193 8.87987
133 194 8.99766
133 195 9.29713
133 196 9.36988
133 197 9.81654
133 198 10.2008
133 199 10.9112
134 0 5.09026 1 26 10 11 24 8 9 14 3 16 17 13 6 28 25 5 27 29 19 33 2 21 22 23 32 4 30 7 20 34 15 12 31 18 1 
134 1 5.09026
134 2 5.09026
134 3 5.09026
134 4 5.09026
134 5 5.09026
134 6 5.09026
134 7 5.09026
134 8 5.09026
134 9 5.09026
134 10 5.09026
134 11 5.09026
134 12 5.09026
134 13 5.09026
134 14 5.09026
134 15 5.09026
134 16 5.09026
134 17 5.09026
134 18 5.09026
134 19 5.09026
134 20 5.09026
134 21 5.09026
134 22 5.09026
134 23 5.09026
134 24 5.09026
134 25 5.09026
134 26 5.09026
134 27 5.09026
134 28 5.09026
134 29 5.09026
134 30 5.09026
134 31 5.09026
134 32 5.09026
134 33 5.09026
134 34 5.09026
134 35 5.09026
134 36 5.09026
134 37 5.09026
134 38 5.09026
134 39 5.09026
134 40 5.09026
134 41 5.09026
134 42 5.09026
134 43 5.09026
134 44 5.09026
134 45 5.09026
134 46 5.09026
134 47 5.09026
134 48 5.09026
134 49 5.09026
134 50 5.09026
134 51 5.09026
134 52 5.09026
134 53 5.09026
134 54 5.09026
134 55 5.09026
134 56 5.09026
134 57 5.09026
134 58 5.09026
134 59 5.09026
134 60 5.09026
134 61 5.09026
134 62 5.09026
134 63 5.09026
134 64 5.09026
134 65 5.09026
134 66 5.09026
134 67 5.09026
134 68 5.09026
134 69 5.09026
134 70 5.09026
134 71 5.09026
134 72 5.09026
134 73 5.09026
134 74 5.09026
134 75 5.09026
134 76 5.09026
134 77 5.09026
134 78 5.09026
134 79 5.09026
134 80 5.09026
134 81 5.09026
134 82 5.09026
134 83 5.09026
134 84 5.09026
134 85 5.09026
134 86 5.09026
134 87 5.09026
134 88 5.09026
134 89 5.09026
134 90 5.09764
134 91 5.09764
134 92 5.1453
134 93 5.14861
134 94 5.14861
134 95 5.17385
134 96 5.24731
134 97 5.30233
134 98 5.33382
134 99 5.34244
134 100 5.35978
134 101 5.41795
134 102 5.44706
134 103 5.4743
134 104 5.57864
134 105 5.64715
134 106 5.65976
134 107 5.70191
134 108 5.70234
134 109 5.7125
134 110 5.85296
134 111 5.88439
134 112 5.88787
134 113 5.90553
134 114 5.93112
134 115 5.98478
134 116 5.99444
134 117 6.04794
134 118 6.05548
134 119 6.07952
134 120 6.08353
134 121 6.09031
134 122 6.14475
134 123 6.16049
134 124 6.17234
134 125 6.17989
134 126 6.22473
134 127 6.24771
134 128 6.29056
134 129 6.29639
134 130 6.30244
134 131 6.30838
134 132 6.30966
134 133 6.31417
134 134 6.31417
134 135 6.32307
134 136 6.33237
134 137 6.42577
134 138 6.43945
134 139 6.44789
134 140 6.50772
134 141 6.54836
134 142 6.60888
134 143 6.60906
134 144 6.60939
134 145 6.63052
134 146 6.66157
134 147 6.6769
134 148 6.6769
134 149 6.67691
134 150 6.68059
134 151 6.6996
134 152 6.72988
134 153 6.7396
134 154 6.77647
134 155 6.79618
134 156 6.79618
134 157 6.83445
134 158 6.87589
134 159 6.90026
134 160 6.90961
134 161 6.97289
134 162 7.10045
134 163 7.11827
134 164 7.14426
134 165 7.17153
134 166 7.18859
134 167 7.19715
134 168 7.20968
134 169 7.24022
134 170 7.25807
134 171 7.26302
134 172 7.3129
134 173 7.3441
134 174 7.35394
134 175 7.35419
134 176 7.42061
134 177 7.42272
134 178 7.61123
134 179 7.63089
134 180 7.66217
134 181 7.87947
134 182 7.89333
134 183 7.9397
134 184 8.01846
134 185 8.06705
134 186 8.30943
134 187 8.40023
134 188 8.40195
134 189 8.45085
134 190 8.53539
134 191 8.86188
134 192 8.91687
134 193 9.13474
134 194 9.18092
134 195 9.21129
134 196 9.25016
134 197 9.27034
134 198 9.81654
134 199 9.81654
135 0 5.09026 1 26 10 11 24 8 9 14 3 16 17 13 6 28 25 5 27 29 19 33 2 21 22 23 32 4 30 7 20 34 15 12 31 18 1 
135 1 5.09026
135 2 5.09026
135 3 5.09026
135 4 5.09026
135 5 5.09026
135 6 5.09026
135 7 5.09026
135 8 5.09026
135 9 5.09026
135 10 5.09026
135 11 5.09026
135 12 5.09026
135 13 5.09026
135 14 5.09026
135 15 5.09026
135 16 5.09026
135 17 5.09026
135 18 5.09026
135 19 5.09026
135 20 5.09026
135 21 5.09026
135 22 5.09026
135 23 5.09026
135 24 5.09026
135 25 5.09026
135 26 5.09026
135 27 5.09026
135 28 5.09026
135 29 5.09026
135 30 5.09026
135 31 5.09026
135 32 5.09026
135 33 5.09026
135 34 5.09026
135 35 5.09026
135 36 5.09026
135 37 5.09026
135 38 5.09026
135 39 5.09026
135 40 5.09026
135 41 5.09026
135 42 5.09026
135 43 5.09026
135 44 5.09026
135 45 5.09026
135 46 5.09026
135 47 5.09026
135 48 5.09026
135 49 5.09026
135 50 5.09026
135 51 5.09026
135 52 5.09026
135 53 5.09026
135 54 5.09026
135 55 5.09026
135 56 5.09026
135 57 5.09026
135 58 5.09026
135 59 5.09026
135 60 5.09026
135 61 5.09026
135 62 5.09026
135 63 5.09026
135 64 5.09026
135 65 5.09026
135 66 5.09026
135 67 5.09026
135 68 5.09026
135 69 5.09026
135 70 5.09026
135 71 5.09026
135 72 5.09026
135 73 5.09026
135 74 5.09026
135 75 5.09026
135 76 5.09026
135 77 5.09026
135 78 5.09026
135 79 5.09026
135 80 5.09026
135 81 5.09026
135 82 5.09026
135 83 5.09026
135 84 5.09026
135 85 5.09026
135 86 5.093
135 87 5.13917
135 88 5.14861
135 89 5.14861
135 90 5.17385
135 91 5.28246
135 92 5.30142
135 93 5.30233
135 94 5.30233
135 95 5.35978
135 96 5.38056
135 97 5.41795
135 98 5.41795
135 99 5.43252
135 100 5.4743
135 101 5.58327
135 102 5.68884
135 103 5.70234
135 104 5.7125
135 105 5.75329
135 106 5.81196
135 107 5.82143
135 108 5.85296
135 109 5.91697
135 110 5.92889
135 111 5.93706
135 112 5.93998
135 113 5.98478
135 114 5.99444
135 115 5.99755
135 116 6.07544
135 117 6.09031
135 118 6.16049
135 119 6.16083
135 120 6.16964
135 121 6.17989
135 122 6.22148
135 123 6.22802
135 124 6.25793
135 125 6.30244
135 126 6.33237
135 127 6.37227
135 128 6.38169
135 129 6.4194
135 130 6.42432
135 131 6.42577
135 132 6.42771
135 133 6.44789
135 134 6.45583
135 135 6.45645
135 136 6.45978
135 137 6.47216
135 138 6.47311
135 139 6.47915
135 140 6.49397
135 141 6.50146
135 142 6.60939
135 143 6.66959
135 144 6.69723
135 145 6.71939
135 146 6.75173
135 147 6.75328
135 148 6.75616
135 149 6.7852
135 150 6.79618
135 151 6.79618
135 152 6.90961
135 153 6.90961
135 154 6.98706
135 155 6.99195
135 156 6.99426
135 157 7.04404
135 158 7.07945
135 159 7.10801
135 160 7.11177
135 161 7.12432
135 162 7.17153
135 163 7.1952
135 164 7.20095
135 165 7.20699
135 166 7.23167
135 167 7.25807
135 168 7.30165
135 169 7.35419
135 170 7.38711
135 171 7.44223
135 172 7.49279
135 173 7.52253
135 174 7.61191
135 175 7.73323
135 176 7.84587
135 177 7.87356
135 178 7.87947
135 179 7.89333
135 180 7.93151
135 181 8.01846
135 182 8.05634
135 183 8.11778
135 184 8.25892
135 185 8.28199
135 186 8.28389
135 187 8.28838
135 188 8.35691
135 189 8.55809
135 190 9.14818
135 191 9.25016
135 192 9.33551
135 193 9.36397
135 194 9.81654
135 195 9.81654
135 196 9.97819
135 197 10.2545
135 198 10.2833
135 199 12.5051
136 0 5.09026 1 26 10 11 24 8 9 14 3 16 17 13 6 28 25 5 27 29 19 33 2 21 22 23 32 4 30 7 20 34 15 12 31 18 1 
136 1 5.09026
136 2 5.09026
136 3 5.09026
136 4 5.09026
136 5 5.09026
136 6 5.09026
136 7 5.09026
136 8 5.09026
136 9 5.09026
136 10 5.09026
136 11 5.09026
136 12 5.09026
136 13 5.09026
136 14 5.09026
136 15 5.09026
136 16 5.09026
136 17 5.09026
136 18 5.09026
136 19 5.09026
136 20 5.09026
136 21 5.09026
136 22 5.09026
136 23 5.09026
136 24 5.09026
136 25 5.09026
136 26 5.09026
136 27 5.09026
136 28 5.09026
136 29 5.09026
136 30 5.09026
136 31 5.09026
136 32 5.09026
136 33 5.09026
136 34 5.09026
136 35 5.09026
136 36 5.09026
136 37 5.09026
136 38 5.09026
136 39 5.09026
136 40 5.09026
136 41 5.09026
136 42 5.09026
136 43 5.09026
136 44 5.09026
136 45 5.09026
136 46 5.09026
136 47 5.09026
136 48 5.09026
136 49 5.09026
136 50 5.09026
136 51 5.09026
136 52 5.09026
136 53 5.09026
136 54 5.09026
136 55 5.09026
136 56 5.09026
136 57 5.09026
136 58 5.09026
136 59 5.09026
136 60 5.09026
136 61 5.09026
136 62 5.09026
136 63 5.09026
136 64 5.09026
136 65 5.09026
136 66 5.09026
136 67 5.09026
136 68 5.09026
136 69 5.09026
136 70 5.09026
136 71 5.09026
136 72 5.09026
136 73 5.09026
136 74 5.09026
136 75 5.09026
136 76 5.09026
136 77 5.09026
136 78 5.09026
136 79 5.09026
136 80 5.09026
136 81 5.09026
136 82 5.09026
136 83 5.09026
136 84 5.09026
136 85 5.09026
136 86 5.09026
136 87 5.09026
136 88 5.09026
136 89 5.093
136 90 5.14861
136 91 5.24731
136 92 5.28246
136 93 5.3256
136 94 5.32633
136 95 5.34244
136 96 5.35978
136 97 5.38056
136 98 5.38056
136 99 5.38068
136 100 5.39302
136 101 5.40565
136 102 5.41795
136 103 5.43252
136 104 5.58327
136 105 5.59525
136 106 5.64823
136 107 5.67552
136 108 5.68884
136 109 5.6929
136 110 5.70234
136 111 5.75329
136 112 5.78461
136 113 5.82143
136 114 5.82143
136 115 5.93706
136 116 5.94655
136 117 5.96285
136 118 5.98771
136 119 6.02763
136 120 6.02763
136 121 6.02909
136 122 6.07952
136 123 6.10553
136 124 6.16083
136 125 6.16964
136 126 6.2009
136 127 6.22658
136 128 6.24351
136 129 6.24771
136 130 6.2613
136 131 6.27844
136 132 6.43519
136 133 6.47216
136 134 6.48613
136 135 6.49397
136 136 6.50146
136 137 6.53478
136 138 6.5379
136 139 6.60939
136 140 6.62796
136 141 6.63662
136 142 6.66959
136 143 6.67795
136 144 6.70983
136 145 6.73807
136 146 6.75328
136 147 6.75616
136 148 6.76631
136 149 6.77696
136 150 6.7852
136 151 6.79318
136 152 6.80099
136 153 6.83279
136 154 6.86692
136 155 6.88655
136 156 6.90061
136 157 6.90961
136 158 6.91471
136 159 6.93661
136 160 6.98192
136 161 7.01086
136 162 7.05524
136 163 7.12432
136 164 7.1952
136 165 7.23402
136 166 7.26815
136 167 7.29095
136 168 7.305
136 169 7.41176
136 170 7.45531
136 171 7.80121
136 172 7.82838
136 173 7.88386
136 174 7.90181
136 175 7.9077
136 176 7.92545
136 177 7.99381
136 178 8.07378
136 179 8.1441
136 180 8.20769
136 181 8.25892
136 182 8.26119
136 183 8.29126
136 184 8.37344
136 185 8.40023
136 186 8.40341
136 187 8.7315
136 188 8.75491
136 189 8.86121
136 190 9.34229
136 191 9.43893
136 192 9.6045
136 193 9.67961
136 194 9.94589
136 195 9.96077
136 196 10.0153
136 197 10.146
136 198 10.247
136 199 11.214
137 0 5.09026 1 26 10 11 24 8 9 14 3 16 17 13 6 28 25 5 27 29 19 33 2 21 22 23 32 4 30 7 20 34 15 12 31 18 1 
137 1 5.09026
137 2 5.09026
137 3 5.09026
137 4 5.09026
137 5 5.09026
137 6 5.09026
137 7 5.09026
137 8 5.09026
137 9 5.09026
137 10 5.09026
137 11 5.09026
137 12 5.09026
137 13 5.09026
137 14 5.09026
137 15 5.09026
137 16 5.09026
137 17 5.09026
137 18 5.09026
137 19 5.09026
137 20 5.09026
137 21 5.09026
137 22 5.09026
137 23 5.09026
137 24 5.09026
137 25 5.09026
137 26 5.09026
137 27 5.09026
137 28 5.09026
137 29 5.09026
137 30 5.09026
137 31 5.09026
137 32 5.09026
137 33 5.09026
137 34 5.09026
137 35 5.09026
137 36 5.09026
137 37 5.09026
137 38 5.09026
137 39 5.09026
137 40 5.09026
137 41 5.09026
137 42 5.09026
137 43 5.09026
137 44 5.09026
137 45 5.09026
137 46 5.09026
137 47 5.09026
137 48 5.09026
137 49 5.09026
137 50 5.09026
137 51 5.09026
137 52 5.09026
137 53 5.09026
137 54 5.09026
137 55 5.09026
137 56 5.09026
137 57 5.09026
137 58 5.09026
137 59 5.09026
137 60 5.09026
137 61 5.09026
137 62 5.09026
137 63 5.09026
137 64 5.09026
137 65 5.09026
137 66 5.09026
137 67 5.09026
137 68 5.09026
137 69 5.09026
137 70 5.09026
137 71 5.09026
137 72 5.09026
137 73 5.09026
137 74 5.09026
137 75 5.09026
137 76 5.09026
137 77 5.09026
137 78 5.09026
137 79 5.09026
137 80 5.09026
137 81 5.09026
137 82 5.09026
137 83 5.09026
137 84 5.09026
137 85 5.09026
137 86 5.09026
137 87 5.09026
137 88 5.09026
137 89 5.09026
137 90 5.09026
137 91 5.09026
137 92 5.09026
137 93 5.09026
137 94 5.09026
137 95 5.09026
137 96 5.09026
137 97 5.09585
137 98 5.11146
137 99 5.14861
137 100 5.14861
137 101 5.24731
137 102 5.24825
137 103 5.32822
137 104 5.38068
137 105 5.39302
137 106 5.44658
137 107 5.4743
137 108 5.51739
137 109 5.51987
137 110 5.5506
137 111 5.57821
137 112 5.68884
137 113 5.68884
137 114 5.75329
137 115 5.78783
137 116 5.82143
137 117 5.94382
137 118 5.96285
137 119 5.98771
137 120 6.02763
137 121 6.02822
137 122 6.08393
137 123 6.10553
137 124 6.14011
137 125 6.15123
137 126 6.16083
137 127 6.2009
137 128 6.2613
137 129 6.27844
137 130 6.28027
137 131 6.30762
137 132 6.31061
137 133 6.33233
137 134 6.41226
137 135 6.45953
137 136 6.52555
137 137 6.53243
137 138 6.57551
137 139 6.60416
137 140 6.60602
137 141 6.60939
137 142 6.64505
137 143 6.66595
137 144 6.66744
137 145 6.70983
137 146 6.76631
137 147 6.7852
137 148 6.80099
137 149 6.80482
137 150 6.82318
137 151 6.83279
137 152 6.8806
137 153 6.92639
137 154 6.93045
137 155 7.02247
137 156 7.03992
137 157 7.0978
137 158 7.10499
137 159 7.1952
137 160 7.24434
137 161 7.25337
137 162 7.26746
137 163 7.32104
137 164 7.39409
137 165 7.5839
137 166 7.65636
137 167 7.76486
137 168 7.82235
137 169 7.88408
137 170 7.91593
137 171 7.92545
137 172 7.93988
137 173 7.98344
137 174 8.00436
137 175 8.11198
137 176 8.32223
137 177 8.37344
137 178 8.46565
137 179 8.47859
137 180 8.50197
137 181 8.70315
137 182 8.71177
137 183 8.7315
137 184 8.85754
137 185 8.88096
137 186 8.92152
137 187 8.94554
137 188 9.34229
137 189 9.4167
137 190 9.43893
137 191 9.43893
137 192 9.46594
137 193 9.61119
137 194 9.6152
137 195 9.72152
137 196 10.1996
137 197 10.25
137 198 10.5158
137 199 10.9818
138 0 5.09026 1 26 10 11 24 8 9 14 3 16 17 13 6 28 25 5 27 29 19 33 2 21 22 23 32 4 30 7 20 34 15 12 31 18 1 
138 1 5.09026
138 2 5.09026
138 3 5.09026
138 4 5.09026
138 5 5.09026
138 6 5.09026
138 7 5.09026
138 8 5.09026
138 9 5.09026
138 10 5.09026
138 11 5.09026
138 12 5.09026
138 13 5.09026
138 14 5.09026
138 15 5.09026
138 16 5.09026
138 17 5.09026
138 18 5.09026
138 19 5.09026
138 20 5.09026
138 21 5.09026
138 22 5.09026
138 23 5.09026
138 24 5.09026
138 25 5.09026
138 26 5.09026
138 27 5.09026
138 28 5.09026
138 29 5.09026
138 30 5.09026
138 31 5.09026
138 32 5.09026
138 33 5.09026
138 34 5.09026
138 35 5.09026
138 36 5.09026
138 37 5.09026
138 38 5.09026
138 39 5.09026
138 40 5.09026
138 41 5.09026
138 42 5.09026
138 43 5.09026
138 44 5.09026
138 45 5.09026
138 46 5.09026
138 47 5.09026
138 48 5.09026
138 49 5.09026
138 50 5.09026
138 51 5.09026
138 52 5.09026
138 53 5.09026
138 54 5.09026
138 55 5.09026
138 56 5.09026
138 57 5.09026
138 58 5.09026
138 59 5.09026
138 60 5.09026
138 61 5.09026
138 62 5.09026
138 63 5.09026
138 64 5.09026
138 65 5.09026
138 66 5.09026
138 67 5.09026
138 68 5.09026
138 69 5.09026
138 70 5.09026
138 71 5.09026
138 72 5.09026
138 73 5.09026
138 74 5.09026
138 75 5.09026
138 76 5.09026
138 77 5.09026
138 78 5.09026
138 79 5.09026
138 80 5.09026
138 81 5.09026
138 82 5.09026
138 83 5.09026
138 84 5.09026
138 85 5.09026
138 86 5.09026
138 87 5.09026
138 88 5.09026
138 89 5.09026
138 90 5.09026
138 91 5.09026
138 92 5.09026
138 93 5.09026
138 94 5.09026
138 95 5.09026
138 96 5.09026
138 97 5.09026
138 98 5.09026
138 99 5.09026
138 100 5.09026
138 101 5.09585
138 102 5.11146
138 103 5.12773
138 104 5.14861
138 105 5.19328
138 106 5.23002
138 107 5.24731
138 108 5.30142
138 109 5.31427
138 110 5.32822
138 111 5.38374
138 112 5.38711
138 113 5.39302
138 114 5.44658
138 115 5.45098
138 116 5.4743
138 117 5.58103
138 118 5.6145
138 119 5.71776
138 120 5.88787
138 121 5.9541
138 122 5.96285
138 123 5.98771
138 124 6.02822
138 125 6.03111
138 126 6.04647
138 127 6.07064
138 128 6.10553
138 129 6.13047
138 130 6.16808
138 131 6.19903
138 132 6.22506
138 133 6.24093
138 134 6.26353
138 135 6.29056
138 136 6.29353
138 137 6.3221
138 138 6.35971
138 139 6.36216
138 140 6.36836
138 141 6.37059
138 142 6.4194
138 143 6.46102
138 144 6.48828
138 145 6.4947
138 146 6.52529
138 147 6.53243
138 148 6.56036
138 149 6.5919
138 150 6.60012
138 151 6.60772
138 152 6.64617
138 153 6.74264
138 154 6.74991
138 155 6.77742
138 156 6.78825
138 157 6.7918
138 158 6.86485
138 159 6.89494
138 160 7.06153
138 161 7.10309
138 162 7.1987
138 163 7.29019
138 164 7.29787
138 165 7.318
138 166 7.4911
138 167 7.50409
138 168 7.51045
138 169 7.58958
138 170 7.59542
138 171 7.70279
138 172 7.76486
138 173 7.82235
138 174 7.83262
138 175 7.86258
138 176 7.91593
138 177 7.97643
138 178 7.98194
138 179 8.02517
138 180 8.05486
138 181 8.08749
138 182 8.13981
138 183 8.1824
138 184 8.27263
138 185 8.49742
138 186 8.57673
138 187 8.63329
138 188 8.64402
138 189 8.64952
138 190 8.7023
138 191 8.70318
138 192 8.72974
138 193 8.75927
138 194 9.62174
138 195 9.73149
138 196 9.87604
138 197 10.5158
138 198 10.5277
138 199 11.0375
139 0 5.09026 1 26 10 11 24 8 9 14 3 16 17 13 6 28 25 5 27 29 19 33 2 21 22 23 32 4 30 7 20 34 15 12 31 18 1 
139 1 5.09026
139 2 5.09026
139 3 5.09026
139 4 5.09026
139 5 5.09026
139 6 5.09026
139 7 5.09026
139 8 5.09026
139 9 5.09026
139 10 5.09026
139 11 5.09026
139 12 5.09026
139 13 5.09026
139 14 5.09026
139 15 5.09026
139 16 5.09026
139 17 5.09026
139 18 5.09026
139 19 5.09026
139 20 5.09026
139 21 5.09026
139 22 5.09026
139 23 5.09026
139 24 5.09026
139 25 5.09026
139 26 5.09026
139 27 5.09026
139 28 5.09026
139 29 5.09026
139 30 5.09026
139 31 5.09026
139 32 5.09026
139 33 5.09026
139 34 5.09026
139 35 5.09026
139 36 5.09026
139 37 5.09026
139 38 5.09026
139 39 5.09026
139 40 5.09026
139 41 5.09026
139 42 5.09026
139 43 5.09026
139 44 5.09026
139 45 5.09026
139 46 5.09026
139 47 5.09026
139 48 5.09026
139 49 5.09026
139 50 5.09026
139 51 5.09026
139 52 5.09026
139 53 5.09026
139 54 5.09026
139 55 5.09026
139 56 5.09026
139 57 5.09026
139 58 5.09026
139 59 5.09026
139 60 5.09026
139 61 5.09026
139 62 5.09026
139 63 5.09026
139 64 5.09026
139 65 5.09026
139 66 5.09026
139 67 5.09026
139 68 5.09026
139 69 5.09026
139 70 5.09026
139 71 5.09026
139 72 5.09026
139 73 5.09026
139 74 5.09026
139 75 5.09026
139 76 5.09026
139 77 5.09026
139 78 5.09026
139 79 5.09026
139 80 5.09026
139 81 5.09026
139 82 5.09026
139 83 5.09026
139 84 5.09026
139 85 5.09026
139 86 5.09026
139 87 5.09026
139 88 5.09026
139 89 5.09026
139 90 5.09026
139 91 5.09026
139 92 5.09026
139 93 5.09026
139 94 5.09026
139 95 5.09026
139 96 5.09026
139 97 5.09026
139 98 5.09026
139 99 5.09026
139 100 5.09026
139 101 5.09026
139 102 5.09026
139 103 5.09026
139 104 5.09026
139 105 5.09849
139 106 5.11093
139 107 5.14861
139 108 5.14861
139 109 5.21425
139 110 5.25122
139 111 5.31427
139 112 5.37358
139 113 5.38374
139 114 5.38374
139 115 5.38741
139 116 5.44706
139 117 5.45167
139 118 5.4742
139 119 5.53048
139 120 5.74749
139 121 5.77705
139 122 5.85079
139 123 5.89108
139 124 5.90929
139 125 5.91488
139 126 5.92436
139 127 5.99929
139 128 6.01289
139 129 6.03779
139 130 6.08007
139 131 6.13047
139 132 6.15414
139 133 6.20373
139 134 6.25288
139 135 6.25636
139 136 6.28589
139 137 6.31417
139 138 6.35971
139 139 6.40654
139 140 6.42577
139 141 6.43445
139 142 6.44441
139 143 6.47311
139 144 6.49063
139 145 6.52032
139 146 6.57724
139 147 6.60012
139 148 6.62729
139 149 6.63995
139 150 6.74991
139 151 6.7658
139 152 6.77742
139 153 6.78825
139 154 6.82289
139 155 6.82337
139 156 6.83291
139 157 6.84956
139 158 6.87492
139 159 6.88467
139 160 6.90921
139 161 6.93732
139 162 7.04085
139 163 7.17651
139 164 7.18069
139 165 7.25958
139 166 7.33308
139 167 7.35754
139 168 7.3692
139 169 7.38392
139 170 7.3997
139 171 7.4658
139 172 7.4911
139 173 7.625
139 174 7.72775
139 175 7.76172
139 176 7.91873
139 177 7.98915
139 178 7.99133
139 179 7.9925
139 180 8.00466
139 181 8.0073
139 182 8.06883
139 183 8.1824
139 184 8.19982
139 185 8.30943
139 186 8.30985
139 187 8.33256
139 188 8.3408
139 189 8.37664
139 190 8.41566
139 191 8.64402
139 192 8.76145
139 193 9.05716
139 194 9.41677
139 195 10.5229
139 196 10.6025
139 197 10.8072
139 198 10.8987
139 199 11.4574
140 0 5.09026 1 26 10 11 24 8 9 14 3 16 17 13 6 28 25 5 27 29 19 33 2 21 22 23 32 4 30 7 20 34 15 12 31 18 1 
140 1 5.09026
140 2 5.09026
140 3 5.09026
140 4 5.09026
140 5 5.09026
140 6 5.09026
140 7 5.09026
140 8 5.09026
140 9 5.09026
140 10 5.09026
140 11 5.09026
140 12 5.09026
140 13 5.09026
140 14 5.09026
140 15 5.09026
140 16 5.09026
140 17 5.09026
140 18 5.09026
140 19 5.09026
140 20 5.09026
140 21 5.09026
140 22 5.09026
140 23 5.09026
140 24 5.09026
140 25 5.09026
140 26 5.09026
140 27 5.09026
140 28 5.09026
140 29 5.09026
140 30 5.09026
140 31 5.09026
140 32 5.09026
140 33 5.09026
140 34 5.09026
140 35 5.09026
140 36 5.09026
140 37 5.09026
140 38 5.09026
140 39 5.09026
140 40 5.09026
140 41 5.09026
140 42 5.09026
140 43 5.09026
140 44 5.09026
140 45 5.09026
140 46 5.09026
140 47 5.09026
140 48 5.09026
140 49 5.09026
140 50 5.09026
140 51 5.09026
140 52 5.09026
140 53 5.09026
140 54 5.09026
140 55 5.09026
140 56 5.09026
140 57 5.09026
140 58 5.09026
140 59 5.09026
140 60 5.09026
140 61 5.09026
140 62 5.09026
140 63 5.09026
140 64 5.09026
140 65 5.09026
140 66 5.09026
140 67 5.09026
140 68 5.09026
140 69 5.09026
140 70 5.09026
140 71 5.09026
140 72 5.09026
140 73 5.09026
140 74 5.09026
140 75 5.09026
140 76 5.09026
140 77 5.09026
140 78 5.09026
140 79 5.09026
140 80 5.09026
140 81 5.09026
140 82 5.09026
140 83 5.09026
140 84 5.09026
140 85 5.09026
140 86 5.09026
140 87 5.09026
140 88 5.09026
140 89 5.09026
140 90 5.09026
140 91 5.09026
140 92 5.09026
140 93 5.09026
140 94 5.09026
140 95 5.09026
140 96 5.09026
140 97 5.09026
140 98 5.09026
140 99 5.09026
140 100 5.09026
140 101 5.09026
140 102 5.09026
140 103 5.09026
140 104 5.09026
140 105 5.09026
140 106 5.09026
140 107 5.09026
140 108 5.09026
140 109 5.09026
140 110 5.15539
140 111 5.30574
140 112 5.36601
140 113 5.38374
140 114 5.38741
140 115 5.38741
140 116 5.44093
140 117 5.44706
140 118 5.44706
140 119 5.59739
140 120 5.60178
140 121 5.67552
140 122 5.68971
140 123 5.6929
140 124 5.7665
140 125 5.77705
140 126 5.77705
140 127 5.83816
140 128 5.85079
140 129 5.85838
140 130 5.8764
140 131 5.898
140 132 5.90929
140 133 5.90929
140 134 5.93195
140 135 5.97167
140 136 5.99488
140 137 6.01709
140 138 6.03678
140 139 6.04596
140 140 6.0972
140 141 6.13165
140 142 6.13693
140 143 6.17126
140 144 6.21228
140 145 6.23845
140 146 6.28943
140 147 6.30327
140 148 6.3402
140 149 6.35003
140 150 6.40654
140 151 6.43445
140 152 6.49295
140 153 6.54386
140 154 6.60823
140 155 6.6206
140 156 6.74543
140 157 6.7658
140 158 6.7658
140 159 6.76625
140 160 6.78825
140 161 6.87655
140 162 6.88553
140 163 7.0193
140 164 7.04085
140 165 7.04203
140 166 7.07945
140 167 7.0808
140 168 7.08841
140 169 7.1952
140 170 7.247
140 171 7.25887
140 172 7.25958
140 173 7.27609
140 174 7.38711
140 175 7.47288
140 176 7.54304
140 177 7.62799
140 178 7.65766
140 179 7.67866
140 180 7.79182
140 181 7.9925
140 182 8.02619
140 183 8.08147
140 184 8.08415
140 185 8.13357
140 186 8.27263
140 187 8.30943
140 188 8.39533
140 189 8.44204
140 190 8.44924
140 191 8.76145
140 192 8.77756
140 193 9.05716
140 194 9.07774
140 195 9.1661
140 196 9.183
140 197 9.24495
140 198 9.43026
140 199 9.59423
141 0 5.09026 1 18 31 12 15 34 20 7 30 4 32 23 22 21 2 33 19 29 27 5 25 28 6 13 17 16 3 14 9 8 24 11 10 26 1 
141 1 5.09026
141 2 5.09026
141 3 5.09026
141 4 5.09026
141 5 5.09026
141 6 5.09026
141 7 5.09026
141 8 5.09026
141 9 5.09026
141 10 5.09026
141 11 5.09026
141 12 5.09026
141 13 5.09026
141 14 5.09026
141 15 5.09026
141 16 5.09026
141 17 5.09026
141 18 5.09026
141 19 5.09026
141 20 5.09026
141 21 5.09026
141 22 5.09026
141 23 5.09026
141 24 5.09026
141 25 5.09026
141 26 5.09026
141 27 5.09026
141 28 5.09026
141 29 5.09026
141 30 5.09026
141 31 5.09026
141 32 5.09026
141 33 5.09026
141 34 5.09026
141 35 5.09026
141 36 5.09026
141 37 5.09026
141 38 5.09026
141 39 5.09026
141 40 5.09026
141 41 5.09026
141 42 5.09026
141 43 5.09026
141 44 5.09026
141 45 5.09026
141 46 5.09026
141 47 5.09026
141 48 5.09026
141 49 5.09026
141 50 5.09026
141 51 5.09026
141 52 5.09026
141 53 5.09026
141 54 5.09026
141 55 5.09026
141 56 5.09026
141 57 5.09026
141 58 5.09026
141 59 5.09026
141 60 5.09026
141 61 5.09026
141 62 5.09026
141 63 5.09026
141 64 5.09026
141 65 5.09026
141 66 5.09026
141 67 5.09026
141 68 5.09026
141 69 5.09026
141 70 5.09026
141 71 5.09026
141 72 5.09026
141 73 5.09026
141 74 5.09026
141 75 5.09026
141 76 5.09026
141 77 5.09026
141 78 5.09026
141 79 5.09026
141 80 5.09026
141 81 5.09026
141 82 5.09026
141 83 5.09026
141 84 5.09026
141 85 5.09026
141 86 5.09026
141 87 5.09026
141 88 5.09026
141 89 5.09026
141 90 5.09026
141 91 5.09026
141 92 5.09026
141 93 5.09026
141 94 5.09026
141 95 5.09026
141 96 5.09026
141 97 5.09026
141 98 5.09026
141 99 5.09026
141 100 5.09026
141 101 5.09026
141 102 5.09026
141 103 5.09026
141 104 5.09026
141 105 5.09026
141 106 5.09026
141 107 5.09026
141 108 5.09026
141 109 5.11146
141 110 5.13917
141 111 5.15539
141 112 5.19328
141 113 5.36601
141 114 5.37681
141 115 5.38741
141 116 5.42749
141 117 5.43252
141 118 5.52164
141 119 5.64715
141 120 5.64778
141 121 5.67552
141 122 5.7125
141 123 5.7665
141 124 5.77115
141 125 5.80862
141 126 5.8354
141 127 5.83816
141 128 5.89043
141 129 5.92503
141 130 5.9829
141 131 5.99488
141 132 6.01709
141 133 6.18267
141 134 6.21228
141 135 6.22398
141 136 6.29801
141 137 6.32312
141 138 6.3402
141 139 6.35003
141 140 6.37469
141 141 6.40654
141 142 6.40654
141 143 6.41902
141 144 6.45508
141 145 6.49007
141 146 6.50168
141 147 6.55558
141 148 6.61479
141 149 6.6206
141 150 6.63045
141 151 6.77506
141 152 6.78825
141 153 6.79091
141 154 6.82426
141 155 6.8589
141 156 6.86485
141 157 6.90907
141 158 6.93175
141 159 6.97261
141 160 6.97317
141 161 7.04203
141 162 7.04259
141 163 7.04259
141 164 7.05746
141 165 7.0656
141 166 7.06639
141 167 7.10333
141 168 7.20254
141 169 7.247
141 170 7.32361
141 171 7.33499
141 172 7.38711
141 173 7.47288
141 174 7.51035
141 175 7.59002
141 176 7.59186
141 177 7.60763
141 178 7.61789
141 179 7.7629
141 180 7.76777
141 181 7.77942
141 182 7.82359
141 183 7.82678
141 184 7.83392
141 185 7.89328
141 186 7.96593
141 187 8.04967
141 188 8.08147
141 189 8.09103
141 190 8.14628
141 191 8.34735
141 192 8.45281
141 193 8.49823
141 194 8.71867
141 195 8.86686
141 196 9.05042
141 197 9.1661
141 198 10.1484
141 199 10.2771
142 0 5.09026 1 18 31 12 15 34 20 7 30 4 32 23 22 21 2 33 19 29 27 5 25 28 6 13 17 16 3 14 9 8 24 11 10 26 1 
142 1 5.09026
142 2 5.09026
142 3 5.09026
142 4 5.09026
142 5 5.09026
142 6 5.09026
142 7 5.09026
142 8 5.09026
142 9 5.09026
142 10 5.09026
142 11 5.09026
142 12 5.09026
142 13 5.09026
142 14 5.09026
142 15 5.09026
142 16 5.09026
142 17 5.09026
142 18 5.09026
142 19 5.09026
142 20 5.09026
142 21 5.09026
142 22 5.09026
142 23 5.09026
142 24 5.09026
142 25 5.09026
142 26 5.09026
142 27 5.09026
142 28 5.09026
142 29 5.09026
142 30 5.09026
142 31 5.09026
142 32 5.09026
142 33 5.09026
142 34 5.09026
142 35 5.09026
142 36 5.09026
142 37 5.09026
142 38 5.09026
142 39 5.09026
142 40 5.09026
142 41 5.09026
142 42 5.09026
142 43 5.09026
142 44 5.09026
142 45 5.09026
142 46 5.09026
142 47 5.09026
142 48 5.09026
142 49 5.09026
142 50 5.09026
142 51 5.09026
142 52 5.09026
142 53 5.09026
142 54 5.09026
142 55 5.09026
142 56 5.09026
142 57 5.09026
142 58 5.09026
142 59 5.09026
142 60 5.09026
142 61 5.09026
142 62 5.09026
142 63 5.09026
142 64 5.09026
142 65 5.09026
142 66 5.09026
142 67 5.09026
142 68 5.09026
142 69 5.09026
142 70 5.09026
142 71 5.09026
142 72 5.09026
142 73 5.09026
142 74 5.09026
142 75 5.11093
142 76 5.13917
142 77 5.15539
142 78 5.19328
142 79 5.39302
142 80 5.41989
142 81 5.42729
142 82 5.43252
142 83 5.44288
142 84 5.52905
142 85 5.60708
142 86 5.73028
142 87 5.75912
142 88 5.75912
142 89 5.7736
142 90 5.77711
142 91 5.81532
142 92 5.82163
142 93 5.83816
142 94 5.84401
142 95 5.84401
142 96 5.84401
142 97 5.84401
142 98 5.92366
142 99 5.92908
142 100 5.93743
142 101 5.9679
142 102 6.00706
142 103 6.02648
142 104 6.05972
142 105 6.06246
142 106 6.13583
142 107 6.15737
142 108 6.16083
142 109 6.18179
142 110 6.24267
142 111 6.25479
142 112 6.27969
142 113 6.3328
142 114 6.34523
142 115 6.35397
142 116 6.36439
142 117 6.39043
142 118 6.3988
142 119 6.40235
142 120 6.40789
142 121 6.43535
142 122 6.43799
142 123 6.45991
142 124 6.50168
142 125 6.50294
142 126 6.57988
142 127 6.64857
142 128 6.70889
142 129 6.74534
142 130 6.7498
142 131 6.75978
142 132 6.76126
142 133 6.77175
142 134 6.77264
142 135 6.79693
142 136 6.8084
142 137 6.86667
142 138 6.92422
142 139 6.92433
142 140 6.96412
142 141 7.00485
142 142 7.0358
142 143 7.05746
142 144 7.06938
142 145 7.10333
142 146 7.10616
142 147 7.16465
142 148 7.17059
142 149 7.19456
142 150 7.20392
142 151 7.20853
142 152 7.2447
142 153 7.247
142 154 7.25186
142 155 7.32361
142 156 7.34352
142 157 7.37059
142 158 7.38096
142 159 7.39225
142 160 7.40495
142 161 7.4155
142 162 7.45777
142 163 7.47518
142 164 7.47951
142 165 7.4873
142 166 7.52125
142 167 7.57338
142 168 7.59186
142 169 7.63405
142 170 7.70572
142 171 7.71454
142 172 7.73677
142 173 7.74105
142 174 7.74587
142 175 7.74789
142 176 7.76896
142 177 7.77942
142 178 7.79182
142 179 7.80385
142 180 7.82229
142 181 7.82773
142 182 7.82916
142 183 7.93192
142 184 7.94713
142 185 8.05564
142 186 8.07041
142 187 8.08738
142 188 8.1305
142 189 8.18166
142 190 8.29464
142 191 8.36792
142 192 8.40893
142 193 8.41263
142 194 8.50378
142 195 8.51937
142 196 8.7139
142 197 9.76135
142 198 10.2344
142 199 10.5122
143 0 5.09026 1 18 31 12 15 34 20 7 30 4 32 23 22 21 2 33 19 29 27 5 25 28 6 13 17 16 3 14 9 8 24 11 10 26 1 
143 1 5.09026
143 2 5.09026
143 3 5.09026
143 4 5.09026
143 5 5.09026
143 6 5.09026
143 7 5.09026
143 8 5.09026
143 9 5.09026
143 10 5.09026
143 11 5.09026
143 12 5.09026
143 13 5.09026
143 14 5.09026
143 15 5.09026
143 16 5.09026
143 17 5.09026
143 18 5.09026
143 19 5.09026
143 20 5.09026
143 21 5.09026
143 22 5.09026
143 23 5.09026
143 24 5.09026
143 25 5.09026
143 26 5.09026
143 27 5.09026
143 28 5.09026
143 29 5.09026
143 30 5.09026
143 31 5.09026
143 32 5.09026
143 33 5.09026
143 34 5.09026
143 35 5.09026
143 36 5.09026
143 37 5.09026
143 38 5.09026
143 39 5.09026
143 40 5.09026
143 41 5.09026
143 42 5.09026
143 43 5.09026
143 44 5.09026
143 45 5.09026
143 46 5.09026
143 47 5.09026
143 48 5.09026
143 49 5.09026
143 50 5.09026
143 51 5.09026
143 52 5.09026
143 53 5.09026
143 54 5.09026
143 55 5.09026
143 56 5.09026
143 57 5.09115
143 58 5.12456
143 59 5.19328
143 60 5.30057
143 61 5.34815
143 62 5.34815
143 63 5.40089
143 64 5.42729
143 65 5.42729
143 66 5.43252
143 67 5.50124
143 68 5.60708
143 69 5.62776
143 70 5.63806
143 71 5.64308
143 72 5.73028
143 73 5.75874
143 74 5.75874
143 75 5.75912
143 76 5.7736
143 77 5.7736
143 78 5.77711
143 79 5.81532
143 80 5.81532
143 81 5.81577
143 82 5.84401
143 83 5.86282
143 84 5.88149
143 85 5.88196
143 86 5.89718
143 87 5.92366
143 88 5.93016
143 89 5.97262
143 90 5.97696
143 91 6.02648
143 92 6.03122
143 93 6.05972
143 94 6.05972
143 95 6.05972
143 96 6.06246
143 97 6.06476
143 98 6.07593
143 99 6.13512
143 100 6.14792
143 101 6.16083
143 102 6.18179
143 103 6.25479
143 104 6.25793
143 105 6.25793
143 106 6.25931
143 107 6.3328
143 108 6.36757
143 109 6.40789
143 110 6.42431
143 111 6.42577
143 112 6.43799
143 113 6.49397
143 114 6.49998
143 115 6.52009
143 116 6.54677
143 117 6.55833
143 118 6.55965
143 119 6.582
143 120 6.5863
143 121 6.60255
143 122 6.63986
143 123 6.66214
143 124 6.66887
143 125 6.68274
143 126 6.697
143 127 6.69913
143 128 6.73847
143 129 6.74402
143 130 6.76689
143 131 6.78327
143 132 6.80754
143 133 6.82632
143 134 6.83534
143 135 6.8948
143 136 6.90075
143 137 6.9248
143 138 7.05746
143 139 7.10616
143 140 7.13093
143 141 7.15658
143 142 7.1952
143 143 7.19647
143 144 7.20124
143 145 7.20136
143 146 7.2439
143 147 7.3125
143 148 7.32361
143 149 7.36189
143 150 7.44913
143 151 7.46022
143 152 7.47518
143 153 7.47671
143 154 7.47951
143 155 7.49043
143 156 7.50045
143 157 7.50497
143 158 7.51188
143 159 7.52833
143 160 7.57337
143 161 7.62165
143 162 7.64798
143 163 7.71046
143 164 7.74142
143 165 7.74429
143 166 7.75146
143 167 7.76509
143 168 7.777
143 169 7.79182
143 170 7.81842
143 171 7.98399
143 172 7.98843
143 173 8.01718
143 174 8.05362
143 175 8.10542
143 176 8.17201
143 177 8.17442
143 178 8.29464
143 179 8.32706
143 180 8.38497
143 181 8.46989
143 182 8.48482
143 183 8.50327
143 184 8.6147
143 185 8.66386
143 186 8.75455
143 187 8.97494
143 188 9.1407
143 189 9.18579
143 190 9.19292
143 191 9.20729
143 192 9.33805
143 193 9.36342
143 194 9.36742
143 195 9.46342
143 196 9.73013
143 197 10.1215
143 198 10.3752
143 199 11.9788
144 0 5.09026 1 18 31 12 15 34 20 7 30 4 32 23 22 21 2 33 19 29 27 5 25 28 6 13 17 16 3 14 9 8 24 11 10 26 1 
144 1 5.09026
144 2 5.09026
144 3 5.09026
144 4 5.09026
144 5 5.09026
144 6 5.09026
144 7 5.09026
144 8 5.09026
144 9 5.09026
144 10 5.09026
144 11 5.09026
144 12 5.09026
144 13 5.09026
144 14 5.09026
144 15 5.09026
144 16 5.09026
144 17 5.09026
144 18 5.09026
144 19 5.09026
144 20 5.09026
144 21 5.09026
144 22 5.09026
144 23 5.09026
144 24 5.09026
144 25 5.09026
144 26 5.09026
144 27 5.09026
144 28 5.09026
144 29 5.09026
144 30 5.09026
144 31 5.09026
144 32 5.09026
144 33 5.09026
144 34 5.09026
144 35 5.09026
144 36 5.09026
144 37 5.09026
144 38 5.09026
144 39 5.09026
144 40 5.09026
144 41 5.09026
144 42 5.09026
144 43 5.09026
144 44 5.09026
144 45 5.09026
144 46 5.09026
144 47 5.09026
144 48 5.09026
144 49 5.09026
144 50 5.09026
144 51 5.09026
144 52 5.09026
144 53 5.09026
144 54 5.09026
144 55 5.09026
144 56 5.09026
144 57 5.09026
144 58 5.09026
144 59 5.09026
144 60 5.09026
144 61 5.09115
144 62 5.12456
144 63 5.14861
144 64 5.30057
144 65 5.30057
144 66 5.30233
144 67 5.30233
144 68 5.34815
144 69 5.34815
144 70 5.34815
144 71 5.35658
144 72 5.386
144 73 5.41868
144 74 5.42729
144 75 5.48429
144 76 5.52905
144 77 5.52905
144 78 5.52905
144 79 5.52905
144 80 5.53981
144 81 5.63806
144 82 5.64308
144 83 5.68391
144 84 5.69434
144 85 5.69618
144 86 5.73184
144 87 5.73642
144 88 5.75912
144 89 5.76029
144 90 5.76029
144 91 5.76502
144 92 5.7736
144 93 5.92366
144 94 5.93016
144 95 5.97696
144 96 5.98164
144 97 5.98525
144 98 5.98804
144 99 6.00326
144 100 6.02648
144 101 6.02648
144 102 6.05998
144 103 6.06246
144 104 6.11158
144 105 6.11409
144 106 6.12065
144 107 6.13053
144 108 6.21959
144 109 6.22932
144 110 6.24267
144 111 6.25479
144 112 6.25931
144 113 6.28109
144 114 6.31061
144 115 6.36757
144 116 6.37145
144 117 6.37145
144 118 6.4024
144 119 6.42431
144 120 6.43736
144 121 6.55451
144 122 6.64935
144 123 6.66887
144 124 6.67264
144 125 6.68274
144 126 6.697
144 127 6.6984
144 128 6.6984
144 129 6.75379
144 130 6.76689
144 131 6.77014
144 132 6.80221
144 133 6.82474
144 134 6.88967
144 135 6.88967
144 136 6.90075
144 137 6.90222
144 138 6.90225
144 139 6.9057
144 140 7.00485
144 141 7.01438
144 142 7.03934
144 143 7.04587
144 144 7.06117
144 145 7.06611
144 146 7.07412
144 147 7.08921
144 148 7.09812
144 149 7.09964
144 150 7.13751
144 151 7.17522
144 152 7.20939
144 153 7.21607
144 154 7.2219
144 155 7.28851
144 156 7.31892
144 157 7.42698
144 158 7.44913
144 159 7.44956
144 160 7.46582
144 161 7.47666
144 162 7.56487
144 163 7.59333
144 164 7.59943
144 165 7.62957
144 166 7.63559
144 167 7.64989
144 168 7.75474
144 169 7.76393
144 170 7.85705
144 171 7.88406
144 172 7.91424
144 173 8.01705
144 174 8.08147
144 175 8.10165
144 176 8.33013
144 177 8.37681
144 178 8.43496
144 179 8.46989
144 180 8.49024
144 181 8.60564
144 182 8.62825
144 183 8.65953
144 184 8.71414
144 185 8.73054
144 186 8.95006
144 187 8.95202
144 188 8.97128
144 189 9.00286
144 190 9.01537
144 191 9.03999
144 192 9.36704
144 193 9.60292
144 194 9.7433
144 195 9.92549
144 196 10.1215
144 197 10.1215
144 198 10.303
144 199 10.4263
145 0 5.09026 1 18 31 12 15 34 20 7 30 4 32 23 22 21 2 33 19 29 27 5 25 28 6 13 17 16 3 14 9 8 24 11 10 26 1 
145 1 5.09026
145 2 5.09026
145 3 5.09026
145 4 5.09026
145 5 5.09026
145 6 5.09026
145 7 5.09026
145 8 5.09026
145 9 5.09026
145 10 5.09026
145 11 5.09026
145 12 5.09026
145 13 5.09026
145 14 5.09026
145 15 5.09026
145 16 5.09026
145 17 5.09026
145 18 5.09026
145 19 5.09026
145 20 5.09026
145 21 5.09026
145 22 5.09026
145 23 5.09026
145 24 5.09026
145 25 5.09026
145 26 5.09026
145 27 5.09026
145 28 5.09026
145 29 5.09026
145 30 5.09026
145 31 5.09026
145 32 5.09026
145 33 5.09026
145 34 5.09026
145 35 5.09026
145 36 5.09026
145 37 5.09026
145 38 5.09026
145 39 5.09026
145 40 5.09026
145 41 5.09026
145 42 5.09026
145 43 5.09026
145 44 5.09026
145 45 5.09026
145 46 5.09026
145 47 5.09026
145 48 5.09026
145 49 5.09026
145 50 5.09026
145 51 5.09026
145 52 5.09026
145 53 5.09026
145 54 5.09026
145 55 5.09026
145 56 5.09026
145 57 5.09026
145 58 5.09026
145 59 5.09026
145 60 5.09026
145 61 5.09026
145 62 5.09026
145 63 5.09026
145 64 5.09026
145 65 5.09026
145 66 5.09026
145 67 5.09026
145 68 5.09026
145 69 5.09026
145 70 5.09026
145 71 5.09026
145 72 5.09026
145 73 5.09026
145 74 5.09026
145 75 5.09026
145 76 5.09026
145 77 5.09026
145 78 5.14861
145 79 5.16021
145 80 5.33382
145 81 5.33382
145 82 5.33382
145 83 5.33748
145 84 5.34076
145 85 5.35658
145 86 5.39302
145 87 5.41868
145 88 5.44261
145 89 5.52905
145 90 5.52905
145 91 5.52905
145 92 5.53487
145 93 5.57424
145 94 5.64308
145 95 5.64308
145 96 5.66647
145 97 5.68391
145 98 5.72576
145 99 5.75626
145 100 5.75912
145 101 5.81532
145 102 5.84046
145 103 5.89718
145 104 5.89718
145 105 5.90604
145 106 5.92366
145 107 5.92378
145 108 5.93998
145 109 5.98804
145 110 6.00846
145 111 6.02648
145 112 6.03008
145 113 6.05449
145 114 6.05685
145 115 6.05998
145 116 6.06077
145 117 6.11409
145 118 6.13209
145 119 6.13512
145 120 6.14824
145 121 6.14824
145 122 6.15593
145 123 6.16787
145 124 6.19434
145 125 6.20809
145 126 6.2152
145 127 6.25793
145 128 6.25931
145 129 6.25997
145 130 6.2919
145 131 6.30762
145 132 6.35196
145 133 6.36746
145 134 6.38273
145 135 6.39043
145 136 6.39084
145 137 6.42577
145 138 6.46906
145 139 6.5008
145 140 6.50772
145 141 6.50795
145 142 6.54512
145 143 6.55451
145 144 6.63882
145 145 6.66214
145 146 6.66815
145 147 6.70427
145 148 6.70551
145 149 6.7608
145 150 6.76453
145 151 6.82337
145 152 6.82474
145 153 6.89824
145 154 7.00281
145 155 7.00485
145 156 7.00939
145 157 7.04096
145 158 7.09812
145 159 7.10045
145 160 7.11313
145 161 7.13284
145 162 7.18012
145 163 7.18069
145 164 7.18778
145 165 7.19256
145 166 7.20939
145 167 7.29958
145 168 7.30369
145 169 7.30842
145 170 7.32119
145 171 7.39084
145 172 7.49615
145 173 7.54293
145 174 7.55432
145 175 7.59333
145 176 7.64963
145 177 7.67268
145 178 7.68807
145 179 7.70376
145 180 7.7356
145 181 7.79182
145 182 7.83135
145 183 7.84744
145 184 7.85705
145 185 8.01903
145 186 8.19737
145 187 8.29431
145 188 8.36604
145 189 8.43633
145 190 8.60154
145 191 8.62211
145 192 8.8899
145 193 8.91356
145 194 8.98211
145 195 9.01119
145 196 9.1909
145 197 9.23564
145 198 9.32554
145 199 9.86785
146 0 5.09026 1 18 31 12 15 34 20 7 30 4 32 23 22 21 2 33 19 29 27 5 25 28 6 13 17 16 3 14 9 8 24 11 10 26 1 
146 1 5.09026
146 2 5.09026
146 3 5.09026
146 4 5.09026
146 5 5.09026
146 6 5.09026
146 7 5.09026
146 8 5.09026
146 9 5.09026
146 10 5.09026
146 11 5.09026
146 12 5.09026
146 13 5.09026
146 14 5.09026
146 15 5.09026
146 16 5.09026
146 17 5.09026
146 18 5.09026
146 19 5.09026
146 20 5.09026
146 21 5.09026
146 22 5.09026
146 23 5.09026
146 24 5.09026
146 25 5.09026
146 26 5.09026
146 27 5.09026
146 28 5.09026
146 29 5.09026
146 30 5.09026
146 31 5.09026
146 32 5.09026
146 33 5.09026
146 34 5.09026
146 35 5.09026
146 36 5.09026
146 37 5.09026
146 38 5.09026
146 39 5.09026
146 40 5.09026
146 41 5.09026
146 42 5.09026
146 43 5.09026
146 44 5.09026
146 45 5.09026
146 46 5.09026
146 47 5.09026
146 48 5.09026
146 49 5.09026
146 50 5.09026
146 51 5.09026
146 52 5.09026
146 53 5.09026
146 54 5.09026
146 55 5.09026
146 56 5.09026
146 57 5.09026
146 58 5.09026
146 59 5.09026
146 60 5.09026
146 61 5.09026
146 62 5.09026
146 63 5.09026
146 64 5.09026
146 65 5.09026
146 66 5.09026
146 67 5.09026
146 68 5.09026
146 69 5.09026
146 70 5.09026
146 71 5.09026
146 72 5.09026
146 73 5.09026
146 74 5.09026
146 75 5.09026
146 76 5.09026
146 77 5.09026
146 78 5.09026
146 79 5.09026
146 80 5.09026
146 81 5.09026
146 82 5.09026
146 83 5.09026
146 84 5.09026
146 85 5.09026
146 86 5.09026
146 87 5.09026
146 88 5.09026
146 89 5.09764
146 90 5.11093
146 91 5.14861
146 92 5.33382
146 93 5.33382
146 94 5.34815
146 95 5.35658
146 96 5.38493
146 97 5.38659
146 98 5.41868
146 99 5.42729
146 100 5.44093
146 101 5.44261
146 102 5.50044
146 103 5.508
146 104 5.52905
146 105 5.53487
146 106 5.53487
146 107 5.58505
146 108 5.64308
146 109 5.64308
146 110 5.66647
146 111 5.68945
146 112 5.7566
146 113 5.75912
146 114 5.76502
146 115 5.7665
146 116 5.7736
146 117 5.79238
146 118 5.84401
146 119 5.85069
146 120 5.88709
146 121 5.89489
146 122 5.89718
146 123 5.90604
146 124 5.92378
146 125 5.96686
146 126 5.98804
146 127 6.02648
146 128 6.03181
146 129 6.03831
146 130 6.06662
146 131 6.09289
146 132 6.12144
146 133 6.14423
146 134 6.15688
146 135 6.18012
146 136 6.2152
146 137 6.24267
146 138 6.24491
146 139 6.25288
146 140 6.25793
146 141 6.25997
146 142 6.26664
146 143 6.30678
146 144 6.31822
146 145 6.35003
146 146 6.37634
146 147 6.39043
146 148 6.45645
146 149 6.4709
146 150 6.4891
146 151 6.51584
146 152 6.55451
146 153 6.55561
146 154 6.63882
146 155 6.63979
146 156 6.64593
146 157 6.66983
146 158 6.68059
146 159 6.70524
146 160 6.78957
146 161 6.79535
146 162 6.80118
146 163 6.86925
146 164 6.90539
146 165 6.94908
146 166 6.95416
146 167 6.95909
146 168 6.98568
146 169 7.00281
146 170 7.00485
146 171 7.01907
146 172 7.08825
146 173 7.11268
146 174 7.18069
146 175 7.28381
146 176 7.32793
146 177 7.64032
146 178 7.64963
146 179 7.6631
146 180 7.74395
146 181 7.79182
146 182 7.90556
146 183 8.01903
146 184 8.09866
146 185 8.15343
146 186 8.25309
146 187 8.29752
146 188 8.46393
146 189 8.57673
146 190 8.63873
146 191 8.72721
146 192 8.79942
146 193 8.8744
146 194 8.88096
146 195 8.95797
146 196 9.08316
146 197 9.27356
146 198 9.32519
146 199 13.0417
147 0 5.09026 1 18 31 12 15 34 20 7 30 4 32 23 22 21 2 33 19 29 27 5 25 28 6 13 17 16 3 14 9 8 24 11 10 26 1 
147 1 5.09026
147 2 5.09026
147 3 5.09026
147 4 5.09026
147 5 5.09026
147 6 5.09026
147 7 5.09026
147 8 5.09026
147 9 5.09026
147 10 5.09026
147 11 5.09026
147 12 5.09026
147 13 5.09026
147 14 5.09026
147 15 5.09026
147 16 5.09026
147 17 5.09026
147 18 5.09026
147 19 5.09026
147 20 5.09026
147 21 5.09026
147 22 5.09026
147 23 5.09026
147 24 5.09026
147 25 5.09026
147 26 5.09026
147 27 5.09026
147 28 5.09026
147 29 5.09026
147 30 5.09026
147 31 5.09026
147 32 5.09026
147 33 5.09026
147 34 5.09026
147 35 5.09026
147 36 5.09026
147 37 5.09026
147 38 5.09026
147 39 5.09026
147 40 5.09026
147 41 5.09026
147 42 5.09026
147 43 5.09026
147 44 5.09026
147 45 5.09026
147 46 5.09026
147 47 5.09026
147 48 5.09026
147 49 5.09026
147 50 5.09026
147 51 5.09026
147 52 5.09026
147 53 5.09026
147 54 5.09026
147 55 5.09026
147 56 5.09026
147 57 5.09026
147 58 5.09026
147 59 5.09026
147 60 5.09026
147 61 5.09026
147 62 5.09026
147 63 5.09026
147 64 5.09026
147 65 5.09026
147 66 5.09026
147 67 5.09026
147 68 5.09026
147 69 5.09026
147 70 5.09026
147 71 5.09026
147 72 5.09026
147 73 5.09026
147 74 5.09026
147 75 5.09026
147 76 5.09026
147 77 5.09026
147 78 5.09026
147 79 5.09026
147 80 5.09026
147 81 5.09026
147 82 5.09026
147 83 5.09026
147 84 5.09026
147 85 5.09026
147 86 5.09026
147 87 5.09026
147 88 5.09026
147 89 5.09026
147 90 5.09026
147 91 5.09026
147 92 5.09026
147 93 5.09026
147 94 5.09026
147 95 5.09026
147 96 5.09026
147 97 5.09026
147 98 5.34815
147 99 5.39801
147 100 5.41795
147 101 5.44093
147 102 5.47332
147 103 5.50444
147 104 5.52905
147 105 5.53475
147 106 5.56113
147 107 5.62314
147 108 5.62971
147 109 5.64308
147 110 5.66647
147 111 5.68945
147 112 5.75638
147 113 5.75983
147 114 5.7736
147 115 5.87411
147 116 5.89718
147 117 5.89795
147 118 5.92378
147 119 5.92378
147 120 5.9541
147 121 5.95519
147 122 5.95826
147 123 6.02117
147 124 6.02648
147 125 6.06662
147 126 6.06662
147 127 6.08254
147 128 6.08254
147 129 6.09138
147 130 6.18012
147 131 6.18012
147 132 6.22339
147 133 6.24771
147 134 6.30762
147 135 6.31364
147 136 6.32006
147 137 6.39555
147 138 6.41902
147 139 6.45991
147 140 6.47082
147 141 6.4709
147 142 6.50168
147 143 6.51509
147 144 6.51665
147 145 6.52078
147 146 6.52295
147 147 6.53399
147 148 6.54188
147 149 6.58286
147 150 6.58464
147 151 6.6067
147 152 6.62716
147 153 6.62872
147 154 6.64593
147 155 6.70087
147 156 6.71411
147 157 6.71624
147 158 6.76109
147 159 6.79535
147 160 6.80118
147 161 6.81979
147 162 6.85843
147 163 6.92552
147 164 6.99512
147 165 7.01907
147 166 7.03176
147 167 7.09627
147 168 7.10045
147 169 7.10841
147 170 7.18069
147 171 7.19472
147 172 7.25807
147 173 7.34912
147 174 7.38818
147 175 7.46081
147 176 7.47614
147 177 7.48663
147 178 7.50736
147 179 7.74395
147 180 7.7816
147 181 7.8167
147 182 7.82543
147 183 7.83308
147 184 7.87702
147 185 7.91824
147 186 8.0896
147 187 8.16508
147 188 8.41531
147 189 8.49783
147 190 8.54916
147 191 8.57673
147 192 8.66643
147 193 8.79942
147 194 8.87544
147 195 8.95797
147 196 9.21566
147 197 10.1117
147 198 10.9219
147 199 11.26
148 0 5.09026 1 18 31 12 15 34 20 7 30 4 32 23 22 21 2 33 19 29 27 5 25 28 6 13 17 16 3 14 9 8 24 11 10 26 1 
148 1 5.09026
148 2 5.09026
148 3 5.09026
148 4 5.09026
148 5 5.09026
148 6 5.09026
148 7 5.09026
148 8 5.09026
148 9 5.09026
148 10 5.09026
148 11 5.09026
148 12 5.09026
148 13 5.09026
148 14 5.09026
148 15 5.09026
148 16 5.09026
148 17 5.09026
148 18 5.09026
148 19 5.09026
148 20 5.09026
148 21 5.09026
148 22 5.09026
148 23 5.09026
148 24 5.09026
148 25 5.09026
148 26 5.09026
148 27 5.09026
148 28 5.09026
148 29 5.09026
148 30 5.09026
148 31 5.09026
148 32 5.09026
148 33 5.09026
148 34 5.09026
148 35 5.09026
148 36 5.09026
148 37 5.09026
148 38 5.09026
148 39 5.09026
148 40 5.09026
148 41 5.09026
148 42 5.09026
148 43 5.09026
148 44 5.09026
148 45 5.09026
148 46 5.09026
148 47 5.09026
148 48 5.09026
148 49 5.09026
148 50 5.09026
148 51 5.09026
148 52 5.09026
148 53 5.09026
148 54 5.09026
148 55 5.09026
148 56 5.09026
148 57 5.09026
148 58 5.09026
148 59 5.09026
148 60 5.09026
148 61 5.09026
148 62 5.09026
148 63 5.09026
148 64 5.09026
148 65 5.09026
148 66 5.09026
148 67 5.09026
148 68 5.09026
148 69 5.09026
148 70 5.09026
148 71 5.09026
148 72 5.09026
148 73 5.09026
148 74 5.09026
148 75 5.09026
148 76 5.09026
148 77 5.09026
148 78 5.09026
148 79 5.09026
148 80 5.09026
148 81 5.09026
148 82 5.09026
148 83 5.09026
148 84 5.09026
148 85 5.09026
148 86 5.09026
148 87 5.09026
148 88 5.09026
148 89 5.09026
148 90 5.09026
148 91 5.09026
148 92 5.09026
148 93 5.09026
148 94 5.09026
148 95 5.09026
148 96 5.09026
148 97 5.09026
148 98 5.09585
148 99 5.35658
148 100 5.39801
148 101 5.44093
148 102 5.45
148 103 5.46016
148 104 5.47332
148 105 5.51987
148 106 5.55781
148 107 5.59138
148 108 5.63685
148 109 5.64308
148 110 5.65126
148 111 5.66974
148 112 5.73251
148 113 5.75638
148 114 5.75912
148 115 5.84119
148 116 5.84308
148 117 5.95826
148 118 5.96634
148 119 6.02648
148 120 6.03527
148 121 6.09017
148 122 6.12307
148 123 6.15799
148 124 6.1666
148 125 6.1847
148 126 6.18971
148 127 6.24737
148 128 6.31364
148 129 6.32355
148 130 6.34287
148 131 6.39212
148 132 6.39555
148 133 6.45897
148 134 6.45991
148 135 6.47364
148 136 6.51672
148 137 6.55194
148 138 6.58286
148 139 6.6067
148 140 6.60823
148 141 6.61844
148 142 6.64987
148 143 6.68286
148 144 6.70087
148 145 6.71624
148 146 6.75334
148 147 6.78653
148 148 6.86158
148 149 6.8924
148 150 6.91435
148 151 7.02404
148 152 7.0387
148 153 7.03911
148 154 7.05757
148 155 7.0632
148 156 7.08929
148 157 7.10045
148 158 7.10045
148 159 7.13201
148 160 7.13343
148 161 7.19472
148 162 7.20984
148 163 7.22986
148 164 7.24955
148 165 7.29032
148 166 7.31475
148 167 7.34912
148 168 7.37087
148 169 7.38818
148 170 7.3945
148 171 7.40714
148 172 7.41168
148 173 7.41609
148 174 7.50736
148 175 7.57035
148 176 7.60265
148 177 7.6614
148 178 7.75599
148 179 7.86554
148 180 7.90327
148 181 7.92404
148 182 7.96435
148 183 7.98397
148 184 8.02581
148 185 8.04179
148 186 8.12621
148 187 8.16615
148 188 8.17992
148 189 8.253
148 190 8.27263
148 191 8.41989
148 192 8.46388
148 193 8.57673
148 194 8.79942
148 195 8.95797
148 196 9.20531
148 197 9.53718
148 198 9.5807
148 199 10.0914
149 0 5.09026 1 18 31 12 15 34 20 7 30 4 32 23 22 21 2 33 19 29 27 5 25 28 6 13 17 16 3 14 9 8 24 11 10 26 1 
149 1 5.09026
149 2 5.09026
149 3 5.09026
149 4 5.09026
149 5 5.09026
149 6 5.09026
149 7 5.09026
149 8 5.09026
149 9 5.09026
149 10 5.09026
149 11 5.09026
149 12 5.09026
149 13 5.09026
149 14 5.09026
149 15 5.09026
149 16 5.09026
149 17 5.09026
149 18 5.09026
149 19 5.09026
149 20 5.09026
149 21 5.09026
149 22 5.09026
149 23 5.09026
149 24 5.09026
149 25 5.09026
149 26 5.09026
149 27 5.09026
149 28 5.09026
149 29 5.09026
149 30 5.09026
149 31 5.09026
149 32 5.09026
149 33 5.09026
149 34 5.09026
149 35 5.09026
149 36 5.09026
149 37 5.09026
149 38 5.09026
149 39 5.09026
149 40 5.09026
149 41 5.09026
149 42 5.09026
149 43 5.09026
149 44 5.09026
149 45 5.09026
149 46 5.09026
149 47 5.09026
149 48 5.09026
149 49 5.09026
149 50 5.09026
149 51 5.09026
149 52 5.09026
149 53 5.09026
149 54 5.09026
149 55 5.09026
149 56 5.09026
149 57 5.09026
149 58 5.09026
149 59 5.09026
149 60 5.09026
149 61 5.09026
149 62 5.09026
149 63 5.09026
149 64 5.09026
149 65 5.09026
149 66 5.09026
149 67 5.09026
149 68 5.09026
149 69 5.09026
149 70 5.09026
149 71 5.09026
149 72 5.09026
149 73 5.09026
149 74 5.09026
149 75 5.09026
149 76 5.09026
149 77 5.09026
149 78 5.09026
149 79 5.09026
149 80 5.09026
149 81 5.09026
149 82 5.09026
149 83 5.09026
149 84 5.09026
149 85 5.09026
149 86 5.09026
149 87 5.09026
149 88 5.09026
149 89 5.09026
149 90 5.09026
149 91 5.09026
149 92 5.09026
149 93 5.09026
149 94 5.09026
149 95 5.09026
149 96 5.09026
149 97 5.09026
149 98 5.09849
149 99 5.17385
149 100 5.30233
149 101 5.39801
149 102 5.42213
149 103 5.43989
149 104 5.45999
149 105 5.52905
149 106 5.55781
149 107 5.5835
149 108 5.6137
149 109 5.71055
149 110 5.71598
149 111 5.73028
149 112 5.75912
149 113 5.76898
149 114 5.77477
149 115 5.84119
149 116 5.85284
149 117 5.89683
149 118 5.91897
149 119 5.93813
149 120 5.9541
149 121 6.02648
149 122 6.02648
149 123 6.06443
149 124 6.07593
149 125 6.1071
149 126 6.13047
149 127 6.1666
149 128 6.22021
149 129 6.25288
149 130 6.32355
149 131 6.33225
149 132 6.33673
149 133 6.35691
149 134 6.36441
149 135 6.36752
149 136 6.41226
149 137 6.47009
149 138 6.49134
149 139 6.53614
149 140 6.53855
149 141 6.58286
149 142 6.60823
149 143 6.61945
149 144 6.66754
149 145 6.70087
149 146 6.72127
149 147 6.74464
149 148 6.74991
149 149 6.75334
149 150 6.75425
149 151 6.76579
149 152 6.76975
149 153 6.77014
149 154 6.77014
149 155 6.78405
149 156 6.79448
149 157 6.79886
149 158 6.83547
149 159 6.83881
149 160 6.86158
149 161 6.8782
149 162 6.8924
149 163 6.91435
149 164 6.9982
149 165 7.01923
149 166 7.04079
149 167 7.05007
149 168 7.11673
149 169 7.18801
149 170 7.24126
149 171 7.27694
149 172 7.31028
149 173 7.31475
149 174 7.32796
149 175 7.34904
149 176 7.3862
149 177 7.41168
149 178 7.43485
149 179 7.52025
149 180 7.62057
149 181 7.64619
149 182 7.6614
149 183 7.82654
149 184 7.83392
149 185 7.86411
149 186 7.89926
149 187 7.92404
149 188 7.97506
149 189 8.12644
149 190 8.27263
149 191 8.30622
149 192 8.40231
149 193 8.54133
149 194 8.68558
149 195 8.73924
149 196 8.74862
149 197 9.0903
149 198 9.39694
149 199 10.655
150 0 5.09026 1 18 31 12 15 34 20 7 30 4 32 23 22 21 2 33 19 29 27 5 25 28 6 13 17 16 3 14 9 8 24 11 10 26 1 
150 1 5.09026
150 2 5.09026
150 3 5.09026
150 4 5.09026
150 5 5.09026
150 6 5.09026
150 7 5.09026
150 8 5.09026
150 9 5.09026
150 10 5.09026
150 11 5.09026
150 12 5.09026
150 13 5.09026
150 14 5.09026
150 15 5.09026
150 16 5.09026
150 17 5.09026
150 18 5.09026
150 19 5.09026
150 20 5.09026
150 21 5.09026
150 22 5.09026
150 23 5.09026
150 24 5.09026
150 25 5.09026
150 26 5.09026
150 27 5.09026
150 28 5.09026
150 29 5.09026
150 30 5.09026
150 31 5.09026
150 32 5.09026
150 33 5.09026
150 34 5.09026
150 35 5.09026
150 36 5.09026
150 37 5.09026
150 38 5.09026
150 39 5.09026
150 40 5.09026
150 41 5.09026
150 42 5.09026
150 43 5.09026
150 44 5.09026
150 45 5.09026
150 46 5.09026
150 47 5.09026
150 48 5.09026
150 49 5.09026
150 50 5.09026
150 51 5.09026
150 52 5.09026
150 53 5.09026
150 54 5.09026
150 55 5.09026
150 56 5.09026
150 57 5.09026
150 58 5.09026
150 59 5.09026
150 60 5.09026
150 61 5.09026
150 62 5.09026
150 63 5.09026
150 64 5.09026
150 65 5.09026
150 66 5.09026
150 67 5.09026
150 68 5.09026
150 69 5.09026
150 70 5.09026
150 71 5.09026
150 72 5.09026
150 73 5.09026
150 74 5.09026
150 75 5.09026
150 76 5.09026
150 77 5.09026
150 78 5.09026
150 79 5.09026
150 80 5.09026
150 81 5.09026
150 82 5.09026
150 83 5.09026
150 84 5.09026
150 85 5.09026
150 86 5.09026
150 87 5.09026
150 88 5.09026
150 89 5.09026
150 90 5.09026
150 91 5.09026
150 92 5.09026
150 93 5.09026
150 94 5.09026
150 95 5.09026
150 96 5.09026
150 97 5.09026
150 98 5.09026
150 99 5.09026
150 100 5.09026
150 101 5.11802
150 102 5.16981
150 103 5.17385
150 104 5.17385
150 105 5.24928
150 106 5.25664
150 107 5.30233
150 108 5.35658
150 109 5.36601
150 110 5.37507
150 111 5.38125
150 112 5.43989
150 113 5.49749
150 114 5.52729
150 115 5.54069
150 116 5.55667
150 117 5.61127
150 118 5.66644
150 119 5.72576
150 120 5.73803
150 121 5.75912
150 122 5.76029
150 123 5.78786
150 124 5.81577
150 125 5.85284
150 126 5.85333
150 127 5.89122
150 128 5.91897
150 129 5.942
150 130 5.94283
150 131 5.9541
150 132 5.9541
150 133 5.98352
150 134 6.02648
150 135 6.02648
150 136 6.08406
150 137 6.09371
150 138 6.09776
150 139 6.10553
150 140 6.1071
150 141 6.11094
150 142 6.13047
150 143 6.14845
150 144 6.24157
150 145 6.25174
150 146 6.30244
150 147 6.3998
150 148 6.40605
150 149 6.41341
150 150 6.43524
150 151 6.49134
150 152 6.57575
150 153 6.58745
150 154 6.6002
150 155 6.60799
150 156 6.6258
150 157 6.63835
150 158 6.65055
150 159 6.65606
150 160 6.65771
150 161 6.71411
150 162 6.73994
150 163 6.7428
150 164 6.81509
150 165 6.82835
150 166 6.83664
150 167 6.87655
150 168 6.90209
150 169 6.90756
150 170 6.91435
150 171 6.98374
150 172 6.98659
150 173 6.98706
150 174 6.99042
150 175 6.99741
150 176 7.04079
150 177 7.04079
150 178 7.10766
150 179 7.12304
150 180 7.17332
150 181 7.20095
150 182 7.27165
150 183 7.32955
150 184 7.41168
150 185 7.52025
150 186 7.61692
150 187 7.73323
150 188 7.75877
150 189 7.79514
150 190 7.83392
150 191 8.01506
150 192 8.29645
150 193 8.30622
150 194 8.32329
150 195 8.40231
150 196 8.91753
150 197 8.93161
150 198 9.2749
150 199 10.5896
151 0 5.09026 1 18 31 12 15 34 20 7 30 4 32 23 22 21 2 33 19 29 27 5 25 28 6 13 17 16 3 14 9 8 24 11 10 26 1 
151 1 5.09026
151 2 5.09026
151 3 5.09026
151 4 5.09026
151 5 5.09026
151 6 5.09026
151 7 5.09026
151 8 5.09026
151 9 5.09026
151 10 5.09026
151 11 5.09026
151 12 5.09026
151 13 5.09026
151 14 5.09026
151 15 5.09026
151 16 5.09026
151 17 5.09026
151 18 5.09026
151 19 5.09026
151 20 5.09026
151 21 5.09026
151 22 5.09026
151 23 5.09026
151 24 5.09026
151 25 5.09026
151 26 5.09026
151 27 5.09026
151 28 5.09026
151 29 5.09026
151 30 5.09026
151 31 5.09026
151 32 5.09026
151 33 5.09026
151 34 5.09026
151 35 5.09026
151 36 5.09026
151 37 5.09026
151 38 5.09026
151 39 5.09026
151 40 5.09026
151 41 5.09026
151 42 5.09026
151 43 5.09026
151 44 5.09026
151 45 5.09026
151 46 5.09026
151 47 5.09026
151 48 5.09026
151 49 5.09026
151 50 5.09026
151 51 5.09026
151 52 5.09026
151 53 5.09026
151 54 5.09026
151 55 5.09026
151 56 5.09026
151 57 5.09026
151 58 5.09026
151 59 5.09026
151 60 5.09026
151 61 5.09026
151 62 5.09026
151 63 5.09026
151 64 5.09026
151 65 5.09026
151 66 5.09026
151 67 5.09026
151 68 5.09026
151 69 5.09026
151 70 5.09026
151 71 5.09026
151 72 5.09026
151 73 5.09026
151 74 5.09026
151 75 5.09026
151 76 5.09026
151 77 5.09026
151 78 5.09026
151 79 5.09026
151 80 5.09026
151 81 5.09026
151 82 5.09026
151 83 5.09026
151 84 5.09026
151 85 5.09026
151 86 5.09026
151 87 5.09026
151 88 5.09026
151 89 5.09026
151 90 5.09026
151 91 5.09026
151 92 5.09026
151 93 5.09026
151 94 5.09026
151 95 5.09026
151 96 5.09026
151 97 5.09026
151 98 5.09026
151 99 5.09026
151 100 5.09026
151 101 5.09026
151 102 5.09026
151 103 5.09026
151 104 5.09026
151 105 5.09026
151 106 5.09026
151 107 5.09026
151 108 5.09026
151 109 5.09026
151 110 5.09026
151 111 5.09026
151 112 5.11146
151 113 5.16981
151 114 5.22625
151 115 5.31427
151 116 5.32822
151 117 5.38125
151 118 5.43989
151 119 5.46497
151 120 5.49334
151 121 5.52729
151 122 5.52905
151 123 5.52905
151 124 5.653
151 125 5.69659
151 126 5.73803
151 127 5.78786
151 128 5.79201
151 129 5.80278
151 130 5.80278
151 131 5.83402
151 132 5.85817
151 133 5.86819
151 134 5.87147
151 135 5.90716
151 136 5.91492
151 137 5.95826
151 138 5.98352
151 139 5.99939
151 140 6.06222
151 141 6.08406
151 142 6.08773
151 143 6.08962
151 144 6.1045
151 145 6.10553
151 146 6.11094
151 147 6.18267
151 148 6.20728
151 149 6.21098
151 150 6.2397
151 151 6.25324
151 152 6.26446
151 153 6.30231
151 154 6.34547
151 155 6.38194
151 156 6.39313
151 157 6.43524
151 158 6.4429
151 159 6.45733
151 160 6.55007
151 161 6.59861
151 162 6.60933
151 163 6.6258
151 164 6.63835
151 165 6.67739
151 166 6.67946
151 167 6.69325
151 168 6.86162
151 169 6.89826
151 170 6.90186
151 171 6.94272
151 172 7.01856
151 173 7.02694
151 174 7.08334
151 175 7.08399
151 176 7.10497
151 177 7.27165
151 178 7.29835
151 179 7.33499
151 180 7.3603
151 181 7.40714
151 182 7.47134
151 183 7.50511
151 184 7.5917
151 185 7.65897
151 186 7.70861
151 187 7.75877
151 188 7.88595
151 189 8.07091
151 190 8.22127
151 191 8.27927
151 192 8.40788
151 193 8.43496
151 194 8.44296
151 195 8.57673
151 196 8.71429
151 197 9.15173
151 198 9.65996
151 199 11.142
152 0 5.09026 1 18 31 12 15 34 20 7 30 4 32 23 22 21 2 33 19 29 27 5 25 28 6 13 17 16 3 14 9 8 24 11 10 26 1 
152 1 5.09026
152 2 5.09026
152 3 5.09026
152 4 5.09026
152 5 5.09026
152 6 5.09026
152 7 5.09026
152 8 5.09026
152 9 5.09026
152 10 5.09026
152 11 5.09026
152 12 5.09026
152 13 5.09026
152 14 5.09026
152 15 5.09026
152 16 5.09026
152 17 5.09026
152 18 5.09026
152 19 5.09026
152 20 5.09026
152 21 5.09026
152 22 5.09026
152 23 5.09026
152 24 5.09026
152 25 5.09026
152 26 5.09026
152 27 5.09026
152 28 5.09026
152 29 5.09026
152 30 5.09026
152 31 5.09026
152 32 5.09026
152 33 5.09026
152 34 5.09026
152 35 5.09026
152 36 5.09026
152 37 5.09026
152 38 5.09026
152 39 5.09026
152 40 5.09026
152 41 5.09026
152 42 5.09026
152 43 5.09026
152 44 5.09026
152 45 5.09026
152 46 5.09026
152 47 5.09026
152 48 5.09026
152 49 5.09026
152 50 5.09026
152 51 5.09026
152 52 5.09026
152 53 5.09026
152 54 5.09026
152 55 5.09026
152 56 5.09026
152 57 5.09026
152 58 5.09026
152 59 5.09026
152 60 5.09026
152 61 5.09026
152 62 5.09026
152 63 5.09026
152 64 5.09026
152 65 5.09026
152 66 5.09026
152 67 5.09026
152 68 5.09026
152 69 5.09026
152 70 5.09026
152 71 5.09026
152 72 5.09026
152 73 5.09026
152 74 5.09026
152 75 5.09026
152 76 5.09026
152 77 5.09026
152 78 5.09026
152 79 5.09026
152 80 5.09026
152 81 5.09026
152 82 5.09026
152 83 5.09026
152 84 5.09026
152 85 5.09026
152 86 5.09026
152 87 5.09026
152 88 5.09026
152 89 5.09026
152 90 5.09026
152 91 5.09026
152 92 5.09026
152 93 5.09026
152 94 5.09026
152 95 5.09026
152 96 5.09026
152 97 5.09026
152 98 5.09026
152 99 5.09026
152 100 5.09026
152 101 5.09026
152 102 5.09026
152 103 5.09026
152 104 5.09026
152 105 5.09026
152 106 5.09026
152 107 5.09026
152 108 5.09026
152 109 5.09026
152 110 5.09026
152 111 5.09026
152 112 5.09026
152 113 5.29095
152 114 5.32596
152 115 5.34815
152 116 5.35591
152 117 5.37507
152 118 5.41005
152 119 5.44218
152 120 5.47113
152 121 5.52729
152 122 5.52905
152 123 5.53048
152 124 5.53487
152 125 5.58505
152 126 5.60395
152 127 5.63464
152 128 5.69032
152 129 5.74262
152 130 5.75626
152 131 5.77973
152 132 5.81152
152 133 5.81919
152 134 5.82185
152 135 5.83769
152 136 5.84046
152 137 5.86819
152 138 5.86819
152 139 5.89108
152 140 5.91897
152 141 5.94058
152 142 5.96655
152 143 5.97074
152 144 6.06991
152 145 6.08882
152 146 6.15001
152 147 6.17541
152 148 6.18267
152 149 6.20979
152 150 6.21098
152 151 6.22202
152 152 6.25258
152 153 6.2895
152 154 6.32206
152 155 6.44772
152 156 6.49007
152 157 6.49007
152 158 6.49426
152 159 6.50518
152 160 6.51665
152 161 6.57305
152 162 6.60199
152 163 6.62669
152 164 6.69848
152 165 6.73001
152 166 6.79342
152 167 6.86162
152 168 7.01459
152 169 7.01856
152 170 7.04679
152 171 7.08334
152 172 7.08399
152 173 7.08528
152 174 7.08622
152 175 7.13832
152 176 7.17051
152 177 7.21888
152 178 7.2565
152 179 7.31794
152 180 7.35076
152 181 7.40714
152 182 7.45254
152 183 7.56056
152 184 7.70348
152 185 7.71671
152 186 7.79893
152 187 7.80779
152 188 7.85257
152 189 7.88595
152 190 7.91895
152 191 8.04681
152 192 8.07091
152 193 8.1044
152 194 8.17517
152 195 8.25255
152 196 8.43496
152 197 8.44296
152 198 8.77774
152 199 10.0021
153 0 5.09026 1 18 31 12 15 34 20 7 30 4 32 23 22 21 2 33 19 29 27 5 25 28 6 13 17 16 3 14 9 8 24 11 10 26 1 
153 1 5.09026
153 2 5.09026
153 3 5.09026
153 4 5.09026
153 5 5.09026
153 6 5.09026
153 7 5.09026
153 8 5.09026
153 9 5.09026
153 10 5.09026
153 11 5.09026
153 12 5.09026
153 13 5.09026
153 14 5.09026
153 15 5.09026
153 16 5.09026
153 17 5.09026
153 18 5.09026
153 19 5.09026
153 20 5.09026
153 21 5.09026
153 22 5.09026
153 23 5.09026
153 24 5.09026
153 25 5.09026
153 26 5.09026
153 27 5.09026
153 28 5.09026
153 29 5.09026
153 30 5.09026
153 31 5.09026
153 32 5.09026
153 33 5.09026
153 34 5.09026
153 35 5.09026
153 36 5.09026
153 37 5.09026
153 38 5.09026
153 39 5.09026
153 40 5.09026
153 41 5.09026
153 42 5.09026
153 43 5.09026
153 44 5.09026
153 45 5.09026
153 46 5.09026
153 47 5.09026
153 48 5.09026
153 49 5.09026
153 50 5.09026
153 51 5.09026
153 52 5.09026
153 53 5.09026
153 54 5.09026
153 55 5.09026
153 56 5.09026
153 57 5.09026
153 58 5.09026
153 59 5.09026
153 60 5.09026
153 61 5.09026
153 62 5.09026
153 63 5.09026
153 64 5.09026
153 65 5.09026
153 66 5.09026
153 67 5.09026
153 68 5.09026
153 69 5.09026
153 70 5.09026
153 71 5.09026
153 72 5.09026
153 73 5.09026
153 74 5.09026
153 75 5.09026
153 76 5.09026
153 77 5.09026
153 78 5.09026
153 79 5.09026
153 80 5.09026
153 81 5.09026
153 82 5.09026
153 83 5.09026
153 84 5.09026
153 85 5.09026
153 86 5.09026
153 87 5.09026
153 88 5.09026
153 89 5.09026
153 90 5.09026
153 91 5.09026
153 92 5.09026
153 93 5.09026
153 94 5.09026
153 95 5.09026
153 96 5.09026
153 97 5.09026
153 98 5.09026
153 99 5.09026
153 100 5.09026
153 101 5.09026
153 102 5.09026
153 103 5.09026
153 104 5.09026
153 105 5.09026
153 106 5.10805
153 107 5.24913
153 108 5.2706
153 109 5.30001
153 110 5.35658
153 111 5.36843
153 112 5.37358
153 113 5.37358
153 114 5.37507
153 115 5.47592
153 116 5.50845
153 117 5.55199
153 118 5.60395
153 119 5.60395
153 120 5.63447
153 121 5.64308
153 122 5.6726
153 123 5.71016
153 124 5.71634
153 125 5.7665
153 126 5.80077
153 127 5.80915
153 128 5.83151
153 129 5.86956
153 130 5.87411
153 131 5.88196
153 132 5.91423
153 133 5.91997
153 134 5.94058
153 135 6.00335
153 136 6.02223
153 137 6.08882
153 138 6.15001
153 139 6.20565
153 140 6.21479
153 141 6.32206
153 142 6.35245
153 143 6.36974
153 144 6.39084
153 145 6.40411
153 146 6.42797
153 147 6.43667
153 148 6.44772
153 149 6.47311
153 150 6.47938
153 151 6.49007
153 152 6.50168
153 153 6.51136
153 154 6.51929
153 155 6.62669
153 156 6.62669
153 157 6.65771
153 158 6.69406
153 159 6.71624
153 160 6.74487
153 161 6.77014
153 162 6.82516
153 163 6.86198
153 164 6.88829
153 165 6.897
153 166 6.93155
153 167 6.94386
153 168 6.99995
153 169 7.01437
153 170 7.04487
153 171 7.08528
153 172 7.08528
153 173 7.08619
153 174 7.10045
153 175 7.17051
153 176 7.18136
153 177 7.26825
153 178 7.28447
153 179 7.37522
153 180 7.38555
153 181 7.38711
153 182 7.45254
153 183 7.56056
153 184 7.71296
153 185 7.77096
153 186 7.84644
153 187 7.85257
153 188 7.85514
153 189 7.86698
153 190 7.91895
153 191 7.96981
153 192 8.06073
153 193 8.06547
153 194 8.1538
153 195 8.4444
153 196 8.70318
153 197 8.90139
153 198 8.92768
153 199 9.26265
154 0 5.09026 1 18 31 12 15 34 20 7 30 4 32 23 22 21 2 33 19 29 27 5 25 28 6 13 17 16 3 14 9 8 24 11 10 26 1 
154 1 5.09026
154 2 5.09026
154 3 5.09026
154 4 5.09026
154 5 5.09026
154 6 5.09026
154 7 5.09026
154 8 5.09026
154 9 5.09026
154 10 5.09026
154 11 5.09026
154 12 5.09026
154 13 5.09026
154 14 5.09026
154 15 5.09026
154 16 5.09026
154 17 5.09026
154 18 5.09026
154 19 5.09026
154 20 5.09026
154 21 5.09026
154 22 5.09026
154 23 5.09026
154 24 5.09026
154 25 5.09026
154 26 5.09026
154 27 5.09026
154 28 5.09026
154 29 5.09026
154 30 5.09026
154 31 5.09026
154 32 5.09026
154 33 5.09026
154 34 5.09026
154 35 5.09026
154 36 5.09026
154 37 5.09026
154 38 5.09026
154 39 5.09026
154 40 5.09026
154 41 5.09026
154 42 5.09026
154 43 5.09026
154 44 5.09026
154 45 5.09026
154 46 5.09026
154 47 5.09026
154 48 5.09026
154 49 5.09026
154 50 5.09026
154 51 5.09026
154 52 5.09026
154 53 5.09026
154 54 5.09026
154 55 5.09026
154 56 5.09026
154 57 5.09026
154 58 5.09026
154 59 5.09026
154 60 5.09026
154 61 5.09026
154 62 5.09026
154 63 5.09026
154 64 5.09026
154 65 5.09026
154 66 5.09026
154 67 5.09026
154 68 5.09026
154 69 5.09026
154 70 5.09026
154 71 5.09026
154 72 5.09026
154 73 5.09026
154 74 5.09026
154 75 5.09026
154 76 5.09026
154 77 5.09026
154 78 5.09026
154 79 5.09026
154 80 5.09026
154 81 5.09026
154 82 5.09026
154 83 5.09026
154 84 5.09026
154 85 5.09026
154 86 5.09026
154 87 5.09026
154 88 5.09026
154 89 5.09026
154 90 5.09026
154 91 5.09026
154 92 5.09026
154 93 5.09026
154 94 5.09026
154 95 5.09026
154 96 5.09026
154 97 5.09026
154 98 5.09026
154 99 5.09026
154 100 5.09026
154 101 5.09026
154 102 5.09026
154 103 5.09026
154 104 5.09026
154 105 5.09026
154 106 5.09026
154 107 5.09026
154 108 5.09026
154 109 5.09026
154 110 5.09764
154 111 5.12456
154 112 5.24913
154 113 5.35658
154 114 5.35658
154 115 5.37507
154 116 5.38659
154 117 5.4429
154 118 5.4429
154 119 5.51447
154 120 5.63447
154 121 5.63878
154 122 5.6394
154 123 5.67202
154 124 5.74561
154 125 5.77973
154 126 5.83151
154 127 5.83264
154 128 5.84249
154 129 5.84401
154 130 5.89379
154 131 5.91997
154 132 5.94058
154 133 5.94416
154 134 5.97047
154 135 5.99432
154 136 6.01671
154 137 6.02116
154 138 6.08882
154 139 6.13401
154 140 6.15575
154 141 6.16808
154 142 6.20565
154 143 6.21479
154 144 6.25024
154 145 6.25458
154 146 6.34254
154 147 6.35854
154 148 6.36332
154 149 6.43667
154 150 6.44426
154 151 6.44772
154 152 6.60082
154 153 6.60701
154 154 6.63835
154 155 6.65507
154 156 6.65771
154 157 6.66295
154 158 6.74155
154 159 6.79661
154 160 6.83562
154 161 6.87645
154 162 6.88967
154 163 6.89298
154 164 6.93155
154 165 6.93739
154 166 6.9937
154 167 7.04315
154 168 7.05779
154 169 7.0927
154 170 7.10497
154 171 7.16484
154 172 7.18136
154 173 7.19527
154 174 7.26276
154 175 7.38711
154 176 7.55166
154 177 7.56056
154 178 7.5806
154 179 7.58773
154 180 7.71296
154 181 7.72966
154 182 7.7432
154 183 7.76772
154 184 7.78414
154 185 7.9736
154 186 7.9957
154 187 8.02221
154 188 8.03892
154 189 8.0927
154 190 8.12778
154 191 8.17713
154 192 8.27212
154 193 8.35905
154 194 8.41396
154 195 8.44474
154 196 8.47418
154 197 8.58018
154 198 8.95356
154 199 9.76326
155 0 5.09026 1 18 31 12 15 34 20 7 30 4 32 23 22 21 2 33 19 29 27 5 25 28 6 13 17 16 3 14 9 8 24 11 10 26 1 
155 1 5.09026
155 2 5.09026
155 3 5.09026
155 4 5.09026
155 5 5.09026
155 6 5.09026
155 7 5.09026
155 8 5.09026
155 9 5.09026
155 10 5.09026
155 11 5.09026
155 12 5.09026
155 13 5.09026
155 14 5.09026
155 15 5.09026
155 16 5.09026
155 17 5.09026
155 18 5.09026
155 19 5.09026
155 20 5.09026
155 21 5.09026
155 22 5.09026
155 23 5.09026
155 24 5.09026
155 25 5.09026
155 26 5.09026
155 27 5.09026
155 28 5.09026
155 29 5.09026
155 30 5.09026
155 31 5.09026
155 32 5.09026
155 33 5.09026
155 34 5.09026
155 35 5.09026
155 36 5.09026
155 37 5.09026
155 38 5.09026
155 39 5.09026
155 40 5.09026
155 41 5.09026
155 42 5.09026
155 43 5.09026
155 44 5.09026
155 45 5.09026
155 46 5.09026
155 47 5.09026
155 48 5.09026
155 49 5.09026
155 50 5.09026
155 51 5.09026
155 52 5.09026
155 53 5.09026
155 54 5.09026
155 55 5.09026
155 56 5.09026
155 57 5.09026
155 58 5.09026
155 59 5.09026
155 60 5.09026
155 61 5.09026
155 62 5.09026
155 63 5.09026
155 64 5.09026
155 65 5.09026
155 66 5.09026
155 67 5.09026
155 68 5.09026
155 69 5.09026
155 70 5.09026
155 71 5.09026
155 72 5.09026
155 73 5.09026
155 74 5.09026
155 75 5.09026
155 76 5.09026
155 77 5.09026
155 78 5.09026
155 79 5.09026
155 80 5.09026
155 81 5.09026
155 82 5.09026
155 83 5.09026
155 84 5.09026
155 85 5.09026
155 86 5.09026
155 87 5.09026
155 88 5.09026
155 89 5.09026
155 90 5.09026
155 91 5.09026
155 92 5.09026
155 93 5.09026
155 94 5.09026
155 95 5.09026
155 96 5.09026
155 97 5.09026
155 98 5.09026
155 99 5.09026
155 100 5.09026
155 101 5.09026
155 102 5.09026
155 103 5.09026
155 104 5.09764
155 105 5.1463
155 106 5.22625
155 107 5.25358
155 108 5.33767
155 109 5.34815
155 110 5.35658
155 111 5.38659
155 112 5.41005
155 113 5.4429
155 114 5.52905
155 115 5.54366
155 116 5.66974
155 117 5.70922
155 118 5.77973
155 119 5.82802
155 120 5.88335
155 121 5.90992
155 122 5.93597
155 123 5.94058
155 124 5.95826
155 125 6.01671
155 126 6.0223
155 127 6.04069
155 128 6.04794
155 129 6.04865
155 130 6.08882
155 131 6.13512
155 132 6.15414
155 133 6.15934
155 134 6.16049
155 135 6.1786
155 136 6.19176
155 137 6.19958
155 138 6.21479
155 139 6.34333
155 140 6.41523
155 141 6.42244
155 142 6.45991
155 143 6.50222
155 144 6.50292
155 145 6.52032
155 146 6.65507
155 147 6.66295
155 148 6.69278
155 149 6.69694
155 150 6.70234
155 151 6.71004
155 152 6.73285
155 153 6.73487
155 154 6.77014
155 155 6.7826
155 156 6.83496
155 157 6.86077
155 158 6.89298
155 159 6.91552
155 160 6.93221
155 161 6.95413
155 162 7.03301
155 163 7.03956
155 164 7.04192
155 165 7.09067
155 166 7.10045
155 167 7.26885
155 168 7.38711
155 169 7.38711
155 170 7.56056
155 171 7.63774
155 172 7.63966
155 173 7.68807
155 174 7.72342
155 175 7.74889
155 176 7.75841
155 177 7.83796
155 178 7.87449
155 179 7.89204
155 180 7.98433
155 181 8.00221
155 182 8.03001
155 183 8.04681
155 184 8.16817
155 185 8.22706
155 186 8.30714
155 187 8.31464
155 188 8.35389
155 189 8.35905
155 190 8.35973
155 191 8.39847
155 192 8.40894
155 193 8.41396
155 194 8.46921
155 195 8.94446
155 196 9.09414
155 197 9.09511
155 198 10.108
155 199 11.7489
156 0 5.09026 1 18 31 12 15 34 20 7 30 4 32 23 22 21 2 33 19 29 27 5 25 28 6 13 17 16 3 14 9 8 24 11 10 26 1 
156 1 5.09026
156 2 5.09026
156 3 5.09026
156 4 5.09026
156 5 5.09026
156 6 5.09026
156 7 5.09026
156 8 5.09026
156 9 5.09026
156 10 5.09026
156 11 5.09026
156 12 5.09026
156 13 5.09026
156 14 5.09026
156 15 5.09026
156 16 5.09026
156 17 5.09026
156 18 5.09026
156 19 5.09026
156 20 5.09026
156 21 5.09026
156 22 5.09026
156 23 5.09026
156 24 5.09026
156 25 5.09026
156 26 5.09026
156 27 5.09026
156 28 5.09026
156 29 5.09026
156 30 5.09026
156 31 5.09026
156 32 5.09026
156 33 5.09026
156 34 5.09026
156 35 5.09026
156 36 5.09026
156 37 5.09026
156 38 5.09026
156 39 5.09026
156 40 5.09026
156 41 5.09026
156 42 5.09026
156 43 5.09026
156 44 5.09026
156 45 5.09026
156 46 5.09026
156 47 5.09026
156 48 5.09026
156 49 5.09026
156 50 5.09026
156 51 5.09026
156 52 5.09026
156 53 5.09026
156 54 5.09026
156 55 5.09026
156 56 5.09026
156 57 5.09026
156 58 5.09026
156 59 5.09026
156 60 5.09026
156 61 5.09026
156 62 5.09026
156 63 5.09026
156 64 5.09026
156 65 5.09026
156 66 5.09026
156 67 5.09026
156 68 5.09026
156 69 5.09026
156 70 5.09026
156 71 5.09026
156 72 5.09026
156 73 5.09026
156 74 5.09026
156 75 5.09026
156 76 5.09026
156 77 5.09026
156 78 5.09026
156 79 5.09026
156 80 5.09026
156 81 5.09026
156 82 5.09026
156 83 5.09026
156 84 5.09026
156 85 5.09026
156 86 5.09026
156 87 5.09026
156 88 5.09026
156 89 5.09026
156 90 5.09026
156 91 5.09026
156 92 5.09026
156 93 5.09026
156 94 5.09026
156 95 5.09026
156 96 5.09026
156 97 5.09026
156 98 5.09026
156 99 5.09026
156 100 5.09026
156 101 5.09026
156 102 5.09026
156 103 5.09026
156 104 5.09026
156 105 5.09026
156 106 5.09026
156 107 5.09026
156 108 5.09026
156 109 5.09026
156 110 5.09026
156 111 5.09026
156 112 5.09026
156 113 5.11146
156 114 5.1463
156 115 5.1463
156 116 5.22625
156 117 5.30574
156 118 5.32159
156 119 5.34815
156 120 5.34815
156 121 5.34815
156 122 5.34815
156 123 5.38659
156 124 5.41005
156 125 5.44218
156 126 5.45999
156 127 5.46736
156 128 5.50154
156 129 5.52412
156 130 5.52905
156 131 5.52905
156 132 5.57864
156 133 5.64028
156 134 5.67332
156 135 5.72104
156 136 5.73843
156 137 5.75089
156 138 5.82802
156 139 5.84942
156 140 5.88335
156 141 5.89795
156 142 5.90992
156 143 5.92626
156 144 5.93597
156 145 5.955
156 146 5.98771
156 147 6.03286
156 148 6.07593
156 149 6.0763
156 150 6.08048
156 151 6.12089
156 152 6.15471
156 153 6.16049
156 154 6.1786
156 155 6.19176
156 156 6.19788
156 157 6.28592
156 158 6.3169
156 159 6.33195
156 160 6.35414
156 161 6.41241
156 162 6.42244
156 163 6.52842
156 164 6.53614
156 165 6.53983
156 166 6.59286
156 167 6.65587
156 168 6.71066
156 169 6.78683
156 170 6.79298
156 171 6.82371
156 172 6.9043
156 173 6.90708
156 174 6.9649
156 175 7.03204
156 176 7.06743
156 177 7.14237
156 178 7.1547
156 179 7.1952
156 180 7.19939
156 181 7.35276
156 182 7.48227
156 183 7.48822
156 184 7.56056
156 185 7.5806
156 186 7.87702
156 187 7.97419
156 188 7.97723
156 189 7.98433
156 190 8.2138
156 191 8.25768
156 192 8.29594
156 193 8.3726
156 194 8.52365
156 195 8.66941
156 196 8.69829
156 197 8.71205
156 198 8.87646
156 199 9.1277
157 0 5.09026 1 18 31 12 15 34 20 7 30 4 32 23 22 21 2 33 19 29 27 5 25 28 6 13 17 16 3 14 9 8 24 11 10 26 1 
157 1 5.09026
157 2 5.09026
157 3 5.09026
157 4 5.09026
157 5 5.09026
157 6 5.09026
157 7 5.09026
157 8 5.09026
157 9 5.09026
157 10 5.09026
157 11 5.09026
157 12 5.09026
157 13 5.09026
157 14 5.09026
157 15 5.09026
157 16 5.09026
157 17 5.09026
157 18 5.09026
157 19 5.09026
157 20 5.09026
157 21 5.09026
157 22 5.09026
157 23 5.09026
157 24 5.09026
157 25 5.09026
157 26 5.09026
157 27 5.09026
157 28 5.09026
157 29 5.09026
157 30 5.09026
157 31 5.09026
157 32 5.09026
157 33 5.09026
157 34 5.09026
157 35 5.09026
157 36 5.09026
157 37 5.09026
157 38 5.09026
157 39 5.09026
157 40 5.09026
157 41 5.09026
157 42 5.09026
157 43 5.09026
157 44 5.09026
157 45 5.09026
157 46 5.09026
157 47 5.09026
157 48 5.09026
157 49 5.09026
157 50 5.09026
157 51 5.09026
157 52 5.09026
157 53 5.09026
157 54 5.09026
157 55 5.09026
157 56 5.09026
157 57 5.09026
157 58 5.09026
157 59 5.09026
157 60 5.09026
157 61 5.09026
157 62 5.09026
157 63 5.09026
157 64 5.09026
157 65 5.09026
157 66 5.09026
157 67 5.09026
157 68 5.09026
157 69 5.09026
157 70 5.09026
157 71 5.09026
157 72 5.09026
157 73 5.09026
157 74 5.09026
157 75 5.09026
157 76 5.09026
157 77 5.09026
157 78 5.09026
157 79 5.09026
157 80 5.09026
157 81 5.09026
157 82 5.09026
157 83 5.09026
157 84 5.09026
157 85 5.09026
157 86 5.09026
157 87 5.09026
157 88 5.09026
157 89 5.09026
157 90 5.09026
157 91 5.09026
157 92 5.09026
157 93 5.09026
157 94 5.09026
157 95 5.09026
157 96 5.09026
157 97 5.09026
157 98 5.09026
157 99 5.09026
157 100 5.09026
157 101 5.09026
157 102 5.09026
157 103 5.09026
157 104 5.09026
157 105 5.09026
157 106 5.09026
157 107 5.09026
157 108 5.09026
157 109 5.09026
157 110 5.09026
157 111 5.09026
157 112 5.09026
157 113 5.09026
157 114 5.09585
157 115 5.10805
157 116 5.11146
157 117 5.34815
157 118 5.34815
157 119 5.34815
157 120 5.34815
157 121 5.34815
157 122 5.34815
157 123 5.38493
157 124 5.386
157 125 5.43235
157 126 5.45713
157 127 5.46946
157 128 5.51987
157 129 5.52426
157 130 5.52905
157 131 5.52943
157 132 5.57864
157 133 5.5942
157 134 5.60395
157 135 5.70277
157 136 5.72282
157 137 5.7566
157 138 5.7566
157 139 5.77307
157 140 5.79412
157 141 5.80107
157 142 5.82802
157 143 5.89795
157 144 5.93998
157 145 5.9829
157 146 5.99189
157 147 5.99194
157 148 6.01689
157 149 6.03286
157 150 6.03678
157 151 6.10553
157 152 6.14651
157 153 6.1469
157 154 6.16049
157 155 6.1786
157 156 6.1847
157 157 6.19713
157 158 6.21228
157 159 6.22022
157 160 6.25324
157 161 6.25931
157 162 6.3145
157 163 6.36858
157 164 6.39313
157 165 6.42432
157 166 6.42653
157 167 6.4391
157 168 6.53548
157 169 6.57045
157 170 6.57155
157 171 6.65587
157 172 6.71939
157 173 6.77189
157 174 6.77387
157 175 6.78092
157 176 6.82636
157 177 6.86509
157 178 6.9649
157 179 6.97375
157 180 7.19939
157 181 7.26761
157 182 7.32793
157 183 7.42567
157 184 7.45492
157 185 7.46763
157 186 7.48513
157 187 7.50998
157 188 7.62411
157 189 7.66259
157 190 7.68415
157 191 7.75138
157 192 7.88601
157 193 7.99564
157 194 8.1944
157 195 8.26731
157 196 8.33467
157 197 8.38081
157 198 8.57673
157 199 9.11072
158 0 5.09026 1 18 31 12 15 34 20 7 30 4 32 23 22 21 2 33 19 29 27 5 25 28 6 13 17 16 3 14 9 8 24 11 10 26 1 
158 1 5.09026
158 2 5.09026
158 3 5.09026
158 4 5.09026
158 5 5.09026
158 6 5.09026
158 7 5.09026
158 8 5.09026
158 9 5.09026
158 10 5.09026
158 11 5.09026
158 12 5.09026
158 13 5.09026
158 14 5.09026
158 15 5.09026
158 16 5.09026
158 17 5.09026
158 18 5.09026
158 19 5.09026
158 20 5.09026
158 21 5.09026
158 22 5.09026
158 23 5.09026
158 24 5.09026
158 25 5.09026
158 26 5.09026
158 27 5.09026
158 28 5.09026
158 29 5.09026
158 30 5.09026
158 31 5.09026
158 32 5.09026
158 33 5.09026
158 34 5.09026
158 35 5.09026
158 36 5.09026
158 37 5.09026
158 38 5.09026
158 39 5.09026
158 40 5.09026
158 41 5.09026
158 42 5.09026
158 43 5.09026
158 44 5.09026
158 45 5.09026
158 46 5.09026
158 47 5.09026
158 48 5.09026
158 49 5.09026
158 50 5.09026
158 51 5.09026
158 52 5.09026
158 53 5.09026
158 54 5.09026
158 55 5.09026
158 56 5.09026
158 57 5.09026
158 58 5.09026
158 59 5.09026
158 60 5.09026
158 61 5.09026
158 62 5.09026
158 63 5.09026
158 64 5.09026
158 65 5.09026
158 66 5.09026
158 67 5.09026
158 68 5.09026
158 69 5.09026
158 70 5.09026
158 71 5.09026
158 72 5.09026
158 73 5.09026
158 74 5.09026
158 75 5.09026
158 76 5.09026
158 77 5.09026
158 78 5.09026
158 79 5.09026
158 80 5.09026
158 81 5.09026
158 82 5.09026
158 83 5.09026
158 84 5.09026
158 85 5.09026
158 86 5.09026
158 87 5.09026
158 88 5.09026
158 89 5.09026
158 90 5.09026
158 91 5.09026
158 92 5.09026
158 93 5.09026
158 94 5.09026
158 95 5.09026
158 96 5.09026
158 97 5.09026
158 98 5.09026
158 99 5.09026
158 100 5.09026
158 101 5.09026
158 102 5.11146
158 103 5.259
158 104 5.33304
158 105 5.34815
158 106 5.34815
158 107 5.42729
158 108 5.43235
158 109 5.45167
158 110 5.46273
158 111 5.46542
158 112 5.49334
158 113 5.51987
158 114 5.54335
158 115 5.55667
158 116 5.55781
158 117 5.57864
158 118 5.60395
158 119 5.63447
158 120 5.63961
158 121 5.71016
158 122 5.7412
158 123 5.74561
158 124 5.7566
158 125 5.78101
158 126 5.78332
158 127 5.80976
158 128 5.8181
158 129 5.8845
158 130 5.88465
158 131 5.89122
158 132 5.94396
158 133 5.99189
158 134 6.01689
158 135 6.05127
158 136 6.06409
158 137 6.14651
158 138 6.14651
158 139 6.18267
158 140 6.21228
158 141 6.22785
158 142 6.25324
158 143 6.25572
158 144 6.26354
158 145 6.26404
158 146 6.26925
158 147 6.28943
158 148 6.33005
158 149 6.35035
158 150 6.43366
158 151 6.44619
158 152 6.4947
158 153 6.57045
158 154 6.58745
158 155 6.6055
158 156 6.61437
158 157 6.61945
158 158 6.64248
158 159 6.66783
158 160 6.69925
158 161 6.70429
158 162 6.71466
158 163 6.77387
158 164 6.82636
158 165 6.86509
158 166 6.88642
158 167 6.91755
158 168 6.95156
158 169 7.013
158 170 7.05495
158 171 7.158
158 172 7.17107
158 173 7.18069
158 174 7.19939
158 175 7.20071
158 176 7.20877
158 177 7.27857
158 178 7.32793
158 179 7.33414
158 180 7.37111
158 181 7.38488
158 182 7.4835
158 183 7.50413
158 184 7.65727
158 185 7.72381
158 186 7.74546
158 187 7.91527
158 188 8.13742
158 189 8.24887
158 190 8.27263
158 191 8.43906
158 192 8.63873
158 193 8.7499
158 194 8.91519
158 195 9.48043
158 196 9.61128
158 197 9.61168
158 198 10.3961
158 199 11.114
159 0 5.09026 1 18 31 12 15 34 20 7 30 4 32 23 22 21 2 33 19 29 27 5 25 28 6 13 17 16 3 14 9 8 24 11 10 26 1 
159 1 5.09026
159 2 5.09026
159 3 5.09026
159 4 5.09026
159 5 5.09026
159 6 5.09026
159 7 5.09026
159 8 5.09026
159 9 5.09026
159 10 5.09026
159 11 5.09026
159 12 5.09026
159 13 5.09026
159 14 5.09026
159 15 5.09026
159 16 5.09026
159 17 5.09026
159 18 5.09026
159 19 5.09026
159 20 5.09026
159 21 5.09026
159 22 5.09026
159 23 5.09026
159 24 5.09026
159 25 5.09026
159 26 5.09026
159 27 5.09026
159 28 5.09026
159 29 5.09026
159 30 5.09026
159 31 5.09026
159 32 5.09026
159 33 5.09026
159 34 5.09026
159 35 5.09026
159 36 5.09026
159 37 5.09026
159 38 5.09026
159 39 5.09026
159 40 5.09026
159 41 5.09026
159 42 5.09026
159 43 5.09026
159 44 5.09026
159 45 5.09026
159 46 5.09026
159 47 5.09026
159 48 5.09026
159 49 5.09026
159 50 5.09026
159 51 5.09026
159 52 5.09026
159 53 5.09026
159 54 5.09026
159 55 5.09026
159 56 5.09026
159 57 5.09026
159 58 5.09026
159 59 5.09026
159 60 5.09026
159 61 5.09026
159 62 5.09026
159 63 5.09026
159 64 5.09026
159 65 5.09026
159 66 5.09026
159 67 5.09026
159 68 5.09026
159 69 5.09026
159 70 5.09026
159 71 5.09026
159 72 5.09026
159 73 5.09026
159 74 5.09026
159 75 5.09026
159 76 5.09026
159 77 5.09026
159 78 5.09026
159 79 5.09026
159 80 5.09026
159 81 5.09026
159 82 5.09026
159 83 5.09026
159 84 5.09026
159 85 5.09026
159 86 5.09026
159 87 5.09026
159 88 5.09026
159 89 5.09026
159 90 5.09026
159 91 5.09026
159 92 5.09026
159 93 5.09026
159 94 5.09026
159 95 5.09026
159 96 5.09026
159 97 5.09026
159 98 5.09026
159 99 5.17385
159 100 5.22625
159 101 5.259
159 102 5.31022
159 103 5.34815
159 104 5.38125
159 105 5.38589
159 106 5.42729
159 107 5.43235
159 108 5.46542
159 109 5.49334
159 110 5.51987
159 111 5.53487
159 112 5.54335
159 113 5.55667
159 114 5.60775
159 115 5.61881
159 116 5.63447
159 117 5.66866
159 118 5.69659
159 119 5.74738
159 120 5.7566
159 121 5.78332
159 122 5.78781
159 123 5.80023
159 124 5.83674
159 125 5.89447
159 126 5.93387
159 127 6.01247
159 128 6.01689
159 129 6.0304
159 130 6.06235
159 131 6.06321
159 132 6.14651
159 133 6.14651
159 134 6.1486
159 135 6.17593
159 136 6.2067
159 137 6.22327
159 138 6.23998
159 139 6.2988
159 140 6.32959
159 141 6.33005
159 142 6.35003
159 143 6.37583
159 144 6.38277
159 145 6.41387
159 146 6.43366
159 147 6.45583
159 148 6.46257
159 149 6.59757
159 150 6.62586
159 151 6.6282
159 152 6.65403
159 153 6.65771
159 154 6.67927
159 155 6.75915
159 156 6.77764
159 157 6.86189
159 158 6.87017
159 159 6.93902
159 160 6.97261
159 161 6.9743
159 162 6.98915
159 163 7.00463
159 164 7.10045
159 165 7.10786
159 166 7.13021
159 167 7.18069
159 168 7.20877
159 169 7.23736
159 170 7.27857
159 171 7.29553
159 172 7.32997
159 173 7.42368
159 174 7.43795
159 175 7.46418
159 176 7.4835
159 177 7.4933
159 178 7.61151
159 179 7.64803
159 180 7.64905
159 181 7.65971
159 182 7.72205
159 183 7.76524
159 184 8.00795
159 185 8.0605
159 186 8.24887
159 187 8.27263
159 188 8.41008
159 189 8.47281
159 190 8.52365
159 191 8.55251
159 192 8.68375
159 193 8.71753
159 194 8.8075
159 195 8.8651
159 196 8.91519
159 197 9.01267
159 198 9.10209
159 199 9.64536
160 0 5.09026 1 18 31 12 15 34 20 7 30 4 32 23 22 21 2 33 19 29 27 5 25 28 6 13 17 16 3 14 9 8 24 11 10 26 1 
160 1 5.09026
160 2 5.09026
160 3 5.09026
160 4 5.09026
160 5 5.09026
160 6 5.09026
160 7 5.09026
160 8 5.09026
160 9 5.09026
160 10 5.09026
160 11 5.09026
160 12 5.09026
160 13 5.09026
160 14 5.09026
160 15 5.09026
160 16 5.09026
160 17 5.09026
160 18 5.09026
160 19 5.09026
160 20 5.09026
160 21 5.09026
160 22 5.09026
160 23 5.09026
160 24 5.09026
160 25 5.09026
160 26 5.09026
160 27 5.09026
160 28 5.09026
160 29 5.09026
160 30 5.09026
160 31 5.09026
160 32 5.09026
160 33 5.09026
160 34 5.09026
160 35 5.09026
160 36 5.09026
160 37 5.09026
160 38 5.09026
160 39 5.09026
160 40 5.09026
160 41 5.09026
160 42 5.09026
160 43 5.09026
160 44 5.09026
160 45 5.09026
160 46 5.09026
160 47 5.09026
160 48 5.09026
160 49 5.09026
160 50 5.09026
160 51 5.09026
160 52 5.09026
160 53 5.09026
160 54 5.09026
160 55 5.09026
160 56 5.09026
160 57 5.09026
160 58 5.09026
160 59 5.09026
160 60 5.09026
160 61 5.09026
160 62 5.09026
160 63 5.09026
160 64 5.09026
160 65 5.09026
160 66 5.09026
160 67 5.09026
160 68 5.09026
160 69 5.09026
160 70 5.09026
160 71 5.09026
160 72 5.09026
160 73 5.09026
160 74 5.09026
160 75 5.09026
160 76 5.09026
160 77 5.09026
160 78 5.09026
160 79 5.09026
160 80 5.09026
160 81 5.09026
160 82 5.09026
160 83 5.09026
160 84 5.09026
160 85 5.09026
160 86 5.09026
160 87 5.09026
160 88 5.09026
160 89 5.09026
160 90 5.09026
160 91 5.09026
160 92 5.09026
160 93 5.09026
160 94 5.09026
160 95 5.09026
160 96 5.09026
160 97 5.09026
160 98 5.09026
160 99 5.15539
160 100 5.17385
160 101 5.24913
160 102 5.259
160 103 5.32596
160 104 5.38125
160 105 5.38125
160 106 5.42729
160 107 5.4429
160 108 5.46542
160 109 5.49742
160 110 5.51001
160 111 5.52426
160 112 5.54335
160 113 5.55667
160 114 5.55781
160 115 5.70277
160 116 5.75376
160 117 5.76898
160 118 5.79061
160 119 5.80023
160 120 5.8242
160 121 5.8607
160 122 5.89447
160 123 5.90721
160 124 5.97074
160 125 5.97193
160 126 5.98804
160 127 5.9947
160 128 6.00945
160 129 6.01247
160 130 6.05941
160 131 6.10145
160 132 6.10816
160 133 6.14651
160 134 6.19958
160 135 6.23969
160 136 6.23998
160 137 6.32959
160 138 6.42093
160 139 6.47608
160 140 6.49151
160 141 6.51591
160 142 6.52237
160 143 6.57041
160 144 6.60026
160 145 6.61806
160 146 6.62171
160 147 6.68059
160 148 6.72265
160 149 6.77764
160 150 6.8114
160 151 6.81253
160 152 6.82632
160 153 6.84977
160 154 6.86768
160 155 6.87655
160 156 6.90253
160 157 6.90539
160 158 6.93457
160 159 6.93611
160 160 6.93902
160 161 6.96028
160 162 7.07527
160 163 7.0979
160 164 7.10045
160 165 7.1119
160 166 7.12955
160 167 7.21405
160 168 7.25712
160 169 7.25929
160 170 7.26761
160 171 7.27857
160 172 7.31794
160 173 7.32267
160 174 7.38711
160 175 7.42368
160 176 7.4933
160 177 7.49688
160 178 7.5218
160 179 7.53477
160 180 7.61602
160 181 7.61912
160 182 7.64803
160 183 7.97506
160 184 8.0164
160 185 8.06829
160 186 8.13393
160 187 8.16508
160 188 8.22683
160 189 8.27263
160 190 8.2865
160 191 8.36327
160 192 8.67633
160 193 8.71265
160 194 8.81464
160 195 9.45779
160 196 9.46101
160 197 9.49112
160 198 9.67073
160 199 9.88165
161 0 5.09026 1 18 31 12 15 34 20 7 30 4 32 23 22 21 2 33 19 29 27 5 25 28 6 13 17 16 3 14 9 8 24 11 10 26 1 
161 1 5.09026
161 2 5.09026
161 3 5.09026
161 4 5.09026
161 5 5.09026
161 6 5.09026
161 7 5.09026
161 8 5.09026
161 9 5.09026
161 10 5.09026
161 11 5.09026
161 12 5.09026
161 13 5.09026
161 14 5.09026
161 15 5.09026
161 16 5.09026
161 17 5.09026
161 18 5.09026
161 19 5.09026
161 20 5.09026
161 21 5.09026
161 22 5.09026
161 23 5.09026
161 24 5.09026
161 25 5.09026
161 26 5.09026
161 27 5.09026
161 28 5.09026
161 29 5.09026
161 30 5.09026
161 31 5.09026
161 32 5.09026
161 33 5.09026
161 34 5.09026
161 35 5.09026
161 36 5.09026
161 37 5.09026
161 38 5.09026
161 39 5.09026
161 40 5.09026
161 41 5.09026
161 42 5.09026
161 43 5.09026
161 44 5.09026
161 45 5.09026
161 46 5.09026
161 47 5.09026
161 48 5.09026
161 49 5.09026
161 50 5.09026
161 51 5.09026
161 52 5.09026
161 53 5.09026
161 54 5.09026
161 55 5.09026
161 56 5.09026
161 57 5.09026
161 58 5.09026
161 59 5.09026
161 60 5.09026
161 61 5.09026
161 62 5.09026
161 63 5.09026
161 64 5.09026
161 65 5.09026
161 66 5.09026
161 67 5.09026
161 68 5.09026
161 69 5.09026
161 70 5.09026
161 71 5.09026
161 72 5.09026
161 73 5.09026
161 74 5.09026
161 75 5.09026
161 76 5.09026
161 77 5.09026
161 78 5.09026
161 79 5.09026
161 80 5.09026
161 81 5.09026
161 82 5.09026
161 83 5.09026
161 84 5.09026
161 85 5.09026
161 86 5.09026
161 87 5.09026
161 88 5.09026
161 89 5.09026
161 90 5.09026
161 91 5.09026
161 92 5.09026
161 93 5.09026
161 94 5.09026
161 95 5.09026
161 96 5.09026
161 97 5.09026
161 98 5.09026
161 99 5.09026
161 100 5.24913
161 101 5.24913
161 102 5.28246
161 103 5.32596
161 104 5.38125
161 105 5.39627
161 106 5.46542
161 107 5.47832
161 108 5.48837
161 109 5.49334
161 110 5.49742
161 111 5.51001
161 112 5.51484
161 113 5.52905
161 114 5.55667
161 115 5.60775
161 116 5.61962
161 117 5.62324
161 118 5.64778
161 119 5.70277
161 120 5.75329
161 121 5.80915
161 122 5.83907
161 123 5.85753
161 124 5.88149
161 125 5.90604
161 126 5.90721
161 127 5.91519
161 128 5.91898
161 129 5.97074
161 130 6.01254
161 131 6.05941
161 132 6.10145
161 133 6.10816
161 134 6.10816
161 135 6.18679
161 136 6.2067
161 137 6.218
161 138 6.23969
161 139 6.26071
161 140 6.31986
161 141 6.44363
161 142 6.44426
161 143 6.46085
161 144 6.51591
161 145 6.56819
161 146 6.57041
161 147 6.57322
161 148 6.60542
161 149 6.60799
161 150 6.61194
161 151 6.68615
161 152 6.69345
161 153 6.69687
161 154 6.72053
161 155 6.73449
161 156 6.74091
161 157 6.74546
161 158 6.7657
161 159 6.76932
161 160 6.77014
161 161 6.80175
161 162 6.81024
161 163 6.8114
161 164 6.82918
161 165 6.86646
161 166 6.94158
161 167 6.96028
161 168 7.1119
161 169 7.12955
161 170 7.14868
161 171 7.15128
161 172 7.15935
161 173 7.19917
161 174 7.21974
161 175 7.25929
161 176 7.32267
161 177 7.34554
161 178 7.3764
161 179 7.48663
161 180 7.64803
161 181 7.64803
161 182 7.75907
161 183 7.77254
161 184 7.83285
161 185 7.86619
161 186 7.87498
161 187 7.90041
161 188 7.91873
161 189 8.09796
161 190 8.16508
161 191 8.17161
161 192 8.22683
161 193 8.27263
161 194 8.28625
161 195 8.2865
161 196 8.63685
161 197 9.03159
161 198 9.67073
161 199 9.85713
162 0 5.09026 1 18 31 12 15 34 20 7 30 4 32 23 22 21 2 33 19 29 27 5 25 28 6 13 17 16 3 14 9 8 24 11 10 26 1 
162 1 5.09026
162 2 5.09026
162 3 5.09026
162 4 5.09026
162 5 5.09026
162 6 5.09026
162 7 5.09026
162 8 5.09026
162 9 5.09026
162 10 5.09026
162 11 5.09026
162 12 5.09026
162 13 5.09026
162 14 5.09026
162 15 5.09026
162 16 5.09026
162 17 5.09026
162 18 5.09026
162 19 5.09026
162 20 5.09026
162 21 5.09026
162 22 5.09026
162 23 5.09026
162 24 5.09026
162 25 5.09026
162 26 5.09026
162 27 5.09026
162 28 5.09026
162 29 5.09026
162 30 5.09026
162 31 5.09026
162 32 5.09026
162 33 5.09026
162 34 5.09026
162 35 5.09026
162 36 5.09026
162 37 5.09026
162 38 5.09026
162 39 5.09026
162 40 5.09026
162 41 5.09026
162 42 5.09026
162 43 5.09026
162 44 5.09026
162 45 5.09026
162 46 5.09026
162 47 5.09026
162 48 5.09026
162 49 5.09026
162 50 5.09026
162 51 5.09026
162 52 5.09026
162 53 5.09026
162 54 5.09026
162 55 5.09026
162 56 5.09026
162 57 5.09026
162 58 5.09026
162 59 5.09026
162 60 5.09026
162 61 5.09026
162 62 5.09026
162 63 5.09026
162 64 5.09026
162 65 5.09026
162 66 5.09026
162 67 5.09026
162 68 5.09026
162 69 5.09026
162 70 5.09026
162 71 5.09026
162 72 5.09026
162 73 5.09026
162 74 5.09026
162 75 5.09026
162 76 5.09026
162 77 5.09026
162 78 5.09026
162 79 5.09026
162 80 5.09026
162 81 5.09026
162 82 5.09026
162 83 5.09026
162 84 5.09026
162 85 5.09026
162 86 5.09026
162 87 5.09026
162 88 5.09026
162 89 5.09026
162 90 5.09026
162 91 5.18
162 92 5.28246
162 93 5.2942
162 94 5.30001
162 95 5.30174
162 96 5.30574
162 97 5.32596
162 98 5.32596
162 99 5.35591
162 100 5.4092
162 101 5.45999
162 102 5.48837
162 103 5.49334
162 104 5.49334
162 105 5.49742
162 106 5.53475
162 107 5.53487
162 108 5.53487
162 109 5.53981
162 110 5.54852
162 111 5.62314
162 112 5.64778
162 113 5.71016
162 114 5.71634
162 115 5.74106
162 116 5.76633
162 117 5.7736
162 118 5.77947
162 119 5.8602
162 120 5.87521
162 121 5.88149
162 122 5.93371
162 123 5.94246
162 124 6.01671
162 125 6.03631
162 126 6.04061
162 127 6.07409
162 128 6.10145
162 129 6.10816
162 130 6.14792
162 131 6.16824
162 132 6.18679
162 133 6.19176
162 134 6.2067
162 135 6.2108
162 136 6.21502
162 137 6.28326
162 138 6.28326
162 139 6.36182
162 140 6.3679
162 141 6.36963
162 142 6.38207
162 143 6.42069
162 144 6.43799
162 145 6.45226
162 146 6.46085
162 147 6.51591
162 148 6.54874
162 149 6.57322
162 150 6.64161
162 151 6.6546
162 152 6.67915
162 153 6.70211
162 154 6.70602
162 155 6.71426
162 156 6.7918
162 157 6.83013
162 158 6.8356
162 159 6.86646
162 160 6.95264
162 161 7.00166
162 162 7.04152
162 163 7.06522
162 164 7.09643
162 165 7.13122
162 166 7.15128
162 167 7.15935
162 168 7.23052
162 169 7.33887
162 170 7.34288
162 171 7.37134
162 172 7.38351
162 173 7.40537
162 174 7.45243
162 175 7.48662
162 176 7.55281
162 177 7.553
162 178 7.65254
162 179 7.67429
162 180 7.79792
162 181 7.80689
162 182 7.97164
162 183 7.99694
162 184 8.01244
162 185 8.03195
162 186 8.05059
162 187 8.14104
162 188 8.14145
162 189 8.21733
162 190 8.23499
162 191 8.27643
162 192 8.31051
162 193 8.34485
162 194 8.4228
162 195 8.86112
162 196 9.47864
162 197 9.68958
162 198 9.95999
162 199 10.5046
163 0 5.09026 1 18 31 12 15 34 20 7 30 4 32 23 22 21 2 33 19 29 27 5 25 28 6 13 17 16 3 14 9 8 24 11 10 26 1 
163 1 5.09026
163 2 5.09026
163 3 5.09026
163 4 5.09026
163 5 5.09026
163 6 5.09026
163 7 5.09026
163 8 5.09026
163 9 5.09026
163 10 5.09026
163 11 5.09026
163 12 5.09026
163 13 5.09026
163 14 5.09026
163 15 5.09026
163 16 5.09026
163 17 5.09026
163 18 5.09026
163 19 5.09026
163 20 5.09026
163 21 5.09026
163 22 5.09026
163 23 5.09026
163 24 5.09026
163 25 5.09026
163 26 5.09026
163 27 5.09026
163 28 5.09026
163 29 5.09026
163 30 5.09026
163 31 5.09026
163 32 5.09026
163 33 5.09026
163 34 5.09026
163 35 5.09026
163 36 5.09026
163 37 5.09026
163 38 5.09026
163 39 5.09026
163 40 5.09026
163 41 5.09026
163 42 5.09026
163 43 5.09026
163 44 5.09026
163 45 5.09026
163 46 5.09026
163 47 5.09026
163 48 5.09026
163 49 5.09026
163 50 5.09026
163 51 5.09026
163 52 5.09026
163 53 5.09026
163 54 5.09026
163 55 5.09026
163 56 5.09026
163 57 5.09026
163 58 5.09026
163 59 5.09026
163 60 5.09026
163 61 5.09026
163 62 5.09026
163 63 5.09026
163 64 5.09026
163 65 5.09026
163 66 5.09026
163 67 5.09026
163 68 5.09026
163 69 5.09026
163 70 5.09026
163 71 5.09026
163 72 5.09026
163 73 5.09026
163 74 5.09026
163 75 5.09026
163 76 5.09026
163 77 5.09026
163 78 5.09026
163 79 5.09026
163 80 5.09026
163 81 5.09026
163 82 5.09026
163 83 5.09026
163 84 5.09026
163 85 5.09026
163 86 5.09026
163 87 5.09026
163 88 5.09026
163 89 5.09026
163 90 5.09026
163 91 5.09026
163 92 5.09026
163 93 5.09026
163 94 5.09849
163 95 5.24913
163 96 5.30174
163 97 5.30574
163 98 5.32596
163 99 5.33382
163 100 5.35658
163 101 5.4092
163 102 5.47592
163 103 5.47592
163 104 5.48429
163 105 5.53048
163 106 5.53487
163 107 5.55781
163 108 5.57864
163 109 5.71634
163 110 5.75587
163 111 5.75912
163 112 5.77947
163 113 5.79665
163 114 5.8602
163 115 5.87521
163 116 5.89428
163 117 5.95956
163 118 5.99468
163 119 6.00704
163 120 6.01671
163 121 6.01671
163 122 6.06048
163 123 6.07045
163 124 6.07048
163 125 6.08254
163 126 6.11294
163 127 6.14697
163 128 6.21502
163 129 6.23244
163 130 6.29451
163 131 6.2988
163 132 6.39084
163 133 6.39105
163 134 6.39123
163 135 6.41711
163 136 6.42069
163 137 6.4706
163 138 6.47843
163 139 6.55007
163 140 6.55114
163 141 6.6417
163 142 6.6546
163 143 6.68369
163 144 6.734
163 145 6.75956
163 146 6.7955
163 147 6.83013
163 148 6.85647
163 149 6.86663
163 150 6.87017
163 151 6.92007
163 152 6.93213
163 153 6.94109
163 154 6.96546
163 155 6.984
163 156 7.00166
163 157 7.06594
163 158 7.07103
163 159 7.09643
163 160 7.10045
163 161 7.10045
163 162 7.16749
163 163 7.17104
163 164 7.18136
163 165 7.217
163 166 7.28076
163 167 7.31794
163 168 7.38356
163 169 7.46667
163 170 7.47671
163 171 7.49279
163 172 7.53274
163 173 7.567
163 174 7.59105
163 175 7.6934
163 176 7.70334
163 177 7.71551
163 178 7.79026
163 179 7.8167
163 180 7.87947
163 181 7.96984
163 182 8.00051
163 183 8.03195
163 184 8.03195
163 185 8.07382
163 186 8.09542
163 187 8.13026
163 188 8.14538
163 189 8.28536
163 190 8.33013
163 191 8.57318
163 192 8.67731
163 193 8.70186
163 194 8.91199
163 195 8.98271
163 196 9.17648
163 197 9.31493
163 198 9.98521
163 199 10.0976
164 0 5.09026 1 18 31 12 15 34 20 7 30 4 32 23 22 21 2 33 19 29 27 5 25 28 6 13 17 16 3 14 9 8 24 11 10 26 1 
164 1 5.09026
164 2 5.09026
164 3 5.09026
164 4 5.09026
164 5 5.09026
164 6 5.09026
164 7 5.09026
164 8 5.09026
164 9 5.09026
164 10 5.09026
164 11 5.09026
164 12 5.09026
164 13 5.09026
164 14 5.09026
164 15 5.09026
164 16 5.09026
164 17 5.09026
164 18 5.09026
164 19 5.09026
164 20 5.09026
164 21 5.09026
164 22 5.09026
164 23 5.09026
164 24 5.09026
164 25 5.09026
164 26 5.09026
164 27 5.09026
164 28 5.09026
164 29 5.09026
164 30 5.09026
164 31 5.09026
164 32 5.09026
164 33 5.09026
164 34 5.09026
164 35 5.09026
164 36 5.09026
164 37 5.09026
164 38 5.09026
164 39 5.09026
164 40 5.09026
164 41 5.09026
164 42 5.09026
164 43 5.09026
164 44 5.09026
164 45 5.09026
164 46 5.09026
164 47 5.09026
164 48 5.09026
164 49 5.09026
164 50 5.09026
164 51 5.09026
164 52 5.09026
164 53 5.09026
164 54 5.09026
164 55 5.09026
164 56 5.09026
164 57 5.09026
164 58 5.09026
164 59 5.09026
164 60 5.09026
164 61 5.09026
164 62 5.09026
164 63 5.09026
164 64 5.09026
164 65 5.09026
164 66 5.09026
164 67 5.09026
164 68 5.09026
164 69 5.09026
164 70 5.09026
164 71 5.09026
164 72 5.09026
164 73 5.09026
164 74 5.09026
164 75 5.09026
164 76 5.09026
164 77 5.09026
164 78 5.09026
164 79 5.09026
164 80 5.09026
164 81 5.09026
164 82 5.09026
164 83 5.09026
164 84 5.09026
164 85 5.09026
164 86 5.09026
164 87 5.09026
164 88 5.09026
164 89 5.09026
164 90 5.09026
164 91 5.09026
164 92 5.09026
164 93 5.09026
164 94 5.09026
164 95 5.09026
164 96 5.09026
164 97 5.09026
164 98 5.1463
164 99 5.24913
164 100 5.255
164 101 5.26925
164 102 5.30174
164 103 5.30574
164 104 5.32159
164 105 5.32596
164 106 5.33382
164 107 5.40844
164 108 5.4224
164 109 5.47592
164 110 5.47832
164 111 5.4968
164 112 5.51484
164 113 5.53048
164 114 5.54658
164 115 5.58006
164 116 5.59889
164 117 5.62457
164 118 5.64671
164 119 5.65144
164 120 5.68709
164 121 5.74936
164 122 5.75587
164 123 5.91919
164 124 5.96845
164 125 5.97696
164 126 6.00704
164 127 6.00704
164 128 6.04847
164 129 6.05051
164 130 6.07643
164 131 6.08107
164 132 6.12896
164 133 6.14792
164 134 6.15934
164 135 6.17248
164 136 6.1847
164 137 6.31365
164 138 6.33916
164 139 6.39105
164 140 6.39123
164 141 6.40284
164 142 6.41603
164 143 6.41711
164 144 6.46085
164 145 6.46346
164 146 6.49397
164 147 6.52686
164 148 6.55965
164 149 6.56317
164 150 6.59716
164 151 6.63324
164 152 6.63835
164 153 6.68369
164 154 6.71939
164 155 6.734
164 156 6.77773
164 157 6.80808
164 158 6.81314
164 159 6.81651
164 160 6.83722
164 161 6.8501
164 162 6.8553
164 163 6.86663
164 164 6.92007
164 165 6.94284
164 166 6.96546
164 167 6.97894
164 168 6.984
164 169 7.00166
164 170 7.026
164 171 7.04152
164 172 7.15496
164 173 7.1553
164 174 7.18069
164 175 7.22214
164 176 7.25776
164 177 7.38392
164 178 7.72766
164 179 7.78696
164 180 7.79026
164 181 7.79549
164 182 7.8167
164 183 7.85892
164 184 7.96746
164 185 8.04865
164 186 8.07382
164 187 8.07824
164 188 8.14538
164 189 8.35561
164 190 8.37249
164 191 8.52697
164 192 8.59771
164 193 8.63887
164 194 8.67541
164 195 8.67731
164 196 9.20796
164 197 9.21291
164 198 9.54218
164 199 10.0637
165 0 5.09026 1 18 31 12 15 34 20 7 30 4 32 23 22 21 2 33 19 29 27 5 25 28 6 13 17 16 3 14 9 8 24 11 10 26 1 
165 1 5.09026
165 2 5.09026
165 3 5.09026
165 4 5.09026
165 5 5.09026
165 6 5.09026
165 7 5.09026
165 8 5.09026
165 9 5.09026
165 10 5.09026
165 11 5.09026
165 12 5.09026
165 13 5.09026
165 14 5.09026
165 15 5.09026
165 16 5.09026
165 17 5.09026
165 18 5.09026
165 19 5.09026
165 20 5.09026
165 21 5.09026
165 22 5.09026
165 23 5.09026
165 24 5.09026
165 25 5.09026
165 26 5.09026
165 27 5.09026
165 28 5.09026
165 29 5.09026
165 30 5.09026
165 31 5.09026
165 32 5.09026
165 33 5.09026
165 34 5.09026
165 35 5.09026
165 36 5.09026
165 37 5.09026
165 38 5.09026
165 39 5.09026
165 40 5.09026
165 41 5.09026
165 42 5.09026
165 43 5.09026
165 44 5.09026
165 45 5.09026
165 46 5.09026
165 47 5.09026
165 48 5.09026
165 49 5.09026
165 50 5.09026
165 51 5.09026
165 52 5.09026
165 53 5.09026
165 54 5.09026
165 55 5.09026
165 56 5.09026
165 57 5.09026
165 58 5.09026
165 59 5.09026
165 60 5.09026
165 61 5.09026
165 62 5.09026
165 63 5.09026
165 64 5.09026
165 65 5.09026
165 66 5.09026
165 67 5.09026
165 68 5.09026
165 69 5.09026
165 70 5.09026
165 71 5.09026
165 72 5.09026
165 73 5.09026
165 74 5.09026
165 75 5.09026
165 76 5.09026
165 77 5.09026
165 78 5.09026
165 79 5.09026
165 80 5.09026
165 81 5.09026
165 82 5.09026
165 83 5.09026
165 84 5.09026
165 85 5.09026
165 86 5.09026
165 87 5.09026
165 88 5.09026
165 89 5.09026
165 90 5.09764
165 91 5.1463
165 92 5.18
165 93 5.22625
165 94 5.30174
165 95 5.33304
165 96 5.33382
165 97 5.34815
165 98 5.47592
165 99 5.55667
165 100 5.55966
165 101 5.58006
165 102 5.59889
165 103 5.59889
165 104 5.62413
165 105 5.62457
165 106 5.64671
165 107 5.65801
165 108 5.69406
165 109 5.72345
165 110 5.72521
165 111 5.72826
165 112 5.74839
165 113 5.77458
165 114 5.80749
165 115 5.8208
165 116 5.84401
165 117 5.84709
165 118 5.85555
165 119 5.88465
165 120 5.91919
165 121 5.95581
165 122 5.96931
165 123 5.97696
165 124 6.01813
165 125 6.04943
165 126 6.13592
165 127 6.14753
165 128 6.1771
165 129 6.22021
165 130 6.22339
165 131 6.25288
165 132 6.33195
165 133 6.33549
165 134 6.33916
165 135 6.39105
165 136 6.39123
165 137 6.40284
165 138 6.41525
165 139 6.52686
165 140 6.52809
165 141 6.53983
165 142 6.55965
165 143 6.56575
165 144 6.59463
165 145 6.59716
165 146 6.61313
165 147 6.62395
165 148 6.63324
165 149 6.65756
165 150 6.72792
165 151 6.74963
165 152 6.77659
165 153 6.81314
165 154 6.82849
165 155 6.83855
165 156 6.87254
165 157 6.88021
165 158 6.91636
165 159 6.9477
165 160 7.04699
165 161 7.05063
165 162 7.06041
165 163 7.0942
165 164 7.11396
165 165 7.3535
165 166 7.35604
165 167 7.52329
165 168 7.57035
165 169 7.57452
165 170 7.66219
165 171 7.66521
165 172 7.75944
165 173 7.7935
165 174 7.81211
165 175 7.81333
165 176 7.81368
165 177 7.81522
165 178 7.8167
165 179 8.13667
165 180 8.17442
165 181 8.19932
165 182 8.23005
165 183 8.47606
165 184 8.49451
165 185 8.52159
165 186 8.67541
165 187 8.68705
165 188 8.69209
165 189 8.76554
165 190 8.79679
165 191 8.90919
165 192 9.05338
165 193 9.14732
165 194 9.49461
165 195 9.7443
165 196 10.6175
165 197 10.631
165 198 10.7002
165 199 12.4225
166 0 5.09026 1 18 31 12 15 34 20 7 30 4 32 23 22 21 2 33 19 29 27 5 25 28 6 13 17 16 3 14 9 8 24 11 10 26 1 
166 1 5.09026
166 2 5.09026
166 3 5.09026
166 4 5.09026
166 5 5.09026
166 6 5.09026
166 7 5.09026
166 8 5.09026
166 9 5.09026
166 10 5.09026
166 11 5.09026
166 12 5.09026
166 13 5.09026
166 14 5.09026
166 15 5.09026
166 16 5.09026
166 17 5.09026
166 18 5.09026
166 19 5.09026
166 20 5.09026
166 21 5.09026
166 22 5.09026
166 23 5.09026
166 24 5.09026
166 25 5.09026
166 26 5.09026
166 27 5.09026
166 28 5.09026
166 29 5.09026
166 30 5.09026
166 31 5.09026
166 32 5.09026
166 33 5.09026
166 34 5.09026
166 35 5.09026
166 36 5.09026
166 37 5.09026
166 38 5.09026
166 39 5.09026
166 40 5.09026
166 41 5.09026
166 42 5.09026
166 43 5.09026
166 44 5.09026
166 45 5.09026
166 46 5.09026
166 47 5.09026
166 48 5.09026
166 49 5.09026
166 50 5.09026
166 51 5.09026
166 52 5.09026
166 53 5.09026
166 54 5.09026
166 55 5.09026
166 56 5.09026
166 57 5.09026
166 58 5.09026
166 59 5.09026
166 60 5.09026
166 61 5.09026
166 62 5.09026
166 63 5.09026
166 64 5.09026
166 65 5.09026
166 66 5.09026
166 67 5.09026
166 68 5.09026
166 69 5.09026
166 70 5.09026
166 71 5.09026
166 72 5.09026
166 73 5.09026
166 74 5.09026
166 75 5.09026
166 76 5.09026
166 77 5.09026
166 78 5.09026
166 79 5.09026
166 80 5.09026
166 81 5.09026
166 82 5.09026
166 83 5.09026
166 84 5.09026
166 85 5.09026
166 86 5.09026
166 87 5.09026
166 88 5.09026
166 89 5.09026
166 90 5.09026
166 91 5.09026
166 92 5.09026
166 93 5.09026
166 94 5.09026
166 95 5.09026
166 96 5.09026
166 97 5.09026
166 98 5.09026
166 99 5.09026
166 100 5.09026
166 101 5.09026
166 102 5.09026
166 103 5.09026
166 104 5.09026
166 105 5.09026
166 106 5.09026
166 107 5.09026
166 108 5.09026
166 109 5.18
166 110 5.22625
166 111 5.255
166 112 5.28246
166 113 5.29724
166 114 5.30001
166 115 5.30174
166 116 5.33304
166 117 5.33382
166 118 5.33382
166 119 5.33382
166 120 5.34815
166 121 5.34815
166 122 5.37358
166 123 5.39302
166 124 5.47592
166 125 5.52943
166 126 5.54366
166 127 5.54658
166 128 5.55966
166 129 5.58006
166 130 5.59889
166 131 5.64671
166 132 5.64993
166 133 5.65514
166 134 5.67315
166 135 5.72345
166 136 5.72521
166 137 5.74839
166 138 5.93639
166 139 5.95581
166 140 5.95581
166 141 6.00966
166 142 6.0223
166 143 6.04943
166 144 6.0869
166 145 6.1771
166 146 6.18111
166 147 6.19039
166 148 6.19902
166 149 6.19903
166 150 6.30313
166 151 6.33195
166 152 6.33549
166 153 6.39084
166 154 6.39919
166 155 6.49613
166 156 6.50179
166 157 6.53614
166 158 6.53983
166 159 6.54897
166 160 6.56241
166 161 6.56317
166 162 6.59207
166 163 6.64583
166 164 6.66861
166 165 6.67588
166 166 6.69687
166 167 6.86635
166 168 6.9213
166 169 6.97886
166 170 7.05094
166 171 7.05453
166 172 7.0942
166 173 7.09643
166 174 7.10258
166 175 7.10526
166 176 7.12352
166 177 7.15117
166 178 7.25807
166 179 7.45254
166 180 7.45527
166 181 7.47868
166 182 7.5806
166 183 7.63287
166 184 7.8661
166 185 7.91012
166 186 7.9459
166 187 7.98397
166 188 8.2583
166 189 8.31051
166 190 8.4285
166 191 8.49665
166 192 8.8682
166 193 9.14732
166 194 9.49718
166 195 9.5163
166 196 9.62589
166 197 9.84733
166 198 9.8787
166 199 10.0236
167 0 5.09026 1 18 31 12 15 34 20 7 30 4 32 23 22 21 2 33 19 29 27 5 25 28 6 13 17 16 3 14 9 8 24 11 10 26 1 
167 1 5.09026
167 2 5.09026
167 3 5.09026
167 4 5.09026
167 5 5.09026
167 6 5.09026
167 7 5.09026
167 8 5.09026
167 9 5.09026
167 10 5.09026
167 11 5.09026
167 12 5.09026
167 13 5.09026
167 14 5.09026
167 15 5.09026
167 16 5.09026
167 17 5.09026
167 18 5.09026
167 19 5.09026
167 20 5.09026
167 21 5.09026
167 22 5.09026
167 23 5.09026
167 24 5.09026
167 25 5.09026
167 26 5.09026
167 27 5.09026
167 28 5.09026
167 29 5.09026
167 30 5.09026
167 31 5.09026
167 32 5.09026
167 33 5.09026
167 34 5.09026
167 35 5.09026
167 36 5.09026
167 37 5.09026
167 38 5.09026
167 39 5.09026
167 40 5.09026
167 41 5.09026
167 42 5.09026
167 43 5.09026
167 44 5.09026
167 45 5.09026
167 46 5.09026
167 47 5.09026
167 48 5.09026
167 49 5.09026
167 50 5.09026
167 51 5.09026
167 52 5.09026
167 53 5.09026
167 54 5.09026
167 55 5.09026
167 56 5.09026
167 57 5.09026
167 58 5.09026
167 59 5.09026
167 60 5.09026
167 61 5.09026
167 62 5.09026
167 63 5.09026
167 64 5.09026
167 65 5.09026
167 66 5.09026
167 67 5.09026
167 68 5.09026
167 69 5.09026
167 70 5.09026
167 71 5.09026
167 72 5.09026
167 73 5.09026
167 74 5.09026
167 75 5.09026
167 76 5.09026
167 77 5.09026
167 78 5.09026
167 79 5.09026
167 80 5.09026
167 81 5.09026
167 82 5.09026
167 83 5.09026
167 84 5.09026
167 85 5.09026
167 86 5.09026
167 87 5.09026
167 88 5.09026
167 89 5.09026
167 90 5.09026
167 91 5.09026
167 92 5.09026
167 93 5.09026
167 94 5.09026
167 95 5.09026
167 96 5.09026
167 97 5.09026
167 98 5.09026
167 99 5.09026
167 100 5.09026
167 101 5.09026
167 102 5.09026
167 103 5.09026
167 104 5.09026
167 105 5.09026
167 106 5.1463
167 107 5.259
167 108 5.30001
167 109 5.33304
167 110 5.34815
167 111 5.386
167 112 5.39302
167 113 5.48719
167 114 5.51739
167 115 5.5285
167 116 5.53911
167 117 5.54658
167 118 5.57069
167 119 5.59889
167 120 5.65514
167 121 5.67315
167 122 5.72521
167 123 5.72521
167 124 5.75587
167 125 5.8125
167 126 5.84513
167 127 5.85748
167 128 5.86588
167 129 5.91623
167 130 5.95346
167 131 5.95581
167 132 5.95581
167 133 6.00966
167 134 6.01785
167 135 6.01957
167 136 6.04943
167 137 6.04943
167 138 6.06651
167 139 6.07725
167 140 6.14046
167 141 6.14846
167 142 6.18735
167 143 6.21811
167 144 6.25288
167 145 6.25953
167 146 6.2676
167 147 6.30313
167 148 6.31039
167 149 6.33195
167 150 6.35275
167 151 6.40226
167 152 6.42762
167 153 6.55215
167 154 6.58374
167 155 6.58548
167 156 6.61313
167 157 6.61313
167 158 6.61988
167 159 6.66861
167 160 6.75249
167 161 6.79361
167 162 6.80808
167 163 6.85755
167 164 6.88559
167 165 6.94272
167 166 6.98562
167 167 7.05453
167 168 7.08805
167 169 7.0942
167 170 7.10526
167 171 7.39403
167 172 7.39663
167 173 7.40714
167 174 7.40795
167 175 7.42218
167 176 7.44616
167 177 7.45194
167 178 7.50987
167 179 7.57321
167 180 7.68025
167 181 7.69025
167 182 7.77641
167 183 7.81722
167 184 7.85705
167 185 7.95848
167 186 7.98636
167 187 7.99572
167 188 7.99841
167 189 8.0765
167 190 8.08393
167 191 8.09659
167 192 8.12883
167 193 8.4285
167 194 8.4285
167 195 8.64585
167 196 9.04935
167 197 9.06756
167 198 10.0236
167 199 10.4513
168 0 5.09026 1 18 31 12 15 34 20 7 30 4 32 23 22 21 2 33 19 29 27 5 25 28 6 13 17 16 3 14 9 8 24 11 10 26 1 
168 1 5.09026
168 2 5.09026
168 3 5.09026
168 4 5.09026
168 5 5.09026
168 6 5.09026
168 7 5.09026
168 8 5.09026
168 9 5.09026
168 10 5.09026
168 11 5.09026
168 12 5.09026
168 13 5.09026
168 14 5.09026
168 15 5.09026
168 16 5.09026
168 17 5.09026
168 18 5.09026
168 19 5.09026
168 20 5.09026
168 21 5.09026
168 22 5.09026
168 23 5.09026
168 24 5.09026
168 25 5.09026
168 26 5.09026
168 27 5.09026
168 28 5.09026
168 29 5.09026
168 30 5.09026
168 31 5.09026
168 32 5.09026
168 33 5.09026
168 34 5.09026
168 35 5.09026
168 36 5.09026
168 37 5.09026
168 38 5.09026
168 39 5.09026
168 40 5.09026
168 41 5.09026
168 42 5.09026
168 43 5.09026
168 44 5.09026
168 45 5.09026
168 46 5.09026
168 47 5.09026
168 48 5.09026
168 49 5.09026
168 50 5.09026
168 51 5.09026
168 52 5.09026
168 53 5.09026
168 54 5.09026
168 55 5.09026
168 56 5.09026
168 57 5.09026
168 58 5.09026
168 59 5.09026
168 60 5.09026
168 61 5.09026
168 62 5.09026
168 63 5.09026
168 64 5.09026
168 65 5.09026
168 66 5.09026
168 67 5.09026
168 68 5.09026
168 69 5.09026
168 70 5.09026
168 71 5.09026
168 72 5.09026
168 73 5.09026
168 74 5.09026
168 75 5.09026
168 76 5.09026
168 77 5.09026
168 78 5.09026
168 79 5.09026
168 80 5.09026
168 81 5.09026
168 82 5.09026
168 83 5.09026
168 84 5.09026
168 85 5.09026
168 86 5.09026
168 87 5.09026
168 88 5.09026
168 89 5.09026
168 90 5.09026
168 91 5.09026
168 92 5.09026
168 93 5.09026
168 94 5.09026
168 95 5.09026
168 96 5.09115
168 97 5.30174
168 98 5.34815
168 99 5.34815
168 100 5.47832
168 101 5.48719
168 102 5.48719
168 103 5.49334
168 104 5.51739
168 105 5.53911
168 106 5.56382
168 107 5.68879
168 108 5.79062
168 109 5.84513
168 110 5.91471
168 111 5.91919
168 112 5.93199
168 113 5.93217
168 114 5.96247
168 115 5.98825
168 116 6.00807
168 117 6.04943
168 118 6.07725
168 119 6.08737
168 120 6.13042
168 121 6.14046
168 122 6.16083
168 123 6.17825
168 124 6.2397
168 125 6.24338
168 126 6.27547
168 127 6.28523
168 128 6.31625
168 129 6.32696
168 130 6.33195
168 131 6.34058
168 132 6.35889
168 133 6.3616
168 134 6.36569
168 135 6.45873
168 136 6.46068
168 137 6.55451
168 138 6.56547
168 139 6.60563
168 140 6.61988
168 141 6.62586
168 142 6.6391
168 143 6.64924
168 144 6.65331
168 145 6.71519
168 146 6.71665
168 147 6.78161
168 148 6.81017
168 149 6.83496
168 150 6.85755
168 151 6.86773
168 152 6.90432
168 153 6.91133
168 154 6.92626
168 155 7.02034
168 156 7.08528
168 157 7.13644
168 158 7.13832
168 159 7.1553
168 160 7.18928
168 161 7.23019
168 162 7.26142
168 163 7.29019
168 164 7.31688
168 165 7.37087
168 166 7.37323
168 167 7.42218
168 168 7.42429
168 169 7.43896
168 170 7.44105
168 171 7.48352
168 172 7.49188
168 173 7.65963
168 174 7.68025
168 175 7.68534
168 176 7.77641
168 177 7.82072
168 178 7.84746
168 179 7.88202
168 180 7.9636
168 181 7.99572
168 182 8.05366
168 183 8.0605
168 184 8.07146
168 185 8.08393
168 186 8.09659
168 187 8.253
168 188 8.27263
168 189 8.34744
168 190 8.35321
168 191 8.45296
168 192 8.50311
168 193 8.55681
168 194 8.95783
168 195 9.17656
168 196 9.63883
168 197 9.91661
168 198 10.5397
168 199 10.6895
169 0 5.09026 1 18 31 12 15 34 20 7 30 4 32 23 22 21 2 33 19 29 27 5 25 28 6 13 17 16 3 14 9 8 24 11 10 26 1 
169 1 5.09026
169 2 5.09026
169 3 5.09026
169 4 5.09026
169 5 5.09026
169 6 5.09026
169 7 5.09026
169 8 5.09026
169 9 5.09026
169 10 5.09026
169 11 5.09026
169 12 5.09026
169 13 5.09026
169 14 5.09026
169 15 5.09026
169 16 5.09026
169 17 5.09026
169 18 5.09026
169 19 5.09026
169 20 5.09026
169 21 5.09026
169 22 5.09026
169 23 5.09026
169 24 5.09026
169 25 5.09026
169 26 5.09026
169 27 5.09026
169 28 5.09026
169 29 5.09026
169 30 5.09026
169 31 5.09026
169 32 5.09026
169 33 5.09026
169 34 5.09026
169 35 5.09026
169 36 5.09026
169 37 5.09026
169 38 5.09026
169 39 5.09026
169 40 5.09026
169 41 5.09026
169 42 5.09026
169 43 5.09026
169 44 5.09026
169 45 5.09026
169 46 5.09026
169 47 5.09026
169 48 5.09026
169 49 5.09026
169 50 5.09026
169 51 5.09026
169 52 5.09026
169 53 5.09026
169 54 5.09026
169 55 5.09026
169 56 5.09026
169 57 5.09026
169 58 5.09026
169 59 5.09026
169 60 5.09026
169 61 5.09026
169 62 5.09026
169 63 5.09026
169 64 5.09026
169 65 5.09026
169 66 5.09026
169 67 5.09026
169 68 5.09026
169 69 5.09026
169 70 5.09026
169 71 5.09026
169 72 5.09026
169 73 5.09026
169 74 5.09026
169 75 5.09026
169 76 5.09026
169 77 5.09026
169 78 5.09026
169 79 5.09026
169 80 5.09026
169 81 5.09026
169 82 5.09115
169 83 5.09115
169 84 5.09849
169 85 5.18
169 86 5.2839
169 87 5.30174
169 88 5.34815
169 89 5.34815
169 90 5.34815
169 91 5.35658
169 92 5.37507
169 93 5.42729
169 94 5.48719
169 95 5.6178
169 96 5.68879
169 97 5.68879
169 98 5.68879
169 99 5.74738
169 100 5.75912
169 101 5.83393
169 102 5.88149
169 103 5.96247
169 104 6.04034
169 105 6.08975
169 106 6.11732
169 107 6.12485
169 108 6.15964
169 109 6.16083
169 110 6.17825
169 111 6.18608
169 112 6.2097
169 113 6.24491
169 114 6.25324
169 115 6.25873
169 116 6.25886
169 117 6.28222
169 118 6.28523
169 119 6.30838
169 120 6.33195
169 121 6.36569
169 122 6.36569
169 123 6.45583
169 124 6.46159
169 125 6.49007
169 126 6.49304
169 127 6.4935
169 128 6.49373
169 129 6.50391
169 130 6.50994
169 131 6.53012
169 132 6.53597
169 133 6.57259
169 134 6.59505
169 135 6.59861
169 136 6.60563
169 137 6.60906
169 138 6.61784
169 139 6.61988
169 140 6.63835
169 141 6.6391
169 142 6.6567
169 143 6.71467
169 144 6.71519
169 145 6.72695
169 146 6.7459
169 147 6.77014
169 148 6.77014
169 149 6.77867
169 150 6.78161
169 151 6.80808
169 152 6.90432
169 153 6.90708
169 154 6.90898
169 155 6.97314
169 156 7.00233
169 157 7.02034
169 158 7.091
169 159 7.09659
169 160 7.10499
169 161 7.12315
169 162 7.18667
169 163 7.18928
169 164 7.2552
169 165 7.28234
169 166 7.29019
169 167 7.37087
169 168 7.37087
169 169 7.41269
169 170 7.42218
169 171 7.43896
169 172 7.448
169 173 7.47116
169 174 7.59345
169 175 7.61618
169 176 7.67179
169 177 7.73411
169 178 7.84578
169 179 7.90305
169 180 7.92015
169 181 7.96993
169 182 8.06146
169 183 8.08666
169 184 8.14464
169 185 8.18632
169 186 8.253
169 187 8.253
169 188 8.25724
169 189 8.2692
169 190 8.28197
169 191 8.35818
169 192 8.45296
169 193 8.86992
169 194 8.97774
169 195 9.17656
169 196 9.29118
169 197 9.4118
169 198 9.63883
169 199 10.1586
170 0 5.09026 1 18 31 12 15 34 20 7 30 4 32 23 22 21 2 33 19 29 27 5 25 28 6 13 17 16 3 14 9 8 24 11 10 26 1 
170 1 5.09026
170 2 5.09026
170 3 5.09026
170 4 5.09026
170 5 5.09026
170 6 5.09026
170 7 5.09026
170 8 5.09026
170 9 5.09026
170 10 5.09026
170 11 5.09026
170 12 5.09026
170 13 5.09026
170 14 5.09026
170 15 5.09026
170 16 5.09026
170 17 5.09026
170 18 5.09026
170 19 5.09026
170 20 5.09026
170 21 5.09026
170 22 5.09026
170 23 5.09026
170 24 5.09026
170 25 5.09026
170 26 5.09026
170 27 5.09026
170 28 5.09026
170 29 5.09026
170 30 5.09026
170 31 5.09026
170 32 5.09026
170 33 5.09026
170 34 5.09026
170 35 5.09026
170 36 5.09026
170 37 5.09026
170 38 5.09026
170 39 5.09026
170 40 5.09026
170 41 5.09026
170 42 5.09026
170 43 5.09026
170 44 5.09026
170 45 5.09026
170 46 5.09026
170 47 5.09026
170 48 5.09026
170 49 5.09026
170 50 5.09026
170 51 5.09026
170 52 5.09026
170 53 5.09026
170 54 5.09026
170 55 5.09026
170 56 5.09026
170 57 5.09026
170 58 5.09026
170 59 5.09026
170 60 5.09026
170 61 5.09026
170 62 5.09026
170 63 5.09026
170 64 5.09026
170 65 5.09026
170 66 5.09026
170 67 5.09026
170 68 5.09026
170 69 5.09026
170 70 5.09026
170 71 5.09026
170 72 5.09026
170 73 5.09026
170 74 5.09026
170 75 5.09026
170 76 5.09026
170 77 5.09026
170 78 5.09026
170 79 5.09026
170 80 5.09026
170 81 5.09026
170 82 5.09026
170 83 5.09026
170 84 5.09026
170 85 5.09026
170 86 5.09026
170 87 5.09026
170 88 5.09026
170 89 5.13917
170 90 5.24913
170 91 5.34815
170 92 5.37507
170 93 5.38659
170 94 5.48719
170 95 5.49225
170 96 5.51001
170 97 5.53487
170 98 5.56786
170 99 5.59739
170 100 5.6178
170 101 5.63878
170 102 5.65538
170 103 5.75983
170 104 5.76146
170 105 5.77497
170 106 5.78771
170 107 5.8019
170 108 5.83287
170 109 5.88149
170 110 5.891
170 111 5.89447
170 112 5.90089
170 113 5.91231
170 114 5.93016
170 115 5.95718
170 116 5.97445
170 117 5.9889
170 118 6.04034
170 119 6.08444
170 120 6.1671
170 121 6.18608
170 122 6.2061
170 123 6.23106
170 124 6.26586
170 125 6.27654
170 126 6.28523
170 127 6.28523
170 128 6.31538
170 129 6.34427
170 130 6.35889
170 131 6.43793
170 132 6.45583
170 133 6.47299
170 134 6.47641
170 135 6.49007
170 136 6.4935
170 137 6.50861
170 138 6.51407
170 139 6.51917
170 140 6.57259
170 141 6.61202
170 142 6.62493
170 143 6.62531
170 144 6.63835
170 145 6.63835
170 146 6.66754
170 147 6.74159
170 148 6.82468
170 149 6.89501
170 150 6.90385
170 151 6.9045
170 152 6.90708
170 153 6.98344
170 154 7.01437
170 155 7.02012
170 156 7.02034
170 157 7.06272
170 158 7.09643
170 159 7.10045
170 160 7.10045
170 161 7.10045
170 162 7.28636
170 163 7.36457
170 164 7.37087
170 165 7.37512
170 166 7.43517
170 167 7.49923
170 168 7.51464
170 169 7.59858
170 170 7.66633
170 171 7.67646
170 172 7.73411
170 173 7.75224
170 174 7.80386
170 175 7.8252
170 176 7.87947
170 177 7.89329
170 178 7.92015
170 179 7.94123
170 180 8.01698
170 181 8.08666
170 182 8.08666
170 183 8.12163
170 184 8.15335
170 185 8.24585
170 186 8.27263
170 187 8.29649
170 188 8.33447
170 189 8.39044
170 190 8.43958
170 191 8.45296
170 192 8.47532
170 193 8.66142
170 194 8.86043
170 195 9.09433
170 196 9.18932
170 197 9.98494
170 198 10.1225
170 199 11.5713
171 0 5.09026 1 18 31 12 15 34 20 7 30 4 32 23 22 21 2 33 19 29 27 5 25 28 6 13 17 16 3 14 9 8 24 11 10 26 1 
171 1 5.09026
171 2 5.09026
171 3 5.09026
171 4 5.09026
171 5 5.09026
171 6 5.09026
171 7 5.09026
171 8 5.09026
171 9 5.09026
171 10 5.09026
171 11 5.09026
171 12 5.09026
171 13 5.09026
171 14 5.09026
171 15 5.09026
171 16 5.09026
171 17 5.09026
171 18 5.09026
171 19 5.09026
171 20 5.09026
171 21 5.09026
171 22 5.09026
171 23 5.09026
171 24 5.09026
171 25 5.09026
171 26 5.09026
171 27 5.09026
171 28 5.09026
171 29 5.09026
171 30 5.09026
171 31 5.09026
171 32 5.09026
171 33 5.09026
171 34 5.09026
171 35 5.09026
171 36 5.09026
171 37 5.09026
171 38 5.09026
171 39 5.09026
171 40 5.09026
171 41 5.09026
171 42 5.09026
171 43 5.09026
171 44 5.09026
171 45 5.09026
171 46 5.09026
171 47 5.09026
171 48 5.09026
171 49 5.09026
171 50 5.09026
171 51 5.09026
171 52 5.09026
171 53 5.09026
171 54 5.09026
171 55 5.09026
171 56 5.09026
171 57 5.09026
171 58 5.09026
171 59 5.09026
171 60 5.09026
171 61 5.09026
171 62 5.09026
171 63 5.09026
171 64 5.09026
171 65 5.09026
171 66 5.09026
171 67 5.09026
171 68 5.09026
171 69 5.09026
171 70 5.09026
171 71 5.09026
171 72 5.09026
171 73 5.09026
171 74 5.09026
171 75 5.09026
171 76 5.09026
171 77 5.09026
171 78 5.09026
171 79 5.09026
171 80 5.09026
171 81 5.09026
171 82 5.09026
171 83 5.09115
171 84 5.09764
171 85 5.12456
171 86 5.13917
171 87 5.25833
171 88 5.31427
171 89 5.34815
171 90 5.34815
171 91 5.37507
171 92 5.39218
171 93 5.48719
171 94 5.50845
171 95 5.51001
171 96 5.52905
171 97 5.53487
171 98 5.56786
171 99 5.58024
171 100 5.59739
171 101 5.61205
171 102 5.6178
171 103 5.62413
171 104 5.63878
171 105 5.65538
171 106 5.71036
171 107 5.75912
171 108 5.76067
171 109 5.76958
171 110 5.78771
171 111 5.83066
171 112 5.83287
171 113 5.84942
171 114 5.85079
171 115 5.88149
171 116 5.89489
171 117 5.94723
171 118 5.95161
171 119 5.96274
171 120 5.9889
171 121 6.01044
171 122 6.01857
171 123 6.07309
171 124 6.07683
171 125 6.08444
171 126 6.12032
171 127 6.15896
171 128 6.1721
171 129 6.23083
171 130 6.25886
171 131 6.27654
171 132 6.28523
171 133 6.34257
171 134 6.34558
171 135 6.35245
171 136 6.36855
171 137 6.39751
171 138 6.40377
171 139 6.45583
171 140 6.47384
171 141 6.50772
171 142 6.51407
171 143 6.51917
171 144 6.57259
171 145 6.57259
171 146 6.57937
171 147 6.62133
171 148 6.62493
171 149 6.62531
171 150 6.70209
171 151 6.77737
171 152 6.79543
171 153 6.8365
171 154 6.86767
171 155 6.88524
171 156 6.89501
171 157 6.98344
171 158 7.02012
171 159 7.0298
171 160 7.03861
171 161 7.06272
171 162 7.10045
171 163 7.1952
171 164 7.40563
171 165 7.46732
171 166 7.4677
171 167 7.5011
171 168 7.50998
171 169 7.59858
171 170 7.69601
171 171 7.70813
171 172 7.7339
171 173 7.76743
171 174 7.81128
171 175 7.84769
171 176 7.87947
171 177 7.94123
171 178 8.01813
171 179 8.07686
171 180 8.08493
171 181 8.17149
171 182 8.24585
171 183 8.34569
171 184 8.48821
171 185 8.53567
171 186 8.63712
171 187 8.65215
171 188 8.77682
171 189 8.89622
171 190 9.03526
171 191 9.22812
171 192 9.2326
171 193 9.33878
171 194 9.39038
171 195 9.90924
171 196 10.3306
171 197 10.5192
171 198 10.9198
171 199 12.5187
172 0 5.09026 1 18 31 12 15 34 20 7 30 4 32 23 22 21 2 33 19 29 27 5 25 28 6 13 17 16 3 14 9 8 24 11 10 26 1 
172 1 5.09026
172 2 5.09026
172 3 5.09026
172 4 5.09026
172 5 5.09026
172 6 5.09026
172 7 5.09026
172 8 5.09026
172 9 5.09026
172 10 5.09026
172 11 5.09026
172 12 5.09026
172 13 5.09026
172 14 5.09026
172 15 5.09026
172 16 5.09026
172 17 5.09026
172 18 5.09026
172 19 5.09026
172 20 5.09026
172 21 5.09026
172 22 5.09026
172 23 5.09026
172 24 5.09026
172 25 5.09026
172 26 5.09026
172 27 5.09026
172 28 5.09026
172 29 5.09026
172 30 5.09026
172 31 5.09026
172 32 5.09026
172 33 5.09026
172 34 5.09026
172 35 5.09026
172 36 5.09026
172 37 5.09026
172 38 5.09026
172 39 5.09026
172 40 5.09026
172 41 5.09026
172 42 5.09026
172 43 5.09026
172 44 5.09026
172 45 5.09026
172 46 5.09026
172 47 5.09026
172 48 5.09026
172 49 5.09026
172 50 5.09026
172 51 5.09026
172 52 5.09026
172 53 5.09026
172 54 5.09026
172 55 5.09026
172 56 5.09026
172 57 5.09026
172 58 5.09026
172 59 5.09026
172 60 5.09026
172 61 5.09026
172 62 5.09026
172 63 5.09026
172 64 5.09026
172 65 5.09026
172 66 5.09026
172 67 5.09026
172 68 5.09026
172 69 5.09026
172 70 5.09026
172 71 5.09026
172 72 5.09026
172 73 5.09026
172 74 5.09026
172 75 5.09026
172 76 5.09026
172 77 5.09026
172 78 5.09026
172 79 5.09026
172 80 5.09026
172 81 5.09026
172 82 5.09026
172 83 5.09026
172 84 5.09026
172 85 5.09026
172 86 5.09026
172 87 5.09026
172 88 5.09026
172 89 5.09026
172 90 5.09026
172 91 5.09026
172 92 5.09026
172 93 5.12456
172 94 5.16021
172 95 5.38659
172 96 5.38659
172 97 5.39218
172 98 5.45167
172 99 5.47213
172 100 5.51001
172 101 5.53487
172 102 5.55634
172 103 5.60201
172 104 5.65288
172 105 5.7877
172 106 5.79665
172 107 5.82153
172 108 5.84401
172 109 5.85079
172 110 5.88149
172 111 5.88595
172 112 5.95161
172 113 5.96274
172 114 5.96289
172 115 5.9947
172 116 6.00123
172 117 6.01044
172 118 6.01857
172 119 6.03345
172 120 6.03655
172 121 6.08444
172 122 6.10039
172 123 6.12032
172 124 6.12032
172 125 6.13613
172 126 6.15896
172 127 6.23607
172 128 6.26196
172 129 6.26814
172 130 6.27654
172 131 6.40754
172 132 6.4236
172 133 6.47699
172 134 6.49613
172 135 6.50447
172 136 6.51407
172 137 6.57724
172 138 6.59505
172 139 6.62531
172 140 6.62622
172 141 6.65182
172 142 6.65765
172 143 6.67303
172 144 6.68365
172 145 6.70366
172 146 6.77014
172 147 6.82128
172 148 6.8365
172 149 6.87829
172 150 6.93175
172 151 6.96461
172 152 6.96751
172 153 7.00965
172 154 7.0382
172 155 7.08334
172 156 7.09375
172 157 7.15998
172 158 7.1952
172 159 7.25488
172 160 7.26761
172 161 7.32691
172 162 7.35063
172 163 7.40563
172 164 7.4436
172 165 7.46732
172 166 7.48814
172 167 7.55435
172 168 7.56273
172 169 7.59966
172 170 7.60732
172 171 7.63785
172 172 7.81128
172 173 7.82991
172 174 7.87947
172 175 7.93542
172 176 7.94123
172 177 8.05123
172 178 8.07685
172 179 8.07686
172 180 8.21418
172 181 8.22979
172 182 8.36878
172 183 8.39802
172 184 8.46775
172 185 8.50261
172 186 8.51146
172 187 8.57673
172 188 8.57943
172 189 8.90572
172 190 8.95641
172 191 9.2326
172 192 9.33878
172 193 9.39038
172 194 9.88068
172 195 9.9665
172 196 9.98675
172 197 10.5358
172 198 12.4997
172 199 12.8572
173 0 5.09026 1 18 31 12 15 34 20 7 30 4 32 23 22 21 2 33 19 29 27 5 25 28 6 13 17 16 3 14 9 8 24 11 10 26 1 
173 1 5.09026
173 2 5.09026
173 3 5.09026
173 4 5.09026
173 5 5.09026
173 6 5.09026
173 7 5.09026
173 8 5.09026
173 9 5.09026
173 10 5.09026
173 11 5.09026
173 12 5.09026
173 13 5.09026
173 14 5.09026
173 15 5.09026
173 16 5.09026
173 17 5.09026
173 18 5.09026
173 19 5.09026
173 20 5.09026
173 21 5.09026
173 22 5.09026
173 23 5.09026
173 24 5.09026
173 25 5.09026
173 26 5.09026
173 27 5.09026
173 28 5.09026
173 29 5.09026
173 30 5.09026
173 31 5.09026
173 32 5.09026
173 33 5.09026
173 34 5.09026
173 35 5.09026
173 36 5.09026
173 37 5.09026
173 38 5.09026
173 39 5.09026
173 40 5.09026
173 41 5.09026
173 42 5.09026
173 43 5.09026
173 44 5.09026
173 45 5.09026
173 46 5.09026
173 47 5.09026
173 48 5.09026
173 49 5.09026
173 50 5.09026
173 51 5.09026
173 52 5.09026
173 53 5.09026
173 54 5.09026
173 55 5.09026
173 56 5.09026
173 57 5.09026
173 58 5.09026
173 59 5.09026
173 60 5.09026
173 61 5.09026
173 62 5.09026
173 63 5.09026
173 64 5.09026
173 65 5.09026
173 66 5.09026
173 67 5.09026
173 68 5.09026
173 69 5.09026
173 70 5.09026
173 71 5.09026
173 72 5.09026
173 73 5.09026
173 74 5.09026
173 75 5.09026
173 76 5.09026
173 77 5.09026
173 78 5.09026
173 79 5.09026
173 80 5.09026
173 81 5.09026
173 82 5.09026
173 83 5.09026
173 84 5.09026
173 85 5.09026
173 86 5.09026
173 87 5.09026
173 88 5.09026
173 89 5.09026
173 90 5.09026
173 91 5.09026
173 92 5.09026
173 93 5.1463
173 94 5.22625
173 95 5.255
173 96 5.27218
173 97 5.34815
173 98 5.34815
173 99 5.36601
173 100 5.38659
173 101 5.43063
173 102 5.44658
173 103 5.48374
173 104 5.53487
173 105 5.54557
173 106 5.55667
173 107 5.60039
173 108 5.64308
173 109 5.65288
173 110 5.65288
173 111 5.71056
173 112 5.73803
173 113 5.74079
173 114 5.7877
173 115 5.80272
173 116 5.84433
173 117 5.86369
173 118 5.86553
173 119 5.90276
173 120 5.9454
173 121 5.95161
173 122 5.96306
173 123 6.00123
173 124 6.01044
173 125 6.05595
173 126 6.07053
173 127 6.08254
173 128 6.12032
173 129 6.13613
173 130 6.14902
173 131 6.15896
173 132 6.16001
173 133 6.18372
173 134 6.25288
173 135 6.26164
173 136 6.26317
173 137 6.27507
173 138 6.30975
173 139 6.40887
173 140 6.4148
173 141 6.45991
173 142 6.49384
173 143 6.49613
173 144 6.50229
173 145 6.51407
173 146 6.54229
173 147 6.57724
173 148 6.60803
173 149 6.63826
173 150 6.64505
173 151 6.6498
173 152 6.65067
173 153 6.71364
173 154 6.77014
173 155 6.86039
173 156 6.86161
173 157 6.87309
173 158 6.90209
173 159 6.93175
173 160 7.00965
173 161 7.02677
173 162 7.03007
173 163 7.03142
173 164 7.09339
173 165 7.10453
173 166 7.14937
173 167 7.1952
173 168 7.21158
173 169 7.26885
173 170 7.287
173 171 7.29569
173 172 7.30061
173 173 7.32267
173 174 7.3535
173 175 7.42937
173 176 7.46732
173 177 7.55435
173 178 7.60675
173 179 7.63515
173 180 7.6669
173 181 7.74546
173 182 7.89973
173 183 7.93396
173 184 8.021
173 185 8.08147
173 186 8.08149
173 187 8.09176
173 188 8.13033
173 189 8.17442
173 190 8.17728
173 191 8.21647
173 192 8.24494
173 193 8.46124
173 194 8.47834
173 195 8.57943
173 196 8.6998
173 197 9.28633
173 198 10.4943
173 199 12.8572
174 0 5.09026 1 18 31 12 15 34 20 7 30 4 32 23 22 21 2 33 19 29 27 5 25 28 6 13 17 16 3 14 9 8 24 11 10 26 1 
174 1 5.09026
174 2 5.09026
174 3 5.09026
174 4 5.09026
174 5 5.09026
174 6 5.09026
174 7 5.09026
174 8 5.09026
174 9 5.09026
174 10 5.09026
174 11 5.09026
174 12 5.09026
174 13 5.09026
174 14 5.09026
174 15 5.09026
174 16 5.09026
174 17 5.09026
174 18 5.09026
174 19 5.09026
174 20 5.09026
174 21 5.09026
174 22 5.09026
174 23 5.09026
174 24 5.09026
174 25 5.09026
174 26 5.09026
174 27 5.09026
174 28 5.09026
174 29 5.09026
174 30 5.09026
174 31 5.09026
174 32 5.09026
174 33 5.09026
174 34 5.09026
174 35 5.09026
174 36 5.09026
174 37 5.09026
174 38 5.09026
174 39 5.09026
174 40 5.09026
174 41 5.09026
174 42 5.09026
174 43 5.09026
174 44 5.09026
174 45 5.09026
174 46 5.09026
174 47 5.09026
174 48 5.09026
174 49 5.09026
174 50 5.09026
174 51 5.09026
174 52 5.09026
174 53 5.09026
174 54 5.09026
174 55 5.09026
174 56 5.09026
174 57 5.09026
174 58 5.09026
174 59 5.09026
174 60 5.09026
174 61 5.09026
174 62 5.09026
174 63 5.09026
174 64 5.09026
174 65 5.09026
174 66 5.09026
174 67 5.09026
174 68 5.09026
174 69 5.09026
174 70 5.09026
174 71 5.09026
174 72 5.09026
174 73 5.09026
174 74 5.09026
174 75 5.09026
174 76 5.09026
174 77 5.09026
174 78 5.09026
174 79 5.09026
174 80 5.09026
174 81 5.09026
174 82 5.09026
174 83 5.09026
174 84 5.09026
174 85 5.09026
174 86 5.09026
174 87 5.09026
174 88 5.09026
174 89 5.09026
174 90 5.09026
174 91 5.22625
174 92 5.27218
174 93 5.38659
174 94 5.40844
174 95 5.41795
174 96 5.47933
174 97 5.53487
174 98 5.53487
174 99 5.58103
174 100 5.59739
174 101 5.65079
174 102 5.65288
174 103 5.67322
174 104 5.71056
174 105 5.71059
174 106 5.73803
174 107 5.73803
174 108 5.7799
174 109 5.78601
174 110 5.7877
174 111 5.8244
174 112 5.84401
174 113 5.84433
174 114 5.86106
174 115 5.87367
174 116 5.88887
174 117 5.90276
174 118 5.92506
174 119 5.93562
174 120 5.96942
174 121 5.97696
174 122 5.98719
174 123 5.98847
174 124 6.01198
174 125 6.10826
174 126 6.15964
174 127 6.19059
174 128 6.19557
174 129 6.26317
174 130 6.29964
174 131 6.32196
174 132 6.32732
174 133 6.38286
174 134 6.39471
174 135 6.45032
174 136 6.49301
174 137 6.51407
174 138 6.51873
174 139 6.54229
174 140 6.57393
174 141 6.5818
174 142 6.58521
174 143 6.5866
174 144 6.59348
174 145 6.59505
174 146 6.64505
174 147 6.6498
174 148 6.6549
174 149 6.65771
174 150 6.66235
174 151 6.67894
174 152 6.68652
174 153 6.72791
174 154 6.80238
174 155 6.80691
174 156 6.83722
174 157 6.84065
174 158 6.87309
174 159 6.87527
174 160 6.90171
174 161 6.90209
174 162 6.92339
174 163 6.95532
174 164 6.96843
174 165 7.09548
174 166 7.11446
174 167 7.16506
174 168 7.17519
174 169 7.18069
174 170 7.21774
174 171 7.2192
174 172 7.23665
174 173 7.26815
174 174 7.28902
174 175 7.30153
174 176 7.32267
174 177 7.41469
174 178 7.42595
174 179 7.45359
174 180 7.63515
174 181 7.66489
174 182 7.67675
174 183 7.74546
174 184 7.76166
174 185 7.78809
174 186 8.02238
174 187 8.04901
174 188 8.09498
174 189 8.27195
174 190 8.31051
174 191 8.44623
174 192 8.57673
174 193 8.6998
174 194 8.77215
174 195 8.79209
174 196 8.966
174 197 8.97263
174 198 9.16987
174 199 9.3304
175 0 5.09026 1 18 31 12 15 34 20 7 30 4 32 23 22 21 2 33 19 29 27 5 25 28 6 13 17 16 3 14 9 8 24 11 10 26 1 
175 1 5.09026
175 2 5.09026
175 3 5.09026
175 4 5.09026
175 5 5.09026
175 6 5.09026
175 7 5.09026
175 8 5.09026
175 9 5.09026
175 10 5.09026
175 11 5.09026
175 12 5.09026
175 13 5.09026
175 14 5.09026
175 15 5.09026
175 16 5.09026
175 17 5.09026
175 18 5.09026
175 19 5.09026
175 20 5.09026
175 21 5.09026
175 22 5.09026
175 23 5.09026
175 24 5.09026
175 25 5.09026
175 26 5.09026
175 27 5.09026
175 28 5.09026
175 29 5.09026
175 30 5.09026
175 31 5.09026
175 32 5.09026
175 33 5.09026
175 34 5.09026
175 35 5.09026
175 36 5.09026
175 37 5.09026
175 38 5.09026
175 39 5.09026
175 40 5.09026
175 41 5.09026
175 42 5.09026
175 43 5.09026
175 44 5.09026
175 45 5.09026
175 46 5.09026
175 47 5.09026
175 48 5.09026
175 49 5.09026
175 50 5.09026
175 51 5.09026
175 52 5.09026
175 53 5.09026
175 54 5.09026
175 55 5.09026
175 56 5.09026
175 57 5.09026
175 58 5.09026
175 59 5.09026
175 60 5.09026
175 61 5.09026
175 62 5.09026
175 63 5.09026
175 64 5.09026
175 65 5.09026
175 66 5.09026
175 67 5.09026
175 68 5.09026
175 69 5.09026
175 70 5.09026
175 71 5.09026
175 72 5.09026
175 73 5.09026
175 74 5.09026
175 75 5.09026
175 76 5.09026
175 77 5.09026
175 78 5.09026
175 79 5.09026
175 80 5.09026
175 81 5.09026
175 82 5.09026
175 83 5.09026
175 84 5.09026
175 85 5.09026
175 86 5.09026
175 87 5.09026
175 88 5.09026
175 89 5.09026
175 90 5.09026
175 91 5.10805
175 92 5.15068
175 93 5.19328
175 94 5.22625
175 95 5.25344
175 96 5.25344
175 97 5.30174
175 98 5.30574
175 99 5.30574
175 100 5.34815
175 101 5.45167
175 102 5.45417
175 103 5.53048
175 104 5.58103
175 105 5.59036
175 106 5.59739
175 107 5.60733
175 108 5.61881
175 109 5.64823
175 110 5.67089
175 111 5.70277
175 112 5.75089
175 113 5.75582
175 114 5.77115
175 115 5.77708
175 116 5.78601
175 117 5.8244
175 118 5.83907
175 119 5.86106
175 120 5.86106
175 121 5.88887
175 122 6.18296
175 123 6.19644
175 124 6.32196
175 125 6.37214
175 126 6.42721
175 127 6.43535
175 128 6.47699
175 129 6.49301
175 130 6.51407
175 131 6.54759
175 132 6.58133
175 133 6.59348
175 134 6.63618
175 135 6.64593
175 136 6.6498
175 137 6.65507
175 138 6.67894
175 139 6.68369
175 140 6.72791
175 141 6.76545
175 142 6.77014
175 143 6.79141
175 144 6.79943
175 145 6.84854
175 146 6.84998
175 147 6.8626
175 148 6.8652
175 149 6.86824
175 150 6.87813
175 151 6.92339
175 152 6.92339
175 153 6.98657
175 154 7.03301
175 155 7.04317
175 156 7.08219
175 157 7.10045
175 158 7.13572
175 159 7.13599
175 160 7.15487
175 161 7.23665
175 162 7.24661
175 163 7.26842
175 164 7.31844
175 165 7.35094
175 166 7.40587
175 167 7.41605
175 168 7.44939
175 169 7.47616
175 170 7.48754
175 171 7.54745
175 172 7.5831
175 173 7.7028
175 174 7.76906
175 175 7.80341
175 176 7.84753
175 177 7.86867
175 178 7.93665
175 179 7.96549
175 180 8.02018
175 181 8.04901
175 182 8.11353
175 183 8.13835
175 184 8.48264
175 185 8.6998
175 186 8.71116
175 187 8.71217
175 188 8.79583
175 189 8.80793
175 190 8.89534
175 191 8.90822
175 192 8.93609
175 193 9.06351
175 194 9.20297
175 195 9.22299
175 196 9.24072
175 197 9.69599
175 198 9.8759
175 199 10.9244
176 0 5.09026 1 18 31 12 15 34 20 7 30 4 32 23 22 21 2 33 19 29 27 5 25 28 6 13 17 16 3 14 9 8 24 11 10 26 1 
176 1 5.09026
176 2 5.09026
176 3 5.09026
176 4 5.09026
176 5 5.09026
176 6 5.09026
176 7 5.09026
176 8 5.09026
176 9 5.09026
176 10 5.09026
176 11 5.09026
176 12 5.09026
176 13 5.09026
176 14 5.09026
176 15 5.09026
176 16 5.09026
176 17 5.09026
176 18 5.09026
176 19 5.09026
176 20 5.09026
176 21 5.09026
176 22 5.09026
176 23 5.09026
176 24 5.09026
176 25 5.09026
176 26 5.09026
176 27 5.09026
176 28 5.09026
176 29 5.09026
176 30 5.09026
176 31 5.09026
176 32 5.09026
176 33 5.09026
176 34 5.09026
176 35 5.09026
176 36 5.09026
176 37 5.09026
176 38 5.09026
176 39 5.09026
176 40 5.09026
176 41 5.09026
176 42 5.09026
176 43 5.09026
176 44 5.09026
176 45 5.09026
176 46 5.09026
176 47 5.09026
176 48 5.09026
176 49 5.09026
176 50 5.09026
176 51 5.09026
176 52 5.09026
176 53 5.09026
176 54 5.09026
176 55 5.09026
176 56 5.09026
176 57 5.09026
176 58 5.09026
176 59 5.09026
176 60 5.09026
176 61 5.09026
176 62 5.09026
176 63 5.09026
176 64 5.09026
176 65 5.09026
176 66 5.09026
176 67 5.09026
176 68 5.09026
176 69 5.09026
176 70 5.09026
176 71 5.09026
176 72 5.09026
176 73 5.09026
176 74 5.09026
176 75 5.09026
176 76 5.09026
176 77 5.09026
176 78 5.09026
176 79 5.09026
176 80 5.09026
176 81 5.09026
176 82 5.09026
176 83 5.09026
176 84 5.09026
176 85 5.09026
176 86 5.09026
176 87 5.09026
176 88 5.09026
176 89 5.09026
176 90 5.09026
176 91 5.09026
176 92 5.09026
176 93 5.09026
176 94 5.09026
176 95 5.09026
176 96 5.09849
176 97 5.15068
176 98 5.22625
176 99 5.25344
176 100 5.27883
176 101 5.30001
176 102 5.30574
176 103 5.33382
176 104 5.34815
176 105 5.41868
176 106 5.43129
176 107 5.45167
176 108 5.47832
176 109 5.56012
176 110 5.58103
176 111 5.61217
176 112 5.63174
176 113 5.65087
176 114 5.67089
176 115 5.72068
176 116 5.73803
176 117 5.77115
176 118 5.8244
176 119 5.82562
176 120 5.83907
176 121 5.83907
176 122 5.83907
176 123 5.83907
176 124 5.83913
176 125 5.84942
176 126 5.86106
176 127 5.86106
176 128 5.88059
176 129 5.92511
176 130 5.96393
176 131 6.01333
176 132 6.06476
176 133 6.06663
176 134 6.06997
176 135 6.09003
176 136 6.09522
176 137 6.1012
176 138 6.11584
176 139 6.13252
176 140 6.15039
176 141 6.1599
176 142 6.16442
176 143 6.17878
176 144 6.18296
176 145 6.2446
176 146 6.29922
176 147 6.37476
176 148 6.40235
176 149 6.42157
176 150 6.43535
176 151 6.43535
176 152 6.45871
176 153 6.479
176 154 6.53204
176 155 6.64593
176 156 6.65648
176 157 6.67339
176 158 6.69502
176 159 6.69649
176 160 6.74925
176 161 6.76545
176 162 6.77014
176 163 6.79445
176 164 6.82315
176 165 7.06102
176 166 7.09516
176 167 7.13572
176 168 7.14712
176 169 7.17975
176 170 7.1952
176 171 7.23665
176 172 7.31844
176 173 7.35252
176 174 7.41904
176 175 7.44939
176 176 7.5865
176 177 7.58904
176 178 7.73194
176 179 7.74521
176 180 8.04901
176 181 8.38044
176 182 8.48904
176 183 8.51146
176 184 8.56479
176 185 8.61372
176 186 8.63511
176 187 8.71217
176 188 8.89534
176 189 8.89534
176 190 8.9013
176 191 8.92036
176 192 8.93609
176 193 8.94827
176 194 9.06351
176 195 9.29829
176 196 10.0701
176 197 10.2058
176 198 10.6146
176 199 10.6664
177 0 5.09026 1 18 31 12 15 34 20 7 30 4 32 23 22 21 2 33 19 29 27 5 25 28 6 13 17 16 3 14 9 8 24 11 10 26 1 
177 1 5.09026
177 2 5.09026
177 3 5.09026
177 4 5.09026
177 5 5.09026
177 6 5.09026
177 7 5.09026
177 8 5.09026
177 9 5.09026
177 10 5.09026
177 11 5.09026
177 12 5.09026
177 13 5.09026
177 14 5.09026
177 15 5.09026
177 16 5.09026
177 17 5.09026
177 18 5.09026
177 19 5.09026
177 20 5.09026
177 21 5.09026
177 22 5.09026
177 23 5.09026
177 24 5.09026
177 25 5.09026
177 26 5.09026
177 27 5.09026
177 28 5.09026
177 29 5.09026
177 30 5.09026
177 31 5.09026
177 32 5.09026
177 33 5.09026
177 34 5.09026
177 35 5.09026
177 36 5.09026
177 37 5.09026
177 38 5.09026
177 39 5.09026
177 40 5.09026
177 41 5.09026
177 42 5.09026
177 43 5.09026
177 44 5.09026
177 45 5.09026
177 46 5.09026
177 47 5.09026
177 48 5.09026
177 49 5.09026
177 50 5.09026
177 51 5.09026
177 52 5.09026
177 53 5.09026
177 54 5.09026
177 55 5.09026
177 56 5.09026
177 57 5.09026
177 58 5.09026
177 59 5.09026
177 60 5.09026
177 61 5.09026
177 62 5.09026
177 63 5.09026
177 64 5.09026
177 65 5.09026
177 66 5.09026
177 67 5.09026
177 68 5.09026
177 69 5.09026
177 70 5.09026
177 71 5.09026
177 72 5.09026
177 73 5.09026
177 74 5.09026
177 75 5.09026
177 76 5.09026
177 77 5.09026
177 78 5.09026
177 79 5.09026
177 80 5.09026
177 81 5.09026
177 82 5.09026
177 83 5.09026
177 84 5.09026
177 85 5.09026
177 86 5.09026
177 87 5.09026
177 88 5.09026
177 89 5.09026
177 90 5.09026
177 91 5.09026
177 92 5.09026
177 93 5.09026
177 94 5.09026
177 95 5.09026
177 96 5.09026
177 97 5.09026
177 98 5.09026
177 99 5.09026
177 100 5.09026
177 101 5.09026
177 102 5.09026
177 103 5.09026
177 104 5.09026
177 105 5.09026
177 106 5.09026
177 107 5.09026
177 108 5.09026
177 109 5.09026
177 110 5.25344
177 111 5.30574
177 112 5.34815
177 113 5.35658
177 114 5.41795
177 115 5.4742
177 116 5.4742
177 117 5.47832
177 118 5.54335
177 119 5.56012
177 120 5.61217
177 121 5.61217
177 122 5.62413
177 123 5.67089
177 124 5.72707
177 125 5.72968
177 126 5.73843
177 127 5.75874
177 128 5.76669
177 129 5.79848
177 130 5.80037
177 131 5.80272
177 132 5.83817
177 133 5.83907
177 134 5.85211
177 135 5.87955
177 136 5.89014
177 137 5.90164
177 138 5.94425
177 139 6.01544
177 140 6.10021
177 141 6.15039
177 142 6.16442
177 143 6.21763
177 144 6.22021
177 145 6.23106
177 146 6.2318
177 147 6.26751
177 148 6.37408
177 149 6.41184
177 150 6.42983
177 151 6.43535
177 152 6.479
177 153 6.479
177 154 6.48616
177 155 6.52117
177 156 6.56575
177 157 6.57369
177 158 6.64436
177 159 6.65771
177 160 6.69502
177 161 6.72026
177 162 6.73522
177 163 6.73542
177 164 6.73854
177 165 6.74546
177 166 6.74925
177 167 6.76545
177 168 6.77014
177 169 6.79445
177 170 6.80206
177 171 6.82315
177 172 6.88644
177 173 6.95264
177 174 7.01695
177 175 7.13572
177 176 7.14868
177 177 7.16964
177 178 7.1796
177 179 7.18995
177 180 7.20984
177 181 7.23447
177 182 7.29868
177 183 7.41904
177 184 7.44994
177 185 7.51801
177 186 7.5428
177 187 7.56972
177 188 7.68475
177 189 8.03892
177 190 8.06146
177 191 8.44319
177 192 8.60723
177 193 8.75156
177 194 8.98063
177 195 9.6307
177 196 9.83367
177 197 10.0701
177 198 10.0701
177 199 10.4183
178 0 5.09026 1 18 31 12 15 34 20 7 30 4 32 23 22 21 2 33 19 29 27 5 25 28 6 13 17 16 3 14 9 8 24 11 10 26 1 
178 1 5.09026
178 2 5.09026
178 3 5.09026
178 4 5.09026
178 5 5.09026
178 6 5.09026
178 7 5.09026
178 8 5.09026
178 9 5.09026
178 10 5.09026
178 11 5.09026
178 12 5.09026
178 13 5.09026
178 14 5.09026
178 15 5.09026
178 16 5.09026
178 17 5.09026
178 18 5.09026
178 19 5.09026
178 20 5.09026
178 21 5.09026
178 22 5.09026
178 23 5.09026
178 24 5.09026
178 25 5.09026
178 26 5.09026
178 27 5.09026
178 28 5.09026
178 29 5.09026
178 30 5.09026
178 31 5.09026
178 32 5.09026
178 33 5.09026
178 34 5.09026
178 35 5.09026
178 36 5.09026
178 37 5.09026
178 38 5.09026
178 39 5.09026
178 40 5.09026
178 41 5.09026
178 42 5.09026
178 43 5.09026
178 44 5.09026
178 45 5.09026
178 46 5.09026
178 47 5.09026
178 48 5.09026
178 49 5.09026
178 50 5.09026
178 51 5.09026
178 52 5.09026
178 53 5.09026
178 54 5.09026
178 55 5.09026
178 56 5.09026
178 57 5.09026
178 58 5.09026
178 59 5.09026
178 60 5.09026
178 61 5.09026
178 62 5.09026
178 63 5.09026
178 64 5.09026
178 65 5.09026
178 66 5.09026
178 67 5.09026
178 68 5.09026
178 69 5.09026
178 70 5.09026
178 71 5.09026
178 72 5.09026
178 73 5.09026
178 74 5.09026
178 75 5.09026
178 76 5.09026
178 77 5.09026
178 78 5.09026
178 79 5.09026
178 80 5.09026
178 81 5.09026
178 82 5.09026
178 83 5.09026
178 84 5.09026
178 85 5.09026
178 86 5.09026
178 87 5.09026
178 88 5.09026
178 89 5.09026
178 90 5.09026
178 91 5.09026
178 92 5.09026
178 93 5.09026
178 94 5.09026
178 95 5.09026
178 96 5.09026
178 97 5.09026
178 98 5.09026
178 99 5.09026
178 100 5.09026
178 101 5.09026
178 102 5.09026
178 103 5.09026
178 104 5.09026
178 105 5.09026
178 106 5.22625
178 107 5.24892
178 108 5.34815
178 109 5.34815
178 110 5.34815
178 111 5.34815
178 112 5.4742
178 113 5.4742
178 114 5.57069
178 115 5.63447
178 116 5.71011
178 117 5.72707
178 118 5.73843
178 119 5.75531
178 120 5.80272
178 121 5.81253
178 122 5.83817
178 123 5.84942
178 124 5.87433
178 125 5.87559
178 126 5.88548
178 127 5.89014
178 128 5.90017
178 129 5.90356
178 130 5.909
178 131 5.91898
178 132 5.93813
178 133 5.94425
178 134 5.9875
178 135 6.00035
178 136 6.07053
178 137 6.0777
178 138 6.12761
178 139 6.12896
178 140 6.16227
178 141 6.23106
178 142 6.24777
178 143 6.25886
178 144 6.27547
178 145 6.28356
178 146 6.29209
178 147 6.34112
178 148 6.35681
178 149 6.36265
178 150 6.37586
178 151 6.44652
178 152 6.45453
178 153 6.50994
178 154 6.55137
178 155 6.5536
178 156 6.56575
178 157 6.56575
178 158 6.62025
178 159 6.63904
178 160 6.67184
178 161 6.70732
178 162 6.73542
178 163 6.73854
178 164 6.74925
178 165 6.7826
178 166 6.85223
178 167 6.86507
178 168 6.88467
178 169 6.92499
178 170 6.93871
178 171 6.94288
178 172 6.94966
178 173 6.95963
178 174 6.96043
178 175 6.98076
178 176 7.00714
178 177 7.0166
178 178 7.09462
178 179 7.16606
178 180 7.19455
178 181 7.23019
178 182 7.23447
178 183 7.26761
178 184 7.28868
178 185 7.33499
178 186 7.35023
178 187 7.5428
178 188 7.55543
178 189 7.56923
178 190 7.63882
178 191 7.65158
178 192 7.76817
178 193 7.93151
178 194 7.96129
178 195 8.08049
178 196 8.58789
178 197 8.63029
178 198 8.64762
178 199 9.50574
179 0 5.09026 1 18 31 12 15 34 20 7 30 4 32 23 22 21 2 33 19 29 27 5 25 28 6 13 17 16 3 14 9 8 24 11 10 26 1 
179 1 5.09026
179 2 5.09026
179 3 5.09026
179 4 5.09026
179 5 5.09026
179 6 5.09026
179 7 5.09026
179 8 5.09026
179 9 5.09026
179 10 5.09026
179 11 5.09026
179 12 5.09026
179 13 5.09026
179 14 5.09026
179 15 5.09026
179 16 5.09026
179 17 5.09026
179 18 5.09026
179 19 5.09026
179 20 5.09026
179 21 5.09026
179 22 5.09026
179 23 5.09026
179 24 5.09026
179 25 5.09026
179 26 5.09026
179 27 5.09026
179 28 5.09026
179 29 5.09026
179 30 5.09026
179 31 5.09026
179 32 5.09026
179 33 5.09026
179 34 5.09026
179 35 5.09026
179 36 5.09026
179 37 5.09026
179 38 5.09026
179 39 5.09026
179 40 5.09026
179 41 5.09026
179 42 5.09026
179 43 5.09026
179 44 5.09026
179 45 5.09026
179 46 5.09026
179 47 5.09026
179 48 5.09026
179 49 5.09026
179 50 5.09026
179 51 5.09026
179 52 5.09026
179 53 5.09026
179 54 5.09026
179 55 5.09026
179 56 5.09026
179 57 5.09026
179 58 5.09026
179 59 5.09026
179 60 5.09026
179 61 5.09026
179 62 5.09026
179 63 5.09026
179 64 5.09026
179 65 5.09026
179 66 5.09026
179 67 5.09026
179 68 5.09026
179 69 5.09026
179 70 5.09026
179 71 5.09026
179 72 5.09026
179 73 5.09026
179 74 5.09026
179 75 5.09026
179 76 5.09026
179 77 5.09026
179 78 5.09026
179 79 5.09026
179 80 5.09026
179 81 5.09026
179 82 5.09026
179 83 5.09026
179 84 5.09026
179 85 5.09026
179 86 5.09026
179 87 5.09026
179 88 5.09026
179 89 5.09026
179 90 5.09026
179 91 5.09026
179 92 5.09026
179 93 5.09026
179 94 5.09026
179 95 5.09026
179 96 5.09026
179 97 5.09026
179 98 5.09026
179 99 5.09026
179 100 5.09026
179 101 5.09026
179 102 5.09026
179 103 5.09026
179 104 5.09026
179 105 5.09026
179 106 5.09026
179 107 5.09026
179 108 5.09026
179 109 5.09026
179 110 5.09026
179 111 5.11146
179 112 5.16021
179 113 5.24913
179 114 5.34815
179 115 5.34815
179 116 5.34815
179 117 5.386
179 118 5.47214
179 119 5.4742
179 120 5.52905
179 121 5.60476
179 122 5.63147
179 123 5.64715
179 124 5.65192
179 125 5.79937
179 126 5.83817
179 127 5.84435
179 128 5.87433
179 129 5.87559
179 130 5.88548
179 131 5.90017
179 132 5.90356
179 133 5.93813
179 134 5.95621
179 135 5.97965
179 136 6.00035
179 137 6.02114
179 138 6.02984
179 139 6.06368
179 140 6.09749
179 141 6.1671
179 142 6.19903
179 143 6.20662
179 144 6.25886
179 145 6.28121
179 146 6.28356
179 147 6.32959
179 148 6.3402
179 149 6.39009
179 150 6.39455
179 151 6.39981
179 152 6.4112
179 153 6.46583
179 154 6.51593
179 155 6.52842
179 156 6.54229
179 157 6.54522
179 158 6.58993
179 159 6.65757
179 160 6.67184
179 161 6.6761
179 162 6.70569
179 163 6.78947
179 164 6.7955
179 165 6.83189
179 166 6.87313
179 167 6.94288
179 168 6.94671
179 169 6.9811
179 170 6.99231
179 171 7.01784
179 172 7.04487
179 173 7.08219
179 174 7.0878
179 175 7.10045
179 176 7.14419
179 177 7.26176
179 178 7.30835
179 179 7.38359
179 180 7.3862
179 181 7.50334
179 182 7.52584
179 183 7.55543
179 184 7.56942
179 185 7.59384
179 186 7.62402
179 187 7.63101
179 188 7.67739
179 189 7.69661
179 190 7.69694
179 191 7.83135
179 192 7.96312
179 193 7.98561
179 194 8.0605
179 195 8.15985
179 196 8.19743
179 197 8.64762
179 198 8.7671
179 199 9.50574
180 0 5.09026 1 18 31 12 15 34 20 7 30 4 32 23 22 21 2 33 19 29 27 5 25 28 6 13 17 16 3 14 9 8 24 11 10 26 1 
180 1 5.09026
180 2 5.09026
180 3 5.09026
180 4 5.09026
180 5 5.09026
180 6 5.09026
180 7 5.09026
180 8 5.09026
180 9 5.09026
180 10 5.09026
180 11 5.09026
180 12 5.09026
180 13 5.09026
180 14 5.09026
180 15 5.09026
180 16 5.09026
180 17 5.09026
180 18 5.09026
180 19 5.09026
180 20 5.09026
180 21 5.09026
180 22 5.09026
180 23 5.09026
180 24 5.09026
180 25 5.09026
180 26 5.09026
180 27 5.09026
180 28 5.09026
180 29 5.09026
180 30 5.09026
180 31 5.09026
180 32 5.09026
180 33 5.09026
180 34 5.09026
180 35 5.09026
180 36 5.09026
180 37 5.09026
180 38 5.09026
180 39 5.09026
180 40 5.09026
180 41 5.09026
180 42 5.09026
180 43 5.09026
180 44 5.09026
180 45 5.09026
180 46 5.09026
180 47 5.09026
180 48 5.09026
180 49 5.09026
180 50 5.09026
180 51 5.09026
180 52 5.09026
180 53 5.09026
180 54 5.09026
180 55 5.09026
180 56 5.09026
180 57 5.09026
180 58 5.09026
180 59 5.09026
180 60 5.09026
180 61 5.09026
180 62 5.09026
180 63 5.09026
180 64 5.09026
180 65 5.09026
180 66 5.09026
180 67 5.09026
180 68 5.09026
180 69 5.09026
180 70 5.09026
180 71 5.09026
180 72 5.09026
180 73 5.09026
180 74 5.09026
180 75 5.09026
180 76 5.09026
180 77 5.09026
180 78 5.09026
180 79 5.09026
180 80 5.09026
180 81 5.09026
180 82 5.09026
180 83 5.09026
180 84 5.09026
180 85 5.09026
180 86 5.09026
180 87 5.09026
180 88 5.09026
180 89 5.09026
180 90 5.09026
180 91 5.09026
180 92 5.09026
180 93 5.09026
180 94 5.09026
180 95 5.09026
180 96 5.09026
180 97 5.09026
180 98 5.09026
180 99 5.09026
180 100 5.09026
180 101 5.09026
180 102 5.09026
180 103 5.09026
180 104 5.09026
180 105 5.09026
180 106 5.09026
180 107 5.09026
180 108 5.09026
180 109 5.09026
180 110 5.09026
180 111 5.09026
180 112 5.11146
180 113 5.11146
180 114 5.14861
180 115 5.24913
180 116 5.2942
180 117 5.34815
180 118 5.37358
180 119 5.41795
180 120 5.50845
180 121 5.50845
180 122 5.52442
180 123 5.53487
180 124 5.61188
180 125 5.7191
180 126 5.74106
180 127 5.75726
180 128 5.76029
180 129 5.79866
180 130 5.80415
180 131 5.81518
180 132 5.86442
180 133 5.87559
180 134 5.88345
180 135 5.93016
180 136 5.93998
180 137 5.942
180 138 5.95581
180 139 6.28121
180 140 6.29211
180 141 6.29964
180 142 6.36963
180 143 6.41011
180 144 6.42096
180 145 6.42577
180 146 6.45197
180 147 6.46346
180 148 6.46583
180 149 6.51199
180 150 6.53775
180 151 6.54522
180 152 6.55075
180 153 6.56093
180 154 6.582
180 155 6.6018
180 156 6.61784
180 157 6.62025
180 158 6.62586
180 159 6.73903
180 160 6.77909
180 161 6.78947
180 162 6.92017
180 163 6.93902
180 164 7.04487
180 165 7.10045
180 166 7.19251
180 167 7.26482
180 168 7.28873
180 169 7.34899
180 170 7.35739
180 171 7.3862
180 172 7.3862
180 173 7.53127
180 174 7.64963
180 175 7.69694
180 176 7.77554
180 177 7.78637
180 178 7.83392
180 179 7.87226
180 180 7.90649
180 181 7.90666
180 182 7.91443
180 183 7.96312
180 184 7.99293
180 185 7.99447
180 186 8.03954
180 187 8.0483
180 188 8.1021
180 189 8.15985
180 190 8.33013
180 191 8.49801
180 192 8.57673
180 193 8.70569
180 194 8.74793
180 195 8.95603
180 196 9.17009
180 197 9.22432
180 198 9.42654
180 199 11.084
181 0 5.09026 1 18 31 12 15 34 20 7 30 4 32 23 22 21 2 33 19 29 27 5 25 28 6 13 17 16 3 14 9 8 24 11 10 26 1 
181 1 5.09026
181 2 5.09026
181 3 5.09026
181 4 5.09026
181 5 5.09026
181 6 5.09026
181 7 5.09026
181 8 5.09026
181 9 5.09026
181 10 5.09026
181 11 5.09026
181 12 5.09026
181 13 5.09026
181 14 5.09026
181 15 5.09026
181 16 5.09026
181 17 5.09026
181 18 5.09026
181 19 5.09026
181 20 5.09026
181 21 5.09026
181 22 5.09026
181 23 5.09026
181 24 5.09026
181 25 5.09026
181 26 5.09026
181 27 5.09026
181 28 5.09026
181 29 5.09026
181 30 5.09026
181 31 5.09026
181 32 5.09026
181 33 5.09026
181 34 5.09026
181 35 5.09026
181 36 5.09026
181 37 5.09026
181 38 5.09026
181 39 5.09026
181 40 5.09026
181 41 5.09026
181 42 5.09026
181 43 5.09026
181 44 5.09026
181 45 5.09026
181 46 5.09026
181 47 5.09026
181 48 5.09026
181 49 5.09026
181 50 5.09026
181 51 5.09026
181 52 5.09026
181 53 5.09026
181 54 5.09026
181 55 5.09026
181 56 5.09026
181 57 5.09026
181 58 5.09026
181 59 5.09026
181 60 5.09026
181 61 5.09026
181 62 5.09026
181 63 5.09026
181 64 5.09026
181 65 5.09026
181 66 5.09026
181 67 5.09026
181 68 5.09026
181 69 5.09026
181 70 5.09026
181 71 5.09026
181 72 5.09026
181 73 5.09026
181 74 5.09026
181 75 5.09026
181 76 5.09026
181 77 5.09026
181 78 5.09026
181 79 5.09026
181 80 5.09026
181 81 5.09026
181 82 5.09026
181 83 5.09026
181 84 5.09026
181 85 5.09026
181 86 5.09026
181 87 5.09026
181 88 5.09026
181 89 5.09026
181 90 5.09026
181 91 5.09026
181 92 5.09026
181 93 5.09026
181 94 5.09026
181 95 5.09026
181 96 5.09026
181 97 5.09026
181 98 5.09026
181 99 5.09026
181 100 5.09026
181 101 5.09026
181 102 5.09026
181 103 5.09026
181 104 5.09026
181 105 5.09026
181 106 5.09026
181 107 5.09026
181 108 5.09026
181 109 5.09026
181 110 5.09026
181 111 5.09026
181 112 5.11146
181 113 5.12456
181 114 5.2942
181 115 5.30574
181 116 5.32633
181 117 5.34815
181 118 5.37358
181 119 5.37507
181 120 5.41868
181 121 5.43794
181 122 5.44218
181 123 5.4429
181 124 5.45167
181 125 5.4742
181 126 5.47933
181 127 5.48381
181 128 5.63239
181 129 5.64778
181 130 5.74325
181 131 5.75726
181 132 5.75726
181 133 5.75726
181 134 5.79866
181 135 5.79866
181 136 5.85296
181 137 5.88085
181 138 5.88709
181 139 5.89545
181 140 5.95826
181 141 6.07512
181 142 6.07569
181 143 6.18666
181 144 6.218
181 145 6.28775
181 146 6.31573
181 147 6.4119
181 148 6.42096
181 149 6.42339
181 150 6.42577
181 151 6.46714
181 152 6.50168
181 153 6.52343
181 154 6.52725
181 155 6.52842
181 156 6.53775
181 157 6.54229
181 158 6.54522
181 159 6.62336
181 160 6.66793
181 161 6.68512
181 162 6.73028
181 163 6.74546
181 164 6.77737
181 165 6.78166
181 166 6.78896
181 167 6.92017
181 168 6.93902
181 169 6.94533
181 170 7.08196
181 171 7.10045
181 172 7.15081
181 173 7.19721
181 174 7.33987
181 175 7.3862
181 176 7.54625
181 177 7.69057
181 178 7.70334
181 179 7.78637
181 180 7.90649
181 181 7.90666
181 182 7.99447
181 183 8.00282
181 184 8.01492
181 185 8.2329
181 186 8.27329
181 187 8.28239
181 188 8.31796
181 189 8.37452
181 190 8.52417
181 191 8.58441
181 192 8.79155
181 193 8.86054
181 194 9.4099
181 195 9.47448
181 196 9.68347
181 197 9.83135
181 198 9.99201
181 199 12.657
182 0 5.09026 1 18 31 12 15 34 20 7 30 4 32 23 22 21 2 33 19 29 27 5 25 28 6 13 17 16 3 14 9 8 24 11 10 26 1 
182 1 5.09026
182 2 5.09026
182 3 5.09026
182 4 5.09026
182 5 5.09026
182 6 5.09026
182 7 5.09026
182 8 5.09026
182 9 5.09026
182 10 5.09026
182 11 5.09026
182 12 5.09026
182 13 5.09026
182 14 5.09026
182 15 5.09026
182 16 5.09026
182 17 5.09026
182 18 5.09026
182 19 5.09026
182 20 5.09026
182 21 5.09026
182 22 5.09026
182 23 5.09026
182 24 5.09026
182 25 5.09026
182 26 5.09026
182 27 5.09026
182 28 5.09026
182 29 5.09026
182 30 5.09026
182 31 5.09026
182 32 5.09026
182 33 5.09026
182 34 5.09026
182 35 5.09026
182 36 5.09026
182 37 5.09026
182 38 5.09026
182 39 5.09026
182 40 5.09026
182 41 5.09026
182 42 5.09026
182 43 5.09026
182 44 5.09026
182 45 5.09026
182 46 5.09026
182 47 5.09026
182 48 5.09026
182 49 5.09026
182 50 5.09026
182 51 5.09026
182 52 5.09026
182 53 5.09026
182 54 5.09026
182 55 5.09026
182 56 5.09026
182 57 5.09026
182 58 5.09026
182 59 5.09026
182 60 5.09026
182 61 5.09026
182 62 5.09026
182 63 5.09026
182 64 5.09026
182 65 5.09026
182 66 5.09026
182 67 5.09026
182 68 5.09026
182 69 5.09026
182 70 5.09026
182 71 5.09026
182 72 5.09026
182 73 5.09026
182 74 5.09026
182 75 5.09026
182 76 5.09026
182 77 5.09026
182 78 5.09026
182 79 5.09026
182 80 5.09026
182 81 5.09026
182 82 5.09026
182 83 5.09026
182 84 5.09026
182 85 5.09026
182 86 5.09026
182 87 5.09026
182 88 5.09026
182 89 5.09026
182 90 5.09026
182 91 5.09026
182 92 5.09026
182 93 5.09026
182 94 5.09026
182 95 5.09026
182 96 5.09026
182 97 5.09026
182 98 5.09026
182 99 5.09026
182 100 5.09026
182 101 5.09026
182 102 5.09026
182 103 5.09026
182 104 5.09026
182 105 5.09026
182 106 5.09026
182 107 5.09026
182 108 5.09026
182 109 5.09026
182 110 5.11146
182 111 5.17385
182 112 5.30001
182 113 5.30574
182 114 5.33382
182 115 5.34815
182 116 5.34815
182 117 5.34815
182 118 5.35658
182 119 5.37358
182 120 5.37358
182 121 5.43738
182 122 5.44218
182 123 5.52164
182 124 5.53048
182 125 5.58531
182 126 5.60395
182 127 5.64347
182 128 5.70275
182 129 5.75726
182 130 5.79637
182 131 5.85296
182 132 5.85296
182 133 5.88709
182 134 5.93877
182 135 5.95826
182 136 5.95826
182 137 5.96289
182 138 5.98477
182 139 5.9889
182 140 6.01219
182 141 6.02558
182 142 6.07416
182 143 6.07416
182 144 6.08847
182 145 6.13512
182 146 6.14792
182 147 6.16888
182 148 6.17234
182 149 6.20373
182 150 6.218
182 151 6.35235
182 152 6.35924
182 153 6.37214
182 154 6.41255
182 155 6.44629
182 156 6.49117
182 157 6.4922
182 158 6.50168
182 159 6.54522
182 160 6.63324
182 161 6.63979
182 162 6.68512
182 163 6.69913
182 164 6.77014
182 165 6.83059
182 166 6.91995
182 167 6.95581
182 168 7.08196
182 169 7.08528
182 170 7.11269
182 171 7.11396
182 172 7.12566
182 173 7.13963
182 174 7.18092
182 175 7.32518
182 176 7.44556
182 177 7.4673
182 178 7.47758
182 179 7.54193
182 180 7.67363
182 181 7.67726
182 182 7.99447
182 183 8.05362
182 184 8.05366
182 185 8.17005
182 186 8.2329
182 187 8.23686
182 188 8.2571
182 189 8.27263
182 190 8.28239
182 191 8.50984
182 192 8.52417
182 193 8.5832
182 194 8.58441
182 195 8.72721
182 196 9.2983
182 197 9.34573
182 198 9.82861
182 199 10.3765
183 0 5.09026 1 18 31 12 15 34 20 7 30 4 32 23 22 21 2 33 19 29 27 5 25 28 6 13 17 16 3 14 9 8 24 11 10 26 1 
183 1 5.09026
183 2 5.09026
183 3 5.09026
183 4 5.09026
183 5 5.09026
183 6 5.09026
183 7 5.09026
183 8 5.09026
183 9 5.09026
183 10 5.09026
183 11 5.09026
183 12 5.09026
183 13 5.09026
183 14 5.09026
183 15 5.09026
183 16 5.09026
183 17 5.09026
183 18 5.09026
183 19 5.09026
183 20 5.09026
183 21 5.09026
183 22 5.09026
183 23 5.09026
183 24 5.09026
183 25 5.09026
183 26 5.09026
183 27 5.09026
183 28 5.09026
183 29 5.09026
183 30 5.09026
183 31 5.09026
183 32 5.09026
183 33 5.09026
183 34 5.09026
183 35 5.09026
183 36 5.09026
183 37 5.09026
183 38 5.09026
183 39 5.09026
183 40 5.09026
183 41 5.09026
183 42 5.09026
183 43 5.09026
183 44 5.09026
183 45 5.09026
183 46 5.09026
183 47 5.09026
183 48 5.09026
183 49 5.09026
183 50 5.09026
183 51 5.09026
183 52 5.09026
183 53 5.09026
183 54 5.09026
183 55 5.09026
183 56 5.09026
183 57 5.09026
183 58 5.09026
183 59 5.09026
183 60 5.09026
183 61 5.09026
183 62 5.09026
183 63 5.09026
183 64 5.09026
183 65 5.09026
183 66 5.09026
183 67 5.09026
183 68 5.09026
183 69 5.09026
183 70 5.09026
183 71 5.09026
183 72 5.09026
183 73 5.09026
183 74 5.09026
183 75 5.09026
183 76 5.09026
183 77 5.09026
183 78 5.09026
183 79 5.09026
183 80 5.09026
183 81 5.09026
183 82 5.09026
183 83 5.09026
183 84 5.09026
183 85 5.09026
183 86 5.09026
183 87 5.09026
183 88 5.09026
183 89 5.09026
183 90 5.09026
183 91 5.09026
183 92 5.09026
183 93 5.09026
183 94 5.09026
183 95 5.09026
183 96 5.09026
183 97 5.09026
183 98 5.09026
183 99 5.09026
183 100 5.09026
183 101 5.09026
183 102 5.09026
183 103 5.09026
183 104 5.09026
183 105 5.09026
183 106 5.09026
183 107 5.09026
183 108 5.09026
183 109 5.09026
183 110 5.09026
183 111 5.09026
183 112 5.09026
183 113 5.09026
183 114 5.09026
183 115 5.1463
183 116 5.17385
183 117 5.30574
183 118 5.33382
183 119 5.33382
183 120 5.37358
183 121 5.38612
183 122 5.44218
183 123 5.51211
183 124 5.52164
183 125 5.52164
183 126 5.58531
183 127 5.59864
183 128 5.62971
183 129 5.64308
183 130 5.75255
183 131 5.77385
183 132 5.77947
183 133 5.79637
183 134 5.80862
183 135 5.82735
183 136 5.8602
183 137 5.88023
183 138 5.90416
183 139 5.93562
183 140 5.942
183 141 5.97616
183 142 6.005
183 143 6.04585
183 144 6.04647
183 145 6.06036
183 146 6.08847
183 147 6.08847
183 148 6.10149
183 149 6.13458
183 150 6.13512
183 151 6.15103
183 152 6.25931
183 153 6.29433
183 154 6.30231
183 155 6.30244
183 156 6.3145
183 157 6.34636
183 158 6.35235
183 159 6.4292
183 160 6.50168
183 161 6.54522
183 162 6.5818
183 163 6.60026
183 164 6.62701
183 165 6.63324
183 166 6.73169
183 167 6.81508
183 168 6.83722
183 169 6.88232
183 170 6.90659
183 171 6.93244
183 172 6.93485
183 173 6.95264
183 174 6.96186
183 175 6.98711
183 176 7.04908
183 177 7.12398
183 178 7.17544
183 179 7.27525
183 180 7.27694
183 181 7.44556
183 182 7.51309
183 183 7.55302
183 184 7.79797
183 185 7.8181
183 186 7.98433
183 187 8.05362
183 188 8.05366
183 189 8.07723
183 190 8.08666
183 191 8.08749
183 192 8.17005
183 193 8.22382
183 194 8.34997
183 195 8.39326
183 196 8.53567
183 197 8.81908
183 198 9.34317
183 199 10.0352
184 0 5.09026 1 18 31 12 15 34 20 7 30 4 32 23 22 21 2 33 19 29 27 5 25 28 6 13 17 16 3 14 9 8 24 11 10 26 1 
184 1 5.09026
184 2 5.09026
184 3 5.09026
184 4 5.09026
184 5 5.09026
184 6 5.09026
184 7 5.09026
184 8 5.09026
184 9 5.09026
184 10 5.09026
184 11 5.09026
184 12 5.09026
184 13 5.09026
184 14 5.09026
184 15 5.09026
184 16 5.09026
184 17 5.09026
184 18 5.09026
184 19 5.09026
184 20 5.09026
184 21 5.09026
184 22 5.09026
184 23 5.09026
184 24 5.09026
184 25 5.09026
184 26 5.09026
184 27 5.09026
184 28 5.09026
184 29 5.09026
184 30 5.09026
184 31 5.09026
184 32 5.09026
184 33 5.09026
184 34 5.09026
184 35 5.09026
184 36 5.09026
184 37 5.09026
184 38 5.09026
184 39 5.09026
184 40 5.09026
184 41 5.09026
184 42 5.09026
184 43 5.09026
184 44 5.09026
184 45 5.09026
184 46 5.09026
184 47 5.09026
184 48 5.09026
184 49 5.09026
184 50 5.09026
184 51 5.09026
184 52 5.09026
184 53 5.09026
184 54 5.09026
184 55 5.09026
184 56 5.09026
184 57 5.09026
184 58 5.09026
184 59 5.09026
184 60 5.09026
184 61 5.09026
184 62 5.09026
184 63 5.09026
184 64 5.09026
184 65 5.09026
184 66 5.09026
184 67 5.09026
184 68 5.09026
184 69 5.09026
184 70 5.09026
184 71 5.09026
184 72 5.09026
184 73 5.09026
184 74 5.09026
184 75 5.09026
184 76 5.09026
184 77 5.09026
184 78 5.09026
184 79 5.09026
184 80 5.09026
184 81 5.09026
184 82 5.09026
184 83 5.09026
184 84 5.09026
184 85 5.09026
184 86 5.09026
184 87 5.09026
184 88 5.09026
184 89 5.09026
184 90 5.09026
184 91 5.09026
184 92 5.09026
184 93 5.09026
184 94 5.09026
184 95 5.09026
184 96 5.09026
184 97 5.09026
184 98 5.09026
184 99 5.09026
184 100 5.09026
184 101 5.09026
184 102 5.09026
184 103 5.09026
184 104 5.09026
184 105 5.09026
184 106 5.09026
184 107 5.09026
184 108 5.09026
184 109 5.09026
184 110 5.09026
184 111 5.09026
184 112 5.09026
184 113 5.09026
184 114 5.09026
184 115 5.1463
184 116 5.30574
184 117 5.37507
184 118 5.386
184 119 5.43585
184 120 5.4405
184 121 5.46426
184 122 5.46736
184 123 5.47592
184 124 5.49334
184 125 5.59864
184 126 5.635
184 127 5.64308
184 128 5.64537
184 129 5.64778
184 130 5.69987
184 131 5.79866
184 132 5.82487
184 133 5.86321
184 134 5.88548
184 135 5.9087
184 136 5.93199
184 137 5.96306
184 138 5.96942
184 139 5.99189
184 140 6.10888
184 141 6.11248
184 142 6.12307
184 143 6.13458
184 144 6.13728
184 145 6.22925
184 146 6.25794
184 147 6.25931
184 148 6.26432
184 149 6.27685
184 150 6.30375
184 151 6.34636
184 152 6.37067
184 153 6.4079
184 154 6.41341
184 155 6.43667
184 156 6.46558
184 157 6.50168
184 158 6.51593
184 159 6.55122
184 160 6.58502
184 161 6.60803
184 162 6.60823
184 163 6.61497
184 164 6.63324
184 165 6.6733
184 166 6.68345
184 167 6.7826
184 168 6.79661
184 169 6.80691
184 170 6.81169
184 171 6.82711
184 172 6.86767
184 173 6.88467
184 174 6.90793
184 175 6.93244
184 176 7.00443
184 177 7.00812
184 178 7.0419
184 179 7.05094
184 180 7.07997
184 181 7.09196
184 182 7.09301
184 183 7.10045
184 184 7.18778
184 185 7.23059
184 186 7.31794
184 187 7.56581
184 188 7.58057
184 189 7.65601
184 190 7.75635
184 191 7.7655
184 192 7.7714
184 193 8.23161
184 194 8.70318
184 195 8.81908
184 196 8.87314
184 197 9.9398
184 198 10.5521
184 199 10.776
185 0 5.09026 1 18 31 12 15 34 20 7 30 4 32 23 22 21 2 33 19 29 27 5 25 28 6 13 17 16 3 14 9 8 24 11 10 26 1 
185 1 5.09026
185 2 5.09026
185 3 5.09026
185 4 5.09026
185 5 5.09026
185 6 5.09026
185 7 5.09026
185 8 5.09026
185 9 5.09026
185 10 5.09026
185 11 5.09026
185 12 5.09026
185 13 5.09026
185 14 5.09026
185 15 5.09026
185 16 5.09026
185 17 5.09026
185 18 5.09026
185 19 5.09026
185 20 5.09026
185 21 5.09026
185 22 5.09026
185 23 5.09026
185 24 5.09026
185 25 5.09026
185 26 5.09026
185 27 5.09026
185 28 5.09026
185 29 5.09026
185 30 5.09026
185 31 5.09026
185 32 5.09026
185 33 5.09026
185 34 5.09026
185 35 5.09026
185 36 5.09026
185 37 5.09026
185 38 5.09026
185 39 5.09026
185 40 5.09026
185 41 5.09026
185 42 5.09026
185 43 5.09026
185 44 5.09026
185 45 5.09026
185 46 5.09026
185 47 5.09026
185 48 5.09026
185 49 5.09026
185 50 5.09026
185 51 5.09026
185 52 5.09026
185 53 5.09026
185 54 5.09026
185 55 5.09026
185 56 5.09026
185 57 5.09026
185 58 5.09026
185 59 5.09026
185 60 5.09026
185 61 5.09026
185 62 5.09026
185 63 5.09026
185 64 5.09026
185 65 5.09026
185 66 5.09026
185 67 5.09026
185 68 5.09026
185 69 5.09026
185 70 5.09026
185 71 5.09026
185 72 5.09026
185 73 5.09026
185 74 5.09026
185 75 5.09026
185 76 5.09026
185 77 5.09026
185 78 5.09026
185 79 5.09026
185 80 5.09026
185 81 5.09026
185 82 5.09026
185 83 5.09026
185 84 5.09026
185 85 5.09026
185 86 5.09026
185 87 5.09026
185 88 5.09026
185 89 5.09026
185 90 5.09026
185 91 5.09026
185 92 5.09026
185 93 5.09026
185 94 5.09026
185 95 5.09026
185 96 5.09026
185 97 5.09026
185 98 5.09026
185 99 5.09026
185 100 5.25344
185 101 5.32697
185 102 5.34815
185 103 5.34815
185 104 5.41795
185 105 5.43585
185 106 5.43738
185 107 5.49334
185 108 5.52905
185 109 5.54366
185 110 5.55667
185 111 5.57069
185 112 5.62028
185 113 5.635
185 114 5.64308
185 115 5.64308
185 116 5.64778
185 117 5.66084
185 118 5.67617
185 119 5.68503
185 120 5.68568
185 121 5.69987
185 122 5.69987
185 123 5.76029
185 124 5.80397
185 125 5.80862
185 126 5.8208
185 127 5.86321
185 128 5.91082
185 129 5.91492
185 130 5.93269
185 131 5.96942
185 132 5.98823
185 133 6.04523
185 134 6.09248
185 135 6.13728
185 136 6.14676
185 137 6.15195
185 138 6.19767
185 139 6.20193
185 140 6.22798
185 141 6.25931
185 142 6.26432
185 143 6.29041
185 144 6.33269
185 145 6.35245
185 146 6.36433
185 147 6.37145
185 148 6.45583
185 149 6.46558
185 150 6.47843
185 151 6.51665
185 152 6.58502
185 153 6.58502
185 154 6.58502
185 155 6.59454
185 156 6.60482
185 157 6.61497
185 158 6.63314
185 159 6.65835
185 160 6.68345
185 161 6.73103
185 162 6.75465
185 163 6.83638
185 164 6.88467
185 165 6.89561
185 166 6.90793
185 167 6.92862
185 168 6.93023
185 169 7.05094
185 170 7.05808
185 171 7.11774
185 172 7.13196
185 173 7.14675
185 174 7.21974
185 175 7.24578
185 176 7.37945
185 177 7.50727
185 178 7.52443
185 179 7.7655
185 180 7.82105
185 181 7.96593
185 182 7.9701
185 183 7.9967
185 184 8.06146
185 185 8.1019
185 186 8.1366
185 187 8.19056
185 188 8.27085
185 189 8.28214
185 190 8.28239
185 191 8.31051
185 192 8.34958
185 193 8.57673
185 194 8.59638
185 195 8.68992
185 196 9.17352
185 197 9.41919
185 198 9.75655
185 199 10.5521
186 0 5.09026 1 18 31 12 15 34 20 7 30 4 32 23 22 21 2 33 19 29 27 5 25 28 6 13 17 16 3 14 9 8 24 11 10 26 1 
186 1 5.09026
186 2 5.09026
186 3 5.09026
186 4 5.09026
186 5 5.09026
186 6 5.09026
186 7 5.09026
186 8 5.09026
186 9 5.09026
186 10 5.09026
186 11 5.09026
186 12 5.09026
186 13 5.09026
186 14 5.09026
186 15 5.09026
186 16 5.09026
186 17 5.09026
186 18 5.09026
186 19 5.09026
186 20 5.09026
186 21 5.09026
186 22 5.09026
186 23 5.09026
186 24 5.09026
186 25 5.09026
186 26 5.09026
186 27 5.09026
186 28 5.09026
186 29 5.09026
186 30 5.09026
186 31 5.09026
186 32 5.09026
186 33 5.09026
186 34 5.09026
186 35 5.09026
186 36 5.09026
186 37 5.09026
186 38 5.09026
186 39 5.09026
186 40 5.09026
186 41 5.09026
186 42 5.09026
186 43 5.09026
186 44 5.09026
186 45 5.09026
186 46 5.09026
186 47 5.09026
186 48 5.09026
186 49 5.09026
186 50 5.09026
186 51 5.09026
186 52 5.09026
186 53 5.09026
186 54 5.09026
186 55 5.09026
186 56 5.09026
186 57 5.09026
186 58 5.09026
186 59 5.09026
186 60 5.09026
186 61 5.09026
186 62 5.09026
186 63 5.09026
186 64 5.09026
186 65 5.09026
186 66 5.09026
186 67 5.09026
186 68 5.09026
186 69 5.09026
186 70 5.09026
186 71 5.09026
186 72 5.09026
186 73 5.09026
186 74 5.09026
186 75 5.09026
186 76 5.09026
186 77 5.09026
186 78 5.09026
186 79 5.09026
186 80 5.09026
186 81 5.09026
186 82 5.09026
186 83 5.09026
186 84 5.09026
186 85 5.09026
186 86 5.09026
186 87 5.09026
186 88 5.09026
186 89 5.09026
186 90 5.09026
186 91 5.09026
186 92 5.09026
186 93 5.09026
186 94 5.09026
186 95 5.09026
186 96 5.09026
186 97 5.09026
186 98 5.09026
186 99 5.09026
186 100 5.09026
186 101 5.09026
186 102 5.09026
186 103 5.09026
186 104 5.09026
186 105 5.09026
186 106 5.09026
186 107 5.34815
186 108 5.34815
186 109 5.35298
186 110 5.37207
186 111 5.37507
186 112 5.386
186 113 5.52426
186 114 5.52905
186 115 5.52905
186 116 5.61205
186 117 5.67202
186 118 5.67322
186 119 5.68503
186 120 5.69987
186 121 5.70079
186 122 5.75626
186 123 5.80397
186 124 5.80862
186 125 5.81336
186 126 5.8208
186 127 5.86956
186 128 5.87147
186 129 5.91919
186 130 5.9335
186 131 5.9335
186 132 6.01671
186 133 6.03181
186 134 6.04794
186 135 6.07134
186 136 6.13728
186 137 6.15414
186 138 6.1733
186 139 6.19767
186 140 6.20565
186 141 6.25092
186 142 6.25997
186 143 6.35187
186 144 6.37145
186 145 6.40467
186 146 6.41801
186 147 6.42838
186 148 6.44817
186 149 6.46558
186 150 6.47304
186 151 6.47311
186 152 6.50994
186 153 6.58502
186 154 6.60803
186 155 6.63314
186 156 6.6422
186 157 6.65629
186 158 6.68345
186 159 6.73734
186 160 6.76996
186 161 6.84493
186 162 6.8512
186 163 6.90334
186 164 6.96044
186 165 7.05774
186 166 7.05808
186 167 7.11774
186 168 7.13196
186 169 7.18069
186 170 7.18136
186 171 7.3041
186 172 7.36848
186 173 7.46731
186 174 7.50727
186 175 7.6618
186 176 7.74122
186 177 7.76189
186 178 7.78364
186 179 7.7935
186 180 7.80965
186 181 7.88601
186 182 7.89084
186 183 7.98433
186 184 8.06146
186 185 8.17606
186 186 8.21733
186 187 8.22699
186 188 8.27085
186 189 8.32825
186 190 8.54658
186 191 8.57673
186 192 8.85253
186 193 8.85971
186 194 8.98955
186 195 9.22798
186 196 9.40451
186 197 9.41919
186 198 10.6134
186 199 11.4008
187 0 5.09026 1 18 31 12 15 34 20 7 30 4 32 23 22 21 2 33 19 29 27 5 25 28 6 13 17 16 3 14 9 8 24 11 10 26 1 
187 1 5.09026
187 2 5.09026
187 3 5.09026
187 4 5.09026
187 5 5.09026
187 6 5.09026
187 7 5.09026
187 8 5.09026
187 9 5.09026
187 10 5.09026
187 11 5.09026
187 12 5.09026
187 13 5.09026
187 14 5.09026
187 15 5.09026
187 16 5.09026
187 17 5.09026
187 18 5.09026
187 19 5.09026
187 20 5.09026
187 21 5.09026
187 22 5.09026
187 23 5.09026
187 24 5.09026
187 25 5.09026
187 26 5.09026
187 27 5.09026
187 28 5.09026
187 29 5.09026
187 30 5.09026
187 31 5.09026
187 32 5.09026
187 33 5.09026
187 34 5.09026
187 35 5.09026
187 36 5.09026
187 37 5.09026
187 38 5.09026
187 39 5.09026
187 40 5.09026
187 41 5.09026
187 42 5.09026
187 43 5.09026
187 44 5.09026
187 45 5.09026
187 46 5.09026
187 47 5.09026
187 48 5.09026
187 49 5.09026
187 50 5.09026
187 51 5.09026
187 52 5.09026
187 53 5.09026
187 54 5.09026
187 55 5.09026
187 56 5.09026
187 57 5.09026
187 58 5.09026
187 59 5.09026
187 60 5.09026
187 61 5.09026
187 62 5.09026
187 63 5.09026
187 64 5.09026
187 65 5.09026
187 66 5.09026
187 67 5.09026
187 68 5.09026
187 69 5.09026
187 70 5.09026
187 71 5.09026
187 72 5.09026
187 73 5.09026
187 74 5.09026
187 75 5.09026
187 76 5.09026
187 77 5.09026
187 78 5.09026
187 79 5.09026
187 80 5.09026
187 81 5.09026
187 82 5.09026
187 83 5.09026
187 84 5.09026
187 85 5.09026
187 86 5.09026
187 87 5.09026
187 88 5.09026
187 89 5.09026
187 90 5.09026
187 91 5.09026
187 92 5.09026
187 93 5.09026
187 94 5.09026
187 95 5.09026
187 96 5.09026
187 97 5.09026
187 98 5.09026
187 99 5.09026
187 100 5.10805
187 101 5.34815
187 102 5.46736
187 103 5.52631
187 104 5.53487
187 105 5.59784
187 106 5.67552
187 107 5.68503
187 108 5.74262
187 109 5.79197
187 110 5.79932
187 111 5.82487
187 112 5.84452
187 113 5.86956
187 114 5.87411
187 115 5.88149
187 116 5.90194
187 117 5.91919
187 118 5.93576
187 119 5.94737
187 120 5.955
187 121 5.96829
187 122 5.98804
187 123 5.98847
187 124 6.00846
187 125 6.07432
187 126 6.10668
187 127 6.14676
187 128 6.15414
187 129 6.15917
187 130 6.16787
187 131 6.16841
187 132 6.18267
187 133 6.20565
187 134 6.2313
187 135 6.25997
187 136 6.26166
187 137 6.26998
187 138 6.27913
187 139 6.29004
187 140 6.37145
187 141 6.41019
187 142 6.41641
187 143 6.42015
187 144 6.45325
187 145 6.46106
187 146 6.46558
187 147 6.46558
187 148 6.48509
187 149 6.48673
187 150 6.55447
187 151 6.58502
187 152 6.58945
187 153 6.59073
187 154 6.6026
187 155 6.67019
187 156 6.73734
187 157 6.73734
187 158 6.77014
187 159 6.77014
187 160 6.82686
187 161 6.8364
187 162 6.84907
187 163 6.84956
187 164 6.85354
187 165 6.91876
187 166 6.94768
187 167 6.96044
187 168 7.00382
187 169 7.00965
187 170 7.06102
187 171 7.11773
187 172 7.15252
187 173 7.34742
187 174 7.36848
187 175 7.38978
187 176 7.43783
187 177 7.5704
187 178 7.57338
187 179 7.77053
187 180 7.85174
187 181 7.96001
187 182 8.0235
187 183 8.03602
187 184 8.05522
187 185 8.0605
187 186 8.06146
187 187 8.1648
187 188 8.17449
187 189 8.21733
187 190 8.3336
187 191 8.34567
187 192 8.47996
187 193 8.62426
187 194 8.88253
187 195 9.10469
187 196 9.24881
187 197 9.37996
187 198 9.5088
187 199 9.51541
188 0 5.09026 1 18 31 12 15 34 20 7 30 4 32 23 22 21 2 33 19 29 27 5 25 28 6 13 17 16 3 14 9 8 24 11 10 26 1 
188 1 5.09026
188 2 5.09026
188 3 5.09026
188 4 5.09026
188 5 5.09026
188 6 5.09026
188 7 5.09026
188 8 5.09026
188 9 5.09026
188 10 5.09026
188 11 5.09026
188 12 5.09026
188 13 5.09026
188 14 5.09026
188 15 5.09026
188 16 5.09026
188 17 5.09026
188 18 5.09026
188 19 5.09026
188 20 5.09026
188 21 5.09026
188 22 5.09026
188 23 5.09026
188 24 5.09026
188 25 5.09026
188 26 5.09026
188 27 5.09026
188 28 5.09026
188 29 5.09026
188 30 5.09026
188 31 5.09026
188 32 5.09026
188 33 5.09026
188 34 5.09026
188 35 5.09026
188 36 5.09026
188 37 5.09026
188 38 5.09026
188 39 5.09026
188 40 5.09026
188 41 5.09026
188 42 5.09026
188 43 5.09026
188 44 5.09026
188 45 5.09026
188 46 5.09026
188 47 5.09026
188 48 5.09026
188 49 5.09026
188 50 5.09026
188 51 5.09026
188 52 5.09026
188 53 5.09026
188 54 5.09026
188 55 5.09026
188 56 5.09026
188 57 5.09026
188 58 5.09026
188 59 5.09026
188 60 5.09026
188 61 5.09026
188 62 5.09026
188 63 5.09026
188 64 5.09026
188 65 5.09026
188 66 5.09026
188 67 5.09026
188 68 5.09026
188 69 5.09026
188 70 5.09026
188 71 5.09026
188 72 5.09026
188 73 5.09026
188 74 5.09026
188 75 5.09026
188 76 5.09026
188 77 5.09026
188 78 5.09026
188 79 5.09026
188 80 5.09026
188 81 5.09026
188 82 5.09026
188 83 5.09026
188 84 5.09026
188 85 5.09026
188 86 5.09026
188 87 5.09026
188 88 5.09026
188 89 5.09026
188 90 5.09026
188 91 5.09026
188 92 5.09026
188 93 5.09026
188 94 5.09026
188 95 5.09026
188 96 5.09026
188 97 5.09026
188 98 5.09115
188 99 5.09849
188 100 5.14777
188 101 5.2706
188 102 5.45417
188 103 5.46736
188 104 5.50845
188 105 5.54925
188 106 5.54925
188 107 5.55781
188 108 5.68503
188 109 5.7008
188 110 5.74262
188 111 5.74792
188 112 5.80541
188 113 5.83593
188 114 5.86956
188 115 5.88149
188 116 5.88548
188 117 5.93576
188 118 5.94737
188 119 5.955
188 120 5.95581
188 121 5.95956
188 122 5.97262
188 123 5.98495
188 124 5.98804
188 125 5.98847
188 126 6.00832
188 127 6.00846
188 128 6.05277
188 129 6.07432
188 130 6.10149
188 131 6.10553
188 132 6.11094
188 133 6.11409
188 134 6.14455
188 135 6.14792
188 136 6.18267
188 137 6.25997
188 138 6.27991
188 139 6.34898
188 140 6.36858
188 141 6.37145
188 142 6.42015
188 143 6.42015
188 144 6.49799
188 145 6.51451
188 146 6.53143
188 147 6.59454
188 148 6.60154
188 149 6.6278
188 150 6.62872
188 151 6.67689
188 152 6.68525
188 153 6.68625
188 154 6.70146
188 155 6.73051
188 156 6.84907
188 157 6.84956
188 158 6.86423
188 159 6.9273
188 160 6.95177
188 161 7.00382
188 162 7.00965
188 163 7.06102
188 164 7.10064
188 165 7.15953
188 166 7.23537
188 167 7.3033
188 168 7.30778
188 169 7.35329
188 170 7.40714
188 171 7.47985
188 172 7.55619
188 173 7.68692
188 174 7.76659
188 175 7.78654
188 176 7.92889
188 177 7.97792
188 178 8.0605
188 179 8.10372
188 180 8.14662
188 181 8.1616
188 182 8.2462
188 183 8.28239
188 184 8.30386
188 185 8.3336
188 186 8.41119
188 187 8.67646
188 188 8.6855
188 189 8.69489
188 190 8.75315
188 191 8.89122
188 192 9.10469
188 193 9.18012
188 194 9.51487
188 195 9.61486
188 196 9.77052
188 197 10.3748
188 198 10.4732
188 199 10.741
189 0 5.09026 1 18 31 12 15 34 20 7 30 4 32 23 22 21 2 33 19 29 27 5 25 28 6 13 17 16 3 14 9 8 24 11 10 26 1 
189 1 5.09026
189 2 5.09026
189 3 5.09026
189 4 5.09026
189 5 5.09026
189 6 5.09026
189 7 5.09026
189 8 5.09026
189 9 5.09026
189 10 5.09026
189 11 5.09026
189 12 5.09026
189 13 5.09026
189 14 5.09026
189 15 5.09026
189 16 5.09026
189 17 5.09026
189 18 5.09026
189 19 5.09026
189 20 5.09026
189 21 5.09026
189 22 5.09026
189 23 5.09026
189 24 5.09026
189 25 5.09026
189 26 5.09026
189 27 5.09026
189 28 5.09026
189 29 5.09026
189 30 5.09026
189 31 5.09026
189 32 5.09026
189 33 5.09026
189 34 5.09026
189 35 5.09026
189 36 5.09026
189 37 5.09026
189 38 5.09026
189 39 5.09026
189 40 5.09026
189 41 5.09026
189 42 5.09026
189 43 5.09026
189 44 5.09026
189 45 5.09026
189 46 5.09026
189 47 5.09026
189 48 5.09026
189 49 5.09026
189 50 5.09026
189 51 5.09026
189 52 5.09026
189 53 5.09026
189 54 5.09026
189 55 5.09026
189 56 5.09026
189 57 5.09026
189 58 5.09026
189 59 5.09026
189 60 5.09026
189 61 5.09026
189 62 5.09026
189 63 5.09026
189 64 5.09026
189 65 5.09026
189 66 5.09026
189 67 5.09026
189 68 5.09026
189 69 5.09026
189 70 5.09026
189 71 5.09026
189 72 5.09026
189 73 5.09026
189 74 5.09026
189 75 5.09026
189 76 5.09026
189 77 5.09026
189 78 5.09026
189 79 5.09026
189 80 5.09026
189 81 5.09026
189 82 5.09026
189 83 5.09026
189 84 5.09026
189 85 5.09026
189 86 5.09026
189 87 5.09026
189 88 5.09026
189 89 5.09026
189 90 5.09026
189 91 5.09026
189 92 5.09026
189 93 5.09026
189 94 5.09026
189 95 5.09026
189 96 5.09026
189 97 5.09026
189 98 5.09026
189 99 5.09026
189 100 5.09026
189 101 5.09026
189 102 5.09026
189 103 5.09026
189 104 5.09026
189 105 5.11802
189 106 5.22625
189 107 5.2706
189 108 5.34815
189 109 5.38659
189 110 5.44261
189 111 5.47832
189 112 5.52985
189 113 5.54925
189 114 5.58006
189 115 5.58531
189 116 5.64588
189 117 5.69032
189 118 5.7008
189 119 5.77115
189 120 5.78101
189 121 5.79751
189 122 5.79932
189 123 5.8125
189 124 5.84355
189 125 5.86106
189 126 5.88149
189 127 5.95581
189 128 5.97262
189 129 5.98495
189 130 5.9947
189 131 6.00123
189 132 6.03181
189 133 6.07409
189 134 6.13757
189 135 6.14811
189 136 6.1529
189 137 6.18679
189 138 6.46714
189 139 6.51214
189 140 6.5986
189 141 6.66136
189 142 6.66145
189 143 6.69722
189 144 6.70146
189 145 6.73051
189 146 6.73091
189 147 6.75764
189 148 6.75968
189 149 6.86004
189 150 6.86514
189 151 6.89626
189 152 6.90229
189 153 6.95264
189 154 6.9729
189 155 6.98894
189 156 7.01076
189 157 7.0166
189 158 7.06102
189 159 7.07243
189 160 7.08111
189 161 7.09067
189 162 7.10239
189 163 7.16606
189 164 7.1952
189 165 7.21787
189 166 7.22734
189 167 7.28911
189 168 7.32971
189 169 7.38152
189 170 7.38892
189 171 7.4686
189 172 7.49482
189 173 7.5398
189 174 7.55619
189 175 7.58454
189 176 7.76163
189 177 7.86892
189 178 7.89103
189 179 7.91528
189 180 7.92424
189 181 7.95174
189 182 8.10366
189 183 8.1616
189 184 8.27263
189 185 8.33013
189 186 8.3336
189 187 8.35429
189 188 8.36122
189 189 8.37026
189 190 8.38879
189 191 8.40874
189 192 8.43474
189 193 8.51264
189 194 8.54567
189 195 8.79625
189 196 9.02801
189 197 9.05089
189 198 9.24881
189 199 9.99227
190 0 5.09026 1 18 31 12 15 34 20 7 30 4 32 23 22 21 2 33 19 29 27 5 25 28 6 13 17 16 3 14 9 8 24 11 10 26 1 
190 1 5.09026
190 2 5.09026
190 3 5.09026
190 4 5.09026
190 5 5.09026
190 6 5.09026
190 7 5.09026
190 8 5.09026
190 9 5.09026
190 10 5.09026
190 11 5.09026
190 12 5.09026
190 13 5.09026
190 14 5.09026
190 15 5.09026
190 16 5.09026
190 17 5.09026
190 18 5.09026
190 19 5.09026
190 20 5.09026
190 21 5.09026
190 22 5.09026
190 23 5.09026
190 24 5.09026
190 25 5.09026
190 26 5.09026
190 27 5.09026
190 28 5.09026
190 29 5.09026
190 30 5.09026
190 31 5.09026
190 32 5.09026
190 33 5.09026
190 34 5.09026
190 35 5.09026
190 36 5.09026
190 37 5.09026
190 38 5.09026
190 39 5.09026
190 40 5.09026
190 41 5.09026
190 42 5.09026
190 43 5.09026
190 44 5.09026
190 45 5.09026
190 46 5.09026
190 47 5.09026
190 48 5.09026
190 49 5.09026
190 50 5.09026
190 51 5.09026
190 52 5.09026
190 53 5.09026
190 54 5.09026
190 55 5.09026
190 56 5.09026
190 57 5.09026
190 58 5.09026
190 59 5.09026
190 60 5.09026
190 61 5.09026
190 62 5.09026
190 63 5.09026
190 64 5.09026
190 65 5.09026
190 66 5.09026
190 67 5.09026
190 68 5.09026
190 69 5.09026
190 70 5.09026
190 71 5.09026
190 72 5.09026
190 73 5.09026
190 74 5.09026
190 75 5.09026
190 76 5.09026
190 77 5.09026
190 78 5.09026
190 79 5.09026
190 80 5.09026
190 81 5.09026
190 82 5.09026
190 83 5.09026
190 84 5.09026
190 85 5.09026
190 86 5.09026
190 87 5.09026
190 88 5.09026
190 89 5.09026
190 90 5.09026
190 91 5.09026
190 92 5.09026
190 93 5.09026
190 94 5.09026
190 95 5.09026
190 96 5.11802
190 97 5.11802
190 98 5.24913
190 99 5.27883
190 100 5.30001
190 101 5.32822
190 102 5.32822
190 103 5.33421
190 104 5.34815
190 105 5.34815
190 106 5.41868
190 107 5.53475
190 108 5.53487
190 109 5.68978
190 110 5.69032
190 111 5.75874
190 112 5.77115
190 113 5.78101
190 114 5.78186
190 115 5.79751
190 116 5.79751
190 117 5.8125
190 118 5.84355
190 119 5.86907
190 120 5.87559
190 121 5.91112
190 122 5.97262
190 123 5.97262
190 124 5.98796
190 125 6.09807
190 126 6.11094
190 127 6.14811
190 128 6.18352
190 129 6.18483
190 130 6.20373
190 131 6.23173
190 132 6.25886
190 133 6.26998
190 134 6.37348
190 135 6.40658
190 136 6.4148
190 137 6.42061
190 138 6.46085
190 139 6.46106
190 140 6.48068
190 141 6.53823
190 142 6.64248
190 143 6.65076
190 144 6.68814
190 145 6.71029
190 146 6.72454
190 147 6.73542
190 148 6.75968
190 149 6.77014
190 150 6.86144
190 151 6.90171
190 152 6.91435
190 153 6.93534
190 154 6.9476
190 155 6.95031
190 156 6.9729
190 157 7.02766
190 158 7.05851
190 159 7.08149
190 160 7.09067
190 161 7.10239
190 162 7.16924
190 163 7.21787
190 164 7.23038
190 165 7.30691
190 166 7.30815
190 167 7.32649
190 168 7.32932
190 169 7.36713
190 170 7.38152
190 171 7.4561
190 172 7.72205
190 173 7.73306
190 174 7.81501
190 175 7.87508
190 176 7.91528
190 177 7.95174
190 178 7.95174
190 179 7.97553
190 180 7.98256
190 181 8.03382
190 182 8.08552
190 183 8.1165
190 184 8.22213
190 185 8.29667
190 186 8.30582
190 187 8.33902
190 188 8.47416
190 189 8.5031
190 190 8.51264
190 191 8.51933
190 192 8.53567
190 193 8.57043
190 194 8.80947
190 195 8.98026
190 196 9.02783
190 197 9.10161
190 198 9.38907
190 199 10.8927
191 0 5.09026 1 18 31 12 15 34 20 7 30 4 32 23 22 21 2 33 19 29 27 5 25 28 6 13 17 16 3 14 9 8 24 11 10 26 1 
191 1 5.09026
191 2 5.09026
191 3 5.09026
191 4 5.09026
191 5 5.09026
191 6 5.09026
191 7 5.09026
191 8 5.09026
191 9 5.09026
191 10 5.09026
191 11 5.09026
191 12 5.09026
191 13 5.09026
191 14 5.09026
191 15 5.09026
191 16 5.09026
191 17 5.09026
191 18 5.09026
191 19 5.09026
191 20 5.09026
191 21 5.09026
191 22 5.09026
191 23 5.09026
191 24 5.09026
191 25 5.09026
191 26 5.09026
191 27 5.09026
191 28 5.09026
191 29 5.09026
191 30 5.09026
191 31 5.09026
191 32 5.09026
191 33 5.09026
191 34 5.09026
191 35 5.09026
191 36 5.09026
191 37 5.09026
191 38 5.09026
191 39 5.09026
191 40 5.09026
191 41 5.09026
191 42 5.09026
191 43 5.09026
191 44 5.09026
191 45 5.09026
191 46 5.09026
191 47 5.09026
191 48 5.09026
191 49 5.09026
191 50 5.09026
191 51 5.09026
191 52 5.09026
191 53 5.09026
191 54 5.09026
191 55 5.09026
191 56 5.09026
191 57 5.09026
191 58 5.09026
191 59 5.09026
191 60 5.09026
191 61 5.09026
191 62 5.09026
191 63 5.09026
191 64 5.09026
191 65 5.09026
191 66 5.09026
191 67 5.09026
191 68 5.09026
191 69 5.09026
191 70 5.09026
191 71 5.09026
191 72 5.09026
191 73 5.09026
191 74 5.09026
191 75 5.09026
191 76 5.09026
191 77 5.09026
191 78 5.09026
191 79 5.09026
191 80 5.09026
191 81 5.09026
191 82 5.09026
191 83 5.09026
191 84 5.09026
191 85 5.09026
191 86 5.09026
191 87 5.09026
191 88 5.09026
191 89 5.09026
191 90 5.09026
191 91 5.09026
191 92 5.09026
191 93 5.09026
191 94 5.24892
191 95 5.24892
191 96 5.27883
191 97 5.30142
191 98 5.32822
191 99 5.32822
191 100 5.34815
191 101 5.34815
191 102 5.34815
191 103 5.37507
191 104 5.41868
191 105 5.43738
191 106 5.44658
191 107 5.4968
191 108 5.52067
191 109 5.53928
191 110 5.60489
191 111 5.63775
191 112 5.64585
191 113 5.67617
191 114 5.67694
191 115 5.69032
191 116 5.72576
191 117 5.73803
191 118 5.73876
191 119 5.75626
191 120 5.75638
191 121 5.77711
191 122 5.78186
191 123 5.79751
191 124 5.8125
191 125 5.82487
191 126 5.84942
191 127 5.87091
191 128 5.87559
191 129 5.88085
191 130 5.88988
191 131 5.89122
191 132 5.90013
191 133 5.91471
191 134 5.92626
191 135 5.93199
191 136 6.10668
191 137 6.13015
191 138 6.13644
191 139 6.18483
191 140 6.18483
191 141 6.19557
191 142 6.20373
191 143 6.2207
191 144 6.22317
191 145 6.23856
191 146 6.24905
191 147 6.26998
191 148 6.30238
191 149 6.37348
191 150 6.41184
191 151 6.4148
191 152 6.46085
191 153 6.4947
191 154 6.50605
191 155 6.54032
191 156 6.58548
191 157 6.64248
191 158 6.64593
191 159 6.64987
191 160 6.72454
191 161 6.73542
191 162 6.90171
191 163 6.94243
191 164 6.95332
191 165 6.96856
191 166 6.97332
191 167 7.01021
191 168 7.05851
191 169 7.09643
191 170 7.10239
191 171 7.15081
191 172 7.17104
191 173 7.18136
191 174 7.20341
191 175 7.26505
191 176 7.26885
191 177 7.2861
191 178 7.3128
191 179 7.33132
191 180 7.37157
191 181 7.46667
191 182 7.55673
191 183 7.5917
191 184 7.63391
191 185 7.73306
191 186 7.78631
191 187 7.80665
191 188 7.95174
191 189 7.95174
191 190 7.98256
191 191 8.03382
191 192 8.1165
191 193 8.1942
191 194 8.27263
191 195 8.57043
191 196 8.90051
191 197 8.98422
191 198 9.00494
191 199 9.817
192 0 5.09026 1 18 31 12 15 34 20 7 30 4 32 23 22 21 2 33 19 29 27 5 25 28 6 13 17 16 3 14 9 8 24 11 10 26 1 
192 1 5.09026
192 2 5.09026
192 3 5.09026
192 4 5.09026
192 5 5.09026
192 6 5.09026
192 7 5.09026
192 8 5.09026
192 9 5.09026
192 10 5.09026
192 11 5.09026
192 12 5.09026
192 13 5.09026
192 14 5.09026
192 15 5.09026
192 16 5.09026
192 17 5.09026
192 18 5.09026
192 19 5.09026
192 20 5.09026
192 21 5.09026
192 22 5.09026
192 23 5.09026
192 24 5.09026
192 25 5.09026
192 26 5.09026
192 27 5.09026
192 28 5.09026
192 29 5.09026
192 30 5.09026
192 31 5.09026
192 32 5.09026
192 33 5.09026
192 34 5.09026
192 35 5.09026
192 36 5.09026
192 37 5.09026
192 38 5.09026
192 39 5.09026
192 40 5.09026
192 41 5.09026
192 42 5.09026
192 43 5.09026
192 44 5.09026
192 45 5.09026
192 46 5.09026
192 47 5.09026
192 48 5.09026
192 49 5.09026
192 50 5.09026
192 51 5.09026
192 52 5.09026
192 53 5.09026
192 54 5.09026
192 55 5.09026
192 56 5.09026
192 57 5.09026
192 58 5.09026
192 59 5.09026
192 60 5.09026
192 61 5.09026
192 62 5.09026
192 63 5.09026
192 64 5.09026
192 65 5.09026
192 66 5.09026
192 67 5.09026
192 68 5.09026
192 69 5.09026
192 70 5.09026
192 71 5.09026
192 72 5.09026
192 73 5.09026
192 74 5.09026
192 75 5.09026
192 76 5.09026
192 77 5.09026
192 78 5.09026
192 79 5.09026
192 80 5.09026
192 81 5.09026
192 82 5.09026
192 83 5.09026
192 84 5.09026
192 85 5.09026
192 86 5.09026
192 87 5.09026
192 88 5.09026
192 89 5.09026
192 90 5.09026
192 91 5.09026
192 92 5.09026
192 93 5.09026
192 94 5.09026
192 95 5.09026
192 96 5.1463
192 97 5.1463
192 98 5.22625
192 99 5.27883
192 100 5.29757
192 101 5.33421
192 102 5.34076
192 103 5.34815
192 104 5.386
192 105 5.41868
192 106 5.43738
192 107 5.50348
192 108 5.50375
192 109 5.52905
192 110 5.55781
192 111 5.57206
192 112 5.58103
192 113 5.62068
192 114 5.63085
192 115 5.63685
192 116 5.63775
192 117 5.64585
192 118 5.64585
192 119 5.64588
192 120 5.65514
192 121 5.69032
192 122 5.70193
192 123 5.72576
192 124 5.73803
192 125 5.74839
192 126 5.75364
192 127 5.8181
192 128 5.84355
192 129 5.86501
192 130 5.8668
192 131 5.87091
192 132 5.87091
192 133 5.87559
192 134 5.89451
192 135 5.89581
192 136 5.90013
192 137 5.90637
192 138 5.91919
192 139 5.942
192 140 5.94879
192 141 5.99183
192 142 5.99929
192 143 6.11648
192 144 6.14866
192 145 6.16442
192 146 6.17248
192 147 6.18483
192 148 6.22429
192 149 6.3494
192 150 6.37423
192 151 6.38117
192 152 6.41603
192 153 6.41902
192 154 6.4194
192 155 6.43667
192 156 6.47463
192 157 6.53614
192 158 6.59573
192 159 6.63772
192 160 6.64217
192 161 6.64248
192 162 6.64873
192 163 6.64987
192 164 6.67303
192 165 6.69982
192 166 6.74155
192 167 6.7571
192 168 6.77735
192 169 6.84493
192 170 6.94472
192 171 7.11794
192 172 7.18069
192 173 7.21737
192 174 7.267
192 175 7.3128
192 176 7.31794
192 177 7.33132
192 178 7.51601
192 179 7.54005
192 180 7.54611
192 181 7.55476
192 182 7.70369
192 183 7.77395
192 184 7.88601
192 185 8.04645
192 186 8.07728
192 187 8.10012
192 188 8.23717
192 189 8.24743
192 190 8.3131
192 191 8.46947
192 192 8.48714
192 193 8.51146
192 194 8.76846
192 195 8.83853
192 196 9.0743
192 197 9.56665
192 198 9.83301
192 199 11.033
193 0 5.09026 1 18 31 12 15 34 20 7 30 4 32 23 22 21 2 33 19 29 27 5 25 28 6 13 17 16 3 14 9 8 24 11 10 26 1 
193 1 5.09026
193 2 5.09026
193 3 5.09026
193 4 5.09026
193 5 5.09026
193 6 5.09026
193 7 5.09026
193 8 5.09026
193 9 5.09026
193 10 5.09026
193 11 5.09026
193 12 5.09026
193 13 5.09026
193 14 5.09026
193 15 5.09026
193 16 5.09026
193 17 5.09026
193 18 5.09026
193 19 5.09026
193 20 5.09026
193 21 5.09026
193 22 5.09026
193 23 5.09026
193 24 5.09026
193 25 5.09026
193 26 5.09026
193 27 5.09026
193 28 5.09026
193 29 5.09026
193 30 5.09026
193 31 5.09026
193 32 5.09026
193 33 5.09026
193 34 5.09026
193 35 5.09026
193 36 5.09026
193 37 5.09026
193 38 5.09026
193 39 5.09026
193 40 5.09026
193 41 5.09026
193 42 5.09026
193 43 5.09026
193 44 5.09026
193 45 5.09026
193 46 5.09026
193 47 5.09026
193 48 5.09026
193 49 5.09026
193 50 5.09026
193 51 5.09026
193 52 5.09026
193 53 5.09026
193 54 5.09026
193 55 5.09026
193 56 5.09026
193 57 5.09026
193 58 5.09026
193 59 5.09026
193 60 5.09026
193 61 5.09026
193 62 5.09026
193 63 5.09026
193 64 5.09026
193 65 5.09026
193 66 5.09026
193 67 5.09026
193 68 5.09026
193 69 5.09026
193 70 5.09026
193 71 5.09026
193 72 5.09026
193 73 5.09026
193 74 5.09026
193 75 5.09026
193 76 5.09026
193 77 5.09026
193 78 5.09026
193 79 5.09026
193 80 5.09026
193 81 5.09026
193 82 5.09026
193 83 5.09026
193 84 5.09026
193 85 5.09026
193 86 5.09026
193 87 5.09026
193 88 5.09026
193 89 5.09026
193 90 5.09026
193 91 5.09026
193 92 5.09026
193 93 5.09026
193 94 5.09026
193 95 5.09026
193 96 5.09026
193 97 5.09026
193 98 5.09026
193 99 5.09026
193 100 5.09026
193 101 5.09026
193 102 5.09026
193 103 5.09568
193 104 5.2706
193 105 5.30001
193 106 5.32822
193 107 5.34815
193 108 5.43738
193 109 5.43738
193 110 5.4429
193 111 5.45417
193 112 5.47213
193 113 5.47832
193 114 5.50348
193 115 5.50348
193 116 5.53487
193 117 5.54837
193 118 5.55781
193 119 5.62068
193 120 5.62068
193 121 5.62971
193 122 5.63085
193 123 5.63775
193 124 5.69032
193 125 5.69032
193 126 5.69032
193 127 5.71619
193 128 5.7502
193 129 5.75364
193 130 5.75364
193 131 5.75587
193 132 5.75638
193 133 5.80077
193 134 5.82487
193 135 5.8668
193 136 5.88149
193 137 5.89451
193 138 5.90637
193 139 5.91897
193 140 5.95581
193 141 5.98653
193 142 6.00319
193 143 6.00319
193 144 6.07725
193 145 6.14209
193 146 6.14734
193 147 6.17248
193 148 6.30721
193 149 6.31486
193 150 6.36837
193 151 6.41011
193 152 6.41523
193 153 6.42577
193 154 6.52009
193 155 6.53769
193 156 6.5567
193 157 6.60905
193 158 6.61797
193 159 6.62035
193 160 6.65619
193 161 6.66635
193 162 6.69982
193 163 6.72714
193 164 6.74313
193 165 6.7597
193 166 6.77737
193 167 6.81351
193 168 6.84104
193 169 6.88467
193 170 6.94012
193 171 6.94472
193 172 7.01613
193 173 7.04335
193 174 7.08528
193 175 7.10045
193 176 7.18321
193 177 7.20763
193 178 7.2164
193 179 7.24362
193 180 7.267
193 181 7.28167
193 182 7.32784
193 183 7.3441
193 184 7.37938
193 185 7.81442
193 186 7.82288
193 187 7.88601
193 188 7.92567
193 189 8.22785
193 190 8.25918
193 191 8.32298
193 192 8.34657
193 193 8.67377
193 194 8.70318
193 195 8.87314
193 196 8.90736
193 197 8.9561
193 198 9.0743
193 199 9.87682
194 0 5.09026 1 18 31 12 15 34 20 7 30 4 32 23 22 21 2 33 19 29 27 5 25 28 6 13 17 16 3 14 9 8 24 11 10 26 1 
194 1 5.09026
194 2 5.09026
194 3 5.09026
194 4 5.09026
194 5 5.09026
194 6 5.09026
194 7 5.09026
194 8 5.09026
194 9 5.09026
194 10 5.09026
194 11 5.09026
194 12 5.09026
194 13 5.09026
194 14 5.09026
194 15 5.09026
194 16 5.09026
194 17 5.09026
194 18 5.09026
194 19 5.09026
194 20 5.09026
194 21 5.09026
194 22 5.09026
194 23 5.09026
194 24 5.09026
194 25 5.09026
194 26 5.09026
194 27 5.09026
194 28 5.09026
194 29 5.09026
194 30 5.09026
194 31 5.09026
194 32 5.09026
194 33 5.09026
194 34 5.09026
194 35 5.09026
194 36 5.09026
194 37 5.09026
194 38 5.09026
194 39 5.09026
194 40 5.09026
194 41 5.09026
194 42 5.09026
194 43 5.09026
194 44 5.09026
194 45 5.09026
194 46 5.09026
194 47 5.09026
194 48 5.09026
194 49 5.09026
194 50 5.09026
194 51 5.09026
194 52 5.09026
194 53 5.09026
194 54 5.09026
194 55 5.09026
194 56 5.09026
194 57 5.09026
194 58 5.09026
194 59 5.09026
194 60 5.09026
194 61 5.09026
194 62 5.09026
194 63 5.09026
194 64 5.09026
194 65 5.09026
194 66 5.09026
194 67 5.09026
194 68 5.09026
194 69 5.09026
194 70 5.09026
194 71 5.09026
194 72 5.09026
194 73 5.09026
194 74 5.09026
194 75 5.09026
194 76 5.09026
194 77 5.09026
194 78 5.09026
194 79 5.09026
194 80 5.09026
194 81 5.09026
194 82 5.09026
194 83 5.09026
194 84 5.09026
194 85 5.09026
194 86 5.09026
194 87 5.09026
194 88 5.09026
194 89 5.09026
194 90 5.09026
194 91 5.09026
194 92 5.09026
194 93 5.09026
194 94 5.09026
194 95 5.09026
194 96 5.09026
194 97 5.09026
194 98 5.09026
194 99 5.09026
194 100 5.09026
194 101 5.09026
194 102 5.09026
194 103 5.09026
194 104 5.09026
194 105 5.09026
194 106 5.09026
194 107 5.09026
194 108 5.09026
194 109 5.09026
194 110 5.09026
194 111 5.09026
194 112 5.09026
194 113 5.24731
194 114 5.24892
194 115 5.30574
194 116 5.36214
194 117 5.37358
194 118 5.43738
194 119 5.43738
194 120 5.43738
194 121 5.4429
194 122 5.44658
194 123 5.47213
194 124 5.47832
194 125 5.4968
194 126 5.50348
194 127 5.50975
194 128 5.62314
194 129 5.63464
194 130 5.64308
194 131 5.65288
194 132 5.74792
194 133 5.75364
194 134 5.75364
194 135 5.75587
194 136 5.75587
194 137 5.77998
194 138 5.82562
194 139 5.86553
194 140 5.87147
194 141 5.94013
194 142 5.95881
194 143 5.98409
194 144 5.98804
194 145 5.99576
194 146 6.0151
194 147 6.01857
194 148 6.03435
194 149 6.09237
194 150 6.09863
194 151 6.14734
194 152 6.17248
194 153 6.21135
194 154 6.39084
194 155 6.43416
194 156 6.43787
194 157 6.44356
194 158 6.44629
194 159 6.5705
194 160 6.60905
194 161 6.61728
194 162 6.63144
194 163 6.63882
194 164 6.68369
194 165 6.69982
194 166 6.70732
194 167 6.80147
194 168 6.84104
194 169 6.94472
194 170 7.01613
194 171 7.08528
194 172 7.10283
194 173 7.1235
194 174 7.1547
194 175 7.15749
194 176 7.16503
194 177 7.17408
194 178 7.23167
194 179 7.2335
194 180 7.24362
194 181 7.3441
194 182 7.36097
194 183 7.36968
194 184 7.37938
194 185 7.59224
194 186 7.62379
194 187 7.64618
194 188 7.71541
194 189 7.99138
194 190 7.99274
194 191 8.06446
194 192 8.32298
194 193 8.67377
194 194 8.70318
194 195 8.72197
194 196 8.73136
194 197 8.81595
194 198 8.90736
194 199 9.47162
195 0 5.09026 1 18 31 12 15 34 20 7 30 4 32 23 22 21 2 33 19 29 27 5 25 28 6 13 17 16 3 14 9 8 24 11 10 26 1 
195 1 5.09026
195 2 5.09026
195 3 5.09026
195 4 5.09026
195 5 5.09026
195 6 5.09026
195 7 5.09026
195 8 5.09026
195 9 5.09026
195 10 5.09026
195 11 5.09026
195 12 5.09026
195 13 5.09026
195 14 5.09026
195 15 5.09026
195 16 5.09026
195 17 5.09026
195 18 5.09026
195 19 5.09026
195 20 5.09026
195 21 5.09026
195 22 5.09026
195 23 5.09026
195 24 5.09026
195 25 5.09026
195 26 5.09026
195 27 5.09026
195 28 5.09026
195 29 5.09026
195 30 5.09026
195 31 5.09026
195 32 5.09026
195 33 5.09026
195 34 5.09026
195 35 5.09026
195 36 5.09026
195 37 5.09026
195 38 5.09026
195 39 5.09026
195 40 5.09026
195 41 5.09026
195 42 5.09026
195 43 5.09026
195 44 5.09026
195 45 5.09026
195 46 5.09026
195 47 5.09026
195 48 5.09026
195 49 5.09026
195 50 5.09026
195 51 5.09026
195 52 5.09026
195 53 5.09026
195 54 5.09026
195 55 5.09026
195 56 5.09026
195 57 5.09026
195 58 5.09026
195 59 5.09026
195 60 5.09026
195 61 5.09026
195 62 5.09026
195 63 5.09026
195 64 5.09026
195 65 5.09026
195 66 5.09026
195 67 5.09026
195 68 5.09026
195 69 5.09026
195 70 5.09026
195 71 5.09026
195 72 5.09026
195 73 5.09026
195 74 5.09026
195 75 5.09026
195 76 5.09026
195 77 5.09026
195 78 5.09026
195 79 5.09026
195 80 5.09026
195 81 5.09026
195 82 5.09026
195 83 5.09026
195 84 5.09026
195 85 5.09026
195 86 5.09026
195 87 5.09026
195 88 5.09026
195 89 5.09026
195 90 5.09026
195 91 5.09026
195 92 5.09026
195 93 5.09026
195 94 5.09026
195 95 5.09026
195 96 5.09026
195 97 5.09026
195 98 5.24731
195 99 5.30001
195 100 5.30001
195 101 5.30574
195 102 5.31427
195 103 5.32444
195 104 5.34815
195 105 5.37507
195 106 5.38374
195 107 5.41868
195 108 5.43738
195 109 5.44261
195 110 5.44658
195 111 5.44658
195 112 5.46644
195 113 5.46736
195 114 5.4698
195 115 5.52412
195 116 5.63685
195 117 5.69406
195 118 5.7125
195 119 5.77998
195 120 5.79743
195 121 5.80272
195 122 5.92116
195 123 5.93117
195 124 5.95287
195 125 5.97074
195 126 5.98825
195 127 6.05505
195 128 6.12023
195 129 6.1971
195 130 6.21118
195 131 6.24664
195 132 6.28589
195 133 6.29524
195 134 6.30231
195 135 6.32828
195 136 6.38113
195 137 6.38343
195 138 6.39084
195 139 6.41641
195 140 6.4974
195 141 6.52176
195 142 6.53775
195 143 6.55726
195 144 6.56286
195 145 6.57705
195 146 6.63144
195 147 6.65823
195 148 6.70615
195 149 6.73051
195 150 6.73643
195 151 6.74386
195 152 6.75334
195 153 6.7575
195 154 6.78008
195 155 6.84488
195 156 6.893
195 157 6.90153
195 158 6.91722
195 159 6.93661
195 160 7.00485
195 161 7.02179
195 162 7.06496
195 163 7.09375
195 164 7.11257
195 165 7.11747
195 166 7.1445
195 167 7.16696
195 168 7.18321
195 169 7.1952
195 170 7.23167
195 171 7.23167
195 172 7.25668
195 173 7.27714
195 174 7.37938
195 175 7.37938
195 176 7.46418
195 177 7.52708
195 178 7.53624
195 179 7.57574
195 180 7.62757
195 181 7.67211
195 182 7.83308
195 183 7.86892
195 184 7.87895
195 185 7.9221
195 186 8.07598
195 187 8.14662
195 188 8.27336
195 189 8.32298
195 190 8.3323
195 191 8.39111
195 192 8.41263
195 193 8.41263
195 194 8.56567
195 195 8.70318
195 196 8.94083
195 197 9.06925
195 198 9.26116
195 199 11.5065
196 0 5.09026 1 18 31 12 15 34 20 7 30 4 32 23 22 21 2 33 19 29 27 5 25 28 6 13 17 16 3 14 9 8 24 11 10 26 1 
196 1 5.09026
196 2 5.09026
196 3 5.09026
196 4 5.09026
196 5 5.09026
196 6 5.09026
196 7 5.09026
196 8 5.09026
196 9 5.09026
196 10 5.09026
196 11 5.09026
196 12 5.09026
196 13 5.09026
196 14 5.09026
196 15 5.09026
196 16 5.09026
196 17 5.09026
196 18 5.09026
196 19 5.09026
196 20 5.09026
196 21 5.09026
196 22 5.09026
196 23 5.09026
196 24 5.09026
196 25 5.09026
196 26 5.09026
196 27 5.09026
196 28 5.09026
196 29 5.09026
196 30 5.09026
196 31 5.09026
196 32 5.09026
196 33 5.09026
196 34 5.09026
196 35 5.09026
196 36 5.09026
196 37 5.09026
196 38 5.09026
196 39 5.09026
196 40 5.09026
196 41 5.09026
196 42 5.09026
196 43 5.09026
196 44 5.09026
196 45 5.09026
196 46 5.09026
196 47 5.09026
196 48 5.09026
196 49 5.09026
196 50 5.09026
196 51 5.09026
196 52 5.09026
196 53 5.09026
196 54 5.09026
196 55 5.09026
196 56 5.09026
196 57 5.09026
196 58 5.09026
196 59 5.09026
196 60 5.09026
196 61 5.09026
196 62 5.09026
196 63 5.09026
196 64 5.09026
196 65 5.09026
196 66 5.09026
196 67 5.09026
196 68 5.09026
196 69 5.09026
196 70 5.09026
196 71 5.09026
196 72 5.09026
196 73 5.09026
196 74 5.09026
196 75 5.09026
196 76 5.09026
196 77 5.09026
196 78 5.09026
196 79 5.09026
196 80 5.09026
196 81 5.09026
196 82 5.09026
196 83 5.09026
196 84 5.09026
196 85 5.09026
196 86 5.09026
196 87 5.09026
196 88 5.09026
196 89 5.09026
196 90 5.09026
196 91 5.09026
196 92 5.09026
196 93 5.09026
196 94 5.09026
196 95 5.09026
196 96 5.09026
196 97 5.09026
196 98 5.09026
196 99 5.09026
196 100 5.09026
196 101 5.09026
196 102 5.09026
196 103 5.09026
196 104 5.09026
196 105 5.09026
196 106 5.11802
196 107 5.1453
196 108 5.24928
196 109 5.30142
196 110 5.34815
196 111 5.34815
196 112 5.34815
196 113 5.43787
196 114 5.46426
196 115 5.46518
196 116 5.46644
196 117 5.46736
196 118 5.4698
196 119 5.52412
196 120 5.53048
196 121 5.54314
196 122 5.65734
196 123 5.7125
196 124 5.72576
196 125 5.76583
196 126 5.77764
196 127 5.84435
196 128 5.93016
196 129 5.97464
196 130 5.98825
196 131 5.98825
196 132 5.99466
196 133 6.02648
196 134 6.03631
196 135 6.04589
196 136 6.13252
196 137 6.16787
196 138 6.17234
196 139 6.1847
196 140 6.26399
196 141 6.30231
196 142 6.31039
196 143 6.3145
196 144 6.38107
196 145 6.41523
196 146 6.41641
196 147 6.42481
196 148 6.44388
196 149 6.51728
196 150 6.54096
196 151 6.56576
196 152 6.6067
196 153 6.60803
196 154 6.62622
196 155 6.63488
196 156 6.64209
196 157 6.64857
196 158 6.67248
196 159 6.68059
196 160 6.68422
196 161 6.73051
196 162 6.73643
196 163 6.75334
196 164 6.77014
196 165 6.78008
196 166 6.81356
196 167 6.86767
196 168 6.92751
196 169 6.95191
196 170 6.95199
196 171 7.01907
196 172 7.09375
196 173 7.1952
196 174 7.20821
196 175 7.39289
196 176 7.46646
196 177 7.50763
196 178 7.52147
196 179 7.60181
196 180 7.71701
196 181 7.76603
196 182 7.78855
196 183 7.81279
196 184 7.84769
196 185 7.87895
196 186 7.92311
196 187 7.94713
196 188 7.98397
196 189 8.00246
196 190 8.02762
196 191 8.04005
196 192 8.08052
196 193 8.14662
196 194 8.14662
196 195 8.14662
196 196 8.3323
196 197 8.64184
196 198 8.7725
196 199 8.87699
197 0 5.09026 1 18 31 12 15 34 20 7 30 4 32 23 22 21 2 33 19 29 27 5 25 28 6 13 17 16 3 14 9 8 24 11 10 26 1 
197 1 5.09026
197 2 5.09026
197 3 5.09026
197 4 5.09026
197 5 5.09026
197 6 5.09026
197 7 5.09026
197 8 5.09026
197 9 5.09026
197 10 5.09026
197 11 5.09026
197 12 5.09026
197 13 5.09026
197 14 5.09026
197 15 5.09026
197 16 5.09026
197 17 5.09026
197 18 5.09026
197 19 5.09026
197 20 5.09026
197 21 5.09026
197 22 5.09026
197 23 5.09026
197 24 5.09026
197 25 5.09026
197 26 5.09026
197 27 5.09026
197 28 5.09026
197 29 5.09026
197 30 5.09026
197 31 5.09026
197 32 5.09026
197 33 5.09026
197 34 5.09026
197 35 5.09026
197 36 5.09026
197 37 5.09026
197 38 5.09026
197 39 5.09026
197 40 5.09026
197 41 5.09026
197 42 5.09026
197 43 5.09026
197 44 5.09026
197 45 5.09026
197 46 5.09026
197 47 5.09026
197 48 5.09026
197 49 5.09026
197 50 5.09026
197 51 5.09026
197 52 5.09026
197 53 5.09026
197 54 5.09026
197 55 5.09026
197 56 5.09026
197 57 5.09026
197 58 5.09026
197 59 5.09026
197 60 5.09026
197 61 5.09026
197 62 5.09026
197 63 5.09026
197 64 5.09026
197 65 5.09026
197 66 5.09026
197 67 5.09026
197 68 5.09026
197 69 5.09026
197 70 5.09026
197 71 5.09026
197 72 5.09026
197 73 5.09026
197 74 5.09026
197 75 5.09026
197 76 5.09026
197 77 5.09026
197 78 5.09026
197 79 5.09026
197 80 5.09026
197 81 5.09026
197 82 5.09026
197 83 5.09026
197 84 5.09026
197 85 5.09026
197 86 5.09026
197 87 5.09026
197 88 5.09026
197 89 5.09026
197 90 5.09026
197 91 5.09026
197 92 5.09026
197 93 5.09026
197 94 5.09026
197 95 5.09026
197 96 5.09026
197 97 5.09026
197 98 5.09026
197 99 5.09026
197 100 5.09026
197 101 5.09026
197 102 5.09026
197 103 5.09026
197 104 5.09026
197 105 5.09026
197 106 5.1453
197 107 5.1463
197 108 5.17385
197 109 5.17385
197 110 5.34815
197 111 5.34815
197 112 5.37358
197 113 5.43787
197 114 5.46736
197 115 5.47213
197 116 5.54314
197 117 5.60395
197 118 5.62659
197 119 5.653
197 120 5.77705
197 121 5.80749
197 122 5.89658
197 123 5.89718
197 124 5.89752
197 125 5.93551
197 126 5.95686
197 127 5.97047
197 128 6.01786
197 129 6.02971
197 130 6.13252
197 131 6.16049
197 132 6.16787
197 133 6.19788
197 134 6.29964
197 135 6.3221
197 136 6.38107
197 137 6.39313
197 138 6.41857
197 139 6.44421
197 140 6.5599
197 141 6.56575
197 142 6.57393
197 143 6.59454
197 144 6.69033
197 145 6.70375
197 146 6.73643
197 147 6.75334
197 148 6.77014
197 149 6.82686
197 150 6.86912
197 151 6.88784
197 152 6.90055
197 153 6.95199
197 154 6.95763
197 155 7.00443
197 156 7.01907
197 157 7.08219
197 158 7.11684
197 159 7.1463
197 160 7.19431
197 161 7.23663
197 162 7.2858
197 163 7.33174
197 164 7.35815
197 165 7.44469
197 166 7.44701
197 167 7.45595
197 168 7.46022
197 169 7.48622
197 170 7.48814
197 171 7.51393
197 172 7.52147
197 173 7.57584
197 174 7.59002
197 175 7.67179
197 176 7.73306
197 177 7.73411
197 178 7.77562
197 179 7.79953
197 180 7.8252
197 181 7.8604
197 182 7.8706
197 183 7.89355
197 184 8.07607
197 185 8.09852
197 186 8.14662
197 187 8.19439
197 188 8.206
197 189 8.3323
197 190 8.3323
197 191 8.70991
197 192 9.02229
197 193 9.20784
197 194 9.33082
197 195 9.4453
197 196 9.53849
197 197 9.61672
197 198 9.64074
197 199 9.95772
198 0 5.09026 1 18 31 12 15 34 20 7 30 4 32 23 22 21 2 33 19 29 27 5 25 28 6 13 17 16 3 14 9 8 24 11 10 26 1 
198 1 5.09026
198 2 5.09026
198 3 5.09026
198 4 5.09026
198 5 5.09026
198 6 5.09026
198 7 5.09026
198 8 5.09026
198 9 5.09026
198 10 5.09026
198 11 5.09026
198 12 5.09026
198 13 5.09026
198 14 5.09026
198 15 5.09026
198 16 5.09026
198 17 5.09026
198 18 5.09026
198 19 5.09026
198 20 5.09026
198 21 5.09026
198 22 5.09026
198 23 5.09026
198 24 5.09026
198 25 5.09026
198 26 5.09026
198 27 5.09026
198 28 5.09026
198 29 5.09026
198 30 5.09026
198 31 5.09026
198 32 5.09026
198 33 5.09026
198 34 5.09026
198 35 5.09026
198 36 5.09026
198 37 5.09026
198 38 5.09026
198 39 5.09026
198 40 5.09026
198 41 5.09026
198 42 5.09026
198 43 5.09026
198 44 5.09026
198 45 5.09026
198 46 5.09026
198 47 5.09026
198 48 5.09026
198 49 5.09026
198 50 5.09026
198 51 5.09026
198 52 5.09026
198 53 5.09026
198 54 5.09026
198 55 5.09026
198 56 5.09026
198 57 5.09026
198 58 5.09026
198 59 5.09026
198 60 5.09026
198 61 5.09026
198 62 5.09026
198 63 5.09026
198 64 5.09026
198 65 5.09026
198 66 5.09026
198 67 5.09026
198 68 5.09026
198 69 5.09026
198 70 5.09026
198 71 5.09026
198 72 5.09026
198 73 5.09026
198 74 5.09026
198 75 5.09026
198 76 5.09026
198 77 5.09026
198 78 5.09026
198 79 5.09026
198 80 5.09026
198 81 5.09026
198 82 5.09026
198 83 5.09026
198 84 5.09026
198 85 5.09026
198 86 5.09026
198 87 5.09026
198 88 5.09026
198 89 5.09026
198 90 5.09026
198 91 5.09026
198 92 5.09026
198 93 5.09026
198 94 5.09026
198 95 5.09026
198 96 5.09026
198 97 5.09026
198 98 5.09026
198 99 5.09026
198 100 5.09026
198 101 5.09026
198 102 5.09026
198 103 5.09026
198 104 5.09026
198 105 5.09026
198 106 5.09026
198 107 5.09026
198 108 5.09026
198 109 5.09026
198 110 5.09026
198 111 5.09849
198 112 5.11146
198 113 5.12456
198 114 5.1463
198 115 5.17385
198 116 5.17385
198 117 5.24731
198 118 5.25664
198 119 5.30001
198 120 5.30001
198 121 5.34815
198 122 5.34815
198 123 5.34815
198 124 5.34815
198 125 5.42124
198 126 5.42235
198 127 5.43129
198 128 5.46736
198 129 5.47832
198 130 5.48596
198 131 5.52905
198 132 5.54366
198 133 5.62659
198 134 5.62659
198 135 5.64308
198 136 5.64778
198 137 5.66644
198 138 5.8244
198 139 5.84594
198 140 5.87436
198 141 5.89658
198 142 5.93934
198 143 5.95686
198 144 5.97047
198 145 5.98036
198 146 5.98847
198 147 6.02971
198 148 6.28006
198 149 6.30231
198 150 6.3221
198 151 6.34112
198 152 6.35245
198 153 6.39313
198 154 6.40861
198 155 6.44421
198 156 6.48243
198 157 6.49496
198 158 6.4974
198 159 6.55561
198 160 6.60823
198 161 6.734
198 162 6.73643
198 163 6.73688
198 164 6.86912
198 165 6.8945
198 166 6.95332
198 167 6.99907
198 168 7.00443
198 169 7.01381
198 170 7.06496
198 171 7.08219
198 172 7.11684
198 173 7.14573
198 174 7.18755
198 175 7.1952
198 176 7.19527
198 177 7.21174
198 178 7.26324
198 179 7.29823
198 180 7.33174
198 181 7.38378
198 182 7.42061
198 183 7.51393
198 184 7.53012
198 185 7.5352
198 186 7.59002
198 187 7.81304
198 188 7.83276
198 189 8.07611
198 190 8.21247
198 191 8.41008
198 192 8.64952
198 193 9.02505
198 194 9.09841
198 195 9.17595
198 196 9.86836
198 197 9.94561
198 198 10.0036
198 199 10.5419
199 0 5.09026 1 18 31 12 15 34 20 7 30 4 32 23 22 21 2 33 19 29 27 5 25 28 6 13 17 16 3 14 9 8 24 11 10 26 1 
199 1 5.09026
199 2 5.09026
199 3 5.09026
199 4 5.09026
199 5 5.09026
199 6 5.09026
199 7 5.09026
199 8 5.09026
199 9 5.09026
199 10 5.09026
199 11 5.09026
199 12 5.09026
199 13 5.09026
199 14 5.09026
199 15 5.09026
199 16 5.09026
199 17 5.09026
199 18 5.09026
199 19 5.09026
199 20 5.09026
199 21 5.09026
199 22 5.09026
199 23 5.09026
199 24 5.09026
199 25 5.09026
199 26 5.09026
199 27 5.09026
199 28 5.09026
199 29 5.09026
199 30 5.09026
199 31 5.09026
199 32 5.09026
199 33 5.09026
199 34 5.09026
199 35 5.09026
199 36 5.09026
199 37 5.09026
199 38 5.09026
199 39 5.09026
199 40 5.09026
199 41 5.09026
199 42 5.09026
199 43 5.09026
199 44 5.09026
199 45 5.09026
199 46 5.09026
199 47 5.09026
199 48 5.09026
199 49 5.09026
199 50 5.09026
199 51 5.09026
199 52 5.09026
199 53 5.09026
199 54 5.09026
199 55 5.09026
199 56 5.09026
199 57 5.09026
199 58 5.09026
199 59 5.09026
199 60 5.09026
199 61 5.09026
199 62 5.09026
199 63 5.09026
199 64 5.09026
199 65 5.09026
199 66 5.09026
199 67 5.09026
199 68 5.09026
199 69 5.09026
199 70 5.09026
199 71 5.09026
199 72 5.09026
199 73 5.09026
199 74 5.09026
199 75 5.09026
199 76 5.09026
199 77 5.09026
199 78 5.09026
199 79 5.09026
199 80 5.09026
199 81 5.09026
199 82 5.09026
199 83 5.09026
199 84 5.09026
199 85 5.09026
199 86 5.09026
199 87 5.09026
199 88 5.09026
199 89 5.09026
199 90 5.09026
199 91 5.09026
199 92 5.09026
199 93 5.09026
199 94 5.09026
199 95 5.09026
199 96 5.09026
199 97 5.09026
199 98 5.09026
199 99 5.09026
199 100 5.09026
199 101 5.09026
199 102 5.09026
199 103 5.09026
199 104 5.09026
199 105 5.09026
199 106 5.09849
199 107 5.11146
199 108 5.1463
199 109 5.1463
199 110 5.17385
199 111 5.25664
199 112 5.30001
199 113 5.30001
199 114 5.30001
199 115 5.30142
199 116 5.34815
199 117 5.34815
199 118 5.34815
199 119 5.43738
199 120 5.4429
199 121 5.52329
199 122 5.53487
199 123 5.59036
199 124 5.62659
199 125 5.62659
199 126 5.62659
199 127 5.65801
199 128 5.75131
199 129 5.7665
199 130 5.76669
199 131 5.76958
199 132 5.8244
199 133 5.82487
199 134 5.83066
199 135 5.84308
199 136 5.87436
199 137 5.87436
199 138 5.87559
199 139 5.93934
199 140 5.95686
199 141 5.95881
199 142 5.98604
199 143 6.00706
199 144 6.10199
199 145 6.13124
199 146 6.14902
199 147 6.215
199 148 6.21519
199 149 6.27505
199 150 6.28006
199 151 6.28006
199 152 6.29845
199 153 6.30231
199 154 6.33195
199 155 6.35128
199 156 6.41341
199 157 6.41818
199 158 6.43736
199 159 6.46102
199 160 6.52495
199 161 6.53045
199 162 6.59716
199 163 6.60353
199 164 6.64971
199 165 6.73688
199 166 6.75438
199 167 6.75889
199 168 6.7946
199 169 6.80691
199 170 6.94533
199 171 6.94612
199 172 6.94768
199 173 6.95332
199 174 7.05288
199 175 7.08596
199 176 7.11396
199 177 7.12435
199 178 7.18995
199 179 7.1952
199 180 7.1952
199 181 7.25444
199 182 7.27451
199 183 7.38378
199 184 7.38378
199 185 7.58027
199 186 7.8167
199 187 7.81838
199 188 7.85258
199 189 7.85307
199 190 8.09604
199 191 8.1316
199 192 8.37664
199 193 8.46621
199 194 8.66577
199 195 8.84974
199 196 8.87517
199 197 9.408
199 198 9.94107
199 199 11.2661
200 0 5.09026 1 18 31 12 15 34 20 7 30 4 32 23 22 21 2 33 19 29 27 5 25 28 6 13 17 16 3 14 9 8 24 11 10 26 1 
200 1 5.09026
200 2 5.09026
200 3 5.09026
200 4 5.09026
200 5 5.09026
200 6 5.09026
200 7 5.09026
200 8 5.09026
200 9 5.09026
200 10 5.09026
200 11 5.09026
200 12 5.09026
200 13 5.09026
200 14 5.09026
200 15 5.09026
200 16 5.09026
200 17 5.09026
200 18 5.09026
200 19 5.09026
200 20 5.09026
200 21 5.09026
200 22 5.09026
200 23 5.09026
200 24 5.09026
200 25 5.09026
200 26 5.09026
200 27 5.09026
200 28 5.09026
200 29 5.09026
200 30 5.09026
200 31 5.09026
200 32 5.09026
200 33 5.09026
200 34 5.09026
200 35 5.09026
200 36 5.09026
200 37 5.09026
200 38 5.09026
200 39 5.09026
200 40 5.09026
200 41 5.09026
200 42 5.09026
200 43 5.09026
200 44 5.09026
200 45 5.09026
200 46 5.09026
200 47 5.09026
200 48 5.09026
200 49 5.09026
200 50 5.09026
200 51 5.09026
200 52 5.09026
200 53 5.09026
200 54 5.09026
200 55 5.09026
200 56 5.09026
200 57 5.09026
200 58 5.09026
200 59 5.09026
200 60 5.09026
200 61 5.09026
200 62 5.09026
200 63 5.09026
200 64 5.09026
200 65 5.09026
200 66 5.09026
200 67 5.09026
200 68 5.09026
200 69 5.09026
200 70 5.09026
200 71 5.09026
200 72 5.09026
200 73 5.09026
200 74 5.09026
200 75 5.09026
200 76 5.09026
200 77 5.09026
200 78 5.09026
200 79 5.09026
200 80 5.09026
200 81 5.09026
200 82 5.09026
200 83 5.09026
200 84 5.09026
200 85 5.09026
200 86 5.09026
200 87 5.09026
200 88 5.09026
200 89 5.09026
200 90 5.09026
200 91 5.09026
200 92 5.09026
200 93 5.09026
200 94 5.09026
200 95 5.09026
200 96 5.09026
200 97 5.09026
200 98 5.09026
200 99 5.09026
200 100 5.09026
200 101 5.09026
200 102 5.09026
200 103 5.09026
200 104 5.09026
200 105 5.09026
200 106 5.09026
200 107 5.09026
200 108 5.09026
200 109 5.09026
200 110 5.09026
200 111 5.11146
200 112 5.30001
200 113 5.30001
200 114 5.30574
200 115 5.34815
200 116 5.42116
200 117 5.47113
200 118 5.52453
200 119 5.53487
200 120 5.60981
200 121 5.62413
200 122 5.62659
200 123 5.67876
200 124 5.71005
200 125 5.75131
200 126 5.75131
200 127 5.7665
200 128 5.76958
200 129 5.8244
200 130 5.83593
200 131 5.8482
200 132 5.87436
200 133 5.91248
200 134 6.08496
200 135 6.10199
200 136 6.215
200 137 6.23011
200 138 6.23931
200 139 6.28006
200 140 6.28326
200 141 6.2895
200 142 6.29348
200 143 6.31364
200 144 6.34733
200 145 6.35128
200 146 6.40658
200 147 6.41906
200 148 6.42577
200 149 6.46354
200 150 6.55579
200 151 6.58464
200 152 6.60939
200 153 6.61784
200 154 6.71728
200 155 6.74424
200 156 6.77272
200 157 6.77756
200 158 6.7946
200 159 6.80624
200 160 6.91779
200 161 6.92544
200 162 6.94533
200 163 6.94818
200 164 6.96152
200 165 6.96834
200 166 6.97408
200 167 6.9969
200 168 7.02576
200 169 7.06102
200 170 7.06138
200 171 7.08596
200 172 7.12843
200 173 7.1952
200 174 7.35718
200 175 7.41113
200 176 7.41859
200 177 7.45572
200 178 7.46646
200 179 7.50421
200 180 7.58774
200 181 7.6634
200 182 7.72232
200 183 7.74205
200 184 7.92217
200 185 8.02517
200 186 8.03907
200 187 8.07091
200 188 8.09209
200 189 8.18286
200 190 8.22031
200 191 8.22213
200 192 8.30478
200 193 8.33013
200 194 8.37664
200 195 8.46621
200 196 8.87843
200 197 10.2059
200 198 10.2989
200 199 10.5085
