#     BLOCK:   ACTUAL_T:     T_AVE:       ERROR:
           1        1.95        1.95           0
           2     1.94993     1.94996 2.48133e-05
           3     1.94972     1.94988 6.88069e-05
           4     1.94937     1.94975 0.000122636
           5     1.94888     1.94958 0.000184864
           6     1.94825     1.94936   0.0002546
           7     1.94747     1.94909 0.000331259
           8     1.94655     1.94877 0.000414442
           9     1.94549     1.94841 0.000503882
          10     1.94428     1.94799 0.000599398
          11     1.94291     1.94753 0.000700884
          12     1.94138     1.94702 0.000808287
          13      1.9397     1.94646 0.000921599
          14     1.93785     1.94584  0.00104079
          15     1.93583     1.94517  0.00116591
          16     1.93363     1.94445  0.00129707
          17     1.93126     1.94368  0.00143436
          18     1.92869     1.94284  0.00157786
          19     1.92593     1.94195  0.00172773
          20     1.92297       1.941  0.00188416
          21     1.91979     1.93999  0.00204737
          22     1.91639     1.93892   0.0022176
          23     1.91277     1.93778  0.00239507
          24      1.9089     1.93658  0.00258005
          25     1.90478     1.93531  0.00277279
          26      1.9004     1.93397  0.00297354
          27     1.89574     1.93255   0.0031826
          28     1.89081     1.93106  0.00340025
          29     1.88557     1.92949  0.00362681
          30     1.88003     1.92784  0.00386258
          31     1.87416     1.92611  0.00410785
          32     1.86796     1.92429  0.00436293
          33     1.86141     1.92239  0.00462816
          34      1.8545     1.92039  0.00490388
          35     1.84721      1.9183  0.00519044
          36     1.83952     1.91611  0.00548819
          37     1.83143     1.91382  0.00579745
          38     1.82292     1.91143  0.00611851
          39     1.81398     1.90893  0.00645167
          40      1.8046     1.90632  0.00679721
          41     1.79476      1.9036  0.00715537
          42     1.78446     1.90077  0.00752638
          43     1.77367     1.89781  0.00791046
          44      1.7624     1.89473  0.00830777
          45     1.75064     1.89153  0.00871843
          46     1.73838      1.8882  0.00914252
          47     1.72562     1.88474  0.00958009
          48     1.71236     1.88115   0.0100311
          49     1.69859     1.87743   0.0104955
          50     1.68434     1.87356   0.0109731
          51      1.6696     1.86956   0.0114636
          52     1.65438     1.86543   0.0119668
          53      1.6387     1.86115   0.0124822
          54     1.62258     1.85673   0.0130094
          55     1.60604     1.85217   0.0135478
          56     1.58911     1.84747   0.0140968
          57      1.5718     1.84264   0.0146556
          58     1.55416     1.83766   0.0152236
          59     1.53622     1.83256   0.0157996
          60     1.51802     1.82731   0.0163829
          61     1.49958     1.82194   0.0169725
          62     1.48096     1.81644   0.0175672
          63      1.4622     1.81082   0.0181659
          64     1.44333     1.80508   0.0187676
          65     1.42441     1.79922   0.0193711
          66     1.40547     1.79325   0.0199752
          67     1.38656     1.78718   0.0205787
          68     1.36771     1.78102   0.0211805
          69     1.34898     1.77475   0.0217793
          70      1.3304     1.76841   0.0223742
          71       1.312     1.76198   0.0229639
          72     1.29384     1.75548   0.0235475
          73     1.27593     1.74891   0.0241238
          74     1.25833     1.74228   0.0246919
          75     1.24106     1.73559   0.0252509
          76     1.22415     1.72886   0.0257998
          77     1.20764      1.7221   0.0263378
          78     1.19157     1.71529    0.026864
          79     1.17596     1.70847   0.0273777
          80     1.16084     1.70162   0.0278781
          81     1.14625     1.69477   0.0283645
          82     1.13222      1.6879   0.0288363
          83     1.11876     1.68105   0.0292929
          84     1.10592      1.6742   0.0297335
          85     1.09371     1.66737   0.0301578
          86     1.08217     1.66057   0.0305652
          87     1.07132     1.65379   0.0309552
          88     1.06117     1.64706   0.0313274
          89     1.05176     1.64037   0.0316814
          90     1.04309     1.63373   0.0320169
          91     1.03519     1.62716   0.0323337
          92     1.02805     1.62064   0.0326314
          93     1.02169      1.6142     0.03291
          94      1.0161     1.60784   0.0331693
          95     1.01129     1.60156   0.0334092
          96     1.00723     1.59537   0.0336299
          97     1.00392     1.58927   0.0338315
          98     1.00133     1.58327    0.034014
          99    0.999441     1.57738   0.0341779
         100    0.998208     1.57159   0.0343233
         101    0.997599      1.5659   0.0344507
         102    0.997568     1.56033   0.0345606
         103     0.99807     1.55487   0.0346535
         104    0.999055     1.54953     0.03473
         105     1.00047      1.5443   0.0347907
         106     1.00226     1.53918   0.0348362
         107     1.00438     1.53419   0.0348674
         108     1.00677      1.5293   0.0348848
         109     1.00938     1.52453   0.0348894
         110     1.01216     1.51988   0.0348817
         111     1.01506     1.51533   0.0348627
         112     1.01804     1.51089    0.034833
         113     1.02105     1.50655   0.0347934
         114     1.02407     1.50232   0.0347447
         115     1.02706     1.49819   0.0346875
         116     1.02998     1.49415   0.0346225
         117     1.03283     1.49021   0.0345503
         118     1.03558     1.48636   0.0344717
         119     1.03822     1.48259   0.0343871
         120     1.04073     1.47891   0.0342971
         121     1.04311     1.47531   0.0342023
         122     1.04535     1.47178    0.034103
         123     1.04745     1.46833   0.0339998
         124     1.04942     1.46495    0.033893
         125     1.05125     1.46164   0.0337831
         126     1.05296      1.4584   0.0336703
         127     1.05454     1.45522    0.033555
         128     1.05602      1.4521   0.0334375
         129     1.05739     1.44904    0.033318
         130     1.05867     1.44604   0.0331967
         131     1.05987     1.44309   0.0330739
         132     1.06099      1.4402   0.0329498
         133     1.06205     1.43735   0.0328245
         134     1.06306     1.43456   0.0326982
         135     1.06402     1.43182    0.032571
         136     1.06494     1.42912    0.032443
         137     1.06583     1.42647   0.0323144
         138      1.0667     1.42386   0.0321852
         139     1.06755      1.4213   0.0320556
         140     1.06838     1.41877   0.0319256
         141     1.06919      1.4163   0.0317953
         142     1.06999     1.41386   0.0316648
         143     1.07077     1.41146   0.0315341
         144     1.07153      1.4091   0.0314033
         145     1.07227     1.40677   0.0312726
         146     1.07299     1.40449   0.0311418
         147     1.07369     1.40224   0.0310112
         148     1.07437     1.40002   0.0308807
         149     1.07501     1.39784   0.0307503
         150     1.07563     1.39569   0.0306203
         151     1.07622     1.39358   0.0304905
         152     1.07677     1.39149   0.0303611
         153      1.0773     1.38944    0.030232
         154     1.07779     1.38742   0.0301033
         155     1.07825     1.38542   0.0299751
         156     1.07869     1.38345   0.0298474
         157     1.07911     1.38152   0.0297202
         158     1.07952      1.3796   0.0295935
         159     1.07992     1.37772   0.0294673
         160     1.08032     1.37586   0.0293417
         161     1.08074     1.37403   0.0292166
         162     1.08117     1.37222   0.0290922
         163     1.08163     1.37044   0.0289683
         164     1.08212     1.36868   0.0288449
         165     1.08265     1.36695   0.0287221
         166     1.08323     1.36524   0.0285999
         167     1.08385     1.36355   0.0284783
         168     1.08452     1.36189   0.0283571
         169     1.08524     1.36025   0.0282366
         170     1.08601     1.35864   0.0281165
         171     1.08681     1.35705    0.027997
         172     1.08763     1.35548    0.027878
         173     1.08848     1.35394   0.0277595
         174     1.08933     1.35242   0.0276416
         175     1.09017     1.35092   0.0275243
         176     1.09099     1.34945   0.0274075
         177     1.09176     1.34799   0.0272913
         178     1.09248     1.34655   0.0271757
         179     1.09312     1.34514   0.0270607
         180     1.09367     1.34374   0.0269464
         181     1.09412     1.34236   0.0268328
         182     1.09446       1.341   0.0267199
         183     1.09466     1.33965   0.0266078
         184     1.09474     1.33832   0.0264965
         185     1.09467     1.33701   0.0263859
         186     1.09446      1.3357   0.0262763
         187      1.0941     1.33441   0.0261675
         188     1.09361     1.33313   0.0260597
         189     1.09297     1.33186   0.0259527
         190     1.09221      1.3306   0.0258468
         191     1.09132     1.32934   0.0257418
         192     1.09032      1.3281   0.0256378
         193     1.08922     1.32686   0.0255348
         194     1.08803     1.32563   0.0254329
         195     1.08677     1.32441   0.0253319
         196     1.08545     1.32319    0.025232
         197     1.08409     1.32197   0.0251331
         198      1.0827     1.32076   0.0250352
         199      1.0813     1.31956   0.0249383
         200     1.07989     1.31836   0.0248424
         201      1.0785     1.31717   0.0247474
         202     1.07714     1.31598   0.0246534
         203     1.07582      1.3148   0.0245603
         204     1.07455     1.31362   0.0244682
         205     1.07334     1.31245   0.0243769
         206      1.0722     1.31128   0.0242864
         207     1.07115     1.31012   0.0241968
         208     1.07018     1.30897   0.0241079
         209     1.06931     1.30782   0.0240198
         210     1.06855     1.30668   0.0239325
         211      1.0679     1.30555   0.0238458
         212     1.06737     1.30443   0.0237598
         213     1.06696     1.30331   0.0236743
         214     1.06668     1.30221   0.0235895
         215     1.06654     1.30111   0.0235053
         216     1.06655     1.30002   0.0234215
         217     1.06671     1.29895   0.0233382
         218     1.06703     1.29789   0.0232554
         219     1.06752     1.29683    0.023173
         220     1.06819     1.29579    0.023091
         221     1.06904     1.29477   0.0230093
         222     1.07008     1.29376   0.0229279
         223     1.07131     1.29276   0.0228468
         224     1.07275     1.29178   0.0227659
         225      1.0744     1.29081   0.0226852
         226     1.07625     1.28986   0.0226046
         227      1.0783     1.28893   0.0225243
         228     1.08056     1.28801    0.022444
         229     1.08302     1.28712   0.0223639
         230     1.08567     1.28624   0.0222838
         231     1.08849     1.28539   0.0222037
         232     1.09148     1.28455   0.0221238
         233     1.09462     1.28374   0.0220438
         234     1.09788     1.28294   0.0219639
         235     1.10126     1.28217   0.0218841
         236     1.10471     1.28142   0.0218042
         237     1.10823     1.28069   0.0217245
         238     1.11178     1.27998   0.0216448
         239     1.11534     1.27929   0.0215652
         240     1.11889     1.27862   0.0214857
         241     1.12239     1.27797   0.0214063
         242     1.12583     1.27734   0.0213271
         243     1.12919     1.27673    0.021248
         244     1.13245     1.27614   0.0211692
         245     1.13558     1.27557   0.0210905
         246     1.13857     1.27501   0.0210122
         247     1.14142     1.27447    0.020934
         248      1.1441     1.27394   0.0208562
         249     1.14661     1.27343   0.0207787
         250     1.14895     1.27294   0.0207016
         251     1.15111     1.27245   0.0206248
         252     1.15309     1.27198   0.0205484
         253     1.15489     1.27151   0.0204724
         254     1.15652     1.27106   0.0203968
         255     1.15797     1.27062   0.0203216
         256     1.15926     1.27018   0.0202469
         257     1.16038     1.26976   0.0201726
         258     1.16135     1.26933   0.0200988
         259     1.16217     1.26892   0.0200255
         260     1.16286     1.26851   0.0199526
         261     1.16342     1.26811   0.0198802
         262     1.16385     1.26771   0.0198083
         263     1.16418     1.26732   0.0197369
         264     1.16441     1.26693    0.019666
         265     1.16454     1.26654   0.0195956
         266     1.16458     1.26616   0.0195257
         267     1.16455     1.26578   0.0194562
         268     1.16445      1.2654   0.0193873
         269     1.16428     1.26502   0.0193189
         270     1.16406     1.26465    0.019251
         271     1.16378     1.26428   0.0191835
         272     1.16346     1.26391   0.0191166
         273      1.1631     1.26354   0.0190501
         274      1.1627     1.26317   0.0189841
         275     1.16227      1.2628   0.0189187
         276      1.1618     1.26244   0.0188537
         277     1.16131     1.26207   0.0187891
         278     1.16079     1.26171   0.0187251
         279     1.16025     1.26134   0.0186615
         280     1.15968     1.26098   0.0185984
         281     1.15908     1.26062   0.0185357
         282     1.15846     1.26026   0.0184735
         283     1.15782     1.25989   0.0184118
         284     1.15714     1.25953   0.0183505
         285     1.15643     1.25917   0.0182897
         286     1.15569     1.25881   0.0182293
         287     1.15491     1.25845   0.0181694
         288      1.1541     1.25809   0.0181099
         289     1.15324     1.25772   0.0180509
         290     1.15233     1.25736   0.0179923
         291     1.15137     1.25699   0.0179342
         292     1.15036     1.25663   0.0178765
         293     1.14929     1.25626   0.0178192
         294     1.14816      1.2559   0.0177624
         295     1.14696     1.25553    0.017706
         296     1.14569     1.25516   0.0176501
         297     1.14435     1.25478   0.0175946
         298     1.14294     1.25441   0.0175396
         299     1.14145     1.25403    0.017485
         300     1.13988     1.25365   0.0174308
         301     1.13824     1.25327   0.0173771
         302     1.13652     1.25288   0.0173239
         303     1.13472     1.25249   0.0172711
         304     1.13285      1.2521   0.0172188
         305     1.13091      1.2517   0.0171669
         306      1.1289      1.2513   0.0171155
         307     1.12683     1.25089   0.0170645
         308      1.1247     1.25048   0.0170141
         309     1.12252     1.25007    0.016964
         310      1.1203     1.24965   0.0169145
         311     1.11803     1.24923   0.0168654
         312     1.11573      1.2488   0.0168168
         313      1.1134     1.24836   0.0167686
         314     1.11105     1.24793   0.0167209
         315     1.10869     1.24749   0.0166736
         316     1.10631     1.24704   0.0166269
         317     1.10393     1.24659   0.0165805
         318     1.10154     1.24613   0.0165347
         319     1.09915     1.24567   0.0164893
         320     1.09675     1.24521   0.0164443
         321     1.09436     1.24474   0.0163998
         322     1.09196     1.24426   0.0163557
         323     1.08956     1.24378   0.0163121
         324     1.08716      1.2433   0.0162689
         325     1.08475     1.24281   0.0162262
         326     1.08233     1.24232   0.0161838
         327     1.07991     1.24182    0.016142
         328     1.07747     1.24132   0.0161005
         329     1.07502     1.24082   0.0160595
         330     1.07255     1.24031    0.016019
         331     1.07007     1.23979   0.0159788
         332     1.06758     1.23927   0.0159391
         333     1.06508     1.23875   0.0158998
         334     1.06256     1.23822    0.015861
         335     1.06005     1.23769   0.0158225
         336     1.05753     1.23715   0.0157845
         337     1.05502     1.23661   0.0157469
         338     1.05253     1.23607   0.0157098
         339     1.05007     1.23552    0.015673
         340     1.04766     1.23497   0.0156366
         341     1.04529     1.23441   0.0156007
         342     1.04299     1.23385   0.0155651
         343     1.04077     1.23329   0.0155299
         344     1.03865     1.23272   0.0154951
         345     1.03663     1.23215   0.0154606
         346     1.03474     1.23158   0.0154264
         347     1.03298     1.23101   0.0153926
         348     1.03137     1.23044    0.015359
         349     1.02993     1.22986   0.0153257
         350     1.02865     1.22929   0.0152927
         351     1.02756     1.22871     0.01526
         352     1.02666     1.22814   0.0152274
         353     1.02596     1.22757    0.015195
         354     1.02545       1.227   0.0151628
         355     1.02516     1.22643   0.0151308
         356     1.02507     1.22586   0.0150988
         357     1.02519      1.2253    0.015067
         358     1.02551     1.22474   0.0150353
         359     1.02604     1.22419   0.0150036
         360     1.02677     1.22364   0.0149719
         361      1.0277      1.2231   0.0149403
         362     1.02881     1.22256   0.0149086
         363      1.0301     1.22203    0.014877
         364     1.03156     1.22151   0.0148453
         365     1.03317     1.22099   0.0148136
         366     1.03493     1.22048   0.0147818
         367     1.03683     1.21998     0.01475
         368     1.03884     1.21949   0.0147182
         369     1.04097     1.21901   0.0146862
         370     1.04318     1.21853   0.0146542
         371     1.04548     1.21806   0.0146221
         372     1.04784     1.21761     0.01459
         373     1.05025     1.21716   0.0145578
         374     1.05269     1.21672   0.0145255
         375     1.05516     1.21629   0.0144931
         376     1.05765     1.21587   0.0144607
         377     1.06013     1.21545   0.0144283
         378      1.0626     1.21505   0.0143958
         379     1.06504     1.21465   0.0143632
         380     1.06746     1.21426   0.0143307
         381     1.06983     1.21389   0.0142981
         382     1.07215     1.21351   0.0142654
         383     1.07441     1.21315   0.0142328
         384     1.07661      1.2128   0.0142002
         385     1.07875     1.21245   0.0141676
         386      1.0808     1.21211    0.014135
         387     1.08277     1.21177   0.0141024
         388     1.08466     1.21144   0.0140699
         389     1.08646     1.21112   0.0140374
         390     1.08817     1.21081   0.0140049
         391     1.08978      1.2105   0.0139725
         392     1.09129     1.21019   0.0139402
         393     1.09269      1.2099   0.0139079
         394     1.09398      1.2096   0.0138757
         395     1.09515     1.20931   0.0138436
         396     1.09619     1.20903   0.0138116
         397     1.09711     1.20874   0.0137797
         398      1.0979     1.20847   0.0137479
         399     1.09854     1.20819   0.0137162
         400     1.09903     1.20792   0.0136846
         401     1.09937     1.20765   0.0136532
         402     1.09955     1.20738   0.0136219
         403     1.09957     1.20711   0.0135907
         404     1.09941     1.20684   0.0135597
         405     1.09909     1.20658   0.0135288
         406      1.0986     1.20631   0.0134981
         407     1.09793     1.20605   0.0134675
         408     1.09709     1.20578   0.0134372
         409     1.09609     1.20551    0.013407
         410     1.09493     1.20524    0.013377
         411     1.09362     1.20497   0.0133472
         412     1.09218      1.2047   0.0133176
         413     1.09062     1.20442   0.0132882
         414     1.08896     1.20414   0.0132591
         415     1.08723     1.20386   0.0132301
         416     1.08543     1.20357   0.0132014
         417     1.08361     1.20329   0.0131729
         418     1.08179       1.203   0.0131445
         419     1.07998      1.2027   0.0131165
         420     1.07823     1.20241   0.0130886
         421     1.07654     1.20211   0.0130609
         422     1.07496     1.20181   0.0130334
         423     1.07349      1.2015   0.0130061
         424     1.07216      1.2012    0.012979
         425     1.07097     1.20089   0.0129521
         426     1.06994     1.20058   0.0129254
         427     1.06906     1.20027   0.0128988
         428     1.06834     1.19997   0.0128723
         429     1.06777     1.19966    0.012846
         430     1.06734     1.19935   0.0128198
         431     1.06703     1.19904   0.0127937
         432     1.06683     1.19874   0.0127678
         433     1.06671     1.19843   0.0127419
         434     1.06665     1.19813   0.0127162
         435     1.06663     1.19783   0.0126905
         436     1.06662     1.19753    0.012665
         437      1.0666     1.19723   0.0126396
         438     1.06655     1.19693   0.0126142
         439     1.06645     1.19663    0.012589
         440     1.06629     1.19633   0.0125639
         441     1.06604     1.19604   0.0125389
         442     1.06569     1.19574    0.012514
         443     1.06525     1.19545   0.0124892
         444     1.06469     1.19516   0.0124645
         445     1.06403     1.19486     0.01244
         446     1.06325     1.19457   0.0124156
         447     1.06237     1.19427   0.0123913
         448     1.06139     1.19397   0.0123672
         449     1.06031     1.19368   0.0123433
         450     1.05914     1.19338   0.0123195
         451     1.05789     1.19308   0.0122958
         452     1.05658     1.19277   0.0122723
         453     1.05521     1.19247    0.012249
         454     1.05379     1.19216   0.0122258
         455     1.05234     1.19186   0.0122028
         456     1.05087     1.19155     0.01218
         457     1.04938     1.19124   0.0121573
         458      1.0479     1.19092   0.0121348
         459     1.04642     1.19061   0.0121124
         460     1.04496     1.19029   0.0120902
         461     1.04353     1.18997   0.0120682
         462     1.04212     1.18965   0.0120463
         463     1.04076     1.18933   0.0120246
         464     1.03945     1.18901    0.012003
         465     1.03819     1.18869   0.0119816
         466       1.037     1.18836   0.0119603
         467     1.03587     1.18803   0.0119391
         468     1.03482     1.18771   0.0119181
         469     1.03386     1.18738   0.0118972
         470     1.03299     1.18705   0.0118764
         471     1.03223     1.18672   0.0118557
         472     1.03157     1.18639   0.0118352
         473     1.03103     1.18606   0.0118147
         474     1.03062     1.18574   0.0117943
         475     1.03034     1.18541    0.011774
         476      1.0302     1.18508   0.0117538
         477     1.03021     1.18476   0.0117337
         478     1.03036     1.18443   0.0117136
         479     1.03066     1.18411   0.0116935
         480     1.03109     1.18379   0.0116735
         481     1.03166     1.18348   0.0116535
         482     1.03236     1.18317   0.0116335
         483     1.03317     1.18285   0.0116136
         484     1.03409     1.18255   0.0115937
         485     1.03509     1.18224   0.0115738
         486     1.03615     1.18194   0.0115538
         487     1.03726     1.18165   0.0115339
         488      1.0384     1.18135    0.011514
         489     1.03954     1.18106   0.0114941
         490     1.04065     1.18078   0.0114743
         491     1.04173     1.18049   0.0114544
         492     1.04274     1.18021   0.0114345
         493     1.04366     1.17994   0.0114147
         494     1.04449     1.17966   0.0113949
         495      1.0452     1.17939   0.0113751
         496     1.04578     1.17912   0.0113553
         497     1.04621     1.17885   0.0113356
         498     1.04649     1.17859    0.011316
         499     1.04661     1.17832   0.0112964
         500     1.04655     1.17806   0.0112769
         501     1.04632      1.1778   0.0112575
         502     1.04591     1.17753   0.0112381
         503     1.04531     1.17727   0.0112188
         504     1.04453     1.17701   0.0111997
         505     1.04357     1.17674   0.0111806
         506     1.04243     1.17648   0.0111616
         507     1.04111     1.17621   0.0111428
         508     1.03961     1.17594   0.0111241
         509     1.03794     1.17567   0.0111056
         510     1.03612      1.1754   0.0110872
         511     1.03414     1.17512   0.0110689
         512     1.03201     1.17484   0.0110508
         513     1.02976     1.17456   0.0110329
         514     1.02739     1.17427   0.0110152
         515     1.02491     1.17398   0.0109976
         516     1.02235     1.17369   0.0109802
         517     1.01972     1.17339    0.010963
         518     1.01703     1.17309    0.010946
         519      1.0143     1.17278   0.0109292
         520     1.01156     1.17247   0.0109126
         521     1.00881     1.17216   0.0108961
         522     1.00607     1.17184   0.0108799
         523     1.00336     1.17152   0.0108639
         524     1.00069     1.17119    0.010848
         525    0.998066     1.17086   0.0108324
         526    0.995508     1.17053   0.0108169
         527     0.99302     1.17019   0.0108016
         528    0.990606     1.16985   0.0107865
         529     0.98827     1.16951   0.0107716
         530    0.986011     1.16916   0.0107568
         531    0.983833     1.16881   0.0107422
         532    0.981733     1.16846   0.0107278
         533     0.97971     1.16811   0.0107135
         534    0.977761     1.16775   0.0106994
         535    0.975886     1.16739   0.0106854
         536    0.974082     1.16703   0.0106715
         537    0.972348     1.16667   0.0106578
         538    0.970685      1.1663   0.0106442
         539    0.969093     1.16594   0.0106308
         540    0.967576     1.16557   0.0106174
         541    0.966137      1.1652   0.0106042
         542    0.964783     1.16483   0.0105911
         543    0.963521     1.16446   0.0105781
         544    0.962358     1.16409   0.0105651
         545    0.961304     1.16372   0.0105523
         546    0.960368     1.16335   0.0105396
         547     0.95956     1.16297   0.0105269
         548    0.958892      1.1626   0.0105142
         549    0.958371     1.16223   0.0105017
         550    0.958008     1.16186   0.0104891
         551    0.957809     1.16149   0.0104766
         552    0.957781     1.16112   0.0104642
         553    0.957931     1.16075   0.0104517
         554    0.958261     1.16039   0.0104392
         555    0.958774     1.16002   0.0104267
         556    0.959474     1.15966   0.0104142
         557    0.960356      1.1593   0.0104016
         558     0.96142     1.15895    0.010389
         559    0.962663      1.1586   0.0103764
         560     0.96408     1.15825   0.0103637
         561    0.965665     1.15791   0.0103509
         562    0.967412     1.15757    0.010338
         563    0.969313     1.15723   0.0103251
         564    0.971363      1.1569    0.010312
         565    0.973551     1.15658   0.0102989
         566    0.975867     1.15626   0.0102856
         567      0.9783     1.15595   0.0102723
         568    0.980842     1.15564   0.0102588
         569    0.983484     1.15534   0.0102452
         570    0.986217     1.15504   0.0102316
         571    0.989031     1.15475   0.0102178
         572     0.99192     1.15446   0.0102039
         573    0.994874     1.15419   0.0101899
         574    0.997887     1.15391   0.0101757
         575     1.00095     1.15365   0.0101615
         576     1.00406     1.15339   0.0101472
         577     1.00721     1.15313   0.0101328
         578      1.0104     1.15289   0.0101183
         579     1.01362     1.15265   0.0101036
         580     1.01686     1.15241   0.0100889
         581     1.02014     1.15218   0.0100741
         582     1.02345     1.15196   0.0100593
         583     1.02678     1.15175   0.0100443
         584     1.03015     1.15154   0.0100293
         585     1.03355     1.15134   0.0100141
         586     1.03698     1.15114  0.00999895
         587     1.04046     1.15096  0.00998369
         588     1.04397     1.15077  0.00996837
         589     1.04752      1.1506  0.00995299
         590     1.05112     1.15043  0.00993755
         591     1.05478     1.15027  0.00992205
         592     1.05848     1.15011   0.0099065
         593     1.06223     1.14996   0.0098909
         594     1.06603     1.14982  0.00987526
         595     1.06987     1.14969  0.00985958
         596     1.07375     1.14956  0.00984386
         597     1.07767     1.14944  0.00982811
         598     1.08161     1.14933  0.00981233
         599     1.08557     1.14922  0.00979652
         600     1.08952     1.14912   0.0097807
         601     1.09347     1.14903  0.00976486
         602      1.0974     1.14894  0.00974902
         603     1.10128     1.14886  0.00973317
         604      1.1051     1.14879  0.00971733
         605     1.10885     1.14873  0.00970149
         606      1.1125     1.14867  0.00968567
         607     1.11605     1.14861  0.00966986
         608     1.11947     1.14856  0.00965407
         609     1.12276     1.14852  0.00963831
         610     1.12589     1.14848  0.00962258
         611     1.12885     1.14845  0.00960689
         612     1.13164     1.14842  0.00959123
         613     1.13423      1.1484  0.00957561
         614     1.13664     1.14838  0.00956004
         615     1.13884     1.14837   0.0095445
         616     1.14084     1.14835  0.00952902
         617     1.14263     1.14835  0.00951358
         618     1.14422     1.14834  0.00949819
         619      1.1456     1.14833  0.00948284
         620     1.14679     1.14833  0.00946755
         621     1.14777     1.14833   0.0094523
         622     1.14857     1.14833  0.00943711
         623     1.14919     1.14833  0.00942196
         624     1.14963     1.14833  0.00940686
         625     1.14992     1.14834  0.00939181
         626     1.15006     1.14834  0.00937681
         627     1.15006     1.14834  0.00936185
         628     1.14994     1.14835  0.00934694
         629     1.14971     1.14835  0.00933208
         630     1.14939     1.14835  0.00931727
         631     1.14899     1.14835  0.00930251
         632     1.14852     1.14835  0.00928779
         633     1.14799     1.14835  0.00927311
         634     1.14742     1.14835  0.00925849
         635     1.14682     1.14835  0.00924391
         636     1.14619     1.14834  0.00922937
         637     1.14556     1.14834  0.00921489
         638     1.14492     1.14833  0.00920044
         639     1.14428     1.14833  0.00918605
         640     1.14365     1.14832   0.0091717
         641     1.14303     1.14831  0.00915739
         642     1.14242      1.1483  0.00914313
         643     1.14183     1.14829  0.00912892
         644     1.14126     1.14828  0.00911475
         645      1.1407     1.14827  0.00910063
         646     1.14016     1.14826  0.00908655
         647     1.13965     1.14824  0.00907251
         648     1.13915     1.14823  0.00905852
         649     1.13868     1.14821  0.00904458
         650     1.13823      1.1482  0.00903068
         651     1.13781     1.14818  0.00901682
         652     1.13741     1.14817    0.009003
         653     1.13705     1.14815  0.00898923
         654     1.13673     1.14813  0.00897551
         655     1.13644     1.14811  0.00896182
         656      1.1362      1.1481  0.00894818
         657     1.13602     1.14808  0.00893458
         658     1.13589     1.14806  0.00892102
         659     1.13581     1.14804   0.0089075
         660     1.13581     1.14802  0.00889402
         661     1.13587       1.148  0.00888059
         662       1.136     1.14799  0.00886719
         663     1.13621     1.14797  0.00885383
         664     1.13648     1.14795  0.00884052
         665     1.13682     1.14793  0.00882724
         666     1.13722     1.14792    0.008814
         667     1.13768      1.1479   0.0088008
         668     1.13819     1.14789  0.00878763
         669     1.13874     1.14787  0.00877451
         670     1.13933     1.14786  0.00876142
         671     1.13993     1.14785  0.00874837
         672     1.14055     1.14784  0.00873536
         673     1.14117     1.14783  0.00872239
         674     1.14177     1.14782  0.00870945
         675     1.14235     1.14781  0.00869655
         676     1.14289      1.1478  0.00868369
         677      1.1434      1.1478  0.00867087
         678     1.14385     1.14779  0.00865808
         679     1.14424     1.14779  0.00864533
         680     1.14456     1.14778  0.00863262
         681     1.14482     1.14778  0.00861994
         682     1.14501     1.14777   0.0086073
         683     1.14511     1.14777   0.0085947
         684     1.14515     1.14777  0.00858214
         685     1.14511     1.14776  0.00856961
         686     1.14499     1.14776  0.00855712
         687      1.1448     1.14775  0.00854466
         688     1.14455     1.14775  0.00853225
         689     1.14423     1.14774  0.00851986
         690     1.14386     1.14774  0.00850752
         691     1.14344     1.14773  0.00849521
         692     1.14298     1.14773  0.00848294
         693     1.14249     1.14772   0.0084707
         694     1.14197     1.14771   0.0084585
         695     1.14143      1.1477  0.00844633
         696     1.14088     1.14769   0.0084342
         697     1.14033     1.14768  0.00842211
         698     1.13979     1.14767  0.00841005
         699     1.13928     1.14766  0.00839802
         700     1.13878     1.14764  0.00838604
         701     1.13833     1.14763  0.00837408
         702     1.13791     1.14762  0.00836217
         703     1.13754      1.1476  0.00835028
         704     1.13723     1.14759  0.00833844
         705     1.13698     1.14757  0.00832662
         706     1.13679     1.14756  0.00831484
         707     1.13666     1.14754   0.0083031
         708     1.13659     1.14753  0.00829138
         709     1.13658     1.14751   0.0082797
         710     1.13664      1.1475  0.00826806
         711     1.13676     1.14748  0.00825644
         712     1.13693     1.14747  0.00824486
         713     1.13715     1.14745  0.00823331
         714     1.13741     1.14744  0.00822179
         715     1.13771     1.14742   0.0082103
         716     1.13804     1.14741  0.00819884
         717     1.13839      1.1474  0.00818742
         718     1.13875     1.14739  0.00817602
         719     1.13911     1.14737  0.00816466
         720     1.13946     1.14736  0.00815333
         721     1.13979     1.14735  0.00814203
         722     1.14009     1.14734  0.00813076
         723     1.14035     1.14733  0.00811952
         724     1.14057     1.14732  0.00810831
         725     1.14073     1.14732  0.00809713
         726     1.14083     1.14731  0.00808598
         727     1.14086      1.1473  0.00807486
         728     1.14081     1.14729  0.00806377
         729     1.14068     1.14728  0.00805272
         730     1.14045     1.14727  0.00804169
         731     1.14014     1.14726   0.0080307
         732     1.13973     1.14725  0.00801973
         733     1.13922     1.14724   0.0080088
         734     1.13862     1.14723   0.0079979
         735     1.13792     1.14721  0.00798703
         736     1.13712      1.1472  0.00797619
         737     1.13622     1.14719  0.00796538
         738     1.13523     1.14717   0.0079546
         739     1.13415     1.14715  0.00794386
         740     1.13299     1.14713  0.00793314
         741     1.13174     1.14711  0.00792247
         742     1.13042     1.14709  0.00791182
         743     1.12903     1.14707  0.00790121
         744     1.12759     1.14704  0.00789063
         745      1.1261     1.14701  0.00788009
         746     1.12457     1.14698  0.00786959
         747     1.12301     1.14695  0.00785912
         748     1.12145     1.14691  0.00784868
         749     1.11989     1.14688  0.00783829
         750     1.11835     1.14684  0.00782793
         751     1.11684      1.1468  0.00781761
         752     1.11538     1.14676  0.00780732
         753     1.11398     1.14672  0.00779708
         754     1.11266     1.14667  0.00778687
         755     1.11145     1.14662  0.00777669
         756     1.11034     1.14658  0.00776655
         757     1.10936     1.14653  0.00775645
         758     1.10852     1.14648  0.00774638
         759     1.10782     1.14643  0.00773634
         760     1.10728     1.14637  0.00772633
         761     1.10691     1.14632  0.00771635
         762     1.10671     1.14627   0.0077064
         763     1.10667     1.14622  0.00769648
         764      1.1068     1.14617  0.00768658
         765     1.10709     1.14612   0.0076767
         766     1.10753     1.14607  0.00766684
         767     1.10811     1.14602    0.007657
         768     1.10882     1.14597  0.00764719
         769     1.10963     1.14592  0.00763739
         770     1.11054     1.14587  0.00762761
         771     1.11152     1.14583  0.00761785
         772     1.11255     1.14579   0.0076081
         773     1.11362     1.14574  0.00759837
         774      1.1147      1.1457  0.00758866
         775     1.11577     1.14567  0.00757897
         776     1.11683     1.14563  0.00756929
         777     1.11784     1.14559  0.00755963
         778     1.11881     1.14556     0.00755
         779     1.11971     1.14553  0.00754038
         780     1.12054     1.14549  0.00753078
         781     1.12129     1.14546   0.0075212
         782     1.12195     1.14543  0.00751164
         783     1.12252      1.1454   0.0075021
         784       1.123     1.14537  0.00749259
         785     1.12339     1.14535   0.0074831
         786     1.12368     1.14532  0.00747363
         787     1.12388     1.14529  0.00746418
         788       1.124     1.14526  0.00745476
         789     1.12404     1.14524  0.00744536
         790     1.12401     1.14521  0.00743598
         791     1.12391     1.14518  0.00742663
         792     1.12374     1.14516   0.0074173
         793     1.12352     1.14513    0.007408
         794     1.12325      1.1451  0.00739872
         795     1.12293     1.14507  0.00738947
         796     1.12258     1.14505  0.00738024
         797      1.1222     1.14502  0.00737103
         798      1.1218     1.14499  0.00736185
         799     1.12138     1.14496   0.0073527
         800     1.12095     1.14493  0.00734357
         801     1.12052      1.1449  0.00733446
         802      1.1201     1.14487  0.00732538
         803     1.11969     1.14484  0.00731633
         804      1.1193      1.1448   0.0073073
         805     1.11895     1.14477  0.00729829
         806     1.11863     1.14474  0.00728931
         807     1.11836     1.14471  0.00728035
         808     1.11814     1.14467  0.00727141
         809     1.11799     1.14464   0.0072625
         810      1.1179     1.14461  0.00725361
         811     1.11789     1.14458  0.00724474
         812     1.11796     1.14454  0.00723589
         813     1.11811     1.14451  0.00722706
         814     1.11835     1.14448  0.00721826
         815     1.11867     1.14445  0.00720947
         816     1.11908     1.14441   0.0072007
         817     1.11958     1.14438  0.00719195
         818     1.12016     1.14435  0.00718322
         819     1.12082     1.14433  0.00717451
         820     1.12156      1.1443  0.00716581
         821     1.12236     1.14427  0.00715713
         822     1.12323     1.14425  0.00714847
         823     1.12416     1.14422  0.00713983
         824     1.12514      1.1442   0.0071312
         825     1.12616     1.14418  0.00712259
         826     1.12721     1.14416    0.007114
         827      1.1283     1.14414  0.00710542
         828      1.1294     1.14412  0.00709686
         829     1.13051      1.1441  0.00708832
         830     1.13164     1.14409   0.0070798
         831     1.13276     1.14407  0.00707129
         832     1.13389     1.14406   0.0070628
         833     1.13502     1.14405  0.00705433
         834     1.13614     1.14404  0.00704588
         835     1.13725     1.14403  0.00703744
         836     1.13836     1.14403  0.00702903
         837     1.13946     1.14402  0.00702063
         838     1.14054     1.14402  0.00701226
         839     1.14162     1.14401   0.0070039
         840      1.1427     1.14401  0.00699556
         841     1.14377     1.14401  0.00698724
         842     1.14484     1.14401  0.00697895
         843     1.14591     1.14402  0.00697067
         844     1.14698     1.14402  0.00696241
         845     1.14806     1.14402  0.00695417
         846     1.14914     1.14403  0.00694595
         847     1.15023     1.14404  0.00693776
         848     1.15132     1.14405  0.00692958
         849     1.15243     1.14406  0.00692143
         850     1.15354     1.14407  0.00691329
         851     1.15465     1.14408  0.00690518
         852     1.15578     1.14409  0.00689709
         853      1.1569     1.14411  0.00688902
         854     1.15802     1.14412  0.00688097
         855     1.15913     1.14414  0.00687295
         856     1.16024     1.14416  0.00686494
         857     1.16133     1.14418  0.00685696
         858      1.1624      1.1442    0.006849
         859     1.16344     1.14422  0.00684107
         860     1.16446     1.14425  0.00683315
         861     1.16544     1.14427  0.00682526
         862     1.16637      1.1443  0.00681739
         863     1.16725     1.14432  0.00680954
         864     1.16808     1.14435  0.00680172
         865     1.16884     1.14438  0.00679391
         866     1.16954     1.14441  0.00678613
         867     1.17016     1.14444  0.00677837
         868      1.1707     1.14447  0.00677063
         869     1.17116      1.1445   0.0067629
         870     1.17153     1.14453   0.0067552
         871     1.17181     1.14456  0.00674752
         872       1.172     1.14459  0.00673985
         873     1.17209     1.14463  0.00673221
         874     1.17208     1.14466  0.00672458
         875     1.17198     1.14469  0.00671697
         876     1.17178     1.14472  0.00670937
         877     1.17148     1.14475  0.00670179
         878     1.17108     1.14478  0.00669422
         879     1.17058     1.14481  0.00668667
         880     1.16999     1.14484  0.00667913
         881      1.1693     1.14487  0.00667161
         882     1.16853     1.14489   0.0066641
         883     1.16766     1.14492   0.0066566
         884      1.1667     1.14494  0.00664912
         885     1.16565     1.14497  0.00664165
         886     1.16452     1.14499  0.00663419
         887     1.16331     1.14501  0.00662674
         888     1.16203     1.14503   0.0066193
         889     1.16067     1.14505  0.00661188
         890     1.15924     1.14506  0.00660447
         891     1.15774     1.14508  0.00659707
         892     1.15618     1.14509  0.00658969
         893     1.15455      1.1451  0.00658232
         894     1.15286     1.14511  0.00657496
         895     1.15112     1.14511  0.00656762
         896     1.14931     1.14512  0.00656029
         897     1.14745     1.14512  0.00655298
         898     1.14554     1.14512  0.00654568
         899     1.14357     1.14512   0.0065384
         900     1.14155     1.14512  0.00653114
         901     1.13947     1.14511  0.00652389
         902     1.13734      1.1451  0.00651666
         903     1.13516     1.14509  0.00650946
         904     1.13292     1.14508  0.00650227
         905     1.13063     1.14506   0.0064951
         906     1.12827     1.14504  0.00648796
         907     1.12586     1.14502  0.00648084
         908     1.12338       1.145  0.00647375
         909     1.12083     1.14497  0.00646668
         910     1.11821     1.14494  0.00645964
         911     1.11551     1.14491  0.00645263
         912     1.11273     1.14487  0.00644565
         913     1.10987     1.14484  0.00643871
         914     1.10691     1.14479   0.0064318
         915     1.10386     1.14475  0.00642492
         916      1.1007      1.1447  0.00641809
         917     1.09744     1.14465   0.0064113
         918     1.09407     1.14459  0.00640455
         919     1.09058     1.14454  0.00639785
         920     1.08696     1.14447   0.0063912
         921     1.08322     1.14441  0.00638461
         922     1.07933     1.14434  0.00637808
         923     1.07531     1.14426   0.0063716
         924     1.07113     1.14418   0.0063652
         925     1.06681      1.1441  0.00635887
         926     1.06234     1.14401  0.00635261
         927     1.05771     1.14392  0.00634644
         928     1.05292     1.14382  0.00634036
         929     1.04798     1.14372  0.00633438
         930     1.04289     1.14361  0.00632849
         931     1.03766     1.14349  0.00632272
         932     1.03229     1.14337  0.00631706
         933      1.0268     1.14325  0.00631152
         934      1.0212     1.14312  0.00630612
         935     1.01551     1.14298  0.00630085
         936     1.00975     1.14284  0.00629573
         937     1.00394     1.14269  0.00629075
         938    0.998125     1.14254  0.00628593
         939    0.992324     1.14238  0.00628128
         940    0.986576     1.14221  0.00627678
         941    0.980921     1.14204  0.00627245
         942      0.9754     1.14186  0.00626828
         943    0.970056     1.14168  0.00626428
         944     0.96493     1.14149  0.00626045
         945    0.960066      1.1413  0.00625676
         946    0.955506     1.14111  0.00625323
         947    0.951292     1.14091  0.00624984
         948    0.947464      1.1407  0.00624658
         949    0.944058     1.14049  0.00624343
         950    0.941108     1.14028  0.00624039
         951    0.938643     1.14007  0.00623743
         952    0.936689     1.13986  0.00623453
         953    0.935265     1.13964  0.00623168
         954    0.934388     1.13943  0.00622887
         955    0.934068     1.13921  0.00622605
         956    0.934311       1.139  0.00622323
         957    0.935119     1.13879  0.00622037
         958    0.936486     1.13857  0.00621746
         959    0.938403     1.13837  0.00621448
         960    0.940855     1.13816  0.00621141
         961    0.943823     1.13796  0.00620824
         962    0.947283     1.13776  0.00620495
         963    0.951204     1.13757  0.00620153
         964    0.955549     1.13738  0.00619797
         965    0.960278     1.13719  0.00619426
         966    0.965346     1.13702  0.00619041
         967    0.970708     1.13684  0.00618639
         968    0.976312     1.13668  0.00618222
         969    0.982104     1.13652   0.0061779
         970    0.988031     1.13637  0.00617343
         971     0.99404     1.13622  0.00616881
         972     1.00008     1.13608  0.00616406
         973      1.0061     1.13595  0.00615917
         974     1.01205     1.13582  0.00615416
         975     1.01789      1.1357  0.00614903
         976     1.02358     1.13558  0.00614381
         977      1.0291     1.13547  0.00613848
         978     1.03439     1.13537  0.00613308
         979     1.03946     1.13527   0.0061276
         980     1.04426     1.13518  0.00612205
         981     1.04878     1.13509  0.00611644
         982     1.05301     1.13501  0.00611078
         983     1.05694     1.13493  0.00610508
         984     1.06056     1.13485  0.00609935
         985     1.06386     1.13478  0.00609358
         986     1.06684     1.13471  0.00608779
         987     1.06949     1.13465  0.00608198
         988     1.07182     1.13458  0.00607616
         989     1.07384     1.13452  0.00607032
         990     1.07553     1.13446  0.00606448
         991     1.07692      1.1344  0.00605864
         992       1.078     1.13435   0.0060528
         993     1.07879     1.13429  0.00604696
         994     1.07929     1.13423  0.00604113
         995     1.07951     1.13418  0.00603531
         996     1.07948     1.13412   0.0060295
         997     1.07921     1.13407  0.00602371
         998     1.07871     1.13401  0.00601793
         999     1.07801     1.13396  0.00601216
        1000     1.07714      1.1339  0.00600642
        1001      1.0761     1.13384   0.0060007
        1002     1.07494     1.13378    0.005995
        1003     1.07367     1.13372  0.00598932
        1004     1.07233     1.13366  0.00598367
        1005     1.07093      1.1336  0.00597804
        1006     1.06951     1.13354  0.00597243
        1007      1.0681     1.13347  0.00596686
        1008     1.06671     1.13341   0.0059613
        1009     1.06536     1.13334  0.00595578
        1010     1.06409     1.13327  0.00595028
        1011      1.0629      1.1332   0.0059448
        1012     1.06181     1.13313  0.00593934
        1013     1.06083     1.13306  0.00593391
        1014     1.05996     1.13299  0.00592849
        1015     1.05921     1.13291   0.0059231
        1016     1.05857     1.13284  0.00591772
        1017     1.05804     1.13277  0.00591236
        1018      1.0576     1.13269  0.00590701
        1019     1.05725     1.13262  0.00590168
        1020     1.05696     1.13255  0.00589636
        1021     1.05672     1.13247  0.00589105
        1022     1.05651      1.1324  0.00588576
        1023     1.05629     1.13232  0.00588047
        1024     1.05604     1.13225   0.0058752
        1025     1.05575     1.13217  0.00586994
        1026     1.05537      1.1321   0.0058647
        1027      1.0549     1.13202  0.00585947
        1028     1.05431     1.13195  0.00585426
        1029     1.05357     1.13187  0.00584907
        1030     1.05267     1.13179  0.00584389
        1031      1.0516     1.13172  0.00583874
        1032     1.05033     1.13164  0.00583362
        1033     1.04887     1.13156  0.00582852
        1034     1.04721     1.13148  0.00582345
        1035     1.04535     1.13139  0.00581842
        1036     1.04328     1.13131  0.00581343
        1037     1.04103     1.13122  0.00580847
        1038      1.0386     1.13113  0.00580356
        1039       1.036     1.13104   0.0057987
        1040     1.03326     1.13095  0.00579388
        1041      1.0304     1.13085  0.00578912
        1042     1.02743     1.13075  0.00578442
        1043     1.02439     1.13065  0.00577977
        1044      1.0213     1.13054  0.00577518
        1045      1.0182     1.13044  0.00577066
        1046     1.01511     1.13033  0.00576619
        1047     1.01207     1.13021  0.00576179
        1048     1.00911      1.1301  0.00575745
        1049     1.00625     1.12998  0.00575318
        1050     1.00352     1.12986  0.00574896
        1051     1.00094     1.12974   0.0057448
        1052    0.998545     1.12961  0.00574069
        1053    0.996346     1.12948  0.00573663
        1054     0.99436     1.12936  0.00573262
        1055    0.992596     1.12923  0.00572865
        1056    0.991063      1.1291  0.00572472
        1057    0.989764     1.12896  0.00572082
        1058    0.988698     1.12883  0.00571695
        1059    0.987861      1.1287   0.0057131
        1060    0.987248     1.12857  0.00570927
        1061    0.986845     1.12843  0.00570545
        1062    0.986639      1.1283  0.00570164
        1063    0.986615     1.12816  0.00569784
        1064    0.986756     1.12803  0.00569403
        1065    0.987044      1.1279  0.00569022
        1066     0.98746     1.12777  0.00568641
        1067    0.987983     1.12764  0.00568259
        1068    0.988595     1.12751  0.00567876
        1069    0.989279     1.12738  0.00567492
        1070    0.990019     1.12725  0.00567107
        1071    0.990803     1.12712   0.0056672
        1072    0.991618       1.127  0.00566333
        1073    0.992455     1.12687  0.00565944
        1074    0.993307     1.12675  0.00565553
        1075    0.994167     1.12662  0.00565162
        1076    0.995034      1.1265  0.00564769
        1077    0.995906     1.12638  0.00564375
        1078    0.996785     1.12626  0.00563979
        1079    0.997672     1.12614  0.00563582
        1080    0.998573     1.12602  0.00563184
        1081     0.99949      1.1259  0.00562785
        1082     1.00043     1.12579  0.00562384
        1083      1.0014     1.12567  0.00561982
        1084      1.0024     1.12556  0.00561579
        1085     1.00343     1.12545  0.00561174
        1086     1.00452     1.12534  0.00560768
        1087     1.00565     1.12523   0.0056036
        1088     1.00683     1.12512  0.00559951
        1089     1.00807     1.12501  0.00559539
        1090     1.00938      1.1249  0.00559127
        1091     1.01075      1.1248  0.00558712
        1092     1.01218      1.1247  0.00558296
        1093     1.01369     1.12459  0.00557877
        1094     1.01527     1.12449  0.00557457
        1095     1.01692      1.1244  0.00557034
        1096     1.01865      1.1243  0.00556609
        1097     1.02046      1.1242  0.00556183
        1098     1.02236     1.12411  0.00555753
        1099     1.02433     1.12402  0.00555322
        1100      1.0264     1.12393  0.00554888
        1101     1.02855     1.12385  0.00554452
        1102     1.03079     1.12376  0.00554013
        1103     1.03312     1.12368  0.00553571
        1104     1.03555      1.1236  0.00553128
        1105     1.03807     1.12352  0.00552681
        1106     1.04069     1.12345  0.00552232
        1107     1.04341     1.12337  0.00551781
        1108     1.04622      1.1233  0.00551327
        1109     1.04913     1.12324   0.0055087
        1110     1.05213     1.12317  0.00550411
        1111     1.05523     1.12311  0.00549949
        1112     1.05843     1.12305  0.00549486
        1113     1.06173       1.123   0.0054902
        1114     1.06511     1.12295  0.00548551
        1115     1.06858      1.1229  0.00548081
        1116     1.07214     1.12285  0.00547609
        1117     1.07578     1.12281  0.00547135
        1118      1.0795     1.12277  0.00546659
        1119     1.08328     1.12274  0.00546182
        1120     1.08714     1.12271  0.00545704
        1121     1.09105     1.12268  0.00545224
        1122     1.09502     1.12265  0.00544744
        1123     1.09903     1.12263  0.00544263
        1124     1.10307     1.12261  0.00543781
        1125     1.10715      1.1226    0.005433
        1126     1.11124     1.12259  0.00542818
        1127     1.11534     1.12258  0.00542337
        1128     1.11943     1.12258  0.00541856
        1129      1.1235     1.12258  0.00541376
        1130     1.12755     1.12259  0.00540897
        1131     1.13156     1.12259   0.0054042
        1132     1.13552     1.12261  0.00539943
        1133     1.13941     1.12262  0.00539469
        1134     1.14323     1.12264  0.00538996
        1135     1.14695     1.12266  0.00538526
        1136     1.15057     1.12268  0.00538057
        1137     1.15408     1.12271  0.00537591
        1138     1.15746     1.12274  0.00537127
        1139     1.16069     1.12278  0.00536666
        1140     1.16378     1.12281  0.00536207
        1141     1.16671     1.12285  0.00535751
        1142     1.16946     1.12289  0.00535298
        1143     1.17202     1.12293  0.00534846
        1144     1.17439     1.12298  0.00534398
        1145     1.17656     1.12303  0.00533952
        1146     1.17851     1.12307  0.00533508
        1147     1.18025     1.12312  0.00533066
        1148     1.18175     1.12318  0.00532626
        1149     1.18302     1.12323  0.00532188
        1150     1.18403     1.12328  0.00531751
        1151      1.1848     1.12333  0.00531316
        1152     1.18531     1.12339  0.00530882
        1153     1.18556     1.12344  0.00530449
        1154     1.18554      1.1235  0.00530017
        1155     1.18524     1.12355  0.00529585
        1156     1.18467      1.1236  0.00529153
        1157     1.18383     1.12365  0.00528721
        1158      1.1827      1.1237  0.00528289
        1159      1.1813     1.12375  0.00527857
        1160     1.17961      1.1238  0.00527424
        1161     1.17764     1.12385   0.0052699
        1162      1.1754     1.12389  0.00526555
        1163     1.17287     1.12394  0.00526119
        1164     1.17008     1.12397  0.00525682
        1165     1.16702     1.12401  0.00525244
        1166      1.1637     1.12405  0.00524804
        1167     1.16013     1.12408  0.00524364
        1168     1.15631      1.1241  0.00523922
        1169     1.15227     1.12413   0.0052348
        1170       1.148     1.12415  0.00523036
        1171     1.14354     1.12417  0.00522592
        1172     1.13888     1.12418  0.00522148
        1173     1.13406     1.12419  0.00521703
        1174     1.12907     1.12419  0.00521259
        1175     1.12396     1.12419  0.00520815
        1176     1.11874     1.12419  0.00520373
        1177     1.11343     1.12418  0.00519931
        1178     1.10805     1.12416  0.00519492
        1179     1.10265     1.12414  0.00519054
        1180     1.09724     1.12412   0.0051862
        1181     1.09185     1.12409  0.00518188
        1182     1.08652     1.12406  0.00517759
        1183     1.08128     1.12403  0.00517334
        1184     1.07616     1.12399  0.00516913
        1185      1.0712     1.12394  0.00516496
        1186     1.06643     1.12389  0.00516083
        1187     1.06188     1.12384  0.00515675
        1188      1.0576     1.12379  0.00515271
        1189     1.05361     1.12373  0.00514871
        1190     1.04993     1.12366  0.00514476
        1191     1.04661      1.1236  0.00514085
        1192     1.04367     1.12353  0.00513697
        1193     1.04112     1.12346  0.00513313
        1194       1.039     1.12339  0.00512932
        1195      1.0373     1.12332  0.00512553
        1196     1.03605     1.12325  0.00512176
        1197     1.03524     1.12317  0.00511801
        1198     1.03487      1.1231  0.00511427
        1199     1.03495     1.12303  0.00511054
        1200     1.03545     1.12295   0.0051068
        1201     1.03636     1.12288  0.00510305
        1202     1.03767     1.12281   0.0050993
        1203     1.03934     1.12274  0.00509553
        1204     1.04135     1.12267  0.00509175
        1205     1.04366     1.12261  0.00508795
        1206     1.04624     1.12254  0.00508412
        1207     1.04906     1.12248  0.00508028
        1208     1.05207     1.12243   0.0050764
        1209     1.05523     1.12237  0.00507251
        1210     1.05851     1.12232  0.00506859
        1211     1.06187     1.12227  0.00506465
        1212     1.06527     1.12222  0.00506069
        1213     1.06867     1.12218  0.00505671
        1214     1.07204     1.12213  0.00505272
        1215     1.07535      1.1221   0.0050487
        1216     1.07855     1.12206  0.00504468
        1217     1.08163     1.12203  0.00504064
        1218     1.08455       1.122   0.0050366
        1219      1.0873     1.12197  0.00503255
        1220     1.08984     1.12194  0.00502849
        1221     1.09216     1.12192  0.00502443
        1222     1.09425     1.12189  0.00502037
        1223     1.09608     1.12187  0.00501631
        1224     1.09765     1.12185  0.00501225
        1225     1.09895     1.12184  0.00500819
        1226     1.09997     1.12182  0.00500414
        1227     1.10072      1.1218  0.00500009
        1228     1.10119     1.12178  0.00499605
        1229     1.10138     1.12177  0.00499201
        1230      1.1013     1.12175  0.00498798
        1231     1.10096     1.12173  0.00498396
        1232     1.10037     1.12172  0.00497994
        1233     1.09954      1.1217  0.00497594
        1234      1.0985     1.12168  0.00497194
        1235     1.09726     1.12166  0.00496795
        1236     1.09584     1.12164  0.00496398
        1237     1.09425     1.12162  0.00496001
        1238     1.09254     1.12159  0.00495606
        1239      1.0907     1.12157  0.00495212
        1240     1.08878     1.12154   0.0049482
        1241     1.08678     1.12151  0.00494429
        1242     1.08473     1.12148   0.0049404
        1243     1.08265     1.12145  0.00493653
        1244     1.08054     1.12142  0.00493267
        1245     1.07843     1.12139  0.00492883
        1246     1.07633     1.12135    0.004925
        1247     1.07423     1.12131   0.0049212
        1248     1.07215     1.12127  0.00491741
        1249     1.07008     1.12123  0.00491365
        1250     1.06802     1.12119   0.0049099
        1251     1.06597     1.12114  0.00490617
        1252     1.06392      1.1211  0.00490247
        1253     1.06187     1.12105  0.00489878
        1254      1.0598       1.121  0.00489512
        1255     1.05771     1.12095  0.00489148
        1256     1.05558      1.1209  0.00488786
        1257     1.05342     1.12085  0.00488427
        1258     1.05121     1.12079   0.0048807
        1259     1.04895     1.12073  0.00487716
        1260     1.04664     1.12067  0.00487364
        1261     1.04426     1.12061  0.00487015
        1262     1.04183     1.12055  0.00486669
        1263     1.03936     1.12049  0.00486326
        1264     1.03683     1.12042  0.00485987
        1265     1.03427     1.12035   0.0048565
        1266     1.03169     1.12028  0.00485317
        1267     1.02909     1.12021  0.00484987
        1268     1.02649     1.12014  0.00484661
        1269     1.02391     1.12006  0.00484339
        1270     1.02136     1.11998   0.0048402
        1271     1.01887      1.1199  0.00483704
        1272     1.01645     1.11982  0.00483392
        1273     1.01412     1.11974  0.00483084
        1274      1.0119     1.11966  0.00482779
        1275      1.0098     1.11957  0.00482477
        1276     1.00786     1.11948  0.00482178
        1277     1.00607     1.11939  0.00481883
        1278     1.00446      1.1193  0.00481589
        1279     1.00304     1.11921  0.00481299
        1280     1.00183     1.11912   0.0048101
        1281     1.00082     1.11903  0.00480723
        1282     1.00003     1.11894  0.00480438
        1283    0.999453     1.11884  0.00480154
        1284      0.9991     1.11875   0.0047987
        1285    0.998965     1.11866  0.00479587
        1286    0.999044     1.11856  0.00479305
        1287    0.999331     1.11847  0.00479022
        1288    0.999815     1.11838  0.00478738
        1289     1.00048     1.11829  0.00478454
        1290     1.00133      1.1182  0.00478169
        1291     1.00233     1.11811  0.00477883
        1292     1.00347     1.11802  0.00477596
        1293     1.00473     1.11793  0.00477307
        1294     1.00609     1.11784  0.00477016
        1295     1.00753     1.11776  0.00476724
        1296     1.00903     1.11767   0.0047643
        1297     1.01056     1.11759  0.00476134
        1298     1.01212     1.11751  0.00475836
        1299     1.01367     1.11743  0.00475537
        1300     1.01519     1.11735  0.00475236
        1301     1.01667     1.11727  0.00474934
        1302      1.0181      1.1172  0.00474631
        1303     1.01944     1.11712  0.00474326
        1304     1.02069     1.11705  0.00474019
        1305     1.02183     1.11698  0.00473712
        1306     1.02285      1.1169  0.00473404
        1307     1.02374     1.11683  0.00473096
        1308     1.02449     1.11676  0.00472787
        1309      1.0251     1.11669  0.00472478
        1310     1.02555     1.11662  0.00472168
        1311     1.02584     1.11655  0.00471859
        1312     1.02598     1.11648   0.0047155
        1313     1.02596     1.11642  0.00471241
        1314     1.02577     1.11635  0.00470933
        1315     1.02543     1.11628  0.00470625
        1316     1.02492     1.11621  0.00470319
        1317     1.02426     1.11614  0.00470014
        1318     1.02345     1.11607   0.0046971
        1319     1.02249       1.116  0.00469407
        1320     1.02138     1.11592  0.00469106
        1321     1.02014     1.11585  0.00468807
        1322     1.01876     1.11578   0.0046851
        1323     1.01726      1.1157  0.00468215
        1324     1.01563     1.11563  0.00467922
        1325     1.01388     1.11555  0.00467632
        1326     1.01203     1.11547  0.00467345
        1327     1.01007     1.11539   0.0046706
        1328     1.00801     1.11531  0.00466778
        1329     1.00586     1.11523    0.004665
        1330     1.00363     1.11515  0.00466225
        1331     1.00133     1.11506  0.00465953
        1332    0.998962     1.11497  0.00465684
        1333    0.996546     1.11489   0.0046542
        1334    0.994089      1.1148  0.00465159
        1335    0.991602      1.1147  0.00464902
        1336    0.989101     1.11461  0.00464649
        1337      0.9866     1.11451    0.004644
        1338    0.984114     1.11442  0.00464155
        1339    0.981661     1.11432  0.00463915
        1340    0.979261     1.11422  0.00463678
        1341    0.976933     1.11411  0.00463445
        1342    0.974697     1.11401  0.00463216
        1343    0.972576      1.1139  0.00462991
        1344    0.970591      1.1138  0.00462769
        1345    0.968765     1.11369  0.00462551
        1346    0.967121     1.11358  0.00462335
        1347    0.965679     1.11347  0.00462122
        1348    0.964456     1.11336  0.00461912
        1349    0.963472     1.11325  0.00461703
        1350    0.962743     1.11314  0.00461496
        1351    0.962284     1.11303  0.00461289
        1352    0.962105     1.11291  0.00461083
        1353    0.962214      1.1128  0.00460877
        1354    0.962615     1.11269   0.0046067
        1355     0.96331     1.11258  0.00460462
        1356    0.964299     1.11247  0.00460252
        1357    0.965576     1.11236   0.0046004
        1358    0.967132     1.11226  0.00459826
        1359    0.968953     1.11215  0.00459608
        1360    0.971025     1.11205  0.00459387
        1361    0.973332     1.11195  0.00459163
        1362    0.975852     1.11185  0.00458934
        1363    0.978567     1.11175  0.00458702
        1364    0.981455     1.11165  0.00458465
        1365    0.984491     1.11156  0.00458224
        1366    0.987653     1.11147  0.00457978
        1367    0.990918     1.11138  0.00457728
        1368    0.994265      1.1113  0.00457473
        1369    0.997672     1.11121  0.00457215
        1370     1.00112     1.11113  0.00456951
        1371     1.00459     1.11105  0.00456684
        1372     1.00806     1.11098  0.00456413
        1373     1.01153     1.11091  0.00456138
        1374     1.01498     1.11084   0.0045586
        1375     1.01839     1.11077  0.00455578
        1376     1.02176     1.11071  0.00455292
        1377     1.02508     1.11064  0.00455004
        1378     1.02834     1.11058  0.00454713
        1379     1.03155     1.11053   0.0045442
        1380     1.03469     1.11047  0.00454124
        1381     1.03777     1.11042  0.00453825
        1382     1.04077     1.11037  0.00453525
        1383     1.04371     1.11032  0.00453223
        1384     1.04657     1.11027  0.00452918
        1385     1.04937     1.11023  0.00452613
        1386     1.05209     1.11019  0.00452306
        1387     1.05473     1.11015  0.00451997
        1388      1.0573     1.11011  0.00451688
        1389     1.05979     1.11007  0.00451377
        1390     1.06219     1.11004  0.00451065
        1391     1.06451     1.11001  0.00450753
        1392     1.06674     1.10998   0.0045044
        1393     1.06888     1.10995  0.00450126
        1394     1.07093     1.10992  0.00449812
        1395     1.07288     1.10989  0.00449497
        1396     1.07474     1.10987  0.00449182
        1397      1.0765     1.10984  0.00448867
        1398     1.07817     1.10982  0.00448552
        1399     1.07974      1.1098  0.00448236
        1400     1.08122     1.10978  0.00447921
        1401     1.08261     1.10976  0.00447605
        1402     1.08392     1.10974   0.0044729
        1403     1.08515     1.10972  0.00446975
        1404     1.08632     1.10971  0.00446659
        1405     1.08742     1.10969  0.00446344
        1406     1.08848     1.10967  0.00446029
        1407     1.08949     1.10966  0.00445715
        1408     1.09047     1.10965    0.004454
        1409     1.09144     1.10963  0.00445086
        1410     1.09241     1.10962  0.00444772
        1411     1.09338     1.10961  0.00444458
        1412     1.09437      1.1096  0.00444145
        1413      1.0954     1.10959  0.00443831
        1414     1.09647     1.10958  0.00443519
        1415     1.09759     1.10957  0.00443206
        1416     1.09877     1.10956  0.00442894
        1417     1.10002     1.10956  0.00442582
        1418     1.10134     1.10955   0.0044227
        1419     1.10274     1.10955  0.00441958
        1420     1.10421     1.10954  0.00441647
        1421     1.10575     1.10954  0.00441337
        1422     1.10735     1.10954  0.00441026
        1423     1.10902     1.10954  0.00440716
        1424     1.11073     1.10954  0.00440407
        1425     1.11248     1.10954  0.00440098
        1426     1.11426     1.10954  0.00439789
        1427     1.11604     1.10955  0.00439481
        1428     1.11782     1.10955  0.00439174
        1429     1.11958     1.10956  0.00438867
        1430     1.12129     1.10957  0.00438561
        1431     1.12294     1.10958  0.00438256
        1432     1.12451     1.10959  0.00437951
        1433       1.126      1.1096  0.00437647
        1434     1.12737     1.10961  0.00437343
        1435     1.12862     1.10963  0.00437041
        1436     1.12973     1.10964  0.00436738
        1437      1.1307     1.10966  0.00436437
        1438     1.13152     1.10967  0.00436136
        1439     1.13217     1.10969  0.00435836
        1440     1.13267      1.1097  0.00435536
        1441     1.13299     1.10972  0.00435237
        1442     1.13316     1.10973  0.00434938
        1443     1.13317     1.10975   0.0043464
        1444     1.13303     1.10977  0.00434342
        1445     1.13275     1.10978  0.00434044
        1446     1.13234      1.1098  0.00433747
        1447     1.13181     1.10981   0.0043345
        1448     1.13118     1.10983  0.00433153
        1449     1.13046     1.10984  0.00432856
        1450     1.12967     1.10986   0.0043256
        1451     1.12883     1.10987  0.00432264
        1452     1.12795     1.10988  0.00431968
        1453     1.12705     1.10989  0.00431672
        1454     1.12615     1.10991  0.00431377
        1455     1.12526     1.10992  0.00431081
        1456      1.1244     1.10993  0.00430786
        1457     1.12358     1.10994  0.00430492
        1458     1.12282     1.10994  0.00430197
        1459     1.12212     1.10995  0.00429903
        1460      1.1215     1.10996   0.0042961
        1461     1.12097     1.10997  0.00429316
        1462     1.12052     1.10997  0.00429023
        1463     1.12017     1.10998  0.00428731
        1464     1.11993     1.10999  0.00428438
        1465     1.11978        1.11  0.00428146
        1466     1.11974        1.11  0.00427855
        1467      1.1198     1.11001  0.00427564
        1468     1.11997     1.11002  0.00427273
        1469     1.12024     1.11002  0.00426983
        1470      1.1206     1.11003  0.00426693
        1471     1.12107     1.11004  0.00426403
        1472     1.12162     1.11004  0.00426114
        1473     1.12226     1.11005  0.00425826
        1474     1.12299     1.11006  0.00425538
        1475     1.12378     1.11007   0.0042525
        1476     1.12465     1.11008  0.00424964
        1477     1.12558     1.11009  0.00424677
        1478     1.12656      1.1101  0.00424391
        1479     1.12758     1.11011  0.00424106
        1480     1.12863     1.11013  0.00423821
        1481      1.1297     1.11014  0.00423537
        1482     1.13078     1.11015  0.00423254
        1483     1.13185     1.11017  0.00422971
        1484      1.1329     1.11018  0.00422688
        1485     1.13392      1.1102  0.00422407
        1486     1.13488     1.11022  0.00422126
        1487     1.13578     1.11023  0.00421845
        1488      1.1366     1.11025  0.00421566
        1489     1.13732     1.11027  0.00421287
        1490     1.13792     1.11029  0.00421008
        1491     1.13839     1.11031   0.0042073
        1492     1.13871     1.11033  0.00420452
        1493     1.13887     1.11035  0.00420175
        1494     1.13884     1.11036  0.00419898
        1495     1.13861     1.11038  0.00419621
        1496     1.13818      1.1104  0.00419345
        1497     1.13752     1.11042  0.00419069
        1498     1.13663     1.11044  0.00418793
        1499      1.1355     1.11045  0.00418516
        1500     1.13413     1.11047   0.0041824
        1501     1.13251     1.11048  0.00417964
        1502     1.13065      1.1105  0.00417688
        1503     1.12857     1.11051  0.00417412
        1504     1.12626     1.11052  0.00417136
        1505     1.12374     1.11053   0.0041686
        1506     1.12104     1.11054  0.00416583
        1507     1.11818     1.11054  0.00416307
        1508     1.11518     1.11054  0.00416031
        1509     1.11208     1.11055  0.00415756
        1510      1.1089     1.11054   0.0041548
        1511     1.10569     1.11054  0.00415206
        1512     1.10247     1.11054  0.00414931
        1513     1.09929     1.11053  0.00414658
        1514     1.09617     1.11052  0.00414385
        1515     1.09315     1.11051  0.00414113
        1516     1.09026     1.11049  0.00413842
        1517     1.08752     1.11048  0.00413572
        1518     1.08496     1.11046  0.00413303
        1519     1.08259     1.11044  0.00413035
        1520     1.08042     1.11042  0.00412768
        1521     1.07846      1.1104  0.00412502
        1522     1.07671     1.11038  0.00412237
        1523     1.07517     1.11036  0.00411973
        1524     1.07383     1.11033  0.00411709
        1525     1.07268     1.11031  0.00411447
        1526     1.07171     1.11028  0.00411185
        1527     1.07091     1.11026  0.00410924
        1528     1.07025     1.11023  0.00410663
        1529     1.06972     1.11021  0.00410403
        1530     1.06931     1.11018  0.00410143
        1531     1.06898     1.11015  0.00409884
        1532     1.06874     1.11012  0.00409626
        1533     1.06855      1.1101  0.00409367
        1534     1.06842     1.11007   0.0040911
        1535     1.06833     1.11004  0.00408852
        1536     1.06826     1.11002  0.00408595
        1537     1.06823     1.10999  0.00408338
        1538     1.06821     1.10996  0.00408082
        1539      1.0682     1.10993  0.00407826
        1540     1.06822     1.10991   0.0040757
        1541     1.06824     1.10988  0.00407314
        1542     1.06828     1.10985  0.00407059
        1543     1.06834     1.10983  0.00406804
        1544     1.06842      1.1098   0.0040655
        1545     1.06851     1.10977  0.00406295
        1546     1.06861     1.10975  0.00406041
        1547     1.06873     1.10972  0.00405787
        1548     1.06887     1.10969  0.00405534
        1549     1.06901     1.10967   0.0040528
        1550     1.06916     1.10964  0.00405027
        1551     1.06931     1.10962  0.00404775
        1552     1.06946     1.10959  0.00404522
        1553     1.06959     1.10956   0.0040427
        1554     1.06971     1.10954  0.00404018
        1555      1.0698     1.10951  0.00403766
        1556     1.06987     1.10949  0.00403515
        1557      1.0699     1.10946  0.00403263
        1558     1.06989     1.10944  0.00403013
        1559     1.06983     1.10941  0.00402762
        1560     1.06972     1.10939  0.00402512
        1561     1.06956     1.10936  0.00402262
        1562     1.06934     1.10933  0.00402013
        1563     1.06907     1.10931  0.00401764
        1564     1.06874     1.10928  0.00401515
        1565     1.06835     1.10926  0.00401267
        1566      1.0679     1.10923   0.0040102
        1567      1.0674      1.1092  0.00400773
        1568     1.06685     1.10918  0.00400526
        1569     1.06626     1.10915   0.0040028
        1570     1.06562     1.10912  0.00400035
        1571     1.06495     1.10909   0.0039979
        1572     1.06426     1.10906  0.00399546
        1573     1.06354     1.10904  0.00399303
        1574     1.06282     1.10901   0.0039906
        1575     1.06208     1.10898  0.00398817
        1576     1.06136     1.10895  0.00398576
        1577     1.06064     1.10892  0.00398335
        1578     1.05994     1.10888  0.00398094
        1579     1.05926     1.10885  0.00397855
        1580     1.05862     1.10882  0.00397616
        1581     1.05802     1.10879  0.00397377
        1582     1.05745     1.10876  0.00397139
        1583     1.05693     1.10872  0.00396902
        1584     1.05646     1.10869  0.00396665
        1585     1.05604     1.10866  0.00396429
        1586     1.05567     1.10862  0.00396193
        1587     1.05535     1.10859  0.00395957
        1588     1.05509     1.10856  0.00395722
        1589     1.05488     1.10852  0.00395488
        1590     1.05473     1.10849  0.00395253
        1591     1.05462     1.10846  0.00395019
        1592     1.05456     1.10842  0.00394786
        1593     1.05456     1.10839  0.00394552
        1594     1.05462     1.10835  0.00394319
        1595     1.05473     1.10832  0.00394086
        1596      1.0549     1.10829  0.00393854
        1597     1.05514     1.10825  0.00393621
        1598     1.05546     1.10822  0.00393389
        1599     1.05585     1.10819  0.00393156
        1600     1.05633     1.10816  0.00392924
        1601      1.0569     1.10812  0.00392692
        1602     1.05758     1.10809  0.00392459
        1603     1.05837     1.10806  0.00392227
        1604     1.05927     1.10803  0.00391994
        1605      1.0603       1.108  0.00391761
        1606     1.06145     1.10797  0.00391528
        1607     1.06273     1.10794  0.00391294
        1608     1.06413     1.10792   0.0039106
        1609     1.06565     1.10789  0.00390826
        1610     1.06728     1.10786  0.00390592
        1611     1.06901     1.10784  0.00390357
        1612     1.07083     1.10782  0.00390121
        1613     1.07273      1.1078  0.00389885
        1614     1.07469     1.10778  0.00389649
        1615     1.07669     1.10776  0.00389413
        1616     1.07871     1.10774  0.00389176
        1617     1.08074     1.10772  0.00388939
        1618     1.08275     1.10771  0.00388701
        1619     1.08473     1.10769  0.00388464
        1620     1.08665     1.10768  0.00388226
        1621     1.08852     1.10767  0.00387989
        1622      1.0903     1.10766  0.00387751
        1623     1.09199     1.10765  0.00387513
        1624     1.09357     1.10764  0.00387275
        1625     1.09504     1.10763  0.00387038
        1626     1.09638     1.10762  0.00386801
        1627     1.09759     1.10762  0.00386563
        1628     1.09867     1.10761  0.00386326
        1629      1.0996     1.10761  0.00386089
        1630     1.10038      1.1076  0.00385853
        1631       1.101      1.1076  0.00385616
        1632     1.10148     1.10759   0.0038538
        1633      1.1018     1.10759  0.00385144
        1634     1.10195     1.10759  0.00384909
        1635     1.10195     1.10758  0.00384674
        1636     1.10179     1.10758  0.00384439
        1637     1.10147     1.10758  0.00384204
        1638       1.101     1.10757   0.0038397
        1639     1.10037     1.10757  0.00383736
        1640      1.0996     1.10756  0.00383502
        1641     1.09868     1.10756  0.00383269
        1642     1.09763     1.10755  0.00383036
        1643     1.09646     1.10755  0.00382803
        1644     1.09518     1.10754  0.00382571
        1645      1.0938     1.10753  0.00382339
        1646     1.09234     1.10752  0.00382108
        1647     1.09082     1.10751  0.00381878
        1648     1.08926      1.1075  0.00381647
        1649     1.08768     1.10749  0.00381418
        1650     1.08609     1.10747  0.00381189
        1651     1.08454     1.10746  0.00380961
        1652     1.08303     1.10745  0.00380733
        1653      1.0816     1.10743  0.00380506
        1654     1.08026     1.10741  0.00380279
        1655     1.07904      1.1074  0.00380053
        1656     1.07796     1.10738  0.00379828
        1657     1.07704     1.10736  0.00379603
        1658     1.07628     1.10734  0.00379379
        1659     1.07571     1.10732  0.00379155
        1660     1.07532      1.1073  0.00378931
        1661     1.07513     1.10728  0.00378708
        1662     1.07513     1.10726  0.00378485
        1663     1.07533     1.10725  0.00378263
        1664     1.07571     1.10723   0.0037804
        1665     1.07626     1.10721  0.00377818
        1666     1.07699     1.10719  0.00377595
        1667     1.07786     1.10717  0.00377373
        1668     1.07888     1.10716   0.0037715
        1669     1.08002     1.10714  0.00376928
        1670     1.08127     1.10712  0.00376705
        1671     1.08261     1.10711  0.00376483
        1672     1.08403     1.10709   0.0037626
        1673     1.08552     1.10708  0.00376037
        1674     1.08706     1.10707  0.00375815
        1675     1.08863     1.10706  0.00375592
        1676     1.09024     1.10705  0.00375369
        1677     1.09186     1.10704  0.00375146
        1678      1.0935     1.10703  0.00374924
        1679     1.09514     1.10702  0.00374701
        1680     1.09677     1.10702  0.00374479
        1681      1.0984     1.10701  0.00374256
        1682     1.10001     1.10701  0.00374034
        1683     1.10161     1.10701  0.00373812
        1684     1.10319       1.107   0.0037359
        1685     1.10474       1.107  0.00373368
        1686     1.10627       1.107  0.00373147
        1687     1.10777       1.107  0.00372926
        1688     1.10925       1.107  0.00372705
        1689      1.1107     1.10701  0.00372484
        1690     1.11213     1.10701  0.00372264
        1691     1.11352     1.10701  0.00372044
        1692     1.11488     1.10702  0.00371824
        1693     1.11621     1.10702  0.00371605
        1694     1.11751     1.10703  0.00371386
        1695     1.11877     1.10704  0.00371168
        1696     1.12001     1.10704   0.0037095
        1697     1.12121     1.10705  0.00370732
        1698     1.12238     1.10706  0.00370515
        1699     1.12352     1.10707  0.00370298
        1700     1.12462     1.10708  0.00370082
        1701     1.12569     1.10709  0.00369866
        1702     1.12673      1.1071   0.0036965
        1703     1.12773     1.10712  0.00369435
        1704     1.12869     1.10713   0.0036922
        1705     1.12962     1.10714  0.00369006
        1706      1.1305     1.10716  0.00368792
        1707     1.13134     1.10717  0.00368579
        1708     1.13212     1.10718  0.00368366
        1709     1.13286      1.1072  0.00368154
        1710     1.13354     1.10721  0.00367942
        1711     1.13416     1.10723   0.0036773
        1712     1.13471     1.10725  0.00367519
        1713     1.13519     1.10726  0.00367308
        1714     1.13558     1.10728  0.00367097
        1715     1.13588      1.1073  0.00366887
        1716     1.13609     1.10731  0.00366677
        1717     1.13619     1.10733  0.00366467
        1718     1.13619     1.10735  0.00366258
        1719     1.13606     1.10736  0.00366048
        1720     1.13582     1.10738  0.00365839
        1721     1.13544      1.1074   0.0036563
        1722     1.13493     1.10741  0.00365422
        1723     1.13427     1.10743  0.00365213
        1724     1.13348     1.10744  0.00365004
        1725     1.13254     1.10746  0.00364795
        1726     1.13146     1.10747  0.00364587
        1727     1.13025     1.10748  0.00364378
        1728     1.12891      1.1075  0.00364169
        1729     1.12745     1.10751   0.0036396
        1730     1.12589     1.10752  0.00363752
        1731     1.12424     1.10753  0.00363543
        1732     1.12252     1.10754  0.00363334
        1733     1.12075     1.10754  0.00363125
        1734     1.11896     1.10755  0.00362916
        1735     1.11717     1.10756  0.00362708
        1736     1.11542     1.10756  0.00362499
        1737     1.11372     1.10756   0.0036229
        1738      1.1121     1.10757  0.00362082
        1739      1.1106     1.10757  0.00361874
        1740     1.10923     1.10757  0.00361666
        1741     1.10802     1.10757  0.00361458
        1742     1.10699     1.10757  0.00361251
        1743     1.10614     1.10757  0.00361043
        1744     1.10549     1.10757  0.00360836
        1745     1.10505     1.10757   0.0036063
        1746     1.10482     1.10756  0.00360423
        1747      1.1048     1.10756  0.00360217
        1748     1.10498     1.10756  0.00360011
        1749     1.10535     1.10756  0.00359805
        1750     1.10592     1.10756  0.00359599
        1751     1.10666     1.10756  0.00359394
        1752     1.10756     1.10756  0.00359189
        1753     1.10862     1.10756  0.00358984
        1754     1.10981     1.10756  0.00358779
        1755     1.11114     1.10756  0.00358575
        1756     1.11257     1.10757  0.00358371
        1757     1.11411     1.10757  0.00358167
        1758     1.11573     1.10757  0.00357964
        1759     1.11743     1.10758  0.00357761
        1760     1.11919     1.10759  0.00357558
        1761       1.121     1.10759  0.00357356
        1762     1.12285      1.1076  0.00357154
        1763     1.12474     1.10761  0.00356953
        1764     1.12663     1.10762  0.00356752
        1765     1.12854     1.10764  0.00356552
        1766     1.13044     1.10765  0.00356352
        1767     1.13232     1.10766  0.00356153
        1768     1.13416     1.10768  0.00355955
        1769     1.13597     1.10769  0.00355757
        1770     1.13773     1.10771   0.0035556
        1771     1.13942     1.10773  0.00355364
        1772     1.14105     1.10775  0.00355169
        1773     1.14258     1.10777  0.00354974
        1774     1.14403     1.10779   0.0035478
        1775     1.14537     1.10781  0.00354586
        1776      1.1466     1.10783  0.00354393
        1777     1.14771     1.10785  0.00354201
        1778      1.1487     1.10788  0.00354009
        1779     1.14954      1.1079  0.00353818
        1780     1.15024     1.10792  0.00353627
        1781      1.1508     1.10795  0.00353437
        1782      1.1512     1.10797  0.00353247
        1783     1.15143       1.108  0.00353057
        1784     1.15151     1.10802  0.00352867
        1785     1.15142     1.10804  0.00352678
        1786     1.15115     1.10807  0.00352489
        1787     1.15071     1.10809    0.003523
        1788      1.1501     1.10812   0.0035211
        1789     1.14931     1.10814  0.00351921
        1790     1.14834     1.10816  0.00351732
        1791      1.1472     1.10818  0.00351542
        1792     1.14589      1.1082  0.00351352
        1793     1.14442     1.10822  0.00351162
        1794     1.14278     1.10824  0.00350972
        1795     1.14099     1.10826  0.00350781
        1796     1.13905     1.10828   0.0035059
        1797     1.13698     1.10829  0.00350398
        1798     1.13477     1.10831  0.00350206
        1799     1.13244     1.10832  0.00350014
        1800        1.13     1.10833  0.00349822
        1801     1.12747     1.10835  0.00349629
        1802     1.12485     1.10835  0.00349437
        1803     1.12215     1.10836  0.00349244
        1804     1.11939     1.10837  0.00349051
        1805     1.11657     1.10837  0.00348857
        1806     1.11372     1.10838  0.00348664
        1807     1.11084     1.10838  0.00348471
        1808     1.10794     1.10838  0.00348279
        1809     1.10503     1.10838  0.00348086
        1810     1.10213     1.10837  0.00347894
        1811     1.09924     1.10837  0.00347702
        1812     1.09636     1.10836  0.00347511
        1813     1.09352     1.10835   0.0034732
        1814     1.09071     1.10834   0.0034713
        1815     1.08793     1.10833  0.00346941
        1816     1.08521     1.10832  0.00346752
        1817     1.08252      1.1083  0.00346564
        1818     1.07989     1.10829  0.00346377
        1819     1.07732     1.10827  0.00346191
        1820      1.0748     1.10825  0.00346006
        1821     1.07234     1.10823  0.00345821
        1822     1.06994     1.10821  0.00345638
        1823      1.0676     1.10819  0.00345455
        1824     1.06532     1.10817  0.00345274
        1825     1.06311     1.10814  0.00345094
        1826     1.06096     1.10812  0.00344914
        1827     1.05887     1.10809  0.00344736
        1828     1.05685     1.10806  0.00344559
        1829      1.0549     1.10803  0.00344383
        1830     1.05301       1.108  0.00344208
        1831     1.05118     1.10797  0.00344034
        1832     1.04942     1.10794  0.00343861
        1833     1.04772     1.10791  0.00343689
        1834     1.04609     1.10787  0.00343518
        1835     1.04451     1.10784  0.00343348
        1836     1.04299      1.1078  0.00343179
        1837     1.04153     1.10777  0.00343011
        1838     1.04013     1.10773  0.00342844
        1839     1.03878     1.10769  0.00342679
        1840     1.03749     1.10765  0.00342514
        1841     1.03626     1.10761  0.00342349
        1842     1.03509     1.10758  0.00342186
        1843     1.03398     1.10754  0.00342024
        1844     1.03292      1.1075  0.00341862
        1845     1.03193     1.10745  0.00341702
        1846       1.031     1.10741  0.00341542
        1847     1.03015     1.10737  0.00341382
        1848     1.02936     1.10733  0.00341224
        1849     1.02865     1.10729  0.00341066
        1850     1.02802     1.10724  0.00340908
        1851     1.02747      1.1072  0.00340751
        1852     1.02701     1.10716  0.00340595
        1853     1.02665     1.10711  0.00340439
        1854     1.02638     1.10707  0.00340283
        1855     1.02622     1.10703  0.00340127
        1856     1.02616     1.10698  0.00339972
        1857     1.02621     1.10694  0.00339817
        1858     1.02638      1.1069  0.00339661
        1859     1.02666     1.10685  0.00339506
        1860     1.02706     1.10681  0.00339351
        1861     1.02757     1.10677  0.00339195
        1862     1.02818     1.10673  0.00339039
        1863     1.02891     1.10668  0.00338883
        1864     1.02973     1.10664  0.00338726
        1865     1.03064      1.1066  0.00338569
        1866     1.03164     1.10656  0.00338412
        1867      1.0327     1.10652  0.00338253
        1868     1.03383     1.10648  0.00338095
        1869       1.035     1.10644  0.00337936
        1870     1.03619     1.10641  0.00337776
        1871      1.0374     1.10637  0.00337615
        1872      1.0386     1.10633  0.00337454
        1873     1.03978      1.1063  0.00337293
        1874     1.04092     1.10626  0.00337131
        1875     1.04199     1.10623  0.00336969
        1876     1.04299      1.1062  0.00336806
        1877     1.04388     1.10616  0.00336643
        1878     1.04466     1.10613  0.00336479
        1879      1.0453      1.1061  0.00336316
        1880     1.04578     1.10606  0.00336152
        1881     1.04609     1.10603  0.00335989
        1882     1.04622       1.106  0.00335825
        1883     1.04615     1.10597  0.00335662
        1884     1.04586     1.10594  0.00335499
        1885     1.04535     1.10591  0.00335336
        1886     1.04461     1.10587  0.00335174
        1887     1.04362     1.10584  0.00335013
        1888     1.04239     1.10581  0.00334852
        1889     1.04092     1.10577  0.00334693
        1890      1.0392     1.10574  0.00334534
        1891     1.03724      1.1057  0.00334377
        1892     1.03504     1.10566  0.00334221
        1893     1.03262     1.10562  0.00334067
        1894     1.02998     1.10558  0.00333914
        1895     1.02715     1.10554  0.00333764
        1896     1.02415      1.1055  0.00333615
        1897     1.02098     1.10546  0.00333469
        1898     1.01769     1.10541  0.00333325
        1899      1.0143     1.10536  0.00333184
        1900     1.01084     1.10531  0.00333046
        1901     1.00733     1.10526  0.00332911
        1902     1.00382     1.10521  0.00332779
        1903     1.00033     1.10515  0.00332649
        1904     0.99691     1.10509  0.00332523
        1905    0.993582     1.10504    0.003324
        1906    0.990383     1.10498   0.0033228
        1907    0.987343     1.10491  0.00332163
        1908    0.984493     1.10485  0.00332049
        1909     0.98186     1.10479  0.00331938
        1910    0.979466     1.10472  0.00331829
        1911    0.977332     1.10465  0.00331722
        1912    0.975473     1.10459  0.00331617
        1913    0.973901     1.10452  0.00331514
        1914    0.972625     1.10445  0.00331413
        1915    0.971647     1.10438  0.00331312
        1916     0.97097     1.10431  0.00331212
        1917    0.970589     1.10424  0.00331113
        1918    0.970499     1.10417  0.00331014
        1919     0.97069      1.1041  0.00330914
        1920    0.971152     1.10403  0.00330815
        1921    0.971872     1.10396  0.00330714
        1922    0.972836      1.1039  0.00330612
        1923    0.974031     1.10383  0.00330509
        1924     0.97544     1.10376  0.00330405
        1925    0.977049      1.1037  0.00330299
        1926    0.978843     1.10363  0.00330191
        1927    0.980808     1.10357  0.00330081
        1928     0.98293      1.1035  0.00329969
        1929    0.985197     1.10344  0.00329855
        1930    0.987596     1.10338  0.00329739
        1931    0.990119     1.10332   0.0032962
        1932    0.992755     1.10327  0.00329499
        1933    0.995496     1.10321  0.00329376
        1934    0.998334     1.10316   0.0032925
        1935     1.00126      1.1031  0.00329122
        1936     1.00428     1.10305  0.00328992
        1937     1.00737       1.103  0.00328859
        1938     1.01054     1.10296  0.00328724
        1939     1.01378     1.10291  0.00328587
        1940      1.0171     1.10287  0.00328447
        1941     1.02048     1.10282  0.00328305
        1942     1.02392     1.10278  0.00328161
        1943     1.02742     1.10274  0.00328015
        1944     1.03097     1.10271  0.00327867
        1945     1.03457     1.10267  0.00327717
        1946     1.03822     1.10264  0.00327566
        1947      1.0419     1.10261  0.00327412
        1948     1.04561     1.10258  0.00327257
        1949     1.04935     1.10255  0.00327101
        1950     1.05311     1.10253  0.00326943
        1951     1.05687      1.1025  0.00326784
        1952     1.06064     1.10248  0.00326623
        1953     1.06439     1.10246  0.00326462
        1954     1.06811     1.10244    0.003263
        1955     1.07181     1.10243  0.00326136
        1956     1.07546     1.10241  0.00325973
        1957     1.07905      1.1024  0.00325808
        1958     1.08256     1.10239  0.00325643
        1959       1.086     1.10238  0.00325478
        1960     1.08934     1.10238  0.00325313
        1961     1.09258     1.10237  0.00325147
        1962      1.0957     1.10237  0.00324982
        1963     1.09869     1.10237  0.00324816
        1964     1.10154     1.10237  0.00324651
        1965     1.10424     1.10237  0.00324486
        1966     1.10678     1.10237  0.00324321
        1967     1.10915     1.10237  0.00324156
        1968     1.11134     1.10238  0.00323992
        1969     1.11335     1.10238  0.00323828
        1970     1.11517     1.10239  0.00323664
        1971      1.1168      1.1024  0.00323501
        1972     1.11824     1.10241  0.00323337
        1973     1.11948     1.10241  0.00323175
        1974     1.12053     1.10242  0.00323012
        1975     1.12137     1.10243   0.0032285
        1976     1.12202     1.10244  0.00322688
        1977     1.12248     1.10245  0.00322527
        1978     1.12276     1.10246  0.00322365
        1979     1.12285     1.10247  0.00322204
        1980     1.12276     1.10248  0.00322043
        1981     1.12251     1.10249  0.00321882
        1982      1.1221      1.1025  0.00321721
        1983     1.12154     1.10251   0.0032156
        1984     1.12085     1.10252    0.003214
        1985     1.12003     1.10253  0.00321239
        1986     1.11909     1.10254  0.00321078
        1987     1.11806     1.10255  0.00320918
        1988     1.11693     1.10255  0.00320757
        1989     1.11574     1.10256  0.00320596
        1990     1.11449     1.10257  0.00320436
        1991      1.1132     1.10257  0.00320275
        1992     1.11188     1.10258  0.00320115
        1993     1.11055     1.10258  0.00319954
        1994     1.10922     1.10258  0.00319794
        1995     1.10791     1.10259  0.00319634
        1996     1.10662     1.10259  0.00319474
        1997     1.10538     1.10259  0.00319314
        1998     1.10419     1.10259  0.00319154
        1999     1.10307     1.10259  0.00318995
        2000     1.10202     1.10259  0.00318835
        2001     1.10106     1.10259  0.00318676
        2002     1.10018     1.10259  0.00318517
        2003      1.0994     1.10259  0.00318358
        2004     1.09872     1.10259  0.00318199
        2005     1.09814     1.10258   0.0031804
        2006     1.09766     1.10258  0.00317882
        2007     1.09728     1.10258  0.00317723
        2008       1.097     1.10258  0.00317565
        2009     1.09681     1.10257  0.00317407
        2010     1.09671     1.10257   0.0031725
        2011     1.09668     1.10257  0.00317092
        2012     1.09672     1.10256  0.00316935
        2013     1.09682     1.10256  0.00316777
        2014     1.09696     1.10256   0.0031662
        2015     1.09714     1.10256  0.00316463
        2016     1.09734     1.10255  0.00316306
        2017     1.09755     1.10255  0.00316149
        2018     1.09776     1.10255  0.00315993
        2019     1.09795     1.10255  0.00315836
        2020     1.09811     1.10254   0.0031568
        2021     1.09822     1.10254  0.00315524
        2022     1.09828     1.10254  0.00315368
        2023     1.09828     1.10254  0.00315212
        2024     1.09819     1.10254  0.00315057
        2025     1.09803     1.10253  0.00314901
        2026     1.09777     1.10253  0.00314746
        2027     1.09741     1.10253  0.00314591
        2028     1.09694     1.10253  0.00314436
        2029     1.09637     1.10252  0.00314281
        2030     1.09567     1.10252  0.00314126
        2031     1.09487     1.10252  0.00313972
        2032     1.09394     1.10251  0.00313817
        2033      1.0929     1.10251  0.00313663
        2034     1.09174      1.1025   0.0031351
        2035     1.09048      1.1025  0.00313356
        2036      1.0891     1.10249  0.00313203
        2037     1.08763     1.10248   0.0031305
        2038     1.08606     1.10247  0.00312897
        2039     1.08441     1.10246  0.00312745
        2040     1.08268     1.10246  0.00312593
        2041     1.08089     1.10244  0.00312442
        2042     1.07904     1.10243  0.00312291
        2043     1.07716     1.10242  0.00312141
        2044     1.07525     1.10241  0.00311991
        2045     1.07333     1.10239  0.00311842
        2046     1.07141     1.10238  0.00311693
        2047     1.06951     1.10236  0.00311545
        2048     1.06765     1.10235  0.00311397
        2049     1.06582     1.10233   0.0031125
        2050     1.06407     1.10231  0.00311104
        2051     1.06238     1.10229  0.00310958
        2052     1.06079     1.10227  0.00310813
        2053      1.0593     1.10225  0.00310669
        2054     1.05792     1.10223  0.00310525
        2055     1.05667      1.1022  0.00310382
        2056     1.05554     1.10218   0.0031024
        2057     1.05456     1.10216  0.00310097
        2058     1.05372     1.10213  0.00309956
        2059     1.05304     1.10211  0.00309814
        2060      1.0525     1.10209  0.00309673
        2061     1.05211     1.10206  0.00309532
        2062     1.05187     1.10204  0.00309392
        2063     1.05177     1.10201  0.00309252
        2064      1.0518     1.10199  0.00309111
        2065     1.05196     1.10197  0.00308971
        2066     1.05223     1.10194  0.00308831
        2067      1.0526     1.10192  0.00308691
        2068     1.05305     1.10189   0.0030855
        2069     1.05358     1.10187   0.0030841
        2070     1.05415     1.10185   0.0030827
        2071     1.05476     1.10182  0.00308129
        2072     1.05539      1.1018  0.00307989
        2073     1.05602     1.10178  0.00307848
        2074     1.05662     1.10176  0.00307707
        2075     1.05719     1.10174  0.00307567
        2076     1.05769     1.10172  0.00307426
        2077     1.05813     1.10169  0.00307285
        2078     1.05848     1.10167  0.00307144
        2079     1.05872     1.10165  0.00307003
        2080     1.05885     1.10163  0.00306863
        2081     1.05885     1.10161  0.00306722
        2082     1.05871     1.10159  0.00306582
        2083     1.05843     1.10157  0.00306441
        2084       1.058     1.10155  0.00306302
        2085     1.05742     1.10153  0.00306162
        2086     1.05669     1.10151  0.00306023
        2087     1.05582     1.10149  0.00305884
        2088     1.05481     1.10146  0.00305746
        2089     1.05367     1.10144  0.00305608
        2090     1.05242     1.10142  0.00305471
        2091     1.05108     1.10139  0.00305334
        2092     1.04965     1.10137  0.00305198
        2093     1.04817     1.10134  0.00305063
        2094     1.04665     1.10132  0.00304928
        2095     1.04513     1.10129  0.00304795
        2096     1.04363     1.10126  0.00304662
        2097     1.04217     1.10123  0.00304529
        2098      1.0408      1.1012  0.00304398
        2099     1.03953     1.10118  0.00304267
        2100     1.03839     1.10115  0.00304137
        2101     1.03741     1.10112  0.00304007
        2102     1.03661     1.10108  0.00303878
        2103     1.03601     1.10105  0.00303749
        2104     1.03562     1.10102  0.00303621
        2105     1.03547     1.10099  0.00303492
        2106     1.03554     1.10096  0.00303364
        2107     1.03585     1.10093  0.00303236
        2108      1.0364      1.1009  0.00303108
        2109     1.03718     1.10087  0.00302979
        2110     1.03819     1.10084   0.0030285
        2111      1.0394     1.10081   0.0030272
        2112     1.04081     1.10078   0.0030259
        2113     1.04239     1.10075   0.0030246
        2114     1.04413     1.10073  0.00302329
        2115     1.04601      1.1007  0.00302197
        2116     1.04801     1.10068  0.00302064
        2117     1.05009     1.10065  0.00301931
        2118     1.05225     1.10063  0.00301797
        2119     1.05445     1.10061  0.00301663
        2120     1.05667     1.10059  0.00301527
        2121      1.0589     1.10057  0.00301392
        2122      1.0611     1.10055  0.00301255
        2123     1.06325     1.10053  0.00301119
        2124     1.06535     1.10051  0.00300981
        2125     1.06736      1.1005  0.00300844
        2126     1.06926     1.10048  0.00300706
        2127     1.07105     1.10047  0.00300568
        2128      1.0727     1.10046  0.00300429
        2129      1.0742     1.10045  0.00300291
        2130     1.07554     1.10043  0.00300152
        2131      1.0767     1.10042  0.00300013
        2132     1.07768     1.10041  0.00299874
        2133     1.07846      1.1004  0.00299735
        2134     1.07905     1.10039  0.00299597
        2135     1.07944     1.10038  0.00299458
        2136     1.07963     1.10037  0.00299319
        2137     1.07962     1.10036  0.00299181
        2138     1.07943     1.10035  0.00299043
        2139     1.07906     1.10034  0.00298904
        2140     1.07852     1.10033  0.00298766
        2141     1.07782     1.10032  0.00298629
        2142     1.07699     1.10031  0.00298491
        2143     1.07604      1.1003  0.00298354
        2144     1.07498     1.10029  0.00298217
        2145     1.07385     1.10028  0.00298081
        2146     1.07266     1.10026  0.00297945
        2147     1.07143     1.10025  0.00297809
        2148     1.07018     1.10023  0.00297674
        2149     1.06894     1.10022  0.00297539
        2150     1.06772     1.10021  0.00297404
        2151     1.06653     1.10019   0.0029727
        2152     1.06539     1.10017  0.00297136
        2153     1.06431     1.10016  0.00297003
        2154      1.0633     1.10014   0.0029687
        2155     1.06236     1.10012  0.00296737
        2156      1.0615      1.1001  0.00296605
        2157     1.06071     1.10009  0.00296473
        2158     1.05999     1.10007  0.00296342
        2159     1.05933     1.10005   0.0029621
        2160     1.05874     1.10003   0.0029608
        2161     1.05819     1.10001  0.00295949
        2162     1.05768     1.09999  0.00295818
        2163      1.0572     1.09997  0.00295688
        2164     1.05673     1.09995  0.00295558
        2165     1.05627     1.09993  0.00295429
        2166     1.05581     1.09991  0.00295299
        2167     1.05534     1.09989   0.0029517
        2168     1.05486     1.09987  0.00295041
        2169     1.05435     1.09985  0.00294913
        2170     1.05382     1.09983  0.00294785
        2171     1.05327     1.09981  0.00294657
        2172     1.05269     1.09978  0.00294529
        2173     1.05208     1.09976  0.00294402
        2174     1.05145     1.09974  0.00294275
        2175      1.0508     1.09972  0.00294148
        2176     1.05014     1.09969  0.00294021
        2177     1.04947     1.09967  0.00293895
        2178     1.04881     1.09965   0.0029377
        2179     1.04816     1.09962  0.00293645
        2180     1.04753      1.0996   0.0029352
        2181     1.04694     1.09958  0.00293395
        2182      1.0464     1.09955  0.00293271
        2183     1.04591     1.09953  0.00293146
        2184     1.04548      1.0995  0.00293023
        2185     1.04513     1.09948  0.00292899
        2186     1.04487     1.09945  0.00292776
        2187      1.0447     1.09943  0.00292653
        2188     1.04464      1.0994   0.0029253
        2189     1.04469     1.09938  0.00292407
        2190     1.04485     1.09935  0.00292284
        2191     1.04514     1.09933  0.00292161
        2192     1.04555      1.0993  0.00292038
        2193      1.0461     1.09928  0.00291915
        2194     1.04677     1.09925  0.00291791
        2195     1.04758     1.09923  0.00291668
        2196     1.04851     1.09921  0.00291544
        2197     1.04957     1.09919   0.0029142
        2198     1.05076     1.09916  0.00291296
        2199     1.05206     1.09914  0.00291172
        2200     1.05348     1.09912  0.00291047
        2201       1.055      1.0991  0.00290921
        2202     1.05661     1.09908  0.00290796
        2203     1.05832     1.09906  0.00290669
        2204     1.06011     1.09905  0.00290543
        2205     1.06198     1.09903  0.00290416
        2206      1.0639     1.09901  0.00290289
        2207     1.06588       1.099  0.00290161
        2208      1.0679     1.09898  0.00290033
        2209     1.06996     1.09897  0.00289905
        2210     1.07204     1.09896  0.00289776
        2211     1.07413     1.09895  0.00289647
        2212     1.07623     1.09894  0.00289518
        2213     1.07833     1.09893  0.00289389
        2214     1.08042     1.09892  0.00289259
        2215     1.08248     1.09891   0.0028913
        2216     1.08452     1.09891     0.00289
        2217     1.08653      1.0989   0.0028887
        2218      1.0885      1.0989   0.0028874
        2219     1.09042     1.09889   0.0028861
        2220     1.09229     1.09889  0.00288481
        2221     1.09411     1.09889  0.00288351
        2222     1.09588     1.09889  0.00288221
        2223     1.09758     1.09888  0.00288091
        2224     1.09922     1.09888  0.00287962
        2225      1.1008     1.09889  0.00287832
        2226     1.10231     1.09889  0.00287703
        2227     1.10377     1.09889  0.00287574
        2228     1.10516     1.09889  0.00287445
        2229     1.10649      1.0989  0.00287316
        2230     1.10777      1.0989  0.00287188
        2231     1.10898      1.0989  0.00287059
        2232     1.11015     1.09891  0.00286931
        2233     1.11126     1.09891  0.00286803
        2234     1.11232     1.09892  0.00286676
        2235     1.11333     1.09893  0.00286548
        2236     1.11429     1.09893  0.00286421
        2237      1.1152     1.09894  0.00286294
        2238     1.11605     1.09895  0.00286167
        2239     1.11686     1.09896   0.0028604
        2240     1.11761     1.09897  0.00285914
        2241     1.11829     1.09897  0.00285787
        2242     1.11891     1.09898  0.00285661
        2243     1.11946     1.09899  0.00285535
        2244     1.11992       1.099   0.0028541
        2245      1.1203     1.09901  0.00285284
        2246     1.12057     1.09902  0.00285159
        2247     1.12073     1.09903  0.00285033
        2248     1.12078     1.09904  0.00284908
        2249      1.1207     1.09905  0.00284783
        2250     1.12047     1.09906  0.00284658
        2251      1.1201     1.09907  0.00284533
        2252     1.11956     1.09908  0.00284408
        2253     1.11885     1.09909  0.00284283
        2254     1.11797     1.09909  0.00284159
        2255     1.11689      1.0991  0.00284034
        2256     1.11562     1.09911  0.00283909
        2257     1.11415     1.09912  0.00283784
        2258     1.11248     1.09912  0.00283659
        2259     1.11061     1.09913  0.00283533
        2260     1.10854     1.09913  0.00283408
        2261     1.10626     1.09913  0.00283283
        2262      1.1038     1.09914  0.00283158
        2263     1.10115     1.09914  0.00283033
        2264     1.09832     1.09914  0.00282908
        2265     1.09532     1.09914  0.00282783
        2266     1.09217     1.09913  0.00282658
        2267     1.08888     1.09913  0.00282534
        2268     1.08547     1.09912   0.0028241
        2269     1.08195     1.09911  0.00282287
        2270     1.07834     1.09911  0.00282164
        2271     1.07466     1.09909  0.00282042
        2272     1.07093     1.09908   0.0028192
        2273     1.06716     1.09907    0.002818
        2274     1.06339     1.09905   0.0028168
        2275     1.05962     1.09903  0.00281562
        2276     1.05588     1.09902  0.00281444
        2277     1.05218       1.099  0.00281328
        2278     1.04856     1.09897  0.00281213
        2279     1.04502     1.09895    0.002811
        2280     1.04158     1.09892  0.00280988
        2281     1.03826      1.0989  0.00280877
        2282     1.03508     1.09887  0.00280768
        2283     1.03204     1.09884   0.0028066
        2284     1.02917     1.09881  0.00280554
        2285     1.02648     1.09878  0.00280449
        2286     1.02397     1.09875  0.00280346
        2287     1.02166     1.09871  0.00280243
        2288     1.01956     1.09868  0.00280142
        2289     1.01768     1.09864  0.00280042
        2290     1.01602     1.09861  0.00279943
        2291     1.01459     1.09857  0.00279845
        2292     1.01339     1.09853  0.00279748
        2293     1.01244     1.09849  0.00279651
        2294     1.01174     1.09846  0.00279554
        2295     1.01129     1.09842  0.00279458
        2296      1.0111     1.09838  0.00279363
        2297     1.01116     1.09834  0.00279267
        2298     1.01149      1.0983  0.00279171
        2299     1.01207     1.09827  0.00279075
        2300     1.01291     1.09823  0.00278978
        2301     1.01401     1.09819  0.00278881
        2302     1.01536     1.09816  0.00278783
        2303     1.01695     1.09812  0.00278684
        2304     1.01876     1.09809  0.00278584
        2305     1.02079     1.09805  0.00278484
        2306     1.02302     1.09802  0.00278382
        2307     1.02543     1.09799  0.00278279
        2308     1.02799     1.09796  0.00278175
        2309     1.03068     1.09793   0.0027807
        2310     1.03347      1.0979  0.00277963
        2311     1.03634     1.09788  0.00277856
        2312     1.03924     1.09785  0.00277747
        2313     1.04215     1.09783  0.00277638
        2314     1.04504      1.0978  0.00277527
        2315     1.04788     1.09778  0.00277415
        2316     1.05063     1.09776  0.00277303
        2317     1.05326     1.09774   0.0027719
        2318     1.05575     1.09772  0.00277076
        2319     1.05808     1.09771  0.00276962
        2320     1.06023     1.09769  0.00276848
        2321     1.06217     1.09768  0.00276733
        2322      1.0639     1.09766  0.00276617
        2323     1.06541     1.09765  0.00276502
        2324     1.06669     1.09763  0.00276386
        2325     1.06775     1.09762   0.0027627
        2326     1.06858     1.09761  0.00276154
        2327     1.06919      1.0976  0.00276038
        2328      1.0696     1.09759  0.00275922
        2329     1.06982     1.09757  0.00275806
        2330     1.06985     1.09756   0.0027569
        2331     1.06973     1.09755  0.00275575
        2332     1.06947     1.09754  0.00275459
        2333     1.06908     1.09753  0.00275344
        2334      1.0686     1.09751  0.00275229
        2335     1.06804      1.0975  0.00275114
        2336     1.06742     1.09749  0.00274999
        2337     1.06677     1.09747  0.00274884
        2338      1.0661     1.09746   0.0027477
        2339     1.06544     1.09745  0.00274656
        2340      1.0648     1.09743  0.00274542
        2341      1.0642     1.09742  0.00274429
        2342     1.06367      1.0974  0.00274315
        2343     1.06321     1.09739  0.00274202
        2344     1.06284     1.09737  0.00274089
        2345     1.06257     1.09736  0.00273976
        2346     1.06242     1.09735  0.00273863
        2347     1.06238     1.09733  0.00273751
        2348     1.06247     1.09732  0.00273638
        2349     1.06269      1.0973  0.00273526
        2350     1.06306     1.09729  0.00273413
        2351     1.06357     1.09727  0.00273301
        2352     1.06422     1.09726  0.00273188
        2353     1.06502     1.09724  0.00273075
        2354     1.06596     1.09723  0.00272963
        2355     1.06704     1.09722   0.0027285
        2356     1.06824     1.09721  0.00272737
        2357     1.06956     1.09719  0.00272623
        2358     1.07099     1.09718   0.0027251
        2359     1.07251     1.09717  0.00272397
        2360     1.07411     1.09716  0.00272283
        2361     1.07576     1.09715  0.00272169
        2362     1.07744     1.09715  0.00272055
        2363     1.07914     1.09714  0.00271941
        2364     1.08083     1.09713  0.00271827
        2365     1.08248     1.09712  0.00271713
        2366     1.08406     1.09712  0.00271598
        2367     1.08556     1.09711  0.00271484
        2368     1.08694     1.09711   0.0027137
        2369     1.08817     1.09711  0.00271255
        2370     1.08923      1.0971  0.00271141
        2371     1.09008      1.0971  0.00271027
        2372     1.09071      1.0971  0.00270913
        2373     1.09109     1.09709  0.00270799
        2374     1.09119     1.09709  0.00270685
        2375     1.09101     1.09709  0.00270571
        2376      1.0905     1.09709  0.00270457
        2377     1.08968     1.09708  0.00270344
        2378     1.08851     1.09708   0.0027023
        2379       1.087     1.09708  0.00270117
        2380     1.08513     1.09707  0.00270004
        2381     1.08291     1.09706  0.00269891
        2382     1.08035     1.09706  0.00269779
        2383     1.07745     1.09705  0.00269667
        2384     1.07422     1.09704  0.00269555
        2385     1.07069     1.09703  0.00269445
        2386     1.06688     1.09702  0.00269335
        2387     1.06283       1.097  0.00269226
        2388     1.05858     1.09699  0.00269118
        2389     1.05416     1.09697  0.00269011
        2390     1.04964     1.09695  0.00268906
        2391     1.04506     1.09693  0.00268802
        2392     1.04048      1.0969    0.002687
        2393     1.03597     1.09688    0.002686
        2394     1.03158     1.09685  0.00268502
        2395     1.02737     1.09682  0.00268405
        2396     1.02341     1.09679  0.00268311
        2397     1.01973     1.09676  0.00268218
        2398     1.01639     1.09672  0.00268127
        2399     1.01342     1.09669  0.00268038
        2400     1.01086     1.09665   0.0026795
        2401     1.00872     1.09662  0.00267863
        2402     1.00701     1.09658  0.00267778
        2403     1.00572     1.09654  0.00267693
        2404     1.00486      1.0965  0.00267609
        2405      1.0044     1.09647  0.00267525
        2406     1.00431     1.09643  0.00267441
        2407     1.00456     1.09639  0.00267357
        2408     1.00513     1.09635  0.00267273
        2409     1.00597     1.09631  0.00267189
        2410     1.00705     1.09628  0.00267103
        2411     1.00832     1.09624  0.00267017
        2412     1.00976      1.0962  0.00266931
        2413     1.01133     1.09617  0.00266843
        2414     1.01299     1.09614  0.00266755
        2415     1.01472      1.0961  0.00266666
        2416      1.0165     1.09607  0.00266576
        2417      1.0183     1.09604  0.00266485
        2418     1.02009       1.096  0.00266393
        2419     1.02188     1.09597  0.00266301
        2420     1.02363     1.09594  0.00266208
        2421     1.02535     1.09592  0.00266114
        2422     1.02701     1.09589  0.00266019
        2423     1.02862     1.09586  0.00265924
        2424     1.03017     1.09583  0.00265828
        2425     1.03165     1.09581  0.00265731
        2426     1.03307     1.09578  0.00265634
        2427     1.03442     1.09575  0.00265537
        2428     1.03572     1.09573  0.00265439
        2429     1.03695     1.09571  0.00265341
        2430     1.03814     1.09568  0.00265242
        2431     1.03928     1.09566  0.00265143
        2432     1.04038     1.09564  0.00265044
        2433     1.04146     1.09561  0.00264944
        2434     1.04252     1.09559  0.00264844
        2435     1.04358     1.09557  0.00264744
        2436     1.04465     1.09555  0.00264644
        2437     1.04573     1.09553  0.00264543
        2438     1.04684     1.09551  0.00264442
        2439     1.04799     1.09549  0.00264341
        2440     1.04918     1.09547  0.00264239
        2441     1.05044     1.09545  0.00264138
        2442     1.05175     1.09543  0.00264036
        2443     1.05313     1.09542  0.00263933
        2444     1.05458      1.0954   0.0026383
        2445     1.05609     1.09538  0.00263727
        2446     1.05766     1.09537  0.00263624
        2447     1.05929     1.09535  0.00263521
        2448     1.06097     1.09534  0.00263417
        2449     1.06269     1.09533  0.00263312
        2450     1.06444     1.09531  0.00263208
        2451      1.0662      1.0953  0.00263103
        2452     1.06797     1.09529  0.00262998
        2453     1.06973     1.09528  0.00262893
        2454     1.07146     1.09527  0.00262788
        2455     1.07316     1.09526  0.00262682
        2456     1.07481     1.09525  0.00262577
        2457      1.0764     1.09525  0.00262471
        2458     1.07792     1.09524  0.00262365
        2459     1.07937     1.09523  0.00262259
        2460     1.08075     1.09523  0.00262153
        2461     1.08204     1.09522  0.00262047
        2462     1.08325     1.09522  0.00261941
        2463     1.08439     1.09521  0.00261835
        2464     1.08545     1.09521  0.00261729
        2465     1.08644      1.0952  0.00261623
        2466     1.08737      1.0952  0.00261518
        2467     1.08823      1.0952  0.00261412
        2468     1.08905      1.0952  0.00261306
        2469     1.08983     1.09519    0.002612
        2470     1.09057     1.09519  0.00261094
        2471     1.09128     1.09519  0.00260989
        2472     1.09197     1.09519  0.00260883
        2473     1.09264     1.09519  0.00260778
        2474      1.0933     1.09519  0.00260672
        2475     1.09394     1.09519  0.00260567
        2476     1.09458     1.09519  0.00260462
        2477     1.09522     1.09519  0.00260357
        2478     1.09584     1.09519  0.00260252
        2479     1.09646     1.09519  0.00260147
        2480     1.09707     1.09519  0.00260042
        2481     1.09767     1.09519  0.00259937
        2482     1.09824     1.09519  0.00259832
        2483      1.0988     1.09519  0.00259728
        2484     1.09932     1.09519  0.00259623
        2485     1.09982      1.0952  0.00259519
        2486     1.10028      1.0952  0.00259414
        2487     1.10069      1.0952   0.0025931
        2488     1.10105      1.0952  0.00259206
        2489     1.10136      1.0952  0.00259102
        2490     1.10161     1.09521  0.00258998
        2491     1.10179     1.09521  0.00258894
        2492     1.10191     1.09521  0.00258791
        2493     1.10195     1.09521  0.00258687
        2494     1.10192     1.09522  0.00258583
        2495     1.10182     1.09522   0.0025848
        2496     1.10164     1.09522  0.00258376
        2497     1.10139     1.09523  0.00258273
        2498     1.10107     1.09523   0.0025817
        2499     1.10067     1.09523  0.00258067
        2500     1.10021     1.09523  0.00257963
        2501     1.09968     1.09523   0.0025786
        2502      1.0991     1.09523  0.00257757
        2503     1.09846     1.09524  0.00257654
        2504     1.09778     1.09524  0.00257551
        2505     1.09707     1.09524  0.00257449
        2506     1.09632     1.09524  0.00257346
        2507     1.09555     1.09524  0.00257243
        2508     1.09478     1.09524  0.00257141
        2509     1.09401     1.09524  0.00257038
        2510     1.09325     1.09524  0.00256936
        2511     1.09252     1.09524  0.00256834
        2512     1.09183     1.09523  0.00256731
        2513      1.0912     1.09523  0.00256629
        2514     1.09063     1.09523  0.00256527
        2515     1.09014     1.09523  0.00256425
        2516     1.08974     1.09523  0.00256323
        2517     1.08946     1.09522  0.00256222
        2518      1.0893     1.09522   0.0025612
        2519     1.08927     1.09522  0.00256019
        2520     1.08939     1.09522  0.00255917
        2521     1.08967     1.09522  0.00255816
        2522     1.09013     1.09521  0.00255714
        2523     1.09075     1.09521  0.00255613
        2524     1.09157     1.09521  0.00255512
        2525     1.09257     1.09521  0.00255411
        2526     1.09376     1.09521  0.00255309
        2527     1.09514     1.09521  0.00255208
        2528     1.09671     1.09521  0.00255107
        2529     1.09846     1.09521  0.00255007
        2530     1.10039     1.09521  0.00254906
        2531     1.10249     1.09522  0.00254805
        2532     1.10474     1.09522  0.00254705
        2533     1.10714     1.09522  0.00254605
        2534     1.10966     1.09523  0.00254505
        2535     1.11228     1.09524  0.00254406
        2536       1.115     1.09524  0.00254306
        2537     1.11778     1.09525  0.00254208
        2538      1.1206     1.09526   0.0025411
        2539     1.12345     1.09527  0.00254012
        2540     1.12629     1.09529  0.00253915
        2541     1.12912      1.0953  0.00253818
        2542     1.13189     1.09531  0.00253723
        2543      1.1346     1.09533  0.00253628
        2544     1.13723     1.09535  0.00253533
        2545     1.13975     1.09536   0.0025344
        2546     1.14214     1.09538  0.00253347
        2547     1.14439      1.0954  0.00253255
        2548     1.14649     1.09542  0.00253163
        2549     1.14842     1.09544  0.00253072
        2550     1.15017     1.09546  0.00252982
        2551     1.15173     1.09549  0.00252893
        2552     1.15308     1.09551  0.00252804
        2553     1.15424     1.09553  0.00252715
        2554     1.15518     1.09555  0.00252627
        2555     1.15591     1.09558  0.00252539
        2556     1.15641      1.0956  0.00252451
        2557      1.1567     1.09563  0.00252364
        2558     1.15677     1.09565  0.00252277
        2559     1.15661     1.09567  0.00252189
        2560     1.15624      1.0957  0.00252102
        2561     1.15565     1.09572  0.00252014
        2562     1.15485     1.09574  0.00251927
        2563     1.15384     1.09577  0.00251838
        2564     1.15262     1.09579   0.0025175
        2565      1.1512     1.09581  0.00251661
        2566     1.14959     1.09583  0.00251572
        2567     1.14779     1.09585  0.00251482
        2568      1.1458     1.09587  0.00251391
        2569     1.14364     1.09589  0.00251301
        2570     1.14132     1.09591  0.00251209
        2571     1.13884     1.09592  0.00251117
        2572     1.13621     1.09594  0.00251024
        2573     1.13344     1.09595  0.00250931
        2574     1.13054     1.09597  0.00250837
        2575     1.12752     1.09598  0.00250742
        2576      1.1244     1.09599  0.00250647
        2577     1.12118       1.096  0.00250552
        2578     1.11787     1.09601  0.00250456
        2579     1.11448     1.09602   0.0025036
        2580     1.11103     1.09602  0.00250264
        2581     1.10753     1.09603  0.00250167
        2582     1.10398     1.09603  0.00250071
        2583      1.1004     1.09603  0.00249974
        2584     1.09679     1.09603  0.00249877
        2585     1.09316     1.09603  0.00249781
        2586     1.08953     1.09603  0.00249684
        2587      1.0859     1.09602  0.00249588
        2588     1.08227     1.09602  0.00249492
        2589     1.07867     1.09601  0.00249397
        2590     1.07508       1.096  0.00249302
        2591     1.07153     1.09599  0.00249207
        2592     1.06802     1.09598  0.00249113
        2593     1.06454     1.09597   0.0024902
        2594     1.06112     1.09596  0.00248928
        2595     1.05776     1.09594  0.00248836
        2596     1.05446     1.09593  0.00248745
        2597     1.05123     1.09591  0.00248656
        2598     1.04808     1.09589  0.00248567
        2599     1.04501     1.09587  0.00248479
        2600     1.04204     1.09585  0.00248392
        2601     1.03917     1.09583  0.00248306
        2602     1.03641     1.09581  0.00248221
        2603     1.03377     1.09578  0.00248137
        2604     1.03126     1.09576  0.00248054
        2605     1.02888     1.09573  0.00247972
        2606     1.02666     1.09571  0.00247891
        2607      1.0246     1.09568  0.00247811
        2608     1.02271     1.09565  0.00247732
        2609       1.021     1.09562  0.00247654
        2610     1.01947     1.09559  0.00247576
        2611     1.01814     1.09556  0.00247499
        2612       1.017     1.09553  0.00247422
        2613     1.01608      1.0955  0.00247346
        2614     1.01536     1.09547  0.00247271
        2615     1.01485     1.09544  0.00247195
        2616     1.01455     1.09541   0.0024712
        2617     1.01447     1.09538  0.00247045
        2618     1.01459     1.09535   0.0024697
        2619     1.01491     1.09532  0.00246895
        2620     1.01542     1.09529  0.00246819
        2621     1.01612     1.09526  0.00246744
        2622       1.017     1.09523  0.00246668
        2623     1.01803      1.0952  0.00246591
        2624     1.01922     1.09517  0.00246514
        2625     1.02053     1.09514  0.00246437
        2626     1.02196     1.09511  0.00246359
        2627      1.0235     1.09509   0.0024628
        2628     1.02512     1.09506  0.00246201
        2629     1.02682     1.09503  0.00246121
        2630     1.02857     1.09501   0.0024604
        2631     1.03036     1.09498  0.00245959
        2632     1.03218     1.09496  0.00245877
        2633     1.03402     1.09494  0.00245794
        2634     1.03586     1.09491  0.00245711
        2635      1.0377     1.09489  0.00245628
        2636     1.03952     1.09487  0.00245543
        2637     1.04131     1.09485  0.00245459
        2638     1.04307     1.09483  0.00245374
        2639     1.04478     1.09481  0.00245288
        2640     1.04646     1.09479  0.00245202
        2641     1.04808     1.09478  0.00245115
        2642     1.04965     1.09476  0.00245029
        2643     1.05117     1.09474  0.00244941
        2644     1.05262     1.09473  0.00244854
        2645     1.05403     1.09471  0.00244766
        2646     1.05537      1.0947  0.00244678
        2647     1.05665     1.09468   0.0024459
        2648     1.05787     1.09467  0.00244502
        2649     1.05904     1.09465  0.00244413
        2650     1.06014     1.09464  0.00244324
        2651     1.06119     1.09463  0.00244235
        2652     1.06218     1.09462  0.00244146
        2653     1.06311      1.0946  0.00244057
        2654     1.06398     1.09459  0.00243968
        2655     1.06479     1.09458  0.00243879
        2656     1.06554     1.09457  0.00243789
        2657     1.06622     1.09456    0.002437
        2658     1.06684     1.09455   0.0024361
        2659     1.06738     1.09454  0.00243521
        2660     1.06784     1.09453  0.00243431
        2661     1.06823     1.09452  0.00243342
        2662     1.06854     1.09451  0.00243252
        2663     1.06875      1.0945  0.00243163
        2664     1.06888     1.09449  0.00243074
        2665     1.06892     1.09448  0.00242984
        2666     1.06887     1.09447  0.00242895
        2667     1.06873     1.09446  0.00242806
        2668     1.06851     1.09445  0.00242717
        2669      1.0682     1.09444  0.00242628
        2670     1.06782     1.09443  0.00242539
        2671     1.06737     1.09442   0.0024245
        2672     1.06686     1.09441  0.00242362
        2673     1.06631      1.0944  0.00242273
        2674     1.06573     1.09439  0.00242185
        2675     1.06514     1.09438  0.00242097
        2676     1.06455     1.09437  0.00242009
        2677     1.06399     1.09436  0.00241922
        2678     1.06347     1.09435  0.00241834
        2679     1.06302     1.09433  0.00241747
        2680     1.06266     1.09432  0.00241659
        2681     1.06241     1.09431  0.00241572
        2682     1.06229      1.0943  0.00241485
        2683     1.06232     1.09429  0.00241398
        2684     1.06252     1.09427  0.00241311
        2685     1.06291     1.09426  0.00241224
        2686      1.0635     1.09425  0.00241137
        2687     1.06431     1.09424  0.00241049
        2688     1.06533     1.09423  0.00240962
        2689     1.06658     1.09422  0.00240875
        2690     1.06805     1.09421  0.00240787
        2691     1.06975      1.0942  0.00240699
        2692     1.07167     1.09419  0.00240611
        2693     1.07381     1.09418  0.00240523
        2694     1.07614     1.09418  0.00240435
        2695     1.07866     1.09417  0.00240346
        2696     1.08135     1.09417  0.00240258
        2697     1.08419     1.09416  0.00240169
        2698     1.08716     1.09416   0.0024008
        2699     1.09023     1.09416  0.00239991
        2700     1.09339     1.09416  0.00239902
        2701     1.09661     1.09416  0.00239813
        2702     1.09986     1.09416  0.00239725
        2703     1.10313     1.09417  0.00239636
        2704     1.10637     1.09417  0.00239548
        2705     1.10958     1.09418   0.0023946
        2706     1.11272     1.09418  0.00239373
        2707     1.11577     1.09419  0.00239286
        2708     1.11871      1.0942  0.00239199
        2709     1.12151     1.09421  0.00239113
        2710     1.12416     1.09422  0.00239027
        2711     1.12664     1.09423  0.00238942
        2712     1.12894     1.09425  0.00238857
        2713     1.13103     1.09426  0.00238773
        2714      1.1329     1.09427  0.00238689
        2715     1.13454     1.09429  0.00238606
        2716     1.13594      1.0943  0.00238523
        2717     1.13708     1.09432  0.00238441
        2718     1.13796     1.09434  0.00238358
        2719     1.13857     1.09435  0.00238276
        2720      1.1389     1.09437  0.00238194
        2721     1.13895     1.09438  0.00238112
        2722     1.13871      1.0944   0.0023803
        2723     1.13819     1.09442  0.00237948
        2724     1.13738     1.09443  0.00237866
        2725      1.1363     1.09445  0.00237784
        2726     1.13494     1.09446  0.00237701
        2727     1.13332     1.09448  0.00237618
        2728     1.13144     1.09449  0.00237535
        2729     1.12933      1.0945  0.00237452
        2730       1.127     1.09451  0.00237368
        2731     1.12447     1.09453  0.00237283
        2732     1.12176     1.09454  0.00237198
        2733     1.11891     1.09454  0.00237113
        2734     1.11593     1.09455  0.00237028
        2735     1.11287     1.09456  0.00236942
        2736     1.10975     1.09456  0.00236856
        2737     1.10661     1.09457   0.0023677
        2738     1.10349     1.09457  0.00236684
        2739     1.10042     1.09457  0.00236598
        2740     1.09743     1.09458  0.00236511
        2741     1.09455     1.09458  0.00236425
        2742     1.09182     1.09457  0.00236339
        2743     1.08925     1.09457  0.00236253
        2744     1.08688     1.09457  0.00236167
        2745     1.08471     1.09457  0.00236081
        2746     1.08276     1.09456  0.00235995
        2747     1.08104     1.09456   0.0023591
        2748     1.07955     1.09455  0.00235825
        2749     1.07828     1.09455   0.0023574
        2750     1.07722     1.09454  0.00235655
        2751     1.07637     1.09453   0.0023557
        2752     1.07571     1.09453  0.00235485
        2753     1.07521     1.09452  0.00235401
        2754     1.07487     1.09451  0.00235317
        2755     1.07465      1.0945  0.00235232
        2756     1.07454      1.0945  0.00235148
        2757     1.07451     1.09449  0.00235064
        2758     1.07454     1.09448   0.0023498
        2759     1.07461     1.09448  0.00234896
        2760     1.07469     1.09447  0.00234812
        2761     1.07478     1.09446  0.00234728
        2762     1.07486     1.09445  0.00234644
        2763      1.0749     1.09445   0.0023456
        2764     1.07491     1.09444  0.00234476
        2765     1.07487     1.09443  0.00234392
        2766     1.07478     1.09443  0.00234309
        2767     1.07463     1.09442  0.00234225
        2768     1.07441     1.09441  0.00234142
        2769     1.07413      1.0944  0.00234058
        2770     1.07378      1.0944  0.00233975
        2771     1.07337     1.09439  0.00233892
        2772     1.07289     1.09438  0.00233809
        2773     1.07234     1.09437  0.00233726
        2774     1.07174     1.09437  0.00233643
        2775     1.07107     1.09436   0.0023356
        2776     1.07035     1.09435  0.00233478
        2777     1.06958     1.09434  0.00233395
        2778     1.06876     1.09433  0.00233313
        2779     1.06791     1.09432  0.00233231
        2780     1.06701     1.09431  0.00233149
        2781     1.06608      1.0943  0.00233068
        2782     1.06513     1.09429  0.00232986
        2783     1.06415     1.09428  0.00232905
        2784     1.06315     1.09427  0.00232824
        2785     1.06215     1.09426  0.00232743
        2786     1.06113     1.09424  0.00232663
        2787     1.06012     1.09423  0.00232582
        2788     1.05912     1.09422  0.00232502
        2789     1.05812     1.09421  0.00232423
        2790     1.05714     1.09419  0.00232343
        2791     1.05619     1.09418  0.00232264
        2792     1.05526     1.09417  0.00232185
        2793     1.05436     1.09415  0.00232106
        2794     1.05351     1.09414  0.00232028
        2795     1.05269     1.09412  0.00231949
        2796     1.05193     1.09411  0.00231871
        2797     1.05122     1.09409  0.00231794
        2798     1.05056     1.09408  0.00231716
        2799     1.04997     1.09406  0.00231638
        2800     1.04943     1.09404  0.00231561
        2801     1.04896     1.09403  0.00231484
        2802     1.04855     1.09401  0.00231407
        2803     1.04821       1.094   0.0023133
        2804     1.04794     1.09398  0.00231254
        2805     1.04773     1.09396  0.00231177
        2806     1.04759     1.09395  0.00231101
        2807     1.04751     1.09393  0.00231024
        2808     1.04749     1.09391  0.00230948
        2809     1.04753      1.0939  0.00230872
        2810     1.04763     1.09388  0.00230795
        2811     1.04778     1.09386  0.00230719
        2812     1.04797     1.09385  0.00230643
        2813     1.04821     1.09383  0.00230566
        2814     1.04849     1.09382   0.0023049
        2815      1.0488      1.0938  0.00230414
        2816     1.04913     1.09378  0.00230337
        2817     1.04949     1.09377  0.00230261
        2818     1.04986     1.09375  0.00230185
        2819     1.05025     1.09374  0.00230108
        2820     1.05064     1.09372  0.00230032
        2821     1.05103     1.09371  0.00229955
        2822     1.05141     1.09369  0.00229878
        2823     1.05179     1.09368  0.00229802
        2824     1.05216     1.09366  0.00229725
        2825      1.0525     1.09365  0.00229648
        2826     1.05282     1.09363  0.00229572
        2827     1.05311     1.09362  0.00229495
        2828     1.05338      1.0936  0.00229418
        2829     1.05361     1.09359  0.00229342
        2830      1.0538     1.09358  0.00229265
        2831     1.05396     1.09356  0.00229188
        2832     1.05408     1.09355  0.00229111
        2833     1.05415     1.09353  0.00229035
        2834     1.05418     1.09352  0.00228958
        2835     1.05416     1.09351  0.00228882
        2836     1.05409     1.09349  0.00228805
        2837     1.05398     1.09348  0.00228729
        2838     1.05382     1.09346  0.00228652
        2839     1.05361     1.09345  0.00228576
        2840     1.05335     1.09344    0.002285
        2841     1.05304     1.09342  0.00228424
        2842     1.05268     1.09341  0.00228348
        2843     1.05226     1.09339  0.00228272
        2844      1.0518     1.09338  0.00228197
        2845     1.05128     1.09336  0.00228121
        2846     1.05071     1.09335  0.00228046
        2847     1.05009     1.09333  0.00227971
        2848     1.04942     1.09332  0.00227896
        2849      1.0487      1.0933  0.00227822
        2850     1.04792     1.09329  0.00227747
        2851      1.0471     1.09327  0.00227673
        2852     1.04623     1.09325  0.00227599
        2853      1.0453     1.09324  0.00227526
        2854     1.04433     1.09322  0.00227453
        2855      1.0433      1.0932   0.0022738
        2856     1.04222     1.09319  0.00227307
        2857      1.0411     1.09317  0.00227235
        2858     1.03993     1.09315  0.00227163
        2859     1.03871     1.09313  0.00227091
        2860     1.03744     1.09311   0.0022702
        2861     1.03612     1.09309   0.0022695
        2862     1.03476     1.09307   0.0022688
        2863     1.03335     1.09305   0.0022681
        2864      1.0319     1.09303  0.00226741
        2865     1.03041     1.09301  0.00226672
        2866     1.02888     1.09298  0.00226604
        2867      1.0273     1.09296  0.00226537
        2868      1.0257     1.09294   0.0022647
        2869     1.02406     1.09291  0.00226404
        2870      1.0224     1.09289  0.00226338
        2871     1.02071     1.09286  0.00226273
        2872       1.019     1.09284  0.00226209
        2873     1.01729     1.09281  0.00226146
        2874     1.01556     1.09278  0.00226083
        2875     1.01385     1.09276  0.00226021
        2876     1.01214     1.09273   0.0022596
        2877     1.01045      1.0927  0.00225899
        2878     1.00879     1.09267   0.0022584
        2879     1.00718     1.09264  0.00225781
        2880     1.00562     1.09261  0.00225722
        2881     1.00412     1.09258  0.00225665
        2882     1.00271     1.09255  0.00225608
        2883     1.00138     1.09252  0.00225552
        2884     1.00016     1.09249  0.00225497
        2885    0.999063     1.09245  0.00225442
        2886    0.998096     1.09242  0.00225387
        2887    0.997275     1.09239  0.00225333
        2888    0.996614     1.09235   0.0022528
        2889    0.996126     1.09232  0.00225226
        2890    0.995824     1.09229  0.00225173
        2891    0.995719     1.09225   0.0022512
        2892    0.995819     1.09222  0.00225067
        2893    0.996134     1.09219  0.00225014
        2894    0.996669     1.09215   0.0022496
        2895    0.997429     1.09212  0.00224906
        2896    0.998416     1.09209  0.00224852
        2897    0.999632     1.09206  0.00224797
        2898     1.00108     1.09203  0.00224741
        2899     1.00274       1.092  0.00224685
        2900     1.00463     1.09197  0.00224627
        2901     1.00673     1.09194  0.00224569
        2902     1.00903     1.09191   0.0022451
        2903     1.01152     1.09188   0.0022445
        2904     1.01418     1.09185  0.00224388
        2905     1.01702     1.09183  0.00224326
        2906        1.02      1.0918  0.00224262
        2907     1.02312     1.09178  0.00224198
        2908     1.02636     1.09176  0.00224132
        2909      1.0297     1.09173  0.00224065
        2910     1.03313     1.09171  0.00223997
        2911     1.03663      1.0917  0.00223928
        2912     1.04019     1.09168  0.00223858
        2913     1.04379     1.09166  0.00223787
        2914     1.04743     1.09165  0.00223716
        2915     1.05107     1.09163  0.00223643
        2916     1.05471     1.09162   0.0022357
        2917     1.05834     1.09161  0.00223496
        2918     1.06193      1.0916  0.00223422
        2919     1.06549     1.09159  0.00223347
        2920       1.069     1.09158  0.00223272
        2921     1.07244     1.09158  0.00223197
        2922     1.07581     1.09157  0.00223121
        2923      1.0791     1.09157  0.00223045
        2924     1.08228     1.09156  0.00222969
        2925     1.08536     1.09156  0.00222893
        2926     1.08831     1.09156  0.00222817
        2927     1.09114     1.09156  0.00222741
        2928     1.09383     1.09156  0.00222665
        2929     1.09638     1.09156  0.00222589
        2930     1.09877     1.09156  0.00222513
        2931       1.101     1.09157  0.00222437
        2932     1.10306     1.09157  0.00222362
        2933     1.10494     1.09158  0.00222286
        2934     1.10665     1.09158  0.00222211
        2935     1.10817     1.09159  0.00222136
        2936     1.10951     1.09159  0.00222061
        2937     1.11065      1.0916  0.00221987
        2938     1.11161     1.09161  0.00221912
        2939     1.11236     1.09161  0.00221838
        2940     1.11292     1.09162  0.00221763
        2941     1.11329     1.09163  0.00221689
        2942     1.11347     1.09163  0.00221615
        2943     1.11346     1.09164  0.00221541
        2944     1.11327     1.09165  0.00221467
        2945     1.11288     1.09166  0.00221393
        2946     1.11232     1.09166  0.00221319
        2947     1.11157     1.09167  0.00221245
        2948     1.11065     1.09168  0.00221171
        2949     1.10956     1.09168  0.00221097
        2950     1.10831     1.09169  0.00221022
        2951     1.10689     1.09169  0.00220948
        2952     1.10532      1.0917  0.00220874
        2953      1.1036      1.0917  0.00220799
        2954     1.10173     1.09171  0.00220725
        2955     1.09971     1.09171   0.0022065
        2956     1.09756     1.09171  0.00220576
        2957     1.09527     1.09171  0.00220501
        2958     1.09286     1.09171  0.00220427
        2959     1.09033     1.09171  0.00220352
        2960     1.08768     1.09171  0.00220278
        2961     1.08493     1.09171  0.00220204
        2962     1.08208      1.0917  0.00220129
        2963     1.07914      1.0917  0.00220056
        2964     1.07613      1.0917  0.00219982
        2965     1.07305     1.09169  0.00219909
        2966     1.06992     1.09168  0.00219836
        2967     1.06675     1.09167  0.00219763
        2968     1.06356     1.09166  0.00219691
        2969     1.06036     1.09165   0.0021962
        2970     1.05716     1.09164  0.00219549
        2971     1.05399     1.09163  0.00219479
        2972     1.05086     1.09162  0.00219409
        2973     1.04779      1.0916   0.0021934
        2974      1.0448     1.09158  0.00219272
        2975      1.0419     1.09157  0.00219205
        2976     1.03911     1.09155  0.00219138
        2977     1.03644     1.09153  0.00219072
        2978     1.03392     1.09151  0.00219007
        2979     1.03155     1.09149  0.00218943
        2980     1.02936     1.09147   0.0021888
        2981     1.02734     1.09145  0.00218817
        2982     1.02551     1.09143  0.00218755
        2983     1.02388     1.09141  0.00218693
        2984     1.02245     1.09138  0.00218632
        2985     1.02124     1.09136  0.00218571
        2986     1.02024     1.09133  0.00218511
        2987     1.01944     1.09131  0.00218451
        2988     1.01886     1.09129  0.00218391
        2989     1.01848     1.09126  0.00218332
        2990     1.01829     1.09124  0.00218273
        2991     1.01829     1.09121  0.00218213
        2992     1.01847     1.09119  0.00218154
        2993     1.01881     1.09116  0.00218094
        2994     1.01931     1.09114  0.00218035
        2995     1.01993     1.09112  0.00217975
        2996     1.02066     1.09109  0.00217915
        2997      1.0215     1.09107  0.00217854
        2998     1.02241     1.09105  0.00217794
        2999     1.02338     1.09102  0.00217733
        3000     1.02439       1.091  0.00217672
        3001     1.02543     1.09098   0.0021761
        3002     1.02647     1.09096  0.00217548
        3003      1.0275     1.09094  0.00217486
        3004     1.02851     1.09092  0.00217424
        3005     1.02949      1.0909  0.00217361
        3006     1.03043     1.09088  0.00217298
        3007     1.03133     1.09086  0.00217235
        3008     1.03219     1.09084  0.00217171
        3009     1.03301     1.09082  0.00217107
        3010      1.0338      1.0908  0.00217044
        3011     1.03458     1.09078   0.0021698
        3012     1.03535     1.09076  0.00216915
        3013     1.03614     1.09074  0.00216851
        3014     1.03696     1.09073  0.00216786
        3015     1.03782     1.09071  0.00216721
        3016     1.03876     1.09069  0.00216656
        3017     1.03979     1.09067  0.00216591
        3018     1.04092     1.09066  0.00216526
        3019     1.04218     1.09064   0.0021646
        3020     1.04357     1.09063  0.00216394
        3021      1.0451     1.09061  0.00216328
        3022     1.04677      1.0906  0.00216261
        3023     1.04859     1.09058  0.00216194
        3024     1.05055     1.09057  0.00216126
        3025     1.05264     1.09056  0.00216058
        3026     1.05486     1.09055   0.0021599
        3027     1.05718     1.09053  0.00215922
        3028     1.05958     1.09052  0.00215853
        3029     1.06206     1.09051  0.00215784
        3030     1.06458     1.09051  0.00215714
        3031     1.06714      1.0905  0.00215644
        3032     1.06969     1.09049  0.00215574
        3033     1.07224     1.09049  0.00215504
        3034     1.07475     1.09048  0.00215434
        3035     1.07722     1.09048  0.00215363
        3036     1.07962     1.09047  0.00215292
        3037     1.08194     1.09047  0.00215222
        3038     1.08417     1.09047  0.00215151
        3039     1.08631     1.09047   0.0021508
        3040     1.08833     1.09047   0.0021501
        3041     1.09025     1.09047  0.00214939
        3042     1.09206     1.09047  0.00214868
        3043     1.09374     1.09047  0.00214798
        3044      1.0953     1.09047  0.00214727
        3045     1.09674     1.09047  0.00214657
        3046     1.09806     1.09047  0.00214586
        3047     1.09926     1.09048  0.00214516
        3048     1.10035     1.09048  0.00214446
        3049     1.10132     1.09048  0.00214376
        3050     1.10218     1.09049  0.00214306
        3051     1.10293     1.09049  0.00214236
        3052     1.10358      1.0905  0.00214166
        3053     1.10413      1.0905  0.00214097
        3054     1.10459      1.0905  0.00214027
        3055     1.10496     1.09051  0.00213958
        3056     1.10525     1.09051  0.00213888
        3057     1.10547     1.09052  0.00213819
        3058     1.10562     1.09052  0.00213749
        3059     1.10572     1.09053   0.0021368
        3060     1.10577     1.09053  0.00213611
        3061     1.10578     1.09054  0.00213542
        3062     1.10576     1.09054  0.00213472
        3063     1.10572     1.09055  0.00213403
        3064     1.10567     1.09055  0.00213334
        3065     1.10561     1.09056  0.00213265
        3066     1.10557     1.09056  0.00213196
        3067     1.10553     1.09057  0.00213127
        3068     1.10553     1.09057  0.00213058
        3069     1.10556     1.09058  0.00212989
        3070     1.10562     1.09058  0.00212921
        3071     1.10573     1.09059  0.00212852
        3072      1.1059     1.09059  0.00212783
        3073     1.10611      1.0906  0.00212715
        3074     1.10638      1.0906  0.00212646
        3075      1.1067     1.09061  0.00212577
        3076     1.10708     1.09061  0.00212509
        3077     1.10751     1.09062  0.00212441
        3078     1.10798     1.09062  0.00212372
        3079      1.1085     1.09063  0.00212304
        3080     1.10905     1.09064  0.00212236
        3081     1.10961     1.09064  0.00212168
        3082     1.11019     1.09065    0.002121
        3083     1.11077     1.09066  0.00212032
        3084     1.11134     1.09066  0.00211965
        3085     1.11188     1.09067  0.00211897
        3086     1.11238     1.09068   0.0021183
        3087     1.11283     1.09068  0.00211762
        3088     1.11321     1.09069  0.00211695
        3089     1.11351      1.0907  0.00211628
        3090     1.11372     1.09071  0.00211561
        3091     1.11382     1.09071  0.00211493
        3092      1.1138     1.09072  0.00211426
        3093     1.11366     1.09073  0.00211359
        3094     1.11338     1.09074  0.00211292
        3095     1.11294     1.09074  0.00211225
        3096     1.11236     1.09075  0.00211158
        3097     1.11161     1.09076  0.00211091
        3098     1.11069     1.09076  0.00211024
        3099     1.10961     1.09077  0.00210957
        3100     1.10835     1.09077  0.00210889
        3101     1.10691     1.09078  0.00210822
        3102     1.10531     1.09078  0.00210755
        3103     1.10353     1.09079  0.00210687
        3104     1.10158     1.09079  0.00210619
        3105     1.09946     1.09079  0.00210552
        3106     1.09719      1.0908  0.00210484
        3107     1.09476      1.0908  0.00210416
        3108     1.09218      1.0908  0.00210349
        3109     1.08947      1.0908  0.00210281
        3110     1.08664      1.0908  0.00210213
        3111     1.08368     1.09079  0.00210146
        3112     1.08062     1.09079  0.00210079
        3113     1.07746     1.09079  0.00210012
        3114     1.07422     1.09078  0.00209945
        3115     1.07092     1.09077  0.00209878
        3116     1.06755     1.09077  0.00209812
        3117     1.06414     1.09076  0.00209747
        3118     1.06071     1.09075  0.00209682
        3119     1.05725     1.09074  0.00209617
        3120      1.0538     1.09073  0.00209553
        3121     1.05036     1.09071   0.0020949
        3122     1.04694      1.0907  0.00209428
        3123     1.04356     1.09068  0.00209366
        3124     1.04023     1.09067  0.00209306
        3125     1.03696     1.09065  0.00209246
        3126     1.03377     1.09063  0.00209187
        3127     1.03065     1.09061  0.00209128
        3128     1.02763     1.09059  0.00209071
        3129     1.02471     1.09057  0.00209015
        3130      1.0219     1.09055   0.0020896
        3131      1.0192     1.09053  0.00208906
        3132     1.01662      1.0905  0.00208852
        3133     1.01416     1.09048    0.002088
        3134     1.01182     1.09045  0.00208748
        3135     1.00962     1.09043  0.00208698
        3136     1.00754      1.0904  0.00208648
        3137     1.00558     1.09038  0.00208599
        3138     1.00375     1.09035   0.0020855
        3139     1.00204     1.09032  0.00208503
        3140     1.00045     1.09029  0.00208456
        3141    0.998964     1.09026   0.0020841
        3142    0.997584     1.09023  0.00208365
        3143    0.996301      1.0902   0.0020832
        3144     0.99511     1.09017  0.00208276
        3145    0.994002     1.09014  0.00208232
        3146    0.992968     1.09011  0.00208188
        3147       0.992     1.09008  0.00208146
        3148    0.991091     1.09005  0.00208103
        3149     0.99023     1.09002  0.00208061
        3150    0.989411     1.08998   0.0020802
        3151    0.988627     1.08995  0.00207979
        3152    0.987869     1.08992  0.00207938
        3153    0.987131     1.08989  0.00207898
        3154    0.986405     1.08985  0.00207857
        3155    0.985685     1.08982  0.00207818
        3156    0.984968     1.08979  0.00207779
        3157    0.984247     1.08976   0.0020774
        3158    0.983518     1.08972  0.00207701
        3159    0.982778     1.08969  0.00207663
        3160    0.982024     1.08965  0.00207625
        3161    0.981255     1.08962  0.00207588
        3162     0.98047     1.08958  0.00207551
        3163     0.97967     1.08955  0.00207514
        3164    0.978857     1.08952  0.00207478
        3165    0.978028     1.08948  0.00207443
        3166    0.977187     1.08944  0.00207407
        3167    0.976337     1.08941  0.00207373
        3168    0.975479     1.08937  0.00207338
        3169    0.974617     1.08934  0.00207305
        3170    0.973754      1.0893  0.00207271
        3171    0.972893     1.08926  0.00207238
        3172     0.97204     1.08923  0.00207206
        3173    0.971199     1.08919  0.00207174
        3174    0.970377     1.08915  0.00207143
        3175    0.969578     1.08911  0.00207112
        3176     0.96881     1.08908  0.00207081
        3177    0.968078     1.08904  0.00207051
        3178    0.967392       1.089  0.00207021
        3179    0.966757     1.08896  0.00206992
        3180    0.966185     1.08892  0.00206963
        3181    0.965685     1.08888  0.00206934
        3182    0.965269     1.08885  0.00206905
        3183     0.96495     1.08881  0.00206877
        3184     0.96474     1.08877  0.00206848
        3185    0.964652     1.08873   0.0020682
        3186      0.9647     1.08869  0.00206792
        3187      0.9649     1.08865  0.00206764
        3188    0.965264     1.08861  0.00206735
        3189    0.965807     1.08857  0.00206706
        3190    0.966541     1.08854  0.00206677
        3191    0.967476      1.0885  0.00206647
        3192     0.96862     1.08846  0.00206616
        3193    0.969978     1.08842  0.00206585
        3194    0.971552     1.08839  0.00206552
        3195    0.973339     1.08835  0.00206519
        3196    0.975333     1.08831  0.00206485
        3197    0.977525     1.08828  0.00206449
        3198    0.979898     1.08825  0.00206412
        3199    0.982432     1.08821  0.00206374
        3200    0.985106     1.08818  0.00206335
        3201    0.987895     1.08815  0.00206294
        3202    0.990773     1.08812  0.00206252
        3203     0.99371     1.08809  0.00206209
        3204    0.996676     1.08806  0.00206164
        3205    0.999644     1.08803  0.00206119
        3206     1.00259     1.08801  0.00206072
        3207     1.00548     1.08798  0.00206023
        3208      1.0083     1.08796  0.00205974
        3209     1.01103     1.08793  0.00205924
        3210     1.01366     1.08791  0.00205873
        3211     1.01618     1.08789  0.00205821
        3212     1.01859     1.08787  0.00205768
        3213     1.02087     1.08784  0.00205714
        3214     1.02305     1.08782   0.0020566
        3215     1.02511      1.0878  0.00205606
        3216     1.02709     1.08779   0.0020555
        3217     1.02898     1.08777  0.00205495
        3218      1.0308     1.08775  0.00205438
        3219     1.03257     1.08773  0.00205382
        3220     1.03429     1.08772  0.00205325
        3221     1.03599      1.0877  0.00205267
        3222     1.03767     1.08768  0.00205209
        3223     1.03934     1.08767  0.00205151
        3224     1.04101     1.08766  0.00205093
        3225     1.04269     1.08764  0.00205034
        3226     1.04437     1.08763  0.00204975
        3227     1.04606     1.08761  0.00204915
        3228     1.04775      1.0876  0.00204855
        3229     1.04944     1.08759  0.00204795
        3230     1.05111     1.08758  0.00204735
        3231     1.05277     1.08757  0.00204674
        3232      1.0544     1.08756  0.00204614
        3233     1.05598     1.08755  0.00204553
        3234     1.05751     1.08754  0.00204492
        3235     1.05897     1.08753   0.0020443
        3236     1.06035     1.08752  0.00204369
        3237     1.06163     1.08751  0.00204307
        3238     1.06281     1.08751  0.00204246
        3239     1.06387      1.0875  0.00204184
        3240     1.06481     1.08749  0.00204122
        3241      1.0656     1.08749   0.0020406
        3242     1.06624     1.08748  0.00203998
        3243     1.06672     1.08747  0.00203936
        3244     1.06703     1.08747  0.00203874
        3245     1.06716     1.08746  0.00203813
        3246      1.0671     1.08745  0.00203751
        3247     1.06685     1.08745  0.00203689
        3248     1.06641     1.08744  0.00203627
        3249     1.06577     1.08743  0.00203566
        3250     1.06492     1.08743  0.00203504
        3251     1.06388     1.08742  0.00203443
        3252     1.06263     1.08741  0.00203382
        3253     1.06119      1.0874  0.00203321
        3254     1.05955      1.0874   0.0020326
        3255     1.05773     1.08739    0.002032
        3256     1.05573     1.08738   0.0020314
        3257     1.05357     1.08737   0.0020308
        3258     1.05125     1.08736  0.00203021
        3259      1.0488     1.08734  0.00202962
        3260     1.04622     1.08733  0.00202904
        3261     1.04354     1.08732  0.00202846
        3262     1.04078      1.0873  0.00202789
        3263     1.03795     1.08729  0.00202732
        3264     1.03509     1.08727  0.00202676
        3265     1.03221     1.08726  0.00202621
        3266     1.02935     1.08724  0.00202567
        3267     1.02652     1.08722  0.00202514
        3268     1.02376      1.0872  0.00202461
        3269     1.02109     1.08718  0.00202409
        3270     1.01853     1.08716  0.00202358
        3271     1.01612     1.08714  0.00202308
        3272     1.01388     1.08711  0.00202258
        3273     1.01183     1.08709   0.0020221
        3274        1.01     1.08707  0.00202162
        3275     1.00841     1.08704  0.00202114
        3276     1.00706     1.08702  0.00202067
        3277     1.00599     1.08699  0.00202021
        3278      1.0052     1.08697  0.00201974
        3279      1.0047     1.08694  0.00201928
        3280     1.00451     1.08692  0.00201882
        3281     1.00462     1.08689  0.00201837
        3282     1.00503     1.08687   0.0020179
        3283     1.00575     1.08684  0.00201744
        3284     1.00677     1.08682  0.00201697
        3285     1.00809      1.0868   0.0020165
        3286     1.00968     1.08677  0.00201603
        3287     1.01154     1.08675  0.00201554
        3288     1.01366     1.08673  0.00201505
        3289     1.01601     1.08671  0.00201455
        3290     1.01857     1.08669  0.00201405
        3291     1.02133     1.08667  0.00201353
        3292     1.02424     1.08665  0.00201301
        3293     1.02729     1.08663  0.00201248
        3294     1.03044     1.08661  0.00201194
        3295     1.03367      1.0866   0.0020114
        3296     1.03694     1.08658  0.00201084
        3297     1.04022     1.08657  0.00201028
        3298     1.04348     1.08655  0.00200971
        3299     1.04668     1.08654  0.00200914
        3300     1.04979     1.08653  0.00200856
        3301     1.05277     1.08652  0.00200798
        3302     1.05561     1.08651  0.00200739
        3303     1.05826      1.0865   0.0020068
        3304      1.0607     1.08649  0.00200621
        3305      1.0629     1.08649  0.00200562
        3306     1.06483     1.08648  0.00200502
        3307     1.06649     1.08647  0.00200443
        3308     1.06785     1.08647  0.00200383
        3309     1.06889     1.08646  0.00200323
        3310      1.0696     1.08646  0.00200263
        3311     1.06998     1.08645  0.00200203
        3312     1.07002     1.08645  0.00200143
        3313     1.06972     1.08644  0.00200084
        3314     1.06908     1.08644  0.00200024
        3315     1.06811     1.08643  0.00199964
        3316     1.06681     1.08643  0.00199905
        3317     1.06521     1.08642  0.00199846
        3318     1.06331     1.08641  0.00199787
        3319     1.06114     1.08641  0.00199728
        3320     1.05872      1.0864  0.00199669
        3321     1.05608     1.08639  0.00199611
        3322     1.05325     1.08638  0.00199554
        3323     1.05025     1.08637  0.00199497
        3324     1.04712     1.08636   0.0019944
        3325      1.0439     1.08634  0.00199384
        3326     1.04061     1.08633  0.00199329
        3327     1.03729     1.08631  0.00199275
        3328     1.03398      1.0863  0.00199221
        3329     1.03072     1.08628  0.00199168
        3330     1.02752     1.08626  0.00199116
        3331     1.02442     1.08625  0.00199065
        3332     1.02146     1.08623  0.00199015
        3333     1.01864     1.08621  0.00198965
        3334     1.01601     1.08618  0.00198917
        3335     1.01358     1.08616  0.00198869
        3336     1.01135     1.08614  0.00198822
        3337     1.00936     1.08612  0.00198776
        3338      1.0076     1.08609   0.0019873
        3339     1.00608     1.08607  0.00198685
        3340      1.0048     1.08605  0.00198641
        3341     1.00378     1.08602  0.00198596
        3342     1.00299       1.086  0.00198552
        3343     1.00244     1.08597  0.00198509
        3344     1.00213     1.08595  0.00198465
        3345     1.00205     1.08592  0.00198422
        3346     1.00218      1.0859  0.00198378
        3347     1.00252     1.08587  0.00198335
        3348     1.00306     1.08585  0.00198291
        3349     1.00378     1.08582  0.00198247
        3350     1.00467      1.0858  0.00198202
        3351     1.00572     1.08577  0.00198158
        3352     1.00692     1.08575  0.00198112
        3353     1.00825     1.08573  0.00198067
        3354      1.0097      1.0857  0.00198021
        3355     1.01127     1.08568  0.00197974
        3356     1.01292     1.08566  0.00197927
        3357     1.01465     1.08564  0.00197879
        3358     1.01646     1.08562  0.00197831
        3359     1.01832      1.0856  0.00197782
        3360     1.02022     1.08558  0.00197733
        3361     1.02216     1.08556  0.00197683
        3362     1.02411     1.08554  0.00197633
        3363     1.02608     1.08552  0.00197582
        3364     1.02803     1.08551  0.00197531
        3365     1.02997     1.08549  0.00197479
        3366     1.03188     1.08548  0.00197427
        3367     1.03375     1.08546  0.00197374
        3368     1.03558     1.08544  0.00197321
        3369     1.03735     1.08543  0.00197268
        3370     1.03905     1.08542  0.00197214
        3371     1.04069      1.0854   0.0019716
        3372     1.04223     1.08539  0.00197106
        3373      1.0437     1.08538  0.00197051
        3374     1.04506     1.08537  0.00196996
        3375     1.04632     1.08535  0.00196941
        3376     1.04748     1.08534  0.00196886
        3377     1.04852     1.08533  0.00196831
        3378     1.04946     1.08532  0.00196775
        3379     1.05027     1.08531   0.0019672
        3380     1.05097      1.0853  0.00196664
        3381     1.05155     1.08529  0.00196609
        3382     1.05201     1.08528  0.00196553
        3383     1.05235     1.08527  0.00196497
        3384     1.05258     1.08526  0.00196442
        3385     1.05269     1.08525  0.00196386
        3386     1.05269     1.08524   0.0019633
        3387     1.05259     1.08523  0.00196275
        3388     1.05239     1.08522  0.00196219
        3389     1.05208     1.08521  0.00196164
        3390     1.05169      1.0852  0.00196108
        3391     1.05122     1.08519  0.00196053
        3392     1.05067     1.08518  0.00195998
        3393     1.05006     1.08517  0.00195943
        3394     1.04939     1.08516  0.00195888
        3395     1.04867     1.08515  0.00195833
        3396     1.04791     1.08514  0.00195779
        3397     1.04713     1.08513  0.00195724
        3398     1.04633     1.08512   0.0019567
        3399     1.04553     1.08511  0.00195616
        3400     1.04474      1.0851  0.00195562
        3401     1.04398     1.08508  0.00195508
        3402     1.04325     1.08507  0.00195455
        3403     1.04258     1.08506  0.00195401
        3404     1.04197     1.08505  0.00195348
        3405     1.04144     1.08503  0.00195295
        3406       1.041     1.08502  0.00195242
        3407     1.04066     1.08501  0.00195189
        3408     1.04045     1.08499  0.00195136
        3409     1.04036     1.08498  0.00195083
        3410     1.04041     1.08497   0.0019503
        3411      1.0406     1.08495  0.00194977
        3412     1.04096     1.08494  0.00194924
        3413     1.04147     1.08493  0.00194871
        3414     1.04215     1.08492  0.00194818
        3415     1.04299      1.0849  0.00194765
        3416       1.044     1.08489  0.00194712
        3417     1.04517     1.08488  0.00194658
        3418      1.0465     1.08487  0.00194605
        3419     1.04799     1.08486  0.00194551
        3420     1.04962     1.08485  0.00194496
        3421     1.05138     1.08484  0.00194442
        3422     1.05325     1.08483  0.00194387
        3423     1.05524     1.08482  0.00194333
        3424     1.05731     1.08481  0.00194277
        3425     1.05945     1.08481  0.00194222
        3426     1.06164      1.0848  0.00194167
        3427     1.06387     1.08479  0.00194111
        3428      1.0661     1.08479  0.00194055
        3429     1.06833     1.08478  0.00193999
        3430     1.07053     1.08478  0.00193943
        3431     1.07268     1.08477  0.00193887
        3432     1.07477     1.08477   0.0019383
        3433     1.07677     1.08477  0.00193774
        3434     1.07867     1.08477  0.00193718
        3435     1.08046     1.08477  0.00193661
        3436     1.08212     1.08477  0.00193605
        3437     1.08364     1.08477  0.00193549
        3438     1.08501     1.08477  0.00193492
        3439     1.08621     1.08477  0.00193436
        3440     1.08726     1.08477   0.0019338
        3441     1.08813     1.08477  0.00193324
        3442     1.08883     1.08477  0.00193268
        3443     1.08935     1.08477  0.00193212
        3444      1.0897     1.08477  0.00193156
        3445     1.08987     1.08477    0.001931
        3446     1.08988     1.08477  0.00193044
        3447     1.08972     1.08478  0.00192988
        3448      1.0894     1.08478  0.00192932
        3449     1.08893     1.08478  0.00192876
        3450     1.08832     1.08478   0.0019282
        3451     1.08757     1.08478  0.00192764
        3452     1.08669     1.08478  0.00192708
        3453      1.0857     1.08478  0.00192652
        3454      1.0846     1.08478  0.00192597
        3455     1.08341     1.08478  0.00192541
        3456     1.08212     1.08478  0.00192485
        3457     1.08076     1.08478   0.0019243
        3458     1.07933     1.08478  0.00192374
        3459     1.07784     1.08477  0.00192318
        3460      1.0763     1.08477  0.00192263
        3461     1.07473     1.08477  0.00192208
        3462     1.07312     1.08477  0.00192152
        3463      1.0715     1.08476  0.00192097
        3464     1.06987     1.08476  0.00192042
        3465     1.06824     1.08475  0.00191988
        3466     1.06662     1.08475  0.00191933
        3467     1.06502     1.08474  0.00191878
        3468     1.06346     1.08474  0.00191824
        3469     1.06195     1.08473   0.0019177
        3470      1.0605     1.08472  0.00191716
        3471     1.05912     1.08472  0.00191662
        3472     1.05783     1.08471  0.00191608
        3473     1.05664      1.0847  0.00191555
        3474     1.05556     1.08469  0.00191502
        3475     1.05461     1.08468  0.00191448
        3476      1.0538     1.08467  0.00191395
        3477     1.05315     1.08466  0.00191343
        3478     1.05266     1.08466   0.0019129
        3479     1.05234     1.08465  0.00191237
        3480     1.05222     1.08464  0.00191184
        3481     1.05228     1.08463  0.00191132
        3482     1.05253     1.08462  0.00191079
        3483     1.05298     1.08461  0.00191026
        3484     1.05363      1.0846  0.00190974
        3485     1.05446     1.08459  0.00190921
        3486     1.05548     1.08458  0.00190868
        3487     1.05668     1.08458  0.00190815
        3488     1.05804     1.08457  0.00190762
        3489     1.05956     1.08456  0.00190708
        3490     1.06122     1.08455  0.00190655
        3491       1.063     1.08455  0.00190601
        3492     1.06489     1.08454  0.00190547
        3493     1.06688     1.08454  0.00190493
        3494     1.06894     1.08453   0.0019044
        3495     1.07106     1.08453  0.00190385
        3496     1.07322     1.08453  0.00190331
        3497     1.07541     1.08452  0.00190277
        3498     1.07761     1.08452  0.00190223
        3499     1.07981     1.08452  0.00190168
        3500     1.08199     1.08452  0.00190114
        3501     1.08416     1.08452   0.0019006
        3502     1.08628     1.08452  0.00190005
        3503     1.08837     1.08452  0.00189951
        3504      1.0904     1.08452  0.00189897
        3505     1.09237     1.08452  0.00189843
        3506     1.09428     1.08453  0.00189789
        3507     1.09611     1.08453  0.00189735
        3508     1.09788     1.08453  0.00189682
        3509     1.09957     1.08454  0.00189628
        3510     1.10119     1.08454  0.00189575
        3511     1.10274     1.08455  0.00189521
        3512     1.10421     1.08455  0.00189468
        3513     1.10561     1.08456  0.00189415
        3514     1.10695     1.08457  0.00189362
        3515     1.10821     1.08457   0.0018931
        3516     1.10941     1.08458  0.00189257
        3517     1.11054     1.08459  0.00189205
        3518     1.11162      1.0846  0.00189153
        3519     1.11263      1.0846    0.001891
        3520      1.1136     1.08461  0.00189049
        3521     1.11452     1.08462  0.00188997
        3522     1.11539     1.08463  0.00188945
        3523     1.11622     1.08464  0.00188894
        3524     1.11702     1.08465  0.00188842
        3525     1.11779     1.08466  0.00188791
        3526     1.11853     1.08467   0.0018874
        3527     1.11925     1.08468  0.00188689
        3528     1.11995     1.08469  0.00188638
        3529     1.12064      1.0847  0.00188587
        3530     1.12133     1.08471  0.00188537
        3531     1.12201     1.08472  0.00188486
        3532      1.1227     1.08473  0.00188436
        3533      1.1234     1.08474  0.00188386
        3534     1.12411     1.08475  0.00188336
        3535     1.12484     1.08476  0.00188286
        3536      1.1256     1.08477  0.00188236
        3537     1.12638     1.08478  0.00188187
        3538      1.1272      1.0848  0.00188137
        3539     1.12805     1.08481  0.00188088
        3540     1.12894     1.08482  0.00188039
        3541     1.12988     1.08483   0.0018799
        3542     1.13087     1.08485  0.00187942
        3543      1.1319     1.08486  0.00187894
        3544     1.13298     1.08487  0.00187845
        3545     1.13412     1.08489  0.00187798
        3546     1.13531      1.0849   0.0018775
        3547     1.13655     1.08492  0.00187703
        3548     1.13785     1.08493  0.00187656
        3549      1.1392     1.08495  0.00187609
        3550     1.14061     1.08496  0.00187563
        3551     1.14207     1.08498  0.00187517
        3552     1.14358     1.08499  0.00187471
        3553     1.14514     1.08501  0.00187426
        3554     1.14674     1.08503  0.00187382
        3555     1.14838     1.08505  0.00187337
        3556     1.15006     1.08506  0.00187294
        3557     1.15175     1.08508   0.0018725
        3558     1.15346      1.0851  0.00187208
        3559     1.15518     1.08512  0.00187165
        3560     1.15689     1.08514  0.00187124
        3561     1.15858     1.08516  0.00187082
        3562     1.16024     1.08518  0.00187042
        3563     1.16185     1.08521  0.00187002
        3564      1.1634     1.08523  0.00186962
        3565     1.16487     1.08525  0.00186923
        3566     1.16625     1.08527  0.00186884
        3567     1.16752      1.0853  0.00186846
        3568     1.16868     1.08532  0.00186808
        3569     1.16971     1.08534  0.00186771
        3570     1.17059     1.08537  0.00186734
        3571     1.17133     1.08539  0.00186697
        3572     1.17191     1.08542  0.00186661
        3573     1.17233     1.08544  0.00186624
        3574     1.17258     1.08546  0.00186588
        3575     1.17267     1.08549  0.00186552
        3576     1.17259     1.08551  0.00186515
        3577     1.17234     1.08554  0.00186479
        3578     1.17192     1.08556  0.00186443
        3579     1.17136     1.08558  0.00186406
        3580     1.17064     1.08561  0.00186369
        3581     1.16977     1.08563  0.00186332
        3582     1.16876     1.08566  0.00186294
        3583     1.16762     1.08568  0.00186256
        3584     1.16635      1.0857  0.00186218
        3585     1.16497     1.08572  0.00186179
        3586     1.16348     1.08574   0.0018614
        3587     1.16188     1.08577    0.001861
        3588     1.16019     1.08579   0.0018606
        3589     1.15841     1.08581  0.00186019
        3590     1.15654     1.08583  0.00185977
        3591      1.1546     1.08585  0.00185935
        3592     1.15258     1.08586  0.00185893
        3593     1.15049     1.08588   0.0018585
        3594     1.14835      1.0859  0.00185806
        3595     1.14614     1.08592  0.00185762
        3596     1.14388     1.08593  0.00185718
        3597     1.14156     1.08595  0.00185672
        3598      1.1392     1.08596  0.00185627
        3599     1.13679     1.08598   0.0018558
        3600     1.13434     1.08599  0.00185534
        3601     1.13185       1.086  0.00185487
        3602     1.12932     1.08602  0.00185439
        3603     1.12676     1.08603  0.00185391
        3604     1.12417     1.08604  0.00185343
        3605     1.12155     1.08605  0.00185294
        3606      1.1189     1.08606  0.00185245
        3607     1.11624     1.08606  0.00185195
        3608     1.11355     1.08607  0.00185145
        3609     1.11085     1.08608  0.00185095
        3610     1.10813     1.08608  0.00185045
        3611     1.10541     1.08609  0.00184995
        3612     1.10268     1.08609  0.00184944
        3613     1.09995      1.0861  0.00184893
        3614     1.09722      1.0861  0.00184842
        3615     1.09449      1.0861  0.00184791
        3616     1.09178     1.08611   0.0018474
        3617     1.08907     1.08611  0.00184689
        3618     1.08637     1.08611  0.00184638
        3619     1.08369     1.08611  0.00184587
        3620     1.08103      1.0861  0.00184536
        3621     1.07839      1.0861  0.00184485
        3622     1.07577      1.0861  0.00184435
        3623     1.07317      1.0861  0.00184384
        3624      1.0706     1.08609  0.00184334
        3625     1.06805     1.08609  0.00184284
        3626     1.06552     1.08608  0.00184234
        3627     1.06303     1.08607  0.00184184
        3628     1.06055     1.08607  0.00184134
        3629      1.0581     1.08606  0.00184085
        3630     1.05569     1.08605  0.00184037
        3631     1.05329     1.08604  0.00183988
        3632     1.05093     1.08603   0.0018394
        3633     1.04861     1.08602  0.00183892
        3634     1.04631     1.08601  0.00183845
        3635     1.04406       1.086  0.00183798
        3636     1.04186     1.08599  0.00183751
        3637     1.03971     1.08598  0.00183705
        3638     1.03762     1.08596   0.0018366
        3639     1.03561     1.08595  0.00183614
        3640     1.03369     1.08593  0.00183569
        3641     1.03187     1.08592  0.00183525
        3642     1.03017      1.0859  0.00183481
        3643     1.02861     1.08589  0.00183437
        3644     1.02721     1.08587  0.00183394
        3645     1.02599     1.08586  0.00183351
        3646     1.02498     1.08584  0.00183309
        3647     1.02418     1.08582  0.00183266
        3648     1.02363      1.0858  0.00183224
        3649     1.02334     1.08579  0.00183182
        3650     1.02334     1.08577  0.00183139
        3651     1.02363     1.08575  0.00183097
        3652     1.02424     1.08574  0.00183055
        3653     1.02517     1.08572  0.00183012
        3654     1.02643      1.0857  0.00182969
        3655     1.02802     1.08569  0.00182926
        3656     1.02994     1.08567  0.00182882
        3657     1.03218     1.08566  0.00182838
        3658     1.03474     1.08564  0.00182793
        3659     1.03759     1.08563  0.00182748
        3660     1.04072     1.08562  0.00182702
        3661     1.04412     1.08561  0.00182656
        3662     1.04774      1.0856  0.00182609
        3663     1.05157     1.08559  0.00182562
        3664     1.05557     1.08558  0.00182514
        3665     1.05972     1.08557  0.00182465
        3666     1.06397     1.08557  0.00182416
        3667      1.0683     1.08556  0.00182367
        3668     1.07267     1.08556  0.00182318
        3669     1.07706     1.08556  0.00182268
        3670     1.08142     1.08555  0.00182219
        3671     1.08574     1.08556  0.00182169
        3672     1.08997     1.08556  0.00182119
        3673      1.0941     1.08556   0.0018207
        3674     1.09809     1.08556  0.00182021
        3675     1.10193     1.08557  0.00181972
        3676     1.10559     1.08557  0.00181923
        3677     1.10906     1.08558  0.00181875
        3678     1.11231     1.08559  0.00181827
        3679     1.11534     1.08559  0.00181779
        3680     1.11813      1.0856  0.00181732
        3681     1.12067     1.08561  0.00181685
        3682     1.12296     1.08562  0.00181638
        3683     1.12498     1.08563  0.00181592
        3684     1.12673     1.08564  0.00181546
        3685     1.12821     1.08566  0.00181501
        3686     1.12941     1.08567  0.00181455
        3687     1.13035     1.08568   0.0018141
        3688     1.13101     1.08569  0.00181365
        3689      1.1314      1.0857   0.0018132
        3690     1.13152     1.08572  0.00181275
        3691     1.13138     1.08573  0.00181231
        3692     1.13099     1.08574  0.00181186
        3693     1.13035     1.08575  0.00181141
        3694     1.12947     1.08577  0.00181095
        3695     1.12837     1.08578   0.0018105
        3696     1.12705     1.08579  0.00181005
        3697     1.12552      1.0858  0.00180959
        3698      1.1238     1.08581  0.00180913
        3699     1.12191     1.08582  0.00180866
        3700     1.11985     1.08583   0.0018082
        3701     1.11765     1.08584  0.00180773
        3702     1.11533     1.08584  0.00180726
        3703     1.11289     1.08585  0.00180679
        3704     1.11036     1.08586  0.00180631
        3705     1.10776     1.08586  0.00180583
        3706     1.10511     1.08587  0.00180535
        3707     1.10243     1.08587  0.00180487
        3708     1.09973     1.08588  0.00180439
        3709     1.09703     1.08588  0.00180391
        3710     1.09436     1.08588  0.00180342
        3711     1.09172     1.08588  0.00180294
        3712     1.08914     1.08589  0.00180245
        3713     1.08662     1.08589  0.00180196
        3714     1.08418     1.08589  0.00180148
        3715     1.08184     1.08588  0.00180099
        3716     1.07959     1.08588  0.00180051
        3717     1.07747     1.08588  0.00180003
        3718     1.07546     1.08588  0.00179955
        3719     1.07358     1.08587  0.00179906
        3720     1.07184     1.08587  0.00179859
        3721     1.07024     1.08587  0.00179811
        3722     1.06878     1.08586  0.00179763
        3723     1.06746     1.08586  0.00179715
        3724     1.06629     1.08585  0.00179668
        3725     1.06525     1.08585   0.0017962
        3726     1.06436     1.08584  0.00179573
        3727     1.06359     1.08583  0.00179526
        3728     1.06294     1.08583  0.00179479
        3729     1.06241     1.08582  0.00179432
        3730     1.06198     1.08582  0.00179385
        3731     1.06164     1.08581  0.00179338
        3732     1.06138      1.0858  0.00179291
        3733     1.06117      1.0858  0.00179244
        3734     1.06101     1.08579  0.00179198
        3735     1.06087     1.08578  0.00179151
        3736     1.06075     1.08578  0.00179104
        3737     1.06061     1.08577  0.00179057
        3738     1.06046     1.08576  0.00179011
        3739     1.06027     1.08576  0.00178964
        3740     1.06003     1.08575  0.00178918
        3741     1.05973     1.08574  0.00178871
        3742     1.05936     1.08573  0.00178825
        3743     1.05891     1.08573  0.00178778
        3744     1.05837     1.08572  0.00178732
        3745     1.05776     1.08571  0.00178686
        3746     1.05706      1.0857   0.0017864
        3747     1.05629      1.0857  0.00178594
        3748     1.05544     1.08569  0.00178548
        3749     1.05453     1.08568  0.00178503
        3750     1.05357     1.08567  0.00178457
        3751     1.05256     1.08566  0.00178412
        3752     1.05153     1.08565  0.00178366
        3753     1.05049     1.08564  0.00178321
        3754     1.04945     1.08563  0.00178276
        3755     1.04844     1.08563  0.00178232
        3756     1.04747     1.08561  0.00178187
        3757     1.04657      1.0856  0.00178143
        3758     1.04574     1.08559  0.00178098
        3759     1.04501     1.08558  0.00178054
        3760      1.0444     1.08557   0.0017801
        3761     1.04391     1.08556  0.00177967
        3762     1.04357     1.08555  0.00177923
        3763     1.04339     1.08554  0.00177879
        3764     1.04338     1.08553  0.00177835
        3765     1.04355     1.08552  0.00177791
        3766     1.04391     1.08551  0.00177748
        3767     1.04445     1.08549  0.00177704
        3768     1.04519     1.08548   0.0017766
        3769     1.04612     1.08547  0.00177616
        3770     1.04724     1.08546  0.00177572
        3771     1.04855     1.08545  0.00177527
        3772     1.05003     1.08544  0.00177483
        3773     1.05169     1.08543  0.00177438
        3774      1.0535     1.08543  0.00177393
        3775     1.05546     1.08542  0.00177348
        3776     1.05754     1.08541  0.00177302
        3777     1.05973      1.0854  0.00177257
        3778       1.062      1.0854  0.00177211
        3779     1.06434     1.08539  0.00177165
        3780     1.06672     1.08539  0.00177119
        3781     1.06912     1.08538  0.00177072
        3782      1.0715     1.08538  0.00177026
        3783     1.07385     1.08538  0.00176979
        3784     1.07613     1.08537  0.00176933
        3785     1.07833     1.08537  0.00176886
        3786     1.08042     1.08537  0.00176839
        3787     1.08236     1.08537  0.00176793
        3788     1.08415     1.08537  0.00176746
        3789     1.08576     1.08537  0.00176699
        3790     1.08716     1.08537  0.00176653
        3791     1.08835     1.08537  0.00176606
        3792      1.0893     1.08537   0.0017656
        3793     1.09002     1.08537  0.00176513
        3794     1.09049     1.08537  0.00176467
        3795     1.09071     1.08538   0.0017642
        3796     1.09069     1.08538  0.00176374
        3797     1.09043     1.08538  0.00176327
        3798     1.08994     1.08538  0.00176281
        3799     1.08924     1.08538  0.00176235
        3800     1.08834     1.08538  0.00176188
        3801     1.08728     1.08538  0.00176142
        3802     1.08606     1.08538  0.00176096
        3803     1.08473     1.08538  0.00176049
        3804     1.08333     1.08538  0.00176003
        3805     1.08187     1.08538  0.00175957
        3806     1.08041     1.08538  0.00175911
        3807     1.07898     1.08538  0.00175864
        3808     1.07762     1.08538  0.00175818
        3809     1.07636     1.08537  0.00175772
        3810     1.07526     1.08537  0.00175726
        3811     1.07433     1.08537  0.00175681
        3812     1.07362     1.08537  0.00175635
        3813     1.07315     1.08536  0.00175589
        3814     1.07295     1.08536  0.00175543
        3815     1.07303     1.08536  0.00175498
        3816      1.0734     1.08535  0.00175452
        3817     1.07406     1.08535  0.00175406
        3818     1.07503     1.08535   0.0017536
        3819     1.07628     1.08534  0.00175315
        3820     1.07781     1.08534  0.00175269
        3821     1.07958     1.08534  0.00175223
        3822     1.08159     1.08534  0.00175177
        3823     1.08379     1.08534  0.00175131
        3824     1.08615     1.08534  0.00175086
        3825     1.08864     1.08534   0.0017504
        3826     1.09121     1.08534  0.00174994
        3827     1.09383     1.08534  0.00174949
        3828     1.09646     1.08535  0.00174903
        3829     1.09907     1.08535  0.00174858
        3830     1.10161     1.08535  0.00174813
        3831     1.10405     1.08536  0.00174768
        3832     1.10636     1.08537  0.00174723
        3833     1.10853     1.08537  0.00174678
        3834     1.11051     1.08538  0.00174634
        3835     1.11229     1.08538   0.0017459
        3836     1.11386     1.08539  0.00174546
        3837      1.1152      1.0854  0.00174502
        3838     1.11629     1.08541  0.00174459
        3839     1.11715     1.08542  0.00174415
        3840     1.11775     1.08542  0.00174372
        3841      1.1181     1.08543  0.00174328
        3842     1.11818     1.08544  0.00174285
        3843     1.11802     1.08545  0.00174242
        3844     1.11761     1.08546  0.00174199
        3845     1.11694     1.08547  0.00174155
        3846     1.11605     1.08547  0.00174112
        3847     1.11492     1.08548  0.00174068
        3848     1.11357     1.08549  0.00174024
        3849     1.11201      1.0855  0.00173981
        3850     1.11025      1.0855  0.00173937
        3851     1.10831     1.08551  0.00173892
        3852     1.10618     1.08551  0.00173848
        3853      1.1039     1.08552  0.00173804
        3854     1.10146     1.08552  0.00173759
        3855      1.0989     1.08553  0.00173714
        3856     1.09621     1.08553  0.00173669
        3857     1.09342     1.08553  0.00173625
        3858     1.09053     1.08553   0.0017358
        3859     1.08757     1.08553  0.00173535
        3860     1.08456     1.08553   0.0017349
        3861      1.0815     1.08553  0.00173445
        3862     1.07842     1.08553    0.001734
        3863     1.07534     1.08553  0.00173355
        3864     1.07225     1.08552  0.00173311
        3865     1.06919     1.08552  0.00173266
        3866     1.06617     1.08551  0.00173222
        3867     1.06319     1.08551  0.00173179
        3868     1.06027      1.0855  0.00173135
        3869     1.05742      1.0855  0.00173092
        3870     1.05465     1.08549  0.00173049
        3871     1.05197     1.08548  0.00173006
        3872     1.04938     1.08547  0.00172964
        3873      1.0469     1.08546  0.00172922
        3874     1.04451     1.08545  0.00172881
        3875     1.04224     1.08544   0.0017284
        3876     1.04007     1.08543  0.00172799
        3877     1.03801     1.08541  0.00172759
        3878     1.03606      1.0854  0.00172719
        3879     1.03422     1.08539   0.0017268
        3880     1.03248     1.08537  0.00172641
        3881     1.03085     1.08536  0.00172602
        3882     1.02932     1.08535  0.00172563
        3883      1.0279     1.08533  0.00172525
        3884     1.02656     1.08532  0.00172488
        3885     1.02532      1.0853   0.0017245
        3886     1.02418     1.08528  0.00172413
        3887     1.02313     1.08527  0.00172376
        3888     1.02217     1.08525  0.00172339
        3889      1.0213     1.08524  0.00172303
        3890     1.02051     1.08522  0.00172266
        3891     1.01982      1.0852   0.0017223
        3892     1.01921     1.08519  0.00172194
        3893     1.01869     1.08517  0.00172159
        3894     1.01826     1.08515  0.00172123
        3895     1.01792     1.08513  0.00172088
        3896     1.01767     1.08512  0.00172052
        3897     1.01752      1.0851  0.00172017
        3898     1.01746     1.08508  0.00171981
        3899      1.0175     1.08506  0.00171946
        3900     1.01764     1.08505  0.00171911
        3901     1.01788     1.08503  0.00171875
        3902     1.01823     1.08501   0.0017184
        3903     1.01868       1.085  0.00171804
        3904     1.01924     1.08498  0.00171768
        3905     1.01991     1.08496  0.00171732
        3906     1.02068     1.08495  0.00171696
        3907     1.02155     1.08493   0.0017166
        3908     1.02253     1.08491  0.00171623
        3909     1.02361      1.0849  0.00171587
        3910     1.02478     1.08488   0.0017155
        3911     1.02604     1.08487  0.00171512
        3912     1.02738     1.08485  0.00171475
        3913     1.02879     1.08484  0.00171437
        3914     1.03026     1.08482  0.00171399
        3915     1.03179     1.08481   0.0017136
        3916     1.03337      1.0848  0.00171322
        3917     1.03497     1.08479  0.00171283
        3918      1.0366     1.08477  0.00171243
        3919     1.03824     1.08476  0.00171204
        3920     1.03987     1.08475  0.00171164
        3921      1.0415     1.08474  0.00171124
        3922      1.0431     1.08473  0.00171084
        3923     1.04467     1.08472  0.00171043
        3924      1.0462     1.08471  0.00171002
        3925     1.04768      1.0847  0.00170961
        3926     1.04911     1.08469   0.0017092
        3927     1.05048     1.08468  0.00170879
        3928     1.05178     1.08467  0.00170837
        3929     1.05302     1.08466  0.00170796
        3930      1.0542     1.08466  0.00170754
        3931      1.0553     1.08465  0.00170712
        3932     1.05634     1.08464   0.0017067
        3933     1.05732     1.08464  0.00170628
        3934     1.05823     1.08463  0.00170586
        3935     1.05908     1.08462  0.00170544
        3936     1.05988     1.08462  0.00170502
        3937     1.06063     1.08461   0.0017046
        3938     1.06134      1.0846  0.00170418
        3939     1.06201      1.0846  0.00170375
        3940     1.06265     1.08459  0.00170333
        3941     1.06325     1.08459  0.00170291
        3942     1.06383     1.08458  0.00170248
        3943     1.06438     1.08458  0.00170206
        3944     1.06493     1.08457  0.00170163
        3945     1.06545     1.08457  0.00170121
        3946     1.06597     1.08456  0.00170078
        3947     1.06647     1.08456  0.00170036
        3948     1.06697     1.08455  0.00169994
        3949     1.06745     1.08455  0.00169951
        3950     1.06794     1.08454  0.00169909
        3951     1.06841     1.08454  0.00169866
        3952     1.06889     1.08454  0.00169823
        3953     1.06935     1.08453  0.00169781
        3954     1.06982     1.08453  0.00169738
        3955     1.07028     1.08453  0.00169696
        3956     1.07073     1.08452  0.00169653
        3957     1.07119     1.08452  0.00169611
        3958     1.07164     1.08452  0.00169568
        3959      1.0721     1.08451  0.00169526
        3960     1.07256     1.08451  0.00169483
        3961     1.07303     1.08451  0.00169441
        3962      1.0735      1.0845  0.00169398
        3963     1.07399      1.0845  0.00169356
        3964      1.0745      1.0845  0.00169313
        3965     1.07502      1.0845  0.00169271
        3966     1.07558     1.08449  0.00169228
        3967     1.07615     1.08449  0.00169185
        3968     1.07676     1.08449  0.00169143
        3969      1.0774     1.08449    0.001691
        3970     1.07808     1.08449  0.00169058
        3971      1.0788     1.08448  0.00169015
        3972     1.07956     1.08448  0.00168973
        3973     1.08036     1.08448   0.0016893
        3974      1.0812     1.08448  0.00168888
        3975     1.08208     1.08448  0.00168845
        3976     1.08299     1.08448  0.00168803
        3977     1.08394     1.08448  0.00168761
        3978     1.08492     1.08448  0.00168718
        3979     1.08593     1.08448  0.00168676
        3980     1.08696     1.08448  0.00168633
        3981       1.088     1.08448  0.00168591
        3982     1.08905     1.08448  0.00168549
        3983      1.0901     1.08448  0.00168506
        3984     1.09114     1.08449  0.00168464
        3985     1.09217     1.08449  0.00168422
        3986     1.09317     1.08449   0.0016838
        3987     1.09415     1.08449  0.00168338
        3988     1.09508      1.0845  0.00168296
        3989     1.09597      1.0845  0.00168254
        3990     1.09681      1.0845  0.00168212
        3991     1.09759     1.08451   0.0016817
        3992     1.09831     1.08451  0.00168128
        3993     1.09897     1.08451  0.00168087
        3994     1.09955     1.08452  0.00168045
        3995     1.10006     1.08452  0.00168003
        3996      1.1005     1.08452  0.00167962
        3997     1.10087     1.08453   0.0016792
        3998     1.10117     1.08453  0.00167879
        3999     1.10141     1.08454  0.00167837
        4000     1.10157     1.08454  0.00167796
        4001     1.10168     1.08454  0.00167755
        4002     1.10172     1.08455  0.00167713
        4003     1.10171     1.08455  0.00167672
        4004     1.10164     1.08456  0.00167631
        4005     1.10153     1.08456  0.00167589
        4006     1.10136     1.08457  0.00167548
        4007     1.10115     1.08457  0.00167507
        4008      1.1009     1.08457  0.00167465
        4009      1.1006     1.08458  0.00167424
        4010     1.10026     1.08458  0.00167383
        4011     1.09987     1.08459  0.00167341
        4012     1.09945     1.08459    0.001673
        4013     1.09899     1.08459  0.00167259
        4014     1.09849      1.0846  0.00167218
        4015     1.09796      1.0846  0.00167176
        4016      1.0974      1.0846  0.00167135
        4017     1.09684     1.08461  0.00167094
        4018     1.09626     1.08461  0.00167052
        4019     1.09569     1.08461  0.00167011
        4020     1.09514     1.08461   0.0016697
        4021     1.09462     1.08462  0.00166928
        4022     1.09414     1.08462  0.00166887
        4023     1.09372     1.08462  0.00166846
        4024     1.09337     1.08462  0.00166804
        4025     1.09309     1.08463  0.00166763
        4026     1.09289     1.08463  0.00166722
        4027     1.09276     1.08463   0.0016668
        4028     1.09271     1.08463  0.00166639
        4029     1.09272     1.08463  0.00166598
        4030     1.09278     1.08464  0.00166557
        4031     1.09287     1.08464  0.00166515
        4032     1.09296     1.08464  0.00166474
        4033     1.09303     1.08464  0.00166433
        4034     1.09305     1.08464  0.00166392
        4035     1.09298     1.08465  0.00166351
        4036      1.0928     1.08465   0.0016631
        4037     1.09247     1.08465  0.00166269
        4038     1.09197     1.08465  0.00166228
        4039     1.09128     1.08465  0.00166187
        4040     1.09036     1.08466  0.00166145
        4041     1.08921     1.08466  0.00166104
        4042     1.08781     1.08466  0.00166063
        4043     1.08614     1.08466  0.00166022
        4044      1.0842     1.08466  0.00165981
        4045       1.082     1.08466   0.0016594
        4046     1.07952     1.08466  0.00165899
        4047     1.07677     1.08465  0.00165858
        4048     1.07377     1.08465  0.00165818
        4049     1.07053     1.08465  0.00165777
        4050     1.06707     1.08464  0.00165737
        4051     1.06339     1.08464  0.00165697
        4052     1.05953     1.08463  0.00165657
        4053     1.05551     1.08462  0.00165617
        4054     1.05136     1.08462  0.00165579
        4055     1.04709     1.08461   0.0016554
        4056     1.04276      1.0846  0.00165503
        4057     1.03839     1.08459  0.00165466
        4058     1.03401     1.08457   0.0016543
        4059     1.02967     1.08456  0.00165395
        4060     1.02539     1.08454   0.0016536
        4061     1.02123     1.08453  0.00165327
        4062     1.01721     1.08451  0.00165295
        4063     1.01338      1.0845  0.00165263
        4064     1.00977     1.08448  0.00165233
        4065     1.00641     1.08446  0.00165203
        4066     1.00335     1.08444  0.00165175
        4067     1.00061     1.08442  0.00165147
        4068    0.998224      1.0844   0.0016512
        4069     0.99621     1.08437  0.00165094
        4070    0.994593     1.08435  0.00165068
        4071    0.993387     1.08433  0.00165042
        4072    0.992603     1.08431  0.00165017
        4073    0.992246     1.08428  0.00164992
        4074    0.992319     1.08426  0.00164967
        4075    0.992818     1.08424  0.00164942
        4076    0.993734     1.08422  0.00164916
        4077    0.995053      1.0842   0.0016489
        4078    0.996758     1.08417  0.00164864
        4079    0.998828     1.08415  0.00164837
        4080     1.00124     1.08413  0.00164809
        4081     1.00396     1.08411   0.0016478
        4082     1.00697     1.08409  0.00164751
        4083     1.01022     1.08408   0.0016472
        4084     1.01369     1.08406  0.00164689
        4085     1.01734     1.08404  0.00164657
        4086     1.02114     1.08403  0.00164624
        4087     1.02506     1.08401   0.0016459
        4088     1.02905       1.084  0.00164555
        4089      1.0331     1.08399  0.00164519
        4090     1.03715     1.08398  0.00164483
        4091     1.04119     1.08396  0.00164446
        4092     1.04519     1.08396  0.00164409
        4093     1.04911     1.08395  0.00164371
        4094     1.05294     1.08394  0.00164332
        4095     1.05666     1.08393  0.00164294
        4096     1.06023     1.08393  0.00164254
        4097     1.06365     1.08392  0.00164215
        4098     1.06691     1.08392  0.00164176
        4099     1.06998     1.08391  0.00164136
        4100     1.07285     1.08391  0.00164096
        4101     1.07553     1.08391  0.00164056
        4102     1.07801     1.08391  0.00164016
        4103     1.08028     1.08391  0.00163976
        4104     1.08234     1.08391  0.00163936
        4105      1.0842     1.08391  0.00163896
        4106     1.08586     1.08391  0.00163857
        4107     1.08733     1.08391  0.00163817
        4108     1.08861     1.08391  0.00163777
        4109     1.08972     1.08391  0.00163737
        4110     1.09066     1.08391  0.00163697
        4111     1.09146     1.08391  0.00163658
        4112     1.09211     1.08392  0.00163618
        4113     1.09264     1.08392  0.00163578
        4114     1.09307     1.08392  0.00163539
        4115     1.09341     1.08392  0.00163499
        4116     1.09367     1.08393  0.00163459
        4117     1.09386     1.08393   0.0016342
        4118     1.09401     1.08393   0.0016338
        4119     1.09413     1.08393  0.00163341
        4120     1.09423     1.08394  0.00163302
        4121     1.09431     1.08394  0.00163262
        4122      1.0944     1.08394  0.00163223
        4123     1.09449     1.08394  0.00163183
        4124     1.09458     1.08395  0.00163144
        4125     1.09469     1.08395  0.00163105
        4126     1.09481     1.08395  0.00163065
        4127     1.09494     1.08395  0.00163026
        4128     1.09508     1.08396  0.00162987
        4129     1.09522     1.08396  0.00162947
        4130     1.09536     1.08396  0.00162908
        4131     1.09548     1.08396  0.00162869
        4132     1.09559     1.08397   0.0016283
        4133     1.09566     1.08397  0.00162791
        4134     1.09569     1.08397  0.00162752
        4135     1.09567     1.08398  0.00162712
        4136     1.09559     1.08398  0.00162673
        4137     1.09545     1.08398  0.00162634
        4138     1.09522     1.08398  0.00162595
        4139     1.09491     1.08399  0.00162556
        4140     1.09449     1.08399  0.00162517
        4141     1.09398     1.08399  0.00162478
        4142     1.09335     1.08399  0.00162439
        4143      1.0926       1.084    0.001624
        4144     1.09172       1.084  0.00162361
        4145     1.09072       1.084  0.00162322
        4146     1.08959       1.084  0.00162283
        4147     1.08832       1.084  0.00162243
        4148      1.0869       1.084  0.00162204
        4149     1.08535       1.084  0.00162165
        4150     1.08365       1.084  0.00162126
        4151     1.08181       1.084  0.00162087
        4152     1.07983       1.084  0.00162048
        4153      1.0777       1.084  0.00162009
        4154     1.07543       1.084   0.0016197
        4155     1.07304     1.08399  0.00161932
        4156     1.07051     1.08399  0.00161893
        4157     1.06787     1.08399  0.00161854
        4158     1.06512     1.08398  0.00161816
        4159     1.06227     1.08398  0.00161778
        4160     1.05934     1.08397   0.0016174
        4161     1.05633     1.08397  0.00161703
        4162     1.05328     1.08396  0.00161666
        4163     1.05018     1.08395  0.00161629
        4164     1.04708     1.08394  0.00161592
        4165     1.04398     1.08393  0.00161556
        4166     1.04092     1.08392  0.00161521
        4167     1.03791     1.08391  0.00161486
        4168     1.03497      1.0839  0.00161452
        4169     1.03214     1.08389  0.00161418
        4170     1.02944     1.08387  0.00161384
        4171     1.02688     1.08386  0.00161351
        4172      1.0245     1.08385  0.00161319
        4173     1.02231     1.08383  0.00161287
        4174     1.02032     1.08382  0.00161255
        4175     1.01856      1.0838  0.00161224
        4176     1.01703     1.08378  0.00161194
        4177     1.01574     1.08377  0.00161163
        4178     1.01471     1.08375  0.00161133
        4179     1.01392     1.08373  0.00161103
        4180     1.01338     1.08372  0.00161074
        4181     1.01309      1.0837  0.00161044
        4182     1.01304     1.08368  0.00161014
        4183     1.01322     1.08367  0.00160985
        4184     1.01362     1.08365  0.00160955
        4185     1.01423     1.08363  0.00160925
        4186     1.01503     1.08362  0.00160895
        4187       1.016      1.0836  0.00160865
        4188     1.01714     1.08358  0.00160834
        4189     1.01842     1.08357  0.00160803
        4190     1.01982     1.08355  0.00160772
        4191     1.02133     1.08354   0.0016074
        4192     1.02293     1.08352  0.00160709
        4193      1.0246     1.08351  0.00160676
        4194     1.02632      1.0835  0.00160644
        4195     1.02807     1.08348  0.00160611
        4196     1.02984     1.08347  0.00160578
        4197     1.03161     1.08346  0.00160544
        4198     1.03338     1.08345   0.0016051
        4199     1.03511     1.08344  0.00160476
        4200     1.03681     1.08342  0.00160442
        4201     1.03846     1.08341  0.00160407
        4202     1.04004      1.0834  0.00160373
        4203     1.04156     1.08339  0.00160337
        4204       1.043     1.08338  0.00160302
        4205     1.04436     1.08337  0.00160267
        4206     1.04563     1.08337  0.00160231
        4207     1.04681     1.08336  0.00160195
        4208      1.0479     1.08335   0.0016016
        4209     1.04889     1.08334  0.00160124
        4210     1.04979     1.08333  0.00160088
        4211      1.0506     1.08332  0.00160051
        4212     1.05132     1.08332  0.00160015
        4213     1.05197     1.08331  0.00159979
        4214     1.05255      1.0833  0.00159943
        4215     1.05307     1.08329  0.00159906
        4216     1.05354     1.08329   0.0015987
        4217     1.05398     1.08328  0.00159834
        4218      1.0544     1.08327  0.00159797
        4219     1.05482     1.08327  0.00159761
        4220     1.05525     1.08326  0.00159724
        4221     1.05572     1.08325  0.00159688
        4222     1.05624     1.08325  0.00159651
        4223     1.05684     1.08324  0.00159615
        4224     1.05752     1.08324  0.00159578
        4225     1.05832     1.08323  0.00159541
        4226     1.05924     1.08322  0.00159505
        4227      1.0603     1.08322  0.00159468
        4228     1.06153     1.08321  0.00159431
        4229     1.06292     1.08321  0.00159394
        4230      1.0645      1.0832  0.00159357
        4231     1.06626      1.0832   0.0015932
        4232     1.06822      1.0832  0.00159282
        4233     1.07037     1.08319  0.00159245
        4234     1.07272     1.08319  0.00159208
        4235     1.07525     1.08319   0.0015917
        4236     1.07797     1.08319  0.00159133
        4237     1.08085     1.08319  0.00159095
        4238     1.08391     1.08319  0.00159058
        4239     1.08711     1.08319   0.0015902
        4240     1.09045     1.08319  0.00158983
        4241     1.09391     1.08319  0.00158945
        4242     1.09747      1.0832  0.00158908
        4243     1.10112      1.0832  0.00158871
        4244     1.10483     1.08321  0.00158835
        4245     1.10859     1.08321  0.00158798
        4246     1.11237     1.08322  0.00158763
        4247     1.11616     1.08323  0.00158727
        4248     1.11993     1.08323  0.00158692
        4249     1.12367     1.08324  0.00158658
        4250     1.12736     1.08325  0.00158624
        4251     1.13097     1.08327   0.0015859
        4252     1.13449     1.08328  0.00158558
        4253     1.13791     1.08329  0.00158525
        4254      1.1412      1.0833  0.00158494
        4255     1.14435     1.08332  0.00158463
        4256     1.14735     1.08333  0.00158433
        4257     1.15018     1.08335  0.00158404
        4258     1.15283     1.08337  0.00158375
        4259     1.15529     1.08338  0.00158347
        4260     1.15756      1.0834  0.00158319
        4261     1.15962     1.08342  0.00158292
        4262     1.16146     1.08344  0.00158266
        4263      1.1631     1.08345  0.00158239
        4264     1.16451     1.08347  0.00158214
        4265     1.16571     1.08349  0.00158188
        4266     1.16668     1.08351  0.00158163
        4267     1.16744     1.08353  0.00158139
        4268     1.16798     1.08355  0.00158114
        4269      1.1683     1.08357  0.00158089
        4270     1.16842     1.08359  0.00158065
        4271     1.16833     1.08361   0.0015804
        4272     1.16804     1.08363  0.00158016
        4273     1.16756     1.08365  0.00157991
        4274      1.1669     1.08367  0.00157966
        4275     1.16606     1.08369  0.00157941
        4276     1.16506     1.08371  0.00157915
        4277     1.16389     1.08373  0.00157889
        4278     1.16258     1.08375  0.00157863
        4279     1.16113     1.08376  0.00157837
        4280     1.15956     1.08378   0.0015781
        4281     1.15787      1.0838  0.00157782
        4282     1.15607     1.08382  0.00157755
        4283     1.15417     1.08383  0.00157726
        4284     1.15218     1.08385  0.00157698
        4285     1.15012     1.08386  0.00157668
        4286     1.14798     1.08388  0.00157639
        4287     1.14579     1.08389  0.00157608
        4288     1.14354     1.08391  0.00157578
        4289     1.14124     1.08392  0.00157547
        4290      1.1389     1.08393  0.00157515
        4291     1.13652     1.08395  0.00157483
        4292     1.13411     1.08396  0.00157451
        4293     1.13167     1.08397  0.00157418
        4294      1.1292     1.08398  0.00157385
        4295     1.12671     1.08399  0.00157352
        4296     1.12419       1.084  0.00157318
        4297     1.12164     1.08401  0.00157284
        4298     1.11908     1.08401  0.00157249
        4299     1.11648     1.08402  0.00157214
        4300     1.11386     1.08403  0.00157179
        4301     1.11122     1.08404  0.00157144
        4302     1.10854     1.08404  0.00157108
        4303     1.10583     1.08405  0.00157073
        4304     1.10308     1.08405  0.00157037
        4305      1.1003     1.08405  0.00157001
        4306     1.09747     1.08406  0.00156965
        4307     1.09461     1.08406  0.00156929
        4308      1.0917     1.08406  0.00156892
        4309     1.08875     1.08406  0.00156856
        4310     1.08575     1.08406  0.00156819
        4311      1.0827     1.08406  0.00156783
        4312      1.0796     1.08406  0.00156747
        4313     1.07645     1.08406   0.0015671
        4314     1.07326     1.08406  0.00156674
        4315     1.07001     1.08405  0.00156638
        4316      1.0667     1.08405  0.00156603
        4317     1.06335     1.08405  0.00156567
        4318     1.05994     1.08404  0.00156532
        4319     1.05649     1.08403  0.00156497
        4320     1.05298     1.08403  0.00156462
        4321     1.04944     1.08402  0.00156428
        4322     1.04586     1.08401  0.00156394
        4323     1.04224       1.084  0.00156361
        4324      1.0386     1.08399  0.00156329
        4325     1.03494     1.08398  0.00156297
        4326     1.03126     1.08397  0.00156265
        4327     1.02758     1.08395  0.00156234
        4328     1.02391     1.08394  0.00156205
        4329     1.02026     1.08392  0.00156175
        4330     1.01663     1.08391  0.00156147
        4331     1.01306     1.08389   0.0015612
        4332     1.00954     1.08388  0.00156093
        4333      1.0061     1.08386  0.00156067
        4334     1.00275     1.08384  0.00156042
        4335    0.999509     1.08382  0.00156019
        4336    0.996398      1.0838  0.00155996
        4337    0.993432     1.08378  0.00155974
        4338    0.990631     1.08376  0.00155952
        4339    0.988013     1.08373  0.00155932
        4340    0.985594     1.08371  0.00155913
        4341    0.983389     1.08369  0.00155894
        4342    0.981414     1.08367  0.00155876
        4343     0.97968     1.08364  0.00155858
        4344    0.978198     1.08362  0.00155841
        4345    0.976978     1.08359  0.00155825
        4346    0.976027     1.08357  0.00155808
        4347    0.975351     1.08354  0.00155792
        4348     0.97495     1.08352  0.00155777
        4349    0.974823     1.08349  0.00155761
        4350    0.974966     1.08347  0.00155745
        4351    0.975374     1.08344  0.00155729
        4352    0.976039     1.08342  0.00155713
        4353     0.97695     1.08339  0.00155696
        4354    0.978095     1.08337  0.00155679
        4355     0.97946     1.08335  0.00155662
        4356    0.981031     1.08332  0.00155644
        4357    0.982791      1.0833  0.00155625
        4358    0.984723     1.08328  0.00155606
        4359    0.986811     1.08325  0.00155586
        4360    0.989038     1.08323  0.00155565
        4361    0.991386     1.08321  0.00155544
        4362    0.993839     1.08319  0.00155522
        4363    0.996383     1.08317  0.00155499
        4364    0.999005     1.08315  0.00155475
        4365     1.00169     1.08313  0.00155451
        4366     1.00443     1.08312  0.00155426
        4367      1.0072      1.0831    0.001554
        4368     1.01001     1.08308  0.00155373
        4369     1.01284     1.08307  0.00155346
        4370     1.01569     1.08305  0.00155318
        4371     1.01854     1.08304  0.00155289
        4372     1.02139     1.08302   0.0015526
        4373     1.02423     1.08301  0.00155231
        4374     1.02707       1.083    0.001552
        4375     1.02988     1.08298   0.0015517
        4376     1.03267     1.08297  0.00155139
        4377     1.03543     1.08296  0.00155107
        4378     1.03814     1.08295  0.00155075
        4379     1.04081     1.08294  0.00155042
        4380     1.04342     1.08293   0.0015501
        4381     1.04595     1.08292  0.00154977
        4382     1.04841     1.08292  0.00154943
        4383     1.05078     1.08291   0.0015491
        4384     1.05304      1.0829  0.00154876
        4385     1.05519     1.08289  0.00154842
        4386     1.05721     1.08289  0.00154807
        4387     1.05909     1.08288  0.00154773
        4388     1.06081     1.08288  0.00154739
        4389     1.06237     1.08287  0.00154704
        4390     1.06375     1.08287   0.0015467
        4391     1.06494     1.08287  0.00154635
        4392     1.06594     1.08286    0.001546
        4393     1.06674     1.08286  0.00154565
        4394     1.06732     1.08285  0.00154531
        4395     1.06769     1.08285  0.00154496
        4396     1.06784     1.08285  0.00154461
        4397     1.06778     1.08284  0.00154426
        4398      1.0675     1.08284  0.00154392
        4399     1.06701     1.08284  0.00154357
        4400      1.0663     1.08283  0.00154322
        4401      1.0654     1.08283  0.00154288
        4402      1.0643     1.08283  0.00154253
        4403     1.06302     1.08282  0.00154219
        4404     1.06158     1.08282  0.00154185
        4405     1.05998     1.08281   0.0015415
        4406     1.05826     1.08281  0.00154116
        4407     1.05642      1.0828  0.00154083
        4408      1.0545     1.08279  0.00154049
        4409      1.0525     1.08279  0.00154016
        4410     1.05046     1.08278  0.00153982
        4411      1.0484     1.08277   0.0015395
        4412     1.04635     1.08276  0.00153917
        4413     1.04432     1.08275  0.00153884
        4414     1.04235     1.08274  0.00153852
        4415     1.04046     1.08273   0.0015382
        4416     1.03866     1.08272  0.00153789
        4417     1.03699     1.08271  0.00153758
        4418     1.03545      1.0827  0.00153726
        4419     1.03408     1.08269  0.00153696
        4420     1.03287     1.08268  0.00153665
        4421     1.03185     1.08267  0.00153634
        4422     1.03102     1.08266  0.00153604
        4423      1.0304     1.08265  0.00153574
        4424     1.02998     1.08263  0.00153544
        4425     1.02976     1.08262  0.00153514
        4426     1.02975     1.08261  0.00153484
        4427     1.02994      1.0826  0.00153454
        4428     1.03033     1.08259  0.00153424
        4429     1.03092     1.08258  0.00153393
        4430     1.03169     1.08256  0.00153363
        4431     1.03264     1.08255  0.00153333
        4432     1.03375     1.08254  0.00153302
        4433     1.03503     1.08253  0.00153271
        4434     1.03646     1.08252   0.0015324
        4435     1.03804     1.08251  0.00153209
        4436     1.03975      1.0825  0.00153177
        4437      1.0416     1.08249  0.00153146
        4438     1.04357     1.08248  0.00153114
        4439     1.04565     1.08247  0.00153081
        4440     1.04786     1.08247  0.00153049
        4441     1.05018     1.08246  0.00153016
        4442      1.0526     1.08245  0.00152983
        4443     1.05514     1.08245   0.0015295
        4444     1.05777     1.08244  0.00152917
        4445     1.06051     1.08244  0.00152883
        4446     1.06335     1.08243  0.00152849
        4447     1.06629     1.08243  0.00152815
        4448     1.06933     1.08243  0.00152781
        4449     1.07246     1.08242  0.00152747
        4450     1.07568     1.08242  0.00152713
        4451     1.07899     1.08242  0.00152678
        4452     1.08237     1.08242  0.00152644
        4453     1.08583     1.08242   0.0015261
        4454     1.08935     1.08242  0.00152576
        4455     1.09293     1.08243  0.00152542
        4456     1.09656     1.08243  0.00152508
        4457     1.10023     1.08243  0.00152474
        4458     1.10392     1.08244  0.00152441
        4459     1.10762     1.08244  0.00152407
        4460     1.11133     1.08245  0.00152375
        4461     1.11503     1.08246  0.00152342
        4462      1.1187     1.08247   0.0015231
        4463     1.12233     1.08247  0.00152279
        4464     1.12591     1.08248  0.00152248
        4465     1.12942     1.08249  0.00152217
        4466     1.13285     1.08251  0.00152187
        4467     1.13618     1.08252  0.00152158
        4468     1.13941     1.08253  0.00152129
        4469     1.14252     1.08254  0.00152101
        4470     1.14549     1.08256  0.00152074
        4471     1.14833     1.08257  0.00152047
        4472     1.15101     1.08259   0.0015202
        4473     1.15352      1.0826  0.00151995
        4474     1.15587     1.08262   0.0015197
        4475     1.15804     1.08264  0.00151945
        4476     1.16002     1.08265  0.00151921
        4477     1.16182     1.08267  0.00151897
        4478     1.16342     1.08269  0.00151874
        4479     1.16481     1.08271  0.00151851
        4480       1.166     1.08273  0.00151829
        4481     1.16699     1.08275  0.00151806
        4482     1.16777     1.08276  0.00151784
        4483     1.16835     1.08278  0.00151763
        4484     1.16872      1.0828  0.00151741
        4485     1.16889     1.08282  0.00151719
        4486     1.16885     1.08284  0.00151697
        4487     1.16862     1.08286  0.00151676
        4488      1.1682     1.08288  0.00151654
        4489      1.1676      1.0829  0.00151632
        4490     1.16682     1.08292  0.00151609
        4491     1.16586     1.08294  0.00151587
        4492     1.16475     1.08295  0.00151564
        4493     1.16349     1.08297  0.00151541
        4494     1.16209     1.08299  0.00151518
        4495     1.16056     1.08301  0.00151494
        4496     1.15891     1.08302  0.00151469
        4497     1.15715     1.08304  0.00151445
        4498      1.1553     1.08306   0.0015142
        4499     1.15337     1.08307  0.00151394
        4500     1.15136     1.08309  0.00151368
        4501     1.14929      1.0831  0.00151341
        4502     1.14717     1.08312  0.00151314
        4503       1.145     1.08313  0.00151287
        4504      1.1428     1.08314  0.00151259
        4505     1.14056     1.08316  0.00151231
        4506      1.1383     1.08317  0.00151203
        4507     1.13602     1.08318  0.00151174
        4508     1.13372     1.08319  0.00151144
        4509      1.1314      1.0832  0.00151114
        4510     1.12906     1.08321  0.00151084
        4511     1.12671     1.08322  0.00151054
        4512     1.12433     1.08323  0.00151023
        4513     1.12194     1.08324  0.00150992
        4514     1.11952     1.08325  0.00150961
        4515     1.11707     1.08325  0.00150929
        4516     1.11458     1.08326  0.00150897
        4517     1.11207     1.08327  0.00150865
        4518     1.10951     1.08327  0.00150833
        4519     1.10692     1.08328  0.00150801
        4520     1.10428     1.08328  0.00150768
        4521      1.1016     1.08329  0.00150735
        4522     1.09887     1.08329  0.00150702
        4523      1.0961     1.08329  0.00150669
        4524     1.09328      1.0833  0.00150636
        4525     1.09042      1.0833  0.00150603
        4526     1.08752      1.0833   0.0015057
        4527     1.08458      1.0833  0.00150536
        4528      1.0816      1.0833  0.00150503
        4529      1.0786      1.0833   0.0015047
        4530     1.07556      1.0833  0.00150437
        4531      1.0725     1.08329  0.00150404
        4532     1.06943     1.08329  0.00150371
        4533     1.06634     1.08329  0.00150338
        4534     1.06325     1.08328  0.00150306
        4535     1.06017     1.08328  0.00150273
        4536      1.0571     1.08327  0.00150241
        4537     1.05405     1.08326   0.0015021
        4538     1.05104     1.08326  0.00150178
        4539     1.04806     1.08325  0.00150147
        4540     1.04513     1.08324  0.00150116
        4541     1.04226     1.08323  0.00150086
        4542     1.03945     1.08322  0.00150056
        4543     1.03672     1.08321  0.00150027
        4544     1.03407      1.0832  0.00149997
        4545     1.03151     1.08319  0.00149969
        4546     1.02905     1.08318   0.0014994
        4547     1.02669     1.08317  0.00149913
        4548     1.02445     1.08315  0.00149885
        4549     1.02231     1.08314  0.00149858
        4550     1.02029     1.08313  0.00149832
        4551     1.01838     1.08311  0.00149806
        4552     1.01659      1.0831   0.0014978
        4553     1.01491     1.08308  0.00149754
        4554     1.01334     1.08307  0.00149729
        4555     1.01188     1.08305  0.00149705
        4556     1.01052     1.08303   0.0014968
        4557     1.00927     1.08302  0.00149656
        4558     1.00811       1.083  0.00149632
        4559     1.00705     1.08299  0.00149609
        4560     1.00608     1.08297  0.00149585
        4561     1.00519     1.08295  0.00149562
        4562     1.00438     1.08293  0.00149539
        4563     1.00366     1.08292  0.00149517
        4564     1.00301      1.0829  0.00149494
        4565     1.00244     1.08288  0.00149472
        4566     1.00196     1.08286   0.0014945
        4567     1.00156     1.08285  0.00149428
        4568     1.00126     1.08283  0.00149406
        4569     1.00105     1.08281  0.00149384
        4570     1.00094     1.08279  0.00149362
        4571     1.00093     1.08277   0.0014934
        4572     1.00105     1.08276  0.00149318
        4573     1.00129     1.08274  0.00149296
        4574     1.00166     1.08272  0.00149274
        4575     1.00216      1.0827  0.00149251
        4576     1.00281     1.08269  0.00149229
        4577     1.00361     1.08267  0.00149206
        4578     1.00456     1.08265  0.00149183
        4579     1.00566     1.08264   0.0014916
        4580     1.00692     1.08262  0.00149137
        4581     1.00832      1.0826  0.00149113
        4582     1.00988     1.08259  0.00149089
        4583     1.01157     1.08257  0.00149065
        4584      1.0134     1.08256   0.0014904
        4585     1.01535     1.08254  0.00149014
        4586     1.01741     1.08253  0.00148989
        4587     1.01957     1.08251  0.00148963
        4588     1.02181      1.0825  0.00148936
        4589     1.02411     1.08249  0.00148909
        4590     1.02647     1.08248  0.00148882
        4591     1.02887     1.08246  0.00148854
        4592      1.0313     1.08245  0.00148825
        4593     1.03373     1.08244  0.00148797
        4594     1.03616     1.08243  0.00148768
        4595     1.03857     1.08242  0.00148739
        4596     1.04095     1.08241  0.00148709
        4597      1.0433      1.0824  0.00148679
        4598      1.0456      1.0824  0.00148649
        4599     1.04784     1.08239  0.00148618
        4600     1.05003     1.08238  0.00148588
        4601     1.05215     1.08238  0.00148557
        4602     1.05421     1.08237  0.00148526
        4603      1.0562     1.08236  0.00148495
        4604     1.05813     1.08236  0.00148463
        4605        1.06     1.08235  0.00148432
        4606     1.06181     1.08235    0.001484
        4607     1.06357     1.08235  0.00148369
        4608      1.0653     1.08234  0.00148337
        4609     1.06699     1.08234  0.00148305
        4610     1.06866     1.08234  0.00148273
        4611     1.07033     1.08233  0.00148241
        4612       1.072     1.08233  0.00148209
        4613      1.0737     1.08233  0.00148177
        4614     1.07543     1.08233  0.00148145
        4615     1.07721     1.08233  0.00148113
        4616     1.07906     1.08233  0.00148081
        4617     1.08099     1.08232  0.00148049
        4618     1.08302     1.08233  0.00148017
        4619     1.08515     1.08233  0.00147985
        4620      1.0874     1.08233  0.00147953
        4621     1.08977     1.08233  0.00147921
        4622     1.09226     1.08233  0.00147889
        4623     1.09487     1.08233  0.00147858
        4624      1.0976     1.08234  0.00147826
        4625     1.10043     1.08234  0.00147795
        4626     1.10337     1.08234  0.00147763
        4627     1.10639     1.08235  0.00147732
        4628     1.10948     1.08236  0.00147701
        4629     1.11261     1.08236  0.00147671
        4630     1.11577     1.08237  0.00147641
        4631     1.11894     1.08238  0.00147611
        4632      1.1221     1.08239  0.00147582
        4633     1.12522      1.0824  0.00147553
        4634     1.12829     1.08241  0.00147524
        4635     1.13129     1.08242  0.00147496
        4636      1.1342     1.08243  0.00147469
        4637     1.13702     1.08244  0.00147442
        4638     1.13972     1.08245  0.00147415
        4639     1.14231     1.08246  0.00147389
        4640     1.14478     1.08248  0.00147363
        4641     1.14712     1.08249  0.00147338
        4642     1.14933     1.08251  0.00147313
        4643     1.15141     1.08252  0.00147289
        4644     1.15337     1.08254  0.00147265
        4645      1.1552     1.08255  0.00147242
        4646      1.1569     1.08257  0.00147219
        4647     1.15848     1.08258  0.00147196
        4648     1.15993      1.0826  0.00147174
        4649     1.16126     1.08262  0.00147152
        4650     1.16247     1.08263   0.0014713
        4651     1.16354     1.08265  0.00147109
        4652     1.16448     1.08267  0.00147088
        4653     1.16529     1.08269  0.00147067
        4654     1.16595     1.08271  0.00147046
        4655     1.16646     1.08272  0.00147026
        4656     1.16682     1.08274  0.00147005
        4657     1.16701     1.08276  0.00146985
        4658     1.16703     1.08278  0.00146964
        4659     1.16688      1.0828  0.00146944
        4660     1.16654     1.08281  0.00146923
        4661       1.166     1.08283  0.00146903
        4662     1.16528     1.08285  0.00146882
        4663     1.16436     1.08287  0.00146861
        4664     1.16324     1.08288  0.00146839
        4665     1.16192      1.0829  0.00146818
        4666     1.16041     1.08292  0.00146796
        4667      1.1587     1.08293  0.00146773
        4668     1.15681     1.08295   0.0014675
        4669     1.15473     1.08296  0.00146727
        4670     1.15249     1.08298  0.00146703
        4671     1.15009     1.08299  0.00146679
        4672     1.14755     1.08301  0.00146654
        4673     1.14489     1.08302  0.00146628
        4674     1.14211     1.08303  0.00146602
        4675     1.13925     1.08305  0.00146576
        4676     1.13632     1.08306  0.00146549
        4677     1.13334     1.08307  0.00146522
        4678     1.13034     1.08308  0.00146494
        4679     1.12732     1.08309  0.00146466
        4680     1.12432      1.0831  0.00146437
        4681     1.12135      1.0831  0.00146408
        4682     1.11843     1.08311  0.00146379
        4683     1.11558     1.08312  0.00146349
        4684     1.11282     1.08313  0.00146319
        4685     1.11014     1.08313  0.00146289
        4686     1.10756     1.08314  0.00146259
        4687     1.10509     1.08314  0.00146228
        4688     1.10272     1.08315  0.00146198
        4689     1.10046     1.08315  0.00146167
        4690     1.09829     1.08315  0.00146136
        4691     1.09621     1.08315  0.00146105
        4692      1.0942     1.08316  0.00146074
        4693     1.09225     1.08316  0.00146043
        4694     1.09035     1.08316  0.00146012
        4695     1.08847     1.08316  0.00145981
        4696     1.08659     1.08316   0.0014595
        4697     1.08469     1.08316  0.00145919
        4698     1.08275     1.08316  0.00145888
        4699     1.08074     1.08316  0.00145857
        4700     1.07865     1.08316  0.00145826
        4701     1.07645     1.08316  0.00145795
        4702     1.07412     1.08316  0.00145764
        4703     1.07165     1.08316  0.00145733
        4704     1.06901     1.08315  0.00145703
        4705      1.0662     1.08315  0.00145672
        4706     1.06319     1.08314  0.00145642
        4707        1.06     1.08314  0.00145612
        4708      1.0566     1.08313  0.00145582
        4709       1.053     1.08313  0.00145552
        4710      1.0492     1.08312  0.00145523
        4711     1.04519     1.08311  0.00145495
        4712       1.041      1.0831  0.00145466
        4713     1.03663     1.08309  0.00145439
        4714      1.0321     1.08308  0.00145412
        4715     1.02743     1.08307  0.00145386
        4716     1.02263     1.08306  0.00145361
        4717     1.01775     1.08304  0.00145337
        4718      1.0128     1.08303  0.00145313
        4719     1.00782     1.08301  0.00145291
        4720     1.00284       1.083  0.00145271
        4721    0.997912     1.08298  0.00145251
        4722    0.993065     1.08296  0.00145233
        4723    0.988343     1.08294  0.00145216
        4724    0.983785     1.08292    0.001452
        4725    0.979432      1.0829  0.00145186
        4726    0.975322     1.08287  0.00145173
        4727    0.971492     1.08285  0.00145161
        4728    0.967977     1.08283  0.00145151
        4729    0.964805      1.0828  0.00145142
        4730    0.962004     1.08278  0.00145134
        4731    0.959598     1.08275  0.00145126
        4732    0.957603     1.08272   0.0014512
        4733    0.956032      1.0827  0.00145114
        4734    0.954892     1.08267  0.00145108
        4735    0.954186     1.08264  0.00145103
        4736    0.953914     1.08261  0.00145098
        4737    0.954069     1.08259  0.00145093
        4738    0.954641     1.08256  0.00145087
        4739     0.95562     1.08253  0.00145081
        4740    0.956988     1.08251  0.00145075
        4741     0.95873     1.08248  0.00145068
        4742    0.960824     1.08246   0.0014506
        4743    0.963253     1.08243  0.00145051
        4744    0.965996     1.08241  0.00145041
        4745    0.969029     1.08238   0.0014503
        4746    0.972332     1.08236  0.00145018
        4747    0.975883     1.08234  0.00145005
        4748    0.979661     1.08231  0.00144991
        4749    0.983646     1.08229  0.00144975
        4750    0.987818     1.08227  0.00144958
        4751     0.99216     1.08226   0.0014494
        4752    0.996654     1.08224  0.00144921
        4753     1.00128     1.08222    0.001449
        4754     1.00603      1.0822  0.00144878
        4755     1.01089     1.08219  0.00144856
        4756     1.01583     1.08218  0.00144832
        4757     1.02085     1.08216  0.00144807
        4758     1.02594     1.08215  0.00144782
        4759     1.03108     1.08214  0.00144755
        4760     1.03625     1.08213  0.00144728
        4761     1.04146     1.08212    0.001447
        4762     1.04668     1.08211  0.00144672
        4763     1.05191     1.08211  0.00144643
        4764     1.05712      1.0821  0.00144613
        4765     1.06232      1.0821  0.00144584
        4766     1.06749      1.0821  0.00144554
        4767     1.07261     1.08209  0.00144523
        4768     1.07767     1.08209  0.00144493
        4769     1.08265     1.08209  0.00144463
        4770     1.08755     1.08209  0.00144433
        4771     1.09235      1.0821  0.00144402
        4772     1.09703      1.0821  0.00144373
        4773     1.10158      1.0821  0.00144343
        4774     1.10599     1.08211  0.00144313
        4775     1.11023     1.08211  0.00144284
        4776     1.11429     1.08212  0.00144256
        4777     1.11817     1.08213  0.00144228
        4778     1.12184     1.08214    0.001442
        4779     1.12528     1.08215  0.00144172
        4780      1.1285     1.08216  0.00144146
        4781     1.13147     1.08217  0.00144119
        4782     1.13418     1.08218  0.00144093
        4783     1.13662     1.08219  0.00144067
        4784     1.13879      1.0822  0.00144042
        4785     1.14067     1.08221  0.00144017
        4786     1.14225     1.08222  0.00143993
        4787     1.14353     1.08224  0.00143968
        4788     1.14451     1.08225  0.00143944
        4789     1.14518     1.08226   0.0014392
        4790     1.14553     1.08228  0.00143896
        4791     1.14557     1.08229  0.00143872
        4792      1.1453      1.0823  0.00143848
        4793     1.14471     1.08232  0.00143824
        4794     1.14382     1.08233    0.001438
        4795     1.14262     1.08234  0.00143775
        4796     1.14111     1.08235   0.0014375
        4797     1.13931     1.08237  0.00143725
        4798     1.13723     1.08238    0.001437
        4799     1.13487     1.08239  0.00143674
        4800     1.13224      1.0824  0.00143648
        4801     1.12936     1.08241  0.00143621
        4802     1.12623     1.08242  0.00143594
        4803     1.12288     1.08243  0.00143567
        4804     1.11931     1.08243  0.00143539
        4805     1.11553     1.08244  0.00143511
        4806     1.11158     1.08245  0.00143482
        4807     1.10746     1.08245  0.00143453
        4808      1.1032     1.08246  0.00143424
        4809     1.09881     1.08246  0.00143395
        4810     1.09432     1.08246  0.00143365
        4811     1.08974     1.08246  0.00143335
        4812      1.0851     1.08246  0.00143306
        4813     1.08042     1.08246  0.00143276
        4814     1.07571     1.08246  0.00143246
        4815     1.07101     1.08246  0.00143217
        4816     1.06633     1.08246  0.00143187
        4817      1.0617     1.08245  0.00143158
        4818     1.05714     1.08245   0.0014313
        4819     1.05266     1.08244  0.00143101
        4820     1.04829     1.08243  0.00143073
        4821     1.04404     1.08243  0.00143046
        4822     1.03993     1.08242  0.00143019
        4823     1.03597     1.08241  0.00142992
        4824     1.03219      1.0824  0.00142967
        4825     1.02859     1.08239  0.00142941
        4826     1.02518     1.08237  0.00142917
        4827     1.02197     1.08236  0.00142892
        4828     1.01897     1.08235  0.00142869
        4829     1.01619     1.08233  0.00142846
        4830     1.01363     1.08232  0.00142823
        4831     1.01129     1.08231  0.00142801
        4832     1.00918     1.08229   0.0014278
        4833     1.00729     1.08227  0.00142759
        4834     1.00562     1.08226  0.00142738
        4835     1.00418     1.08224  0.00142718
        4836     1.00296     1.08223  0.00142697
        4837     1.00195     1.08221  0.00142678
        4838     1.00116     1.08219  0.00142658
        4839     1.00057     1.08218  0.00142638
        4840     1.00017     1.08216  0.00142619
        4841    0.999973     1.08214    0.001426
        4842    0.999959     1.08213   0.0014258
        4843     1.00012     1.08211  0.00142561
        4844     1.00046     1.08209  0.00142542
        4845     1.00097     1.08207  0.00142522
        4846     1.00163     1.08206  0.00142502
        4847     1.00245     1.08204  0.00142482
        4848     1.00341     1.08203  0.00142462
        4849     1.00452     1.08201  0.00142442
        4850     1.00576     1.08199  0.00142421
        4851     1.00714     1.08198    0.001424
        4852     1.00864     1.08196  0.00142379
        4853     1.01028     1.08195  0.00142357
        4854     1.01204     1.08193  0.00142335
        4855     1.01393     1.08192  0.00142313
        4856     1.01596     1.08191   0.0014229
        4857     1.01811     1.08189  0.00142266
        4858      1.0204     1.08188  0.00142243
        4859     1.02284     1.08187  0.00142219
        4860     1.02542     1.08186  0.00142194
        4861     1.02815     1.08185  0.00142169
        4862     1.03104     1.08184  0.00142144
        4863     1.03408     1.08183  0.00142118
        4864     1.03728     1.08182  0.00142092
        4865     1.04065     1.08181  0.00142065
        4866     1.04418      1.0818  0.00142038
        4867     1.04788     1.08179   0.0014201
        4868     1.05173     1.08179  0.00141983
        4869     1.05574     1.08178  0.00141954
        4870     1.05989     1.08178  0.00141926
        4871     1.06418     1.08177  0.00141897
        4872     1.06859     1.08177  0.00141869
        4873     1.07312     1.08177   0.0014184
        4874     1.07774     1.08177   0.0014181
        4875     1.08244     1.08177  0.00141781
        4876     1.08721     1.08177  0.00141752
        4877     1.09201     1.08177  0.00141723
        4878     1.09684     1.08177  0.00141695
        4879     1.10168     1.08178  0.00141666
        4880     1.10649     1.08178  0.00141638
        4881     1.11128     1.08179   0.0014161
        4882       1.116      1.0818  0.00141583
        4883     1.12065      1.0818  0.00141556
        4884     1.12521     1.08181   0.0014153
        4885     1.12967     1.08182  0.00141505
        4886     1.13399     1.08183   0.0014148
        4887     1.13819     1.08185  0.00141455
        4888     1.14223     1.08186  0.00141432
        4889      1.1461     1.08187  0.00141409
        4890      1.1498     1.08189  0.00141387
        4891     1.15332      1.0819  0.00141366
        4892     1.15664     1.08191  0.00141345
        4893     1.15978     1.08193  0.00141325
        4894     1.16271     1.08195  0.00141306
        4895     1.16543     1.08196  0.00141287
        4896     1.16795     1.08198  0.00141269
        4897     1.17027       1.082  0.00141252
        4898     1.17239     1.08202  0.00141235
        4899      1.1743     1.08204  0.00141219
        4900     1.17602     1.08206  0.00141203
        4901     1.17755     1.08208  0.00141188
        4902      1.1789      1.0821  0.00141173
        4903     1.18007     1.08212  0.00141158
        4904     1.18107     1.08214  0.00141144
        4905     1.18192     1.08216   0.0014113
        4906     1.18262     1.08218  0.00141116
        4907     1.18319      1.0822  0.00141102
        4908     1.18364     1.08222  0.00141088
        4909     1.18397     1.08224  0.00141075
        4910      1.1842     1.08226  0.00141061
        4911     1.18433     1.08228  0.00141048
        4912     1.18439      1.0823  0.00141035
        4913     1.18437     1.08232  0.00141021
        4914     1.18429     1.08234  0.00141008
        4915     1.18416     1.08236  0.00140994
        4916     1.18397     1.08238  0.00140981
        4917     1.18375      1.0824  0.00140967
        4918     1.18348     1.08243  0.00140953
        4919     1.18318     1.08245   0.0014094
        4920     1.18286     1.08247  0.00140926
        4921     1.18251     1.08249  0.00140912
        4922     1.18213     1.08251  0.00140898
        4923     1.18173     1.08253  0.00140883
        4924     1.18132     1.08255  0.00140869
        4925     1.18089     1.08257  0.00140855
        4926     1.18045     1.08259   0.0014084
        4927        1.18     1.08261  0.00140825
        4928     1.17954     1.08263  0.00140811
        4929     1.17906     1.08265  0.00140796
        4930     1.17858     1.08267   0.0014078
        4931      1.1781     1.08268  0.00140765
        4932      1.1776      1.0827   0.0014075
        4933      1.1771     1.08272  0.00140734
        4934      1.1766     1.08274  0.00140719
        4935     1.17609     1.08276  0.00140703
        4936     1.17557     1.08278  0.00140687
        4937     1.17504      1.0828  0.00140671
        4938     1.17449     1.08282  0.00140655
        4939     1.17392     1.08284  0.00140638
        4940     1.17332     1.08285  0.00140622
        4941     1.17269     1.08287  0.00140605
        4942     1.17201     1.08289  0.00140588
        4943     1.17129     1.08291  0.00140571
        4944     1.17051     1.08293  0.00140554
        4945     1.16966     1.08294  0.00140536
        4946     1.16873     1.08296  0.00140519
        4947     1.16771     1.08298  0.00140501
        4948      1.1666     1.08299  0.00140482
        4949     1.16538     1.08301  0.00140464
        4950     1.16406     1.08303  0.00140445
        4951     1.16261     1.08304  0.00140426
        4952     1.16104     1.08306  0.00140406
        4953     1.15934     1.08307  0.00140386
        4954     1.15751     1.08309  0.00140366
        4955     1.15554      1.0831  0.00140345
        4956     1.15345     1.08312  0.00140324
        4957     1.15122     1.08313  0.00140303
        4958     1.14886     1.08315  0.00140281
        4959     1.14639     1.08316  0.00140258
        4960     1.14379     1.08317  0.00140235
        4961     1.14108     1.08318  0.00140212
        4962     1.13826     1.08319  0.00140188
        4963     1.13535      1.0832  0.00140164
        4964     1.13236     1.08321  0.00140139
        4965     1.12929     1.08322  0.00140114
        4966     1.12616     1.08323  0.00140088
        4967     1.12299     1.08324  0.00140062
        4968     1.11977     1.08325  0.00140036
        4969     1.11654     1.08325  0.00140009
        4970     1.11329     1.08326  0.00139983
        4971     1.11005     1.08326  0.00139955
        4972     1.10683     1.08327  0.00139928
        4973     1.10364     1.08327  0.00139901
        4974     1.10049     1.08328  0.00139873
        4975     1.09741     1.08328  0.00139845
        4976      1.0944     1.08328  0.00139817
        4977     1.09148     1.08328  0.00139789
        4978     1.08865     1.08329  0.00139761
        4979     1.08593     1.08329  0.00139733
        4980     1.08333     1.08329  0.00139705
        4981     1.08086     1.08329  0.00139677
        4982     1.07853     1.08328  0.00139649
        4983     1.07634     1.08328  0.00139621
        4984     1.07431     1.08328  0.00139593
        4985     1.07243     1.08328  0.00139565
        4986     1.07072     1.08328  0.00139537
        4987     1.06916     1.08327   0.0013951
        4988     1.06778     1.08327  0.00139482
        4989     1.06656     1.08327  0.00139455
        4990     1.06552     1.08326  0.00139427
        4991     1.06464     1.08326    0.001394
        4992     1.06392     1.08326  0.00139372
        4993     1.06338     1.08325  0.00139345
        4994       1.063     1.08325  0.00139318
        4995     1.06279     1.08324   0.0013929
        4996     1.06273     1.08324  0.00139263
        4997     1.06283     1.08324  0.00139236
        4998     1.06309     1.08323  0.00139208
        4999     1.06349     1.08323  0.00139181
        5000     1.06404     1.08322  0.00139154
        5001     1.06474     1.08322  0.00139127
        5002     1.06558     1.08322  0.00139099
        5003     1.06655     1.08321  0.00139072
        5004     1.06765     1.08321  0.00139044
        5005     1.06888     1.08321  0.00139017
        5006     1.07023      1.0832  0.00138989
        5007      1.0717      1.0832  0.00138962
        5008     1.07327      1.0832  0.00138934
        5009     1.07493      1.0832  0.00138907
        5010     1.07669      1.0832  0.00138879
        5011     1.07853      1.0832  0.00138851
        5012     1.08045      1.0832  0.00138823
        5013     1.08243      1.0832  0.00138796
        5014     1.08447      1.0832  0.00138768
        5015     1.08655      1.0832   0.0013874
        5016     1.08866      1.0832  0.00138713
        5017      1.0908      1.0832  0.00138685
        5018     1.09295      1.0832  0.00138658
        5019     1.09509      1.0832   0.0013863
        5020     1.09722     1.08321  0.00138603
        5021     1.09933     1.08321  0.00138576
        5022     1.10141     1.08321  0.00138549
        5023     1.10343     1.08322  0.00138522
        5024     1.10541     1.08322  0.00138495
        5025     1.10731     1.08323  0.00138468
        5026     1.10914     1.08323  0.00138441
        5027     1.11088     1.08324  0.00138415
        5028     1.11253     1.08324  0.00138389
        5029     1.11409     1.08325  0.00138363
        5030     1.11553     1.08326  0.00138337
        5031     1.11687     1.08326  0.00138311
        5032     1.11809     1.08327  0.00138285
        5033     1.11919     1.08328  0.00138259
        5034     1.12018     1.08328  0.00138234
        5035     1.12105     1.08329  0.00138208
        5036      1.1218      1.0833  0.00138183
        5037     1.12244     1.08331  0.00138158
        5038     1.12297     1.08331  0.00138133
        5039     1.12339     1.08332  0.00138107
        5040     1.12371     1.08333  0.00138082
        5041     1.12394     1.08334  0.00138057
        5042     1.12407     1.08335  0.00138032
        5043     1.12413     1.08335  0.00138007
        5044     1.12411     1.08336  0.00137982
        5045     1.12402     1.08337  0.00137957
        5046     1.12387     1.08338  0.00137932
        5047     1.12367     1.08339  0.00137907
        5048     1.12342     1.08339  0.00137882
        5049     1.12313      1.0834  0.00137857
        5050     1.12281     1.08341  0.00137832
        5051     1.12246     1.08342  0.00137807
        5052     1.12209     1.08343  0.00137782
        5053      1.1217     1.08343  0.00137757
        5054     1.12129     1.08344  0.00137731
        5055     1.12087     1.08345  0.00137706
        5056     1.12043     1.08346  0.00137681
        5057     1.11998     1.08346  0.00137656
        5058     1.11952     1.08347   0.0013763
        5059     1.11905     1.08348  0.00137605
        5060     1.11855     1.08348  0.00137579
        5061     1.11804     1.08349  0.00137554
        5062      1.1175      1.0835  0.00137528
        5063     1.11693      1.0835  0.00137503
        5064     1.11632     1.08351  0.00137477
        5065     1.11568     1.08352  0.00137451
        5066       1.115     1.08352  0.00137426
        5067     1.11427     1.08353    0.001374
        5068     1.11349     1.08353  0.00137374
        5069     1.11265     1.08354  0.00137348
        5070     1.11175     1.08355  0.00137322
        5071     1.11079     1.08355  0.00137296
        5072     1.10976     1.08356   0.0013727
        5073     1.10867     1.08356  0.00137244
        5074     1.10751     1.08357  0.00137218
        5075     1.10628     1.08357  0.00137191
        5076       1.105     1.08358  0.00137165
        5077     1.10365     1.08358  0.00137139
        5078     1.10224     1.08358  0.00137112
        5079     1.10077     1.08359  0.00137085
        5080     1.09925     1.08359  0.00137059
        5081     1.09769     1.08359  0.00137032
        5082     1.09608     1.08359  0.00137005
        5083     1.09444      1.0836  0.00136979
        5084     1.09276      1.0836  0.00136952
        5085     1.09106      1.0836  0.00136925
        5086     1.08933      1.0836  0.00136898
        5087     1.08758      1.0836  0.00136871
        5088     1.08582      1.0836  0.00136844
        5089     1.08404      1.0836  0.00136817
        5090     1.08225      1.0836   0.0013679
        5091     1.08045      1.0836  0.00136764
        5092     1.07864      1.0836  0.00136737
        5093     1.07682      1.0836   0.0013671
        5094     1.07499      1.0836  0.00136683
        5095     1.07315      1.0836  0.00136657
        5096      1.0713     1.08359   0.0013663
        5097     1.06943     1.08359  0.00136603
        5098     1.06756     1.08359  0.00136577
        5099     1.06567     1.08358  0.00136551
        5100     1.06377     1.08358  0.00136524
        5101     1.06186     1.08358  0.00136498
        5102     1.05994     1.08357  0.00136472
        5103     1.05802     1.08357  0.00136447
        5104      1.0561     1.08356  0.00136421
        5105     1.05419     1.08355  0.00136395
        5106     1.05228     1.08355   0.0013637
        5107      1.0504     1.08354  0.00136345
        5108     1.04855     1.08354   0.0013632
        5109     1.04673     1.08353  0.00136295
        5110     1.04496     1.08352  0.00136271
        5111     1.04325     1.08351  0.00136246
        5112     1.04161      1.0835  0.00136222
        5113     1.04006      1.0835  0.00136198
        5114     1.03859     1.08349  0.00136174
        5115     1.03723     1.08348  0.00136151
        5116     1.03599     1.08347  0.00136127
        5117     1.03486     1.08346  0.00136104
        5118     1.03387     1.08345  0.00136081
        5119     1.03301     1.08344  0.00136058
        5120      1.0323     1.08343  0.00136035
        5121     1.03173     1.08342  0.00136012
        5122     1.03131     1.08341  0.00135989
        5123     1.03103      1.0834  0.00135967
        5124     1.03091     1.08339  0.00135944
        5125     1.03092     1.08338  0.00135921
        5126     1.03107     1.08337  0.00135898
        5127     1.03136     1.08336  0.00135876
        5128     1.03177     1.08335  0.00135853
        5129      1.0323     1.08334   0.0013583
        5130     1.03294     1.08333  0.00135807
        5131     1.03369     1.08332  0.00135784
        5132     1.03453     1.08331  0.00135761
        5133     1.03547      1.0833  0.00135738
        5134     1.03649     1.08329  0.00135714
        5135     1.03758     1.08328  0.00135691
        5136     1.03874     1.08327  0.00135667
        5137     1.03998     1.08326  0.00135644
        5138     1.04127     1.08326   0.0013562
        5139     1.04263     1.08325  0.00135595
        5140     1.04404     1.08324  0.00135571
        5141      1.0455     1.08323  0.00135547
        5142     1.04703     1.08323  0.00135522
        5143      1.0486     1.08322  0.00135498
        5144     1.05023     1.08321  0.00135473
        5145     1.05192     1.08321  0.00135448
        5146     1.05365      1.0832  0.00135423
        5147     1.05544      1.0832  0.00135398
        5148     1.05727     1.08319  0.00135372
        5149     1.05916     1.08319  0.00135347
        5150     1.06108     1.08318  0.00135321
        5151     1.06305     1.08318  0.00135295
        5152     1.06505     1.08317   0.0013527
        5153     1.06708     1.08317  0.00135244
        5154     1.06913     1.08317  0.00135218
        5155     1.07119     1.08317  0.00135192
        5156     1.07326     1.08316  0.00135166
        5157     1.07532     1.08316  0.00135139
        5158     1.07736     1.08316  0.00135113
        5159     1.07938     1.08316  0.00135087
        5160     1.08136     1.08316  0.00135061
        5161     1.08328     1.08316  0.00135035
        5162     1.08514     1.08316  0.00135009
        5163     1.08693     1.08316  0.00134983
        5164     1.08862     1.08316  0.00134956
        5165     1.09022     1.08316   0.0013493
        5166     1.09171     1.08317  0.00134904
        5167     1.09308     1.08317  0.00134878
        5168     1.09432     1.08317  0.00134852
        5169     1.09543     1.08317  0.00134827
        5170      1.0964     1.08318  0.00134801
        5171     1.09723     1.08318  0.00134775
        5172     1.09791     1.08318  0.00134749
        5173     1.09846     1.08318  0.00134723
        5174     1.09887     1.08319  0.00134698
        5175     1.09914     1.08319  0.00134672
        5176     1.09928     1.08319  0.00134646
        5177      1.0993      1.0832  0.00134621
        5178     1.09921      1.0832  0.00134595
        5179       1.099      1.0832  0.00134569
        5180      1.0987     1.08321  0.00134544
        5181     1.09831     1.08321  0.00134518
        5182     1.09785     1.08321  0.00134493
        5183     1.09731     1.08321  0.00134467
        5184     1.09672     1.08322  0.00134441
        5185     1.09608     1.08322  0.00134415
        5186     1.09539     1.08322   0.0013439
        5187     1.09466     1.08322  0.00134364
        5188      1.0939     1.08323  0.00134338
        5189     1.09312     1.08323  0.00134313
        5190     1.09231     1.08323  0.00134287
        5191     1.09149     1.08323  0.00134261
        5192     1.09065     1.08323  0.00134235
        5193     1.08979     1.08323  0.00134209
        5194     1.08892     1.08323  0.00134184
        5195     1.08803     1.08324  0.00134158
        5196     1.08714     1.08324  0.00134132
        5197     1.08624     1.08324  0.00134106
        5198     1.08534     1.08324   0.0013408
        5199     1.08444     1.08324  0.00134055
        5200     1.08353     1.08324  0.00134029
        5201     1.08264     1.08324  0.00134003
        5202     1.08177     1.08324  0.00133977
        5203     1.08091     1.08324  0.00133952
        5204     1.08009     1.08324  0.00133926
        5205      1.0793     1.08324    0.001339
        5206     1.07856     1.08323  0.00133874
        5207     1.07787     1.08323  0.00133849
        5208     1.07725     1.08323  0.00133823
        5209     1.07671     1.08323  0.00133798
        5210     1.07624     1.08323  0.00133772
        5211     1.07587     1.08323  0.00133746
        5212      1.0756     1.08323  0.00133721
        5213     1.07544     1.08323  0.00133695
        5214     1.07539     1.08322   0.0013367
        5215     1.07545     1.08322  0.00133644
        5216     1.07563     1.08322  0.00133619
        5217     1.07594     1.08322  0.00133593
        5218     1.07636     1.08322  0.00133567
        5219      1.0769     1.08322  0.00133542
        5220     1.07756     1.08322  0.00133516
        5221     1.07833     1.08321  0.00133491
        5222     1.07919     1.08321  0.00133465
        5223     1.08015     1.08321   0.0013344
        5224     1.08119     1.08321  0.00133414
        5225     1.08231     1.08321  0.00133389
        5226     1.08349     1.08321  0.00133363
        5227     1.08471     1.08321  0.00133338
        5228     1.08597     1.08321  0.00133312
        5229     1.08726     1.08321  0.00133287
        5230     1.08856     1.08322  0.00133261
        5231     1.08986     1.08322  0.00133236
        5232     1.09114     1.08322   0.0013321
        5233     1.09241     1.08322  0.00133185
        5234     1.09364     1.08322   0.0013316
        5235     1.09483     1.08322  0.00133135
        5236     1.09598     1.08323  0.00133109
        5237     1.09707     1.08323  0.00133084
        5238      1.0981     1.08323  0.00133059
        5239     1.09908     1.08324  0.00133034
        5240     1.09999     1.08324  0.00133009
        5241     1.10085     1.08324  0.00132984
        5242     1.10163     1.08325  0.00132959
        5243     1.10236     1.08325  0.00132934
        5244     1.10303     1.08325  0.00132909
        5245     1.10365     1.08326  0.00132885
        5246     1.10421     1.08326   0.0013286
        5247     1.10473     1.08326  0.00132835
        5248      1.1052     1.08327  0.00132811
        5249     1.10563     1.08327  0.00132786
        5250     1.10603     1.08328  0.00132761
        5251     1.10639     1.08328  0.00132737
        5252     1.10672     1.08329  0.00132712
        5253     1.10702     1.08329  0.00132688
        5254      1.1073      1.0833  0.00132663
        5255     1.10755      1.0833  0.00132639
        5256     1.10779      1.0833  0.00132615
        5257       1.108     1.08331   0.0013259
        5258     1.10819     1.08331  0.00132566
        5259     1.10836     1.08332  0.00132541
        5260     1.10851     1.08332  0.00132517
        5261     1.10865     1.08333  0.00132493
        5262     1.10878     1.08333  0.00132468
        5263     1.10891     1.08334  0.00132444
        5264     1.10903     1.08334   0.0013242
        5265     1.10917     1.08335  0.00132396
        5266     1.10932     1.08335  0.00132371
        5267      1.1095     1.08336  0.00132347
        5268     1.10972     1.08336  0.00132323
        5269        1.11     1.08337  0.00132299
        5270     1.11034     1.08337  0.00132275
        5271     1.11076     1.08338  0.00132251
        5272     1.11128     1.08338  0.00132227
        5273      1.1119     1.08339  0.00132203
        5274     1.11264     1.08339  0.00132179
        5275     1.11351      1.0834  0.00132155
        5276     1.11452     1.08341  0.00132131
        5277     1.11568     1.08341  0.00132108
        5278     1.11698     1.08342  0.00132084
        5279     1.11844     1.08343  0.00132061
        5280     1.12004     1.08343  0.00132038
        5281      1.1218     1.08344  0.00132015
        5282     1.12369     1.08345  0.00131992
        5283     1.12571     1.08346  0.00131969
        5284     1.12785     1.08346  0.00131947
        5285     1.13008     1.08347  0.00131925
        5286      1.1324     1.08348  0.00131903
        5287     1.13479     1.08349  0.00131882
        5288     1.13722      1.0835  0.00131861
        5289     1.13967     1.08351   0.0013184
        5290     1.14212     1.08352   0.0013182
        5291     1.14454     1.08353    0.001318
        5292     1.14692     1.08355  0.00131781
        5293     1.14924     1.08356  0.00131762
        5294     1.15148     1.08357  0.00131743
        5295      1.1536     1.08359  0.00131725
        5296     1.15561      1.0836  0.00131707
        5297     1.15748     1.08361  0.00131689
        5298     1.15919     1.08363  0.00131672
        5299     1.16074     1.08364  0.00131655
        5300      1.1621     1.08366  0.00131639
        5301     1.16326     1.08367  0.00131623
        5302     1.16422     1.08369  0.00131607
        5303     1.16497      1.0837  0.00131591
        5304     1.16549     1.08372  0.00131575
        5305     1.16579     1.08373  0.00131559
        5306     1.16585     1.08375  0.00131543
        5307     1.16568     1.08376  0.00131528
        5308     1.16527     1.08378  0.00131512
        5309     1.16461     1.08379  0.00131496
        5310      1.1637     1.08381   0.0013148
        5311     1.16256     1.08382  0.00131463
        5312     1.16116     1.08384  0.00131447
        5313     1.15952     1.08385   0.0013143
        5314     1.15764     1.08387  0.00131412
        5315     1.15551     1.08388  0.00131394
        5316     1.15314     1.08389  0.00131376
        5317     1.15054     1.08391  0.00131358
        5318      1.1477     1.08392  0.00131338
        5319     1.14465     1.08393  0.00131319
        5320     1.14138     1.08394  0.00131298
        5321      1.1379     1.08395  0.00131278
        5322     1.13422     1.08396  0.00131256
        5323     1.13036     1.08397  0.00131235
        5324     1.12632     1.08398  0.00131212
        5325     1.12214     1.08398   0.0013119
        5326     1.11781     1.08399  0.00131166
        5327     1.11336       1.084  0.00131143
        5328     1.10882       1.084  0.00131119
        5329     1.10421       1.084  0.00131095
        5330     1.09954     1.08401  0.00131071
        5331     1.09486     1.08401  0.00131046
        5332     1.09018     1.08401  0.00131022
        5333     1.08555     1.08401  0.00130997
        5334     1.08099     1.08401  0.00130973
        5335     1.07654     1.08401  0.00130948
        5336     1.07222     1.08401  0.00130924
        5337     1.06808       1.084    0.001309
        5338     1.06414       1.084  0.00130876
        5339     1.06044     1.08399  0.00130852
        5340     1.05701     1.08399  0.00130829
        5341     1.05386     1.08398  0.00130805
        5342     1.05103     1.08398  0.00130782
        5343     1.04853     1.08397  0.00130759
        5344     1.04637     1.08396  0.00130737
        5345     1.04456     1.08396  0.00130714
        5346     1.04311     1.08395  0.00130692
        5347     1.04203     1.08394   0.0013067
        5348      1.0413     1.08393  0.00130648
        5349     1.04091     1.08393  0.00130626
        5350     1.04087     1.08392  0.00130604
        5351     1.04115     1.08391  0.00130582
        5352     1.04174      1.0839   0.0013056
        5353     1.04263     1.08389  0.00130538
        5354     1.04378     1.08389  0.00130516
        5355     1.04519     1.08388  0.00130494
        5356     1.04684     1.08387  0.00130471
        5357     1.04869     1.08387  0.00130448
        5358     1.05072     1.08386  0.00130425
        5359     1.05291     1.08385  0.00130402
        5360     1.05524     1.08385  0.00130379
        5361     1.05767     1.08384  0.00130356
        5362     1.06018     1.08384  0.00130332
        5363     1.06275     1.08384  0.00130308
        5364     1.06534     1.08383  0.00130285
        5365     1.06792     1.08383  0.00130261
        5366     1.07048     1.08383  0.00130237
        5367     1.07298     1.08382  0.00130213
        5368     1.07541     1.08382  0.00130188
        5369     1.07774     1.08382  0.00130164
        5370     1.07995     1.08382   0.0013014
        5371     1.08203     1.08382  0.00130116
        5372     1.08396     1.08382  0.00130092
        5373     1.08574     1.08382  0.00130067
        5374     1.08735     1.08382  0.00130043
        5375      1.0888     1.08382  0.00130019
        5376     1.09007     1.08382  0.00129995
        5377     1.09118     1.08382  0.00129971
        5378     1.09213     1.08383  0.00129947
        5379     1.09292     1.08383  0.00129923
        5380     1.09357     1.08383  0.00129899
        5381     1.09408     1.08383  0.00129875
        5382     1.09446     1.08383  0.00129851
        5383     1.09473     1.08384  0.00129827
        5384     1.09491     1.08384  0.00129803
        5385     1.09501     1.08384  0.00129779
        5386     1.09504     1.08384  0.00129755
        5387     1.09503     1.08384  0.00129731
        5388     1.09498     1.08385  0.00129707
        5389     1.09491     1.08385  0.00129683
        5390     1.09483     1.08385  0.00129659
        5391     1.09476     1.08385  0.00129635
        5392     1.09471     1.08385  0.00129611
        5393     1.09468     1.08386  0.00129588
        5394     1.09467     1.08386  0.00129564
        5395     1.09471     1.08386   0.0012954
        5396     1.09479     1.08386  0.00129516
        5397     1.09491     1.08386  0.00129492
        5398     1.09507     1.08387  0.00129468
        5399     1.09528     1.08387  0.00129444
        5400     1.09554     1.08387  0.00129421
        5401     1.09583     1.08387  0.00129397
        5402     1.09616     1.08388  0.00129373
        5403     1.09653     1.08388  0.00129349
        5404     1.09693     1.08388  0.00129326
        5405     1.09736     1.08388  0.00129302
        5406     1.09781     1.08389  0.00129278
        5407     1.09828     1.08389  0.00129255
        5408     1.09877     1.08389  0.00129231
        5409     1.09927     1.08389  0.00129208
        5410     1.09978      1.0839  0.00129184
        5411     1.10029      1.0839   0.0012916
        5412     1.10081      1.0839  0.00129137
        5413     1.10131     1.08391  0.00129114
        5414     1.10181     1.08391   0.0012909
        5415      1.1023     1.08391  0.00129067
        5416     1.10278     1.08392  0.00129043
        5417     1.10326     1.08392   0.0012902
        5418     1.10372     1.08392  0.00128997
        5419     1.10419     1.08393  0.00128973
        5420     1.10465     1.08393   0.0012895
        5421     1.10513     1.08393  0.00128927
        5422     1.10562     1.08394  0.00128904
        5423     1.10615     1.08394  0.00128881
        5424     1.10672     1.08395  0.00128858
        5425     1.10736     1.08395  0.00128835
        5426     1.10808     1.08396  0.00128812
        5427     1.10889     1.08396  0.00128789
        5428     1.10983     1.08397  0.00128766
        5429      1.1109     1.08397  0.00128743
        5430     1.11213     1.08398  0.00128721
        5431     1.11352     1.08398  0.00128698
        5432     1.11509     1.08399  0.00128676
        5433     1.11684     1.08399  0.00128653
        5434     1.11877       1.084  0.00128631
        5435     1.12089     1.08401  0.00128609
        5436     1.12319     1.08401  0.00128588
        5437     1.12565     1.08402  0.00128566
        5438     1.12825     1.08403  0.00128545
        5439     1.13099     1.08404  0.00128525
        5440     1.13382     1.08405  0.00128504
        5441     1.13673     1.08406  0.00128484
        5442     1.13968     1.08407  0.00128465
        5443     1.14264     1.08408  0.00128446
        5444     1.14557     1.08409  0.00128427
        5445     1.14845      1.0841  0.00128409
        5446     1.15125     1.08411  0.00128391
        5447     1.15392     1.08413  0.00128374
        5448     1.15646     1.08414  0.00128357
        5449     1.15881     1.08415  0.00128341
        5450     1.16098     1.08417  0.00128325
        5451     1.16292     1.08418   0.0012831
        5452     1.16463      1.0842  0.00128295
        5453     1.16609     1.08421   0.0012828
        5454     1.16728     1.08423  0.00128266
        5455      1.1682     1.08424  0.00128251
        5456     1.16884     1.08426  0.00128237
        5457      1.1692     1.08427  0.00128223
        5458     1.16927     1.08429  0.00128209
        5459     1.16906      1.0843  0.00128195
        5460     1.16857     1.08432  0.00128181
        5461     1.16781     1.08433  0.00128166
        5462     1.16678     1.08435  0.00128152
        5463     1.16548     1.08436  0.00128137
        5464     1.16393     1.08438  0.00128122
        5465     1.16214     1.08439  0.00128106
        5466     1.16012     1.08441   0.0012809
        5467     1.15787     1.08442  0.00128074
        5468     1.15542     1.08443  0.00128057
        5469     1.15277     1.08445   0.0012804
        5470     1.14994     1.08446  0.00128022
        5471     1.14694     1.08447  0.00128004
        5472      1.1438     1.08448  0.00127985
        5473     1.14051     1.08449  0.00127966
        5474     1.13711      1.0845  0.00127946
        5475     1.13359     1.08451  0.00127926
        5476     1.12998     1.08452  0.00127905
        5477      1.1263     1.08452  0.00127884
        5478     1.12256     1.08453  0.00127862
        5479     1.11877     1.08454  0.00127841
        5480     1.11496     1.08454  0.00127818
        5481     1.11112     1.08455  0.00127796
        5482     1.10729     1.08455  0.00127773
        5483     1.10347     1.08456  0.00127751
        5484     1.09968     1.08456  0.00127728
        5485     1.09592     1.08456  0.00127704
        5486     1.09222     1.08456  0.00127681
        5487     1.08857     1.08456  0.00127658
        5488       1.085     1.08456  0.00127635
        5489      1.0815     1.08456  0.00127611
        5490     1.07808     1.08456  0.00127588
        5491     1.07475     1.08456  0.00127565
        5492     1.07152     1.08456  0.00127542
        5493     1.06837     1.08455  0.00127519
        5494     1.06531     1.08455  0.00127497
        5495     1.06235     1.08455  0.00127474
        5496     1.05948     1.08454  0.00127452
        5497      1.0567     1.08454  0.00127429
        5498     1.05402     1.08453  0.00127407
        5499     1.05142     1.08453  0.00127386
        5500     1.04893     1.08452  0.00127364
        5501     1.04653     1.08451  0.00127343
        5502     1.04425      1.0845  0.00127322
        5503     1.04208      1.0845  0.00127301
        5504     1.04003     1.08449   0.0012728
        5505     1.03813     1.08448   0.0012726
        5506     1.03637     1.08447   0.0012724
        5507     1.03479     1.08446   0.0012722
        5508     1.03338     1.08445    0.001272
        5509     1.03218     1.08444  0.00127181
        5510     1.03119     1.08443  0.00127161
        5511     1.03043     1.08442  0.00127142
        5512     1.02991     1.08441  0.00127123
        5513     1.02965      1.0844  0.00127104
        5514     1.02964     1.08439  0.00127085
        5515      1.0299     1.08438  0.00127065
        5516     1.03043     1.08437  0.00127046
        5517     1.03122     1.08437  0.00127027
        5518     1.03226     1.08436  0.00127007
        5519     1.03355     1.08435  0.00126988
        5520     1.03507     1.08434  0.00126968
        5521     1.03679     1.08433  0.00126948
        5522      1.0387     1.08432  0.00126927
        5523     1.04077     1.08431  0.00126907
        5524     1.04298     1.08431  0.00126886
        5525     1.04529      1.0843  0.00126865
        5526     1.04768     1.08429  0.00126844
        5527     1.05011     1.08429  0.00126822
        5528     1.05256     1.08428  0.00126801
        5529       1.055     1.08427  0.00126779
        5530     1.05741     1.08427  0.00126757
        5531     1.05976     1.08427  0.00126735
        5532     1.06202     1.08426  0.00126712
        5533      1.0642     1.08426   0.0012669
        5534     1.06626     1.08425  0.00126668
        5535     1.06821     1.08425  0.00126645
        5536     1.07002     1.08425  0.00126622
        5537     1.07171     1.08425    0.001266
        5538     1.07326     1.08424  0.00126577
        5539     1.07469     1.08424  0.00126554
        5540     1.07599     1.08424  0.00126532
        5541     1.07718     1.08424  0.00126509
        5542     1.07827     1.08424  0.00126486
        5543     1.07927     1.08424  0.00126463
        5544      1.0802     1.08424   0.0012644
        5545     1.08107     1.08424  0.00126418
        5546      1.0819     1.08424  0.00126395
        5547     1.08272     1.08424  0.00126372
        5548     1.08354     1.08424  0.00126349
        5549     1.08437     1.08424  0.00126327
        5550     1.08524     1.08424  0.00126304
        5551     1.08615     1.08424  0.00126281
        5552     1.08712     1.08424  0.00126258
        5553     1.08817     1.08424  0.00126236
        5554     1.08929     1.08424  0.00126213
        5555      1.0905     1.08424   0.0012619
        5556     1.09179     1.08424  0.00126168
        5557     1.09317     1.08424  0.00126145
        5558     1.09462     1.08424  0.00126122
        5559     1.09614     1.08425    0.001261
        5560     1.09771     1.08425  0.00126077
        5561     1.09934     1.08425  0.00126055
        5562     1.10098     1.08425  0.00126033
        5563     1.10264     1.08426  0.00126011
        5564     1.10429     1.08426  0.00125988
        5565     1.10592     1.08427  0.00125966
        5566      1.1075     1.08427  0.00125944
        5567     1.10902     1.08427  0.00125923
        5568     1.11045     1.08428  0.00125901
        5569      1.1118     1.08428  0.00125879
        5570     1.11303     1.08429  0.00125858
        5571     1.11415     1.08429  0.00125836
        5572     1.11513      1.0843  0.00125815
        5573     1.11598     1.08431  0.00125794
        5574      1.1167     1.08431  0.00125772
        5575     1.11727     1.08432  0.00125751
        5576      1.1177     1.08432   0.0012573
        5577       1.118     1.08433  0.00125709
        5578     1.11816     1.08434  0.00125688
        5579     1.11821     1.08434  0.00125667
        5580     1.11814     1.08435  0.00125646
        5581     1.11796     1.08435  0.00125625
        5582     1.11769     1.08436  0.00125604
        5583     1.11735     1.08437  0.00125583
        5584     1.11693     1.08437  0.00125561
        5585     1.11646     1.08438   0.0012554
        5586     1.11595     1.08438  0.00125519
        5587     1.11541     1.08439  0.00125498
        5588     1.11485     1.08439  0.00125476
        5589      1.1143      1.0844  0.00125455
        5590     1.11375      1.0844  0.00125434
        5591     1.11323     1.08441  0.00125412
        5592     1.11274     1.08441  0.00125391
        5593      1.1123     1.08442   0.0012537
        5594     1.11191     1.08442  0.00125348
        5595     1.11158     1.08443  0.00125327
        5596     1.11132     1.08443  0.00125305
        5597     1.11113     1.08444  0.00125284
        5598     1.11102     1.08444  0.00125262
        5599     1.11099     1.08445  0.00125241
        5600     1.11104     1.08445  0.00125219
        5601     1.11117     1.08446  0.00125198
        5602     1.11137     1.08446  0.00125176
        5603     1.11164     1.08447  0.00125155
        5604     1.11198     1.08447  0.00125134
        5605     1.11237     1.08448  0.00125112
        5606     1.11283     1.08448  0.00125091
        5607     1.11333     1.08449   0.0012507
        5608     1.11387     1.08449  0.00125049
        5609     1.11444      1.0845  0.00125027
        5610     1.11503      1.0845  0.00125006
        5611     1.11563     1.08451  0.00124985
        5612     1.11624     1.08451  0.00124964
        5613     1.11685     1.08452  0.00124943
        5614     1.11743     1.08453  0.00124922
        5615       1.118     1.08453  0.00124902
        5616     1.11853     1.08454  0.00124881
        5617     1.11902     1.08454   0.0012486
        5618     1.11946     1.08455  0.00124839
        5619     1.11984     1.08456  0.00124819
        5620     1.12014     1.08456  0.00124798
        5621     1.12037     1.08457  0.00124778
        5622     1.12049     1.08458  0.00124757
        5623     1.12052     1.08458  0.00124737
        5624     1.12042     1.08459  0.00124716
        5625     1.12021      1.0846  0.00124695
        5626     1.11985      1.0846  0.00124675
        5627     1.11934     1.08461  0.00124654
        5628     1.11868     1.08461  0.00124634
        5629     1.11785     1.08462  0.00124613
        5630     1.11685     1.08463  0.00124592
        5631     1.11566     1.08463  0.00124571
        5632     1.11428     1.08464   0.0012455
        5633     1.11271     1.08464  0.00124529
        5634     1.11094     1.08465  0.00124508
        5635     1.10897     1.08465  0.00124486
        5636     1.10679     1.08465  0.00124465
        5637     1.10442     1.08466  0.00124443
        5638     1.10184     1.08466  0.00124422
        5639     1.09907     1.08466    0.001244
        5640     1.09611     1.08467  0.00124378
        5641     1.09298     1.08467  0.00124356
        5642     1.08969     1.08467  0.00124334
        5643     1.08624     1.08467  0.00124312
        5644     1.08266     1.08467   0.0012429
        5645     1.07896     1.08467  0.00124268
        5646     1.07517     1.08466  0.00124246
        5647     1.07131     1.08466  0.00124224
        5648     1.06741     1.08466  0.00124203
        5649     1.06348     1.08466  0.00124181
        5650     1.05957     1.08465   0.0012416
        5651      1.0557     1.08465  0.00124139
        5652     1.05191     1.08464  0.00124119
        5653     1.04822     1.08463  0.00124098
        5654     1.04466     1.08463  0.00124078
        5655     1.04127     1.08462  0.00124059
        5656     1.03807     1.08461   0.0012404
        5657     1.03509      1.0846  0.00124021
        5658     1.03236     1.08459  0.00124002
        5659      1.0299     1.08458  0.00123984
        5660     1.02774     1.08457  0.00123966
        5661     1.02587     1.08456  0.00123949
        5662     1.02432     1.08455  0.00123931
        5663     1.02309     1.08454  0.00123914
        5664     1.02219     1.08453  0.00123897
        5665     1.02161     1.08452   0.0012388
        5666     1.02135     1.08451  0.00123863
        5667     1.02139      1.0845  0.00123847
        5668     1.02173     1.08449   0.0012383
        5669     1.02235     1.08448  0.00123813
        5670     1.02322     1.08446  0.00123796
        5671     1.02432     1.08445  0.00123778
        5672     1.02562     1.08444  0.00123761
        5673     1.02711     1.08443  0.00123743
        5674     1.02875     1.08442  0.00123725
        5675     1.03052     1.08441  0.00123707
        5676     1.03238      1.0844  0.00123689
        5677      1.0343      1.0844   0.0012367
        5678     1.03627     1.08439  0.00123651
        5679     1.03825     1.08438  0.00123632
        5680     1.04022     1.08437  0.00123613
        5681     1.04215     1.08436  0.00123593
        5682     1.04403     1.08436  0.00123574
        5683     1.04583     1.08435  0.00123554
        5684     1.04754     1.08434  0.00123534
        5685     1.04915     1.08434  0.00123513
        5686     1.05063     1.08433  0.00123493
        5687     1.05198     1.08433  0.00123473
        5688      1.0532     1.08432  0.00123452
        5689     1.05426     1.08432  0.00123432
        5690     1.05517     1.08431  0.00123411
        5691     1.05592     1.08431   0.0012339
        5692     1.05652      1.0843   0.0012337
        5693     1.05695      1.0843  0.00123349
        5694     1.05722     1.08429  0.00123328
        5695     1.05732     1.08429  0.00123307
        5696     1.05727     1.08428  0.00123287
        5697     1.05707     1.08428  0.00123266
        5698     1.05672     1.08427  0.00123245
        5699     1.05622     1.08427  0.00123225
        5700     1.05558     1.08426  0.00123204
        5701     1.05481     1.08426  0.00123183
        5702     1.05392     1.08425  0.00123163
        5703      1.0529     1.08425  0.00123143
        5704     1.05178     1.08424  0.00123122
        5705     1.05055     1.08423  0.00123102
        5706     1.04923     1.08423  0.00123082
        5707     1.04783     1.08422  0.00123062
        5708     1.04634     1.08421  0.00123042
        5709     1.04479     1.08421  0.00123023
        5710     1.04318      1.0842  0.00123003
        5711     1.04152     1.08419  0.00122984
        5712     1.03982     1.08419  0.00122965
        5713     1.03808     1.08418  0.00122946
        5714     1.03631     1.08417  0.00122928
        5715     1.03453     1.08416  0.00122909
        5716     1.03274     1.08415  0.00122891
        5717     1.03094     1.08414  0.00122873
        5718     1.02915     1.08413  0.00122855
        5719     1.02738     1.08412  0.00122838
        5720     1.02562     1.08411  0.00122821
        5721     1.02389      1.0841  0.00122804
        5722     1.02219     1.08409  0.00122787
        5723     1.02054     1.08408   0.0012277
        5724     1.01894     1.08407  0.00122754
        5725     1.01739     1.08406  0.00122738
        5726     1.01591     1.08404  0.00122723
        5727     1.01449     1.08403  0.00122707
        5728     1.01316     1.08402  0.00122692
        5729      1.0119     1.08401  0.00122677
        5730     1.01072     1.08399  0.00122662
        5731     1.00963     1.08398  0.00122648
        5732     1.00864     1.08397  0.00122633
        5733     1.00774     1.08396  0.00122619
        5734     1.00693     1.08394  0.00122605
        5735     1.00623     1.08393  0.00122591
        5736     1.00562     1.08391  0.00122578
        5737     1.00511      1.0839  0.00122564
        5738      1.0047     1.08389   0.0012255
        5739     1.00439     1.08387  0.00122537
        5740     1.00418     1.08386  0.00122523
        5741     1.00406     1.08385   0.0012251
        5742     1.00403     1.08383  0.00122496
        5743     1.00409     1.08382  0.00122483
        5744     1.00423      1.0838  0.00122469
        5745     1.00446     1.08379  0.00122456
        5746     1.00475     1.08378  0.00122442
        5747     1.00512     1.08376  0.00122429
        5748     1.00554     1.08375  0.00122415
        5749     1.00603     1.08374  0.00122401
        5750     1.00656     1.08372  0.00122387
        5751     1.00712     1.08371  0.00122373
        5752     1.00772      1.0837  0.00122359
        5753     1.00834     1.08368  0.00122345
        5754     1.00897     1.08367   0.0012233
        5755     1.00961     1.08366  0.00122316
        5756     1.01026     1.08364  0.00122301
        5757      1.0109     1.08363  0.00122287
        5758     1.01154     1.08362  0.00122272
        5759     1.01217     1.08361  0.00122257
        5760      1.0128     1.08359  0.00122242
        5761     1.01342     1.08358  0.00122227
        5762     1.01403     1.08357  0.00122211
        5763     1.01465     1.08356  0.00122196
        5764     1.01528     1.08355  0.00122181
        5765     1.01592     1.08353  0.00122165
        5766     1.01658     1.08352  0.00122149
        5767     1.01726     1.08351  0.00122134
        5768     1.01798      1.0835  0.00122118
        5769     1.01874     1.08349  0.00122102
        5770     1.01955     1.08348  0.00122086
        5771      1.0204     1.08347  0.00122069
        5772      1.0213     1.08346  0.00122053
        5773     1.02225     1.08345  0.00122036
        5774     1.02324     1.08343   0.0012202
        5775     1.02428     1.08342  0.00122003
        5776     1.02536     1.08341  0.00121986
        5777     1.02647      1.0834  0.00121969
        5778     1.02759      1.0834  0.00121951
        5779     1.02873     1.08339  0.00121934
        5780     1.02987     1.08338  0.00121916
        5781     1.03099     1.08337  0.00121899
        5782     1.03209     1.08336  0.00121881
        5783     1.03315     1.08335  0.00121863
        5784     1.03416     1.08334  0.00121845
        5785     1.03511     1.08333  0.00121827
        5786     1.03599     1.08332  0.00121808
        5787     1.03679     1.08332   0.0012179
        5788     1.03751     1.08331  0.00121771
        5789     1.03814      1.0833  0.00121753
        5790     1.03868     1.08329  0.00121734
        5791     1.03912     1.08329  0.00121716
        5792     1.03947     1.08328  0.00121697
        5793     1.03973     1.08327  0.00121678
        5794      1.0399     1.08326   0.0012166
        5795     1.03998     1.08326  0.00121641
        5796     1.03998     1.08325  0.00121622
        5797     1.03992     1.08324  0.00121603
        5798     1.03979     1.08323  0.00121585
        5799      1.0396     1.08323  0.00121566
        5800     1.03936     1.08322  0.00121548
        5801     1.03908     1.08321  0.00121529
        5802     1.03876      1.0832   0.0012151
        5803     1.03841      1.0832  0.00121492
        5804     1.03804     1.08319  0.00121474
        5805     1.03765     1.08318  0.00121455
        5806     1.03724     1.08317  0.00121437
        5807     1.03683     1.08316  0.00121419
        5808      1.0364     1.08316    0.001214
        5809     1.03597     1.08315  0.00121382
        5810     1.03554     1.08314  0.00121364
        5811      1.0351     1.08313  0.00121346
        5812     1.03467     1.08312  0.00121328
        5813     1.03424     1.08311   0.0012131
        5814     1.03381     1.08311  0.00121292
        5815      1.0334      1.0831  0.00121274
        5816       1.033     1.08309  0.00121256
        5817     1.03261     1.08308  0.00121239
        5818     1.03226     1.08307  0.00121221
        5819     1.03193     1.08306  0.00121203
        5820     1.03165     1.08305  0.00121186
        5821     1.03141     1.08304  0.00121168
        5822     1.03122     1.08304  0.00121151
        5823     1.03109     1.08303  0.00121133
        5824     1.03101     1.08302  0.00121116
        5825     1.03099     1.08301  0.00121098
        5826     1.03104       1.083  0.00121081
        5827     1.03115     1.08299  0.00121063
        5828     1.03131     1.08298  0.00121046
        5829     1.03153     1.08297  0.00121028
        5830     1.03179     1.08296   0.0012101
        5831     1.03209     1.08296  0.00120993
        5832     1.03242     1.08295  0.00120975
        5833     1.03275     1.08294  0.00120957
        5834     1.03309     1.08293   0.0012094
        5835     1.03341     1.08292  0.00120922
        5836     1.03369     1.08291  0.00120904
        5837     1.03392      1.0829  0.00120886
        5838     1.03409      1.0829  0.00120869
        5839     1.03416     1.08289  0.00120851
        5840     1.03414     1.08288  0.00120833
        5841     1.03399     1.08287  0.00120815
        5842     1.03371     1.08286  0.00120797
        5843     1.03329     1.08285   0.0012078
        5844      1.0327     1.08285  0.00120762
        5845     1.03195     1.08284  0.00120745
        5846     1.03103     1.08283  0.00120727
        5847     1.02992     1.08282   0.0012071
        5848     1.02864     1.08281  0.00120693
        5849     1.02716      1.0828  0.00120676
        5850      1.0255     1.08279  0.00120659
        5851     1.02366     1.08278  0.00120643
        5852     1.02165     1.08277  0.00120627
        5853     1.01946     1.08276  0.00120611
        5854     1.01712     1.08275  0.00120596
        5855     1.01464     1.08274  0.00120581
        5856     1.01201     1.08272  0.00120566
        5857     1.00926     1.08271  0.00120552
        5858      1.0064      1.0827  0.00120539
        5859     1.00345     1.08269  0.00120526
        5860     1.00043     1.08267  0.00120513
        5861    0.997335     1.08266  0.00120501
        5862      0.9942     1.08264   0.0012049
        5863    0.991039     1.08263   0.0012048
        5864    0.987866     1.08261   0.0012047
        5865    0.984699     1.08259  0.00120461
        5866    0.981556     1.08258  0.00120453
        5867     0.97845     1.08256  0.00120446
        5868    0.975398     1.08254  0.00120439
        5869    0.972413     1.08252  0.00120433
        5870     0.96951      1.0825  0.00120428
        5871    0.966702     1.08248  0.00120423
        5872       0.964     1.08246   0.0012042
        5873    0.961416     1.08244  0.00120417
        5874    0.958959     1.08242  0.00120415
        5875    0.956639      1.0824  0.00120413
        5876    0.954462     1.08238  0.00120413
        5877    0.952431     1.08236  0.00120412
        5878    0.950546     1.08233  0.00120413
        5879    0.948811     1.08231  0.00120414
        5880    0.947225     1.08229  0.00120415
        5881    0.945785     1.08226  0.00120417
        5882    0.944487     1.08224  0.00120419
        5883    0.943326     1.08222  0.00120422
        5884    0.942297     1.08219  0.00120425
        5885     0.94139     1.08217  0.00120428
        5886    0.940599     1.08215  0.00120432
        5887    0.939914     1.08212  0.00120436
        5888    0.939323      1.0821   0.0012044
        5889    0.938818     1.08207  0.00120444
        5890    0.938389     1.08205  0.00120448
        5891    0.938025     1.08202  0.00120452
        5892    0.937718       1.082  0.00120457
        5893    0.937456     1.08197  0.00120461
        5894    0.937232     1.08195  0.00120466
        5895    0.937037     1.08193  0.00120471
        5896    0.936867      1.0819  0.00120475
        5897    0.936715     1.08188   0.0012048
        5898    0.936578     1.08185  0.00120485
        5899    0.936452     1.08183   0.0012049
        5900    0.936334      1.0818  0.00120494
        5901    0.936223     1.08178  0.00120499
        5902     0.93612     1.08175  0.00120504
        5903    0.936026     1.08173  0.00120509
        5904    0.935941      1.0817  0.00120514
        5905    0.935866     1.08168  0.00120519
        5906    0.935803     1.08165  0.00120524
        5907    0.935756     1.08163  0.00120528
        5908    0.935727      1.0816  0.00120533
        5909    0.935717     1.08158  0.00120538
        5910     0.93573     1.08156  0.00120543
        5911    0.935768     1.08153  0.00120548
        5912    0.935831     1.08151  0.00120553
        5913    0.935922     1.08148  0.00120558
        5914    0.936041     1.08146  0.00120562
        5915    0.936186     1.08143  0.00120567
        5916    0.936359     1.08141  0.00120571
        5917    0.936559     1.08138  0.00120576
        5918    0.936784     1.08136   0.0012058
        5919    0.937035     1.08133  0.00120585
        5920    0.937308     1.08131  0.00120589
        5921    0.937602     1.08129  0.00120593
        5922    0.937918     1.08126  0.00120597
        5923    0.938255     1.08124    0.001206
        5924    0.938615     1.08121  0.00120604
        5925    0.938997     1.08119  0.00120608
        5926    0.939404     1.08117  0.00120611
        5927    0.939839     1.08114  0.00120614
        5928    0.940304     1.08112  0.00120617
        5929    0.940805     1.08109   0.0012062
        5930    0.941346     1.08107  0.00120623
        5931    0.941933     1.08105  0.00120625
        5932    0.942573     1.08102  0.00120628
        5933    0.943273       1.081   0.0012063
        5934    0.944042     1.08098  0.00120631
        5935    0.944885     1.08095  0.00120633
        5936     0.94581     1.08093  0.00120634
        5937    0.946826     1.08091  0.00120635
        5938    0.947938     1.08089  0.00120635
        5939    0.949154     1.08086  0.00120635
        5940    0.950479     1.08084  0.00120635
        5941    0.951918     1.08082  0.00120634
        5942    0.953476      1.0808  0.00120633
        5943    0.955155     1.08078  0.00120631
        5944     0.95696     1.08076  0.00120629
        5945    0.958893     1.08074  0.00120626
        5946    0.960956     1.08072  0.00120623
        5947    0.963148      1.0807  0.00120618
        5948     0.96547     1.08068  0.00120614
        5949    0.967921     1.08066  0.00120608
        5950    0.970497     1.08064  0.00120602
        5951    0.973195     1.08062  0.00120596
        5952    0.976013      1.0806  0.00120588
        5953    0.978945     1.08059   0.0012058
        5954    0.981986     1.08057  0.00120571
        5955    0.985129     1.08055  0.00120561
        5956    0.988363     1.08054  0.00120551
        5957    0.991682     1.08052   0.0012054
        5958    0.995074     1.08051  0.00120528
        5959    0.998528      1.0805  0.00120516
        5960     1.00203     1.08048  0.00120503
        5961     1.00558     1.08047  0.00120489
        5962     1.00914     1.08046  0.00120475
        5963     1.01272     1.08045   0.0012046
        5964     1.01629     1.08044  0.00120445
        5965     1.01985     1.08043  0.00120429
        5966     1.02337     1.08042  0.00120413
        5967     1.02685     1.08041  0.00120396
        5968     1.03026      1.0804  0.00120378
        5969      1.0336     1.08039  0.00120361
        5970     1.03685     1.08038  0.00120343
        5971        1.04     1.08038  0.00120325
        5972     1.04303     1.08037  0.00120306
        5973     1.04594     1.08037  0.00120287
        5974      1.0487     1.08036  0.00120268
        5975     1.05132     1.08036  0.00120249
        5976     1.05378     1.08035   0.0012023
        5977     1.05607     1.08035  0.00120211
        5978      1.0582     1.08034  0.00120191
        5979     1.06013     1.08034  0.00120171
        5980     1.06188     1.08034  0.00120152
        5981     1.06344     1.08033  0.00120132
        5982      1.0648     1.08033  0.00120112
        5983     1.06595     1.08033  0.00120092
        5984     1.06691     1.08033  0.00120072
        5985     1.06766     1.08032  0.00120053
        5986      1.0682     1.08032  0.00120033
        5987     1.06854     1.08032  0.00120013
        5988     1.06868     1.08032  0.00119993
        5989     1.06862     1.08032  0.00119973
        5990     1.06836     1.08031  0.00119953
        5991     1.06791     1.08031  0.00119933
        5992     1.06727     1.08031  0.00119913
        5993     1.06645     1.08031  0.00119894
        5994     1.06547     1.08031  0.00119874
        5995     1.06432      1.0803  0.00119854
        5996     1.06302      1.0803  0.00119835
        5997      1.0616      1.0803  0.00119815
        5998     1.06005     1.08029  0.00119796
        5999      1.0584     1.08029  0.00119776
        6000     1.05667     1.08029  0.00119757
        6001     1.05487     1.08028  0.00119738
        6002     1.05303     1.08028  0.00119719
        6003     1.05118     1.08027    0.001197
        6004     1.04933     1.08027  0.00119681
        6005     1.04752     1.08026  0.00119662
        6006     1.04577     1.08026  0.00119643
        6007     1.04411     1.08025  0.00119625
        6008     1.04257     1.08024  0.00119607
        6009     1.04117     1.08024  0.00119589
        6010     1.03994     1.08023  0.00119571
        6011     1.03891     1.08022  0.00119553
        6012     1.03809     1.08022  0.00119535
        6013     1.03752     1.08021  0.00119517
        6014     1.03721      1.0802  0.00119499
        6015     1.03717      1.0802  0.00119482
        6016     1.03741     1.08019  0.00119464
        6017     1.03795     1.08018  0.00119446
        6018     1.03879     1.08017  0.00119428
        6019     1.03993     1.08017   0.0011941
        6020     1.04137     1.08016  0.00119392
        6021      1.0431     1.08015  0.00119374
        6022     1.04511     1.08015  0.00119356
        6023      1.0474     1.08014  0.00119337
        6024     1.04995     1.08014  0.00119318
        6025     1.05273     1.08013  0.00119299
        6026     1.05574     1.08013   0.0011928
        6027     1.05896     1.08013  0.00119261
        6028     1.06235     1.08012  0.00119241
        6029      1.0659     1.08012  0.00119222
        6030     1.06959     1.08012  0.00119202
        6031     1.07339     1.08012  0.00119183
        6032     1.07728     1.08012  0.00119163
        6033     1.08123     1.08012  0.00119143
        6034     1.08523     1.08012  0.00119123
        6035     1.08924     1.08012  0.00119104
        6036     1.09326     1.08012  0.00119084
        6037     1.09726     1.08013  0.00119065
        6038     1.10122     1.08013  0.00119046
        6039     1.10512     1.08013  0.00119027
        6040     1.10894     1.08014  0.00119008
        6041     1.11266     1.08014  0.00118989
        6042     1.11628     1.08015  0.00118971
        6043     1.11977     1.08016  0.00118953
        6044     1.12311     1.08016  0.00118936
        6045      1.1263     1.08017  0.00118919
        6046     1.12932     1.08018  0.00118902
        6047     1.13216     1.08019  0.00118885
        6048     1.13481      1.0802  0.00118869
        6049     1.13725     1.08021  0.00118853
        6050     1.13947     1.08022  0.00118837
        6051     1.14147     1.08023  0.00118822
        6052     1.14323     1.08024  0.00118807
        6053     1.14474     1.08025  0.00118792
        6054     1.14601     1.08026  0.00118777
        6055     1.14701     1.08027  0.00118763
        6056     1.14774     1.08028  0.00118749
        6057      1.1482     1.08029  0.00118734
        6058     1.14839      1.0803   0.0011872
        6059      1.1483     1.08031  0.00118706
        6060     1.14792     1.08032  0.00118691
        6061     1.14727     1.08034  0.00118677
        6062     1.14633     1.08035  0.00118662
        6063     1.14511     1.08036  0.00118648
        6064     1.14362     1.08037  0.00118633
        6065     1.14186     1.08038  0.00118617
        6066     1.13984     1.08039  0.00118602
        6067     1.13756      1.0804  0.00118586
        6068     1.13505     1.08041   0.0011857
        6069      1.1323     1.08041  0.00118553
        6070     1.12934     1.08042  0.00118537
        6071     1.12618     1.08043   0.0011852
        6072     1.12285     1.08044  0.00118502
        6073     1.11935     1.08044  0.00118484
        6074     1.11572     1.08045  0.00118466
        6075     1.11197     1.08045  0.00118448
        6076     1.10814     1.08046  0.00118429
        6077     1.10423     1.08046   0.0011841
        6078     1.10029     1.08047  0.00118391
        6079     1.09633     1.08047  0.00118372
        6080     1.09238     1.08047  0.00118353
        6081     1.08847     1.08047  0.00118333
        6082     1.08462     1.08047  0.00118314
        6083     1.08086     1.08047  0.00118295
        6084     1.07721     1.08047  0.00118275
        6085     1.07368     1.08047  0.00118256
        6086     1.07031     1.08047  0.00118236
        6087      1.0671     1.08047  0.00118217
        6088     1.06408     1.08046  0.00118198
        6089     1.06125     1.08046  0.00118179
        6090     1.05862     1.08046   0.0011816
        6091     1.05621     1.08045  0.00118142
        6092     1.05401     1.08045  0.00118123
        6093     1.05203     1.08045  0.00118104
        6094     1.05028     1.08044  0.00118086
        6095     1.04873     1.08043  0.00118068
        6096     1.04741     1.08043   0.0011805
        6097     1.04628     1.08042  0.00118032
        6098     1.04536     1.08042  0.00118014
        6099     1.04463     1.08041  0.00117996
        6100     1.04409     1.08041  0.00117978
        6101     1.04371      1.0804   0.0011796
        6102     1.04348     1.08039  0.00117942
        6103     1.04341     1.08039  0.00117925
        6104     1.04348     1.08038  0.00117907
        6105     1.04367     1.08038  0.00117889
        6106     1.04398     1.08037  0.00117871
        6107      1.0444     1.08036  0.00117854
        6108     1.04492     1.08036  0.00117836
        6109     1.04554     1.08035  0.00117818
        6110     1.04624     1.08035    0.001178
        6111     1.04703     1.08034  0.00117782
        6112      1.0479     1.08034  0.00117764
        6113     1.04885     1.08033  0.00117746
        6114     1.04988     1.08033  0.00117727
        6115     1.05098     1.08032  0.00117709
        6116     1.05217     1.08032  0.00117691
        6117     1.05344     1.08031  0.00117672
        6118     1.05478     1.08031  0.00117654
        6119     1.05621      1.0803  0.00117635
        6120     1.05772      1.0803  0.00117617
        6121     1.05931      1.0803  0.00117598
        6122     1.06098     1.08029  0.00117579
        6123     1.06273     1.08029   0.0011756
        6124     1.06456     1.08029  0.00117541
        6125     1.06645     1.08029  0.00117522
        6126     1.06841     1.08028  0.00117503
        6127     1.07043     1.08028  0.00117484
        6128     1.07249     1.08028  0.00117465
        6129      1.0746     1.08028  0.00117446
        6130     1.07673     1.08028  0.00117427
        6131     1.07887     1.08028  0.00117408
        6132     1.08101     1.08028  0.00117389
        6133     1.08314     1.08028  0.00117369
        6134     1.08524     1.08028   0.0011735
        6135     1.08729     1.08028  0.00117331
        6136     1.08928     1.08028  0.00117312
        6137     1.09118     1.08029  0.00117293
        6138       1.093     1.08029  0.00117274
        6139      1.0947     1.08029  0.00117255
        6140     1.09628     1.08029  0.00117237
        6141     1.09772      1.0803  0.00117218
        6142       1.099      1.0803  0.00117199
        6143     1.10013      1.0803  0.00117181
        6144     1.10107     1.08031  0.00117162
        6145     1.10183     1.08031  0.00117143
        6146      1.1024     1.08031  0.00117125
        6147     1.10277     1.08032  0.00117106
        6148     1.10294     1.08032  0.00117088
        6149     1.10289     1.08032   0.0011707
        6150     1.10264     1.08033  0.00117051
        6151     1.10217     1.08033  0.00117033
        6152     1.10149     1.08033  0.00117014
        6153     1.10061     1.08034  0.00116995
        6154     1.09952     1.08034  0.00116977
        6155     1.09823     1.08034  0.00116958
        6156     1.09675     1.08035   0.0011694
        6157     1.09509     1.08035  0.00116921
        6158     1.09326     1.08035  0.00116902
        6159     1.09126     1.08035  0.00116883
        6160     1.08912     1.08035  0.00116864
        6161     1.08685     1.08035  0.00116845
        6162     1.08446     1.08036  0.00116826
        6163     1.08196     1.08036  0.00116807
        6164     1.07938     1.08036  0.00116789
        6165     1.07674     1.08035   0.0011677
        6166     1.07405     1.08035  0.00116751
        6167     1.07134     1.08035  0.00116732
        6168     1.06861     1.08035  0.00116713
        6169      1.0659     1.08035  0.00116694
        6170     1.06323     1.08035  0.00116676
        6171      1.0606     1.08034  0.00116657
        6172     1.05805     1.08034  0.00116639
        6173     1.05559     1.08033  0.00116621
        6174     1.05324     1.08033  0.00116603
        6175     1.05101     1.08033  0.00116585
        6176     1.04892     1.08032  0.00116567
        6177     1.04699     1.08031  0.00116549
        6178     1.04523     1.08031  0.00116532
        6179     1.04364      1.0803  0.00116515
        6180     1.04224      1.0803  0.00116497
        6181     1.04104     1.08029   0.0011648
        6182     1.04005     1.08028  0.00116463
        6183     1.03926     1.08028  0.00116446
        6184     1.03868     1.08027  0.00116429
        6185     1.03832     1.08026  0.00116413
        6186     1.03817     1.08026  0.00116396
        6187     1.03824     1.08025  0.00116379
        6188     1.03852     1.08024  0.00116362
        6189     1.03901     1.08024  0.00116345
        6190     1.03972     1.08023  0.00116328
        6191     1.04064     1.08022  0.00116311
        6192     1.04176     1.08022  0.00116294
        6193     1.04308     1.08021  0.00116277
        6194     1.04461     1.08021  0.00116259
        6195     1.04634      1.0802  0.00116242
        6196     1.04826      1.0802  0.00116224
        6197     1.05038     1.08019  0.00116207
        6198      1.0527     1.08019  0.00116189
        6199     1.05521     1.08018  0.00116171
        6200      1.0579     1.08018  0.00116152
        6201     1.06079     1.08018  0.00116134
        6202     1.06386     1.08017  0.00116116
        6203     1.06712     1.08017  0.00116097
        6204     1.07056     1.08017  0.00116079
        6205     1.07417     1.08017   0.0011606
        6206     1.07796     1.08017  0.00116041
        6207     1.08191     1.08017  0.00116023
        6208     1.08602     1.08017  0.00116004
        6209     1.09029     1.08017  0.00115985
        6210     1.09469     1.08017  0.00115967
        6211     1.09921     1.08018  0.00115949
        6212     1.10385     1.08018  0.00115931
        6213     1.10858     1.08018  0.00115913
        6214     1.11339     1.08019  0.00115895
        6215     1.11825      1.0802  0.00115878
        6216     1.12315      1.0802  0.00115862
        6217     1.12806     1.08021  0.00115846
        6218     1.13296     1.08022   0.0011583
        6219     1.13782     1.08023  0.00115815
        6220     1.14261     1.08024  0.00115801
        6221     1.14732     1.08025  0.00115787
        6222      1.1519     1.08026  0.00115774
        6223     1.15635     1.08027  0.00115762
        6224     1.16063     1.08029  0.00115751
        6225     1.16472      1.0803   0.0011574
        6226     1.16859     1.08031   0.0011573
        6227     1.17223     1.08033  0.00115721
        6228     1.17561     1.08034  0.00115713
        6229     1.17872     1.08036  0.00115705
        6230     1.18154     1.08038  0.00115698
        6231     1.18406     1.08039  0.00115691
        6232     1.18626     1.08041  0.00115685
        6233     1.18814     1.08043  0.00115679
        6234     1.18968     1.08044  0.00115674
        6235     1.19088     1.08046  0.00115669
        6236     1.19174     1.08048  0.00115664
        6237     1.19225      1.0805   0.0011566
        6238     1.19242     1.08052  0.00115655
        6239     1.19223     1.08053   0.0011565
        6240     1.19171     1.08055  0.00115646
        6241     1.19084     1.08057  0.00115641
        6242     1.18964     1.08059  0.00115635
        6243     1.18812      1.0806   0.0011563
        6244     1.18627     1.08062  0.00115623
        6245     1.18412     1.08064  0.00115617
        6246     1.18166     1.08065   0.0011561
        6247     1.17891     1.08067  0.00115602
        6248     1.17588     1.08068  0.00115593
        6249     1.17258      1.0807  0.00115584
        6250     1.16901     1.08071  0.00115574
        6251      1.1652     1.08073  0.00115564
        6252     1.16116     1.08074  0.00115552
        6253     1.15689     1.08075   0.0011554
        6254     1.15242     1.08076  0.00115528
        6255     1.14774     1.08077  0.00115514
        6256     1.14289     1.08078    0.001155
        6257     1.13786     1.08079  0.00115485
        6258     1.13267      1.0808   0.0011547
        6259     1.12734     1.08081  0.00115453
        6260     1.12189     1.08082  0.00115437
        6261     1.11632     1.08082   0.0011542
        6262     1.11065     1.08083  0.00115402
        6263     1.10489     1.08083  0.00115385
        6264     1.09907     1.08083  0.00115367
        6265      1.0932     1.08083  0.00115348
        6266      1.0873     1.08084   0.0011533
        6267     1.08138     1.08084  0.00115312
        6268     1.07547     1.08083  0.00115293
        6269     1.06958     1.08083  0.00115275
        6270     1.06375     1.08083  0.00115257
        6271     1.05798     1.08083  0.00115239
        6272     1.05231     1.08082  0.00115222
        6273     1.04676     1.08082  0.00115204
        6274     1.04136     1.08081  0.00115188
        6275     1.03613      1.0808  0.00115172
        6276     1.03109      1.0808  0.00115156
        6277     1.02628     1.08079  0.00115141
        6278     1.02171     1.08078  0.00115126
        6279     1.01742     1.08077  0.00115113
        6280     1.01343     1.08076  0.00115099
        6281     1.00975     1.08074  0.00115086
        6282     1.00641     1.08073  0.00115074
        6283     1.00343     1.08072  0.00115062
        6284     1.00082     1.08071  0.00115051
        6285      0.9986     1.08069   0.0011504
        6286     0.99678     1.08068   0.0011503
        6287    0.995366     1.08067  0.00115019
        6288    0.994363     1.08065  0.00115009
        6289    0.993772     1.08064  0.00114999
        6290    0.993591     1.08063  0.00114989
        6291    0.993813     1.08061  0.00114979
        6292    0.994429      1.0806  0.00114969
        6293    0.995427     1.08059  0.00114959
        6294    0.996793     1.08057  0.00114948
        6295     0.99851     1.08056  0.00114938
        6296     1.00056     1.08055  0.00114926
        6297     1.00292     1.08053  0.00114915
        6298     1.00555     1.08052  0.00114903
        6299     1.00844     1.08051   0.0011489
        6300     1.01156      1.0805  0.00114877
        6301     1.01488     1.08049  0.00114864
        6302     1.01837     1.08048   0.0011485
        6303       1.022     1.08047  0.00114835
        6304     1.02574     1.08046   0.0011482
        6305     1.02956     1.08045  0.00114805
        6306     1.03342     1.08045  0.00114789
        6307     1.03731     1.08044  0.00114773
        6308     1.04119     1.08043  0.00114756
        6309     1.04503     1.08043  0.00114739
        6310     1.04882     1.08042  0.00114722
        6311     1.05252     1.08042  0.00114705
        6312     1.05611     1.08041  0.00114688
        6313     1.05957     1.08041   0.0011467
        6314     1.06289     1.08041  0.00114652
        6315     1.06603     1.08041  0.00114634
        6316     1.06899      1.0804  0.00114616
        6317     1.07175      1.0804  0.00114598
        6318      1.0743      1.0804   0.0011458
        6319     1.07662      1.0804  0.00114562
        6320     1.07872      1.0804  0.00114544
        6321     1.08058      1.0804  0.00114526
        6322      1.0822      1.0804  0.00114507
        6323     1.08357      1.0804  0.00114489
        6324     1.08471      1.0804  0.00114471
        6325      1.0856      1.0804  0.00114453
        6326     1.08625      1.0804  0.00114435
        6327     1.08666     1.08041  0.00114417
        6328     1.08685     1.08041  0.00114399
        6329     1.08681     1.08041  0.00114381
        6330     1.08655     1.08041  0.00114363
        6331     1.08608     1.08041  0.00114345
        6332     1.08542     1.08041  0.00114327
        6333     1.08457     1.08041  0.00114309
        6334     1.08353     1.08041  0.00114291
        6335     1.08233     1.08041  0.00114273
        6336     1.08097     1.08041  0.00114255
        6337     1.07946     1.08041  0.00114237
        6338     1.07781     1.08041  0.00114219
        6339     1.07603     1.08041  0.00114201
        6340     1.07413     1.08041  0.00114183
        6341     1.07211     1.08041  0.00114165
        6342        1.07     1.08041  0.00114147
        6343     1.06779      1.0804  0.00114129
        6344      1.0655      1.0804  0.00114111
        6345     1.06312      1.0804  0.00114094
        6346     1.06068      1.0804  0.00114076
        6347     1.05818     1.08039  0.00114059
        6348     1.05563     1.08039  0.00114041
        6349     1.05304     1.08038  0.00114024
        6350     1.05042     1.08038  0.00114007
        6351     1.04777     1.08037  0.00113991
        6352     1.04511     1.08037  0.00113974
        6353     1.04245     1.08036  0.00113958
        6354     1.03979     1.08036  0.00113941
        6355     1.03716     1.08035  0.00113926
        6356     1.03455     1.08034   0.0011391
        6357     1.03199     1.08033  0.00113895
        6358     1.02949     1.08033  0.00113879
        6359     1.02705     1.08032  0.00113865
        6360      1.0247     1.08031   0.0011385
        6361     1.02244      1.0803  0.00113836
        6362     1.02028     1.08029  0.00113822
        6363     1.01824     1.08028  0.00113808
        6364     1.01633     1.08027  0.00113795
        6365     1.01456     1.08026  0.00113781
        6366     1.01294     1.08025  0.00113768
        6367     1.01147     1.08024  0.00113756
        6368     1.01016     1.08023  0.00113743
        6369     1.00902     1.08022  0.00113731
        6370     1.00805     1.08021  0.00113719
        6371     1.00725     1.08019  0.00113707
        6372     1.00663     1.08018  0.00113695
        6373     1.00618     1.08017  0.00113683
        6374     1.00589     1.08016  0.00113671
        6375     1.00577     1.08015  0.00113659
        6376     1.00581     1.08014  0.00113647
        6377       1.006     1.08013  0.00113635
        6378     1.00632     1.08011  0.00113623
        6379     1.00678      1.0801  0.00113611
        6380     1.00735     1.08009  0.00113599
        6381     1.00804     1.08008  0.00113587
        6382     1.00881     1.08007  0.00113575
        6383     1.00965     1.08006  0.00113562
        6384     1.01056     1.08005   0.0011355
        6385     1.01152     1.08004  0.00113537
        6386      1.0125     1.08002  0.00113524
        6387      1.0135     1.08001  0.00113511
        6388     1.01448        1.08  0.00113498
        6389     1.01545     1.07999  0.00113485
        6390     1.01637     1.07998  0.00113471
        6391     1.01723     1.07997  0.00113458
        6392     1.01802     1.07996  0.00113444
        6393     1.01872     1.07996  0.00113431
        6394     1.01931     1.07995  0.00113417
        6395     1.01978     1.07994  0.00113403
        6396     1.02011     1.07993  0.00113389
        6397      1.0203     1.07992  0.00113375
        6398     1.02032     1.07991  0.00113361
        6399     1.02018      1.0799  0.00113347
        6400     1.01986     1.07989  0.00113334
        6401     1.01935     1.07988   0.0011332
        6402     1.01865     1.07987  0.00113306
        6403     1.01775     1.07986  0.00113293
        6404     1.01667     1.07985  0.00113279
        6405     1.01539     1.07984  0.00113266
        6406     1.01392     1.07983  0.00113253
        6407     1.01227     1.07982   0.0011324
        6408     1.01044     1.07981  0.00113228
        6409     1.00846      1.0798  0.00113216
        6410     1.00634     1.07979  0.00113204
        6411     1.00409     1.07977  0.00113192
        6412     1.00174     1.07976  0.00113181
        6413    0.999309     1.07975   0.0011317
        6414    0.996838     1.07974   0.0011316
        6415    0.994352     1.07972   0.0011315
        6416    0.991883     1.07971  0.00113141
        6417    0.989468      1.0797  0.00113132
        6418    0.987141     1.07968  0.00113124
        6419    0.984941     1.07967  0.00113116
        6420    0.982903     1.07965  0.00113108
        6421    0.981062     1.07964  0.00113101
        6422    0.979452     1.07962  0.00113094
        6423    0.978102     1.07961  0.00113087
        6424    0.977042     1.07959  0.00113081
        6425    0.976295     1.07957  0.00113075
        6426    0.975881     1.07956  0.00113069
        6427    0.975816     1.07954  0.00113063
        6428    0.976108     1.07952  0.00113057
        6429    0.976761     1.07951   0.0011305
        6430    0.977773     1.07949  0.00113044
        6431    0.979136     1.07948  0.00113037
        6432    0.980838     1.07946   0.0011303
        6433    0.982864     1.07945  0.00113022
        6434    0.985194     1.07943  0.00113014
        6435    0.987805     1.07942  0.00113006
        6436    0.990673      1.0794  0.00112996
        6437    0.993772     1.07939  0.00112987
        6438    0.997076     1.07938  0.00112976
        6439     1.00055     1.07937  0.00112965
        6440     1.00418     1.07935  0.00112954
        6441     1.00793     1.07934  0.00112942
        6442     1.01177     1.07933  0.00112929
        6443     1.01569     1.07932  0.00112916
        6444     1.01966     1.07931  0.00112902
        6445     1.02365      1.0793  0.00112888
        6446     1.02766      1.0793  0.00112873
        6447     1.03165     1.07929  0.00112858
        6448     1.03562     1.07928  0.00112843
        6449     1.03955     1.07928  0.00112827
        6450     1.04342     1.07927  0.00112811
        6451     1.04723     1.07927  0.00112794
        6452     1.05096     1.07926  0.00112778
        6453      1.0546     1.07926  0.00112761
        6454     1.05814     1.07925  0.00112744
        6455     1.06157     1.07925  0.00112727
        6456     1.06489     1.07925   0.0011271
        6457     1.06808     1.07925  0.00112692
        6458     1.07114     1.07925  0.00112675
        6459     1.07405     1.07925  0.00112658
        6460     1.07683     1.07925   0.0011264
        6461     1.07945     1.07925  0.00112623
        6462     1.08192     1.07925  0.00112605
        6463     1.08423     1.07925  0.00112588
        6464     1.08638     1.07925   0.0011257
        6465     1.08837     1.07925  0.00112553
        6466     1.09019     1.07925  0.00112536
        6467     1.09185     1.07925  0.00112519
        6468     1.09335     1.07925  0.00112501
        6469      1.0947     1.07926  0.00112484
        6470     1.09589     1.07926  0.00112467
        6471     1.09694     1.07926   0.0011245
        6472     1.09785     1.07927  0.00112433
        6473     1.09863     1.07927  0.00112416
        6474     1.09929     1.07927  0.00112399
        6475     1.09984     1.07927  0.00112382
        6476      1.1003     1.07928  0.00112365
        6477     1.10068     1.07928  0.00112349
        6478     1.10098     1.07928  0.00112332
        6479     1.10124     1.07929  0.00112315
        6480     1.10145     1.07929  0.00112298
        6481     1.10163     1.07929  0.00112281
        6482      1.1018      1.0793  0.00112265
        6483     1.10197      1.0793  0.00112248
        6484     1.10215     1.07931  0.00112231
        6485     1.10234     1.07931  0.00112214
        6486     1.10255     1.07931  0.00112198
        6487     1.10279     1.07932  0.00112181
        6488     1.10307     1.07932  0.00112164
        6489     1.10338     1.07932  0.00112147
        6490     1.10374     1.07933  0.00112131
        6491     1.10413     1.07933  0.00112114
        6492     1.10457     1.07933  0.00112098
        6493     1.10504     1.07934  0.00112081
        6494     1.10554     1.07934  0.00112065
        6495     1.10608     1.07935  0.00112048
        6496     1.10665     1.07935  0.00112032
        6497     1.10725     1.07936  0.00112015
        6498     1.10787     1.07936  0.00111999
        6499     1.10851     1.07936  0.00111982
        6500     1.10917     1.07937  0.00111966
        6501     1.10985     1.07937   0.0011195
        6502     1.11055     1.07938  0.00111934
        6503     1.11127     1.07938  0.00111918
        6504     1.11202     1.07939  0.00111901
        6505     1.11278     1.07939  0.00111885
        6506     1.11358      1.0794  0.00111869
        6507      1.1144      1.0794  0.00111854
        6508     1.11526     1.07941  0.00111838
        6509     1.11616     1.07942  0.00111822
        6510     1.11711     1.07942  0.00111806
        6511      1.1181     1.07943  0.00111791
        6512     1.11913     1.07943  0.00111775
        6513     1.12023     1.07944   0.0011176
        6514     1.12137     1.07945  0.00111745
        6515     1.12258     1.07945  0.00111729
        6516     1.12384     1.07946  0.00111714
        6517     1.12516     1.07947  0.00111699
        6518     1.12653     1.07947  0.00111685
        6519     1.12796     1.07948   0.0011167
        6520     1.12943     1.07949  0.00111655
        6521     1.13094      1.0795  0.00111641
        6522     1.13248      1.0795  0.00111627
        6523     1.13404     1.07951  0.00111613
        6524     1.13561     1.07952  0.00111599
        6525     1.13718     1.07953  0.00111585
        6526     1.13874     1.07954  0.00111572
        6527     1.14026     1.07955  0.00111559
        6528     1.14174     1.07956  0.00111546
        6529     1.14316     1.07957  0.00111533
        6530     1.14449     1.07958   0.0011152
        6531     1.14574     1.07959  0.00111508
        6532     1.14687      1.0796  0.00111496
        6533     1.14788     1.07961  0.00111483
        6534     1.14875     1.07962  0.00111471
        6535     1.14947     1.07963  0.00111459
        6536     1.15002     1.07964  0.00111448
        6537      1.1504     1.07965  0.00111436
        6538     1.15059     1.07966  0.00111424
        6539      1.1506     1.07967  0.00111412
        6540     1.15041     1.07968    0.001114
        6541     1.15003      1.0797  0.00111389
        6542     1.14944     1.07971  0.00111377
        6543     1.14867     1.07972  0.00111365
        6544      1.1477     1.07973  0.00111352
        6545     1.14654     1.07974   0.0011134
        6546     1.14521     1.07975  0.00111328
        6547      1.1437     1.07976  0.00111315
        6548     1.14203     1.07977  0.00111302
        6549     1.14021     1.07978  0.00111289
        6550     1.13826     1.07978  0.00111275
        6551     1.13618     1.07979  0.00111262
        6552     1.13399      1.0798  0.00111248
        6553     1.13169     1.07981  0.00111234
        6554     1.12931     1.07982  0.00111219
        6555     1.12685     1.07982  0.00111205
        6556     1.12433     1.07983   0.0011119
        6557     1.12175     1.07984  0.00111175
        6558     1.11913     1.07984  0.00111159
        6559     1.11647     1.07985  0.00111144
        6560     1.11378     1.07985  0.00111128
        6561     1.11106     1.07986  0.00111112
        6562     1.10833     1.07986  0.00111096
        6563     1.10558     1.07987   0.0011108
        6564     1.10283     1.07987  0.00111063
        6565     1.10008     1.07987  0.00111047
        6566     1.09733     1.07988   0.0011103
        6567     1.09459     1.07988  0.00111014
        6568     1.09187     1.07988  0.00110997
        6569     1.08917     1.07988   0.0011098
        6570     1.08651     1.07988  0.00110963
        6571      1.0839     1.07988  0.00110946
        6572     1.08135     1.07988  0.00110929
        6573     1.07887     1.07988  0.00110913
        6574     1.07649     1.07988  0.00110896
        6575     1.07422     1.07988  0.00110879
        6576     1.07208     1.07988  0.00110862
        6577      1.0701     1.07988  0.00110845
        6578      1.0683     1.07988  0.00110829
        6579     1.06669     1.07988  0.00110812
        6580      1.0653     1.07987  0.00110795
        6581     1.06415     1.07987  0.00110779
        6582     1.06326     1.07987  0.00110762
        6583     1.06265     1.07987  0.00110746
        6584     1.06232     1.07986  0.00110729
        6585      1.0623     1.07986  0.00110713
        6586     1.06258     1.07986  0.00110696
        6587     1.06317     1.07986   0.0011068
        6588     1.06407     1.07985  0.00110663
        6589     1.06527     1.07985  0.00110647
        6590     1.06676     1.07985   0.0011063
        6591     1.06852     1.07985  0.00110613
        6592     1.07053     1.07985  0.00110597
        6593     1.07276     1.07984   0.0011058
        6594     1.07519     1.07984  0.00110563
        6595     1.07778     1.07984  0.00110546
        6596      1.0805     1.07984   0.0011053
        6597     1.08332     1.07984  0.00110513
        6598     1.08619     1.07984  0.00110496
        6599     1.08908     1.07985   0.0011048
        6600     1.09195     1.07985  0.00110463
        6601     1.09477     1.07985  0.00110446
        6602      1.0975     1.07985   0.0011043
        6603     1.10011     1.07986  0.00110414
        6604     1.10256     1.07986  0.00110398
        6605     1.10483     1.07986  0.00110381
        6606     1.10689     1.07987  0.00110366
        6607     1.10873     1.07987   0.0011035
        6608     1.11031     1.07988  0.00110334
        6609     1.11163     1.07988  0.00110318
        6610     1.11267     1.07989  0.00110303
        6611     1.11342     1.07989  0.00110287
        6612     1.11387      1.0799  0.00110272
        6613     1.11403      1.0799  0.00110256
        6614     1.11389     1.07991  0.00110241
        6615     1.11346     1.07991  0.00110225
        6616     1.11274     1.07992   0.0011021
        6617     1.11175     1.07992  0.00110194
        6618     1.11048     1.07993  0.00110178
        6619     1.10896     1.07993  0.00110163
        6620      1.1072     1.07993  0.00110147
        6621     1.10523     1.07994  0.00110131
        6622     1.10306     1.07994  0.00110115
        6623     1.10071     1.07995  0.00110099
        6624     1.09821     1.07995  0.00110082
        6625     1.09558     1.07995  0.00110066
        6626     1.09284     1.07995   0.0011005
        6627     1.09004     1.07995  0.00110033
        6628     1.08718     1.07995  0.00110016
        6629      1.0843     1.07996      0.0011
        6630     1.08144     1.07996  0.00109983
        6631      1.0786     1.07996  0.00109967
        6632     1.07583     1.07995   0.0010995
        6633     1.07315     1.07995  0.00109934
        6634     1.07058     1.07995  0.00109917
        6635     1.06815     1.07995  0.00109901
        6636     1.06588     1.07995  0.00109884
        6637     1.06379     1.07995  0.00109868
        6638     1.06189     1.07994  0.00109852
        6639      1.0602     1.07994  0.00109836
        6640     1.05873     1.07994   0.0010982
        6641     1.05749     1.07993  0.00109804
        6642     1.05649     1.07993  0.00109788
        6643     1.05573     1.07993  0.00109772
        6644     1.05522     1.07992  0.00109756
        6645     1.05495     1.07992   0.0010974
        6646     1.05491     1.07992  0.00109724
        6647     1.05512     1.07991  0.00109708
        6648     1.05556     1.07991  0.00109692
        6649     1.05621      1.0799  0.00109676
        6650     1.05708      1.0799   0.0010966
        6651     1.05814      1.0799  0.00109644
        6652      1.0594     1.07989  0.00109628
        6653     1.06083     1.07989  0.00109612
        6654     1.06242     1.07989  0.00109596
        6655     1.06415     1.07989   0.0010958
        6656     1.06603     1.07988  0.00109564
        6657     1.06802     1.07988  0.00109547
        6658     1.07011     1.07988  0.00109531
        6659     1.07229     1.07988  0.00109515
        6660     1.07455     1.07988  0.00109498
        6661     1.07687     1.07988  0.00109482
        6662     1.07923     1.07988  0.00109465
        6663     1.08162     1.07988  0.00109449
        6664     1.08403     1.07988  0.00109433
        6665     1.08644     1.07988  0.00109416
        6666     1.08883     1.07988    0.001094
        6667     1.09119     1.07988  0.00109384
        6668     1.09352     1.07989  0.00109367
        6669     1.09578     1.07989  0.00109351
        6670     1.09798     1.07989  0.00109335
        6671     1.10009     1.07989  0.00109319
        6672     1.10211      1.0799  0.00109303
        6673     1.10402      1.0799  0.00109287
        6674     1.10581      1.0799  0.00109272
        6675     1.10748     1.07991  0.00109256
        6676     1.10902     1.07991  0.00109241
        6677     1.11041     1.07992  0.00109225
        6678     1.11166     1.07992   0.0010921
        6679     1.11275     1.07993  0.00109195
        6680     1.11369     1.07993   0.0010918
        6681     1.11447     1.07994  0.00109164
        6682     1.11508     1.07994  0.00109149
        6683     1.11554     1.07995  0.00109134
        6684     1.11584     1.07995  0.00109119
        6685     1.11599     1.07996  0.00109104
        6686     1.11599     1.07996  0.00109089
        6687     1.11584     1.07997  0.00109074
        6688     1.11556     1.07998  0.00109059
        6689     1.11515     1.07998  0.00109044
        6690     1.11463     1.07999  0.00109029
        6691       1.114     1.07999  0.00109014
        6692     1.11327        1.08  0.00108999
        6693     1.11246        1.08  0.00108984
        6694     1.11157     1.08001  0.00108969
        6695     1.11063     1.08001  0.00108953
        6696     1.10963     1.08001  0.00108938
        6697      1.1086     1.08002  0.00108922
        6698     1.10755     1.08002  0.00108907
        6699     1.10649     1.08003  0.00108891
        6700     1.10543     1.08003  0.00108876
        6701     1.10438     1.08003   0.0010886
        6702     1.10335     1.08004  0.00108844
        6703     1.10235     1.08004  0.00108829
        6704     1.10139     1.08004  0.00108813
        6705     1.10048     1.08005  0.00108797
        6706     1.09962     1.08005  0.00108781
        6707     1.09883     1.08005  0.00108765
        6708     1.09811     1.08006   0.0010875
        6709     1.09746     1.08006  0.00108734
        6710      1.0969     1.08006  0.00108718
        6711     1.09642     1.08006  0.00108702
        6712     1.09604     1.08007  0.00108686
        6713     1.09574     1.08007   0.0010867
        6714     1.09554     1.08007  0.00108654
        6715     1.09542     1.08007  0.00108638
        6716      1.0954     1.08007  0.00108622
        6717     1.09547     1.08008  0.00108606
        6718     1.09562     1.08008   0.0010859
        6719     1.09585     1.08008  0.00108574
        6720     1.09615     1.08008  0.00108558
        6721     1.09652     1.08009  0.00108543
        6722     1.09694     1.08009  0.00108527
        6723     1.09741     1.08009  0.00108511
        6724     1.09791     1.08009  0.00108495
        6725     1.09843      1.0801  0.00108479
        6726     1.09895      1.0801  0.00108464
        6727     1.09947      1.0801  0.00108448
        6728     1.09996     1.08011  0.00108432
        6729      1.1004     1.08011  0.00108416
        6730     1.10079     1.08011  0.00108401
        6731      1.1011     1.08011  0.00108385
        6732     1.10132     1.08012  0.00108369
        6733     1.10143     1.08012  0.00108354
        6734     1.10141     1.08012  0.00108338
        6735     1.10126     1.08013  0.00108323
        6736     1.10095     1.08013  0.00108307
        6737     1.10048     1.08013  0.00108291
        6738     1.09982     1.08014  0.00108276
        6739     1.09898     1.08014   0.0010826
        6740     1.09795     1.08014  0.00108244
        6741     1.09671     1.08014  0.00108228
        6742     1.09527     1.08015  0.00108213
        6743     1.09363     1.08015  0.00108197
        6744     1.09178     1.08015  0.00108181
        6745     1.08973     1.08015  0.00108165
        6746     1.08748     1.08015  0.00108149
        6747     1.08505     1.08015  0.00108133
        6748     1.08244     1.08015  0.00108117
        6749     1.07968     1.08015  0.00108101
        6750     1.07678     1.08015  0.00108085
        6751     1.07375     1.08015  0.00108069
        6752     1.07063     1.08015  0.00108053
        6753     1.06743     1.08015  0.00108037
        6754     1.06419     1.08015  0.00108021
        6755     1.06093     1.08014  0.00108006
        6756     1.05769     1.08014   0.0010799
        6757     1.05449     1.08014  0.00107975
        6758     1.05138     1.08013   0.0010796
        6759     1.04837     1.08013  0.00107945
        6760     1.04552     1.08012   0.0010793
        6761     1.04284     1.08012  0.00107916
        6762     1.04038     1.08011  0.00107901
        6763     1.03815      1.0801  0.00107887
        6764      1.0362      1.0801  0.00107873
        6765     1.03453     1.08009  0.00107859
        6766     1.03318     1.08008  0.00107845
        6767     1.03217     1.08008  0.00107832
        6768     1.03149     1.08007  0.00107818
        6769     1.03118     1.08006  0.00107805
        6770     1.03121     1.08006  0.00107791
        6771     1.03161     1.08005  0.00107778
        6772     1.03235     1.08004  0.00107764
        6773     1.03344     1.08004   0.0010775
        6774     1.03485     1.08003  0.00107737
        6775     1.03657     1.08002  0.00107723
        6776     1.03856     1.08002  0.00107708
        6777     1.04081     1.08001  0.00107694
        6778     1.04328        1.08   0.0010768
        6779     1.04595        1.08  0.00107665
        6780     1.04877        1.08   0.0010765
        6781     1.05171     1.07999  0.00107635
        6782     1.05473     1.07999   0.0010762
        6783     1.05779     1.07998  0.00107604
        6784     1.06087     1.07998  0.00107589
        6785     1.06392     1.07998  0.00107573
        6786      1.0669     1.07998  0.00107557
        6787      1.0698     1.07998  0.00107542
        6788     1.07257     1.07997  0.00107526
        6789      1.0752     1.07997   0.0010751
        6790     1.07766     1.07997  0.00107494
        6791     1.07993     1.07997  0.00107478
        6792     1.08199     1.07997  0.00107463
        6793     1.08383     1.07997  0.00107447
        6794     1.08546     1.07997  0.00107431
        6795     1.08684     1.07998  0.00107415
        6796       1.088     1.07998    0.001074
        6797     1.08892     1.07998  0.00107384
        6798     1.08961     1.07998  0.00107368
        6799     1.09008     1.07998  0.00107352
        6800     1.09032     1.07998  0.00107337
        6801     1.09036     1.07998  0.00107321
        6802     1.09021     1.07999  0.00107305
        6803     1.08987     1.07999   0.0010729
        6804     1.08937     1.07999  0.00107274
        6805     1.08872     1.07999  0.00107258
        6806     1.08792     1.07999  0.00107243
        6807     1.08701     1.07999  0.00107227
        6808     1.08599     1.07999  0.00107211
        6809     1.08487     1.07999  0.00107196
        6810     1.08367     1.07999   0.0010718
        6811      1.0824     1.07999  0.00107164
        6812     1.08108     1.07999  0.00107148
        6813     1.07972     1.07999  0.00107133
        6814     1.07831     1.07999  0.00107117
        6815     1.07688     1.07999  0.00107101
        6816     1.07543     1.07999  0.00107086
        6817     1.07396     1.07999   0.0010707
        6818     1.07248     1.07999  0.00107054
        6819     1.07099     1.07999  0.00107039
        6820     1.06949     1.07999  0.00107023
        6821       1.068     1.07999  0.00107007
        6822      1.0665     1.07998  0.00106992
        6823     1.06501     1.07998  0.00106976
        6824     1.06353     1.07998  0.00106961
        6825     1.06205     1.07998  0.00106946
        6826     1.06057     1.07997   0.0010693
        6827     1.05912     1.07997  0.00106915
        6828     1.05767     1.07997    0.001069
        6829     1.05625     1.07996  0.00106885
        6830     1.05485     1.07996   0.0010687
        6831     1.05347     1.07996  0.00106855
        6832     1.05213     1.07995   0.0010684
        6833     1.05082     1.07995  0.00106825
        6834     1.04955     1.07994  0.00106811
        6835     1.04831     1.07994  0.00106796
        6836     1.04713     1.07994  0.00106781
        6837     1.04599     1.07993  0.00106767
        6838     1.04491     1.07992  0.00106753
        6839     1.04389     1.07992  0.00106738
        6840     1.04292     1.07991  0.00106724
        6841     1.04201     1.07991   0.0010671
        6842     1.04116      1.0799  0.00106696
        6843     1.04037      1.0799  0.00106682
        6844     1.03965     1.07989  0.00106668
        6845     1.03898     1.07989  0.00106654
        6846     1.03837     1.07988   0.0010664
        6847     1.03782     1.07987  0.00106626
        6848     1.03732     1.07987  0.00106613
        6849     1.03687     1.07986  0.00106599
        6850     1.03646     1.07985  0.00106585
        6851      1.0361     1.07985  0.00106571
        6852     1.03577     1.07984  0.00106558
        6853     1.03548     1.07984  0.00106544
        6854     1.03522     1.07983  0.00106531
        6855     1.03497     1.07982  0.00106517
        6856     1.03474     1.07982  0.00106504
        6857     1.03452     1.07981   0.0010649
        6858     1.03429      1.0798  0.00106477
        6859     1.03406      1.0798  0.00106463
        6860     1.03381     1.07979   0.0010645
        6861     1.03354     1.07978  0.00106437
        6862     1.03323     1.07978  0.00106423
        6863     1.03288     1.07977   0.0010641
        6864     1.03247     1.07976  0.00106397
        6865       1.032     1.07975  0.00106383
        6866     1.03145     1.07975   0.0010637
        6867     1.03082     1.07974  0.00106357
        6868     1.03009     1.07973  0.00106344
        6869     1.02925     1.07973  0.00106331
        6870     1.02828     1.07972  0.00106318
        6871     1.02718     1.07971  0.00106306
        6872     1.02594      1.0797  0.00106293
        6873     1.02455     1.07969  0.00106281
        6874       1.023     1.07969  0.00106268
        6875     1.02128     1.07968  0.00106256
        6876     1.01938     1.07967  0.00106244
        6877     1.01731     1.07966  0.00106233
        6878     1.01505     1.07965  0.00106222
        6879     1.01261     1.07964  0.00106211
        6880     1.00998     1.07963    0.001062
        6881     1.00718     1.07962   0.0010619
        6882     1.00419     1.07961   0.0010618
        6883     1.00104      1.0796  0.00106171
        6884    0.997725     1.07959  0.00106162
        6885     0.99426     1.07957  0.00106154
        6886    0.990656     1.07956  0.00106146
        6887     0.98693     1.07955  0.00106139
        6888    0.983099     1.07953  0.00106133
        6889    0.979184     1.07952  0.00106128
        6890    0.975204      1.0795  0.00106123
        6891    0.971181     1.07949  0.00106119
        6892    0.967139     1.07947  0.00106116
        6893    0.963105     1.07945  0.00106114
        6894     0.95911     1.07944  0.00106113
        6895    0.955185     1.07942  0.00106113
        6896    0.951364      1.0794  0.00106114
        6897    0.947683     1.07938  0.00106116
        6898    0.944182     1.07936  0.00106119
        6899    0.940901     1.07934  0.00106122
        6900    0.937884     1.07932  0.00106127
        6901    0.935177      1.0793  0.00106132
        6902    0.932829     1.07928  0.00106138
        6903    0.930886     1.07926  0.00106144
        6904    0.929395     1.07924  0.00106151
        6905    0.928398     1.07921  0.00106158
        6906    0.927934     1.07919  0.00106165
        6907    0.928036     1.07917  0.00106172
        6908    0.928726     1.07915  0.00106179
        6909    0.930019     1.07913  0.00106186
        6910    0.931918     1.07911  0.00106192
        6911    0.934419     1.07909  0.00106197
        6912    0.937501     1.07906  0.00106202
        6913    0.941135     1.07904  0.00106205
        6914    0.945281     1.07903  0.00106207
        6915    0.949892     1.07901  0.00106208
        6916    0.954912     1.07899  0.00106208
        6917    0.960281     1.07897  0.00106207
        6918    0.965937     1.07896  0.00106204
        6919    0.971814     1.07894    0.001062
        6920     0.97785     1.07893  0.00106195
        6921    0.983983     1.07891  0.00106188
        6922    0.990157      1.0789   0.0010618
        6923    0.996319     1.07889  0.00106172
        6924     1.00242     1.07888  0.00106162
        6925     1.00842     1.07887  0.00106152
        6926     1.01429     1.07886  0.00106141
        6927     1.01998     1.07885  0.00106129
        6928     1.02549     1.07884  0.00106116
        6929     1.03077     1.07883  0.00106103
        6930     1.03583     1.07883   0.0010609
        6931     1.04065     1.07882  0.00106076
        6932     1.04522     1.07882  0.00106061
        6933     1.04954     1.07881  0.00106047
        6934     1.05359     1.07881  0.00106032
        6935      1.0574     1.07881  0.00106017
        6936     1.06094      1.0788  0.00106003
        6937     1.06424      1.0788  0.00105987
        6938     1.06728      1.0788  0.00105972
        6939     1.07009      1.0788  0.00105957
        6940     1.07267      1.0788  0.00105942
        6941     1.07502      1.0788  0.00105927
        6942     1.07717      1.0788  0.00105911
        6943     1.07911      1.0788  0.00105896
        6944     1.08088      1.0788  0.00105881
        6945     1.08247      1.0788  0.00105866
        6946     1.08391      1.0788   0.0010585
        6947     1.08521      1.0788  0.00105835
        6948     1.08639      1.0788   0.0010582
        6949     1.08746      1.0788  0.00105805
        6950     1.08844      1.0788   0.0010579
        6951     1.08935      1.0788  0.00105775
        6952     1.09021     1.07881   0.0010576
        6953     1.09103     1.07881  0.00105744
        6954     1.09182     1.07881  0.00105729
        6955     1.09259     1.07881  0.00105714
        6956     1.09337     1.07881  0.00105699
        6957     1.09416     1.07882  0.00105684
        6958     1.09496     1.07882   0.0010567
        6959     1.09579     1.07882  0.00105655
        6960     1.09665     1.07882   0.0010564
        6961     1.09754     1.07883  0.00105625
        6962     1.09847     1.07883   0.0010561
        6963     1.09942     1.07883  0.00105595
        6964      1.1004     1.07883  0.00105581
        6965      1.1014     1.07884  0.00105566
        6966     1.10241     1.07884  0.00105551
        6967     1.10342     1.07884  0.00105537
        6968     1.10443     1.07885  0.00105522
        6969     1.10542     1.07885  0.00105508
        6970     1.10638     1.07886  0.00105493
        6971      1.1073     1.07886  0.00105479
        6972     1.10816     1.07886  0.00105465
        6973     1.10895     1.07887  0.00105451
        6974     1.10967     1.07887  0.00105436
        6975     1.11029     1.07888  0.00105422
        6976     1.11081     1.07888  0.00105408
        6977     1.11122     1.07889  0.00105394
        6978      1.1115     1.07889   0.0010538
        6979     1.11166      1.0789  0.00105366
        6980     1.11169      1.0789  0.00105352
        6981     1.11158     1.07891  0.00105338
        6982     1.11132     1.07891  0.00105324
        6983     1.11093     1.07891   0.0010531
        6984     1.11039     1.07892  0.00105296
        6985     1.10971     1.07892  0.00105281
        6986     1.10889     1.07893  0.00105267
        6987     1.10794     1.07893  0.00105253
        6988     1.10688     1.07894  0.00105239
        6989     1.10569     1.07894  0.00105224
        6990     1.10441     1.07894   0.0010521
        6991     1.10304     1.07895  0.00105195
        6992      1.1016     1.07895  0.00105181
        6993      1.1001     1.07895  0.00105166
        6994     1.09855     1.07896  0.00105152
        6995     1.09698     1.07896  0.00105137
        6996     1.09541     1.07896  0.00105122
        6997     1.09384     1.07896  0.00105107
        6998     1.09231     1.07896  0.00105092
        6999     1.09083     1.07897  0.00105078
        7000     1.08942     1.07897  0.00105063
        7001     1.08811     1.07897  0.00105048
        7002      1.0869     1.07897  0.00105033
        7003     1.08581     1.07897  0.00105018
        7004     1.08486     1.07897  0.00105003
        7005     1.08406     1.07897  0.00104988
        7006     1.08343     1.07897  0.00104973
        7007     1.08297     1.07897  0.00104958
        7008      1.0827     1.07897  0.00104943
        7009     1.08261     1.07898  0.00104928
        7010     1.08272     1.07898  0.00104913
        7011     1.08302     1.07898  0.00104898
        7012     1.08352     1.07898  0.00104883
        7013     1.08421     1.07898  0.00104868
        7014     1.08509     1.07898  0.00104853
        7015     1.08616     1.07898  0.00104838
        7016     1.08741     1.07898  0.00104824
        7017     1.08882     1.07898  0.00104809
        7018      1.0904     1.07898  0.00104794
        7019     1.09212     1.07899  0.00104779
        7020     1.09397     1.07899  0.00104764
        7021     1.09594     1.07899   0.0010475
        7022     1.09801     1.07899  0.00104735
        7023     1.10017       1.079  0.00104721
        7024      1.1024       1.079  0.00104706
        7025     1.10467       1.079  0.00104692
        7026     1.10698     1.07901  0.00104678
        7027     1.10929     1.07901  0.00104664
        7028     1.11159     1.07902   0.0010465
        7029     1.11386     1.07902  0.00104636
        7030     1.11608     1.07903  0.00104623
        7031     1.11823     1.07903  0.00104609
        7032     1.12029     1.07904  0.00104596
        7033     1.12224     1.07904  0.00104583
        7034     1.12406     1.07905   0.0010457
        7035     1.12575     1.07906  0.00104557
        7036     1.12727     1.07906  0.00104545
        7037     1.12862     1.07907  0.00104532
        7038     1.12978     1.07908   0.0010452
        7039     1.13075     1.07909  0.00104508
        7040     1.13151     1.07909  0.00104496
        7041     1.13204      1.0791  0.00104483
        7042     1.13236     1.07911  0.00104471
        7043     1.13244     1.07912  0.00104459
        7044     1.13229     1.07912  0.00104447
        7045      1.1319     1.07913  0.00104435
        7046     1.13128     1.07914  0.00104423
        7047     1.13043     1.07915  0.00104411
        7048     1.12934     1.07915  0.00104398
        7049     1.12804     1.07916  0.00104386
        7050     1.12652     1.07917  0.00104373
        7051      1.1248     1.07917   0.0010436
        7052     1.12288     1.07918  0.00104347
        7053     1.12077     1.07918  0.00104334
        7054      1.1185     1.07919  0.00104321
        7055     1.11606      1.0792  0.00104307
        7056     1.11349      1.0792  0.00104294
        7057     1.11079      1.0792   0.0010428
        7058     1.10798     1.07921  0.00104266
        7059     1.10507     1.07921  0.00104252
        7060      1.1021     1.07922  0.00104237
        7061     1.09906     1.07922  0.00104223
        7062     1.09599     1.07922  0.00104209
        7063     1.09291     1.07922  0.00104194
        7064     1.08983     1.07922  0.00104179
        7065     1.08677     1.07923  0.00104165
        7066     1.08375     1.07923   0.0010415
        7067     1.08079     1.07923  0.00104135
        7068     1.07792     1.07923  0.00104121
        7069     1.07515     1.07923  0.00104106
        7070      1.0725     1.07922  0.00104091
        7071        1.07     1.07922  0.00104076
        7072     1.06765     1.07922  0.00104062
        7073     1.06547     1.07922  0.00104047
        7074     1.06349     1.07922  0.00104033
        7075      1.0617     1.07921  0.00104018
        7076     1.06013     1.07921  0.00104004
        7077     1.05878     1.07921   0.0010399
        7078     1.05764     1.07921  0.00103976
        7079     1.05674      1.0792  0.00103961
        7080     1.05605      1.0792  0.00103947
        7081     1.05558      1.0792  0.00103933
        7082     1.05532     1.07919  0.00103919
        7083     1.05526     1.07919  0.00103905
        7084     1.05538     1.07919  0.00103891
        7085     1.05567     1.07918  0.00103877
        7086     1.05611     1.07918  0.00103862
        7087     1.05668     1.07918  0.00103848
        7088     1.05736     1.07917  0.00103834
        7089     1.05813     1.07917   0.0010382
        7090     1.05897     1.07917  0.00103806
        7091     1.05986     1.07917  0.00103791
        7092     1.06077     1.07916  0.00103777
        7093      1.0617     1.07916  0.00103763
        7094     1.06261     1.07916  0.00103748
        7095      1.0635     1.07916  0.00103734
        7096     1.06435     1.07915  0.00103719
        7097     1.06515     1.07915  0.00103705
        7098     1.06589     1.07915  0.00103691
        7099     1.06655     1.07915  0.00103676
        7100     1.06714     1.07915  0.00103662
        7101     1.06765     1.07914  0.00103647
        7102     1.06807     1.07914  0.00103633
        7103     1.06839     1.07914  0.00103618
        7104     1.06863     1.07914  0.00103604
        7105     1.06877     1.07914  0.00103589
        7106     1.06882     1.07914  0.00103575
        7107     1.06878     1.07914   0.0010356
        7108     1.06865     1.07913  0.00103546
        7109     1.06844     1.07913  0.00103531
        7110     1.06814     1.07913  0.00103517
        7111     1.06777     1.07913  0.00103503
        7112     1.06732     1.07913  0.00103488
        7113      1.0668     1.07913  0.00103474
        7114     1.06621     1.07912  0.00103459
        7115     1.06557     1.07912  0.00103445
        7116     1.06486     1.07912  0.00103431
        7117     1.06411     1.07912  0.00103416
        7118     1.06332     1.07912  0.00103402
        7119     1.06249     1.07911  0.00103388
        7120     1.06162     1.07911  0.00103374
        7121     1.06074     1.07911  0.00103359
        7122     1.05983     1.07911  0.00103345
        7123     1.05891      1.0791  0.00103331
        7124     1.05799      1.0791  0.00103317
        7125     1.05707      1.0791  0.00103303
        7126     1.05615     1.07909  0.00103289
        7127     1.05525     1.07909  0.00103275
        7128     1.05437     1.07909  0.00103261
        7129     1.05351     1.07908  0.00103247
        7130     1.05267     1.07908  0.00103233
        7131     1.05187     1.07908   0.0010322
        7132     1.05109     1.07907  0.00103206
        7133     1.05035     1.07907  0.00103192
        7134     1.04963     1.07906  0.00103179
        7135     1.04896     1.07906  0.00103165
        7136     1.04831     1.07906  0.00103151
        7137      1.0477     1.07905  0.00103138
        7138     1.04712     1.07905  0.00103124
        7139     1.04656     1.07904  0.00103111
        7140     1.04603     1.07904  0.00103098
        7141     1.04553     1.07903  0.00103084
        7142     1.04505     1.07903  0.00103071
        7143     1.04459     1.07902  0.00103058
        7144     1.04415     1.07902  0.00103044
        7145     1.04372     1.07901  0.00103031
        7146     1.04332     1.07901  0.00103018
        7147     1.04293       1.079  0.00103005
        7148     1.04255       1.079  0.00102992
        7149      1.0422     1.07899  0.00102978
        7150     1.04186     1.07899  0.00102965
        7151     1.04154     1.07898  0.00102952
        7152     1.04124     1.07898  0.00102939
        7153     1.04096     1.07897  0.00102926
        7154     1.04071     1.07897  0.00102913
        7155     1.04048     1.07896    0.001029
        7156     1.04029     1.07896  0.00102887
        7157     1.04012     1.07895  0.00102874
        7158        1.04     1.07894  0.00102861
        7159     1.03991     1.07894  0.00102848
        7160     1.03987     1.07893  0.00102836
        7161     1.03989     1.07893  0.00102823
        7162     1.03996     1.07892   0.0010281
        7163      1.0401     1.07892  0.00102797
        7164     1.04031     1.07891  0.00102784
        7165      1.0406     1.07891  0.00102771
        7166     1.04098      1.0789  0.00102758
        7167     1.04144      1.0789  0.00102745
        7168     1.04199     1.07889  0.00102732
        7169     1.04264     1.07889  0.00102719
        7170     1.04339     1.07888  0.00102706
        7171     1.04425     1.07888  0.00102692
        7172     1.04522     1.07887  0.00102679
        7173     1.04629     1.07887  0.00102666
        7174     1.04747     1.07886  0.00102653
        7175     1.04875     1.07886  0.00102639
        7176     1.05014     1.07885  0.00102626
        7177     1.05162     1.07885  0.00102612
        7178     1.05319     1.07885  0.00102598
        7179     1.05485     1.07884  0.00102585
        7180     1.05659     1.07884  0.00102571
        7181     1.05839     1.07884  0.00102557
        7182     1.06025     1.07884  0.00102543
        7183     1.06216     1.07883  0.00102529
        7184     1.06409     1.07883  0.00102515
        7185     1.06605     1.07883  0.00102501
        7186     1.06801     1.07883  0.00102487
        7187     1.06997     1.07883  0.00102472
        7188      1.0719     1.07883  0.00102458
        7189     1.07379     1.07882  0.00102444
        7190     1.07562     1.07882   0.0010243
        7191     1.07739     1.07882  0.00102415
        7192     1.07907     1.07882  0.00102401
        7193     1.08065     1.07882  0.00102387
        7194     1.08211     1.07882  0.00102373
        7195     1.08345     1.07883  0.00102359
        7196     1.08464     1.07883  0.00102344
        7197     1.08568     1.07883   0.0010233
        7198     1.08655     1.07883  0.00102316
        7199     1.08724     1.07883  0.00102302
        7200     1.08774     1.07883  0.00102288
        7201     1.08805     1.07883  0.00102274
        7202     1.08816     1.07883  0.00102259
        7203     1.08806     1.07883  0.00102245
        7204     1.08775     1.07884  0.00102231
        7205     1.08722     1.07884  0.00102217
        7206     1.08648     1.07884  0.00102203
        7207     1.08552     1.07884  0.00102189
        7208     1.08435     1.07884  0.00102175
        7209     1.08297     1.07884  0.00102161
        7210     1.08139     1.07884  0.00102146
        7211     1.07962     1.07884  0.00102132
        7212     1.07767     1.07884  0.00102118
        7213     1.07555     1.07884  0.00102104
        7214     1.07327     1.07884   0.0010209
        7215     1.07085     1.07884  0.00102076
        7216     1.06831     1.07884  0.00102062
        7217     1.06567     1.07883  0.00102048
        7218     1.06295     1.07883  0.00102034
        7219     1.06018     1.07883   0.0010202
        7220     1.05737     1.07883  0.00102006
        7221     1.05455     1.07882  0.00101993
        7222     1.05175     1.07882  0.00101979
        7223       1.049     1.07882  0.00101966
        7224     1.04632     1.07881  0.00101953
        7225     1.04374     1.07881   0.0010194
        7226     1.04128      1.0788  0.00101927
        7227     1.03897      1.0788  0.00101915
        7228     1.03683     1.07879  0.00101902
        7229     1.03487     1.07878   0.0010189
        7230     1.03312     1.07878  0.00101878
        7231     1.03158     1.07877  0.00101866
        7232     1.03027     1.07876  0.00101854
        7233     1.02919     1.07876  0.00101842
        7234     1.02834     1.07875   0.0010183
        7235     1.02772     1.07874  0.00101819
        7236     1.02732     1.07874  0.00101807
        7237     1.02712     1.07873  0.00101796
        7238     1.02713     1.07872  0.00101784
        7239     1.02732     1.07872  0.00101772
        7240     1.02767     1.07871  0.00101761
        7241     1.02817      1.0787  0.00101749
        7242     1.02878     1.07869  0.00101737
        7243      1.0295     1.07869  0.00101726
        7244     1.03029     1.07868  0.00101714
        7245     1.03115     1.07867  0.00101702
        7246     1.03204     1.07867   0.0010169
        7247     1.03295     1.07866  0.00101678
        7248     1.03387     1.07866  0.00101666
        7249     1.03478     1.07865  0.00101653
        7250     1.03567     1.07864  0.00101641
        7251     1.03653     1.07864  0.00101629
        7252     1.03736     1.07863  0.00101616
        7253     1.03815     1.07863  0.00101604
        7254      1.0389     1.07862  0.00101591
        7255     1.03962     1.07862  0.00101579
        7256     1.04029     1.07861  0.00101566
        7257     1.04094      1.0786  0.00101553
        7258     1.04156      1.0786  0.00101541
        7259     1.04215     1.07859  0.00101528
        7260     1.04273     1.07859  0.00101515
        7261      1.0433     1.07858  0.00101502
        7262     1.04386     1.07858   0.0010149
        7263     1.04441     1.07858  0.00101477
        7264     1.04498     1.07857  0.00101464
        7265     1.04555     1.07857  0.00101451
        7266     1.04614     1.07856  0.00101438
        7267     1.04673     1.07856  0.00101425
        7268     1.04735     1.07855  0.00101412
        7269     1.04798     1.07855  0.00101399
        7270     1.04862     1.07854  0.00101386
        7271     1.04928     1.07854  0.00101372
        7272     1.04995     1.07854  0.00101359
        7273     1.05063     1.07853  0.00101346
        7274     1.05131     1.07853  0.00101333
        7275       1.052     1.07853  0.00101319
        7276      1.0527     1.07852  0.00101306
        7277     1.05338     1.07852  0.00101293
        7278     1.05406     1.07852  0.00101279
        7279     1.05473     1.07851  0.00101266
        7280     1.05538     1.07851  0.00101253
        7281     1.05602     1.07851  0.00101239
        7282     1.05662      1.0785  0.00101226
        7283      1.0572      1.0785  0.00101212
        7284     1.05775      1.0785  0.00101199
        7285     1.05826     1.07849  0.00101185
        7286     1.05872     1.07849  0.00101172
        7287     1.05915     1.07849  0.00101158
        7288     1.05952     1.07849  0.00101145
        7289     1.05985     1.07848  0.00101131
        7290     1.06012     1.07848  0.00101118
        7291     1.06034     1.07848  0.00101104
        7292      1.0605     1.07848   0.0010109
        7293     1.06061     1.07847  0.00101077
        7294     1.06066     1.07847  0.00101063
        7295     1.06066     1.07847   0.0010105
        7296      1.0606     1.07847  0.00101036
        7297     1.06049     1.07846  0.00101023
        7298     1.06032     1.07846  0.00101009
        7299     1.06011     1.07846  0.00100996
        7300     1.05985     1.07846  0.00100982
        7301     1.05954     1.07845  0.00100969
        7302      1.0592     1.07845  0.00100955
        7303     1.05882     1.07845  0.00100942
        7304     1.05842     1.07845  0.00100928
        7305       1.058     1.07844  0.00100915
        7306     1.05756     1.07844  0.00100901
        7307     1.05713     1.07844  0.00100888
        7308     1.05669     1.07843  0.00100875
        7309     1.05627     1.07843  0.00100861
        7310     1.05587     1.07843  0.00100848
        7311     1.05549     1.07842  0.00100835
        7312     1.05515     1.07842  0.00100821
        7313     1.05486     1.07842  0.00100808
        7314     1.05462     1.07842  0.00100795
        7315     1.05443     1.07841  0.00100782
        7316     1.05431     1.07841  0.00100768
        7317     1.05425     1.07841  0.00100755
        7318     1.05426      1.0784  0.00100742
        7319     1.05434      1.0784  0.00100729
        7320      1.0545      1.0784  0.00100715
        7321     1.05472     1.07839  0.00100702
        7322     1.05501     1.07839  0.00100689
        7323     1.05537     1.07839  0.00100676
        7324     1.05578     1.07838  0.00100662
        7325     1.05625     1.07838  0.00100649
        7326     1.05677     1.07838  0.00100636
        7327     1.05733     1.07837  0.00100622
        7328     1.05793     1.07837  0.00100609
        7329     1.05855     1.07837  0.00100596
        7330      1.0592     1.07837  0.00100582
        7331     1.05987     1.07836  0.00100569
        7332     1.06054     1.07836  0.00100556
        7333     1.06121     1.07836  0.00100542
        7334     1.06189     1.07836  0.00100529
        7335     1.06255     1.07835  0.00100515
        7336     1.06321     1.07835  0.00100502
        7337     1.06386     1.07835  0.00100488
        7338     1.06449     1.07835  0.00100475
        7339      1.0651     1.07835  0.00100461
        7340     1.06571     1.07834  0.00100448
        7341      1.0663     1.07834  0.00100434
        7342     1.06688     1.07834  0.00100421
        7343     1.06744     1.07834  0.00100407
        7344       1.068     1.07834  0.00100393
        7345     1.06855     1.07834   0.0010038
        7346     1.06909     1.07834  0.00100366
        7347     1.06963     1.07833  0.00100353
        7348     1.07017     1.07833  0.00100339
        7349      1.0707     1.07833  0.00100325
        7350     1.07123     1.07833  0.00100312
        7351     1.07176     1.07833  0.00100298
        7352      1.0723     1.07833  0.00100285
        7353     1.07283     1.07833  0.00100271
        7354     1.07336     1.07833  0.00100257
        7355     1.07389     1.07833  0.00100244
        7356     1.07442     1.07833   0.0010023
        7357     1.07494     1.07833  0.00100217
        7358     1.07546     1.07833  0.00100203
        7359     1.07597     1.07833  0.00100189
        7360     1.07646     1.07833  0.00100176
        7361     1.07695     1.07833  0.00100162
        7362     1.07742     1.07833  0.00100148
        7363     1.07787     1.07833  0.00100135
        7364      1.0783     1.07833  0.00100121
        7365     1.07871     1.07833  0.00100108
        7366     1.07909     1.07833  0.00100094
        7367     1.07944     1.07833  0.00100081
        7368     1.07976     1.07833  0.00100067
        7369     1.08004     1.07833  0.00100053
        7370     1.08029     1.07833   0.0010004
        7371     1.08048     1.07833  0.00100026
        7372     1.08062     1.07833  0.00100013
        7373     1.08071     1.07833 0.000999991
        7374     1.08074     1.07833 0.000999855
        7375     1.08069     1.07833  0.00099972
        7376     1.08058     1.07833 0.000999584
        7377     1.08038     1.07833 0.000999449
        7378     1.08009     1.07833 0.000999314
        7379     1.07971     1.07833 0.000999178
        7380     1.07922     1.07833 0.000999043
        7381     1.07862     1.07833 0.000998907
        7382      1.0779     1.07833 0.000998772
        7383     1.07705     1.07833 0.000998637
        7384     1.07607     1.07833 0.000998502
        7385     1.07495     1.07833 0.000998367
        7386     1.07368     1.07833 0.000998232
        7387     1.07225     1.07833 0.000998097
        7388     1.07067     1.07833 0.000997962
        7389     1.06893     1.07832 0.000997828
        7390     1.06702     1.07832 0.000997694
        7391     1.06495     1.07832 0.000997561
        7392     1.06271     1.07832 0.000997428
        7393     1.06031     1.07832 0.000997296
        7394     1.05776     1.07831 0.000997165
        7395     1.05505     1.07831 0.000997035
        7396      1.0522     1.07831 0.000996907
        7397     1.04922      1.0783  0.00099678
        7398     1.04613      1.0783 0.000996654
        7399     1.04295     1.07829 0.000996531
        7400     1.03969     1.07829  0.00099641
        7401     1.03638     1.07828 0.000996292
        7402     1.03304     1.07828 0.000996176
        7403     1.02971     1.07827 0.000996063
        7404     1.02641     1.07826 0.000995953
        7405     1.02317     1.07826 0.000995846
        7406     1.02004     1.07825 0.000995743
        7407     1.01703     1.07824 0.000995643
        7408     1.01419     1.07823 0.000995546
        7409     1.01155     1.07822 0.000995452
        7410     1.00912     1.07821 0.000995361
        7411     1.00695      1.0782 0.000995274
        7412     1.00505     1.07819 0.000995188
        7413     1.00344     1.07818 0.000995105
        7414     1.00213     1.07817 0.000995024
        7415     1.00114     1.07816 0.000994944
        7416     1.00046     1.07815 0.000994865
        7417     1.00011     1.07814 0.000994786
        7418     1.00007     1.07813 0.000994708
        7419     1.00033     1.07812 0.000994629
        7420     1.00089     1.07811 0.000994549
        7421     1.00174      1.0781 0.000994469
        7422     1.00284     1.07809 0.000994386
        7423     1.00419     1.07808 0.000994302
        7424     1.00577     1.07807 0.000994216
        7425     1.00754     1.07806 0.000994127
        7426      1.0095     1.07805 0.000994036
        7427     1.01161     1.07804 0.000993943
        7428     1.01386     1.07803 0.000993847
        7429     1.01621     1.07803 0.000993748
        7430     1.01865     1.07802 0.000993646
        7431     1.02115     1.07801 0.000993542
        7432      1.0237       1.078 0.000993435
        7433     1.02626       1.078 0.000993326
        7434     1.02883     1.07799 0.000993214
        7435     1.03137     1.07798   0.0009931
        7436     1.03387     1.07798 0.000992985
        7437      1.0363     1.07797 0.000992867
        7438     1.03866     1.07797 0.000992747
        7439     1.04091     1.07796 0.000992626
        7440     1.04304     1.07796 0.000992504
        7441     1.04504     1.07795 0.000992381
        7442     1.04689     1.07795 0.000992256
        7443     1.04857     1.07794 0.000992131
        7444     1.05006     1.07794 0.000992004
        7445     1.05136     1.07794 0.000991878
        7446     1.05246     1.07793  0.00099175
        7447     1.05334     1.07793 0.000991623
        7448       1.054     1.07793 0.000991495
        7449     1.05443     1.07792 0.000991367
        7450     1.05462     1.07792 0.000991238
        7451     1.05458     1.07792  0.00099111
        7452     1.05429     1.07791 0.000990982
        7453     1.05378     1.07791 0.000990855
        7454     1.05303     1.07791 0.000990727
        7455     1.05205      1.0779 0.000990601
        7456     1.05085      1.0779 0.000990474
        7457     1.04944      1.0779 0.000990349
        7458     1.04783     1.07789 0.000990224
        7459     1.04604     1.07789 0.000990101
        7460     1.04406     1.07788 0.000989978
        7461     1.04193     1.07788 0.000989857
        7462     1.03966     1.07787 0.000989738
        7463     1.03726     1.07787  0.00098962
        7464     1.03475     1.07786 0.000989505
        7465     1.03214     1.07786 0.000989391
        7466     1.02947     1.07785  0.00098928
        7467     1.02675     1.07784 0.000989171
        7468     1.02399     1.07784 0.000989065
        7469     1.02122     1.07783 0.000988961
        7470     1.01846     1.07782 0.000988861
        7471     1.01573     1.07781 0.000988764
        7472     1.01305      1.0778 0.000988669
        7473     1.01043     1.07779 0.000988578
        7474      1.0079     1.07779  0.00098849
        7475     1.00547     1.07778 0.000988405
        7476     1.00317     1.07777 0.000988323
        7477     1.00099     1.07776 0.000988244
        7478    0.998974     1.07774 0.000988168
        7479    0.997116     1.07773 0.000988095
        7480    0.995434     1.07772 0.000988024
        7481    0.993933     1.07771 0.000987956
        7482    0.992622      1.0777 0.000987889
        7483    0.991505     1.07769 0.000987824
        7484    0.990587     1.07768 0.000987761
        7485    0.989866     1.07767 0.000987698
        7486     0.98934     1.07765 0.000987637
        7487    0.989007     1.07764 0.000987576
        7488    0.988858     1.07763 0.000987515
        7489    0.988885     1.07762 0.000987455
        7490    0.989081     1.07761 0.000987393
        7491    0.989433     1.07759 0.000987332
        7492     0.98993     1.07758 0.000987269
        7493    0.990559     1.07757 0.000987206
        7494    0.991306     1.07756 0.000987141
        7495    0.992157     1.07755 0.000987075
        7496    0.993095     1.07754 0.000987008
        7497    0.994108     1.07753 0.000986939
        7498    0.995182     1.07751 0.000986868
        7499    0.996304      1.0775 0.000986796
        7500    0.997463     1.07749 0.000986722
        7501     0.99865     1.07748 0.000986647
        7502    0.999855     1.07747  0.00098657
        7503     1.00107     1.07746 0.000986491
        7504     1.00229     1.07745  0.00098641
        7505     1.00351     1.07744 0.000986328
        7506     1.00472     1.07743 0.000986244
        7507     1.00593     1.07742 0.000986159
        7508     1.00714     1.07741 0.000986072
        7509     1.00835      1.0774 0.000985983
        7510     1.00955      1.0774 0.000985893
        7511     1.01077     1.07739 0.000985802
        7512       1.012     1.07738 0.000985709
        7513     1.01326     1.07737 0.000985615
        7514     1.01454     1.07736 0.000985519
        7515     1.01586     1.07735 0.000985422
        7516     1.01722     1.07734 0.000985324
        7517     1.01863     1.07734 0.000985223
        7518      1.0201     1.07733 0.000985122
        7519     1.02162     1.07732 0.000985019
        7520      1.0232     1.07731 0.000984914
        7521     1.02483     1.07731 0.000984808
        7522     1.02652      1.0773   0.0009847
        7523     1.02825     1.07729 0.000984591
        7524     1.03002     1.07729  0.00098448
        7525     1.03181     1.07728 0.000984367
        7526     1.03361     1.07728 0.000984254
        7527     1.03541     1.07727 0.000984139
        7528     1.03718     1.07727 0.000984022
        7529     1.03891     1.07726 0.000983905
        7530     1.04059     1.07726 0.000983786
        7531     1.04219     1.07725 0.000983667
        7532      1.0437     1.07725 0.000983546
        7533     1.04509     1.07724 0.000983425
        7534     1.04637     1.07724 0.000983303
        7535      1.0475     1.07723  0.00098318
        7536     1.04849     1.07723 0.000983057
        7537     1.04933     1.07723 0.000982934
        7538        1.05     1.07722  0.00098281
        7539     1.05051     1.07722 0.000982686
        7540     1.05085     1.07722 0.000982562
        7541     1.05102     1.07721 0.000982438
        7542     1.05102     1.07721 0.000982314
        7543     1.05086     1.07721  0.00098219
        7544     1.05055      1.0772 0.000982066
        7545     1.05007      1.0772 0.000981942
        7546     1.04946     1.07719 0.000981819
        7547      1.0487     1.07719 0.000981696
        7548     1.04781     1.07719 0.000981574
        7549      1.0468     1.07718 0.000981452
        7550     1.04566     1.07718 0.000981331
        7551     1.04442     1.07717 0.000981211
        7552     1.04308     1.07717 0.000981091
        7553     1.04165     1.07717 0.000980972
        7554     1.04013     1.07716 0.000980855
        7555     1.03854     1.07716 0.000980738
        7556     1.03688     1.07715 0.000980623
        7557     1.03516     1.07714 0.000980509
        7558     1.03339     1.07714 0.000980396
        7559     1.03157     1.07713 0.000980285
        7560     1.02972     1.07713 0.000980176
        7561     1.02785     1.07712 0.000980068
        7562     1.02595     1.07711 0.000979961
        7563     1.02404     1.07711 0.000979857
        7564     1.02214      1.0771 0.000979754
        7565     1.02024     1.07709 0.000979654
        7566     1.01837     1.07708 0.000979555
        7567     1.01653     1.07708 0.000979458
        7568     1.01474     1.07707 0.000979363
        7569     1.01301     1.07706  0.00097927
        7570     1.01136     1.07705  0.00097918
        7571     1.00981     1.07704 0.000979091
        7572     1.00837     1.07703 0.000979003
        7573     1.00706     1.07702 0.000978918
        7574     1.00591     1.07701 0.000978833
        7575     1.00493       1.077  0.00097875
        7576     1.00415     1.07699 0.000978668
        7577     1.00359     1.07698 0.000978587
        7578     1.00328     1.07698 0.000978506
        7579     1.00322     1.07697 0.000978426
        7580     1.00344     1.07696 0.000978345
        7581     1.00395     1.07695 0.000978263
        7582     1.00477     1.07694  0.00097818
        7583      1.0059     1.07693 0.000978096
        7584     1.00735     1.07692  0.00097801
        7585     1.00911     1.07691 0.000977922
        7586     1.01118      1.0769 0.000977832
        7587     1.01355     1.07689 0.000977738
        7588     1.01619     1.07688 0.000977642
        7589      1.0191     1.07688 0.000977543
        7590     1.02224     1.07687 0.000977441
        7591     1.02559     1.07686 0.000977335
        7592     1.02912     1.07686 0.000977227
        7593     1.03279     1.07685 0.000977115
        7594     1.03656     1.07685 0.000977001
        7595     1.04042     1.07684 0.000976884
        7596     1.04431     1.07684 0.000976765
        7597     1.04821     1.07683 0.000976644
        7598     1.05207     1.07683 0.000976521
        7599     1.05588     1.07683 0.000976396
        7600     1.05959     1.07682  0.00097627
        7601     1.06318     1.07682 0.000976143
        7602     1.06663     1.07682 0.000976016
        7603     1.06991     1.07682 0.000975888
        7604       1.073     1.07682  0.00097576
        7605     1.07588     1.07682 0.000975631
        7606     1.07855     1.07682 0.000975503
        7607     1.08098     1.07682 0.000975375
        7608     1.08318     1.07682 0.000975247
        7609     1.08512     1.07682  0.00097512
        7610     1.08681     1.07682 0.000974992
        7611     1.08825     1.07682 0.000974865
        7612     1.08943     1.07683 0.000974739
        7613     1.09036     1.07683 0.000974612
        7614     1.09103     1.07683 0.000974486
        7615     1.09147     1.07683  0.00097436
        7616     1.09166     1.07683 0.000974234
        7617     1.09162     1.07684 0.000974108
        7618     1.09136     1.07684 0.000973982
        7619      1.0909     1.07684 0.000973856
        7620     1.09023     1.07684  0.00097373
        7621     1.08938     1.07684 0.000973603
        7622     1.08835     1.07684 0.000973477
        7623     1.08716     1.07685  0.00097335
        7624     1.08583     1.07685 0.000973223
        7625     1.08436     1.07685 0.000973096
        7626     1.08277     1.07685 0.000972969
        7627     1.08108     1.07685 0.000972841
        7628      1.0793     1.07685 0.000972714
        7629     1.07744     1.07685 0.000972586
        7630     1.07552     1.07685 0.000972459
        7631     1.07355     1.07685 0.000972332
        7632     1.07154     1.07685 0.000972204
        7633      1.0695     1.07685 0.000972078
        7634     1.06745     1.07685 0.000971951
        7635     1.06539     1.07684 0.000971825
        7636     1.06334     1.07684 0.000971699
        7637      1.0613     1.07684 0.000971574
        7638     1.05929     1.07684  0.00097145
        7639      1.0573     1.07684 0.000971326
        7640     1.05534     1.07683 0.000971203
        7641     1.05342     1.07683  0.00097108
        7642     1.05155     1.07683 0.000970959
        7643     1.04972     1.07682 0.000970838
        7644     1.04795     1.07682 0.000970719
        7645     1.04623     1.07682   0.0009706
        7646     1.04457     1.07681 0.000970482
        7647     1.04297     1.07681 0.000970365
        7648     1.04143      1.0768  0.00097025
        7649     1.03997      1.0768 0.000970135
        7650     1.03857     1.07679 0.000970021
        7651     1.03724     1.07679 0.000969908
        7652     1.03599     1.07678 0.000969796
        7653     1.03481     1.07678 0.000969684
        7654     1.03372     1.07677 0.000969574
        7655     1.03271     1.07677 0.000969465
        7656     1.03178     1.07676 0.000969356
        7657     1.03094     1.07675 0.000969248
        7658     1.03018     1.07675  0.00096914
        7659     1.02952     1.07674 0.000969033
        7660     1.02894     1.07673 0.000968927
        7661     1.02844     1.07673 0.000968821
        7662     1.02803     1.07672 0.000968715
        7663      1.0277     1.07672  0.00096861
        7664     1.02745     1.07671 0.000968505
        7665     1.02728      1.0767   0.0009684
        7666     1.02717      1.0767 0.000968295
        7667     1.02713     1.07669  0.00096819
        7668     1.02716     1.07668 0.000968086
        7669     1.02723     1.07668 0.000967981
        7670     1.02736     1.07667 0.000967876
        7671     1.02753     1.07666 0.000967771
        7672     1.02775     1.07666 0.000967666
        7673     1.02801     1.07665 0.000967561
        7674     1.02832     1.07665 0.000967455
        7675     1.02867     1.07664 0.000967349
        7676     1.02907     1.07663 0.000967243
        7677     1.02952     1.07663 0.000967137
        7678     1.03002     1.07662  0.00096703
        7679      1.0306     1.07661 0.000966922
        7680     1.03125     1.07661 0.000966814
        7681     1.03198      1.0766 0.000966706
        7682     1.03281      1.0766 0.000966597
        7683     1.03374     1.07659 0.000966487
        7684     1.03478     1.07659 0.000966377
        7685     1.03595     1.07658 0.000966266
        7686     1.03724     1.07658 0.000966153
        7687     1.03866     1.07657  0.00096604
        7688      1.0402     1.07657 0.000965926
        7689     1.04187     1.07656 0.000965811
        7690     1.04366     1.07656 0.000965695
        7691     1.04557     1.07655 0.000965578
        7692     1.04757     1.07655  0.00096546
        7693     1.04965     1.07655  0.00096534
        7694      1.0518     1.07654  0.00096522
        7695     1.05399     1.07654 0.000965099
        7696     1.05621     1.07654 0.000964978
        7697     1.05843     1.07653 0.000964855
        7698     1.06062     1.07653 0.000964732
        7699     1.06277     1.07653 0.000964608
        7700     1.06485     1.07653 0.000964484
        7701     1.06685     1.07653  0.00096436
        7702     1.06873     1.07653 0.000964235
        7703     1.07049     1.07653  0.00096411
        7704      1.0721     1.07653 0.000963985
        7705     1.07355     1.07653  0.00096386
        7706     1.07483     1.07653 0.000963735
        7707     1.07593     1.07653  0.00096361
        7708     1.07685     1.07653 0.000963485
        7709     1.07758     1.07653  0.00096336
        7710     1.07811     1.07653 0.000963235
        7711     1.07846     1.07653  0.00096311
        7712     1.07862     1.07653 0.000962986
        7713     1.07861     1.07653 0.000962861
        7714     1.07843     1.07653 0.000962736
        7715      1.0781     1.07653 0.000962611
        7716     1.07764     1.07653 0.000962486
        7717     1.07705     1.07653 0.000962362
        7718     1.07636     1.07653 0.000962237
        7719     1.07559     1.07653 0.000962112
        7720     1.07476     1.07653 0.000961988
        7721      1.0739     1.07653 0.000961863
        7722     1.07302     1.07653 0.000961739
        7723     1.07214     1.07653 0.000961614
        7724      1.0713     1.07652  0.00096149
        7725     1.07051     1.07652 0.000961366
        7726     1.06979     1.07652 0.000961242
        7727     1.06916     1.07652 0.000961118
        7728     1.06864     1.07652 0.000960994
        7729     1.06823     1.07652  0.00096087
        7730     1.06796     1.07652 0.000960747
        7731     1.06784     1.07652 0.000960623
        7732     1.06785     1.07652   0.0009605
        7733     1.06801     1.07652 0.000960376
        7734     1.06831     1.07651 0.000960252
        7735     1.06874     1.07651 0.000960129
        7736     1.06929     1.07651 0.000960005
        7737     1.06995     1.07651 0.000959881
        7738     1.07071     1.07651 0.000959758
        7739     1.07153     1.07651 0.000959634
        7740      1.0724     1.07651  0.00095951
        7741      1.0733     1.07651 0.000959386
        7742      1.0742     1.07651 0.000959262
        7743     1.07508     1.07651 0.000959138
        7744     1.07591     1.07651 0.000959015
        7745     1.07668     1.07651 0.000958891
        7746     1.07736     1.07651 0.000958767
        7747     1.07793     1.07651 0.000958643
        7748     1.07839     1.07651  0.00095852
        7749     1.07871     1.07651 0.000958396
        7750     1.07889     1.07651 0.000958272
        7751     1.07891     1.07651 0.000958149
        7752     1.07879     1.07651 0.000958025
        7753      1.0785     1.07651 0.000957902
        7754     1.07806     1.07651 0.000957778
        7755     1.07746     1.07651 0.000957655
        7756     1.07672     1.07651 0.000957531
        7757     1.07583     1.07651 0.000957408
        7758     1.07482     1.07651 0.000957284
        7759     1.07368     1.07651 0.000957161
        7760     1.07244     1.07651 0.000957038
        7761      1.0711     1.07651 0.000956915
        7762     1.06969     1.07651 0.000956792
        7763      1.0682     1.07651 0.000956669
        7764     1.06667     1.07651 0.000956547
        7765      1.0651      1.0765 0.000956425
        7766     1.06352      1.0765 0.000956303
        7767     1.06192      1.0765 0.000956182
        7768     1.06034      1.0765 0.000956061
        7769     1.05878      1.0765 0.000955941
        7770     1.05726     1.07649 0.000955821
        7771      1.0558     1.07649 0.000955702
        7772     1.05439     1.07649 0.000955583
        7773     1.05306     1.07649 0.000955465
        7774     1.05183     1.07648 0.000955347
        7775     1.05069     1.07648  0.00095523
        7776     1.04966     1.07648 0.000955113
        7777     1.04876     1.07647 0.000954997
        7778     1.04798     1.07647 0.000954881
        7779     1.04734     1.07646 0.000954766
        7780     1.04685     1.07646 0.000954651
        7781     1.04651     1.07646 0.000954536
        7782     1.04634     1.07645 0.000954421
        7783     1.04633     1.07645 0.000954306
        7784     1.04649     1.07645 0.000954191
        7785     1.04683     1.07644 0.000954076
        7786     1.04736     1.07644 0.000953961
        7787     1.04806     1.07643 0.000953846
        7788     1.04895     1.07643  0.00095373
        7789     1.05002     1.07643 0.000953613
        7790     1.05126     1.07642 0.000953496
        7791     1.05268     1.07642 0.000953379
        7792     1.05426     1.07642 0.000953261
        7793     1.05599     1.07642 0.000953142
        7794     1.05787     1.07641 0.000953023
        7795     1.05988     1.07641 0.000952903
        7796     1.06202     1.07641 0.000952782
        7797     1.06426     1.07641 0.000952661
        7798     1.06658     1.07641  0.00095254
        7799     1.06898     1.07641 0.000952418
        7800     1.07143      1.0764 0.000952297
        7801     1.07391      1.0764 0.000952174
        7802     1.07642      1.0764 0.000952052
        7803     1.07892      1.0764  0.00095193
        7804     1.08141     1.07641 0.000951809
        7805     1.08387     1.07641 0.000951687
        7806     1.08627     1.07641 0.000951566
        7807     1.08861     1.07641 0.000951446
        7808     1.09086     1.07641 0.000951326
        7809     1.09302     1.07641 0.000951206
        7810     1.09507     1.07642 0.000951087
        7811     1.09699     1.07642 0.000950969
        7812     1.09879     1.07642 0.000950852
        7813     1.10044     1.07642 0.000950735
        7814     1.10195     1.07643 0.000950619
        7815      1.1033     1.07643 0.000950504
        7816      1.1045     1.07643 0.000950389
        7817     1.10553     1.07644 0.000950274
        7818      1.1064     1.07644 0.000950161
        7819     1.10709     1.07645 0.000950047
        7820     1.10762     1.07645 0.000949934
        7821     1.10798     1.07645 0.000949821
        7822     1.10816     1.07646 0.000949708
        7823     1.10818     1.07646 0.000949596
        7824     1.10802     1.07647 0.000949483
        7825      1.1077     1.07647  0.00094937
        7826     1.10722     1.07647 0.000949257
        7827     1.10657     1.07648 0.000949143
        7828     1.10577     1.07648 0.000949029
        7829     1.10481     1.07649 0.000948915
        7830     1.10371     1.07649   0.0009488
        7831     1.10245     1.07649 0.000948685
        7832     1.10107      1.0765 0.000948569
        7833     1.09955      1.0765 0.000948452
        7834      1.0979      1.0765 0.000948335
        7835     1.09614      1.0765 0.000948217
        7836     1.09427     1.07651 0.000948099
        7837      1.0923     1.07651  0.00094798
        7838     1.09024     1.07651 0.000947861
        7839     1.08811     1.07651 0.000947741
        7840      1.0859     1.07651 0.000947621
        7841     1.08364     1.07651 0.000947501
        7842     1.08133     1.07651  0.00094738
        7843     1.07898     1.07651 0.000947259
        7844     1.07661     1.07651 0.000947139
        7845     1.07422     1.07651 0.000947018
        7846     1.07183     1.07651 0.000946897
        7847     1.06945     1.07651 0.000946777
        7848     1.06708     1.07651 0.000946657
        7849     1.06473     1.07651 0.000946538
        7850     1.06242     1.07651 0.000946419
        7851     1.06013     1.07651 0.000946301
        7852     1.05788      1.0765 0.000946183
        7853     1.05568      1.0765 0.000946066
        7854     1.05352      1.0765  0.00094595
        7855      1.0514     1.07649 0.000945835
        7856     1.04932     1.07649 0.000945721
        7857     1.04729     1.07649 0.000945608
        7858     1.04529     1.07648 0.000945496
        7859     1.04332     1.07648 0.000945385
        7860     1.04138     1.07647 0.000945276
        7861     1.03946     1.07647 0.000945167
        7862     1.03756     1.07646  0.00094506
        7863     1.03567     1.07646 0.000944954
        7864     1.03378     1.07645 0.000944849
        7865      1.0319     1.07645 0.000944746
        7866     1.03001     1.07644 0.000944645
        7867     1.02811     1.07644 0.000944544
        7868      1.0262     1.07643 0.000944446
        7869     1.02428     1.07642 0.000944349
        7870     1.02235     1.07642 0.000944254
        7871     1.02039     1.07641 0.000944161
        7872     1.01843      1.0764  0.00094407
        7873     1.01644     1.07639 0.000943981
        7874     1.01445     1.07639 0.000943894
        7875     1.01245     1.07638 0.000943809
        7876     1.01044     1.07637 0.000943726
        7877     1.00844     1.07636 0.000943646
        7878     1.00644     1.07635 0.000943568
        7879     1.00446     1.07634 0.000943492
        7880     1.00249     1.07633 0.000943419
        7881     1.00055     1.07632 0.000943348
        7882    0.998647     1.07631  0.00094328
        7883    0.996775      1.0763 0.000943214
        7884    0.994941     1.07629 0.000943151
        7885     0.99315     1.07628  0.00094309
        7886    0.991404     1.07627 0.000943032
        7887    0.989705     1.07626 0.000942976
        7888    0.988053     1.07625 0.000942923
        7889    0.986448     1.07624 0.000942872
        7890    0.984892     1.07623 0.000942824
        7891     0.98338     1.07622 0.000942778
        7892     0.98191      1.0762 0.000942734
        7893    0.980479     1.07619 0.000942693
        7894    0.979081     1.07618 0.000942653
        7895    0.977713     1.07617 0.000942617
        7896    0.976371     1.07615 0.000942582
        7897    0.975049     1.07614  0.00094255
        7898    0.973744     1.07613 0.000942519
        7899    0.972448     1.07612 0.000942491
        7900    0.971159      1.0761 0.000942466
        7901    0.969876     1.07609 0.000942442
        7902    0.968597     1.07608 0.000942421
        7903     0.96732     1.07606 0.000942402
        7904    0.966048     1.07605 0.000942386
        7905    0.964784     1.07603 0.000942372
        7906    0.963534     1.07602  0.00094236
        7907    0.962305     1.07601 0.000942351
        7908    0.961105     1.07599 0.000942344
        7909    0.959945     1.07598 0.000942339
        7910    0.958837     1.07596 0.000942336
        7911    0.957797     1.07595 0.000942335
        7912    0.956839     1.07593 0.000942336
        7913     0.95598     1.07592 0.000942339
        7914    0.955238      1.0759 0.000942343
        7915    0.954633     1.07589 0.000942349
        7916    0.954181     1.07587 0.000942355
        7917      0.9539     1.07585 0.000942362
        7918    0.953806     1.07584 0.000942369
        7919    0.953913     1.07582 0.000942376
        7920    0.954234     1.07581 0.000942382
        7921    0.954779     1.07579 0.000942387
        7922    0.955555     1.07578  0.00094239
        7923    0.956567     1.07576 0.000942391
        7924    0.957814     1.07575  0.00094239
        7925    0.959292     1.07573 0.000942386
        7926    0.960995     1.07572 0.000942378
        7927    0.962912      1.0757 0.000942366
        7928    0.965029     1.07569 0.000942351
        7929    0.967328     1.07568 0.000942331
        7930    0.969787     1.07566 0.000942307
        7931    0.972384     1.07565 0.000942278
        7932    0.975093     1.07564 0.000942245
        7933    0.977887     1.07563 0.000942206
        7934    0.980739     1.07561 0.000942164
        7935     0.98362      1.0756 0.000942116
        7936    0.986504     1.07559 0.000942064
        7937    0.989363     1.07558 0.000942008
        7938    0.992172     1.07557 0.000941948
        7939    0.994906     1.07556 0.000941884
        7940    0.997545     1.07555 0.000941817
        7941     1.00007     1.07554 0.000941746
        7942     1.00246     1.07553 0.000941673
        7943      1.0047     1.07552 0.000941596
        7944     1.00678     1.07551 0.000941518
        7945      1.0087      1.0755 0.000941437
        7946     1.01044      1.0755 0.000941354
        7947     1.01201     1.07549 0.000941269
        7948     1.01339     1.07548 0.000941183
        7949     1.01461     1.07547 0.000941096
        7950     1.01566     1.07547 0.000941008
        7951     1.01655     1.07546 0.000940918
        7952     1.01729     1.07545 0.000940829
        7953      1.0179     1.07544 0.000940738
        7954     1.01838     1.07544 0.000940647
        7955     1.01876     1.07543 0.000940556
        7956     1.01905     1.07542 0.000940464
        7957     1.01927     1.07542 0.000940373
        7958     1.01943     1.07541 0.000940281
        7959     1.01956      1.0754 0.000940189
        7960     1.01967     1.07539 0.000940097
        7961     1.01978     1.07539 0.000940005
        7962     1.01991     1.07538 0.000939912
        7963     1.02007     1.07537  0.00093982
        7964     1.02029     1.07537 0.000939728
        7965     1.02057     1.07536 0.000939635
        7966     1.02094     1.07535 0.000939542
        7967      1.0214     1.07535 0.000939448
        7968     1.02196     1.07534 0.000939354
        7969     1.02264     1.07533 0.000939259
        7970     1.02343     1.07533 0.000939164
        7971     1.02434     1.07532 0.000939068
        7972     1.02538     1.07531 0.000938971
        7973     1.02653     1.07531 0.000938873
        7974     1.02781      1.0753 0.000938775
        7975      1.0292      1.0753 0.000938675
        7976     1.03069     1.07529 0.000938574
        7977     1.03228     1.07528 0.000938471
        7978     1.03394     1.07528 0.000938368
        7979     1.03568     1.07527 0.000938264
        7980     1.03746     1.07527 0.000938158
        7981     1.03928     1.07527 0.000938051
        7982     1.04111     1.07526 0.000937944
        7983     1.04294     1.07526 0.000937835
        7984     1.04474     1.07525 0.000937725
        7985     1.04651     1.07525 0.000937615
        7986     1.04822     1.07525 0.000937503
        7987     1.04985     1.07524 0.000937391
        7988     1.05138     1.07524 0.000937279
        7989     1.05281     1.07524 0.000937166
        7990     1.05412     1.07523 0.000937052
        7991     1.05529     1.07523 0.000936938
        7992     1.05631     1.07523 0.000936824
        7993     1.05719     1.07523 0.000936709
        7994      1.0579     1.07523 0.000936595
        7995     1.05845     1.07522  0.00093648
        7996     1.05884     1.07522 0.000936365
        7997     1.05906     1.07522  0.00093625
        7998     1.05913     1.07522 0.000936135
        7999     1.05904     1.07521  0.00093602
        8000      1.0588     1.07521 0.000935906
        8001     1.05842     1.07521 0.000935791
        8002      1.0579     1.07521 0.000935677
        8003     1.05726     1.07521 0.000935562
        8004     1.05651      1.0752 0.000935448
        8005     1.05565      1.0752 0.000935335
        8006      1.0547      1.0752 0.000935221
        8007     1.05366      1.0752 0.000935108
        8008     1.05256     1.07519 0.000934996
        8009     1.05139     1.07519 0.000934884
        8010     1.05017     1.07519 0.000934772
        8011      1.0489     1.07518 0.000934662
        8012      1.0476     1.07518 0.000934551
        8013     1.04627     1.07518 0.000934442
        8014     1.04491     1.07517 0.000934333
        8015     1.04354     1.07517 0.000934224
        8016     1.04215     1.07517 0.000934117
        8017     1.04075     1.07516  0.00093401
        8018     1.03934     1.07516 0.000933904
        8019     1.03792     1.07515 0.000933799
        8020      1.0365     1.07515 0.000933695
        8021     1.03507     1.07514 0.000933592
        8022     1.03363     1.07514  0.00093349
        8023     1.03219     1.07513 0.000933389
        8024     1.03074     1.07513 0.000933289
        8025     1.02929     1.07512 0.000933191
        8026     1.02784     1.07511 0.000933093
        8027     1.02639     1.07511 0.000932996
        8028     1.02494      1.0751 0.000932901
        8029      1.0235      1.0751 0.000932807
        8030     1.02208     1.07509 0.000932714
        8031     1.02067     1.07508 0.000932623
        8032      1.0193     1.07508 0.000932533
        8033     1.01796     1.07507 0.000932444
        8034     1.01667     1.07506 0.000932356
        8035     1.01544     1.07505 0.000932269
        8036     1.01428     1.07505 0.000932184
        8037     1.01321     1.07504   0.0009321
        8038     1.01225     1.07503 0.000932017
        8039      1.0114     1.07502 0.000931934
        8040     1.01068     1.07501 0.000931853
        8041     1.01011     1.07501 0.000931772
        8042      1.0097       1.075 0.000931691
        8043     1.00947     1.07499 0.000931611
        8044     1.00941     1.07498 0.000931531
        8045     1.00954     1.07497 0.000931451
        8046     1.00986     1.07497  0.00093137
        8047     1.01038     1.07496 0.000931289
        8048     1.01109     1.07495 0.000931207
        8049     1.01198     1.07494 0.000931124
        8050     1.01305     1.07493  0.00093104
        8051     1.01427     1.07493 0.000930955
        8052     1.01564     1.07492 0.000930868
        8053     1.01713     1.07491 0.000930781
        8054     1.01872     1.07491 0.000930691
        8055     1.02038      1.0749   0.0009306
        8056      1.0221     1.07489 0.000930508
        8057     1.02384     1.07489 0.000930414
        8058     1.02559     1.07488 0.000930319
        8059     1.02731     1.07487 0.000930222
        8060     1.02899     1.07487 0.000930124
        8061     1.03061     1.07486 0.000930025
        8062     1.03214     1.07486 0.000929924
        8063     1.03358     1.07485 0.000929823
        8064     1.03491     1.07485 0.000929721
        8065     1.03612     1.07484 0.000929618
        8066      1.0372     1.07484 0.000929515
        8067     1.03816     1.07483  0.00092941
        8068     1.03899     1.07483 0.000929306
        8069     1.03971     1.07482 0.000929201
        8070      1.0403     1.07482 0.000929096
        8071      1.0408     1.07482  0.00092899
        8072     1.04119     1.07481 0.000928884
        8073     1.04151     1.07481 0.000928778
        8074     1.04177      1.0748 0.000928672
        8075     1.04197      1.0748 0.000928566
        8076     1.04215      1.0748  0.00092846
        8077     1.04232     1.07479 0.000928354
        8078     1.04251     1.07479 0.000928248
        8079     1.04272     1.07478 0.000928141
        8080     1.04299     1.07478 0.000928035
        8081     1.04334     1.07478 0.000927928
        8082     1.04378     1.07477 0.000927821
        8083     1.04434     1.07477 0.000927714
        8084     1.04503     1.07476 0.000927606
        8085     1.04587     1.07476 0.000927499
        8086     1.04687     1.07476  0.00092739
        8087     1.04805     1.07475 0.000927281
        8088     1.04941     1.07475 0.000927172
        8089     1.05096     1.07475 0.000927062
        8090     1.05271     1.07474 0.000926952
        8091     1.05465     1.07474  0.00092684
        8092     1.05679     1.07474 0.000926728
        8093     1.05912     1.07474 0.000926616
        8094     1.06162     1.07474 0.000926503
        8095      1.0643     1.07474 0.000926389
        8096     1.06714     1.07473 0.000926275
        8097     1.07012     1.07473 0.000926161
        8098     1.07323     1.07473 0.000926047
        8099     1.07644     1.07473 0.000925932
        8100     1.07973     1.07473 0.000925818
        8101     1.08309     1.07474 0.000925705
        8102     1.08649     1.07474 0.000925592
        8103     1.08991     1.07474 0.000925479
        8104     1.09331     1.07474 0.000925368
        8105     1.09668     1.07474 0.000925258
        8106         1.1     1.07475 0.000925149
        8107     1.10323     1.07475 0.000925041
        8108     1.10636     1.07475 0.000924935
        8109     1.10936     1.07476 0.000924831
        8110     1.11221     1.07476 0.000924729
        8111      1.1149     1.07477 0.000924628
        8112     1.11741     1.07477 0.000924529
        8113     1.11972     1.07478 0.000924432
        8114     1.12181     1.07478 0.000924336
        8115     1.12369     1.07479 0.000924242
        8116     1.12532      1.0748 0.000924149
        8117     1.12672      1.0748 0.000924057
        8118     1.12786     1.07481 0.000923966
        8119     1.12875     1.07482 0.000923876
        8120     1.12939     1.07482 0.000923787
        8121     1.12977     1.07483 0.000923698
        8122     1.12989     1.07484 0.000923609
        8123     1.12976     1.07484  0.00092352
        8124     1.12939     1.07485 0.000923431
        8125     1.12877     1.07486 0.000923341
        8126     1.12792     1.07486 0.000923251
        8127     1.12685     1.07487 0.000923159
        8128     1.12556     1.07488 0.000923067
        8129     1.12407     1.07488 0.000922973
        8130     1.12238     1.07489 0.000922878
        8131     1.12051     1.07489 0.000922781
        8132     1.11848      1.0749 0.000922683
        8133     1.11629      1.0749 0.000922584
        8134     1.11396     1.07491 0.000922483
        8135     1.11151     1.07491 0.000922381
        8136     1.10895     1.07492 0.000922277
        8137     1.10629     1.07492 0.000922172
        8138     1.10355     1.07493 0.000922065
        8139     1.10074     1.07493 0.000921957
        8140     1.09788     1.07493 0.000921848
        8141     1.09497     1.07493 0.000921738
        8142     1.09204     1.07494 0.000921627
        8143      1.0891     1.07494 0.000921516
        8144     1.08615     1.07494 0.000921404
        8145      1.0832     1.07494 0.000921291
        8146     1.08028     1.07494 0.000921178
        8147     1.07739     1.07494 0.000921065
        8148     1.07453     1.07494 0.000920952
        8149     1.07173     1.07494 0.000920839
        8150     1.06899     1.07494 0.000920727
        8151     1.06632     1.07494 0.000920614
        8152     1.06372     1.07494 0.000920502
        8153     1.06121     1.07494 0.000920391
        8154      1.0588     1.07493  0.00092028
        8155     1.05648     1.07493  0.00092017
        8156     1.05428     1.07493 0.000920061
        8157     1.05218     1.07493 0.000919952
        8158     1.05022     1.07492 0.000919844
        8159     1.04838     1.07492 0.000919737
        8160     1.04668     1.07492 0.000919631
        8161     1.04512     1.07491 0.000919526
        8162     1.04371     1.07491 0.000919421
        8163     1.04245      1.0749 0.000919317
        8164     1.04134      1.0749 0.000919214
        8165     1.04039      1.0749 0.000919111
        8166     1.03961     1.07489 0.000919008
        8167     1.03898     1.07489 0.000918906
        8168     1.03852     1.07488 0.000918805
        8169     1.03821     1.07488 0.000918703
        8170     1.03806     1.07487 0.000918602
        8171     1.03806     1.07487   0.0009185
        8172     1.03821     1.07487 0.000918399
        8173     1.03849     1.07486 0.000918297
        8174      1.0389     1.07486 0.000918196
        8175     1.03944     1.07485 0.000918094
        8176     1.04007     1.07485 0.000917991
        8177     1.04081     1.07484 0.000917888
        8178     1.04163     1.07484 0.000917785
        8179     1.04251     1.07484 0.000917681
        8180     1.04345     1.07483 0.000917577
        8181     1.04443     1.07483 0.000917472
        8182     1.04544     1.07482 0.000917367
        8183     1.04645     1.07482 0.000917262
        8184     1.04746     1.07482 0.000917156
        8185     1.04844     1.07481 0.000917049
        8186      1.0494     1.07481 0.000916943
        8187      1.0503     1.07481 0.000916836
        8188     1.05114     1.07481 0.000916728
        8189     1.05191      1.0748  0.00091662
        8190      1.0526      1.0748 0.000916513
        8191     1.05318      1.0748 0.000916404
        8192     1.05367     1.07479 0.000916296
        8193     1.05404     1.07479 0.000916188
        8194      1.0543     1.07479  0.00091608
        8195     1.05444     1.07479 0.000915971
        8196     1.05445     1.07478 0.000915863
        8197     1.05435     1.07478 0.000915754
        8198     1.05412     1.07478 0.000915646
        8199     1.05378     1.07478 0.000915538
        8200     1.05332     1.07477  0.00091543
        8201     1.05276     1.07477 0.000915322
        8202     1.05209     1.07477 0.000915215
        8203     1.05134     1.07477 0.000915108
        8204      1.0505     1.07476 0.000915001
        8205      1.0496     1.07476 0.000914895
        8206     1.04864     1.07476 0.000914789
        8207     1.04763     1.07475 0.000914683
        8208      1.0466     1.07475 0.000914578
        8209     1.04554     1.07475 0.000914474
        8210     1.04448     1.07474  0.00091437
        8211     1.04343     1.07474 0.000914266
        8212     1.04241     1.07474 0.000914164
        8213     1.04142     1.07473 0.000914061
        8214     1.04047     1.07473  0.00091396
        8215     1.03959     1.07472 0.000913858
        8216     1.03877     1.07472 0.000913758
        8217     1.03802     1.07471 0.000913657
        8218     1.03736     1.07471 0.000913557
        8219     1.03679      1.0747 0.000913458
        8220     1.03631      1.0747 0.000913359
        8221     1.03593      1.0747  0.00091326
        8222     1.03565     1.07469 0.000913161
        8223     1.03547     1.07469 0.000913062
        8224     1.03539     1.07468 0.000912964
        8225      1.0354     1.07468 0.000912865
        8226     1.03552     1.07467 0.000912767
        8227     1.03572     1.07467 0.000912668
        8228     1.03601     1.07466 0.000912569
        8229     1.03639     1.07466  0.00091247
        8230     1.03685     1.07465 0.000912371
        8231     1.03738     1.07465 0.000912271
        8232     1.03798     1.07464 0.000912171
        8233     1.03864     1.07464 0.000912071
        8234     1.03935     1.07464  0.00091197
        8235     1.04011     1.07463 0.000911869
        8236     1.04092     1.07463 0.000911768
        8237     1.04176     1.07462 0.000911666
        8238     1.04263     1.07462 0.000911563
        8239     1.04353     1.07462 0.000911461
        8240     1.04445     1.07461 0.000911357
        8241     1.04539     1.07461 0.000911254
        8242     1.04633      1.0746  0.00091115
        8243     1.04728      1.0746 0.000911045
        8244     1.04822      1.0746  0.00091094
        8245     1.04917      1.0746 0.000910835
        8246      1.0501     1.07459 0.000910729
        8247     1.05102     1.07459 0.000910623
        8248     1.05193     1.07459 0.000910517
        8249     1.05283     1.07458  0.00091041
        8250      1.0537     1.07458 0.000910304
        8251     1.05455     1.07458 0.000910197
        8252     1.05537     1.07458 0.000910089
        8253     1.05616     1.07457 0.000909982
        8254     1.05691     1.07457 0.000909874
        8255     1.05763     1.07457 0.000909766
        8256     1.05831     1.07457 0.000909658
        8257     1.05894     1.07457  0.00090955
        8258     1.05952     1.07456 0.000909441
        8259     1.06006     1.07456 0.000909333
        8260     1.06053     1.07456 0.000909225
        8261     1.06095     1.07456 0.000909116
        8262     1.06131     1.07456 0.000909007
        8263      1.0616     1.07456 0.000908899
        8264     1.06183     1.07455  0.00090879
        8265     1.06199     1.07455 0.000908681
        8266     1.06208     1.07455 0.000908573
        8267     1.06209     1.07455 0.000908464
        8268     1.06204     1.07455 0.000908355
        8269     1.06192     1.07455 0.000908247
        8270     1.06174     1.07455 0.000908138
        8271     1.06149     1.07454  0.00090803
        8272     1.06118     1.07454 0.000907922
        8273     1.06083     1.07454 0.000907813
        8274     1.06045     1.07454 0.000907705
        8275     1.06003     1.07454 0.000907597
        8276      1.0596     1.07454 0.000907489
        8277     1.05918     1.07453 0.000907382
        8278     1.05877     1.07453 0.000907274
        8279      1.0584     1.07453 0.000907166
        8280     1.05807     1.07453 0.000907059
        8281     1.05782     1.07453 0.000906952
        8282     1.05765     1.07452 0.000906845
        8283     1.05758     1.07452 0.000906737
        8284     1.05763     1.07452  0.00090663
        8285     1.05782     1.07452 0.000906523
        8286     1.05814     1.07452 0.000906416
        8287     1.05861     1.07451 0.000906308
        8288     1.05923     1.07451 0.000906201
        8289        1.06     1.07451 0.000906093
        8290     1.06093     1.07451 0.000905986
        8291       1.062     1.07451 0.000905878
        8292      1.0632     1.07451 0.000905769
        8293     1.06453      1.0745 0.000905661
        8294     1.06596      1.0745 0.000905552
        8295     1.06748      1.0745 0.000905444
        8296     1.06906      1.0745 0.000905335
        8297     1.07069      1.0745 0.000905226
        8298     1.07235      1.0745 0.000905117
        8299     1.07401      1.0745 0.000905007
        8300     1.07565      1.0745 0.000904898
        8301     1.07724      1.0745  0.00090479
        8302     1.07878      1.0745 0.000904681
        8303     1.08024      1.0745 0.000904572
        8304     1.08161      1.0745 0.000904463
        8305     1.08287      1.0745 0.000904355
        8306     1.08401     1.07451 0.000904247
        8307     1.08503     1.07451 0.000904139
        8308     1.08591     1.07451 0.000904031
        8309     1.08666     1.07451 0.000903924
        8310     1.08727     1.07451 0.000903816
        8311     1.08774     1.07451 0.000903709
        8312     1.08807     1.07451 0.000903602
        8313     1.08827     1.07452 0.000903494
        8314     1.08834     1.07452 0.000903387
        8315     1.08828     1.07452  0.00090328
        8316      1.0881     1.07452 0.000903173
        8317      1.0878     1.07452 0.000903066
        8318     1.08739     1.07452 0.000902958
        8319     1.08688     1.07453 0.000902851
        8320     1.08627     1.07453 0.000902744
        8321     1.08558     1.07453 0.000902636
        8322     1.08481     1.07453 0.000902529
        8323     1.08396     1.07453 0.000902421
        8324     1.08306     1.07453 0.000902313
        8325      1.0821     1.07453 0.000902205
        8326     1.08109     1.07453 0.000902097
        8327     1.08004     1.07453 0.000901989
        8328     1.07896     1.07453 0.000901881
        8329     1.07786     1.07454 0.000901773
        8330     1.07673     1.07454 0.000901664
        8331      1.0756     1.07454 0.000901556
        8332     1.07446     1.07454 0.000901448
        8333     1.07332     1.07454  0.00090134
        8334     1.07219     1.07454 0.000901232
        8335     1.07107     1.07453 0.000901124
        8336     1.06997     1.07453 0.000901016
        8337     1.06891     1.07453 0.000900908
        8338     1.06788     1.07453   0.0009008
        8339     1.06689     1.07453 0.000900693
        8340     1.06594     1.07453 0.000900585
        8341     1.06505     1.07453 0.000900478
        8342      1.0642     1.07453 0.000900371
        8343     1.06342     1.07453 0.000900264
        8344      1.0627     1.07453 0.000900157
        8345     1.06204     1.07452 0.000900051
        8346     1.06144     1.07452 0.000899944
        8347     1.06089     1.07452 0.000899838
        8348     1.06041     1.07452 0.000899732
        8349     1.05997     1.07452 0.000899626
        8350     1.05959     1.07452  0.00089952
        8351     1.05924     1.07451 0.000899414
        8352     1.05893     1.07451 0.000899308
        8353     1.05865     1.07451 0.000899202
        8354     1.05838     1.07451 0.000899097
        8355     1.05812     1.07451 0.000898991
        8356     1.05786      1.0745 0.000898886
        8357     1.05758      1.0745 0.000898781
        8358     1.05729      1.0745 0.000898675
        8359     1.05697      1.0745  0.00089857
        8360     1.05663      1.0745 0.000898465
        8361     1.05625     1.07449 0.000898361
        8362     1.05583     1.07449 0.000898256
        8363     1.05538     1.07449 0.000898151
        8364      1.0549     1.07449 0.000898047
        8365     1.05439     1.07448 0.000897943
        8366     1.05387     1.07448 0.000897839
        8367     1.05335     1.07448 0.000897735
        8368     1.05284     1.07448 0.000897632
        8369     1.05236     1.07447 0.000897528
        8370     1.05193     1.07447 0.000897425
        8371     1.05157     1.07447 0.000897322
        8372      1.0513     1.07447 0.000897219
        8373     1.05115     1.07446 0.000897116
        8374     1.05113     1.07446 0.000897014
        8375     1.05127     1.07446 0.000896911
        8376     1.05159     1.07445 0.000896808
        8377      1.0521     1.07445 0.000896705
        8378     1.05282     1.07445 0.000896601
        8379     1.05374     1.07445 0.000896498
        8380     1.05488     1.07444 0.000896394
        8381     1.05624     1.07444  0.00089629
        8382     1.05781     1.07444 0.000896185
        8383     1.05959     1.07444  0.00089608
        8384     1.06156     1.07444 0.000895974
        8385     1.06371     1.07444 0.000895868
        8386     1.06602     1.07444 0.000895762
        8387     1.06848     1.07443 0.000895655
        8388     1.07105     1.07443 0.000895549
        8389     1.07373     1.07443 0.000895442
        8390     1.07648     1.07443 0.000895335
        8391     1.07929     1.07443 0.000895229
        8392     1.08213     1.07444 0.000895123
        8393     1.08499     1.07444 0.000895017
        8394     1.08783     1.07444 0.000894912
        8395     1.09065     1.07444 0.000894807
        8396     1.09343     1.07444 0.000894703
        8397     1.09614     1.07445 0.000894601
        8398     1.09878     1.07445 0.000894499
        8399     1.10133     1.07445 0.000894398
        8400     1.10378     1.07445 0.000894298
        8401     1.10612     1.07446   0.0008942
        8402     1.10833     1.07446 0.000894102
        8403     1.11042     1.07447 0.000894006
        8404     1.11237     1.07447 0.000893911
        8405     1.11419     1.07448 0.000893817
        8406     1.11587     1.07448 0.000893725
        8407      1.1174     1.07449 0.000893633
        8408      1.1188     1.07449 0.000893542
        8409     1.12006      1.0745 0.000893452
        8410     1.12119      1.0745 0.000893363
        8411     1.12219     1.07451 0.000893275
        8412     1.12308     1.07451 0.000893188
        8413     1.12386     1.07452 0.000893101
        8414     1.12455     1.07453 0.000893014
        8415     1.12516     1.07453 0.000892928
        8416     1.12571     1.07454 0.000892843
        8417     1.12621     1.07454 0.000892758
        8418     1.12669     1.07455 0.000892674
        8419     1.12715     1.07456 0.000892589
        8420     1.12761     1.07456 0.000892506
        8421     1.12809     1.07457 0.000892422
        8422     1.12861     1.07458 0.000892339
        8423     1.12918     1.07458 0.000892257
        8424     1.12981     1.07459 0.000892175
        8425     1.13052      1.0746 0.000892094
        8426     1.13131      1.0746 0.000892013
        8427     1.13219     1.07461 0.000891934
        8428     1.13317     1.07462 0.000891855
        8429     1.13424     1.07462 0.000891777
        8430      1.1354     1.07463 0.000891701
        8431     1.13665     1.07464 0.000891625
        8432     1.13798     1.07464 0.000891551
        8433     1.13938     1.07465 0.000891478
        8434     1.14083     1.07466 0.000891407
        8435     1.14231     1.07467 0.000891338
        8436     1.14382     1.07468  0.00089127
        8437     1.14532     1.07468 0.000891203
        8438     1.14679     1.07469 0.000891139
        8439     1.14821      1.0747 0.000891076
        8440     1.14956     1.07471 0.000891014
        8441     1.15082     1.07472 0.000890954
        8442     1.15195     1.07473 0.000890896
        8443     1.15293     1.07474 0.000890838
        8444     1.15374     1.07475 0.000890782
        8445     1.15435     1.07476 0.000890726
        8446     1.15474     1.07477 0.000890671
        8447      1.1549     1.07478 0.000890616
        8448     1.15479     1.07479 0.000890561
        8449     1.15441      1.0748 0.000890506
        8450     1.15374      1.0748 0.000890449
        8451     1.15277     1.07481 0.000890392
        8452     1.15148     1.07482 0.000890333
        8453     1.14987     1.07483 0.000890272
        8454     1.14794     1.07484 0.000890208
        8455     1.14569     1.07485 0.000890142
        8456      1.1431     1.07486 0.000890074
        8457      1.1402     1.07486 0.000890002
        8458     1.13699     1.07487 0.000889927
        8459     1.13349     1.07488 0.000889849
        8460      1.1297     1.07489 0.000889767
        8461     1.12566     1.07489 0.000889682
        8462     1.12139      1.0749 0.000889594
        8463     1.11693      1.0749 0.000889503
        8464      1.1123     1.07491 0.000889409
        8465     1.10756     1.07491 0.000889312
        8466     1.10274     1.07491 0.000889213
        8467     1.09789     1.07492 0.000889112
        8468     1.09307     1.07492  0.00088901
        8469     1.08832     1.07492 0.000888906
        8470      1.0837     1.07492 0.000888802
        8471     1.07926     1.07492 0.000888697
        8472     1.07504     1.07492 0.000888592
        8473     1.07109     1.07492 0.000888488
        8474     1.06744     1.07492 0.000888383
        8475     1.06413     1.07492 0.000888279
        8476     1.06118     1.07492 0.000888176
        8477     1.05861     1.07492 0.000888073
        8478     1.05642     1.07491 0.000887971
        8479     1.05461     1.07491  0.00088787
        8480     1.05318     1.07491 0.000887769
        8481     1.05211     1.07491 0.000887668
        8482     1.05137      1.0749 0.000887568
        8483     1.05095      1.0749 0.000887468
        8484     1.05081      1.0749 0.000887367
        8485     1.05093     1.07489 0.000887267
        8486     1.05127     1.07489 0.000887167
        8487      1.0518     1.07489 0.000887067
        8488      1.0525     1.07489 0.000886966
        8489     1.05335     1.07488 0.000886865
        8490     1.05431     1.07488 0.000886764
        8491     1.05538     1.07488 0.000886663
        8492     1.05653     1.07488 0.000886561
        8493     1.05775     1.07487 0.000886459
        8494     1.05904     1.07487 0.000886357
        8495      1.0604     1.07487 0.000886254
        8496     1.06181     1.07487 0.000886151
        8497     1.06328     1.07487 0.000886048
        8498     1.06481     1.07487 0.000885944
        8499     1.06641     1.07487  0.00088584
        8500     1.06807     1.07487 0.000885737
        8501      1.0698     1.07486 0.000885633
        8502      1.0716     1.07486 0.000885529
        8503     1.07348     1.07486 0.000885424
        8504     1.07544     1.07486  0.00088532
        8505     1.07748     1.07486 0.000885216
        8506     1.07959     1.07486 0.000885112
        8507     1.08177     1.07487 0.000885009
        8508     1.08403     1.07487 0.000884905
        8509     1.08634     1.07487 0.000884802
        8510     1.08871     1.07487   0.0008847
        8511     1.09112     1.07487 0.000884598
        8512     1.09356     1.07487 0.000884497
        8513     1.09602     1.07488 0.000884396
        8514     1.09849     1.07488 0.000884297
        8515     1.10094     1.07488 0.000884198
        8516     1.10337     1.07489 0.000884101
        8517     1.10575     1.07489 0.000884004
        8518     1.10807     1.07489 0.000883909
        8519     1.11032      1.0749 0.000883815
        8520     1.11247      1.0749 0.000883722
        8521     1.11453     1.07491 0.000883631
        8522     1.11646     1.07491 0.000883541
        8523     1.11827     1.07492 0.000883452
        8524     1.11994     1.07492 0.000883364
        8525     1.12145     1.07493 0.000883277
        8526     1.12281     1.07493 0.000883191
        8527       1.124     1.07494 0.000883107
        8528     1.12503     1.07494 0.000883023
        8529     1.12589     1.07495 0.000882939
        8530     1.12657     1.07496 0.000882856
        8531     1.12707     1.07496 0.000882774
        8532      1.1274     1.07497 0.000882692
        8533     1.12756     1.07497  0.00088261
        8534     1.12754     1.07498 0.000882528
        8535     1.12735     1.07499 0.000882446
        8536     1.12699     1.07499 0.000882364
        8537     1.12647       1.075 0.000882281
        8538     1.12578       1.075 0.000882198
        8539     1.12493     1.07501 0.000882114
        8540     1.12393     1.07502 0.000882029
        8541     1.12277     1.07502 0.000881944
        8542     1.12147     1.07503 0.000881857
        8543     1.12002     1.07503  0.00088177
        8544     1.11843     1.07504 0.000881681
        8545     1.11671     1.07504 0.000881591
        8546     1.11486     1.07505   0.0008815
        8547     1.11289     1.07505 0.000881408
        8548     1.11082     1.07506 0.000881315
        8549     1.10863     1.07506 0.000881221
        8550     1.10636     1.07506 0.000881125
        8551     1.10401     1.07507 0.000881029
        8552     1.10158     1.07507 0.000880931
        8553     1.09911     1.07507 0.000880833
        8554      1.0966     1.07508 0.000880733
        8555     1.09407     1.07508 0.000880633
        8556     1.09154     1.07508 0.000880532
        8557     1.08904     1.07508 0.000880431
        8558     1.08657     1.07508 0.000880329
        8559     1.08418     1.07508 0.000880227
        8560     1.08187     1.07508 0.000880125
        8561     1.07967     1.07508 0.000880022
        8562     1.07761     1.07509 0.000879919
        8563      1.0757     1.07509 0.000879816
        8564     1.07397     1.07509 0.000879714
        8565     1.07244     1.07508 0.000879611
        8566     1.07112     1.07508 0.000879508
        8567     1.07002     1.07508 0.000879406
        8568     1.06917     1.07508 0.000879304
        8569     1.06857     1.07508 0.000879201
        8570     1.06822     1.07508 0.000879099
        8571     1.06812     1.07508 0.000878997
        8572     1.06828     1.07508 0.000878895
        8573     1.06869     1.07508 0.000878793
        8574     1.06933     1.07508  0.00087869
        8575      1.0702     1.07508 0.000878588
        8576     1.07129     1.07508 0.000878486
        8577     1.07257     1.07508 0.000878383
        8578     1.07403     1.07508 0.000878281
        8579     1.07565     1.07508 0.000878179
        8580      1.0774     1.07508 0.000878076
        8581     1.07926     1.07508 0.000877974
        8582     1.08121     1.07508 0.000877872
        8583     1.08323     1.07508  0.00087777
        8584      1.0853     1.07508 0.000877669
        8585     1.08739     1.07508 0.000877568
        8586     1.08948     1.07508 0.000877467
        8587     1.09156     1.07509 0.000877367
        8588     1.09361     1.07509 0.000877268
        8589      1.0956     1.07509 0.000877169
        8590     1.09753     1.07509  0.00087707
        8591     1.09937      1.0751 0.000876973
        8592     1.10113      1.0751 0.000876876
        8593     1.10279      1.0751  0.00087678
        8594     1.10434     1.07511 0.000876685
        8595     1.10578     1.07511  0.00087659
        8596      1.1071     1.07511 0.000876496
        8597      1.1083     1.07512 0.000876402
        8598     1.10937     1.07512 0.000876309
        8599     1.11032     1.07512 0.000876217
        8600     1.11115     1.07513 0.000876125
        8601     1.11185     1.07513 0.000876034
        8602     1.11243     1.07514 0.000875943
        8603      1.1129     1.07514 0.000875852
        8604     1.11325     1.07515 0.000875761
        8605     1.11349     1.07515 0.000875671
        8606     1.11363     1.07516  0.00087558
        8607     1.11367     1.07516  0.00087549
        8608     1.11361     1.07516   0.0008754
        8609     1.11347     1.07517 0.000875309
        8610     1.11324     1.07517 0.000875219
        8611     1.11294     1.07518 0.000875128
        8612     1.11258     1.07518 0.000875037
        8613     1.11215     1.07519 0.000874946
        8614     1.11167     1.07519 0.000874855
        8615     1.11115     1.07519 0.000874763
        8616     1.11059      1.0752 0.000874672
        8617     1.11001      1.0752 0.000874579
        8618     1.10941     1.07521 0.000874487
        8619     1.10881     1.07521 0.000874394
        8620     1.10821     1.07521 0.000874301
        8621     1.10763     1.07522 0.000874208
        8622     1.10706     1.07522 0.000874114
        8623     1.10654     1.07523  0.00087402
        8624     1.10605     1.07523 0.000873926
        8625     1.10563     1.07523 0.000873832
        8626     1.10527     1.07524 0.000873738
        8627     1.10498     1.07524 0.000873643
        8628     1.10478     1.07524 0.000873549
        8629     1.10466     1.07525 0.000873454
        8630     1.10465     1.07525  0.00087336
        8631     1.10473     1.07525 0.000873265
        8632     1.10493     1.07526 0.000873171
        8633     1.10523     1.07526 0.000873076
        8634     1.10564     1.07526 0.000872982
        8635     1.10616     1.07527 0.000872889
        8636     1.10679     1.07527 0.000872795
        8637     1.10752     1.07527 0.000872702
        8638     1.10836     1.07528 0.000872609
        8639      1.1093     1.07528 0.000872517
        8640     1.11033     1.07529 0.000872426
        8641     1.11145     1.07529 0.000872335
        8642     1.11265     1.07529 0.000872245
        8643     1.11391      1.0753 0.000872155
        8644     1.11524      1.0753 0.000872066
        8645     1.11662     1.07531 0.000871979
        8646     1.11804     1.07531 0.000871892
        8647     1.11948     1.07532 0.000871806
        8648     1.12092     1.07532 0.000871721
        8649     1.12236     1.07533 0.000871637
        8650     1.12376     1.07534 0.000871555
        8651     1.12512     1.07534 0.000871473
        8652     1.12642     1.07535 0.000871392
        8653     1.12764     1.07535 0.000871312
        8654     1.12875     1.07536 0.000871233
        8655     1.12976     1.07537 0.000871155
        8656     1.13063     1.07537 0.000871078
        8657     1.13136     1.07538 0.000871002
        8658     1.13193     1.07538 0.000870925
        8659     1.13235     1.07539  0.00087085
        8660      1.1326      1.0754 0.000870774
        8661     1.13267      1.0754 0.000870699
        8662     1.13257     1.07541 0.000870623
        8663     1.13231     1.07542 0.000870548
        8664     1.13187     1.07542 0.000870471
        8665     1.13127     1.07543 0.000870395
        8666     1.13052     1.07544 0.000870318
        8667     1.12963     1.07544  0.00087024
        8668     1.12861     1.07545 0.000870161
        8669     1.12747     1.07546 0.000870081
        8670     1.12623     1.07546 0.000870001
        8671     1.12492     1.07547 0.000869919
        8672     1.12353     1.07547 0.000869836
        8673      1.1221     1.07548 0.000869753
        8674     1.12064     1.07548 0.000869668
        8675     1.11916     1.07549 0.000869582
        8676     1.11768     1.07549 0.000869496
        8677     1.11623      1.0755 0.000869408
        8678     1.11481      1.0755  0.00086932
        8679     1.11344     1.07551 0.000869231
        8680     1.11213     1.07551 0.000869141
        8681      1.1109     1.07551  0.00086905
        8682     1.10975     1.07552 0.000868959
        8683     1.10869     1.07552 0.000868867
        8684     1.10774     1.07553 0.000868775
        8685     1.10689     1.07553 0.000868683
        8686     1.10616     1.07553  0.00086859
        8687     1.10554     1.07554 0.000868497
        8688     1.10503     1.07554 0.000868403
        8689     1.10464     1.07554  0.00086831
        8690     1.10435     1.07555 0.000868216
        8691     1.10418     1.07555 0.000868123
        8692      1.1041     1.07555 0.000868029
        8693     1.10412     1.07556 0.000867935
        8694     1.10422     1.07556 0.000867842
        8695     1.10439     1.07556 0.000867748
        8696     1.10463     1.07557 0.000867655
        8697     1.10492     1.07557 0.000867562
        8698     1.10526     1.07557 0.000867469
        8699     1.10562     1.07558 0.000867376
        8700       1.106     1.07558 0.000867283
        8701     1.10639     1.07558 0.000867191
        8702     1.10677     1.07559 0.000867098
        8703     1.10713     1.07559 0.000867006
        8704     1.10747     1.07559 0.000866915
        8705     1.10777      1.0756 0.000866823
        8706     1.10803      1.0756 0.000866731
        8707     1.10823     1.07561  0.00086664
        8708     1.10838     1.07561 0.000866548
        8709     1.10847     1.07561 0.000866457
        8710     1.10849     1.07562 0.000866366
        8711     1.10845     1.07562 0.000866275
        8712     1.10834     1.07562 0.000866183
        8713     1.10816     1.07563 0.000866092
        8714     1.10791     1.07563 0.000866001
        8715      1.1076     1.07564 0.000865909
        8716     1.10723     1.07564 0.000865817
        8717     1.10679     1.07564 0.000865725
        8718      1.1063     1.07565 0.000865633
        8719     1.10575     1.07565 0.000865541
        8720     1.10516     1.07565 0.000865448
        8721     1.10452     1.07566 0.000865355
        8722     1.10384     1.07566 0.000865262
        8723     1.10312     1.07566 0.000865168
        8724     1.10237     1.07567 0.000865075
        8725     1.10159     1.07567 0.000864981
        8726     1.10079     1.07567 0.000864886
        8727     1.09997     1.07567 0.000864792
        8728     1.09913     1.07568 0.000864697
        8729     1.09827     1.07568 0.000864602
        8730     1.09742     1.07568 0.000864506
        8731     1.09656     1.07569  0.00086441
        8732      1.0957     1.07569 0.000864314
        8733     1.09485     1.07569 0.000864218
        8734     1.09401     1.07569 0.000864122
        8735      1.0932     1.07569 0.000864025
        8736     1.09241      1.0757 0.000863929
        8737     1.09166      1.0757 0.000863832
        8738     1.09094      1.0757 0.000863734
        8739     1.09028      1.0757 0.000863637
        8740     1.08968      1.0757  0.00086354
        8741     1.08915      1.0757 0.000863442
        8742     1.08868     1.07571 0.000863345
        8743      1.0883     1.07571 0.000863247
        8744       1.088     1.07571  0.00086315
        8745      1.0878     1.07571 0.000863052
        8746      1.0877     1.07571 0.000862955
        8747      1.0877     1.07571 0.000862857
        8748      1.0878     1.07571  0.00086276
        8749     1.08802     1.07572 0.000862662
        8750     1.08833     1.07572 0.000862565
        8751     1.08875     1.07572 0.000862467
        8752     1.08928     1.07572  0.00086237
        8753     1.08989     1.07572 0.000862273
        8754      1.0906     1.07572 0.000862176
        8755     1.09138     1.07572  0.00086208
        8756     1.09223     1.07573 0.000861983
        8757     1.09314     1.07573 0.000861887
        8758     1.09409     1.07573 0.000861791
        8759     1.09508     1.07573 0.000861696
        8760     1.09607     1.07574 0.000861601
        8761     1.09707     1.07574 0.000861506
        8762     1.09806     1.07574 0.000861411
        8763     1.09901     1.07574 0.000861317
        8764     1.09992     1.07575 0.000861223
        8765     1.10076     1.07575  0.00086113
        8766     1.10153     1.07575 0.000861036
        8767      1.1022     1.07575 0.000860943
        8768     1.10276     1.07576 0.000860851
        8769     1.10321     1.07576 0.000860758
        8770     1.10352     1.07576 0.000860666
        8771     1.10368     1.07577 0.000860574
        8772     1.10369     1.07577 0.000860482
        8773     1.10353     1.07577 0.000860389
        8774      1.1032     1.07578 0.000860297
        8775      1.1027     1.07578 0.000860204
        8776       1.102     1.07578 0.000860111
        8777     1.10111     1.07579 0.000860018
        8778     1.10003     1.07579 0.000859925
        8779     1.09874     1.07579 0.000859831
        8780     1.09726     1.07579 0.000859736
        8781     1.09557      1.0758 0.000859641
        8782     1.09368      1.0758 0.000859546
        8783     1.09159      1.0758  0.00085945
        8784      1.0893      1.0758 0.000859353
        8785     1.08682      1.0758 0.000859257
        8786     1.08415      1.0758 0.000859159
        8787      1.0813      1.0758 0.000859062
        8788     1.07826      1.0758 0.000858964
        8789     1.07506      1.0758 0.000858866
        8790      1.0717      1.0758 0.000858769
        8791     1.06818      1.0758 0.000858671
        8792     1.06453      1.0758 0.000858575
        8793     1.06074      1.0758 0.000858479
        8794     1.05683      1.0758 0.000858384
        8795     1.05283     1.07579  0.00085829
        8796     1.04873     1.07579 0.000858198
        8797     1.04457     1.07579 0.000858108
        8798     1.04035     1.07578  0.00085802
        8799      1.0361     1.07578 0.000857934
        8800     1.03183     1.07577 0.000857851
        8801     1.02757     1.07577 0.000857771
        8802     1.02333     1.07576 0.000857695
        8803     1.01914     1.07576 0.000857621
        8804     1.01502     1.07575 0.000857552
        8805     1.01099     1.07574 0.000857486
        8806     1.00708     1.07573 0.000857424
        8807      1.0033     1.07573 0.000857366
        8808    0.999686     1.07572 0.000857312
        8809     0.99625     1.07571 0.000857262
        8810    0.993017      1.0757 0.000857216
        8811    0.990006     1.07569 0.000857174
        8812    0.987237     1.07568 0.000857136
        8813    0.984728     1.07567   0.0008571
        8814    0.982493     1.07566 0.000857068
        8815    0.980548     1.07565 0.000857039
        8816    0.978904     1.07564 0.000857012
        8817    0.977572     1.07563 0.000856987
        8818    0.976559     1.07561 0.000856964
        8819    0.975873      1.0756 0.000856941
        8820    0.975516     1.07559 0.000856919
        8821    0.975492     1.07558 0.000856897
        8822      0.9758     1.07557 0.000856874
        8823    0.976435     1.07556 0.000856851
        8824    0.977393     1.07555 0.000856826
        8825    0.978666     1.07554 0.000856799
        8826    0.980248     1.07553  0.00085677
        8827    0.982126     1.07551 0.000856739
        8828    0.984284      1.0755 0.000856704
        8829     0.98671     1.07549 0.000856666
        8830    0.989388     1.07548 0.000856624
        8831      0.9923     1.07548 0.000856579
        8832    0.995429     1.07547  0.00085653
        8833    0.998755     1.07546 0.000856477
        8834     1.00226     1.07545  0.00085642
        8835     1.00592     1.07544  0.00085636
        8836     1.00972     1.07543 0.000856295
        8837     1.01363     1.07543 0.000856227
        8838     1.01764     1.07542 0.000856155
        8839     1.02172     1.07541 0.000856079
        8840     1.02585     1.07541 0.000856001
        8841     1.03001      1.0754 0.000855919
        8842     1.03418      1.0754 0.000855835
        8843     1.03835     1.07539 0.000855749
        8844     1.04249     1.07539  0.00085566
        8845     1.04659     1.07539  0.00085557
        8846     1.05062     1.07538 0.000855477
        8847     1.05457     1.07538 0.000855384
        8848     1.05843     1.07538 0.000855289
        8849     1.06218     1.07538 0.000855194
        8850     1.06581     1.07538 0.000855098
        8851     1.06931     1.07538 0.000855002
        8852     1.07267     1.07538 0.000854905
        8853     1.07588     1.07538 0.000854809
        8854     1.07894     1.07538 0.000854712
        8855     1.08183     1.07538 0.000854616
        8856     1.08455     1.07538  0.00085452
        8857      1.0871     1.07538 0.000854425
        8858     1.08948     1.07538  0.00085433
        8859     1.09168     1.07538 0.000854235
        8860     1.09371     1.07539 0.000854141
        8861     1.09557     1.07539 0.000854048
        8862     1.09726     1.07539 0.000853955
        8863     1.09879     1.07539 0.000853863
        8864     1.10016      1.0754 0.000853771
        8865     1.10138      1.0754  0.00085368
        8866     1.10245      1.0754 0.000853589
        8867     1.10339     1.07541 0.000853499
        8868     1.10421     1.07541 0.000853409
        8869      1.1049     1.07541 0.000853319
        8870     1.10549     1.07542 0.000853229
        8871     1.10599     1.07542  0.00085314
        8872     1.10641     1.07542 0.000853051
        8873     1.10675     1.07543 0.000852962
        8874     1.10704     1.07543 0.000852874
        8875     1.10728     1.07543 0.000852785
        8876     1.10748     1.07544 0.000852697
        8877     1.10766     1.07544 0.000852608
        8878     1.10783     1.07544  0.00085252
        8879     1.10799     1.07545 0.000852432
        8880     1.10816     1.07545 0.000852344
        8881     1.10834     1.07545 0.000852256
        8882     1.10855     1.07546 0.000852168
        8883     1.10878     1.07546 0.000852081
        8884     1.10904     1.07547 0.000851993
        8885     1.10933     1.07547 0.000851906
        8886     1.10966     1.07547 0.000851818
        8887     1.11003     1.07548 0.000851731
        8888     1.11043     1.07548 0.000851645
        8889     1.11086     1.07549 0.000851558
        8890     1.11132     1.07549 0.000851472
        8891     1.11179     1.07549 0.000851386
        8892     1.11229      1.0755   0.0008513
        8893     1.11279      1.0755 0.000851215
        8894     1.11328     1.07551  0.00085113
        8895     1.11377     1.07551 0.000851045
        8896     1.11424     1.07551  0.00085096
        8897     1.11468     1.07552 0.000850876
        8898     1.11508     1.07552 0.000850792
        8899     1.11542     1.07553 0.000850708
        8900     1.11571     1.07553 0.000850625
        8901     1.11592     1.07554 0.000850541
        8902     1.11606     1.07554 0.000850458
        8903      1.1161     1.07555 0.000850375
        8904     1.11604     1.07555 0.000850291
        8905     1.11588     1.07556 0.000850208
        8906     1.11561     1.07556 0.000850124
        8907     1.11522     1.07556  0.00085004
        8908      1.1147     1.07557 0.000849956
        8909     1.11404     1.07557 0.000849872
        8910     1.11325     1.07558 0.000849787
        8911     1.11232     1.07558 0.000849702
        8912     1.11125     1.07559 0.000849616
        8913     1.11003     1.07559 0.000849529
        8914     1.10867     1.07559 0.000849442
        8915     1.10717      1.0756 0.000849354
        8916     1.10552      1.0756 0.000849266
        8917     1.10373      1.0756 0.000849176
        8918      1.1018     1.07561 0.000849086
        8919     1.09973     1.07561 0.000848995
        8920     1.09754     1.07561 0.000848904
        8921     1.09522     1.07561 0.000848811
        8922     1.09278     1.07562 0.000848718
        8923     1.09023     1.07562 0.000848625
        8924     1.08759     1.07562 0.000848531
        8925     1.08486     1.07562 0.000848436
        8926     1.08206     1.07562 0.000848342
        8927      1.0792     1.07562 0.000848247
        8928      1.0763     1.07562 0.000848152
        8929     1.07337     1.07562 0.000848057
        8930     1.07043     1.07562 0.000847962
        8931     1.06751     1.07562 0.000847867
        8932     1.06463     1.07562 0.000847773
        8933      1.0618     1.07562  0.00084768
        8934     1.05904     1.07561 0.000847587
        8935     1.05639     1.07561 0.000847495
        8936     1.05385     1.07561 0.000847404
        8937     1.05147     1.07561 0.000847313
        8938     1.04924      1.0756 0.000847223
        8939      1.0472      1.0756 0.000847135
        8940     1.04536      1.0756 0.000847047
        8941     1.04374     1.07559 0.000846959
        8942     1.04236     1.07559 0.000846873
        8943     1.04122     1.07559 0.000846787
        8944     1.04033     1.07558 0.000846701
        8945      1.0397     1.07558 0.000846616
        8946     1.03933     1.07557 0.000846531
        8947     1.03922     1.07557 0.000846446
        8948     1.03936     1.07557 0.000846361
        8949     1.03975     1.07556 0.000846276
        8950     1.04039     1.07556 0.000846191
        8951     1.04124     1.07555 0.000846105
        8952      1.0423     1.07555 0.000846019
        8953     1.04356     1.07555 0.000845932
        8954     1.04499     1.07554 0.000845844
        8955     1.04658     1.07554 0.000845756
        8956      1.0483     1.07554 0.000845667
        8957     1.05013     1.07553 0.000845577
        8958     1.05206     1.07553 0.000845487
        8959     1.05406     1.07553 0.000845396
        8960     1.05611     1.07553 0.000845304
        8961     1.05819     1.07553 0.000845212
        8962     1.06029     1.07552  0.00084512
        8963     1.06239     1.07552 0.000845027
        8964     1.06447     1.07552 0.000844933
        8965     1.06652     1.07552  0.00084484
        8966     1.06853     1.07552 0.000844746
        8967     1.07048     1.07552 0.000844652
        8968     1.07237     1.07552 0.000844558
        8969     1.07418     1.07552 0.000844463
        8970     1.07591     1.07552 0.000844369
        8971     1.07754     1.07552 0.000844275
        8972     1.07907     1.07552 0.000844181
        8973      1.0805     1.07552 0.000844087
        8974     1.08181     1.07552 0.000843994
        8975       1.083     1.07552   0.0008439
        8976     1.08407     1.07552 0.000843806
        8977     1.08501     1.07552 0.000843713
        8978     1.08582     1.07552  0.00084362
        8979      1.0865     1.07553 0.000843527
        8980     1.08703     1.07553 0.000843434
        8981     1.08743     1.07553 0.000843341
        8982     1.08768     1.07553 0.000843248
        8983     1.08778     1.07553 0.000843155
        8984     1.08774     1.07553 0.000843063
        8985     1.08754     1.07553  0.00084297
        8986      1.0872     1.07553 0.000842877
        8987     1.08671     1.07554 0.000842784
        8988     1.08606     1.07554 0.000842691
        8989     1.08527     1.07554 0.000842598
        8990     1.08433     1.07554 0.000842505
        8991     1.08325     1.07554 0.000842412
        8992     1.08203     1.07554 0.000842318
        8993     1.08068     1.07554 0.000842225
        8994      1.0792     1.07554 0.000842131
        8995      1.0776     1.07554 0.000842038
        8996     1.07589     1.07554 0.000841944
        8997     1.07408     1.07554 0.000841851
        8998     1.07217     1.07554 0.000841757
        8999      1.0702     1.07554 0.000841664
        9000     1.06816     1.07554 0.000841571
        9001     1.06607     1.07554 0.000841478
        9002     1.06395     1.07554 0.000841385
        9003     1.06183     1.07554 0.000841293
        9004     1.05973     1.07553 0.000841202
        9005     1.05765     1.07553 0.000841111
        9006     1.05563     1.07553  0.00084102
        9007     1.05369     1.07553  0.00084093
        9008     1.05185     1.07553 0.000840841
        9009     1.05013     1.07552 0.000840752
        9010     1.04856     1.07552 0.000840664
        9011     1.04715     1.07552 0.000840577
        9012     1.04594     1.07551  0.00084049
        9013     1.04492     1.07551 0.000840404
        9014     1.04413     1.07551 0.000840318
        9015     1.04358      1.0755 0.000840232
        9016     1.04328      1.0755 0.000840146
        9017     1.04323      1.0755 0.000840061
        9018     1.04344     1.07549 0.000839975
        9019     1.04391     1.07549 0.000839889
        9020     1.04465     1.07548 0.000839803
        9021     1.04564     1.07548 0.000839717
        9022     1.04689     1.07548  0.00083963
        9023     1.04837     1.07548 0.000839542
        9024     1.05008     1.07547 0.000839454
        9025     1.05201     1.07547 0.000839365
        9026     1.05412     1.07547 0.000839275
        9027     1.05641     1.07547 0.000839185
        9028     1.05886     1.07546 0.000839094
        9029     1.06143     1.07546 0.000839002
        9030     1.06411     1.07546  0.00083891
        9031     1.06688     1.07546 0.000838818
        9032     1.06971     1.07546 0.000838725
        9033     1.07259     1.07546 0.000838632
        9034     1.07547     1.07546  0.00083854
        9035     1.07836     1.07546 0.000838447
        9036     1.08121     1.07546 0.000838354
        9037     1.08403     1.07546 0.000838262
        9038     1.08678     1.07546  0.00083817
        9039     1.08946     1.07546 0.000838079
        9040     1.09205     1.07547 0.000837988
        9041     1.09453     1.07547 0.000837898
        9042      1.0969     1.07547 0.000837809
        9043     1.09915     1.07547  0.00083772
        9044     1.10126     1.07548 0.000837633
        9045     1.10323     1.07548 0.000837546
        9046     1.10505     1.07548 0.000837459
        9047     1.10671     1.07549 0.000837374
        9048     1.10822     1.07549 0.000837289
        9049     1.10957     1.07549 0.000837205
        9050     1.11076      1.0755 0.000837122
        9051     1.11178      1.0755 0.000837039
        9052     1.11263      1.0755 0.000836956
        9053     1.11331     1.07551 0.000836874
        9054     1.11381     1.07551 0.000836793
        9055     1.11413     1.07552 0.000836711
        9056     1.11426     1.07552  0.00083663
        9057     1.11421     1.07553 0.000836548
        9058     1.11398     1.07553 0.000836466
        9059     1.11355     1.07553 0.000836385
        9060     1.11293     1.07554 0.000836303
        9061     1.11211     1.07554  0.00083622
        9062     1.11108     1.07555 0.000836137
        9063     1.10986     1.07555 0.000836053
        9064     1.10844     1.07555 0.000835969
        9065      1.1068     1.07556 0.000835884
        9066     1.10496     1.07556 0.000835798
        9067     1.10292     1.07556 0.000835711
        9068     1.10067     1.07557 0.000835624
        9069     1.09823     1.07557 0.000835535
        9070     1.09559     1.07557 0.000835446
        9071     1.09276     1.07557 0.000835356
        9072     1.08976     1.07557 0.000835265
        9073     1.08659     1.07558 0.000835174
        9074     1.08326     1.07558 0.000835083
        9075      1.0798     1.07558 0.000834991
        9076      1.0762     1.07558 0.000834899
        9077      1.0725     1.07558 0.000834807
        9078     1.06872     1.07558 0.000834715
        9079     1.06486     1.07557 0.000834624
        9080     1.06097     1.07557 0.000834534
        9081     1.05707     1.07557 0.000834444
        9082     1.05317     1.07557 0.000834356
        9083     1.04931     1.07557 0.000834269
        9084     1.04551     1.07556 0.000834184
        9085      1.0418     1.07556   0.0008341
        9086     1.03822     1.07555 0.000834019
        9087     1.03477     1.07555 0.000833939
        9088     1.03149     1.07555 0.000833861
        9089     1.02841     1.07554 0.000833786
        9090     1.02554     1.07553 0.000833712
        9091      1.0229     1.07553 0.000833641
        9092      1.0205     1.07552 0.000833571
        9093     1.01837     1.07552 0.000833503
        9094     1.01652     1.07551 0.000833436
        9095     1.01494      1.0755 0.000833371
        9096     1.01366      1.0755 0.000833307
        9097     1.01267     1.07549 0.000833245
        9098     1.01196     1.07548 0.000833182
        9099     1.01154     1.07548  0.00083312
        9100      1.0114     1.07547 0.000833058
        9101     1.01153     1.07546 0.000832997
        9102     1.01192     1.07545 0.000832934
        9103     1.01255     1.07545 0.000832871
        9104     1.01341     1.07544 0.000832808
        9105     1.01448     1.07543 0.000832743
        9106     1.01574     1.07543 0.000832678
        9107     1.01718     1.07542 0.000832611
        9108     1.01878     1.07541 0.000832543
        9109     1.02052     1.07541 0.000832473
        9110     1.02237      1.0754 0.000832402
        9111     1.02434      1.0754 0.000832329
        9112     1.02639     1.07539 0.000832256
        9113     1.02851     1.07539  0.00083218
        9114     1.03069     1.07538 0.000832103
        9115     1.03292     1.07538 0.000832025
        9116     1.03519     1.07537 0.000831945
        9117     1.03749     1.07537 0.000831865
        9118      1.0398     1.07536 0.000831782
        9119     1.04214     1.07536 0.000831699
        9120     1.04448     1.07536 0.000831615
        9121     1.04683     1.07535  0.00083153
        9122     1.04918     1.07535 0.000831443
        9123     1.05154     1.07535 0.000831356
        9124      1.0539     1.07535 0.000831269
        9125     1.05627     1.07534  0.00083118
        9126     1.05863     1.07534 0.000831091
        9127     1.06101     1.07534 0.000831001
        9128     1.06338     1.07534 0.000830911
        9129     1.06576     1.07534 0.000830821
        9130     1.06814     1.07534  0.00083073
        9131     1.07052     1.07534  0.00083064
        9132      1.0729     1.07534 0.000830549
        9133     1.07527     1.07534 0.000830458
        9134     1.07763     1.07534 0.000830367
        9135     1.07998     1.07534 0.000830276
        9136     1.08231     1.07534 0.000830186
        9137     1.08461     1.07534 0.000830095
        9138     1.08688     1.07534 0.000830006
        9139      1.0891     1.07534 0.000829916
        9140     1.09127     1.07534 0.000829827
        9141     1.09337     1.07535 0.000829739
        9142     1.09539     1.07535 0.000829651
        9143     1.09732     1.07535 0.000829564
        9144     1.09915     1.07535 0.000829477
        9145     1.10087     1.07536 0.000829391
        9146     1.10246     1.07536 0.000829305
        9147      1.1039     1.07536 0.000829221
        9148      1.1052     1.07537 0.000829136
        9149     1.10633     1.07537 0.000829053
        9150     1.10729     1.07537 0.000828969
        9151     1.10806     1.07538 0.000828887
        9152     1.10864     1.07538 0.000828804
        9153     1.10902     1.07538 0.000828722
        9154     1.10919     1.07539 0.000828639
        9155     1.10915     1.07539 0.000828557
        9156     1.10889     1.07539 0.000828475
        9157     1.10842      1.0754 0.000828392
        9158     1.10772      1.0754 0.000828309
        9159     1.10681     1.07541 0.000828226
        9160     1.10568     1.07541 0.000828142
        9161     1.10435     1.07541 0.000828057
        9162     1.10282     1.07541 0.000827972
        9163     1.10109     1.07542 0.000827887
        9164     1.09919     1.07542 0.000827801
        9165     1.09711     1.07542 0.000827714
        9166     1.09489     1.07542 0.000827626
        9167     1.09252     1.07543 0.000827538
        9168     1.09003     1.07543 0.000827449
        9169     1.08743     1.07543  0.00082736
        9170     1.08475     1.07543  0.00082727
        9171     1.08201     1.07543  0.00082718
        9172     1.07922     1.07543  0.00082709
        9173     1.07641     1.07543    0.000827
        9174      1.0736     1.07543  0.00082691
        9175     1.07081     1.07543  0.00082682
        9176     1.06807     1.07543  0.00082673
        9177     1.06541     1.07543 0.000826641
        9178     1.06283     1.07543 0.000826552
        9179     1.06038     1.07543 0.000826464
        9180     1.05806     1.07542 0.000826376
        9181     1.05591     1.07542 0.000826289
        9182     1.05395     1.07542 0.000826202
        9183      1.0522     1.07542 0.000826116
        9184     1.05067     1.07541  0.00082603
        9185     1.04939     1.07541 0.000825945
        9186     1.04838     1.07541  0.00082586
        9187     1.04764     1.07541 0.000825776
        9188      1.0472      1.0754 0.000825692
        9189     1.04706      1.0754 0.000825608
        9190     1.04723      1.0754 0.000825524
        9191     1.04771     1.07539 0.000825439
        9192     1.04851     1.07539 0.000825355
        9193     1.04962     1.07539  0.00082527
        9194     1.05104     1.07538 0.000825184
        9195     1.05277     1.07538 0.000825098
        9196     1.05478     1.07538 0.000825011
        9197     1.05708     1.07538 0.000824924
        9198     1.05964     1.07538 0.000824836
        9199     1.06244     1.07538 0.000824748
        9200     1.06546     1.07537 0.000824659
        9201     1.06868     1.07537  0.00082457
        9202     1.07207     1.07537  0.00082448
        9203     1.07561     1.07537  0.00082439
        9204     1.07927     1.07537 0.000824301
        9205     1.08302     1.07537 0.000824212
        9206     1.08683     1.07538 0.000824123
        9207     1.09067     1.07538 0.000824035
        9208     1.09451     1.07538 0.000823949
        9209     1.09833     1.07538 0.000823863
        9210     1.10209     1.07538 0.000823778
        9211     1.10577     1.07539 0.000823696
        9212     1.10935     1.07539 0.000823614
        9213     1.11278      1.0754 0.000823535
        9214     1.11607      1.0754 0.000823458
        9215     1.11917      1.0754 0.000823382
        9216     1.12206     1.07541 0.000823308
        9217     1.12474     1.07542 0.000823236
        9218     1.12718     1.07542 0.000823166
        9219     1.12936     1.07543 0.000823097
        9220     1.13127     1.07543 0.000823031
        9221     1.13289     1.07544 0.000822965
        9222     1.13423     1.07545   0.0008229
        9223     1.13527     1.07545 0.000822837
        9224       1.136     1.07546 0.000822774
        9225     1.13642     1.07547 0.000822711
        9226     1.13653     1.07547 0.000822648
        9227     1.13633     1.07548 0.000822586
        9228     1.13582     1.07548 0.000822523
        9229       1.135     1.07549 0.000822459
        9230     1.13389      1.0755 0.000822394
        9231     1.13249      1.0755 0.000822328
        9232     1.13082     1.07551 0.000822261
        9233     1.12888     1.07552 0.000822192
        9234      1.1267     1.07552 0.000822122
        9235      1.1243     1.07553  0.00082205
        9236     1.12169     1.07553 0.000821976
        9237      1.1189     1.07554   0.0008219
        9238     1.11595     1.07554 0.000821823
        9239     1.11287     1.07554 0.000821744
        9240     1.10968     1.07555 0.000821663
        9241     1.10643     1.07555 0.000821581
        9242     1.10313     1.07555 0.000821498
        9243     1.09981     1.07556 0.000821413
        9244     1.09652     1.07556 0.000821327
        9245     1.09327     1.07556 0.000821241
        9246     1.09011     1.07556 0.000821153
        9247     1.08706     1.07556 0.000821065
        9248     1.08415     1.07557 0.000820977
        9249      1.0814     1.07557 0.000820889
        9250     1.07886     1.07557   0.0008208
        9251     1.07653     1.07557 0.000820711
        9252     1.07444     1.07557 0.000820623
        9253     1.07261     1.07557 0.000820534
        9254     1.07106     1.07557 0.000820445
        9255     1.06979     1.07556 0.000820357
        9256     1.06883     1.07556 0.000820269
        9257     1.06817     1.07556 0.000820181
        9258     1.06781     1.07556 0.000820092
        9259     1.06776     1.07556 0.000820004
        9260     1.06802     1.07556 0.000819916
        9261     1.06858     1.07556 0.000819828
        9262     1.06943     1.07556  0.00081974
        9263     1.07056     1.07556 0.000819651
        9264     1.07196     1.07556 0.000819563
        9265     1.07362     1.07556 0.000819474
        9266     1.07551     1.07556 0.000819386
        9267     1.07763     1.07556 0.000819298
        9268     1.07996     1.07556 0.000819209
        9269     1.08246     1.07556 0.000819121
        9270     1.08514     1.07556 0.000819034
        9271     1.08797     1.07556 0.000818946
        9272     1.09092     1.07556  0.00081886
        9273     1.09398     1.07557 0.000818774
        9274     1.09713     1.07557 0.000818689
        9275     1.10036     1.07557 0.000818605
        9276     1.10363     1.07557 0.000818522
        9277     1.10694     1.07558 0.000818441
        9278     1.11028     1.07558 0.000818361
        9279     1.11361     1.07558 0.000818283
        9280     1.11694     1.07559 0.000818207
        9281     1.12023     1.07559 0.000818133
        9282     1.12348      1.0756 0.000818061
        9283     1.12668      1.0756 0.000817992
        9284     1.12981     1.07561 0.000817925
        9285     1.13286     1.07562  0.00081786
        9286     1.13582     1.07562 0.000817797
        9287     1.13868     1.07563 0.000817738
        9288     1.14142     1.07564  0.00081768
        9289     1.14404     1.07564 0.000817625
        9290     1.14653     1.07565 0.000817573
        9291     1.14887     1.07566 0.000817523
        9292     1.15106     1.07567 0.000817475
        9293     1.15309     1.07568  0.00081743
        9294     1.15495     1.07568 0.000817386
        9295     1.15664     1.07569 0.000817345
        9296     1.15814      1.0757 0.000817305
        9297     1.15945     1.07571 0.000817267
        9298     1.16057     1.07572  0.00081723
        9299     1.16148     1.07573 0.000817194
        9300     1.16219     1.07574 0.000817159
        9301     1.16269     1.07575 0.000817124
        9302     1.16298     1.07576  0.00081709
        9303     1.16305     1.07577 0.000817056
        9304     1.16292     1.07578 0.000817022
        9305     1.16258     1.07579 0.000816988
        9306     1.16204      1.0758 0.000816953
        9307     1.16131      1.0758 0.000816916
        9308      1.1604     1.07581 0.000816879
        9309     1.15933     1.07582 0.000816841
        9310     1.15812     1.07583 0.000816801
        9311     1.15678     1.07584 0.000816759
        9312     1.15535     1.07585 0.000816716
        9313     1.15384     1.07586 0.000816671
        9314     1.15228     1.07587 0.000816625
        9315     1.15072     1.07587 0.000816577
        9316     1.14917     1.07588 0.000816527
        9317     1.14767     1.07589 0.000816476
        9318     1.14625      1.0759 0.000816423
        9319     1.14494      1.0759 0.000816369
        9320     1.14376     1.07591 0.000816314
        9321     1.14276     1.07592 0.000816258
        9322     1.14193     1.07593 0.000816201
        9323     1.14131     1.07593 0.000816144
        9324     1.14091     1.07594 0.000816086
        9325     1.14073     1.07595 0.000816028
        9326     1.14077     1.07595  0.00081597
        9327     1.14103     1.07596 0.000815912
        9328     1.14151     1.07597 0.000815855
        9329     1.14218     1.07597 0.000815799
        9330     1.14302     1.07598 0.000815743
        9331       1.144     1.07599 0.000815688
        9332      1.1451       1.076 0.000815634
        9333     1.14628       1.076 0.000815582
        9334     1.14751     1.07601  0.00081553
        9335     1.14873     1.07602  0.00081548
        9336     1.14991     1.07603 0.000815431
        9337       1.151     1.07603 0.000815383
        9338     1.15197     1.07604 0.000815337
        9339     1.15276     1.07605 0.000815291
        9340     1.15336     1.07606 0.000815245
        9341     1.15371     1.07607   0.0008152
        9342     1.15379     1.07608 0.000815156
        9343     1.15358     1.07608 0.000815111
        9344     1.15305     1.07609 0.000815065
        9345      1.1522      1.0761 0.000815018
        9346     1.15101     1.07611 0.000814971
        9347     1.14948     1.07612 0.000814921
        9348     1.14763     1.07612  0.00081487
        9349     1.14547     1.07613 0.000814817
        9350     1.14301     1.07614 0.000814761
        9351     1.14029     1.07615 0.000814703
        9352     1.13734     1.07615 0.000814642
        9353     1.13419     1.07616 0.000814578
        9354     1.13088     1.07616 0.000814512
        9355     1.12746     1.07617 0.000814444
        9356     1.12397     1.07618 0.000814373
        9357     1.12045     1.07618 0.000814299
        9358     1.11695     1.07618 0.000814224
        9359     1.11349     1.07619 0.000814147
        9360     1.11012     1.07619 0.000814068
        9361     1.10686      1.0762 0.000813987
        9362     1.10373      1.0762 0.000813906
        9363     1.10075      1.0762 0.000813823
        9364     1.09792      1.0762 0.000813739
        9365     1.09525      1.0762 0.000813655
        9366     1.09273     1.07621  0.00081357
        9367     1.09036     1.07621 0.000813485
        9368     1.08813     1.07621 0.000813399
        9369     1.08602     1.07621 0.000813313
        9370     1.08401     1.07621 0.000813226
        9371      1.0821     1.07621  0.00081314
        9372     1.08028     1.07621 0.000813053
        9373     1.07852     1.07621 0.000812966
        9374     1.07682     1.07621  0.00081288
        9375     1.07518     1.07621 0.000812793
        9376     1.07359     1.07621 0.000812706
        9377     1.07205     1.07621  0.00081262
        9378     1.07057     1.07621 0.000812533
        9379     1.06913     1.07621 0.000812447
        9380     1.06776     1.07621 0.000812361
        9381     1.06647     1.07621 0.000812275
        9382     1.06526     1.07621 0.000812189
        9383     1.06414     1.07621 0.000812104
        9384     1.06313      1.0762 0.000812018
        9385     1.06224      1.0762 0.000811933
        9386     1.06148      1.0762 0.000811848
        9387     1.06085      1.0762 0.000811763
        9388     1.06038      1.0762 0.000811679
        9389     1.06005      1.0762 0.000811594
        9390     1.05988     1.07619  0.00081151
        9391     1.05988     1.07619 0.000811425
        9392     1.06004     1.07619  0.00081134
        9393     1.06036     1.07619 0.000811256
        9394     1.06084     1.07619 0.000811171
        9395     1.06148     1.07619 0.000811086
        9396     1.06226     1.07619 0.000811001
        9397     1.06319     1.07618 0.000810916
        9398     1.06426     1.07618 0.000810831
        9399     1.06546     1.07618 0.000810745
        9400     1.06677     1.07618  0.00081066
        9401      1.0682     1.07618 0.000810574
        9402     1.06974     1.07618 0.000810488
        9403     1.07137     1.07618 0.000810402
        9404     1.07309     1.07618 0.000810316
        9405      1.0749     1.07618  0.00081023
        9406     1.07679     1.07618 0.000810144
        9407     1.07874     1.07618 0.000810058
        9408     1.08076     1.07618 0.000809972
        9409     1.08284     1.07618 0.000809886
        9410     1.08496     1.07618   0.0008098
        9411     1.08713     1.07618 0.000809715
        9412     1.08934     1.07618  0.00080963
        9413     1.09157     1.07618 0.000809546
        9414     1.09381     1.07619 0.000809462
        9415     1.09606     1.07619 0.000809379
        9416     1.09831     1.07619 0.000809296
        9417     1.10053     1.07619 0.000809214
        9418     1.10272      1.0762 0.000809133
        9419     1.10487      1.0762 0.000809053
        9420     1.10696      1.0762 0.000808974
        9421     1.10897     1.07621 0.000808896
        9422      1.1109     1.07621 0.000808818
        9423     1.11274     1.07621 0.000808742
        9424     1.11446     1.07622 0.000808666
        9425     1.11606     1.07622 0.000808591
        9426     1.11754     1.07623 0.000808517
        9427     1.11887     1.07623 0.000808444
        9428     1.12006     1.07624 0.000808372
        9429     1.12111     1.07624   0.0008083
        9430       1.122     1.07624 0.000808229
        9431     1.12273     1.07625 0.000808158
        9432     1.12332     1.07625 0.000808088
        9433     1.12375     1.07626 0.000808018
        9434     1.12404     1.07627 0.000807948
        9435     1.12418     1.07627 0.000807879
        9436     1.12419     1.07628 0.000807809
        9437     1.12407     1.07628 0.000807739
        9438     1.12384     1.07629 0.000807669
        9439      1.1235     1.07629 0.000807599
        9440     1.12307      1.0763 0.000807529
        9441     1.12256      1.0763 0.000807458
        9442     1.12197      1.0763 0.000807387
        9443     1.12132     1.07631 0.000807316
        9444     1.12061     1.07631 0.000807244
        9445     1.11986     1.07632 0.000807172
        9446     1.11908     1.07632 0.000807099
        9447     1.11826     1.07633 0.000807026
        9448     1.11742     1.07633 0.000806952
        9449     1.11657     1.07634 0.000806878
        9450     1.11569     1.07634 0.000806803
        9451     1.11481     1.07634 0.000806728
        9452     1.11391     1.07635 0.000806652
        9453     1.11299     1.07635 0.000806576
        9454     1.11206     1.07636   0.0008065
        9455     1.11111     1.07636 0.000806423
        9456     1.11013     1.07636 0.000806346
        9457     1.10912     1.07637 0.000806268
        9458     1.10809     1.07637  0.00080619
        9459     1.10701     1.07637 0.000806111
        9460      1.1059     1.07638 0.000806032
        9461     1.10475     1.07638 0.000805952
        9462     1.10355     1.07638 0.000805872
        9463     1.10231     1.07639 0.000805791
        9464     1.10103     1.07639 0.000805711
        9465      1.0997     1.07639 0.000805629
        9466     1.09834     1.07639 0.000805547
        9467     1.09693      1.0764 0.000805465
        9468      1.0955      1.0764 0.000805383
        9469     1.09405      1.0764   0.0008053
        9470     1.09258      1.0764 0.000805217
        9471     1.09111      1.0764 0.000805133
        9472     1.08964      1.0764 0.000805049
        9473     1.08818      1.0764 0.000804965
        9474     1.08676     1.07641 0.000804881
        9475     1.08538     1.07641 0.000804797
        9476     1.08405     1.07641 0.000804712
        9477     1.08279     1.07641 0.000804627
        9478     1.08161     1.07641 0.000804543
        9479     1.08053     1.07641 0.000804458
        9480     1.07956     1.07641 0.000804373
        9481     1.07871     1.07641 0.000804288
        9482       1.078     1.07641 0.000804204
        9483     1.07745     1.07641 0.000804119
        9484     1.07705     1.07641 0.000804034
        9485     1.07682     1.07641 0.000803949
        9486     1.07677     1.07641 0.000803864
        9487     1.07691     1.07641  0.00080378
        9488     1.07724     1.07641 0.000803695
        9489     1.07775     1.07641  0.00080361
        9490     1.07845     1.07641 0.000803526
        9491     1.07934     1.07641 0.000803441
        9492      1.0804     1.07641 0.000803357
        9493     1.08163     1.07641 0.000803272
        9494     1.08301     1.07641 0.000803188
        9495     1.08454     1.07641 0.000803104
        9496     1.08618     1.07641  0.00080302
        9497     1.08793     1.07642 0.000802936
        9498     1.08976     1.07642 0.000802853
        9499     1.09165     1.07642  0.00080277
        9500     1.09358     1.07642 0.000802687
        9501     1.09554     1.07642 0.000802605
        9502      1.0975     1.07642 0.000802524
        9503     1.09943     1.07643 0.000802443
        9504     1.10134     1.07643 0.000802363
        9505     1.10318     1.07643 0.000802284
        9506     1.10496     1.07644 0.000802205
        9507     1.10666     1.07644 0.000802127
        9508     1.10827     1.07644 0.000802049
        9509     1.10977     1.07645 0.000801973
        9510     1.11117     1.07645 0.000801897
        9511     1.11245     1.07645 0.000801821
        9512     1.11361     1.07646 0.000801747
        9513     1.11466     1.07646 0.000801672
        9514     1.11558     1.07647 0.000801599
        9515     1.11639     1.07647 0.000801525
        9516     1.11708     1.07647 0.000801452
        9517     1.11766     1.07648  0.00080138
        9518     1.11812     1.07648 0.000801308
        9519     1.11847     1.07649 0.000801236
        9520     1.11872     1.07649 0.000801164
        9521     1.11888      1.0765 0.000801092
        9522     1.11894      1.0765  0.00080102
        9523     1.11891      1.0765 0.000800949
        9524      1.1188     1.07651 0.000800877
        9525     1.11862     1.07651 0.000800805
        9526     1.11838     1.07652 0.000800733
        9527     1.11808     1.07652 0.000800661
        9528     1.11773     1.07653 0.000800588
        9529     1.11734     1.07653 0.000800516
        9530     1.11692     1.07654 0.000800443
        9531     1.11648     1.07654  0.00080037
        9532     1.11602     1.07654 0.000800297
        9533     1.11557     1.07655 0.000800223
        9534     1.11512     1.07655  0.00080015
        9535      1.1147     1.07656 0.000800076
        9536      1.1143     1.07656 0.000800002
        9537     1.11395     1.07656 0.000799927
        9538     1.11366     1.07657 0.000799853
        9539     1.11342     1.07657 0.000799778
        9540     1.11326     1.07658 0.000799704
        9541     1.11319     1.07658 0.000799629
        9542     1.11321     1.07658 0.000799555
        9543     1.11333     1.07659  0.00079948
        9544     1.11356     1.07659 0.000799406
        9545     1.11391     1.07659 0.000799331
        9546     1.11438      1.0766 0.000799258
        9547     1.11497      1.0766 0.000799184
        9548      1.1157     1.07661 0.000799111
        9549     1.11655     1.07661 0.000799038
        9550     1.11753     1.07661 0.000798966
        9551     1.11864     1.07662 0.000798894
        9552     1.11987     1.07662 0.000798823
        9553     1.12122     1.07663 0.000798753
        9554     1.12268     1.07663 0.000798684
        9555     1.12424     1.07664 0.000798616
        9556     1.12588     1.07664 0.000798549
        9557      1.1276     1.07665 0.000798484
        9558     1.12939     1.07665 0.000798419
        9559     1.13121     1.07666 0.000798356
        9560     1.13307     1.07667 0.000798294
        9561     1.13494     1.07667 0.000798234
        9562     1.13681     1.07668 0.000798175
        9563     1.13865     1.07668 0.000798118
        9564     1.14045     1.07669 0.000798063
        9565      1.1422      1.0767 0.000798009
        9566     1.14386     1.07671 0.000797956
        9567     1.14544     1.07671 0.000797905
        9568     1.14691     1.07672 0.000797855
        9569     1.14825     1.07673 0.000797807
        9570     1.14945     1.07673  0.00079776
        9571     1.15049     1.07674 0.000797714
        9572     1.15137     1.07675 0.000797668
        9573     1.15208     1.07676 0.000797624
        9574      1.1526     1.07677  0.00079758
        9575     1.15293     1.07677 0.000797536
        9576     1.15305     1.07678 0.000797493
        9577     1.15297     1.07679 0.000797449
        9578     1.15267      1.0768 0.000797405
        9579     1.15215     1.07681 0.000797361
        9580     1.15141     1.07681 0.000797316
        9581     1.15045     1.07682 0.000797269
        9582     1.14926     1.07683 0.000797222
        9583     1.14785     1.07684 0.000797173
        9584     1.14621     1.07684 0.000797123
        9585     1.14435     1.07685 0.000797071
        9586     1.14226     1.07686 0.000797017
        9587     1.13996     1.07686 0.000796961
        9588     1.13744     1.07687 0.000796903
        9589      1.1347     1.07688 0.000796843
        9590     1.13177     1.07688  0.00079678
        9591     1.12863     1.07689 0.000796715
        9592     1.12531     1.07689 0.000796648
        9593      1.1218      1.0769 0.000796579
        9594     1.11812      1.0769 0.000796508
        9595     1.11428     1.07691 0.000796434
        9596     1.11029     1.07691 0.000796359
        9597     1.10616     1.07691 0.000796282
        9598      1.1019     1.07691 0.000796203
        9599     1.09754     1.07692 0.000796123
        9600     1.09309     1.07692 0.000796042
        9601     1.08856     1.07692  0.00079596
        9602     1.08398     1.07692 0.000795877
        9603     1.07937     1.07692 0.000795794
        9604     1.07474     1.07692 0.000795711
        9605     1.07012     1.07692 0.000795629
        9606     1.06553     1.07692 0.000795547
        9607       1.061     1.07692 0.000795466
        9608     1.05654     1.07691 0.000795386
        9609     1.05219     1.07691 0.000795307
        9610     1.04795     1.07691  0.00079523
        9611     1.04384     1.07691 0.000795155
        9612     1.03989      1.0769 0.000795082
        9613     1.03611      1.0769  0.00079501
        9614     1.03251     1.07689 0.000794941
        9615      1.0291     1.07689 0.000794874
        9616     1.02588     1.07688 0.000794809
        9617     1.02286     1.07688 0.000794746
        9618     1.02004     1.07687 0.000794685
        9619     1.01741     1.07686 0.000794627
        9620     1.01496     1.07686  0.00079457
        9621     1.01268     1.07685 0.000794516
        9622     1.01057     1.07685 0.000794463
        9623     1.00859     1.07684 0.000794412
        9624     1.00674     1.07683 0.000794363
        9625       1.005     1.07682 0.000794315
        9626     1.00335     1.07682  0.00079427
        9627     1.00176     1.07681 0.000794225
        9628     1.00022      1.0768 0.000794183
        9629    0.998701     1.07679 0.000794142
        9630    0.997197     1.07678 0.000794102
        9631    0.995687     1.07677 0.000794064
        9632    0.994156     1.07677 0.000794028
        9633    0.992592     1.07676 0.000793994
        9634    0.990984     1.07675 0.000793961
        9635    0.989324     1.07674 0.000793931
        9636    0.987609     1.07673 0.000793902
        9637    0.985837     1.07672 0.000793876
        9638    0.984009     1.07671 0.000793852
        9639    0.982128      1.0767  0.00079383
        9640      0.9802     1.07669 0.000793811
        9641    0.978232     1.07668 0.000793794
        9642    0.976233     1.07667  0.00079378
        9643    0.974216     1.07666 0.000793769
        9644    0.972193     1.07665 0.000793761
        9645    0.970178     1.07664 0.000793755
        9646    0.968186     1.07663 0.000793752
        9647    0.966234     1.07662 0.000793753
        9648    0.964338      1.0766 0.000793756
        9649    0.962515     1.07659 0.000793761
        9650    0.960781     1.07658  0.00079377
        9651    0.959154     1.07657 0.000793781
        9652    0.957649     1.07656 0.000793794
        9653    0.956284     1.07654  0.00079381
        9654    0.955072     1.07653 0.000793827
        9655     0.95403     1.07652 0.000793847
        9656    0.953172     1.07651 0.000793867
        9657    0.952513     1.07649 0.000793889
        9658    0.952066     1.07648 0.000793911
        9659    0.951841     1.07647 0.000793934
        9660    0.951852     1.07645 0.000793956
        9661    0.952108     1.07644 0.000793978
        9662    0.952617     1.07643    0.000794
        9663    0.953387     1.07642  0.00079402
        9664    0.954425      1.0764 0.000794038
        9665    0.955736     1.07639 0.000794054
        9666     0.95732     1.07638 0.000794067
        9667    0.959181     1.07637 0.000794078
        9668    0.961318     1.07635 0.000794085
        9669    0.963727     1.07634 0.000794088
        9670    0.966402     1.07633 0.000794087
        9671    0.969338     1.07632 0.000794082
        9672    0.972526     1.07631 0.000794073
        9673    0.975954      1.0763 0.000794058
        9674    0.979612     1.07629 0.000794039
        9675    0.983486     1.07628 0.000794015
        9676    0.987563     1.07627 0.000793986
        9677    0.991826     1.07626 0.000793952
        9678    0.996259     1.07625 0.000793913
        9679     1.00084     1.07625 0.000793869
        9680     1.00556     1.07624  0.00079382
        9681     1.01039     1.07623 0.000793768
        9682     1.01533     1.07622 0.000793711
        9683     1.02034     1.07622  0.00079365
        9684     1.02542     1.07621 0.000793585
        9685     1.03054     1.07621 0.000793517
        9686      1.0357      1.0762 0.000793446
        9687     1.04086      1.0762 0.000793373
        9688     1.04603      1.0762 0.000793297
        9689     1.05118      1.0762 0.000793219
        9690      1.0563     1.07619  0.00079314
        9691     1.06137     1.07619  0.00079306
        9692     1.06639     1.07619 0.000792978
        9693     1.07133     1.07619 0.000792897
        9694      1.0762     1.07619 0.000792815
        9695     1.08097     1.07619 0.000792733
        9696     1.08563     1.07619 0.000792652
        9697     1.09018     1.07619 0.000792572
        9698      1.0946      1.0762 0.000792492
        9699     1.09888      1.0762 0.000792414
        9700     1.10301      1.0762 0.000792337
        9701     1.10699      1.0762 0.000792262
        9702     1.11079     1.07621 0.000792188
        9703     1.11442     1.07621 0.000792116
        9704     1.11786     1.07622 0.000792046
        9705      1.1211     1.07622 0.000791978
        9706     1.12414     1.07622 0.000791912
        9707     1.12697     1.07623 0.000791848
        9708     1.12959     1.07624 0.000791785
        9709     1.13198     1.07624 0.000791724
        9710     1.13414     1.07625 0.000791665
        9711     1.13607     1.07625 0.000791608
        9712     1.13777     1.07626 0.000791552
        9713     1.13924     1.07627 0.000791497
        9714     1.14047     1.07627 0.000791443
        9715     1.14147     1.07628  0.00079139
        9716     1.14224     1.07629 0.000791337
        9717     1.14278     1.07629 0.000791286
        9718      1.1431      1.0763 0.000791234
        9719     1.14321     1.07631 0.000791183
        9720     1.14311     1.07631 0.000791131
        9721      1.1428     1.07632 0.000791079
        9722     1.14231     1.07633 0.000791027
        9723     1.14163     1.07633 0.000790974
        9724     1.14079     1.07634 0.000790921
        9725     1.13979     1.07635 0.000790866
        9726     1.13865     1.07635 0.000790811
        9727     1.13737     1.07636 0.000790754
        9728     1.13599     1.07637 0.000790697
        9729     1.13449     1.07637 0.000790638
        9730     1.13291     1.07638 0.000790578
        9731     1.13125     1.07638 0.000790517
        9732     1.12953     1.07639 0.000790455
        9733     1.12776     1.07639 0.000790391
        9734     1.12594      1.0764 0.000790326
        9735      1.1241      1.0764  0.00079026
        9736     1.12224     1.07641 0.000790193
        9737     1.12037     1.07641 0.000790125
        9738      1.1185     1.07642 0.000790056
        9739     1.11663     1.07642 0.000789985
        9740     1.11477     1.07643 0.000789914
        9741     1.11292     1.07643 0.000789842
        9742     1.11109     1.07643 0.000789769
        9743     1.10927     1.07644 0.000789695
        9744     1.10747     1.07644  0.00078962
        9745     1.10568     1.07644 0.000789545
        9746      1.1039     1.07645 0.000789469
        9747     1.10213     1.07645 0.000789392
        9748     1.10037     1.07645 0.000789315
        9749     1.09862     1.07645 0.000789237
        9750     1.09686     1.07646 0.000789159
        9751      1.0951     1.07646 0.000789081
        9752     1.09333     1.07646 0.000789002
        9753     1.09155     1.07646 0.000788922
        9754     1.08975     1.07646 0.000788843
        9755     1.08794     1.07646 0.000788763
        9756     1.08611     1.07646 0.000788682
        9757     1.08427     1.07646 0.000788602
        9758      1.0824     1.07647 0.000788521
        9759     1.08051     1.07647 0.000788441
        9760     1.07859     1.07647  0.00078836
        9761     1.07666     1.07647 0.000788279
        9762      1.0747     1.07647 0.000788198
        9763     1.07272     1.07647 0.000788118
        9764     1.07072     1.07646 0.000788037
        9765      1.0687     1.07646 0.000787957
        9766     1.06667     1.07646 0.000787877
        9767     1.06463     1.07646 0.000787797
        9768     1.06257     1.07646 0.000787718
        9769     1.06052     1.07646 0.000787639
        9770     1.05846     1.07646  0.00078756
        9771     1.05641     1.07645 0.000787482
        9772     1.05438     1.07645 0.000787405
        9773     1.05238     1.07645 0.000787328
        9774     1.05041     1.07645 0.000787252
        9775     1.04849     1.07644 0.000787177
        9776     1.04663     1.07644 0.000787102
        9777     1.04485     1.07644 0.000787029
        9778     1.04316     1.07643 0.000786955
        9779     1.04158     1.07643 0.000786883
        9780     1.04013     1.07643 0.000786811
        9781     1.03881     1.07642  0.00078674
        9782     1.03765     1.07642  0.00078667
        9783     1.03665     1.07642   0.0007866
        9784     1.03584     1.07641  0.00078653
        9785     1.03522     1.07641 0.000786461
        9786      1.0348      1.0764 0.000786392
        9787     1.03458      1.0764 0.000786324
        9788     1.03457     1.07639 0.000786255
        9789     1.03477     1.07639 0.000786186
        9790     1.03517     1.07639 0.000786117
        9791     1.03576     1.07638 0.000786048
        9792     1.03653     1.07638 0.000785978
        9793     1.03747     1.07637 0.000785908
        9794     1.03856     1.07637 0.000785837
        9795     1.03978     1.07637 0.000785766
        9796     1.04112     1.07636 0.000785694
        9797     1.04255     1.07636 0.000785621
        9798     1.04406     1.07636 0.000785548
        9799     1.04562     1.07635 0.000785474
        9800     1.04721     1.07635 0.000785399
        9801     1.04882     1.07635 0.000785324
        9802     1.05042     1.07634 0.000785249
        9803     1.05201     1.07634 0.000785172
        9804     1.05356     1.07634 0.000785096
        9805     1.05508     1.07634 0.000785019
        9806     1.05654     1.07634 0.000784941
        9807     1.05795     1.07633 0.000784863
        9808      1.0593     1.07633 0.000784785
        9809      1.0606     1.07633 0.000784707
        9810     1.06184     1.07633 0.000784628
        9811     1.06303     1.07633  0.00078455
        9812     1.06418     1.07633 0.000784471
        9813      1.0653     1.07632 0.000784391
        9814      1.0664     1.07632 0.000784312
        9815     1.06749     1.07632 0.000784233
        9816     1.06858     1.07632 0.000784153
        9817      1.0697     1.07632 0.000784074
        9818     1.07085     1.07632 0.000783994
        9819     1.07205     1.07632 0.000783914
        9820     1.07331     1.07632 0.000783835
        9821     1.07466     1.07632 0.000783755
        9822      1.0761     1.07632 0.000783675
        9823     1.07764     1.07632 0.000783595
        9824      1.0793     1.07632 0.000783516
        9825     1.08107     1.07632 0.000783436
        9826     1.08298     1.07632 0.000783356
        9827       1.085     1.07632 0.000783277
        9828     1.08716     1.07632 0.000783198
        9829     1.08943     1.07632  0.00078312
        9830     1.09182     1.07633 0.000783042
        9831      1.0943     1.07633 0.000782964
        9832     1.09688     1.07633 0.000782887
        9833     1.09954     1.07633 0.000782811
        9834     1.10226     1.07634 0.000782736
        9835     1.10501     1.07634 0.000782662
        9836     1.10779     1.07634 0.000782589
        9837     1.11058     1.07635 0.000782517
        9838     1.11334     1.07635 0.000782447
        9839     1.11607     1.07635 0.000782378
        9840     1.11874     1.07636  0.00078231
        9841     1.12133     1.07636 0.000782244
        9842     1.12382     1.07637 0.000782179
        9843     1.12619     1.07637 0.000782116
        9844     1.12843     1.07638 0.000782054
        9845     1.13051     1.07638 0.000781994
        9846     1.13242     1.07639 0.000781936
        9847     1.13414     1.07639 0.000781878
        9848     1.13567      1.0764 0.000781822
        9849     1.13698     1.07641 0.000781767
        9850     1.13806     1.07641 0.000781712
        9851     1.13891     1.07642 0.000781659
        9852     1.13951     1.07643 0.000781606
        9853     1.13986     1.07643 0.000781553
        9854     1.13995     1.07644   0.0007815
        9855     1.13977     1.07644 0.000781447
        9856     1.13932     1.07645 0.000781394
        9857     1.13861     1.07646  0.00078134
        9858     1.13763     1.07646 0.000781286
        9859     1.13637     1.07647  0.00078123
        9860     1.13486     1.07648 0.000781173
        9861     1.13309     1.07648 0.000781115
        9862     1.13107     1.07649 0.000781056
        9863     1.12881     1.07649 0.000780994
        9864     1.12633      1.0765 0.000780932
        9865     1.12363      1.0765 0.000780867
        9866     1.12073     1.07651 0.000780801
        9867     1.11764     1.07651 0.000780733
        9868     1.11438     1.07651 0.000780663
        9869     1.11097     1.07652 0.000780592
        9870     1.10742     1.07652 0.000780519
        9871     1.10376     1.07652 0.000780445
        9872     1.09999     1.07653 0.000780369
        9873     1.09615     1.07653 0.000780293
        9874     1.09223     1.07653 0.000780215
        9875     1.08827     1.07653 0.000780137
        9876     1.08428     1.07653 0.000780059
        9877     1.08028     1.07653  0.00077998
        9878     1.07627     1.07653 0.000779901
        9879     1.07228     1.07653 0.000779822
        9880     1.06832     1.07653 0.000779743
        9881      1.0644     1.07653 0.000779666
        9882     1.06053     1.07653 0.000779588
        9883     1.05672     1.07653 0.000779512
        9884     1.05298     1.07652 0.000779437
        9885     1.04932     1.07652 0.000779363
        9886     1.04574     1.07652  0.00077929
        9887     1.04225     1.07651 0.000779219
        9888     1.03885     1.07651  0.00077915
        9889     1.03554     1.07651 0.000779082
        9890     1.03232      1.0765 0.000779016
        9891      1.0292      1.0765 0.000778952
        9892     1.02616     1.07649  0.00077889
        9893     1.02322     1.07649  0.00077883
        9894     1.02037     1.07648 0.000778771
        9895     1.01761     1.07647 0.000778715
        9896     1.01493     1.07647 0.000778662
        9897     1.01233     1.07646  0.00077861
        9898     1.00981     1.07646  0.00077856
        9899     1.00736     1.07645 0.000778513
        9900     1.00498     1.07644 0.000778468
        9901     1.00268     1.07643 0.000778425
        9902     1.00044     1.07643 0.000778384
        9903    0.998267     1.07642 0.000778345
        9904    0.996157     1.07641 0.000778309
        9905    0.994109      1.0764 0.000778275
        9906    0.992122     1.07639 0.000778243
        9907    0.990198     1.07638 0.000778213
        9908    0.988333     1.07638 0.000778185
        9909    0.986528     1.07637 0.000778159
        9910    0.984785     1.07636 0.000778136
        9911    0.983103     1.07635 0.000778114
        9912    0.981486     1.07634 0.000778094
        9913    0.979935     1.07633 0.000778077
        9914    0.978454     1.07632 0.000778061
        9915    0.977049     1.07631 0.000778047
        9916    0.975722      1.0763 0.000778034
        9917    0.974478     1.07629 0.000778024
        9918    0.973321     1.07628 0.000778015
        9919    0.972258     1.07627 0.000778007
        9920    0.971296     1.07626    0.000778
        9921    0.970442     1.07625 0.000777995
        9922    0.969703     1.07624 0.000777991
        9923    0.969087     1.07622 0.000777987
        9924    0.968601     1.07621 0.000777984
        9925    0.968254      1.0762 0.000777982
        9926    0.968053     1.07619  0.00077798
        9927    0.968003     1.07618 0.000777978
        9928    0.968111     1.07617 0.000777976
        9929    0.968381     1.07616 0.000777973
        9930    0.968819     1.07615  0.00077797
        9931    0.969429     1.07614 0.000777966
        9932    0.970213     1.07613 0.000777961
        9933    0.971171     1.07612 0.000777954
        9934    0.972304     1.07611 0.000777946
        9935    0.973611      1.0761 0.000777936
        9936    0.975088     1.07609 0.000777924
        9937     0.97673     1.07608  0.00077791
        9938    0.978533     1.07607 0.000777894
        9939     0.98049     1.07606 0.000777875
        9940    0.982594     1.07605 0.000777853
        9941    0.984835     1.07604 0.000777829
        9942    0.987205     1.07603 0.000777802
        9943    0.989695     1.07602 0.000777773
        9944    0.992295     1.07601  0.00077774
        9945    0.994994       1.076 0.000777704
        9946    0.997786       1.076 0.000777666
        9947     1.00066     1.07599 0.000777625
        9948     1.00361     1.07598 0.000777581
        9949     1.00661     1.07597 0.000777534
        9950     1.00968     1.07597 0.000777484
        9951     1.01279     1.07596 0.000777432
        9952     1.01593     1.07595 0.000777377
        9953     1.01911     1.07595  0.00077732
        9954     1.02231     1.07594 0.000777261
        9955     1.02553     1.07594 0.000777199
        9956     1.02875     1.07593 0.000777135
        9957     1.03199     1.07593  0.00077707
        9958     1.03523     1.07593 0.000777003
        9959     1.03846     1.07592 0.000776934
        9960     1.04169     1.07592 0.000776863
        9961      1.0449     1.07592 0.000776792
        9962     1.04811     1.07591 0.000776719
        9963      1.0513     1.07591 0.000776645
        9964     1.05446     1.07591  0.00077657
        9965     1.05761     1.07591 0.000776494
        9966     1.06073      1.0759 0.000776417
        9967     1.06382      1.0759  0.00077634
        9968     1.06687      1.0759 0.000776263
        9969     1.06989      1.0759 0.000776185
        9970     1.07287      1.0759 0.000776108
        9971      1.0758      1.0759  0.00077603
        9972     1.07868      1.0759 0.000775952
        9973      1.0815      1.0759 0.000775874
        9974     1.08426      1.0759 0.000775797
        9975     1.08694      1.0759  0.00077572
        9976     1.08954     1.07591 0.000775644
        9977     1.09205     1.07591 0.000775568
        9978     1.09446     1.07591 0.000775492
        9979     1.09675     1.07591 0.000775417
        9980     1.09893     1.07591 0.000775343
        9981     1.10096     1.07592 0.000775269
        9982     1.10284     1.07592 0.000775196
        9983     1.10455     1.07592 0.000775124
        9984     1.10608     1.07592 0.000775052
        9985     1.10741     1.07593 0.000774981
        9986     1.10853     1.07593  0.00077491
        9987     1.10942     1.07593  0.00077484
        9988     1.11005     1.07594  0.00077477
        9989     1.11043     1.07594   0.0007747
        9990     1.11052     1.07594  0.00077463
        9991     1.11031     1.07595  0.00077456
        9992      1.1098     1.07595  0.00077449
        9993     1.10896     1.07595  0.00077442
        9994     1.10778     1.07596 0.000774349
        9995     1.10626     1.07596 0.000774277
        9996     1.10438     1.07596 0.000774205
        9997     1.10214     1.07597 0.000774132
        9998     1.09954     1.07597 0.000774058
        9999     1.09657     1.07597 0.000773983
       10000     1.09324     1.07597 0.000773908
