#     BLOCK:   ACTUAL_TE:    TE_AVE:      ERROR:
           1       -0.52       -0.52           0
           2        -0.6       -0.56   0.0282843
           3       -0.68        -0.6   0.0377124
           4       -0.68       -0.62   0.0331662
           5       -0.76      -0.648   0.0364856
           6       -0.76   -0.666667   0.0348542
           7       -0.76       -0.68   0.0323249
           8       -0.76       -0.69   0.0297909
           9       -0.84   -0.706667    0.030792
          10       -0.84       -0.72   0.0304631
          11       -0.84   -0.730909   0.0295826
          12       -0.84       -0.74     0.02848
          13       -0.84   -0.747692   0.0273083
          14       -0.84   -0.754286   0.0261416
          15       -0.84       -0.76   0.0250156
          16       -0.84      -0.765   0.0239466
          17       -0.84   -0.769412   0.0229407
          18       -0.84   -0.773333   0.0219989
          19       -0.84   -0.776842    0.021119
          20       -0.84       -0.78   0.0202978
          21       -0.92   -0.786667   0.0203967
          22       -0.92   -0.792727   0.0203501
          23       -0.92   -0.798261   0.0202036
          24       -0.92   -0.803333   0.0199884
          25       -0.92      -0.808   0.0197261
          26       -0.92   -0.812308   0.0194321
          27       -0.92   -0.816296   0.0191173
          28       -0.92       -0.82   0.0187899
          29       -0.92   -0.823448   0.0184557
          30       -0.92   -0.826667   0.0181189
          31       -0.92   -0.829677   0.0177828
          32       -0.92     -0.8325   0.0174497
          33       -0.92   -0.835152   0.0171212
          34       -0.92   -0.837647   0.0167985
          35       -0.92       -0.84   0.0164825
          36       -0.92   -0.842222   0.0161738
          37       -0.92   -0.844324   0.0158727
          38       -0.92   -0.846316   0.0155794
          39       -0.92   -0.848205   0.0152941
          40       -0.92       -0.85   0.0150167
          41       -0.92   -0.851707   0.0147471
          42       -0.92   -0.853333   0.0144854
          43       -0.92   -0.854884   0.0142312
          44       -0.92   -0.856364   0.0139845
          45       -0.92   -0.857778   0.0137451
          46       -0.92    -0.85913   0.0135127
          47       -0.92   -0.860426   0.0132871
          48       -0.92   -0.861667   0.0130681
          49       -0.92   -0.862857   0.0128555
          50       -0.92      -0.864   0.0126491
          51       -0.92   -0.865098   0.0124487
          52       -0.92   -0.866154    0.012254
          53       -0.92    -0.86717   0.0120648
          54       -0.92   -0.868148    0.011881
          55       -0.92   -0.869091   0.0117023
          56       -0.92       -0.87   0.0115286
          57       -0.92   -0.870877   0.0113596
          58       -0.92   -0.871724   0.0111953
          59       -0.92   -0.872542   0.0110354
          60       -0.92   -0.873333   0.0108798
          61       -0.92   -0.874098   0.0107283
          62       -0.92   -0.874839   0.0105808
          63       -0.92   -0.875556   0.0104371
          64       -0.92    -0.87625   0.0102971
          65       -0.92   -0.876923   0.0101607
          66       -0.92   -0.877576   0.0100276
          67       -0.92   -0.878209  0.00989795
          68       -0.92   -0.878824  0.00977146
          69       -0.92    -0.87942  0.00964805
          70       -0.92       -0.88  0.00952762
          71       -0.92   -0.880563  0.00941007
          72       -0.92   -0.881111   0.0092953
          73       -0.92   -0.881644  0.00918322
          74       -0.92   -0.882162  0.00907374
          75       -0.92   -0.882667  0.00896677
          76       -0.92   -0.883158  0.00886223
          77       -0.92   -0.883636  0.00876004
          78       -0.92   -0.884103  0.00866013
          79       -0.92   -0.884557  0.00856242
          80       -0.92      -0.885  0.00846685
          81       -0.92   -0.885432  0.00837334
          82       -0.92   -0.885854  0.00828183
          83       -0.92   -0.886265  0.00819226
          84       -0.92   -0.886667  0.00810457
          85       -0.92   -0.887059   0.0080187
          86       -0.92   -0.887442  0.00793461
          87       -0.92   -0.887816  0.00785222
          88       -0.92   -0.888182  0.00777151
          89       -0.92   -0.888539  0.00769241
          90       -0.92   -0.888889  0.00761487
          91       -0.92   -0.889231  0.00753886
          92       -0.92   -0.889565  0.00746433
          93       -0.92   -0.889892  0.00739124
          94       -0.92   -0.890213  0.00731955
          95          -1   -0.891368  0.00733316
          96          -1     -0.8925  0.00734357
          97          -1   -0.893608  0.00735101
          98          -1   -0.894694  0.00735573
          99          -1   -0.895758  0.00735793
         100          -1     -0.8968  0.00735783
         101          -1   -0.897822  0.00735558
         102          -1   -0.898824  0.00735136
         103          -1   -0.899806  0.00734533
         104          -1   -0.900769  0.00733761
         105          -1   -0.901714  0.00732833
         106          -1   -0.902642  0.00731762
         107          -1   -0.903551  0.00730558
         108          -1   -0.904444  0.00729232
         109          -1   -0.905321  0.00727792
         110          -1   -0.906182  0.00726247
         111          -1   -0.907027  0.00724606
         112          -1   -0.907857  0.00722876
         113          -1   -0.908673  0.00721063
         114          -1   -0.909474  0.00719174
         115          -1   -0.910261  0.00717216
         116          -1   -0.911034  0.00715193
         117          -1   -0.911795  0.00713111
         118          -1   -0.912542  0.00710975
         119          -1   -0.913277  0.00708788
         120          -1      -0.914  0.00706557
         121          -1   -0.914711  0.00704283
         122          -1    -0.91541  0.00701971
         123          -1   -0.916098  0.00699625
         124          -1   -0.916774  0.00697247
         125          -1    -0.91744  0.00694841
         126          -1   -0.918095  0.00692409
         127          -1    -0.91874  0.00689954
         128          -1   -0.919375  0.00687478
         129          -1       -0.92  0.00684984
         130          -1   -0.920615  0.00682473
         131          -1   -0.921221  0.00679949
         132          -1   -0.921818  0.00677412
         133          -1   -0.922406  0.00674864
         134          -1   -0.922985  0.00672307
         135          -1   -0.923556  0.00669743
         136          -1   -0.924118  0.00667173
         137          -1   -0.924672  0.00664599
         138          -1   -0.925217   0.0066202
         139          -1   -0.925755   0.0065944
         140          -1   -0.926286  0.00656859
         141          -1   -0.926809  0.00654277
         142          -1   -0.927324  0.00651697
         143          -1   -0.927832  0.00649118
         144          -1   -0.928333  0.00646542
         145          -1   -0.928828   0.0064397
         146          -1   -0.929315  0.00641402
         147          -1   -0.929796  0.00638838
         148          -1    -0.93027   0.0063628
         149          -1   -0.930738  0.00633729
         150          -1     -0.9312  0.00631184
         151          -1   -0.931656  0.00628646
         152          -1   -0.932105  0.00626116
         153          -1   -0.932549  0.00623594
         154          -1   -0.932987  0.00621081
         155          -1   -0.933419  0.00618577
         156          -1   -0.933846  0.00616083
         157          -1   -0.934268  0.00613598
         158       -0.92   -0.934177  0.00609781
         159       -0.92   -0.934088  0.00606011
         160       -0.92      -0.934  0.00602287
         161       -0.92   -0.933913  0.00598609
         162       -0.92   -0.933827  0.00594976
         163       -0.92   -0.933742  0.00591386
         164       -0.92   -0.933659  0.00587839
         165       -0.92   -0.933576  0.00584335
         166       -0.92   -0.933494  0.00580872
         167       -0.92   -0.933413   0.0057745
         168       -0.92   -0.933333  0.00574068
         169       -0.92   -0.933254  0.00570725
         170       -0.84   -0.932706  0.00569998
         171       -0.84   -0.932164  0.00569237
         172       -0.84   -0.931628  0.00568444
         173       -0.84   -0.931098   0.0056762
         174       -0.84   -0.930575  0.00566768
         175       -0.84   -0.930057  0.00565887
         176       -0.84   -0.929545  0.00564981
         177       -0.84    -0.92904  0.00564049
         178       -0.84   -0.928539  0.00563094
         179       -0.84   -0.928045  0.00562117
         180       -0.84   -0.927556  0.00561118
         181       -0.84   -0.927072  0.00560099
         182       -0.84   -0.926593  0.00559061
         183       -0.84    -0.92612  0.00558005
         184       -0.84   -0.925652  0.00556932
         185       -0.84   -0.925189  0.00555842
         186       -0.84   -0.924731  0.00554738
         187       -0.84   -0.924278  0.00553619
         188       -0.84    -0.92383  0.00552486
         189       -0.84   -0.923386   0.0055134
         190       -0.84   -0.922947  0.00550182
         191       -0.84   -0.922513  0.00549013
         192       -0.84   -0.922083  0.00547833
         193       -0.84   -0.921658  0.00546643
         194       -0.84   -0.921237  0.00545443
         195       -0.84   -0.920821  0.00544235
         196       -0.84   -0.920408  0.00543018
         197       -0.84       -0.92  0.00541793
         198       -0.92       -0.92  0.00539057
         199       -0.92       -0.92  0.00536348
         200       -0.92       -0.92  0.00533667
         201       -0.92       -0.92  0.00531012
         202       -0.92       -0.92  0.00528383
         203       -0.92       -0.92   0.0052578
         204       -0.92       -0.92  0.00523203
         205       -0.92       -0.92   0.0052065
         206       -0.92       -0.92  0.00518123
         207       -0.92       -0.92   0.0051562
         208       -0.92       -0.92  0.00513141
         209       -0.92       -0.92  0.00510686
         210       -0.92       -0.92  0.00508254
         211       -0.92       -0.92  0.00505845
         212       -0.92       -0.92  0.00503459
         213       -0.92       -0.92  0.00501095
         214       -0.84   -0.919626  0.00500146
         215       -0.84   -0.919256  0.00499189
         216       -0.84   -0.918889  0.00498225
         217       -0.84   -0.918525  0.00497254
         218       -0.84   -0.918165  0.00496276
         219       -0.84   -0.917808  0.00495291
         220       -0.84   -0.917455  0.00494301
         221       -0.84   -0.917104  0.00493305
         222       -0.84   -0.916757  0.00492304
         223       -0.84   -0.916413  0.00491299
         224       -0.84   -0.916071  0.00490288
         225       -0.84   -0.915733  0.00489273
         226       -0.84   -0.915398  0.00488255
         227       -0.84   -0.915066  0.00487232
         228       -0.84   -0.914737  0.00486206
         229       -0.84    -0.91441  0.00485177
         230       -0.84   -0.914087  0.00484145
         231       -0.84   -0.913766  0.00483111
         232       -0.84   -0.913448  0.00482073
         233       -0.84   -0.913133  0.00481034
         234       -0.84   -0.912821  0.00479992
         235       -0.84   -0.912511  0.00478949
         236       -0.84   -0.912203  0.00477904
         237       -0.84   -0.911899  0.00476858
         238       -0.84   -0.911597   0.0047581
         239       -0.84   -0.911297  0.00474761
         240       -0.84      -0.911  0.00473712
         241       -0.84   -0.910705  0.00472661
         242       -0.84   -0.910413   0.0047161
         243       -0.84   -0.910123  0.00470559
         244       -0.92   -0.910164  0.00468648
         245       -0.92   -0.910204  0.00466752
         246       -0.92   -0.910244  0.00464872
         247       -0.92   -0.910283  0.00463006
         248       -0.92   -0.910323  0.00461156
         249       -0.92   -0.910361   0.0045932
         250       -0.92     -0.9104  0.00457499
         251       -0.92   -0.910438  0.00455693
         252       -0.92   -0.910476    0.004539
         253       -0.92   -0.910514  0.00452122
         254       -0.92   -0.910551  0.00450357
         255       -0.92   -0.910588  0.00448606
         256       -0.92   -0.910625  0.00446869
         257       -0.92   -0.910661  0.00445145
         258       -0.92   -0.910698  0.00443434
         259       -0.92   -0.910734  0.00441737
         260       -0.92   -0.910769  0.00440052
         261       -0.92   -0.910805   0.0043838
         262       -0.92    -0.91084  0.00436721
         263       -0.92   -0.910875  0.00435075
         264       -0.92   -0.910909   0.0043344
         265       -0.92   -0.910943  0.00431818
         266       -0.92   -0.910977  0.00430208
         267       -0.92   -0.911011   0.0042861
         268       -0.92   -0.911045  0.00427024
         269       -0.92   -0.911078   0.0042545
         270       -0.92   -0.911111  0.00423887
         271       -0.92   -0.911144  0.00422335
         272       -0.92   -0.911176  0.00420795
         273       -0.92   -0.911209  0.00419266
         274       -0.92   -0.911241  0.00417748
         275       -0.92   -0.911273  0.00416241
         276       -0.92   -0.911304  0.00414745
         277       -0.92   -0.911336   0.0041326
         278       -0.92   -0.911367  0.00411785
         279       -0.92   -0.911398  0.00410321
         280       -0.92   -0.911429  0.00408867
         281       -0.92   -0.911459  0.00407423
         282       -0.92   -0.911489   0.0040599
         283       -0.92   -0.911519  0.00404566
         284       -0.92   -0.911549  0.00403153
         285       -0.92   -0.911579  0.00401749
         286       -0.92   -0.911608  0.00400355
         287       -0.92   -0.911638  0.00398971
         288       -0.92   -0.911667  0.00397596
         289       -0.92   -0.911696  0.00396231
         290       -0.92   -0.911724  0.00394875
         291       -0.92   -0.911753  0.00393528
         292       -0.92   -0.911781   0.0039219
         293       -0.92   -0.911809  0.00390862
         294       -0.92   -0.911837  0.00389542
         295       -0.92   -0.911864  0.00388232
         296       -0.92   -0.911892   0.0038693
         297       -0.92   -0.911919  0.00385637
         298       -0.92   -0.911946  0.00384352
         299       -0.92   -0.911973  0.00383076
         300       -0.92      -0.912  0.00381809
         301       -0.92   -0.912027  0.00380549
         302       -0.92   -0.912053  0.00379298
         303       -0.92   -0.912079  0.00378056
         304       -0.92   -0.912105  0.00376821
         305       -0.92   -0.912131  0.00375594
         306       -0.92   -0.912157  0.00374376
         307       -0.92   -0.912182  0.00373165
         308       -0.92   -0.912208  0.00371962
         309       -0.92   -0.912233  0.00370767
         310       -0.92   -0.912258  0.00369579
         311       -0.92   -0.912283  0.00368399
         312       -0.92   -0.912308  0.00367227
         313       -0.92   -0.912332  0.00366062
         314       -0.92   -0.912357  0.00364904
         315       -0.92   -0.912381  0.00363754
         316       -0.92   -0.912405  0.00362611
         317       -0.92   -0.912429  0.00361475
         318       -0.92   -0.912453  0.00360346
         319       -0.92   -0.912476  0.00359224
         320       -0.92     -0.9125  0.00358109
         321       -0.92   -0.912523  0.00357001
         322       -0.92   -0.912547    0.003559
         323       -0.92    -0.91257  0.00354806
         324       -0.92   -0.912593  0.00353718
         325       -0.92   -0.912615  0.00352637
         326       -0.92   -0.912638  0.00351563
         327       -0.92   -0.912661  0.00350495
         328       -0.92   -0.912683  0.00349433
         329       -0.92   -0.912705  0.00348378
         330       -0.92   -0.912727   0.0034733
         331       -0.92   -0.912749  0.00346287
         332       -0.92   -0.912771  0.00345251
         333       -0.92   -0.912793  0.00344221
         334       -0.92   -0.912814  0.00343197
         335       -0.92   -0.912836  0.00342179
         336       -0.92   -0.912857  0.00341168
         337       -0.92   -0.912878  0.00340162
         338       -0.92   -0.912899  0.00339162
         339       -0.92    -0.91292  0.00338168
         340       -0.92   -0.912941   0.0033718
         341       -0.92   -0.912962  0.00336197
         342       -0.92   -0.912982  0.00335221
         343       -0.92   -0.913003   0.0033425
         344       -0.92   -0.913023  0.00333284
         345       -0.92   -0.913043  0.00332324
         346       -0.92   -0.913064   0.0033137
         347       -0.92   -0.913084  0.00330421
         348       -0.92   -0.913103  0.00329477
         349       -0.92   -0.913123  0.00328539
         350       -0.92   -0.913143  0.00327606
         351       -0.92   -0.913162  0.00326679
         352       -0.92   -0.913182  0.00325757
         353       -0.92   -0.913201  0.00324839
         354       -0.92    -0.91322  0.00323928
         355       -0.92   -0.913239  0.00323021
         356       -0.92   -0.913258  0.00322119
         357       -0.92   -0.913277  0.00321222
         358       -0.92   -0.913296   0.0032033
         359       -0.92   -0.913315  0.00319444
         360       -0.92   -0.913333  0.00318562
         361       -0.92   -0.913352  0.00317684
         362       -0.92    -0.91337  0.00316812
         363       -0.92   -0.913388  0.00315945
         364       -0.92   -0.913407  0.00315082
         365       -0.92   -0.913425  0.00314224
         366       -0.92   -0.913443  0.00313371
         367       -0.92    -0.91346  0.00312522
         368       -0.92   -0.913478  0.00311678
         369       -0.92   -0.913496  0.00310838
         370       -0.92   -0.913514  0.00310003
         371       -0.92   -0.913531  0.00309172
         372       -0.92   -0.913548  0.00308346
         373       -0.92   -0.913566  0.00307524
         374       -0.92   -0.913583  0.00306707
         375       -0.92     -0.9136  0.00305894
         376       -0.92   -0.913617  0.00305085
         377       -0.92   -0.913634   0.0030428
         378       -0.92   -0.913651   0.0030348
         379       -0.92   -0.913668  0.00302684
         380       -0.92   -0.913684  0.00301892
         381       -0.92   -0.913701  0.00301104
         382       -0.92   -0.913717   0.0030032
         383       -0.92   -0.913734  0.00299541
         384       -0.92    -0.91375  0.00298765
         385       -0.92   -0.913766  0.00297993
         386       -0.92   -0.913782  0.00297226
         387       -0.92   -0.913798  0.00296462
         388       -0.92   -0.913814  0.00295702
         389       -0.92    -0.91383  0.00294946
         390       -0.92   -0.913846  0.00294194
         391       -0.92   -0.913862  0.00293446
         392       -0.92   -0.913878  0.00292702
         393       -0.92   -0.913893  0.00291961
         394       -0.92   -0.913909  0.00291224
         395       -0.92   -0.913924  0.00290491
         396       -0.92   -0.913939  0.00289762
         397       -0.92   -0.913955  0.00289036
         398       -0.92    -0.91397  0.00288313
         399       -0.92   -0.913985  0.00287595
         400       -0.92      -0.914   0.0028688
         401       -0.92   -0.914015  0.00286168
         402       -0.92    -0.91403   0.0028546
         403       -0.92   -0.914045  0.00284756
         404       -0.92   -0.914059  0.00284055
         405       -0.92   -0.914074  0.00283357
         406       -0.92   -0.914089  0.00282663
         407       -0.92   -0.914103  0.00281972
         408       -0.92   -0.914118  0.00281285
         409       -0.92   -0.914132  0.00280601
         410       -0.92   -0.914146   0.0027992
         411       -0.92   -0.914161  0.00279243
         412       -0.84   -0.913981  0.00279144
         413       -0.92   -0.913995  0.00278472
         414       -0.92    -0.91401  0.00277803
         415       -0.92   -0.914024  0.00277138
         416       -0.92   -0.914038  0.00276475
         417       -0.92   -0.914053  0.00275816
         418       -0.92   -0.914067   0.0027516
         419       -0.92   -0.914081  0.00274507
         420       -0.92   -0.914095  0.00273857
         421       -0.92   -0.914109   0.0027321
         422       -0.84   -0.913934  0.00273126
         423       -0.84   -0.913759  0.00273039
         424       -0.84   -0.913585  0.00272949
         425       -0.84   -0.913412  0.00272855
         426       -0.92   -0.913427  0.00272219
         427       -0.92   -0.913443  0.00271586
         428       -0.92   -0.913458  0.00270956
         429       -0.92   -0.913473  0.00270328
         430       -0.92   -0.913488  0.00269704
         431       -0.92   -0.913503  0.00269082
         432       -0.92   -0.913519  0.00268464
         433       -0.92   -0.913533  0.00267848
         434       -0.92   -0.913548  0.00267235
         435       -0.92   -0.913563  0.00266625
         436       -0.92   -0.913578  0.00266017
         437       -0.92   -0.913593  0.00265413
         438       -0.92   -0.913607  0.00264811
         439       -0.92   -0.913622  0.00264211
         440       -0.92   -0.913636  0.00263615
         441       -0.92   -0.913651  0.00263021
         442       -0.92   -0.913665   0.0026243
         443       -0.92   -0.913679  0.00261842
         444       -0.92   -0.913694  0.00261256
         445       -0.92   -0.913708  0.00260672
         446       -0.92   -0.913722  0.00260092
         447       -0.92   -0.913736  0.00259514
         448       -0.92    -0.91375  0.00258938
         449       -0.92   -0.913764  0.00258365
         450       -0.92   -0.913778  0.00257795
         451       -0.92   -0.913792  0.00257227
         452       -0.92   -0.913805  0.00256661
         453       -0.92   -0.913819  0.00256099
         454       -0.92   -0.913833  0.00255538
         455       -0.92   -0.913846   0.0025498
         456       -0.92    -0.91386  0.00254424
         457       -0.92   -0.913873  0.00253871
         458       -0.92   -0.913886   0.0025332
         459       -0.92     -0.9139  0.00252772
         460       -0.92   -0.913913  0.00252226
         461       -0.92   -0.913926  0.00251682
         462       -0.92   -0.913939  0.00251141
         463       -0.92   -0.913952  0.00250602
         464       -0.92   -0.913966  0.00250065
         465       -0.92   -0.913978  0.00249531
         466       -0.92   -0.913991  0.00248999
         467       -0.92   -0.914004  0.00248469
         468       -0.92   -0.914017  0.00247941
         469       -0.92    -0.91403  0.00247416
         470       -0.92   -0.914043  0.00246893
         471       -0.92   -0.914055  0.00246372
         472       -0.92   -0.914068  0.00245853
         473       -0.92    -0.91408  0.00245337
         474       -0.92   -0.914093  0.00244822
         475       -0.92   -0.914105   0.0024431
         476       -0.92   -0.914118    0.002438
         477       -0.92    -0.91413  0.00243292
         478       -0.92   -0.914142  0.00242786
         479       -0.92   -0.914154  0.00242282
         480       -0.92   -0.914167   0.0024178
         481       -0.92   -0.914179  0.00241281
         482       -0.92   -0.914191  0.00240783
         483       -0.92   -0.914203  0.00240288
         484       -0.92   -0.914215  0.00239794
         485       -0.92   -0.914227  0.00239303
         486       -0.92   -0.914239  0.00238813
         487       -0.92   -0.914251  0.00238326
         488       -0.92   -0.914262   0.0023784
         489       -0.92   -0.914274  0.00237357
         490       -0.92   -0.914286  0.00236875
         491       -0.92   -0.914297  0.00236396
         492       -0.92   -0.914309  0.00235918
         493       -0.92    -0.91432  0.00235442
         494       -0.92   -0.914332  0.00234969
         495       -0.92   -0.914343  0.00234497
         496       -0.92   -0.914355  0.00234027
         497       -0.92   -0.914366  0.00233559
         498       -0.92   -0.914378  0.00233092
         499       -0.92   -0.914389  0.00232628
         500       -0.92     -0.9144  0.00232165
         501       -0.92   -0.914411  0.00231705
         502       -0.92   -0.914422  0.00231246
         503       -0.92   -0.914433  0.00230789
         504       -0.92   -0.914444  0.00230334
         505       -0.92   -0.914455   0.0022988
         506       -0.92   -0.914466  0.00229428
         507       -0.92   -0.914477  0.00228978
         508       -0.92   -0.914488   0.0022853
         509       -0.92   -0.914499  0.00228084
         510       -0.92    -0.91451  0.00227639
         511       -0.92   -0.914521  0.00227196
         512       -0.92   -0.914531  0.00226755
         513       -0.84   -0.914386  0.00226778
         514       -0.92   -0.914397  0.00226339
         515       -0.92   -0.914408  0.00225902
         516       -0.92   -0.914419  0.00225467
         517       -0.92   -0.914429  0.00225034
         518       -0.92    -0.91444  0.00224602
         519       -0.92   -0.914451  0.00224172
         520       -0.92   -0.914462  0.00223743
         521       -0.92   -0.914472  0.00223316
         522       -0.92   -0.914483  0.00222891
         523       -0.92   -0.914493  0.00222467
         524       -0.92   -0.914504  0.00222045
         525       -0.92   -0.914514  0.00221625
         526       -0.92   -0.914525  0.00221206
         527       -0.92   -0.914535  0.00220788
         528       -0.92   -0.914545  0.00220373
         529       -0.92   -0.914556  0.00219959
         530       -0.92   -0.914566  0.00219546
         531       -0.92   -0.914576  0.00219135
         532       -0.92   -0.914586  0.00218725
         533       -0.92   -0.914597  0.00218317
         534       -0.92   -0.914607  0.00217911
         535       -0.92   -0.914617  0.00217506
         536       -0.92   -0.914627  0.00217102
         537       -0.92   -0.914637    0.002167
         538       -0.92   -0.914647    0.002163
         539       -0.84   -0.914508  0.00216342
         540       -0.92   -0.914519  0.00215943
         541       -0.92   -0.914529  0.00215547
         542       -0.92   -0.914539  0.00215151
         543       -0.92   -0.914549  0.00214757
         544       -0.84   -0.914412  0.00214799
         545       -0.84   -0.914275  0.00214839
         546       -0.84   -0.914139  0.00214875
         547       -0.84   -0.914004   0.0021491
         548       -0.84   -0.913869  0.00214941
         549       -0.84   -0.913734  0.00214971
         550       -0.84     -0.9136  0.00214997
         551       -0.84   -0.913466  0.00215022
         552       -0.84   -0.913333  0.00215044
         553       -0.84   -0.913201  0.00215063
         554       -0.84   -0.913069  0.00215081
         555       -0.84   -0.912937  0.00215096
         556       -0.84   -0.912806  0.00215108
         557       -0.84   -0.912675  0.00215119
         558       -0.84   -0.912545  0.00215127
         559       -0.84   -0.912415  0.00215134
         560       -0.84   -0.912286  0.00215138
         561       -0.84   -0.912157   0.0021514
         562       -0.84   -0.912028   0.0021514
         563       -0.84   -0.911901  0.00215138
         564       -0.84   -0.911773  0.00215134
         565       -0.84   -0.911646  0.00215128
         566       -0.84   -0.911519   0.0021512
         567       -0.84   -0.911393   0.0021511
         568       -0.84   -0.911268  0.00215098
         569       -0.92   -0.911283  0.00214725
         570       -0.84   -0.911158  0.00214712
         571       -0.84   -0.911033  0.00214698
         572       -0.84   -0.910909  0.00214681
         573       -0.84   -0.910785  0.00214663
         574       -0.84   -0.910662  0.00214643
         575       -0.84   -0.910539  0.00214621
         576       -0.84   -0.910417  0.00214598
         577       -0.84   -0.910295  0.00214572
         578       -0.84   -0.910173  0.00214546
         579       -0.84   -0.910052  0.00214517
         580       -0.84   -0.909931  0.00214487
         581       -0.84   -0.909811  0.00214455
         582       -0.84   -0.909691  0.00214422
         583       -0.84   -0.909571  0.00214387
         584       -0.84   -0.909452  0.00214351
         585       -0.84   -0.909333  0.00214313
         586       -0.84   -0.909215  0.00214274
         587       -0.84   -0.909097  0.00214233
         588       -0.84    -0.90898   0.0021419
         589       -0.84   -0.908862  0.00214147
         590       -0.84   -0.908746  0.00214102
         591       -0.84   -0.908629  0.00214055
         592       -0.84   -0.908514  0.00214007
         593       -0.84   -0.908398  0.00213958
         594       -0.84   -0.908283  0.00213907
         595       -0.84   -0.908168  0.00213855
         596       -0.84   -0.908054  0.00213802
         597       -0.84    -0.90794  0.00213748
         598       -0.84   -0.907826  0.00213692
         599       -0.92   -0.907846  0.00213345
         600       -0.92   -0.907867  0.00212999
         601       -0.92   -0.907887  0.00212654
         602       -0.92   -0.907907   0.0021231
         603       -0.92   -0.907927  0.00211968
         604       -0.92   -0.907947  0.00211626
         605       -0.92   -0.907967  0.00211286
         606       -0.92   -0.907987  0.00210947
         607       -0.92   -0.908007  0.00210608
         608       -0.92   -0.908026  0.00210271
         609       -0.92   -0.908046  0.00209935
         610       -0.92   -0.908066    0.002096
         611       -0.92   -0.908085  0.00209266
         612       -0.92   -0.908105  0.00208933
         613       -0.92   -0.908124  0.00208601
         614       -0.92   -0.908143  0.00208271
         615       -0.92   -0.908163  0.00207941
         616       -0.92   -0.908182  0.00207612
         617       -0.92   -0.908201  0.00207285
         618       -0.92    -0.90822  0.00206958
         619       -0.92   -0.908239  0.00206632
         620       -0.92   -0.908258  0.00206308
         621       -0.92   -0.908277  0.00205984
         622       -0.92   -0.908296  0.00205662
         623       -0.92   -0.908315   0.0020534
         624       -0.92   -0.908333   0.0020502
         625       -0.92   -0.908352    0.002047
         626       -0.92   -0.908371  0.00204382
         627       -0.92   -0.908389  0.00204064
         628       -0.92   -0.908408  0.00203747
         629       -0.92   -0.908426  0.00203432
         630       -0.92   -0.908444  0.00203117
         631       -0.92   -0.908463  0.00202804
         632       -0.92   -0.908481  0.00202491
         633       -0.92   -0.908499  0.00202179
         634       -0.92   -0.908517  0.00201868
         635       -0.92   -0.908535  0.00201559
         636       -0.92   -0.908553   0.0020125
         637       -0.92   -0.908571  0.00200942
         638       -0.92   -0.908589  0.00200635
         639       -0.92   -0.908607  0.00200329
         640       -0.92   -0.908625  0.00200024
         641       -0.92   -0.908643   0.0019972
         642       -0.92    -0.90866  0.00199416
         643       -0.92   -0.908678  0.00199114
         644       -0.92   -0.908696  0.00198813
         645       -0.92   -0.908713  0.00198512
         646       -0.92   -0.908731  0.00198212
         647       -0.92   -0.908748  0.00197914
         648       -0.92   -0.908765  0.00197616
         649       -0.92   -0.908783  0.00197319
         650       -0.92     -0.9088  0.00197023
         651       -0.92   -0.908817  0.00196728
         652       -0.92   -0.908834  0.00196434
         653       -0.92   -0.908851   0.0019614
         654       -0.92   -0.908869  0.00195848
         655       -0.92   -0.908885  0.00195556
         656       -0.92   -0.908902  0.00195265
         657       -0.92   -0.908919  0.00194975
         658       -0.92   -0.908936  0.00194686
         659       -0.92   -0.908953  0.00194398
         660       -0.92    -0.90897  0.00194111
         661       -0.84   -0.908865  0.00194097
         662       -0.84   -0.908761  0.00194083
         663       -0.84   -0.908658  0.00194067
         664       -0.84   -0.908554   0.0019405
         665       -0.84   -0.908451  0.00194032
         666       -0.84   -0.908348  0.00194013
         667       -0.84   -0.908246  0.00193992
         668       -0.92   -0.908263   0.0019371
         669       -0.92   -0.908281  0.00193428
         670       -0.92   -0.908299  0.00193147
         671       -0.92   -0.908316  0.00192867
         672       -0.92   -0.908333  0.00192588
         673       -0.92   -0.908351   0.0019231
         674       -0.92   -0.908368  0.00192032
         675       -0.92   -0.908385  0.00191755
         676       -0.92   -0.908402  0.00191479
         677       -0.92   -0.908419  0.00191204
         678       -0.92   -0.908437   0.0019093
         679       -0.92   -0.908454  0.00190656
         680       -0.92   -0.908471  0.00190384
         681       -0.92   -0.908488  0.00190111
         682       -0.92   -0.908504   0.0018984
         683       -0.92   -0.908521   0.0018957
         684       -0.92   -0.908538    0.001893
         685       -0.92   -0.908555  0.00189031
         686       -0.92   -0.908571  0.00188763
         687       -0.92   -0.908588  0.00188495
         688       -0.92   -0.908605  0.00188229
         689       -0.92   -0.908621  0.00187963
         690       -0.84   -0.908522  0.00187953
         691       -0.84   -0.908423  0.00187943
         692       -0.92   -0.908439  0.00187679
         693       -0.92   -0.908456  0.00187415
         694       -0.92   -0.908473  0.00187152
         695       -0.92   -0.908489  0.00186891
         696       -0.92   -0.908506  0.00186629
         697       -0.92   -0.908522  0.00186369
         698       -0.92   -0.908539  0.00186109
         699       -0.92   -0.908555   0.0018585
         700       -0.92   -0.908571  0.00185592
         701       -0.92   -0.908588  0.00185334
         702       -0.92   -0.908604  0.00185077
         703       -0.92    -0.90862  0.00184821
         704       -0.92   -0.908636  0.00184566
         705       -0.92   -0.908652  0.00184311
         706       -0.92   -0.908669  0.00184057
         707       -0.92   -0.908685  0.00183804
         708       -0.92   -0.908701  0.00183551
         709       -0.92   -0.908717  0.00183299
         710       -0.92   -0.908732  0.00183048
         711       -0.92   -0.908748  0.00182797
         712       -0.92   -0.908764  0.00182547
         713       -0.92    -0.90878  0.00182298
         714       -0.92   -0.908796  0.00182049
         715       -0.92   -0.908811  0.00181801
         716       -0.92   -0.908827  0.00181554
         717       -0.92   -0.908842  0.00181308
         718       -0.92   -0.908858  0.00181062
         719       -0.92   -0.908873  0.00180817
         720       -0.92   -0.908889  0.00180572
         721       -0.92   -0.908904  0.00180328
         722       -0.92    -0.90892  0.00180085
         723       -0.92   -0.908935  0.00179843
         724       -0.92    -0.90895  0.00179601
         725       -0.92   -0.908966  0.00179359
         726       -0.92   -0.908981  0.00179119
         727       -0.92   -0.908996  0.00178879
         728       -0.84   -0.908901  0.00178884
         729       -0.84   -0.908807  0.00178888
         730       -0.84   -0.908712  0.00178891
         731       -0.84   -0.908618  0.00178893
         732       -0.84   -0.908525  0.00178894
         733       -0.84   -0.908431  0.00178894
         734       -0.84   -0.908338  0.00178893
         735       -0.84   -0.908245  0.00178891
         736       -0.84   -0.908152  0.00178889
         737       -0.84    -0.90806  0.00178885
         738       -0.84   -0.907967   0.0017888
         739       -0.84   -0.907876  0.00178874
         740       -0.84   -0.907784  0.00178867
         741       -0.84   -0.907692   0.0017886
         742       -0.84   -0.907601  0.00178851
         743       -0.84    -0.90751  0.00178842
         744       -0.84   -0.907419  0.00178831
         745       -0.84   -0.907329   0.0017882
         746       -0.84   -0.907239  0.00178808
         747       -0.84   -0.907149  0.00178795
         748       -0.84   -0.907059  0.00178781
         749       -0.84   -0.906969  0.00178767
         750       -0.84    -0.90688  0.00178751
         751       -0.84   -0.906791  0.00178735
         752       -0.84   -0.906702  0.00178718
         753       -0.84   -0.906614    0.001787
         754       -0.84   -0.906525  0.00178681
         755       -0.84   -0.906437  0.00178661
         756       -0.84   -0.906349  0.00178641
         757       -0.84   -0.906262   0.0017862
         758       -0.84   -0.906174  0.00178598
         759       -0.84   -0.906087  0.00178576
         760       -0.84      -0.906  0.00178552
         761       -0.84   -0.905913  0.00178528
         762       -0.84   -0.905827  0.00178503
         763       -0.84    -0.90574  0.00178478
         764       -0.84   -0.905654  0.00178451
         765       -0.84   -0.905569  0.00178424
         766       -0.76   -0.905379  0.00179201
         767       -0.84   -0.905293   0.0017917
         768       -0.84   -0.905208  0.00179138
         769       -0.84   -0.905124  0.00179105
         770       -0.84   -0.905039  0.00179072
         771       -0.84   -0.904955  0.00179039
         772       -0.84    -0.90487  0.00179004
         773       -0.84   -0.904787  0.00178969
         774       -0.84   -0.904703  0.00178934
         775       -0.84   -0.904619  0.00178898
         776       -0.84   -0.904536  0.00178861
         777       -0.84   -0.904453  0.00178823
         778       -0.84    -0.90437  0.00178785
         779       -0.84   -0.904288  0.00178747
         780       -0.84   -0.904205  0.00178707
         781       -0.84   -0.904123  0.00178668
         782       -0.92   -0.904143  0.00178451
         783       -0.92   -0.904163  0.00178234
         784       -0.92   -0.904184  0.00178018
         785       -0.92   -0.904204  0.00177803
         786       -0.92   -0.904224  0.00177588
         787       -0.92   -0.904244  0.00177374
         788       -0.92   -0.904264   0.0017716
         789       -0.84   -0.904183  0.00177123
         790       -0.84   -0.904101  0.00177085
         791       -0.92   -0.904121  0.00176872
         792       -0.92   -0.904141   0.0017666
         793       -0.92   -0.904161  0.00176449
         794       -0.92   -0.904181  0.00176238
         795       -0.92   -0.904201  0.00176027
         796       -0.92   -0.904221  0.00175817
         797       -0.92   -0.904241  0.00175608
         798       -0.92   -0.904261  0.00175399
         799       -0.92    -0.90428   0.0017519
         800       -0.92     -0.9043  0.00174982
         801       -0.92    -0.90432  0.00174775
         802       -0.92   -0.904339  0.00174568
         803       -0.92   -0.904359  0.00174362
         804       -0.92   -0.904378  0.00174156
         805       -0.92   -0.904398   0.0017395
         806       -0.92   -0.904417  0.00173745
         807       -0.92   -0.904436   0.0017354
         808       -0.92   -0.904455  0.00173336
         809       -0.92   -0.904475  0.00173133
         810       -0.92   -0.904494   0.0017293
         811       -0.92   -0.904513  0.00172727
         812       -0.92   -0.904532  0.00172525
         813       -0.92   -0.904551  0.00172323
         814       -0.92    -0.90457  0.00172122
         815       -0.92   -0.904589  0.00171921
         816       -0.92   -0.904608  0.00171721
         817       -0.92   -0.904627  0.00171521
         818       -0.92   -0.904645  0.00171321
         819       -0.92   -0.904664  0.00171122
         820       -0.92   -0.904683  0.00170924
         821       -0.92   -0.904702  0.00170726
         822       -0.92    -0.90472  0.00170528
         823       -0.92   -0.904739  0.00170331
         824       -0.92   -0.904757  0.00170135
         825       -0.92   -0.904776  0.00169939
         826       -0.92   -0.904794  0.00169743
         827       -0.92   -0.904813  0.00169547
         828       -0.92   -0.904831  0.00169353
         829       -0.92   -0.904849  0.00169158
         830       -0.92   -0.904867  0.00168964
         831       -0.92   -0.904886  0.00168771
         832       -0.92   -0.904904  0.00168578
         833       -0.92   -0.904922  0.00168385
         834       -0.92    -0.90494  0.00168193
         835       -0.92   -0.904958  0.00168001
         836       -0.92   -0.904976   0.0016781
         837       -0.92   -0.904994  0.00167619
         838       -0.92   -0.905012  0.00167428
         839       -0.92    -0.90503  0.00167238
         840       -0.92   -0.905048  0.00167049
         841       -0.92   -0.905065   0.0016686
         842       -0.92   -0.905083  0.00166671
         843       -0.92   -0.905101  0.00166483
         844       -0.92   -0.905118  0.00166295
         845       -0.92   -0.905136  0.00166107
         846       -0.92   -0.905154   0.0016592
         847       -0.92   -0.905171  0.00165734
         848       -0.92   -0.905189  0.00165547
         849       -0.92   -0.905206  0.00165361
         850       -0.92   -0.905224  0.00165176
         851       -0.92   -0.905241  0.00164991
         852       -0.92   -0.905258  0.00164807
         853       -0.92   -0.905275  0.00164622
         854       -0.92   -0.905293  0.00164439
         855       -0.92    -0.90531  0.00164255
         856       -0.92   -0.905327  0.00164072
         857       -0.92   -0.905344   0.0016389
         858       -0.92   -0.905361  0.00163708
         859       -0.92   -0.905378  0.00163526
         860       -0.92   -0.905395  0.00163345
         861       -0.92   -0.905412  0.00163164
         862       -0.92   -0.905429  0.00162983
         863       -0.92   -0.905446  0.00162803
         864       -0.92   -0.905463  0.00162624
         865       -0.92    -0.90548  0.00162444
         866       -0.92   -0.905497  0.00162265
         867       -0.92   -0.905513  0.00162087
         868       -0.92    -0.90553  0.00161909
         869       -0.92   -0.905547  0.00161731
         870       -0.92   -0.905563  0.00161554
         871       -0.92    -0.90558  0.00161377
         872       -0.92   -0.905596    0.001612
         873       -0.92   -0.905613  0.00161024
         874       -0.92   -0.905629  0.00160848
         875       -0.92   -0.905646  0.00160672
         876       -0.92   -0.905662  0.00160497
         877       -0.92   -0.905678  0.00160323
         878       -0.92   -0.905695  0.00160148
         879       -0.92   -0.905711  0.00159975
         880       -0.92   -0.905727  0.00159801
         881       -0.92   -0.905743  0.00159628
         882       -0.92    -0.90576  0.00159455
         883       -0.92   -0.905776  0.00159283
         884       -0.92   -0.905792   0.0015911
         885       -0.92   -0.905808  0.00158939
         886       -0.92   -0.905824  0.00158767
         887       -0.92    -0.90584  0.00158597
         888       -0.92   -0.905856  0.00158426
         889       -0.92   -0.905872  0.00158256
         890       -0.92   -0.905888  0.00158086
         891       -0.92   -0.905903  0.00157916
         892       -0.92   -0.905919  0.00157747
         893       -0.92   -0.905935  0.00157578
         894       -0.92   -0.905951   0.0015741
         895       -0.92   -0.905966  0.00157242
         896       -0.92   -0.905982  0.00157074
         897       -0.92   -0.905998  0.00156907
         898       -0.92   -0.906013   0.0015674
         899       -0.92   -0.906029  0.00156573
         900       -0.92   -0.906044  0.00156407
         901       -0.92    -0.90606  0.00156241
         902       -0.92   -0.906075  0.00156076
         903       -0.92   -0.906091   0.0015591
         904       -0.92   -0.906106  0.00155746
         905       -0.92   -0.906122  0.00155581
         906       -0.92   -0.906137  0.00155417
         907       -0.92   -0.906152  0.00155253
         908       -0.92   -0.906167  0.00155089
         909       -0.92   -0.906183  0.00154926
         910       -0.92   -0.906198  0.00154764
         911       -0.92   -0.906213  0.00154601
         912       -0.92   -0.906228  0.00154439
         913       -0.92   -0.906243  0.00154277
         914       -0.92   -0.906258  0.00154116
         915       -0.92   -0.906273  0.00153955
         916       -0.92   -0.906288  0.00153794
         917       -0.92   -0.906303  0.00153633
         918       -0.92   -0.906318  0.00153473
         919       -0.92   -0.906333  0.00153313
         920       -0.92   -0.906348  0.00153154
         921       -0.92   -0.906363  0.00152995
         922       -0.92   -0.906377  0.00152836
         923       -0.92   -0.906392  0.00152678
         924       -0.92   -0.906407   0.0015252
         925       -0.92   -0.906422  0.00152362
         926       -0.92   -0.906436  0.00152204
         927       -0.92   -0.906451  0.00152047
         928       -0.92   -0.906466   0.0015189
         929       -0.92    -0.90648  0.00151734
         930       -0.92   -0.906495  0.00151578
         931       -0.92   -0.906509  0.00151422
         932       -0.92   -0.906524  0.00151266
         933       -0.92   -0.906538  0.00151111
         934       -0.92   -0.906552  0.00150956
         935       -0.92   -0.906567  0.00150801
         936       -0.92   -0.906581  0.00150647
         937       -0.92   -0.906596  0.00150493
         938       -0.92    -0.90661  0.00150339
         939       -0.92   -0.906624  0.00150186
         940       -0.92   -0.906638  0.00150033
         941       -0.92   -0.906652   0.0014988
         942       -0.92   -0.906667  0.00149728
         943       -0.92   -0.906681  0.00149576
         944       -0.92   -0.906695  0.00149424
         945       -0.92   -0.906709  0.00149273
         946       -0.92   -0.906723  0.00149121
         947       -0.92   -0.906737  0.00148971
         948       -0.92   -0.906751   0.0014882
         949       -0.92   -0.906765   0.0014867
         950       -0.92   -0.906779   0.0014852
         951       -0.92   -0.906793   0.0014837
         952       -0.92   -0.906807  0.00148221
         953       -0.92   -0.906821  0.00148072
         954       -0.92   -0.906834  0.00147923
         955       -0.92   -0.906848  0.00147774
         956       -0.92   -0.906862  0.00147626
         957       -0.92   -0.906876  0.00147478
         958       -0.92   -0.906889  0.00147331
         959       -0.92   -0.906903  0.00147183
         960       -0.92   -0.906917  0.00147036
         961       -0.92    -0.90693   0.0014689
         962       -0.92   -0.906944  0.00146743
         963       -0.92   -0.906957  0.00146597
         964       -0.92   -0.906971  0.00146451
         965       -0.92   -0.906984  0.00146306
         966       -0.92   -0.906998  0.00146161
         967       -0.92   -0.907011  0.00146016
         968       -0.92   -0.907025  0.00145871
         969       -0.92   -0.907038  0.00145727
         970       -0.92   -0.907052  0.00145582
         971       -0.92   -0.907065  0.00145439
         972       -0.92   -0.907078  0.00145295
         973       -0.92   -0.907091  0.00145152
         974       -0.92   -0.907105  0.00145009
         975       -0.92   -0.907118  0.00144866
         976       -0.92   -0.907131  0.00144724
         977       -0.92   -0.907144  0.00144582
         978       -0.92   -0.907157   0.0014444
         979       -0.92   -0.907171  0.00144298
         980       -0.92   -0.907184  0.00144157
         981       -0.92   -0.907197  0.00144016
         982       -0.92    -0.90721  0.00143875
         983       -0.92   -0.907223  0.00143735
         984       -0.92   -0.907236  0.00143594
         985       -0.92   -0.907249  0.00143454
         986       -0.92   -0.907262  0.00143315
         987       -0.92   -0.907275  0.00143175
         988       -0.92   -0.907287  0.00143036
         989       -0.84   -0.907219  0.00143053
         990       -0.84   -0.907152   0.0014307
         991       -0.84   -0.907084  0.00143086
         992       -0.84   -0.907016  0.00143101
         993       -0.84   -0.906949  0.00143116
         994       -0.84   -0.906881  0.00143131
         995       -0.84   -0.906814  0.00143145
         996       -0.92   -0.906827  0.00143007
         997       -0.92   -0.906841   0.0014287
         998       -0.92   -0.906854  0.00142733
         999       -0.92   -0.906867  0.00142596
        1000       -0.92    -0.90688  0.00142459
        1001       -0.92   -0.906893  0.00142323
        1002       -0.92   -0.906906  0.00142187
        1003       -0.92   -0.906919  0.00142051
        1004       -0.92   -0.906932  0.00141916
        1005       -0.92   -0.906945   0.0014178
        1006       -0.92   -0.906958  0.00141645
        1007       -0.92   -0.906971  0.00141511
        1008       -0.92   -0.906984  0.00141376
        1009       -0.92   -0.906997  0.00141242
        1010       -0.92    -0.90701  0.00141108
        1011       -0.92   -0.907023  0.00140974
        1012       -0.92   -0.907036  0.00140841
        1013       -0.92   -0.907048  0.00140708
        1014       -0.92   -0.907061  0.00140575
        1015       -0.92   -0.907074  0.00140442
        1016       -0.92   -0.907087  0.00140309
        1017       -0.92   -0.907099  0.00140177
        1018       -0.92   -0.907112  0.00140045
        1019       -0.92   -0.907125  0.00139914
        1020       -0.92   -0.907137  0.00139782
        1021       -0.92    -0.90715  0.00139651
        1022       -0.92   -0.907162   0.0013952
        1023       -0.92   -0.907175  0.00139389
        1024       -0.92   -0.907187  0.00139259
        1025       -0.92     -0.9072  0.00139128
        1026       -0.92   -0.907212  0.00138998
        1027       -0.92   -0.907225  0.00138869
        1028       -0.92   -0.907237  0.00138739
        1029       -0.92    -0.90725   0.0013861
        1030       -0.92   -0.907262  0.00138481
        1031       -0.92   -0.907274  0.00138352
        1032       -0.92   -0.907287  0.00138223
        1033       -0.92   -0.907299  0.00138095
        1034       -0.92   -0.907311  0.00137967
        1035       -0.92   -0.907324  0.00137839
        1036       -0.92   -0.907336  0.00137711
        1037       -0.92   -0.907348  0.00137584
        1038       -0.92    -0.90736  0.00137457
        1039       -0.92   -0.907372   0.0013733
        1040       -0.92   -0.907385  0.00137203
        1041       -0.92   -0.907397  0.00137077
        1042       -0.92   -0.907409  0.00136951
        1043       -0.92   -0.907421  0.00136825
        1044       -0.92   -0.907433  0.00136699
        1045       -0.92   -0.907445  0.00136573
        1046       -0.92   -0.907457  0.00136448
        1047       -0.92   -0.907469  0.00136323
        1048       -0.92   -0.907481  0.00136198
        1049       -0.92   -0.907493  0.00136074
        1050       -0.92   -0.907505  0.00135949
        1051       -0.92   -0.907517  0.00135825
        1052       -0.92   -0.907529  0.00135701
        1053       -0.92    -0.90754  0.00135577
        1054       -0.92   -0.907552  0.00135454
        1055       -0.92   -0.907564  0.00135331
        1056       -0.92   -0.907576  0.00135208
        1057       -0.92   -0.907588  0.00135085
        1058       -0.92   -0.907599  0.00134962
        1059       -0.92   -0.907611   0.0013484
        1060       -0.92   -0.907623  0.00134718
        1061       -0.92   -0.907634  0.00134596
        1062       -0.92   -0.907646  0.00134474
        1063       -0.92   -0.907658  0.00134353
        1064       -0.92   -0.907669  0.00134231
        1065       -0.92   -0.907681   0.0013411
        1066       -0.92   -0.907692   0.0013399
        1067       -0.92   -0.907704  0.00133869
        1068       -0.92   -0.907715  0.00133749
        1069       -0.92   -0.907727  0.00133628
        1070       -0.92   -0.907738  0.00133508
        1071       -0.92    -0.90775  0.00133389
        1072       -0.92   -0.907761  0.00133269
        1073       -0.92   -0.907773   0.0013315
        1074       -0.92   -0.907784  0.00133031
        1075       -0.92   -0.907795  0.00132912
        1076       -0.92   -0.907807  0.00132793
        1077       -0.92   -0.907818  0.00132675
        1078       -0.92   -0.907829  0.00132556
        1079       -0.92   -0.907841  0.00132438
        1080       -0.92   -0.907852   0.0013232
        1081       -0.92   -0.907863  0.00132203
        1082       -0.92   -0.907874  0.00132085
        1083       -0.92   -0.907886  0.00131968
        1084       -0.92   -0.907897  0.00131851
        1085       -0.92   -0.907908  0.00131734
        1086       -0.92   -0.907919  0.00131618
        1087       -0.92    -0.90793  0.00131501
        1088       -0.92   -0.907941  0.00131385
        1089       -0.92   -0.907952  0.00131269
        1090       -0.92   -0.907963  0.00131153
        1091       -0.92   -0.907974  0.00131038
        1092       -0.92   -0.907985  0.00130923
        1093       -0.92   -0.907996  0.00130807
        1094       -0.92   -0.908007  0.00130692
        1095       -0.92   -0.908018  0.00130578
        1096       -0.92   -0.908029  0.00130463
        1097       -0.92    -0.90804  0.00130349
        1098       -0.92   -0.908051  0.00130235
        1099       -0.92   -0.908062  0.00130121
        1100       -0.92   -0.908073  0.00130007
        1101       -0.92   -0.908084  0.00129893
        1102       -0.92   -0.908094   0.0012978
        1103       -0.92   -0.908105  0.00129667
        1104          -1   -0.908188  0.00129816
        1105          -1   -0.908271  0.00129964
        1106          -1   -0.908354  0.00130111
        1107          -1   -0.908437  0.00130257
        1108          -1    -0.90852  0.00130401
        1109          -1   -0.908602  0.00130544
        1110          -1   -0.908685  0.00130686
        1111          -1   -0.908767  0.00130826
        1112          -1   -0.908849  0.00130966
        1113          -1   -0.908931  0.00131104
        1114          -1   -0.909013  0.00131241
        1115          -1   -0.909094  0.00131377
        1116          -1   -0.909176  0.00131511
        1117          -1   -0.909257  0.00131645
        1118          -1   -0.909338  0.00131777
        1119          -1   -0.909419  0.00131908
        1120          -1     -0.9095  0.00132038
        1121          -1   -0.909581  0.00132167
        1122          -1   -0.909661  0.00132294
        1123          -1   -0.909742  0.00132421
        1124          -1   -0.909822  0.00132546
        1125          -1   -0.909902  0.00132671
        1126       -0.92   -0.909911  0.00132556
        1127       -0.92    -0.90992  0.00132441
        1128       -0.92   -0.909929  0.00132327
        1129       -0.92   -0.909938  0.00132213
        1130       -0.92   -0.909947  0.00132099
        1131       -0.92   -0.909956  0.00131985
        1132       -0.92   -0.909965  0.00131871
        1133       -0.92   -0.909974  0.00131758
        1134       -0.92   -0.909982  0.00131645
        1135       -0.92   -0.909991  0.00131532
        1136       -0.92       -0.91  0.00131419
        1137       -0.92   -0.910009  0.00131306
        1138       -0.92   -0.910018  0.00131194
        1139          -1   -0.910097  0.00131316
        1140          -1   -0.910175  0.00131437
        1141          -1   -0.910254  0.00131558
        1142          -1   -0.910333  0.00131677
        1143          -1   -0.910411  0.00131795
        1144          -1    -0.91049  0.00131913
        1145          -1   -0.910568  0.00132029
        1146          -1   -0.910646  0.00132144
        1147          -1   -0.910724  0.00132258
        1148          -1   -0.910801  0.00132372
        1149          -1   -0.910879  0.00132484
        1150          -1   -0.910957  0.00132595
        1151          -1   -0.911034  0.00132705
        1152          -1   -0.911111  0.00132815
        1153          -1   -0.911188  0.00132923
        1154          -1   -0.911265   0.0013303
        1155          -1   -0.911342  0.00133137
        1156          -1   -0.911419  0.00133243
        1157          -1   -0.911495  0.00133347
        1158          -1   -0.911572  0.00133451
        1159          -1   -0.911648  0.00133554
        1160          -1   -0.911724  0.00133655
        1161          -1     -0.9118  0.00133756
        1162          -1   -0.911876  0.00133857
        1163          -1   -0.911952  0.00133956
        1164          -1   -0.912027  0.00134054
        1165          -1   -0.912103  0.00134152
        1166          -1   -0.912178  0.00134248
        1167          -1   -0.912254  0.00134344
        1168          -1   -0.912329  0.00134439
        1169          -1   -0.912404  0.00134533
        1170          -1   -0.912479  0.00134626
        1171          -1   -0.912553  0.00134718
        1172          -1   -0.912628   0.0013481
        1173          -1   -0.912702    0.001349
        1174          -1   -0.912777   0.0013499
        1175          -1   -0.912851  0.00135079
        1176          -1   -0.912925  0.00135168
        1177          -1   -0.912999  0.00135255
        1178          -1   -0.913073  0.00135342
        1179          -1   -0.913147  0.00135428
        1180          -1    -0.91322  0.00135513
        1181          -1   -0.913294  0.00135597
        1182          -1   -0.913367  0.00135681
        1183          -1    -0.91344  0.00135763
        1184          -1   -0.913514  0.00135845
        1185          -1   -0.913586  0.00135927
        1186          -1   -0.913659  0.00136007
        1187          -1   -0.913732  0.00136087
        1188          -1   -0.913805  0.00136166
        1189          -1   -0.913877  0.00136244
        1190          -1    -0.91395  0.00136322
        1191          -1   -0.914022  0.00136399
        1192          -1   -0.914094  0.00136475
        1193          -1   -0.914166   0.0013655
        1194          -1   -0.914238  0.00136625
        1195          -1    -0.91431  0.00136699
        1196          -1   -0.914381  0.00136773
        1197          -1   -0.914453  0.00136845
        1198          -1   -0.914524  0.00136917
        1199          -1   -0.914595  0.00136988
        1200          -1   -0.914667  0.00137059
        1201          -1   -0.914738  0.00137129
        1202          -1   -0.914809  0.00137198
        1203          -1   -0.914879  0.00137267
        1204          -1    -0.91495  0.00137335
        1205          -1   -0.915021  0.00137402
        1206          -1   -0.915091  0.00137469
        1207          -1   -0.915162  0.00137535
        1208          -1   -0.915232    0.001376
        1209          -1   -0.915302  0.00137665
        1210          -1   -0.915372  0.00137729
        1211          -1   -0.915442  0.00137792
        1212          -1   -0.915512  0.00137855
        1213          -1   -0.915581  0.00137917
        1214          -1   -0.915651  0.00137979
        1215          -1    -0.91572   0.0013804
        1216          -1   -0.915789    0.001381
        1217          -1   -0.915859   0.0013816
        1218          -1   -0.915928  0.00138219
        1219          -1   -0.915997  0.00138278
        1220          -1   -0.916066  0.00138336
        1221          -1   -0.916134  0.00138393
        1222          -1   -0.916203   0.0013845
        1223          -1   -0.916271  0.00138506
        1224          -1    -0.91634  0.00138562
        1225          -1   -0.916408  0.00138617
        1226          -1   -0.916476  0.00138671
        1227          -1   -0.916544  0.00138725
        1228          -1   -0.916612  0.00138779
        1229          -1    -0.91668  0.00138832
        1230          -1   -0.916748  0.00138884
        1231          -1   -0.916816  0.00138936
        1232          -1   -0.916883  0.00138987
        1233          -1   -0.916951  0.00139037
        1234          -1   -0.917018  0.00139088
        1235          -1   -0.917085  0.00139137
        1236          -1   -0.917152  0.00139186
        1237          -1   -0.917219  0.00139235
        1238          -1   -0.917286  0.00139283
        1239          -1   -0.917353   0.0013933
        1240          -1   -0.917419  0.00139377
        1241          -1   -0.917486  0.00139424
        1242          -1   -0.917552   0.0013947
        1243          -1   -0.917619  0.00139515
        1244          -1   -0.917685   0.0013956
        1245          -1   -0.917751  0.00139604
        1246          -1   -0.917817  0.00139648
        1247          -1   -0.917883  0.00139692
        1248          -1   -0.917949  0.00139735
        1249          -1   -0.918014  0.00139777
        1250          -1    -0.91808  0.00139819
        1251          -1   -0.918145  0.00139861
        1252          -1   -0.918211  0.00139902
        1253          -1   -0.918276  0.00139942
        1254          -1   -0.918341  0.00139982
        1255          -1   -0.918406  0.00140022
        1256          -1   -0.918471  0.00140061
        1257          -1   -0.918536    0.001401
        1258          -1   -0.918601  0.00140138
        1259          -1   -0.918666  0.00140176
        1260          -1    -0.91873  0.00140213
        1261          -1   -0.918795   0.0014025
        1262          -1   -0.918859  0.00140286
        1263          -1   -0.918923  0.00140322
        1264          -1   -0.918987  0.00140358
        1265          -1   -0.919051  0.00140393
        1266          -1   -0.919115  0.00140427
        1267          -1   -0.919179  0.00140462
        1268          -1   -0.919243  0.00140495
        1269          -1   -0.919307  0.00140529
        1270          -1    -0.91937  0.00140562
        1271          -1   -0.919434  0.00140594
        1272          -1   -0.919497  0.00140626
        1273          -1    -0.91956  0.00140658
        1274          -1   -0.919623  0.00140689
        1275          -1   -0.919686   0.0014072
        1276          -1   -0.919749   0.0014075
        1277          -1   -0.919812   0.0014078
        1278          -1   -0.919875   0.0014081
        1279          -1   -0.919937  0.00140839
        1280          -1       -0.92  0.00140868
        1281          -1   -0.920062  0.00140896
        1282          -1   -0.920125  0.00140924
        1283          -1   -0.920187  0.00140952
        1284          -1   -0.920249  0.00140979
        1285          -1   -0.920311  0.00141006
        1286          -1   -0.920373  0.00141032
        1287          -1   -0.920435  0.00141058
        1288          -1   -0.920497  0.00141084
        1289          -1   -0.920559  0.00141109
        1290          -1    -0.92062  0.00141134
        1291          -1   -0.920682  0.00141159
        1292          -1   -0.920743  0.00141183
        1293          -1   -0.920804  0.00141207
        1294          -1   -0.920866   0.0014123
        1295          -1   -0.920927  0.00141253
        1296          -1   -0.920988  0.00141276
        1297          -1   -0.921049  0.00141298
        1298          -1   -0.921109   0.0014132
        1299          -1    -0.92117  0.00141342
        1300          -1   -0.921231  0.00141363
        1301          -1   -0.921291  0.00141384
        1302          -1   -0.921352  0.00141405
        1303          -1   -0.921412  0.00141425
        1304          -1   -0.921472  0.00141445
        1305          -1   -0.921533  0.00141465
        1306          -1   -0.921593  0.00141484
        1307          -1   -0.921653  0.00141503
        1308          -1   -0.921713  0.00141521
        1309          -1   -0.921772  0.00141539
        1310          -1   -0.921832  0.00141557
        1311          -1   -0.921892  0.00141575
        1312          -1   -0.921951  0.00141592
        1313          -1   -0.922011  0.00141609
        1314          -1    -0.92207  0.00141626
        1315          -1   -0.922129  0.00141642
        1316       -0.92   -0.922128  0.00141534
        1317          -1   -0.922187   0.0014155
        1318          -1   -0.922246  0.00141566
        1319          -1   -0.922305  0.00141581
        1320          -1   -0.922364  0.00141596
        1321          -1   -0.922422  0.00141611
        1322          -1   -0.922481  0.00141625
        1323          -1    -0.92254   0.0014164
        1324          -1   -0.922598  0.00141653
        1325          -1   -0.922657  0.00141667
        1326          -1   -0.922715   0.0014168
        1327          -1   -0.922773  0.00141693
        1328          -1   -0.922831  0.00141705
        1329          -1   -0.922889  0.00141718
        1330          -1   -0.922947   0.0014173
        1331          -1   -0.923005  0.00141741
        1332          -1   -0.923063  0.00141753
        1333          -1   -0.923121  0.00141764
        1334          -1   -0.923178  0.00141775
        1335          -1   -0.923236  0.00141785
        1336          -1   -0.923293  0.00141796
        1337          -1   -0.923351  0.00141806
        1338          -1   -0.923408  0.00141815
        1339          -1   -0.923465  0.00141825
        1340          -1   -0.923522  0.00141834
        1341          -1   -0.923579  0.00141843
        1342          -1   -0.923636  0.00141851
        1343          -1   -0.923693  0.00141859
        1344          -1    -0.92375  0.00141867
        1345          -1   -0.923807  0.00141875
        1346          -1   -0.923863  0.00141883
        1347       -0.92    -0.92386  0.00141778
        1348       -0.92   -0.923858  0.00141673
        1349       -0.84   -0.923795  0.00141704
        1350       -0.84   -0.923733  0.00141735
        1351       -0.84   -0.923671  0.00141766
        1352       -0.84   -0.923609  0.00141796
        1353       -0.84   -0.923548  0.00141825
        1354       -0.92   -0.923545  0.00141721
        1355       -0.92   -0.923542  0.00141617
        1356       -0.92    -0.92354  0.00141512
        1357       -0.92   -0.923537  0.00141408
        1358       -0.92   -0.923535  0.00141304
        1359          -1   -0.923591  0.00141312
        1360          -1   -0.923647   0.0014132
        1361          -1   -0.923703  0.00141328
        1362          -1   -0.923759  0.00141335
        1363          -1   -0.923815  0.00141342
        1364          -1   -0.923871  0.00141349
        1365          -1   -0.923927  0.00141355
        1366          -1   -0.923982  0.00141361
        1367          -1   -0.924038  0.00141367
        1368          -1   -0.924094  0.00141373
        1369          -1   -0.924149  0.00141378
        1370          -1   -0.924204  0.00141383
        1371          -1    -0.92426  0.00141388
        1372          -1   -0.924315  0.00141393
        1373          -1    -0.92437  0.00141397
        1374          -1   -0.924425  0.00141402
        1375          -1    -0.92448  0.00141406
        1376          -1   -0.924535  0.00141409
        1377          -1    -0.92459  0.00141413
        1378          -1   -0.924644  0.00141416
        1379          -1   -0.924699  0.00141419
        1380          -1   -0.924754  0.00141422
        1381          -1   -0.924808  0.00141424
        1382          -1   -0.924863  0.00141426
        1383          -1   -0.924917  0.00141429
        1384          -1   -0.924971   0.0014143
        1385          -1   -0.925025  0.00141432
        1386          -1   -0.925079  0.00141433
        1387          -1   -0.925133  0.00141434
        1388          -1   -0.925187  0.00141435
        1389          -1   -0.925241  0.00141436
        1390          -1   -0.925295  0.00141437
        1391          -1   -0.925349  0.00141437
        1392          -1   -0.925402  0.00141437
        1393          -1   -0.925456  0.00141437
        1394          -1   -0.925509  0.00141436
        1395          -1   -0.925563  0.00141436
        1396          -1   -0.925616  0.00141435
        1397          -1   -0.925669  0.00141434
        1398          -1   -0.925722  0.00141432
        1399          -1   -0.925776  0.00141431
        1400          -1   -0.925829  0.00141429
        1401          -1   -0.925882  0.00141427
        1402       -0.92   -0.925877  0.00141327
        1403          -1    -0.92593  0.00141325
        1404          -1   -0.925983  0.00141323
        1405          -1   -0.926036   0.0014132
        1406          -1   -0.926088  0.00141318
        1407          -1   -0.926141  0.00141315
        1408          -1   -0.926193  0.00141312
        1409          -1   -0.926246  0.00141309
        1410          -1   -0.926298  0.00141305
        1411          -1    -0.92635  0.00141302
        1412          -1   -0.926402  0.00141298
        1413          -1   -0.926454  0.00141294
        1414          -1   -0.926506   0.0014129
        1415          -1   -0.926558  0.00141285
        1416          -1    -0.92661  0.00141281
        1417          -1   -0.926662  0.00141276
        1418          -1   -0.926714  0.00141271
        1419          -1   -0.926765  0.00141266
        1420          -1   -0.926817   0.0014126
        1421          -1   -0.926868  0.00141255
        1422       -0.92   -0.926864  0.00141156
        1423          -1   -0.926915   0.0014115
        1424          -1   -0.926966  0.00141145
        1425          -1   -0.927018  0.00141139
        1426          -1   -0.927069  0.00141132
        1427          -1    -0.92712  0.00141126
        1428          -1   -0.927171  0.00141119
        1429          -1   -0.927222  0.00141113
        1430          -1   -0.927273  0.00141106
        1431          -1   -0.927324  0.00141099
        1432          -1   -0.927374  0.00141091
        1433          -1   -0.927425  0.00141084
        1434          -1   -0.927476  0.00141076
        1435          -1   -0.927526  0.00141068
        1436          -1   -0.927577   0.0014106
        1437          -1   -0.927627  0.00141052
        1438          -1   -0.927677  0.00141044
        1439          -1   -0.927728  0.00141035
        1440          -1   -0.927778  0.00141027
        1441          -1   -0.927828  0.00141018
        1442          -1   -0.927878  0.00141009
        1443          -1   -0.927928     0.00141
        1444          -1   -0.927978   0.0014099
        1445          -1   -0.928028  0.00140981
        1446          -1   -0.928077  0.00140971
        1447          -1   -0.928127  0.00140961
        1448          -1   -0.928177  0.00140951
        1449          -1   -0.928226  0.00140941
        1450          -1   -0.928276  0.00140931
        1451          -1   -0.928325  0.00140921
        1452          -1   -0.928375   0.0014091
        1453          -1   -0.928424  0.00140899
        1454          -1   -0.928473  0.00140888
        1455          -1   -0.928522  0.00140877
        1456          -1   -0.928571  0.00140866
        1457          -1    -0.92862  0.00140854
        1458          -1   -0.928669  0.00140843
        1459          -1   -0.928718  0.00140831
        1460          -1   -0.928767  0.00140819
        1461          -1   -0.928816  0.00140807
        1462          -1   -0.928865  0.00140795
        1463          -1   -0.928913  0.00140783
        1464          -1   -0.928962   0.0014077
        1465          -1    -0.92901  0.00140758
        1466          -1   -0.929059  0.00140745
        1467          -1   -0.929107  0.00140732
        1468          -1   -0.929155  0.00140719
        1469          -1   -0.929204  0.00140706
        1470          -1   -0.929252  0.00140693
        1471          -1     -0.9293  0.00140679
        1472          -1   -0.929348  0.00140666
        1473          -1   -0.929396  0.00140652
        1474          -1   -0.929444  0.00140638
        1475          -1   -0.929492  0.00140624
        1476          -1   -0.929539   0.0014061
        1477          -1   -0.929587  0.00140595
        1478          -1   -0.929635  0.00140581
        1479          -1   -0.929682  0.00140566
        1480          -1    -0.92973  0.00140552
        1481          -1   -0.929777  0.00140537
        1482          -1   -0.929825  0.00140522
        1483          -1   -0.929872  0.00140507
        1484          -1   -0.929919  0.00140492
        1485          -1   -0.929966  0.00140476
        1486          -1   -0.930013  0.00140461
        1487          -1   -0.930061  0.00140445
        1488          -1   -0.930108  0.00140429
        1489          -1   -0.930154  0.00140413
        1490          -1   -0.930201  0.00140397
        1491       -0.92   -0.930195  0.00140305
        1492       -0.92   -0.930188  0.00140213
        1493       -0.92   -0.930181   0.0014012
        1494          -1   -0.930228  0.00140104
        1495          -1   -0.930274  0.00140088
        1496          -1   -0.930321  0.00140072
        1497          -1   -0.930367  0.00140056
        1498          -1   -0.930414   0.0014004
        1499          -1    -0.93046  0.00140023
        1500          -1   -0.930507  0.00140007
        1501          -1   -0.930553   0.0013999
        1502          -1   -0.930599  0.00139973
        1503          -1   -0.930645  0.00139956
        1504          -1   -0.930691  0.00139939
        1505          -1   -0.930738  0.00139922
        1506          -1   -0.930784  0.00139904
        1507          -1   -0.930829  0.00139887
        1508          -1   -0.930875  0.00139869
        1509          -1   -0.930921  0.00139852
        1510          -1   -0.930967  0.00139834
        1511          -1   -0.931013  0.00139816
        1512          -1   -0.931058  0.00139798
        1513          -1   -0.931104   0.0013978
        1514          -1   -0.931149  0.00139761
        1515          -1   -0.931195  0.00139743
        1516          -1    -0.93124  0.00139724
        1517          -1   -0.931285  0.00139706
        1518          -1   -0.931331  0.00139687
        1519          -1   -0.931376  0.00139668
        1520          -1   -0.931421  0.00139649
        1521          -1   -0.931466   0.0013963
        1522          -1   -0.931511  0.00139611
        1523          -1   -0.931556  0.00139592
        1524          -1   -0.931601  0.00139573
        1525          -1   -0.931646  0.00139553
        1526          -1   -0.931691  0.00139533
        1527          -1   -0.931735  0.00139514
        1528          -1    -0.93178  0.00139494
        1529          -1   -0.931825  0.00139474
        1530          -1   -0.931869  0.00139454
        1531          -1   -0.931914  0.00139434
        1532          -1   -0.931958  0.00139414
        1533          -1   -0.932003  0.00139394
        1534       -0.92   -0.931995  0.00139305
        1535       -0.92   -0.931987  0.00139216
        1536       -0.92   -0.931979  0.00139128
        1537       -0.92   -0.931971  0.00139039
        1538       -0.92   -0.931964  0.00138951
        1539       -0.92   -0.931956  0.00138863
        1540       -0.92   -0.931948  0.00138775
        1541       -0.92    -0.93194  0.00138687
        1542       -0.92   -0.931933  0.00138599
        1543       -0.92   -0.931925  0.00138512
        1544       -0.92   -0.931917  0.00138424
        1545       -0.92   -0.931909  0.00138337
        1546       -0.92   -0.931902  0.00138249
        1547       -0.92   -0.931894  0.00138162
        1548       -0.92   -0.931886  0.00138075
        1549       -0.92   -0.931879  0.00137988
        1550       -0.92   -0.931871  0.00137901
        1551       -0.92   -0.931863  0.00137814
        1552       -0.92   -0.931856  0.00137728
        1553       -0.92   -0.931848  0.00137641
        1554       -0.92    -0.93184  0.00137555
        1555       -0.92   -0.931833  0.00137468
        1556       -0.92   -0.931825  0.00137382
        1557       -0.92   -0.931818  0.00137296
        1558       -0.92    -0.93181   0.0013721
        1559       -0.92   -0.931802  0.00137124
        1560       -0.92   -0.931795  0.00137038
        1561       -0.92   -0.931787  0.00136953
        1562       -0.92    -0.93178  0.00136867
        1563       -0.92   -0.931772  0.00136781
        1564       -0.92   -0.931765  0.00136696
        1565       -0.92   -0.931757  0.00136611
        1566       -0.92    -0.93175  0.00136526
        1567       -0.92   -0.931742  0.00136441
        1568       -0.92   -0.931735  0.00136356
        1569       -0.92   -0.931727  0.00136271
        1570       -0.92    -0.93172  0.00136186
        1571       -0.92   -0.931712  0.00136101
        1572       -0.92   -0.931705  0.00136017
        1573       -0.92   -0.931697  0.00135932
        1574       -0.92    -0.93169  0.00135848
        1575       -0.92   -0.931683  0.00135764
        1576       -0.92   -0.931675   0.0013568
        1577       -0.92   -0.931668  0.00135596
        1578       -0.92    -0.93166  0.00135512
        1579       -0.92   -0.931653  0.00135428
        1580       -0.92   -0.931646  0.00135344
        1581       -0.92   -0.931638  0.00135261
        1582       -0.92   -0.931631  0.00135177
        1583       -0.92   -0.931623  0.00135094
        1584       -0.92   -0.931616   0.0013501
        1585       -0.92   -0.931609  0.00134927
        1586       -0.92   -0.931602  0.00134844
        1587       -0.92   -0.931594  0.00134761
        1588       -0.92   -0.931587  0.00134678
        1589       -0.92    -0.93158  0.00134596
        1590       -0.92   -0.931572  0.00134513
        1591       -0.92   -0.931565   0.0013443
        1592       -0.92   -0.931558  0.00134348
        1593       -0.92   -0.931551  0.00134265
        1594       -0.92   -0.931543  0.00134183
        1595       -0.92   -0.931536  0.00134101
        1596       -0.92   -0.931529  0.00134019
        1597       -0.92   -0.931522  0.00133937
        1598       -0.92   -0.931514  0.00133855
        1599       -0.92   -0.931507  0.00133773
        1600       -0.92     -0.9315  0.00133692
        1601       -0.92   -0.931493   0.0013361
        1602       -0.92   -0.931486  0.00133529
        1603       -0.92   -0.931478  0.00133447
        1604       -0.92   -0.931471  0.00133366
        1605       -0.92   -0.931464  0.00133285
        1606       -0.92   -0.931457  0.00133204
        1607       -0.92    -0.93145  0.00133123
        1608       -0.92   -0.931443  0.00133042
        1609       -0.92   -0.931436  0.00132961
        1610       -0.92   -0.931429   0.0013288
        1611       -0.92   -0.931421    0.001328
        1612       -0.92   -0.931414  0.00132719
        1613       -0.92   -0.931407  0.00132639
        1614       -0.92     -0.9314  0.00132559
        1615       -0.92   -0.931393  0.00132478
        1616       -0.92   -0.931386  0.00132398
        1617       -0.92   -0.931379  0.00132318
        1618       -0.92   -0.931372  0.00132238
        1619       -0.92   -0.931365  0.00132158
        1620       -0.92   -0.931358  0.00132079
        1621       -0.92   -0.931351  0.00131999
        1622       -0.92   -0.931344   0.0013192
        1623       -0.92   -0.931337   0.0013184
        1624       -0.92    -0.93133  0.00131761
        1625       -0.92   -0.931323  0.00131682
        1626       -0.92   -0.931316  0.00131602
        1627       -0.92   -0.931309  0.00131523
        1628       -0.92   -0.931302  0.00131444
        1629       -0.92   -0.931295  0.00131366
        1630       -0.92   -0.931288  0.00131287
        1631       -0.92   -0.931281  0.00131208
        1632       -0.92   -0.931275   0.0013113
        1633       -0.92   -0.931268  0.00131051
        1634       -0.92   -0.931261  0.00130973
        1635       -0.92   -0.931254  0.00130894
        1636       -0.92   -0.931247  0.00130816
        1637       -0.92    -0.93124  0.00130738
        1638       -0.92   -0.931233   0.0013066
        1639       -0.92   -0.931226  0.00130582
        1640       -0.92    -0.93122  0.00130504
        1641       -0.92   -0.931213  0.00130427
        1642       -0.92   -0.931206  0.00130349
        1643       -0.92   -0.931199  0.00130271
        1644       -0.92   -0.931192  0.00130194
        1645       -0.84   -0.931137  0.00130233
        1646       -0.84   -0.931081  0.00130271
        1647       -0.84   -0.931026   0.0013031
        1648       -0.84   -0.930971  0.00130347
        1649       -0.84   -0.930916  0.00130385
        1650       -0.84   -0.930861  0.00130422
        1651       -0.84   -0.930806   0.0013046
        1652       -0.84   -0.930751  0.00130496
        1653       -0.84   -0.930696  0.00130533
        1654       -0.84   -0.930641  0.00130569
        1655       -0.84   -0.930586  0.00130605
        1656       -0.84   -0.930531  0.00130641
        1657       -0.92   -0.930525  0.00130563
        1658       -0.92   -0.930519  0.00130486
        1659       -0.92   -0.930512  0.00130409
        1660       -0.92   -0.930506  0.00130332
        1661       -0.92     -0.9305  0.00130255
        1662       -0.92   -0.930493  0.00130178
        1663       -0.92   -0.930487  0.00130101
        1664       -0.92   -0.930481  0.00130025
        1665       -0.92   -0.930474  0.00129948
        1666       -0.92   -0.930468  0.00129872
        1667       -0.92   -0.930462  0.00129795
        1668       -0.92   -0.930456  0.00129719
        1669       -0.92   -0.930449  0.00129643
        1670       -0.92   -0.930443  0.00129567
        1671       -0.92   -0.930437  0.00129491
        1672       -0.92   -0.930431  0.00129415
        1673       -0.92   -0.930424  0.00129339
        1674       -0.92   -0.930418  0.00129263
        1675       -0.92   -0.930412  0.00129187
        1676       -0.92   -0.930406  0.00129112
        1677       -0.92     -0.9304  0.00129036
        1678       -0.92   -0.930393  0.00128961
        1679       -0.92   -0.930387  0.00128886
        1680       -0.92   -0.930381   0.0012881
        1681       -0.92   -0.930375  0.00128735
        1682       -0.92   -0.930369   0.0012866
        1683       -0.92   -0.930362  0.00128585
        1684       -0.92   -0.930356   0.0012851
        1685       -0.92    -0.93035  0.00128435
        1686       -0.92   -0.930344  0.00128361
        1687       -0.92   -0.930338  0.00128286
        1688       -0.92   -0.930332  0.00128212
        1689       -0.92   -0.930326  0.00128137
        1690       -0.92    -0.93032  0.00128063
        1691       -0.92   -0.930313  0.00127989
        1692       -0.92   -0.930307  0.00127914
        1693       -0.92   -0.930301   0.0012784
        1694       -0.92   -0.930295  0.00127766
        1695       -0.92   -0.930289  0.00127692
        1696       -0.92   -0.930283  0.00127618
        1697       -0.92   -0.930277  0.00127545
        1698       -0.92   -0.930271  0.00127471
        1699       -0.92   -0.930265  0.00127397
        1700       -0.92   -0.930259  0.00127324
        1701       -0.92   -0.930253   0.0012725
        1702       -0.92   -0.930247  0.00127177
        1703       -0.92   -0.930241  0.00127104
        1704       -0.92   -0.930235  0.00127031
        1705       -0.92   -0.930229  0.00126958
        1706       -0.92   -0.930223  0.00126885
        1707       -0.92   -0.930217  0.00126812
        1708       -0.92   -0.930211  0.00126739
        1709       -0.92   -0.930205  0.00126666
        1710       -0.92   -0.930199  0.00126593
        1711       -0.92   -0.930193  0.00126521
        1712       -0.92   -0.930187  0.00126448
        1713       -0.92   -0.930181  0.00126376
        1714       -0.92   -0.930175  0.00126304
        1715       -0.92   -0.930169  0.00126231
        1716       -0.92   -0.930163  0.00126159
        1717       -0.92   -0.930157  0.00126087
        1718       -0.92   -0.930151  0.00126015
        1719       -0.92   -0.930145  0.00125943
        1720       -0.92    -0.93014  0.00125871
        1721       -0.92   -0.930134    0.001258
        1722       -0.92   -0.930128  0.00125728
        1723       -0.92   -0.930122  0.00125656
        1724       -0.92   -0.930116  0.00125585
        1725       -0.92    -0.93011  0.00125513
        1726       -0.92   -0.930104  0.00125442
        1727       -0.92   -0.930098  0.00125371
        1728       -0.92   -0.930093    0.001253
        1729       -0.92   -0.930087  0.00125228
        1730       -0.92   -0.930081  0.00125157
        1731       -0.92   -0.930075  0.00125086
        1732       -0.92   -0.930069  0.00125016
        1733       -0.92   -0.930063  0.00124945
        1734       -0.92   -0.930058  0.00124874
        1735       -0.92   -0.930052  0.00124803
        1736       -0.92   -0.930046  0.00124733
        1737       -0.92    -0.93004  0.00124662
        1738       -0.92   -0.930035  0.00124592
        1739       -0.92   -0.930029  0.00124522
        1740       -0.92   -0.930023  0.00124451
        1741       -0.92   -0.930017  0.00124381
        1742       -0.92   -0.930011  0.00124311
        1743       -0.92   -0.930006  0.00124241
        1744       -0.92       -0.93  0.00124171
        1745       -0.92   -0.929994  0.00124102
        1746       -0.92   -0.929989  0.00124032
        1747       -0.92   -0.929983  0.00123962
        1748       -0.92   -0.929977  0.00123892
        1749       -0.92   -0.929971  0.00123823
        1750       -0.92   -0.929966  0.00123754
        1751       -0.92    -0.92996  0.00123684
        1752       -0.92   -0.929954  0.00123615
        1753       -0.92   -0.929949  0.00123546
        1754       -0.92   -0.929943  0.00123477
        1755       -0.92   -0.929937  0.00123407
        1756       -0.92   -0.929932  0.00123338
        1757       -0.92   -0.929926   0.0012327
        1758       -0.92    -0.92992  0.00123201
        1759       -0.92   -0.929915  0.00123132
        1760       -0.92   -0.929909  0.00123063
        1761       -0.92   -0.929903  0.00122995
        1762       -0.92   -0.929898  0.00122926
        1763       -0.84   -0.929847  0.00122962
        1764       -0.92   -0.929841  0.00122894
        1765       -0.92   -0.929836  0.00122825
        1766       -0.92    -0.92983  0.00122757
        1767       -0.92   -0.929825  0.00122689
        1768       -0.92   -0.929819  0.00122621
        1769       -0.92   -0.929813  0.00122553
        1770       -0.92   -0.929808  0.00122485
        1771       -0.92   -0.929802  0.00122417
        1772       -0.92   -0.929797  0.00122349
        1773       -0.92   -0.929791  0.00122281
        1774       -0.92   -0.929786  0.00122214
        1775       -0.92    -0.92978  0.00122146
        1776       -0.92   -0.929775  0.00122078
        1777       -0.92   -0.929769  0.00122011
        1778       -0.84   -0.929719  0.00122047
        1779       -0.84   -0.929668  0.00122082
        1780       -0.84   -0.929618  0.00122118
        1781       -0.84   -0.929568  0.00122153
        1782       -0.84   -0.929517  0.00122187
        1783       -0.84   -0.929467  0.00122222
        1784       -0.84   -0.929417  0.00122256
        1785       -0.84   -0.929367   0.0012229
        1786       -0.84   -0.929317  0.00122324
        1787       -0.84   -0.929267  0.00122358
        1788       -0.84   -0.929217  0.00122391
        1789       -0.84   -0.929167  0.00122424
        1790       -0.84   -0.929117  0.00122457
        1791       -0.84   -0.929068   0.0012249
        1792       -0.84   -0.929018  0.00122522
        1793       -0.84   -0.928968  0.00122555
        1794       -0.84   -0.928919  0.00122587
        1795       -0.84   -0.928869  0.00122618
        1796       -0.84    -0.92882   0.0012265
        1797       -0.84    -0.92877  0.00122681
        1798       -0.84   -0.928721  0.00122712
        1799       -0.84   -0.928671  0.00122743
        1800       -0.84   -0.928622  0.00122774
        1801       -0.84   -0.928573  0.00122804
        1802       -0.84   -0.928524  0.00122834
        1803       -0.84   -0.928475  0.00122864
        1804       -0.84   -0.928426  0.00122894
        1805       -0.84   -0.928377  0.00122924
        1806       -0.84   -0.928328  0.00122953
        1807       -0.84   -0.928279  0.00122982
        1808       -0.92   -0.928274  0.00122915
        1809       -0.92    -0.92827  0.00122848
        1810       -0.92   -0.928265  0.00122781
        1811       -0.92   -0.928261  0.00122714
        1812       -0.92   -0.928256  0.00122647
        1813       -0.92   -0.928252   0.0012258
        1814       -0.92   -0.928247  0.00122513
        1815       -0.92   -0.928242  0.00122447
        1816       -0.92   -0.928238   0.0012238
        1817       -0.92   -0.928233  0.00122314
        1818       -0.92   -0.928229  0.00122247
        1819       -0.92   -0.928224  0.00122181
        1820       -0.92    -0.92822  0.00122114
        1821       -0.92   -0.928215  0.00122048
        1822       -0.92   -0.928211  0.00121982
        1823       -0.92   -0.928206  0.00121916
        1824       -0.92   -0.928202   0.0012185
        1825       -0.92   -0.928197  0.00121784
        1826       -0.92   -0.928193  0.00121718
        1827       -0.92   -0.928188  0.00121652
        1828       -0.92   -0.928184  0.00121587
        1829       -0.92   -0.928179  0.00121521
        1830       -0.92   -0.928175  0.00121455
        1831       -0.92    -0.92817   0.0012139
        1832       -0.92   -0.928166  0.00121324
        1833       -0.92   -0.928161  0.00121259
        1834       -0.92   -0.928157  0.00121194
        1835       -0.92   -0.928153  0.00121129
        1836       -0.92   -0.928148  0.00121063
        1837       -0.92   -0.928144  0.00120998
        1838       -0.92   -0.928139  0.00120933
        1839       -0.92   -0.928135  0.00120868
        1840       -0.92    -0.92813  0.00120803
        1841       -0.92   -0.928126  0.00120739
        1842       -0.92   -0.928122  0.00120674
        1843       -0.92   -0.928117  0.00120609
        1844       -0.92   -0.928113  0.00120545
        1845       -0.92   -0.928108   0.0012048
        1846       -0.92   -0.928104  0.00120416
        1847       -0.92     -0.9281  0.00120351
        1848       -0.92   -0.928095  0.00120287
        1849       -0.92   -0.928091  0.00120223
        1850       -0.92   -0.928086  0.00120158
        1851       -0.92   -0.928082  0.00120094
        1852       -0.92   -0.928078   0.0012003
        1853       -0.92   -0.928073  0.00119966
        1854       -0.92   -0.928069  0.00119902
        1855       -0.92   -0.928065  0.00119839
        1856       -0.92    -0.92806  0.00119775
        1857       -0.92   -0.928056  0.00119711
        1858       -0.92   -0.928052  0.00119647
        1859       -0.92   -0.928047  0.00119584
        1860       -0.92   -0.928043   0.0011952
        1861       -0.92   -0.928039  0.00119457
        1862       -0.92   -0.928034  0.00119394
        1863       -0.92    -0.92803   0.0011933
        1864       -0.92   -0.928026  0.00119267
        1865       -0.92   -0.928021  0.00119204
        1866       -0.92   -0.928017  0.00119141
        1867       -0.92   -0.928013  0.00119078
        1868       -0.92   -0.928009  0.00119015
        1869       -0.92   -0.928004  0.00118952
        1870       -0.92      -0.928  0.00118889
        1871       -0.92   -0.927996  0.00118826
        1872       -0.92   -0.927991  0.00118763
        1873       -0.92   -0.927987  0.00118701
        1874       -0.92   -0.927983  0.00118638
        1875       -0.92   -0.927979  0.00118576
        1876       -0.92   -0.927974  0.00118513
        1877       -0.92    -0.92797  0.00118451
        1878       -0.92   -0.927966  0.00118389
        1879       -0.92   -0.927962  0.00118326
        1880       -0.92   -0.927957  0.00118264
        1881       -0.92   -0.927953  0.00118202
        1882       -0.92   -0.927949   0.0011814
        1883       -0.92   -0.927945  0.00118078
        1884       -0.92   -0.927941  0.00118016
        1885       -0.92   -0.927936  0.00117954
        1886       -0.92   -0.927932  0.00117892
        1887       -0.92   -0.927928  0.00117831
        1888       -0.92   -0.927924  0.00117769
        1889       -0.92    -0.92792  0.00117707
        1890       -0.92   -0.927915  0.00117646
        1891       -0.92   -0.927911  0.00117584
        1892       -0.92   -0.927907  0.00117523
        1893       -0.92   -0.927903  0.00117462
        1894       -0.92   -0.927899    0.001174
        1895       -0.92   -0.927894  0.00117339
        1896       -0.92    -0.92789  0.00117278
        1897       -0.92   -0.927886  0.00117217
        1898       -0.92   -0.927882  0.00117156
        1899       -0.92   -0.927878  0.00117095
        1900       -0.92   -0.927874  0.00117034
        1901       -0.92    -0.92787  0.00116973
        1902       -0.92   -0.927865  0.00116912
        1903       -0.92   -0.927861  0.00116852
        1904       -0.84   -0.927815  0.00116882
        1905       -0.84   -0.927769  0.00116911
        1906       -0.84   -0.927723   0.0011694
        1907       -0.84   -0.927677  0.00116969
        1908       -0.84   -0.927631  0.00116998
        1909       -0.84   -0.927585  0.00117027
        1910       -0.92   -0.927581  0.00116967
        1911       -0.92   -0.927577  0.00116906
        1912       -0.92   -0.927573  0.00116845
        1913       -0.92   -0.927569  0.00116785
        1914       -0.92   -0.927565  0.00116725
        1915       -0.92   -0.927561  0.00116664
        1916       -0.92   -0.927557  0.00116604
        1917       -0.92   -0.927553  0.00116544
        1918       -0.92    -0.92755  0.00116484
        1919       -0.92   -0.927546  0.00116424
        1920       -0.92   -0.927542  0.00116364
        1921       -0.92   -0.927538  0.00116304
        1922       -0.92   -0.927534  0.00116244
        1923       -0.92    -0.92753  0.00116184
        1924       -0.92   -0.927526  0.00116125
        1925       -0.92   -0.927522  0.00116065
        1926       -0.92   -0.927518  0.00116005
        1927       -0.92   -0.927514  0.00115946
        1928       -0.92    -0.92751  0.00115886
        1929       -0.92   -0.927506  0.00115827
        1930       -0.92   -0.927503  0.00115768
        1931       -0.92   -0.927499  0.00115708
        1932       -0.92   -0.927495  0.00115649
        1933       -0.92   -0.927491   0.0011559
        1934       -0.92   -0.927487  0.00115531
        1935       -0.92   -0.927483  0.00115472
        1936       -0.92   -0.927479  0.00115413
        1937       -0.92   -0.927475  0.00115354
        1938       -0.92   -0.927472  0.00115295
        1939       -0.92   -0.927468  0.00115236
        1940       -0.92   -0.927464  0.00115177
        1941       -0.92    -0.92746  0.00115119
        1942       -0.92   -0.927456   0.0011506
        1943       -0.92   -0.927452  0.00115001
        1944       -0.92   -0.927449  0.00114943
        1945       -0.92   -0.927445  0.00114884
        1946       -0.92   -0.927441  0.00114826
        1947       -0.92   -0.927437  0.00114768
        1948       -0.92   -0.927433  0.00114709
        1949       -0.92   -0.927429  0.00114651
        1950       -0.92   -0.927426  0.00114593
        1951       -0.92   -0.927422  0.00114535
        1952       -0.92   -0.927418  0.00114477
        1953       -0.92   -0.927414  0.00114419
        1954       -0.92    -0.92741  0.00114361
        1955       -0.92   -0.927407  0.00114303
        1956       -0.92   -0.927403  0.00114245
        1957       -0.92   -0.927399  0.00114188
        1958       -0.92   -0.927395   0.0011413
        1959       -0.92   -0.927392  0.00114072
        1960       -0.92   -0.927388  0.00114015
        1961       -0.92   -0.927384  0.00113957
        1962       -0.92    -0.92738    0.001139
        1963       -0.92   -0.927376  0.00113842
        1964       -0.92   -0.927373  0.00113785
        1965       -0.92   -0.927369  0.00113728
        1966       -0.92   -0.927365   0.0011367
        1967       -0.92   -0.927361  0.00113613
        1968       -0.92   -0.927358  0.00113556
        1969       -0.92   -0.927354  0.00113499
        1970       -0.92    -0.92735  0.00113442
        1971       -0.92   -0.927347  0.00113385
        1972       -0.92   -0.927343  0.00113328
        1973       -0.92   -0.927339  0.00113271
        1974       -0.92   -0.927335  0.00113215
        1975       -0.92   -0.927332  0.00113158
        1976       -0.92   -0.927328  0.00113101
        1977       -0.92   -0.927324  0.00113045
        1978       -0.92   -0.927321  0.00112988
        1979       -0.92   -0.927317  0.00112932
        1980       -0.92   -0.927313  0.00112875
        1981       -0.92   -0.927309  0.00112819
        1982       -0.92   -0.927306  0.00112762
        1983       -0.92   -0.927302  0.00112706
        1984       -0.92   -0.927298   0.0011265
        1985       -0.92   -0.927295  0.00112594
        1986       -0.92   -0.927291  0.00112538
        1987       -0.92   -0.927287  0.00112482
        1988       -0.92   -0.927284  0.00112426
        1989       -0.92    -0.92728   0.0011237
        1990       -0.92   -0.927276  0.00112314
        1991       -0.92   -0.927273  0.00112258
        1992       -0.92   -0.927269  0.00112202
        1993       -0.92   -0.927265  0.00112147
        1994       -0.92   -0.927262  0.00112091
        1995       -0.92   -0.927258  0.00112035
        1996       -0.84   -0.927214  0.00112065
        1997       -0.84   -0.927171  0.00112094
        1998       -0.84   -0.927127  0.00112122
        1999       -0.92   -0.927124  0.00112067
        2000       -0.92    -0.92712  0.00112011
        2001       -0.92   -0.927116  0.00111956
        2002       -0.92   -0.927113  0.00111901
        2003       -0.92   -0.927109  0.00111845
        2004       -0.92   -0.927106   0.0011179
        2005       -0.92   -0.927102  0.00111735
        2006       -0.92   -0.927099   0.0011168
        2007       -0.92   -0.927095  0.00111625
        2008       -0.92   -0.927092   0.0011157
        2009       -0.92   -0.927088  0.00111515
        2010       -0.92   -0.927085   0.0011146
        2011       -0.92   -0.927081  0.00111405
        2012       -0.92   -0.927078   0.0011135
        2013       -0.92   -0.927074  0.00111295
        2014       -0.92   -0.927071   0.0011124
        2015       -0.92   -0.927067  0.00111186
        2016       -0.92   -0.927063  0.00111131
        2017       -0.92    -0.92706  0.00111077
        2018       -0.92   -0.927056  0.00111022
        2019       -0.92   -0.927053  0.00110968
        2020       -0.92    -0.92705  0.00110913
        2021       -0.92   -0.927046  0.00110859
        2022       -0.92   -0.927043  0.00110805
        2023       -0.92   -0.927039  0.00110751
        2024       -0.92   -0.927036  0.00110696
        2025       -0.92   -0.927032  0.00110642
        2026       -0.92   -0.927029  0.00110588
        2027       -0.92   -0.927025  0.00110534
        2028       -0.92   -0.927022   0.0011048
        2029       -0.92   -0.927018  0.00110426
        2030       -0.92   -0.927015  0.00110372
        2031       -0.92   -0.927011  0.00110319
        2032       -0.92   -0.927008  0.00110265
        2033       -0.92   -0.927004  0.00110211
        2034       -0.92   -0.927001  0.00110158
        2035       -0.92   -0.926998  0.00110104
        2036       -0.92   -0.926994   0.0011005
        2037       -0.92   -0.926991  0.00109997
        2038       -0.92   -0.926987  0.00109943
        2039       -0.92   -0.926984   0.0010989
        2040       -0.92    -0.92698  0.00109837
        2041       -0.92   -0.926977  0.00109783
        2042       -0.92   -0.926974   0.0010973
        2043       -0.92    -0.92697  0.00109677
        2044       -0.92   -0.926967  0.00109624
        2045       -0.92   -0.926963  0.00109571
        2046       -0.92    -0.92696  0.00109518
        2047       -0.92   -0.926957  0.00109465
        2048       -0.92   -0.926953  0.00109412
        2049       -0.92    -0.92695  0.00109359
        2050       -0.92   -0.926946  0.00109306
        2051       -0.92   -0.926943  0.00109253
        2052       -0.92    -0.92694  0.00109201
        2053       -0.92   -0.926936  0.00109148
        2054       -0.92   -0.926933  0.00109095
        2055       -0.92   -0.926929  0.00109043
        2056       -0.92   -0.926926   0.0010899
        2057       -0.92   -0.926923  0.00108938
        2058       -0.92   -0.926919  0.00108885
        2059       -0.92   -0.926916  0.00108833
        2060       -0.92   -0.926913  0.00108781
        2061       -0.92   -0.926909  0.00108729
        2062       -0.92   -0.926906  0.00108676
        2063       -0.92   -0.926903  0.00108624
        2064       -0.92   -0.926899  0.00108572
        2065       -0.92   -0.926896   0.0010852
        2066       -0.92   -0.926893  0.00108468
        2067       -0.92   -0.926889  0.00108416
        2068       -0.92   -0.926886  0.00108364
        2069       -0.92   -0.926883  0.00108312
        2070       -0.92   -0.926879   0.0010826
        2071       -0.92   -0.926876  0.00108209
        2072       -0.92   -0.926873  0.00108157
        2073       -0.92   -0.926869  0.00108105
        2074       -0.92   -0.926866  0.00108054
        2075       -0.92   -0.926863  0.00108002
        2076       -0.92   -0.926859  0.00107951
        2077       -0.92   -0.926856  0.00107899
        2078       -0.92   -0.926853  0.00107848
        2079       -0.92   -0.926849  0.00107796
        2080       -0.92   -0.926846  0.00107745
        2081       -0.92   -0.926843  0.00107694
        2082       -0.92    -0.92684  0.00107642
        2083       -0.92   -0.926836  0.00107591
        2084       -0.92   -0.926833   0.0010754
        2085       -0.92    -0.92683  0.00107489
        2086       -0.92   -0.926826  0.00107438
        2087       -0.92   -0.926823  0.00107387
        2088       -0.92    -0.92682  0.00107336
        2089       -0.92   -0.926817  0.00107285
        2090       -0.92   -0.926813  0.00107234
        2091       -0.92    -0.92681  0.00107184
        2092       -0.92   -0.926807  0.00107133
        2093       -0.92   -0.926804  0.00107082
        2094       -0.92     -0.9268  0.00107032
        2095       -0.92   -0.926797  0.00106981
        2096       -0.92   -0.926794   0.0010693
        2097       -0.92   -0.926791   0.0010688
        2098       -0.84   -0.926749  0.00106909
        2099       -0.84   -0.926708  0.00106938
        2100       -0.92   -0.926705  0.00106887
        2101       -0.92   -0.926702  0.00106837
        2102       -0.84    -0.92666  0.00106866
        2103       -0.92   -0.926657  0.00106816
        2104       -0.92   -0.926654  0.00106765
        2105       -0.92   -0.926651  0.00106715
        2106       -0.92   -0.926648  0.00106665
        2107       -0.92   -0.926645  0.00106615
        2108       -0.92   -0.926641  0.00106564
        2109       -0.92   -0.926638  0.00106514
        2110       -0.92   -0.926635  0.00106464
        2111       -0.92   -0.926632  0.00106414
        2112       -0.92   -0.926629  0.00106365
        2113       -0.92   -0.926626  0.00106315
        2114       -0.92   -0.926623  0.00106265
        2115       -0.92   -0.926619  0.00106215
        2116       -0.92   -0.926616  0.00106165
        2117       -0.92   -0.926613  0.00106116
        2118       -0.92    -0.92661  0.00106066
        2119       -0.92   -0.926607  0.00106016
        2120       -0.92   -0.926604  0.00105967
        2121       -0.92   -0.926601  0.00105917
        2122       -0.92   -0.926598  0.00105868
        2123       -0.92   -0.926594  0.00105818
        2124       -0.92   -0.926591  0.00105769
        2125       -0.92   -0.926588   0.0010572
        2126       -0.92   -0.926585   0.0010567
        2127       -0.92   -0.926582  0.00105621
        2128       -0.92   -0.926579  0.00105572
        2129       -0.92   -0.926576  0.00105523
        2130       -0.92   -0.926573  0.00105474
        2131       -0.84   -0.926532  0.00105503
        2132       -0.84   -0.926492  0.00105531
        2133       -0.84   -0.926451   0.0010556
        2134       -0.92   -0.926448   0.0010551
        2135       -0.92   -0.926445  0.00105462
        2136       -0.92   -0.926442  0.00105413
        2137       -0.92   -0.926439  0.00105364
        2138       -0.92   -0.926436  0.00105315
        2139       -0.92   -0.926433  0.00105266
        2140       -0.92    -0.92643  0.00105217
        2141       -0.92   -0.926427  0.00105169
        2142       -0.92   -0.926424   0.0010512
        2143       -0.92   -0.926421  0.00105071
        2144       -0.92   -0.926418  0.00105023
        2145       -0.92   -0.926415  0.00104974
        2146       -0.92   -0.926412  0.00104926
        2147       -0.92   -0.926409  0.00104877
        2148       -0.92   -0.926406  0.00104829
        2149       -0.92   -0.926403   0.0010478
        2150       -0.92     -0.9264  0.00104732
        2151       -0.92   -0.926397  0.00104684
        2152       -0.92   -0.926394  0.00104636
        2153       -0.92   -0.926391  0.00104587
        2154       -0.92   -0.926388  0.00104539
        2155       -0.92   -0.926385  0.00104491
        2156       -0.92   -0.926382  0.00104443
        2157       -0.92   -0.926379  0.00104395
        2158       -0.92   -0.926376  0.00104347
        2159       -0.92   -0.926373  0.00104299
        2160       -0.92    -0.92637  0.00104251
        2161       -0.92   -0.926367  0.00104204
        2162       -0.92   -0.926364  0.00104156
        2163       -0.92   -0.926362  0.00104108
        2164       -0.92   -0.926359   0.0010406
        2165       -0.92   -0.926356  0.00104013
        2166       -0.92   -0.926353  0.00103965
        2167       -0.92    -0.92635  0.00103918
        2168       -0.92   -0.926347   0.0010387
        2169       -0.92   -0.926344  0.00103823
        2170       -0.92   -0.926341  0.00103775
        2171       -0.92   -0.926338  0.00103728
        2172          -1   -0.926372  0.00103735
        2173          -1   -0.926406  0.00103743
        2174          -1    -0.92644  0.00103751
        2175          -1   -0.926474  0.00103758
        2176          -1   -0.926507  0.00103765
        2177          -1   -0.926541  0.00103772
        2178          -1   -0.926575   0.0010378
        2179          -1   -0.926609  0.00103787
        2180          -1   -0.926642  0.00103794
        2181          -1   -0.926676  0.00103801
        2182          -1   -0.926709  0.00103807
        2183          -1   -0.926743  0.00103814
        2184          -1   -0.926777  0.00103821
        2185          -1    -0.92681  0.00103827
        2186          -1   -0.926844  0.00103834
        2187          -1   -0.926877   0.0010384
        2188          -1    -0.92691  0.00103846
        2189          -1   -0.926944  0.00103853
        2190          -1   -0.926977  0.00103859
        2191          -1    -0.92701  0.00103865
        2192          -1   -0.927044  0.00103871
        2193          -1   -0.927077  0.00103877
        2194          -1    -0.92711  0.00103883
        2195          -1   -0.927144  0.00103888
        2196          -1   -0.927177  0.00103894
        2197          -1    -0.92721    0.001039
        2198          -1   -0.927243  0.00103905
        2199          -1   -0.927276   0.0010391
        2200          -1   -0.927309  0.00103916
        2201          -1   -0.927342  0.00103921
        2202          -1   -0.927375  0.00103926
        2203          -1   -0.927408  0.00103931
        2204          -1   -0.927441  0.00103936
        2205          -1   -0.927474  0.00103941
        2206          -1   -0.927507  0.00103946
        2207          -1    -0.92754  0.00103951
        2208          -1   -0.927572  0.00103956
        2209          -1   -0.927605   0.0010396
        2210          -1   -0.927638  0.00103965
        2211          -1   -0.927671  0.00103969
        2212          -1   -0.927703  0.00103974
        2213          -1   -0.927736  0.00103978
        2214          -1   -0.927769  0.00103982
        2215          -1   -0.927801  0.00103986
        2216          -1   -0.927834  0.00103991
        2217          -1   -0.927866  0.00103995
        2218          -1   -0.927899  0.00103999
        2219          -1   -0.927932  0.00104002
        2220          -1   -0.927964  0.00104006
        2221          -1   -0.927996   0.0010401
        2222          -1   -0.928029  0.00104014
        2223          -1   -0.928061  0.00104017
        2224          -1   -0.928094  0.00104021
        2225          -1   -0.928126  0.00104024
        2226          -1   -0.928158  0.00104028
        2227          -1    -0.92819  0.00104031
        2228          -1   -0.928223  0.00104034
        2229          -1   -0.928255  0.00104037
        2230          -1   -0.928287   0.0010404
        2231          -1   -0.928319  0.00104043
        2232          -1   -0.928351  0.00104046
        2233          -1   -0.928383  0.00104049
        2234          -1   -0.928415  0.00104052
        2235          -1   -0.928447  0.00104055
        2236          -1   -0.928479  0.00104057
        2237          -1   -0.928511   0.0010406
        2238          -1   -0.928543  0.00104062
        2239          -1   -0.928575  0.00104065
        2240          -1   -0.928607  0.00104067
        2241          -1   -0.928639   0.0010407
        2242          -1   -0.928671  0.00104072
        2243          -1   -0.928703  0.00104074
        2244          -1   -0.928734  0.00104076
        2245          -1   -0.928766  0.00104078
        2246          -1   -0.928798   0.0010408
        2247          -1    -0.92883  0.00104082
        2248          -1   -0.928861  0.00104084
        2249          -1   -0.928893  0.00104086
        2250          -1   -0.928924  0.00104087
        2251          -1   -0.928956  0.00104089
        2252          -1   -0.928988  0.00104091
        2253          -1   -0.929019  0.00104092
        2254          -1   -0.929051  0.00104093
        2255          -1   -0.929082  0.00104095
        2256          -1   -0.929113  0.00104096
        2257          -1   -0.929145  0.00104097
        2258          -1   -0.929176  0.00104099
        2259          -1   -0.929208    0.001041
        2260          -1   -0.929239  0.00104101
        2261          -1    -0.92927  0.00104102
        2262          -1   -0.929302  0.00104103
        2263          -1   -0.929333  0.00104104
        2264          -1   -0.929364  0.00104104
        2265          -1   -0.929395  0.00104105
        2266          -1   -0.929426  0.00104106
        2267          -1   -0.929457  0.00104106
        2268          -1   -0.929489  0.00104107
        2269          -1    -0.92952  0.00104107
        2270          -1   -0.929551  0.00104108
        2271          -1   -0.929582  0.00104108
        2272          -1   -0.929613  0.00104109
        2273          -1   -0.929644  0.00104109
        2274          -1   -0.929675  0.00104109
        2275          -1   -0.929705  0.00104109
        2276          -1   -0.929736  0.00104109
        2277          -1   -0.929767  0.00104109
        2278          -1   -0.929798  0.00104109
        2279          -1   -0.929829  0.00104109
        2280          -1    -0.92986  0.00104109
        2281          -1    -0.92989  0.00104109
        2282          -1   -0.929921  0.00104108
        2283          -1   -0.929952  0.00104108
        2284          -1   -0.929982  0.00104107
        2285          -1   -0.930013  0.00104107
        2286          -1   -0.930044  0.00104106
        2287          -1   -0.930074  0.00104106
        2288          -1   -0.930105  0.00104105
        2289          -1   -0.930135  0.00104104
        2290          -1   -0.930166  0.00104104
        2291          -1   -0.930196  0.00104103
        2292          -1   -0.930227  0.00104102
        2293          -1   -0.930257  0.00104101
        2294          -1   -0.930288    0.001041
        2295          -1   -0.930318  0.00104099
        2296          -1   -0.930348  0.00104098
        2297          -1   -0.930379  0.00104097
        2298          -1   -0.930409  0.00104096
        2299          -1   -0.930439  0.00104094
        2300          -1    -0.93047  0.00104093
        2301          -1     -0.9305  0.00104092
        2302          -1    -0.93053   0.0010409
        2303          -1    -0.93056  0.00104089
        2304          -1    -0.93059  0.00104087
        2305          -1    -0.93062  0.00104085
        2306          -1    -0.93065  0.00104084
        2307          -1   -0.930681  0.00104082
        2308          -1   -0.930711   0.0010408
        2309          -1   -0.930741  0.00104078
        2310          -1   -0.930771  0.00104077
        2311          -1   -0.930801  0.00104075
        2312          -1    -0.93083  0.00104073
        2313          -1    -0.93086  0.00104071
        2314          -1    -0.93089  0.00104069
        2315          -1    -0.93092  0.00104066
        2316          -1    -0.93095  0.00104064
        2317          -1    -0.93098  0.00104062
        2318          -1   -0.931009   0.0010406
        2319          -1   -0.931039  0.00104057
        2320          -1   -0.931069  0.00104055
        2321          -1   -0.931099  0.00104052
        2322          -1   -0.931128   0.0010405
        2323          -1   -0.931158  0.00104047
        2324          -1   -0.931188  0.00104045
        2325          -1   -0.931217  0.00104042
        2326          -1   -0.931247  0.00104039
        2327          -1   -0.931276  0.00104037
        2328          -1   -0.931306  0.00104034
        2329          -1   -0.931335  0.00104031
        2330          -1   -0.931365  0.00104028
        2331          -1   -0.931394  0.00104025
        2332          -1   -0.931424  0.00104022
        2333          -1   -0.931453  0.00104019
        2334          -1   -0.931482  0.00104016
        2335          -1   -0.931512  0.00104013
        2336          -1   -0.931541  0.00104009
        2337          -1    -0.93157  0.00104006
        2338          -1     -0.9316  0.00104003
        2339          -1   -0.931629     0.00104
        2340          -1   -0.931658  0.00103996
        2341          -1   -0.931687  0.00103993
        2342          -1   -0.931716  0.00103989
        2343          -1   -0.931746  0.00103986
        2344          -1   -0.931775  0.00103982
        2345       -0.92    -0.93177  0.00103939
        2346          -1   -0.931799  0.00103935
        2347          -1   -0.931828  0.00103932
        2348          -1   -0.931857  0.00103928
        2349          -1   -0.931886  0.00103924
        2350          -1   -0.931915   0.0010392
        2351          -1   -0.931944  0.00103916
        2352          -1   -0.931973  0.00103913
        2353          -1   -0.932002  0.00103909
        2354          -1   -0.932031  0.00103905
        2355          -1   -0.932059  0.00103901
        2356          -1   -0.932088  0.00103896
        2357          -1   -0.932117  0.00103892
        2358          -1   -0.932146  0.00103888
        2359          -1   -0.932175  0.00103884
        2360          -1   -0.932203   0.0010388
        2361          -1   -0.932232  0.00103875
        2362          -1   -0.932261  0.00103871
        2363          -1   -0.932289  0.00103867
        2364          -1   -0.932318  0.00103862
        2365          -1   -0.932347  0.00103858
        2366          -1   -0.932375  0.00103853
        2367          -1   -0.932404  0.00103848
        2368          -1   -0.932432  0.00103844
        2369          -1   -0.932461  0.00103839
        2370          -1   -0.932489  0.00103834
        2371          -1   -0.932518   0.0010383
        2372          -1   -0.932546  0.00103825
        2373          -1   -0.932575   0.0010382
        2374          -1   -0.932603  0.00103815
        2375          -1   -0.932632   0.0010381
        2376          -1    -0.93266  0.00103805
        2377          -1   -0.932688    0.001038
        2378          -1   -0.932717  0.00103795
        2379          -1   -0.932745   0.0010379
        2380          -1   -0.932773  0.00103785
        2381          -1   -0.932801   0.0010378
        2382          -1    -0.93283  0.00103774
        2383          -1   -0.932858  0.00103769
        2384          -1   -0.932886  0.00103764
        2385          -1   -0.932914  0.00103759
        2386          -1   -0.932942  0.00103753
        2387          -1    -0.93297  0.00103748
        2388          -1   -0.932998  0.00103742
        2389          -1   -0.933026  0.00103737
        2390          -1   -0.933054  0.00103731
        2391          -1   -0.933082  0.00103726
        2392          -1    -0.93311   0.0010372
        2393          -1   -0.933138  0.00103714
        2394          -1   -0.933166  0.00103708
        2395          -1   -0.933194  0.00103703
        2396          -1   -0.933222  0.00103697
        2397          -1    -0.93325  0.00103691
        2398          -1   -0.933278  0.00103685
        2399          -1   -0.933306  0.00103679
        2400          -1   -0.933333  0.00103673
        2401          -1   -0.933361  0.00103667
        2402          -1   -0.933389  0.00103661
        2403          -1   -0.933417  0.00103655
        2404          -1   -0.933444  0.00103649
        2405          -1   -0.933472  0.00103643
        2406          -1     -0.9335  0.00103637
        2407          -1   -0.933527   0.0010363
        2408          -1   -0.933555  0.00103624
        2409          -1   -0.933582  0.00103618
        2410          -1    -0.93361  0.00103611
        2411          -1   -0.933637  0.00103605
        2412          -1   -0.933665  0.00103599
        2413          -1   -0.933692  0.00103592
        2414          -1    -0.93372  0.00103586
        2415          -1   -0.933747  0.00103579
        2416          -1   -0.933775  0.00103573
        2417          -1   -0.933802  0.00103566
        2418          -1    -0.93383  0.00103559
        2419          -1   -0.933857  0.00103553
        2420          -1   -0.933884  0.00103546
        2421          -1   -0.933912  0.00103539
        2422          -1   -0.933939  0.00103532
        2423          -1   -0.933966  0.00103525
        2424          -1   -0.933993  0.00103519
        2425          -1   -0.934021  0.00103512
        2426          -1   -0.934048  0.00103505
        2427          -1   -0.934075  0.00103498
        2428          -1   -0.934102  0.00103491
        2429          -1   -0.934129  0.00103484
        2430          -1   -0.934156  0.00103477
        2431          -1   -0.934183   0.0010347
        2432          -1   -0.934211  0.00103462
        2433          -1   -0.934238  0.00103455
        2434          -1   -0.934265  0.00103448
        2435          -1   -0.934292  0.00103441
        2436          -1   -0.934319  0.00103433
        2437          -1   -0.934346  0.00103426
        2438          -1   -0.934372  0.00103419
        2439          -1   -0.934399  0.00103411
        2440          -1   -0.934426  0.00103404
        2441          -1   -0.934453  0.00103396
        2442          -1    -0.93448  0.00103389
        2443          -1   -0.934507  0.00103381
        2444          -1   -0.934534  0.00103374
        2445          -1    -0.93456  0.00103366
        2446          -1   -0.934587  0.00103358
        2447          -1   -0.934614  0.00103351
        2448          -1   -0.934641  0.00103343
        2449          -1   -0.934667  0.00103335
        2450          -1   -0.934694  0.00103328
        2451          -1   -0.934721   0.0010332
        2452          -1   -0.934747  0.00103312
        2453          -1   -0.934774  0.00103304
        2454          -1     -0.9348  0.00103296
        2455          -1   -0.934827  0.00103288
        2456          -1   -0.934853   0.0010328
        2457          -1    -0.93488  0.00103272
        2458          -1   -0.934906  0.00103264
        2459          -1   -0.934933  0.00103256
        2460          -1   -0.934959  0.00103248
        2461          -1   -0.934986   0.0010324
        2462          -1   -0.935012  0.00103232
        2463          -1   -0.935039  0.00103223
        2464          -1   -0.935065  0.00103215
        2465          -1   -0.935091  0.00103207
        2466          -1   -0.935118  0.00103199
        2467          -1   -0.935144   0.0010319
        2468          -1    -0.93517  0.00103182
        2469          -1   -0.935196  0.00103174
        2470          -1   -0.935223  0.00103165
        2471          -1   -0.935249  0.00103157
        2472          -1   -0.935275  0.00103148
        2473          -1   -0.935301   0.0010314
        2474          -1   -0.935327  0.00103131
        2475          -1   -0.935354  0.00103123
        2476          -1    -0.93538  0.00103114
        2477          -1   -0.935406  0.00103105
        2478          -1   -0.935432  0.00103097
        2479          -1   -0.935458  0.00103088
        2480          -1   -0.935484  0.00103079
        2481          -1    -0.93551  0.00103071
        2482          -1   -0.935536  0.00103062
        2483          -1   -0.935562  0.00103053
        2484          -1   -0.935588  0.00103044
        2485          -1   -0.935614  0.00103035
        2486          -1    -0.93564  0.00103026
        2487          -1   -0.935665  0.00103017
        2488          -1   -0.935691  0.00103009
        2489          -1   -0.935717     0.00103
        2490          -1   -0.935743  0.00102991
        2491          -1   -0.935769  0.00102981
        2492          -1   -0.935795  0.00102972
        2493          -1    -0.93582  0.00102963
        2494          -1   -0.935846  0.00102954
        2495          -1   -0.935872  0.00102945
        2496          -1   -0.935897  0.00102936
        2497          -1   -0.935923  0.00102927
        2498          -1   -0.935949  0.00102917
        2499          -1   -0.935974  0.00102908
        2500          -1      -0.936  0.00102899
        2501          -1   -0.936026  0.00102889
        2502          -1   -0.936051   0.0010288
        2503          -1   -0.936077  0.00102871
        2504          -1   -0.936102  0.00102861
        2505          -1   -0.936128  0.00102852
        2506          -1   -0.936153  0.00102842
        2507          -1   -0.936179  0.00102833
        2508          -1   -0.936204  0.00102823
        2509          -1    -0.93623  0.00102814
        2510          -1   -0.936255  0.00102804
        2511          -1    -0.93628  0.00102795
        2512          -1   -0.936306  0.00102785
        2513          -1   -0.936331  0.00102775
        2514          -1   -0.936356  0.00102766
        2515          -1   -0.936382  0.00102756
        2516          -1   -0.936407  0.00102746
        2517          -1   -0.936432  0.00102736
        2518          -1   -0.936458  0.00102727
        2519          -1   -0.936483  0.00102717
        2520          -1   -0.936508  0.00102707
        2521          -1   -0.936533  0.00102697
        2522          -1   -0.936558  0.00102687
        2523          -1   -0.936583  0.00102677
        2524          -1   -0.936609  0.00102667
        2525          -1   -0.936634  0.00102657
        2526          -1   -0.936659  0.00102647
        2527          -1   -0.936684  0.00102637
        2528          -1   -0.936709  0.00102627
        2529          -1   -0.936734  0.00102617
        2530          -1   -0.936759  0.00102607
        2531          -1   -0.936784  0.00102597
        2532          -1   -0.936809  0.00102587
        2533          -1   -0.936834  0.00102577
        2534          -1   -0.936859  0.00102567
        2535          -1   -0.936884  0.00102556
        2536          -1   -0.936909  0.00102546
        2537          -1   -0.936933  0.00102536
        2538          -1   -0.936958  0.00102526
        2539          -1   -0.936983  0.00102515
        2540          -1   -0.937008  0.00102505
        2541          -1   -0.937033  0.00102495
        2542          -1   -0.937057  0.00102484
        2543          -1   -0.937082  0.00102474
        2544          -1   -0.937107  0.00102463
        2545          -1   -0.937132  0.00102453
        2546          -1   -0.937156  0.00102442
        2547          -1   -0.937181  0.00102432
        2548          -1   -0.937206  0.00102421
        2549          -1    -0.93723  0.00102411
        2550          -1   -0.937255    0.001024
        2551          -1   -0.937279   0.0010239
        2552          -1   -0.937304  0.00102379
        2553          -1   -0.937329  0.00102368
        2554          -1   -0.937353  0.00102358
        2555          -1   -0.937378  0.00102347
        2556          -1   -0.937402  0.00102336
        2557          -1   -0.937427  0.00102325
        2558          -1   -0.937451  0.00102315
        2559          -1   -0.937476  0.00102304
        2560          -1     -0.9375  0.00102293
        2561          -1   -0.937524  0.00102282
        2562       -0.92   -0.937518  0.00102245
        2563          -1   -0.937542  0.00102234
        2564          -1   -0.937566  0.00102223
        2565          -1   -0.937591  0.00102212
        2566          -1   -0.937615  0.00102201
        2567          -1   -0.937639   0.0010219
        2568          -1   -0.937664  0.00102179
        2569          -1   -0.937688  0.00102168
        2570          -1   -0.937712  0.00102157
        2571          -1   -0.937736  0.00102146
        2572          -1    -0.93776  0.00102135
        2573          -1   -0.937785  0.00102124
        2574          -1   -0.937809  0.00102113
        2575          -1   -0.937833  0.00102102
        2576          -1   -0.937857  0.00102091
        2577          -1   -0.937881   0.0010208
        2578          -1   -0.937905  0.00102069
        2579          -1   -0.937929  0.00102057
        2580          -1   -0.937953  0.00102046
        2581          -1   -0.937978  0.00102035
        2582          -1   -0.938002  0.00102024
        2583          -1   -0.938026  0.00102012
        2584          -1    -0.93805  0.00102001
        2585          -1   -0.938074   0.0010199
        2586          -1   -0.938097  0.00101979
        2587          -1   -0.938121  0.00101967
        2588          -1   -0.938145  0.00101956
        2589          -1   -0.938169  0.00101944
        2590          -1   -0.938193  0.00101933
        2591          -1   -0.938217  0.00101922
        2592          -1   -0.938241   0.0010191
        2593          -1   -0.938265  0.00101899
        2594          -1   -0.938288  0.00101887
        2595          -1   -0.938312  0.00101876
        2596          -1   -0.938336  0.00101864
        2597          -1    -0.93836  0.00101853
        2598       -0.92   -0.938353  0.00101816
        2599       -0.92   -0.938346  0.00101779
        2600       -0.92   -0.938338  0.00101742
        2601       -0.92   -0.938331  0.00101706
        2602          -1   -0.938355  0.00101694
        2603          -1   -0.938379  0.00101683
        2604          -1   -0.938402  0.00101671
        2605          -1   -0.938426   0.0010166
        2606          -1    -0.93845  0.00101648
        2607          -1   -0.938473  0.00101637
        2608          -1   -0.938497  0.00101625
        2609          -1   -0.938521  0.00101613
        2610          -1   -0.938544  0.00101602
        2611          -1   -0.938568   0.0010159
        2612          -1   -0.938591  0.00101578
        2613          -1   -0.938615  0.00101567
        2614          -1   -0.938638  0.00101555
        2615          -1   -0.938662  0.00101543
        2616          -1   -0.938685  0.00101532
        2617       -0.92   -0.938678  0.00101495
        2618       -0.92   -0.938671  0.00101459
        2619       -0.92   -0.938664  0.00101423
        2620       -0.92   -0.938656  0.00101387
        2621       -0.92   -0.938649   0.0010135
        2622          -1   -0.938673  0.00101339
        2623          -1   -0.938696  0.00101327
        2624          -1    -0.93872  0.00101315
        2625          -1   -0.938743  0.00101304
        2626          -1   -0.938766  0.00101292
        2627          -1   -0.938789   0.0010128
        2628          -1   -0.938813  0.00101268
        2629          -1   -0.938836  0.00101257
        2630          -1   -0.938859  0.00101245
        2631          -1   -0.938883  0.00101233
        2632          -1   -0.938906  0.00101221
        2633          -1   -0.938929  0.00101209
        2634          -1   -0.938952  0.00101197
        2635          -1   -0.938975  0.00101186
        2636          -1   -0.938998  0.00101174
        2637          -1   -0.939022  0.00101162
        2638          -1   -0.939045   0.0010115
        2639          -1   -0.939068  0.00101138
        2640          -1   -0.939091  0.00101126
        2641          -1   -0.939114  0.00101114
        2642          -1   -0.939137  0.00101102
        2643          -1    -0.93916   0.0010109
        2644          -1   -0.939183  0.00101078
        2645          -1   -0.939206  0.00101066
        2646          -1   -0.939229  0.00101054
        2647          -1   -0.939252  0.00101042
        2648          -1   -0.939275  0.00101029
        2649          -1   -0.939298  0.00101017
        2650          -1   -0.939321  0.00101005
        2651          -1   -0.939344  0.00100993
        2652          -1   -0.939367  0.00100981
        2653          -1   -0.939389  0.00100969
        2654          -1   -0.939412  0.00100956
        2655          -1   -0.939435  0.00100944
        2656          -1   -0.939458  0.00100932
        2657          -1   -0.939481   0.0010092
        2658          -1   -0.939503  0.00100907
        2659          -1   -0.939526  0.00100895
        2660          -1   -0.939549  0.00100883
        2661          -1   -0.939572   0.0010087
        2662          -1   -0.939594  0.00100858
        2663          -1   -0.939617  0.00100846
        2664          -1    -0.93964  0.00100833
        2665          -1   -0.939662  0.00100821
        2666          -1   -0.939685  0.00100808
        2667          -1   -0.939708  0.00100796
        2668          -1    -0.93973  0.00100784
        2669          -1   -0.939753  0.00100771
        2670          -1   -0.939775  0.00100759
        2671          -1   -0.939798  0.00100746
        2672          -1    -0.93982  0.00100734
        2673          -1   -0.939843  0.00100721
        2674          -1   -0.939865  0.00100708
        2675          -1   -0.939888  0.00100696
        2676          -1    -0.93991  0.00100683
        2677          -1   -0.939933  0.00100671
        2678          -1   -0.939955  0.00100658
        2679          -1   -0.939978  0.00100646
        2680          -1       -0.94  0.00100633
        2681          -1   -0.940022   0.0010062
        2682          -1   -0.940045  0.00100608
        2683          -1   -0.940067  0.00100595
        2684          -1   -0.940089  0.00100582
        2685          -1   -0.940112  0.00100569
        2686          -1   -0.940134  0.00100557
        2687          -1   -0.940156  0.00100544
        2688          -1   -0.940179  0.00100531
        2689          -1   -0.940201  0.00100518
        2690          -1   -0.940223  0.00100506
        2691          -1   -0.940245  0.00100493
        2692          -1   -0.940267   0.0010048
        2693          -1    -0.94029  0.00100467
        2694          -1   -0.940312  0.00100454
        2695          -1   -0.940334  0.00100442
        2696          -1   -0.940356  0.00100429
        2697          -1   -0.940378  0.00100416
        2698          -1     -0.9404  0.00100403
        2699          -1   -0.940422   0.0010039
        2700          -1   -0.940444  0.00100377
        2701          -1   -0.940466  0.00100364
        2702          -1   -0.940489  0.00100351
        2703          -1   -0.940511  0.00100338
        2704          -1   -0.940533  0.00100325
        2705          -1   -0.940555  0.00100312
        2706          -1   -0.940576  0.00100299
        2707          -1   -0.940598  0.00100286
        2708          -1    -0.94062  0.00100273
        2709          -1   -0.940642   0.0010026
        2710          -1   -0.940664  0.00100247
        2711          -1   -0.940686  0.00100234
        2712          -1   -0.940708  0.00100221
        2713          -1    -0.94073  0.00100208
        2714          -1   -0.940752  0.00100194
        2715          -1   -0.940773  0.00100181
        2716          -1   -0.940795  0.00100168
        2717          -1   -0.940817  0.00100155
        2718          -1   -0.940839  0.00100142
        2719          -1   -0.940861  0.00100129
        2720          -1   -0.940882  0.00100115
        2721          -1   -0.940904  0.00100102
        2722          -1   -0.940926  0.00100089
        2723          -1   -0.940947  0.00100076
        2724          -1   -0.940969  0.00100062
        2725          -1   -0.940991  0.00100049
        2726          -1   -0.941012  0.00100036
        2727          -1   -0.941034  0.00100023
        2728          -1   -0.941056  0.00100009
        2729          -1   -0.941077 0.000999959
        2730          -1   -0.941099 0.000999826
        2731          -1    -0.94112 0.000999692
        2732          -1   -0.941142 0.000999559
        2733          -1   -0.941164 0.000999425
        2734          -1   -0.941185 0.000999291
        2735          -1   -0.941207 0.000999157
        2736          -1   -0.941228 0.000999023
        2737          -1    -0.94125 0.000998889
        2738          -1   -0.941271 0.000998754
        2739          -1   -0.941292  0.00099862
        2740          -1   -0.941314 0.000998485
        2741          -1   -0.941335  0.00099835
        2742          -1   -0.941357 0.000998215
        2743          -1   -0.941378  0.00099808
        2744          -1   -0.941399 0.000997945
        2745          -1   -0.941421  0.00099781
        2746          -1   -0.941442 0.000997675
        2747          -1   -0.941463 0.000997539
        2748          -1   -0.941485 0.000997404
        2749          -1   -0.941506 0.000997268
        2750          -1   -0.941527 0.000997132
        2751          -1   -0.941549 0.000996996
        2752          -1    -0.94157  0.00099686
        2753          -1   -0.941591 0.000996724
        2754          -1   -0.941612 0.000996588
        2755          -1   -0.941633 0.000996451
        2756          -1   -0.941655 0.000996315
        2757          -1   -0.941676 0.000996178
        2758          -1   -0.941697 0.000996041
        2759          -1   -0.941718 0.000995904
        2760          -1   -0.941739 0.000995767
        2761          -1    -0.94176  0.00099563
        2762          -1   -0.941781 0.000995493
        2763          -1   -0.941802 0.000995356
        2764          -1   -0.941823 0.000995218
        2765          -1   -0.941844 0.000995081
        2766          -1   -0.941866 0.000994943
        2767          -1   -0.941887 0.000994805
        2768          -1   -0.941908 0.000994667
        2769          -1   -0.941928 0.000994529
        2770          -1   -0.941949 0.000994391
        2771          -1    -0.94197 0.000994253
        2772          -1   -0.941991 0.000994115
        2773          -1   -0.942012 0.000993976
        2774          -1   -0.942033 0.000993838
        2775          -1   -0.942054 0.000993699
        2776          -1   -0.942075 0.000993561
        2777          -1   -0.942096 0.000993422
        2778          -1   -0.942117 0.000993283
        2779          -1   -0.942137 0.000993144
        2780          -1   -0.942158 0.000993005
        2781          -1   -0.942179 0.000992865
        2782          -1     -0.9422 0.000992726
        2783          -1   -0.942221 0.000992586
        2784          -1   -0.942241 0.000992447
        2785          -1   -0.942262 0.000992307
        2786          -1   -0.942283 0.000992167
        2787          -1   -0.942304 0.000992027
        2788          -1   -0.942324 0.000991887
        2789          -1   -0.942345 0.000991747
        2790          -1   -0.942366 0.000991607
        2791          -1   -0.942386 0.000991467
        2792          -1   -0.942407 0.000991326
        2793          -1   -0.942427 0.000991186
        2794          -1   -0.942448 0.000991045
        2795          -1   -0.942469 0.000990905
        2796          -1   -0.942489 0.000990764
        2797          -1    -0.94251 0.000990623
        2798          -1    -0.94253 0.000990482
        2799          -1   -0.942551 0.000990341
        2800          -1   -0.942571   0.0009902
        2801          -1   -0.942592 0.000990059
        2802          -1   -0.942612 0.000989917
        2803          -1   -0.942633 0.000989776
        2804       -0.92   -0.942625 0.000989456
        2805          -1   -0.942645 0.000989314
        2806          -1   -0.942666 0.000989173
        2807          -1   -0.942686 0.000989031
        2808          -1   -0.942707  0.00098889
        2809          -1   -0.942727 0.000988748
        2810          -1   -0.942747 0.000988606
        2811          -1   -0.942768 0.000988464
        2812          -1   -0.942788 0.000988322
        2813          -1   -0.942808  0.00098818
        2814          -1   -0.942829 0.000988038
        2815          -1   -0.942849 0.000987896
        2816          -1   -0.942869 0.000987753
        2817          -1    -0.94289 0.000987611
        2818          -1    -0.94291 0.000987468
        2819          -1    -0.94293 0.000987326
        2820          -1    -0.94295 0.000987183
        2821          -1   -0.942971  0.00098704
        2822          -1   -0.942991 0.000986897
        2823          -1   -0.943011 0.000986754
        2824          -1   -0.943031 0.000986611
        2825       -0.92   -0.943023 0.000986296
        2826       -0.92   -0.943015  0.00098598
        2827       -0.92   -0.943007 0.000985665
        2828       -0.92   -0.942999  0.00098535
        2829       -0.92    -0.94299 0.000985035
        2830       -0.92   -0.942982 0.000984721
        2831       -0.92   -0.942974 0.000984406
        2832       -0.92   -0.942966 0.000984092
        2833       -0.92   -0.942958 0.000983778
        2834       -0.92    -0.94295 0.000983464
        2835       -0.92   -0.942942 0.000983151
        2836       -0.92   -0.942934 0.000982837
        2837       -0.92   -0.942926 0.000982524
        2838       -0.92   -0.942918 0.000982211
        2839       -0.92   -0.942909 0.000981898
        2840       -0.92   -0.942901 0.000981586
        2841       -0.92   -0.942893 0.000981273
        2842       -0.92   -0.942885 0.000980961
        2843       -0.92   -0.942877 0.000980649
        2844       -0.92   -0.942869 0.000980337
        2845       -0.92   -0.942861 0.000980026
        2846       -0.92   -0.942853 0.000979714
        2847       -0.92   -0.942845 0.000979403
        2848       -0.92   -0.942837 0.000979092
        2849       -0.92   -0.942829 0.000978781
        2850       -0.92   -0.942821 0.000978471
        2851       -0.92   -0.942813  0.00097816
        2852       -0.92   -0.942805  0.00097785
        2853       -0.92   -0.942797  0.00097754
        2854       -0.92   -0.942789  0.00097723
        2855       -0.92   -0.942781  0.00097692
        2856       -0.92   -0.942773 0.000976611
        2857       -0.92   -0.942765 0.000976301
        2858       -0.92   -0.942757 0.000975992
        2859       -0.92   -0.942749 0.000975683
        2860       -0.92   -0.942741 0.000975375
        2861       -0.92   -0.942733 0.000975066
        2862       -0.92   -0.942725 0.000974758
        2863       -0.92   -0.942717  0.00097445
        2864       -0.92   -0.942709 0.000974142
        2865       -0.92   -0.942702 0.000973834
        2866       -0.92   -0.942694 0.000973526
        2867       -0.92   -0.942686 0.000973219
        2868       -0.92   -0.942678 0.000972912
        2869       -0.92    -0.94267 0.000972605
        2870       -0.92   -0.942662 0.000972298
        2871       -0.92   -0.942654 0.000971991
        2872       -0.92   -0.942646 0.000971685
        2873       -0.92   -0.942638 0.000971379
        2874       -0.92    -0.94263 0.000971073
        2875       -0.92   -0.942623 0.000970767
        2876       -0.92   -0.942615 0.000970461
        2877       -0.92   -0.942607 0.000970156
        2878       -0.92   -0.942599  0.00096985
        2879       -0.92   -0.942591 0.000969545
        2880       -0.92   -0.942583  0.00096924
        2881       -0.92   -0.942575 0.000968935
        2882          -1   -0.942595 0.000968804
        2883          -1   -0.942615 0.000968673
        2884          -1   -0.942635 0.000968541
        2885          -1   -0.942655  0.00096841
        2886          -1   -0.942675 0.000968278
        2887          -1   -0.942695 0.000968146
        2888          -1   -0.942715 0.000968014
        2889          -1   -0.942735 0.000967882
        2890          -1   -0.942754  0.00096775
        2891          -1   -0.942774 0.000967618
        2892          -1   -0.942794 0.000967485
        2893          -1   -0.942814 0.000967353
        2894          -1   -0.942833 0.000967221
        2895          -1   -0.942853 0.000967088
        2896          -1   -0.942873 0.000966955
        2897          -1   -0.942893 0.000966823
        2898          -1   -0.942912  0.00096669
        2899          -1   -0.942932 0.000966557
        2900          -1   -0.942952 0.000966424
        2901          -1   -0.942971 0.000966291
        2902          -1   -0.942991 0.000966158
        2903          -1   -0.943011 0.000966025
        2904          -1    -0.94303 0.000965891
        2905          -1    -0.94305 0.000965758
        2906          -1    -0.94307 0.000965624
        2907          -1   -0.943089 0.000965491
        2908          -1   -0.943109 0.000965357
        2909          -1   -0.943128 0.000965223
        2910          -1   -0.943148 0.000965089
        2911          -1   -0.943167 0.000964955
        2912          -1   -0.943187 0.000964821
        2913          -1   -0.943206 0.000964687
        2914          -1   -0.943226 0.000964553
        2915          -1   -0.943245 0.000964419
        2916          -1   -0.943265 0.000964284
        2917          -1   -0.943284  0.00096415
        2918          -1   -0.943304 0.000964015
        2919          -1   -0.943323 0.000963881
        2920          -1   -0.943342 0.000963746
        2921          -1   -0.943362 0.000963611
        2922          -1   -0.943381 0.000963477
        2923          -1   -0.943401 0.000963342
        2924          -1    -0.94342 0.000963207
        2925          -1   -0.943439 0.000963072
        2926          -1   -0.943459 0.000962936
        2927          -1   -0.943478 0.000962801
        2928          -1   -0.943497 0.000962666
        2929          -1   -0.943517  0.00096253
        2930          -1   -0.943536 0.000962395
        2931          -1   -0.943555 0.000962259
        2932          -1   -0.943574 0.000962124
        2933          -1   -0.943594 0.000961988
        2934          -1   -0.943613 0.000961852
        2935          -1   -0.943632 0.000961716
        2936          -1   -0.943651  0.00096158
        2937          -1    -0.94367 0.000961444
        2938          -1    -0.94369 0.000961308
        2939          -1   -0.943709 0.000961172
        2940          -1   -0.943728 0.000961036
        2941          -1   -0.943747   0.0009609
        2942          -1   -0.943766 0.000960763
        2943          -1   -0.943785 0.000960627
        2944          -1   -0.943804  0.00096049
        2945          -1   -0.943823 0.000960354
        2946          -1   -0.943842 0.000960217
        2947          -1   -0.943862  0.00096008
        2948          -1   -0.943881 0.000959943
        2949          -1     -0.9439 0.000959806
        2950          -1   -0.943919 0.000959669
        2951          -1   -0.943938 0.000959532
        2952          -1   -0.943957 0.000959395
        2953          -1   -0.943976 0.000959258
        2954          -1   -0.943995 0.000959121
        2955          -1   -0.944014 0.000958983
        2956          -1   -0.944032 0.000958846
        2957          -1   -0.944051 0.000958709
        2958          -1    -0.94407 0.000958571
        2959          -1   -0.944089 0.000958433
        2960          -1   -0.944108 0.000958296
        2961          -1   -0.944127 0.000958158
        2962          -1   -0.944146  0.00095802
        2963          -1   -0.944165 0.000957882
        2964          -1   -0.944184 0.000957744
        2965          -1   -0.944202 0.000957606
        2966          -1   -0.944221 0.000957468
        2967          -1    -0.94424  0.00095733
        2968          -1   -0.944259 0.000957192
        2969          -1   -0.944278 0.000957053
        2970          -1   -0.944296 0.000956915
        2971          -1   -0.944315 0.000956777
        2972          -1   -0.944334 0.000956638
        2973          -1   -0.944353   0.0009565
        2974          -1   -0.944371 0.000956361
        2975          -1    -0.94439 0.000956222
        2976          -1   -0.944409 0.000956084
        2977          -1   -0.944427 0.000955945
        2978          -1   -0.944446 0.000955806
        2979          -1   -0.944465 0.000955667
        2980          -1   -0.944483 0.000955528
        2981          -1   -0.944502 0.000955389
        2982          -1    -0.94452  0.00095525
        2983          -1   -0.944539 0.000955111
        2984          -1   -0.944558 0.000954971
        2985          -1   -0.944576 0.000954832
        2986          -1   -0.944595 0.000954693
        2987          -1   -0.944613 0.000954553
        2988          -1   -0.944632 0.000954414
        2989          -1    -0.94465 0.000954274
        2990          -1   -0.944669 0.000954134
        2991          -1   -0.944687 0.000953995
        2992          -1   -0.944706 0.000953855
        2993          -1   -0.944724 0.000953715
        2994          -1   -0.944743 0.000953575
        2995          -1   -0.944761 0.000953435
        2996          -1    -0.94478 0.000953295
        2997          -1   -0.944798 0.000953155
        2998          -1   -0.944817 0.000953015
        2999          -1   -0.944835 0.000952875
        3000          -1   -0.944853 0.000952735
        3001          -1   -0.944872 0.000952595
        3002          -1    -0.94489 0.000952454
        3003          -1   -0.944908 0.000952314
        3004          -1   -0.944927 0.000952174
        3005          -1   -0.944945 0.000952033
        3006          -1   -0.944963 0.000951892
        3007          -1   -0.944982 0.000951752
        3008          -1      -0.945 0.000951611
        3009          -1   -0.945018  0.00095147
        3010          -1   -0.945037  0.00095133
        3011          -1   -0.945055 0.000951189
        3012          -1   -0.945073 0.000951048
        3013          -1   -0.945091 0.000950907
        3014          -1   -0.945109 0.000950766
        3015          -1   -0.945128 0.000950625
        3016          -1   -0.945146 0.000950484
        3017          -1   -0.945164 0.000950343
        3018          -1   -0.945182 0.000950201
        3019          -1     -0.9452  0.00095006
        3020          -1   -0.945219 0.000949919
        3021          -1   -0.945237 0.000949778
        3022          -1   -0.945255 0.000949636
        3023          -1   -0.945273 0.000949495
        3024          -1   -0.945291 0.000949353
        3025          -1   -0.945309 0.000949212
        3026          -1   -0.945327  0.00094907
        3027          -1   -0.945345 0.000948928
        3028          -1   -0.945363 0.000948786
        3029          -1   -0.945381 0.000948645
        3030          -1   -0.945399 0.000948503
        3031          -1   -0.945417 0.000948361
        3032          -1   -0.945435 0.000948219
        3033          -1   -0.945453 0.000948077
        3034          -1   -0.945471 0.000947935
        3035          -1   -0.945489 0.000947793
        3036          -1   -0.945507 0.000947651
        3037          -1   -0.945525 0.000947509
        3038          -1   -0.945543 0.000947366
        3039          -1   -0.945561 0.000947224
        3040          -1   -0.945579 0.000947082
        3041          -1   -0.945597 0.000946939
        3042          -1   -0.945615 0.000946797
        3043          -1   -0.945633 0.000946654
        3044          -1    -0.94565 0.000946512
        3045          -1   -0.945668 0.000946369
        3046          -1   -0.945686 0.000946227
        3047          -1   -0.945704 0.000946084
        3048          -1   -0.945722 0.000945941
        3049          -1    -0.94574 0.000945799
        3050          -1   -0.945757 0.000945656
        3051          -1   -0.945775 0.000945513
        3052          -1   -0.945793  0.00094537
        3053          -1   -0.945811 0.000945227
        3054          -1   -0.945828 0.000945084
        3055          -1   -0.945846 0.000944941
        3056          -1   -0.945864 0.000944798
        3057          -1   -0.945882 0.000944655
        3058       -0.92   -0.945873 0.000944384
        3059          -1   -0.945891 0.000944241
        3060          -1   -0.945908 0.000944098
        3061          -1   -0.945926 0.000943955
        3062          -1   -0.945944 0.000943812
        3063          -1   -0.945961 0.000943669
        3064          -1   -0.945979 0.000943526
        3065          -1   -0.945997 0.000943382
        3066          -1   -0.946014 0.000943239
        3067          -1   -0.946032 0.000943096
        3068          -1    -0.94605 0.000942952
        3069          -1   -0.946067 0.000942809
        3070          -1   -0.946085 0.000942665
        3071          -1   -0.946102 0.000942522
        3072          -1    -0.94612 0.000942378
        3073          -1   -0.946137 0.000942235
        3074          -1   -0.946155 0.000942091
        3075          -1   -0.946172 0.000941948
        3076          -1    -0.94619 0.000941804
        3077          -1   -0.946207  0.00094166
        3078          -1   -0.946225 0.000941516
        3079          -1   -0.946242 0.000941373
        3080          -1    -0.94626 0.000941229
        3081          -1   -0.946277 0.000941085
        3082          -1   -0.946295 0.000940941
        3083          -1   -0.946312 0.000940797
        3084          -1   -0.946329 0.000940653
        3085          -1   -0.946347 0.000940509
        3086          -1   -0.946364 0.000940365
        3087          -1   -0.946382 0.000940221
        3088          -1   -0.946399 0.000940077
        3089          -1   -0.946416 0.000939932
        3090          -1   -0.946434 0.000939788
        3091          -1   -0.946451 0.000939644
        3092          -1   -0.946468   0.0009395
        3093          -1   -0.946486 0.000939355
        3094          -1   -0.946503 0.000939211
        3095          -1    -0.94652 0.000939066
        3096          -1   -0.946537 0.000938922
        3097          -1   -0.946555 0.000938777
        3098          -1   -0.946572 0.000938633
        3099          -1   -0.946589 0.000938488
        3100          -1   -0.946606 0.000938344
        3101          -1   -0.946624 0.000938199
        3102          -1   -0.946641 0.000938054
        3103          -1   -0.946658  0.00093791
        3104          -1   -0.946675 0.000937765
        3105          -1   -0.946692  0.00093762
        3106          -1    -0.94671 0.000937475
        3107          -1   -0.946727 0.000937331
        3108          -1   -0.946744 0.000937186
        3109          -1   -0.946761 0.000937041
        3110          -1   -0.946778 0.000936896
        3111          -1   -0.946795 0.000936751
        3112          -1   -0.946812 0.000936606
        3113          -1   -0.946829 0.000936461
        3114          -1   -0.946846 0.000936316
        3115          -1   -0.946864 0.000936171
        3116          -1   -0.946881 0.000936026
        3117          -1   -0.946898  0.00093588
        3118          -1   -0.946915 0.000935735
        3119          -1   -0.946932  0.00093559
        3120          -1   -0.946949 0.000935445
        3121          -1   -0.946966 0.000935299
        3122          -1   -0.946983 0.000935154
        3123          -1      -0.947 0.000935009
        3124          -1   -0.947017 0.000934863
        3125          -1   -0.947034 0.000934718
        3126          -1   -0.947051 0.000934572
        3127          -1   -0.947067 0.000934427
        3128          -1   -0.947084 0.000934281
        3129          -1   -0.947101 0.000934136
        3130          -1   -0.947118  0.00093399
        3131          -1   -0.947135 0.000933845
        3132          -1   -0.947152 0.000933699
        3133          -1   -0.947169 0.000933553
        3134          -1   -0.947186 0.000933408
        3135          -1   -0.947203 0.000933262
        3136          -1   -0.947219 0.000933116
        3137          -1   -0.947236  0.00093297
        3138          -1   -0.947253 0.000932825
        3139          -1    -0.94727 0.000932679
        3140          -1   -0.947287 0.000932533
        3141          -1   -0.947303 0.000932387
        3142          -1    -0.94732 0.000932241
        3143          -1   -0.947337 0.000932095
        3144          -1   -0.947354 0.000931949
        3145          -1    -0.94737 0.000931803
        3146          -1   -0.947387 0.000931657
        3147          -1   -0.947404 0.000931511
        3148          -1   -0.947421 0.000931365
        3149          -1   -0.947437 0.000931219
        3150          -1   -0.947454 0.000931073
        3151          -1   -0.947471 0.000930927
        3152          -1   -0.947487  0.00093078
        3153          -1   -0.947504 0.000930634
        3154          -1   -0.947521 0.000930488
        3155          -1   -0.947537 0.000930342
        3156          -1   -0.947554 0.000930195
        3157          -1    -0.94757 0.000930049
        3158          -1   -0.947587 0.000929903
        3159          -1   -0.947604 0.000929756
        3160          -1    -0.94762  0.00092961
        3161          -1   -0.947637 0.000929464
        3162          -1   -0.947653 0.000929317
        3163          -1    -0.94767 0.000929171
        3164          -1   -0.947686 0.000929024
        3165          -1   -0.947703 0.000928878
        3166          -1    -0.94772 0.000928731
        3167          -1   -0.947736 0.000928585
        3168          -1   -0.947753 0.000928438
        3169          -1   -0.947769 0.000928291
        3170          -1   -0.947785 0.000928145
        3171          -1   -0.947802 0.000927998
        3172          -1   -0.947818 0.000927852
        3173          -1   -0.947835 0.000927705
        3174          -1   -0.947851 0.000927558
        3175          -1   -0.947868 0.000927411
        3176          -1   -0.947884 0.000927265
        3177          -1   -0.947901 0.000927118
        3178          -1   -0.947917 0.000926971
        3179          -1   -0.947933 0.000926824
        3180          -1    -0.94795 0.000926677
        3181          -1   -0.947966 0.000926531
        3182          -1   -0.947982 0.000926384
        3183          -1   -0.947999 0.000926237
        3184          -1   -0.948015  0.00092609
        3185          -1   -0.948031 0.000925943
        3186          -1   -0.948048 0.000925796
        3187          -1   -0.948064 0.000925649
        3188          -1    -0.94808 0.000925502
        3189          -1   -0.948097 0.000925355
        3190          -1   -0.948113 0.000925208
        3191          -1   -0.948129 0.000925061
        3192          -1   -0.948145 0.000924914
        3193          -1   -0.948162 0.000924767
        3194          -1   -0.948178 0.000924619
        3195          -1   -0.948194 0.000924472
        3196          -1    -0.94821 0.000924325
        3197          -1   -0.948226 0.000924178
        3198          -1   -0.948243 0.000924031
        3199          -1   -0.948259 0.000923884
        3200          -1   -0.948275 0.000923736
        3201          -1   -0.948291 0.000923589
        3202          -1   -0.948307 0.000923442
        3203          -1   -0.948323 0.000923295
        3204          -1    -0.94834 0.000923147
        3205          -1   -0.948356    0.000923
        3206          -1   -0.948372 0.000922853
        3207          -1   -0.948388 0.000922705
        3208          -1   -0.948404 0.000922558
        3209          -1    -0.94842  0.00092241
        3210          -1   -0.948436 0.000922263
        3211          -1   -0.948452 0.000922116
        3212          -1   -0.948468 0.000921968
        3213          -1   -0.948484 0.000921821
        3214          -1     -0.9485 0.000921673
        3215          -1   -0.948516 0.000921526
        3216          -1   -0.948532 0.000921378
        3217          -1   -0.948548 0.000921231
        3218          -1   -0.948564 0.000921083
        3219          -1    -0.94858 0.000920936
        3220          -1   -0.948596 0.000920788
        3221          -1   -0.948612 0.000920641
        3222          -1   -0.948628 0.000920493
        3223          -1   -0.948644 0.000920345
        3224          -1    -0.94866 0.000920198
        3225          -1   -0.948676  0.00092005
        3226          -1   -0.948692 0.000919902
        3227          -1   -0.948708 0.000919755
        3228          -1   -0.948724 0.000919607
        3229          -1    -0.94874 0.000919459
        3230          -1   -0.948755 0.000919312
        3231          -1   -0.948771 0.000919164
        3232          -1   -0.948787 0.000919016
        3233       -0.92   -0.948778 0.000918775
        3234          -1   -0.948794 0.000918627
        3235          -1    -0.94881  0.00091848
        3236          -1   -0.948826 0.000918332
        3237          -1   -0.948842 0.000918185
        3238          -1   -0.948857 0.000918037
        3239          -1   -0.948873 0.000917889
        3240          -1   -0.948889 0.000917742
        3241          -1   -0.948905 0.000917594
        3242          -1    -0.94892 0.000917446
        3243          -1   -0.948936 0.000917299
        3244          -1   -0.948952 0.000917151
        3245          -1   -0.948968 0.000917003
        3246          -1   -0.948983 0.000916855
        3247          -1   -0.948999 0.000916708
        3248          -1   -0.949015  0.00091656
        3249          -1    -0.94903 0.000916412
        3250          -1   -0.949046 0.000916264
        3251          -1   -0.949062 0.000916116
        3252          -1   -0.949077 0.000915969
        3253          -1   -0.949093 0.000915821
        3254          -1   -0.949109 0.000915673
        3255          -1   -0.949124 0.000915525
        3256          -1    -0.94914 0.000915377
        3257          -1   -0.949156 0.000915229
        3258          -1   -0.949171 0.000915082
        3259          -1   -0.949187 0.000914934
        3260          -1   -0.949202 0.000914786
        3261          -1   -0.949218 0.000914638
        3262          -1   -0.949234  0.00091449
        3263          -1   -0.949249 0.000914342
        3264          -1   -0.949265 0.000914194
        3265          -1    -0.94928 0.000914046
        3266          -1   -0.949296 0.000913898
        3267          -1   -0.949311  0.00091375
        3268          -1   -0.949327 0.000913602
        3269          -1   -0.949342 0.000913454
        3270          -1   -0.949358 0.000913306
        3271          -1   -0.949373 0.000913158
        3272          -1   -0.949389  0.00091301
        3273          -1   -0.949404 0.000912862
        3274          -1    -0.94942 0.000912714
        3275          -1   -0.949435 0.000912566
        3276          -1   -0.949451 0.000912418
        3277          -1   -0.949466  0.00091227
        3278          -1   -0.949481 0.000912122
        3279          -1   -0.949497 0.000911974
        3280          -1   -0.949512 0.000911826
        3281          -1   -0.949528 0.000911678
        3282          -1   -0.949543  0.00091153
        3283          -1   -0.949558 0.000911382
        3284          -1   -0.949574 0.000911234
        3285          -1   -0.949589 0.000911085
        3286          -1   -0.949604 0.000910937
        3287          -1    -0.94962 0.000910789
        3288          -1   -0.949635 0.000910641
        3289          -1    -0.94965 0.000910493
        3290          -1   -0.949666 0.000910345
        3291          -1   -0.949681 0.000910197
        3292          -1   -0.949696 0.000910049
        3293          -1   -0.949712   0.0009099
        3294          -1   -0.949727 0.000909752
        3295          -1   -0.949742 0.000909604
        3296          -1   -0.949757 0.000909456
        3297          -1   -0.949773 0.000909308
        3298          -1   -0.949788  0.00090916
        3299          -1   -0.949803 0.000909011
        3300          -1   -0.949818 0.000908863
        3301          -1   -0.949833 0.000908715
        3302          -1   -0.949849 0.000908567
        3303          -1   -0.949864 0.000908419
        3304          -1   -0.949879  0.00090827
        3305          -1   -0.949894 0.000908122
        3306          -1   -0.949909 0.000907974
        3307          -1   -0.949924 0.000907826
        3308          -1    -0.94994 0.000907677
        3309          -1   -0.949955 0.000907529
        3310          -1    -0.94997 0.000907381
        3311          -1   -0.949985 0.000907233
        3312          -1       -0.95 0.000907084
        3313          -1   -0.950015 0.000906936
        3314          -1    -0.95003 0.000906788
        3315          -1   -0.950045  0.00090664
        3316          -1    -0.95006 0.000906491
        3317          -1   -0.950075 0.000906343
        3318          -1    -0.95009 0.000906195
        3319          -1   -0.950105 0.000906047
        3320          -1    -0.95012 0.000905898
        3321          -1   -0.950136  0.00090575
        3322          -1   -0.950151 0.000905602
        3323          -1   -0.950166 0.000905453
        3324          -1   -0.950181 0.000905305
        3325          -1   -0.950195 0.000905157
        3326          -1    -0.95021 0.000905009
        3327          -1   -0.950225  0.00090486
        3328          -1    -0.95024 0.000904712
        3329          -1   -0.950255 0.000904564
        3330          -1    -0.95027 0.000904415
        3331          -1   -0.950285 0.000904267
        3332          -1     -0.9503 0.000904119
        3333          -1   -0.950315  0.00090397
        3334          -1    -0.95033 0.000903822
        3335          -1   -0.950345 0.000903674
        3336          -1    -0.95036 0.000903526
        3337          -1   -0.950375 0.000903377
        3338          -1   -0.950389 0.000903229
        3339          -1   -0.950404 0.000903081
        3340          -1   -0.950419 0.000902932
        3341          -1   -0.950434 0.000902784
        3342          -1   -0.950449 0.000902636
        3343          -1   -0.950464 0.000902487
        3344       -0.92   -0.950455 0.000902263
        3345          -1   -0.950469 0.000902115
        3346          -1   -0.950484 0.000901967
        3347       -0.92   -0.950475 0.000901744
        3348       -0.92   -0.950466  0.00090152
        3349          -1   -0.950481 0.000901372
        3350          -1   -0.950496 0.000901225
        3351          -1    -0.95051 0.000901077
        3352          -1   -0.950525 0.000900929
        3353          -1    -0.95054 0.000900781
        3354          -1   -0.950555 0.000900633
        3355          -1   -0.950569 0.000900485
        3356          -1   -0.950584 0.000900337
        3357          -1   -0.950599 0.000900189
        3358          -1   -0.950613 0.000900042
        3359          -1   -0.950628 0.000899894
        3360          -1   -0.950643 0.000899746
        3361          -1   -0.950658 0.000899598
        3362          -1   -0.950672  0.00089945
        3363          -1   -0.950687 0.000899302
        3364          -1   -0.950702 0.000899154
        3365          -1   -0.950716 0.000899006
        3366          -1   -0.950731 0.000898859
        3367          -1   -0.950745 0.000898711
        3368          -1    -0.95076 0.000898563
        3369          -1   -0.950775 0.000898415
        3370          -1   -0.950789 0.000898267
        3371          -1   -0.950804 0.000898119
        3372          -1   -0.950819 0.000897971
        3373          -1   -0.950833 0.000897824
        3374          -1   -0.950848 0.000897676
        3375          -1   -0.950862 0.000897528
        3376          -1   -0.950877  0.00089738
        3377          -1   -0.950891 0.000897232
        3378          -1   -0.950906 0.000897084
        3379       -0.92   -0.950897 0.000896866
        3380          -1   -0.950911 0.000896718
        3381          -1   -0.950926  0.00089657
        3382          -1    -0.95094 0.000896422
        3383          -1   -0.950955 0.000896275
        3384          -1   -0.950969 0.000896127
        3385          -1   -0.950984 0.000895979
        3386          -1   -0.950998 0.000895832
        3387          -1   -0.951013 0.000895684
        3388       -0.92   -0.951004 0.000895466
        3389       -0.92   -0.950994 0.000895249
        3390       -0.92   -0.950985 0.000895032
        3391       -0.92   -0.950976 0.000894814
        3392       -0.92   -0.950967 0.000894597
        3393       -0.92   -0.950958  0.00089438
        3394       -0.92   -0.950949 0.000894163
        3395       -0.92    -0.95094 0.000893946
        3396       -0.92   -0.950931 0.000893729
        3397       -0.92   -0.950921 0.000893513
        3398       -0.92   -0.950912 0.000893296
        3399       -0.92   -0.950903 0.000893079
        3400       -0.92   -0.950894 0.000892863
        3401       -0.92   -0.950885 0.000892647
        3402       -0.92   -0.950876  0.00089243
        3403       -0.92   -0.950867 0.000892214
        3404       -0.92   -0.950858 0.000891998
        3405       -0.92   -0.950849 0.000891782
        3406       -0.92    -0.95084 0.000891567
        3407       -0.92   -0.950831 0.000891351
        3408       -0.92   -0.950822 0.000891135
        3409       -0.92   -0.950813  0.00089092
        3410       -0.92   -0.950804 0.000890704
        3411       -0.92   -0.950794 0.000890489
        3412       -0.92   -0.950785 0.000890274
        3413       -0.92   -0.950776 0.000890058
        3414       -0.92   -0.950767 0.000889843
        3415       -0.92   -0.950758 0.000889628
        3416       -0.92   -0.950749 0.000889414
        3417       -0.92    -0.95074 0.000889199
        3418       -0.92   -0.950731 0.000888984
        3419       -0.92   -0.950722  0.00088877
        3420       -0.92   -0.950713 0.000888555
        3421       -0.92   -0.950704 0.000888341
        3422       -0.92   -0.950695 0.000888126
        3423       -0.92   -0.950687 0.000887912
        3424       -0.92   -0.950678 0.000887698
        3425       -0.92   -0.950669 0.000887484
        3426       -0.92    -0.95066  0.00088727
        3427       -0.92   -0.950651 0.000887056
        3428       -0.92   -0.950642 0.000886843
        3429       -0.92   -0.950633 0.000886629
        3430       -0.92   -0.950624 0.000886416
        3431       -0.92   -0.950615 0.000886202
        3432       -0.84   -0.950583  0.00088653
        3433       -0.76   -0.950527 0.000888008
        3434       -0.76   -0.950472 0.000889481
        3435       -0.84    -0.95044 0.000889803
        3436       -0.84   -0.950407 0.000890125
        3437       -0.84   -0.950375 0.000890445
        3438       -0.84   -0.950343 0.000890765
        3439       -0.92   -0.950334 0.000890549
        3440       -0.92   -0.950326 0.000890334
        3441       -0.92   -0.950317 0.000890119
        3442       -0.92   -0.950308 0.000889904
        3443       -0.92   -0.950299 0.000889689
        3444       -0.92    -0.95029 0.000889474
        3445       -0.92   -0.950282  0.00088926
        3446       -0.92   -0.950273 0.000889045
        3447       -0.92   -0.950264  0.00088883
        3448       -0.92   -0.950255 0.000888616
        3449       -0.92   -0.950246 0.000888402
        3450       -0.92   -0.950238 0.000888187
        3451       -0.92   -0.950229 0.000887973
        3452          -1   -0.950243 0.000887833
        3453          -1   -0.950258 0.000887693
        3454          -1   -0.950272 0.000887553
        3455          -1   -0.950287 0.000887412
        3456          -1   -0.950301 0.000887272
        3457          -1   -0.950315 0.000887132
        3458       -0.92   -0.950307 0.000886919
        3459       -0.92   -0.950298 0.000886706
        3460       -0.92   -0.950289 0.000886493
        3461       -0.92    -0.95028  0.00088628
        3462       -0.92   -0.950272 0.000886067
        3463       -0.92   -0.950263 0.000885854
        3464          -1   -0.950277 0.000885715
        3465          -1   -0.950291 0.000885575
        3466          -1   -0.950306 0.000885436
        3467          -1    -0.95032 0.000885297
        3468          -1   -0.950334 0.000885157
        3469          -1   -0.950349 0.000885018
        3470          -1   -0.950363 0.000884878
        3471          -1   -0.950377 0.000884739
        3472          -1   -0.950392   0.0008846
        3473          -1   -0.950406  0.00088446
        3474          -1    -0.95042 0.000884321
        3475          -1   -0.950435 0.000884181
        3476          -1   -0.950449 0.000884042
        3477          -1   -0.950463 0.000883903
        3478          -1   -0.950477 0.000883763
        3479          -1   -0.950492 0.000883624
        3480          -1   -0.950506 0.000883484
        3481          -1    -0.95052 0.000883345
        3482          -1   -0.950534 0.000883206
        3483          -1   -0.950548 0.000883066
        3484          -1   -0.950563 0.000882927
        3485          -1   -0.950577 0.000882787
        3486          -1   -0.950591 0.000882648
        3487       -0.92   -0.950582 0.000882439
        3488       -0.92   -0.950573 0.000882229
        3489       -0.92   -0.950565  0.00088202
        3490       -0.92   -0.950556 0.000881811
        3491       -0.92   -0.950547 0.000881601
        3492       -0.92   -0.950538 0.000881392
        3493       -0.92    -0.95053 0.000881183
        3494       -0.92   -0.950521 0.000880974
        3495       -0.92   -0.950512 0.000880766
        3496       -0.92   -0.950503 0.000880557
        3497       -0.92   -0.950495 0.000880348
        3498       -0.92   -0.950486  0.00088014
        3499       -0.92   -0.950477 0.000879931
        3500       -0.92   -0.950469 0.000879723
        3501       -0.92    -0.95046 0.000879515
        3502       -0.92   -0.950451 0.000879307
        3503       -0.92   -0.950442 0.000879099
        3504       -0.92   -0.950434 0.000878891
        3505       -0.84   -0.950402 0.000879205
        3506       -0.92   -0.950394 0.000878997
        3507       -0.92   -0.950385 0.000878789
        3508       -0.92   -0.950376 0.000878581
        3509       -0.92   -0.950368 0.000878373
        3510       -0.92   -0.950359 0.000878165
        3511       -0.92    -0.95035 0.000877958
        3512       -0.92   -0.950342  0.00087775
        3513       -0.92   -0.950333 0.000877543
        3514       -0.92   -0.950324 0.000877336
        3515       -0.92   -0.950316 0.000877129
        3516       -0.92   -0.950307 0.000876922
        3517       -0.92   -0.950299 0.000876715
        3518       -0.92    -0.95029 0.000876508
        3519       -0.92   -0.950281 0.000876301
        3520       -0.92   -0.950273 0.000876094
        3521       -0.92   -0.950264 0.000875887
        3522       -0.84   -0.950233 0.000876198
        3523       -0.84   -0.950202 0.000876508
        3524       -0.92   -0.950193 0.000876301
        3525       -0.92   -0.950184 0.000876094
        3526       -0.92   -0.950176 0.000875888
        3527       -0.92   -0.950167 0.000875681
        3528       -0.92   -0.950159 0.000875475
        3529       -0.92    -0.95015 0.000875268
        3530       -0.92   -0.950142 0.000875062
        3531       -0.92   -0.950133 0.000874856
        3532       -0.92   -0.950125  0.00087465
        3533       -0.92   -0.950116 0.000874444
        3534       -0.92   -0.950108 0.000874238
        3535       -0.92   -0.950099 0.000874032
        3536       -0.92    -0.95009 0.000873826
        3537       -0.92   -0.950082 0.000873621
        3538       -0.92   -0.950073 0.000873415
        3539       -0.92   -0.950065  0.00087321
        3540       -0.92   -0.950056 0.000873004
        3541       -0.92   -0.950048 0.000872799
        3542       -0.92    -0.95004 0.000872594
        3543       -0.92   -0.950031 0.000872389
        3544       -0.92   -0.950023 0.000872184
        3545       -0.92   -0.950014 0.000871979
        3546       -0.92   -0.950006 0.000871774
        3547       -0.92   -0.949997 0.000871569
        3548       -0.92   -0.949989 0.000871365
        3549       -0.92    -0.94998  0.00087116
        3550       -0.84   -0.949949 0.000871465
        3551       -0.84   -0.949918  0.00087177
        3552       -0.84   -0.949887 0.000872073
        3553       -0.84   -0.949856 0.000872376
        3554       -0.84   -0.949826 0.000872678
        3555       -0.84   -0.949795 0.000872979
        3556       -0.84   -0.949764  0.00087328
        3557       -0.92   -0.949755 0.000873074
        3558       -0.92   -0.949747 0.000872869
        3559       -0.92   -0.949739 0.000872664
        3560       -0.92    -0.94973 0.000872459
        3561       -0.92   -0.949722 0.000872254
        3562       -0.92   -0.949714 0.000872049
        3563       -0.92   -0.949705 0.000871844
        3564       -0.92   -0.949697 0.000871639
        3565       -0.92   -0.949689 0.000871434
        3566       -0.92    -0.94968  0.00087123
        3567       -0.92   -0.949672 0.000871025
        3568       -0.92   -0.949664 0.000870821
        3569       -0.92   -0.949655 0.000870616
        3570       -0.92   -0.949647 0.000870412
        3571       -0.92   -0.949639 0.000870208
        3572       -0.92    -0.94963 0.000870004
        3573       -0.92   -0.949622   0.0008698
        3574       -0.92   -0.949614 0.000869596
        3575       -0.92   -0.949606 0.000869392
        3576       -0.92   -0.949597 0.000869189
        3577       -0.92   -0.949589 0.000868985
        3578       -0.92   -0.949581 0.000868781
        3579       -0.92   -0.949573 0.000868578
        3580       -0.92   -0.949564 0.000868375
        3581       -0.92   -0.949556 0.000868171
        3582       -0.92   -0.949548 0.000867968
        3583       -0.92   -0.949539 0.000867765
        3584       -0.92   -0.949531 0.000867562
        3585       -0.92   -0.949523 0.000867359
        3586       -0.92   -0.949515 0.000867156
        3587       -0.92   -0.949507 0.000866954
        3588          -1   -0.949521 0.000866826
        3589          -1   -0.949535 0.000866699
        3590          -1   -0.949549 0.000866571
        3591          -1   -0.949563 0.000866444
        3592          -1   -0.949577 0.000866317
        3593          -1   -0.949591 0.000866189
        3594          -1   -0.949605 0.000866062
        3595          -1   -0.949619 0.000865934
        3596          -1   -0.949633 0.000865807
        3597       -0.92   -0.949625 0.000865605
        3598       -0.92   -0.949616 0.000865404
        3599       -0.92   -0.949608 0.000865202
        3600       -0.92     -0.9496 0.000865001
        3601       -0.92   -0.949592   0.0008648
        3602          -1   -0.949606 0.000864673
        3603          -1    -0.94962 0.000864546
        3604          -1   -0.949634 0.000864419
        3605          -1   -0.949648 0.000864293
        3606          -1   -0.949662 0.000864166
        3607          -1   -0.949676 0.000864039
        3608          -1    -0.94969 0.000863912
        3609          -1   -0.949704 0.000863785
        3610          -1   -0.949717 0.000863658
        3611          -1   -0.949731 0.000863531
        3612          -1   -0.949745 0.000863404
        3613          -1   -0.949759 0.000863277
        3614          -1   -0.949773  0.00086315
        3615          -1   -0.949787 0.000863023
        3616          -1   -0.949801 0.000862896
        3617          -1   -0.949815 0.000862769
        3618          -1   -0.949829 0.000862642
        3619          -1   -0.949842 0.000862516
        3620          -1   -0.949856 0.000862389
        3621          -1    -0.94987 0.000862262
        3622          -1   -0.949884 0.000862135
        3623          -1   -0.949898 0.000862008
        3624          -1   -0.949912 0.000861881
        3625          -1   -0.949926 0.000861754
        3626          -1   -0.949939 0.000861627
        3627          -1   -0.949953   0.0008615
        3628          -1   -0.949967 0.000861372
        3629          -1   -0.949981 0.000861245
        3630          -1   -0.949994 0.000861118
        3631          -1   -0.950008 0.000860991
        3632          -1   -0.950022 0.000860864
        3633          -1   -0.950036 0.000860737
        3634          -1    -0.95005  0.00086061
        3635          -1   -0.950063 0.000860483
        3636          -1   -0.950077 0.000860356
        3637          -1   -0.950091 0.000860229
        3638          -1   -0.950104 0.000860102
        3639          -1   -0.950118 0.000859975
        3640          -1   -0.950132 0.000859848
        3641          -1   -0.950146 0.000859721
        3642          -1   -0.950159 0.000859594
        3643          -1   -0.950173 0.000859467
        3644          -1   -0.950187 0.000859339
        3645          -1     -0.9502 0.000859212
        3646          -1   -0.950214 0.000859085
        3647          -1   -0.950228 0.000858958
        3648          -1   -0.950241 0.000858831
        3649          -1   -0.950255 0.000858704
        3650          -1   -0.950268 0.000858577
        3651          -1   -0.950282  0.00085845
        3652          -1   -0.950296 0.000858323
        3653          -1   -0.950309 0.000858195
        3654          -1   -0.950323 0.000858068
        3655          -1   -0.950337 0.000857941
        3656          -1    -0.95035 0.000857814
        3657          -1   -0.950364 0.000857687
        3658          -1   -0.950377  0.00085756
        3659          -1   -0.950391 0.000857433
        3660          -1   -0.950404 0.000857306
        3661          -1   -0.950418 0.000857178
        3662          -1   -0.950431 0.000857051
        3663          -1   -0.950445 0.000856924
        3664          -1   -0.950459 0.000856797
        3665          -1   -0.950472  0.00085667
        3666          -1   -0.950486 0.000856543
        3667          -1   -0.950499 0.000856415
        3668          -1   -0.950513 0.000856288
        3669          -1   -0.950526 0.000856161
        3670          -1    -0.95054 0.000856034
        3671          -1   -0.950553 0.000855907
        3672          -1   -0.950566  0.00085578
        3673          -1    -0.95058 0.000855652
        3674          -1   -0.950593 0.000855525
        3675          -1   -0.950607 0.000855398
        3676          -1    -0.95062 0.000855271
        3677          -1   -0.950634 0.000855144
        3678          -1   -0.950647 0.000855017
        3679          -1   -0.950661 0.000854889
        3680          -1   -0.950674 0.000854762
        3681          -1   -0.950687 0.000854635
        3682          -1   -0.950701 0.000854508
        3683          -1   -0.950714 0.000854381
        3684          -1   -0.950727 0.000854254
        3685          -1   -0.950741 0.000854126
        3686          -1   -0.950754 0.000853999
        3687          -1   -0.950768 0.000853872
        3688          -1   -0.950781 0.000853745
        3689          -1   -0.950794 0.000853618
        3690          -1   -0.950808  0.00085349
        3691          -1   -0.950821 0.000853363
        3692          -1   -0.950834 0.000853236
        3693          -1   -0.950848 0.000853109
        3694          -1   -0.950861 0.000852982
        3695          -1   -0.950874 0.000852855
        3696       -0.92   -0.950866 0.000852665
        3697       -0.92   -0.950857 0.000852475
        3698       -0.92   -0.950849 0.000852285
        3699          -1   -0.950862 0.000852158
        3700          -1   -0.950876 0.000852032
        3701          -1   -0.950889 0.000851905
        3702          -1   -0.950902 0.000851778
        3703          -1   -0.950915 0.000851651
        3704          -1   -0.950929 0.000851524
        3705          -1   -0.950942 0.000851397
        3706          -1   -0.950955 0.000851271
        3707          -1   -0.950968 0.000851144
        3708          -1   -0.950982 0.000851017
        3709          -1   -0.950995  0.00085089
        3710          -1   -0.951008 0.000850763
        3711          -1   -0.951021 0.000850636
        3712          -1   -0.951034  0.00085051
        3713          -1   -0.951048 0.000850383
        3714          -1   -0.951061 0.000850256
        3715          -1   -0.951074 0.000850129
        3716          -1   -0.951087 0.000850002
        3717          -1     -0.9511 0.000849875
        3718          -1   -0.951114 0.000849749
        3719          -1   -0.951127 0.000849622
        3720          -1    -0.95114 0.000849495
        3721          -1   -0.951153 0.000849368
        3722          -1   -0.951166 0.000849241
        3723          -1   -0.951179 0.000849115
        3724          -1   -0.951192 0.000848988
        3725          -1   -0.951205 0.000848861
        3726          -1   -0.951218 0.000848734
        3727          -1   -0.951232 0.000848607
        3728          -1   -0.951245  0.00084848
        3729          -1   -0.951258 0.000848354
        3730          -1   -0.951271 0.000848227
        3731          -1   -0.951284   0.0008481
        3732          -1   -0.951297 0.000847973
        3733          -1    -0.95131 0.000847846
        3734          -1   -0.951323  0.00084772
        3735          -1   -0.951336 0.000847593
        3736          -1   -0.951349 0.000847466
        3737          -1   -0.951362 0.000847339
        3738          -1   -0.951375 0.000847213
        3739          -1   -0.951388 0.000847086
        3740          -1   -0.951401 0.000846959
        3741          -1   -0.951414 0.000846832
        3742          -1   -0.951427 0.000846705
        3743          -1    -0.95144 0.000846579
        3744          -1   -0.951453 0.000846452
        3745       -0.92   -0.951445 0.000846268
        3746       -0.92   -0.951436 0.000846083
        3747       -0.92   -0.951428 0.000845899
        3748       -0.92   -0.951419 0.000845715
        3749          -1   -0.951432 0.000845589
        3750          -1   -0.951445 0.000845462
        3751          -1   -0.951458 0.000845336
        3752          -1   -0.951471  0.00084521
        3753          -1   -0.951484 0.000845083
        3754          -1   -0.951497 0.000844957
        3755          -1    -0.95151 0.000844831
        3756          -1   -0.951523 0.000844704
        3757          -1   -0.951536 0.000844578
        3758          -1   -0.951549 0.000844452
        3759          -1   -0.951562 0.000844326
        3760          -1   -0.951574 0.000844199
        3761          -1   -0.951587 0.000844073
        3762          -1     -0.9516 0.000843947
        3763          -1   -0.951613 0.000843821
        3764          -1   -0.951626 0.000843694
        3765          -1   -0.951639 0.000843568
        3766          -1   -0.951652 0.000843442
        3767          -1   -0.951664 0.000843315
        3768          -1   -0.951677 0.000843189
        3769          -1    -0.95169 0.000843063
        3770          -1   -0.951703 0.000842937
        3771          -1   -0.951716  0.00084281
        3772          -1   -0.951729 0.000842684
        3773          -1   -0.951741 0.000842558
        3774          -1   -0.951754 0.000842432
        3775          -1   -0.951767 0.000842306
        3776          -1    -0.95178 0.000842179
        3777          -1   -0.951792 0.000842053
        3778          -1   -0.951805 0.000841927
        3779          -1   -0.951818 0.000841801
        3780          -1   -0.951831 0.000841675
        3781          -1   -0.951843 0.000841548
        3782          -1   -0.951856 0.000841422
        3783          -1   -0.951869 0.000841296
        3784          -1   -0.951882  0.00084117
        3785          -1   -0.951894 0.000841044
        3786          -1   -0.951907 0.000840917
        3787          -1    -0.95192 0.000840791
        3788          -1   -0.951932 0.000840665
        3789          -1   -0.951945 0.000840539
        3790          -1   -0.951958 0.000840413
        3791       -0.92   -0.951949 0.000840233
        3792       -0.92   -0.951941 0.000840054
        3793       -0.92   -0.951933 0.000839875
        3794       -0.92   -0.951924 0.000839696
        3795          -1   -0.951937  0.00083957
        3796          -1   -0.951949 0.000839444
        3797          -1   -0.951962 0.000839318
        3798          -1   -0.951975 0.000839193
        3799          -1   -0.951987 0.000839067
        3800          -1      -0.952 0.000838941
        3801          -1   -0.952013 0.000838816
        3802          -1   -0.952025  0.00083869
        3803          -1   -0.952038 0.000838564
        3804          -1    -0.95205 0.000838439
        3805          -1   -0.952063 0.000838313
        3806          -1   -0.952076 0.000838187
        3807          -1   -0.952088 0.000838062
        3808          -1   -0.952101 0.000837936
        3809          -1   -0.952113 0.000837811
        3810          -1   -0.952126 0.000837685
        3811          -1   -0.952139 0.000837559
        3812          -1   -0.952151 0.000837434
        3813          -1   -0.952164 0.000837308
        3814          -1   -0.952176 0.000837182
        3815          -1   -0.952189 0.000837057
        3816          -1   -0.952201 0.000836931
        3817          -1   -0.952214 0.000836806
        3818          -1   -0.952226  0.00083668
        3819          -1   -0.952239 0.000836555
        3820          -1   -0.952251 0.000836429
        3821          -1   -0.952264 0.000836303
        3822          -1   -0.952276 0.000836178
        3823          -1   -0.952289 0.000836052
        3824          -1   -0.952301 0.000835927
        3825          -1   -0.952314 0.000835801
        3826          -1   -0.952326 0.000835676
        3827          -1   -0.952339  0.00083555
        3828          -1   -0.952351 0.000835425
        3829          -1   -0.952364 0.000835299
        3830          -1   -0.952376 0.000835174
        3831          -1   -0.952388 0.000835048
        3832          -1   -0.952401 0.000834923
        3833          -1   -0.952413 0.000834797
        3834       -0.92   -0.952405 0.000834622
        3835       -0.92   -0.952396 0.000834447
        3836       -0.92   -0.952388 0.000834273
        3837          -1     -0.9524 0.000834147
        3838          -1   -0.952413 0.000834022
        3839          -1   -0.952425 0.000833897
        3840          -1   -0.952438 0.000833772
        3841          -1    -0.95245 0.000833647
        3842          -1   -0.952462 0.000833522
        3843          -1   -0.952475 0.000833397
        3844          -1   -0.952487 0.000833272
        3845          -1   -0.952499 0.000833147
        3846          -1   -0.952512 0.000833021
        3847          -1   -0.952524 0.000832896
        3848          -1   -0.952536 0.000832771
        3849          -1   -0.952549 0.000832646
        3850          -1   -0.952561 0.000832521
        3851          -1   -0.952573 0.000832396
        3852          -1   -0.952586 0.000832271
        3853          -1   -0.952598 0.000832146
        3854          -1    -0.95261 0.000832021
        3855          -1   -0.952623 0.000831896
        3856          -1   -0.952635 0.000831771
        3857          -1   -0.952647 0.000831646
        3858          -1   -0.952659 0.000831521
        3859          -1   -0.952672 0.000831396
        3860          -1   -0.952684 0.000831271
        3861          -1   -0.952696 0.000831146
        3862          -1   -0.952708 0.000831021
        3863          -1   -0.952721 0.000830896
        3864          -1   -0.952733 0.000830771
        3865          -1   -0.952745 0.000830646
        3866          -1   -0.952757 0.000830521
        3867          -1    -0.95277 0.000830396
        3868          -1   -0.952782 0.000830271
        3869          -1   -0.952794 0.000830147
        3870          -1   -0.952806 0.000830022
        3871          -1   -0.952818 0.000829897
        3872          -1   -0.952831 0.000829772
        3873          -1   -0.952843 0.000829647
        3874          -1   -0.952855 0.000829522
        3875          -1   -0.952867 0.000829397
        3876          -1   -0.952879 0.000829272
        3877          -1   -0.952891 0.000829148
        3878          -1   -0.952904 0.000829023
        3879          -1   -0.952916 0.000828898
        3880          -1   -0.952928 0.000828773
        3881          -1    -0.95294 0.000828648
        3882          -1   -0.952952 0.000828524
        3883          -1   -0.952964 0.000828399
        3884          -1   -0.952976 0.000828274
        3885          -1   -0.952988 0.000828149
        3886          -1   -0.953001 0.000828025
        3887          -1   -0.953013   0.0008279
        3888          -1   -0.953025 0.000827775
        3889          -1   -0.953037  0.00082765
        3890          -1   -0.953049 0.000827526
        3891          -1   -0.953061 0.000827401
        3892          -1   -0.953073 0.000827276
        3893          -1   -0.953085 0.000827151
        3894          -1   -0.953097 0.000827027
        3895          -1   -0.953109 0.000826902
        3896          -1   -0.953121 0.000826777
        3897          -1   -0.953133 0.000826653
        3898          -1   -0.953145 0.000826528
        3899          -1   -0.953157 0.000826404
        3900          -1   -0.953169 0.000826279
        3901          -1   -0.953181 0.000826154
        3902          -1   -0.953193  0.00082603
        3903          -1   -0.953205 0.000825905
        3904          -1   -0.953217 0.000825781
        3905          -1   -0.953229 0.000825656
        3906          -1   -0.953241 0.000825531
        3907          -1   -0.953253 0.000825407
        3908          -1   -0.953265 0.000825282
        3909          -1   -0.953277 0.000825158
        3910          -1   -0.953289 0.000825033
        3911          -1   -0.953301 0.000824909
        3912          -1   -0.953313 0.000824784
        3913          -1   -0.953325  0.00082466
        3914          -1   -0.953337 0.000824535
        3915          -1   -0.953349 0.000824411
        3916          -1   -0.953361 0.000824286
        3917          -1   -0.953372 0.000824162
        3918          -1   -0.953384 0.000824038
        3919          -1   -0.953396 0.000823913
        3920          -1   -0.953408 0.000823789
        3921          -1    -0.95342 0.000823664
        3922          -1   -0.953432  0.00082354
        3923          -1   -0.953444 0.000823416
        3924          -1   -0.953456 0.000823291
        3925          -1   -0.953468 0.000823167
        3926          -1   -0.953479 0.000823042
        3927          -1   -0.953491 0.000822918
        3928          -1   -0.953503 0.000822794
        3929          -1   -0.953515 0.000822669
        3930          -1   -0.953527 0.000822545
        3931          -1   -0.953539 0.000822421
        3932          -1    -0.95355 0.000822297
        3933          -1   -0.953562 0.000822172
        3934          -1   -0.953574 0.000822048
        3935          -1   -0.953586 0.000821924
        3936          -1   -0.953598   0.0008218
        3937          -1   -0.953609 0.000821675
        3938          -1   -0.953621 0.000821551
        3939          -1   -0.953633 0.000821427
        3940          -1   -0.953645 0.000821303
        3941          -1   -0.953656 0.000821179
        3942          -1   -0.953668 0.000821054
        3943          -1    -0.95368  0.00082093
        3944          -1   -0.953692 0.000820806
        3945          -1   -0.953703 0.000820682
        3946       -0.92   -0.953695 0.000820518
        3947       -0.92   -0.953686 0.000820355
        3948          -1   -0.953698 0.000820231
        3949          -1    -0.95371 0.000820107
        3950          -1   -0.953722 0.000819983
        3951          -1   -0.953733 0.000819859
        3952          -1   -0.953745 0.000819736
        3953          -1   -0.953757 0.000819612
        3954          -1   -0.953768 0.000819488
        3955          -1    -0.95378 0.000819364
        3956          -1   -0.953792  0.00081924
        3957          -1   -0.953803 0.000819116
        3958          -1   -0.953815 0.000818993
        3959          -1   -0.953827 0.000818869
        3960          -1   -0.953838 0.000818745
        3961          -1    -0.95385 0.000818621
        3962          -1   -0.953862 0.000818497
        3963          -1   -0.953873 0.000818374
        3964          -1   -0.953885  0.00081825
        3965          -1   -0.953897 0.000818126
        3966          -1   -0.953908 0.000818003
        3967          -1    -0.95392 0.000817879
        3968          -1   -0.953931 0.000817755
        3969          -1   -0.953943 0.000817632
        3970          -1   -0.953955 0.000817508
        3971          -1   -0.953966 0.000817384
        3972          -1   -0.953978 0.000817261
        3973          -1   -0.953989 0.000817137
        3974          -1   -0.954001 0.000817013
        3975          -1   -0.954013  0.00081689
        3976          -1   -0.954024 0.000816766
        3977          -1   -0.954036 0.000816643
        3978          -1   -0.954047 0.000816519
        3979          -1   -0.954059 0.000816396
        3980          -1    -0.95407 0.000816272
        3981          -1   -0.954082 0.000816149
        3982          -1   -0.954093 0.000816025
        3983          -1   -0.954105 0.000815902
        3984          -1   -0.954116 0.000815778
        3985          -1   -0.954128 0.000815655
        3986          -1   -0.954139 0.000815531
        3987          -1   -0.954151 0.000815408
        3988          -1   -0.954162 0.000815284
        3989          -1   -0.954174 0.000815161
        3990          -1   -0.954185 0.000815038
        3991          -1   -0.954197 0.000814914
        3992          -1   -0.954208 0.000814791
        3993       -0.92     -0.9542 0.000814632
        3994       -0.92   -0.954191 0.000814473
        3995          -1   -0.954203  0.00081435
        3996          -1   -0.954214 0.000814227
        3997          -1   -0.954226 0.000814103
        3998          -1   -0.954237  0.00081398
        3999          -1   -0.954249 0.000813857
        4000          -1    -0.95426 0.000813734
        4001          -1   -0.954271 0.000813611
        4002          -1   -0.954283 0.000813488
        4003          -1   -0.954294 0.000813365
        4004          -1   -0.954306 0.000813242
        4005          -1   -0.954317 0.000813119
        4006          -1   -0.954329 0.000812996
        4007          -1    -0.95434 0.000812873
        4008          -1   -0.954351  0.00081275
        4009          -1   -0.954363 0.000812627
        4010          -1   -0.954374 0.000812504
        4011          -1   -0.954385 0.000812381
        4012          -1   -0.954397 0.000812258
        4013          -1   -0.954408 0.000812135
        4014          -1    -0.95442 0.000812012
        4015          -1   -0.954431 0.000811889
        4016          -1   -0.954442 0.000811766
        4017          -1   -0.954454 0.000811644
        4018          -1   -0.954465 0.000811521
        4019          -1   -0.954476 0.000811398
        4020          -1   -0.954488 0.000811275
        4021          -1   -0.954499 0.000811152
        4022          -1    -0.95451 0.000811029
        4023          -1   -0.954522 0.000810907
        4024          -1   -0.954533 0.000810784
        4025          -1   -0.954544 0.000810661
        4026          -1   -0.954555 0.000810538
        4027          -1   -0.954567 0.000810416
        4028          -1   -0.954578 0.000810293
        4029          -1   -0.954589  0.00081017
        4030          -1     -0.9546 0.000810048
        4031          -1   -0.954612 0.000809925
        4032          -1   -0.954623 0.000809802
        4033          -1   -0.954634  0.00080968
        4034          -1   -0.954646 0.000809557
        4035          -1   -0.954657 0.000809434
        4036          -1   -0.954668 0.000809312
        4037          -1   -0.954679 0.000809189
        4038          -1    -0.95469 0.000809067
        4039          -1   -0.954702 0.000808944
        4040          -1   -0.954713 0.000808822
        4041          -1   -0.954724 0.000808699
        4042          -1   -0.954735 0.000808577
        4043          -1   -0.954746 0.000808454
        4044          -1   -0.954758 0.000808332
        4045          -1   -0.954769 0.000808209
        4046          -1    -0.95478 0.000808087
        4047          -1   -0.954791 0.000807964
        4048          -1   -0.954802 0.000807842
        4049          -1   -0.954814  0.00080772
        4050          -1   -0.954825 0.000807597
        4051          -1   -0.954836 0.000807475
        4052          -1   -0.954847 0.000807352
        4053          -1   -0.954858  0.00080723
        4054          -1   -0.954869 0.000807108
        4055          -1    -0.95488 0.000806985
        4056          -1   -0.954892 0.000806863
        4057          -1   -0.954903 0.000806741
        4058          -1   -0.954914 0.000806619
        4059          -1   -0.954925 0.000806496
        4060          -1   -0.954936 0.000806374
        4061          -1   -0.954947 0.000806252
        4062          -1   -0.954958  0.00080613
        4063          -1   -0.954969 0.000806008
        4064          -1    -0.95498 0.000805885
        4065          -1   -0.954991 0.000805763
        4066          -1   -0.955002 0.000805641
        4067          -1   -0.955014 0.000805519
        4068          -1   -0.955025 0.000805397
        4069          -1   -0.955036 0.000805275
        4070          -1   -0.955047 0.000805153
        4071          -1   -0.955058 0.000805031
        4072          -1   -0.955069 0.000804909
        4073          -1    -0.95508 0.000804787
        4074          -1   -0.955091 0.000804665
        4075          -1   -0.955102 0.000804543
        4076          -1   -0.955113 0.000804421
        4077          -1   -0.955124 0.000804299
        4078          -1   -0.955135 0.000804177
        4079          -1   -0.955146 0.000804055
        4080          -1   -0.955157 0.000803933
        4081          -1   -0.955168 0.000803811
        4082          -1   -0.955179 0.000803689
        4083          -1    -0.95519 0.000803567
        4084          -1   -0.955201 0.000803445
        4085          -1   -0.955212 0.000803323
        4086          -1   -0.955223 0.000803202
        4087          -1   -0.955234  0.00080308
        4088          -1   -0.955245 0.000802958
        4089          -1   -0.955256 0.000802836
        4090          -1   -0.955267 0.000802714
        4091          -1   -0.955277 0.000802593
        4092          -1   -0.955288 0.000802471
        4093          -1   -0.955299 0.000802349
        4094          -1    -0.95531 0.000802228
        4095          -1   -0.955321 0.000802106
        4096          -1   -0.955332 0.000801984
        4097          -1   -0.955343 0.000801863
        4098          -1   -0.955354 0.000801741
        4099          -1   -0.955365 0.000801619
        4100          -1   -0.955376 0.000801498
        4101          -1   -0.955386 0.000801376
        4102          -1   -0.955397 0.000801255
        4103          -1   -0.955408 0.000801133
        4104          -1   -0.955419 0.000801012
        4105       -0.92    -0.95541 0.000800863
        4106       -0.92   -0.955402 0.000800714
        4107       -0.92   -0.955393 0.000800566
        4108       -0.92   -0.955385 0.000800417
        4109       -0.92   -0.955376 0.000800269
        4110       -0.92   -0.955367  0.00080012
        4111       -0.92   -0.955359 0.000799972
        4112       -0.92    -0.95535 0.000799824
        4113          -1   -0.955361 0.000799703
        4114          -1   -0.955372 0.000799582
        4115          -1   -0.955383 0.000799461
        4116          -1   -0.955394  0.00079934
        4117          -1   -0.955404  0.00079922
        4118          -1   -0.955415 0.000799099
        4119          -1   -0.955426 0.000798978
        4120          -1   -0.955437 0.000798858
        4121          -1   -0.955448 0.000798737
        4122          -1   -0.955459 0.000798616
        4123          -1   -0.955469 0.000798496
        4124          -1    -0.95548 0.000798375
        4125          -1   -0.955491 0.000798255
        4126          -1   -0.955502 0.000798134
        4127          -1   -0.955512 0.000798013
        4128          -1   -0.955523 0.000797893
        4129          -1   -0.955534 0.000797772
        4130          -1   -0.955545 0.000797652
        4131          -1   -0.955556 0.000797531
        4132          -1   -0.955566 0.000797411
        4133          -1   -0.955577  0.00079729
        4134          -1   -0.955588  0.00079717
        4135          -1   -0.955599 0.000797049
        4136          -1   -0.955609 0.000796929
        4137          -1    -0.95562 0.000796809
        4138          -1   -0.955631 0.000796688
        4139          -1   -0.955641 0.000796568
        4140          -1   -0.955652 0.000796448
        4141          -1   -0.955663 0.000796327
        4142          -1   -0.955674 0.000796207
        4143          -1   -0.955684 0.000796087
        4144          -1   -0.955695 0.000795966
        4145          -1   -0.955706 0.000795846
        4146          -1   -0.955716 0.000795726
        4147          -1   -0.955727 0.000795606
        4148          -1   -0.955738 0.000795485
        4149          -1   -0.955748 0.000795365
        4150          -1   -0.955759 0.000795245
        4151          -1    -0.95577 0.000795125
        4152          -1    -0.95578 0.000795005
        4153          -1   -0.955791 0.000794885
        4154          -1   -0.955802 0.000794764
        4155          -1   -0.955812 0.000794644
        4156          -1   -0.955823 0.000794524
        4157          -1   -0.955834 0.000794404
        4158          -1   -0.955844 0.000794284
        4159          -1   -0.955855 0.000794164
        4160          -1   -0.955865 0.000794044
        4161          -1   -0.955876 0.000793924
        4162          -1   -0.955887 0.000793804
        4163          -1   -0.955897 0.000793684
        4164          -1   -0.955908 0.000793564
        4165          -1   -0.955918 0.000793444
        4166          -1   -0.955929 0.000793324
        4167          -1    -0.95594 0.000793205
        4168          -1    -0.95595 0.000793085
        4169          -1   -0.955961 0.000792965
        4170          -1   -0.955971 0.000792845
        4171          -1   -0.955982 0.000792725
        4172          -1   -0.955992 0.000792605
        4173          -1   -0.956003 0.000792486
        4174          -1   -0.956013 0.000792366
        4175          -1   -0.956024 0.000792246
        4176          -1   -0.956034 0.000792126
        4177          -1   -0.956045 0.000792007
        4178          -1   -0.956056 0.000791887
        4179          -1   -0.956066 0.000791767
        4180          -1   -0.956077 0.000791648
        4181          -1   -0.956087 0.000791528
        4182          -1   -0.956098 0.000791408
        4183          -1   -0.956108 0.000791289
        4184          -1   -0.956119 0.000791169
        4185          -1   -0.956129  0.00079105
        4186          -1    -0.95614  0.00079093
        4187          -1    -0.95615  0.00079081
        4188          -1    -0.95616 0.000790691
        4189          -1   -0.956171 0.000790571
        4190          -1   -0.956181 0.000790452
        4191          -1   -0.956192 0.000790332
        4192          -1   -0.956202 0.000790213
        4193          -1   -0.956213 0.000790094
        4194          -1   -0.956223 0.000789974
        4195          -1   -0.956234 0.000789855
        4196          -1   -0.956244 0.000789735
        4197          -1   -0.956254 0.000789616
        4198          -1   -0.956265 0.000789497
        4199          -1   -0.956275 0.000789377
        4200          -1   -0.956286 0.000789258
        4201          -1   -0.956296 0.000789139
        4202          -1   -0.956307  0.00078902
        4203          -1   -0.956317   0.0007889
        4204          -1   -0.956327 0.000788781
        4205          -1   -0.956338 0.000788662
        4206          -1   -0.956348 0.000788543
        4207          -1   -0.956358 0.000788424
        4208          -1   -0.956369 0.000788304
        4209          -1   -0.956379 0.000788185
        4210          -1    -0.95639 0.000788066
        4211          -1     -0.9564 0.000787947
        4212          -1    -0.95641 0.000787828
        4213          -1   -0.956421 0.000787709
        4214          -1   -0.956431  0.00078759
        4215          -1   -0.956441 0.000787471
        4216          -1   -0.956452 0.000787352
        4217          -1   -0.956462 0.000787233
        4218          -1   -0.956472 0.000787114
        4219          -1   -0.956483 0.000786995
        4220          -1   -0.956493 0.000786876
        4221          -1   -0.956503 0.000786757
        4222          -1   -0.956514 0.000786638
        4223          -1   -0.956524 0.000786519
        4224       -0.92   -0.956515 0.000786381
        4225       -0.92   -0.956507 0.000786242
        4226       -0.92   -0.956498 0.000786103
        4227       -0.92   -0.956489 0.000785965
        4228       -0.92   -0.956481 0.000785826
        4229       -0.92   -0.956472 0.000785688
        4230       -0.92   -0.956463 0.000785549
        4231       -0.92   -0.956455 0.000785411
        4232          -1   -0.956465 0.000785293
        4233          -1   -0.956475 0.000785175
        4234          -1   -0.956486 0.000785057
        4235          -1   -0.956496 0.000784938
        4236          -1   -0.956506  0.00078482
        4237          -1   -0.956516 0.000784702
        4238          -1   -0.956527 0.000784584
        4239          -1   -0.956537 0.000784466
        4240          -1   -0.956547 0.000784348
        4241          -1   -0.956557  0.00078423
        4242          -1   -0.956568 0.000784112
        4243          -1   -0.956578 0.000783994
        4244          -1   -0.956588 0.000783876
        4245          -1   -0.956598 0.000783758
        4246          -1   -0.956609  0.00078364
        4247          -1   -0.956619 0.000783522
        4248          -1   -0.956629 0.000783404
        4249       -0.92    -0.95662 0.000783267
        4250          -1   -0.956631  0.00078315
        4251          -1   -0.956641 0.000783032
        4252          -1   -0.956651 0.000782914
        4253          -1   -0.956661 0.000782796
        4254          -1   -0.956671 0.000782679
        4255          -1   -0.956682 0.000782561
        4256          -1   -0.956692 0.000782443
        4257          -1   -0.956702 0.000782325
        4258          -1   -0.956712 0.000782208
        4259          -1   -0.956722  0.00078209
        4260          -1   -0.956732 0.000781973
        4261          -1   -0.956743 0.000781855
        4262          -1   -0.956753 0.000781737
        4263          -1   -0.956763  0.00078162
        4264          -1   -0.956773 0.000781502
        4265          -1   -0.956783 0.000781385
        4266          -1   -0.956793 0.000781267
        4267          -1   -0.956803  0.00078115
        4268          -1   -0.956813 0.000781032
        4269          -1   -0.956824 0.000780915
        4270          -1   -0.956834 0.000780798
        4271          -1   -0.956844  0.00078068
        4272          -1   -0.956854 0.000780563
        4273          -1   -0.956864 0.000780445
        4274          -1   -0.956874 0.000780328
        4275          -1   -0.956884 0.000780211
        4276          -1   -0.956894 0.000780093
        4277          -1   -0.956904 0.000779976
        4278          -1   -0.956914 0.000779859
        4279          -1   -0.956925 0.000779742
        4280          -1   -0.956935 0.000779624
        4281          -1   -0.956945 0.000779507
        4282          -1   -0.956955  0.00077939
        4283          -1   -0.956965 0.000779273
        4284          -1   -0.956975 0.000779156
        4285          -1   -0.956985 0.000779038
        4286          -1   -0.956995 0.000778921
        4287          -1   -0.957005 0.000778804
        4288          -1   -0.957015 0.000778687
        4289          -1   -0.957025  0.00077857
        4290          -1   -0.957035 0.000778453
        4291          -1   -0.957045 0.000778336
        4292          -1   -0.957055 0.000778219
        4293          -1   -0.957065 0.000778102
        4294          -1   -0.957075 0.000777985
        4295          -1   -0.957085 0.000777868
        4296          -1   -0.957095 0.000777751
        4297          -1   -0.957105 0.000777634
        4298          -1   -0.957115 0.000777517
        4299          -1   -0.957125 0.000777401
        4300          -1   -0.957135 0.000777284
        4301          -1   -0.957145 0.000777167
        4302          -1   -0.957155  0.00077705
        4303          -1   -0.957165 0.000776933
        4304          -1   -0.957175 0.000776816
        4305          -1   -0.957185   0.0007767
        4306          -1   -0.957195 0.000776583
        4307          -1   -0.957205 0.000776466
        4308          -1   -0.957214  0.00077635
        4309          -1   -0.957224 0.000776233
        4310          -1   -0.957234 0.000776116
        4311          -1   -0.957244    0.000776
        4312          -1   -0.957254 0.000775883
        4313          -1   -0.957264 0.000775766
        4314          -1   -0.957274  0.00077565
        4315          -1   -0.957284 0.000775533
        4316          -1   -0.957294 0.000775417
        4317          -1   -0.957304   0.0007753
        4318          -1   -0.957314 0.000775184
        4319          -1   -0.957323 0.000775067
        4320          -1   -0.957333 0.000774951
        4321          -1   -0.957343 0.000774834
        4322          -1   -0.957353 0.000774718
        4323          -1   -0.957363 0.000774602
        4324          -1   -0.957373 0.000774485
        4325          -1   -0.957383 0.000774369
        4326          -1   -0.957393 0.000774252
        4327          -1   -0.957402 0.000774136
        4328          -1   -0.957412  0.00077402
        4329          -1   -0.957422 0.000773904
        4330          -1   -0.957432 0.000773787
        4331          -1   -0.957442 0.000773671
        4332          -1   -0.957452 0.000773555
        4333          -1   -0.957461 0.000773439
        4334          -1   -0.957471 0.000773322
        4335          -1   -0.957481 0.000773206
        4336          -1   -0.957491  0.00077309
        4337          -1   -0.957501 0.000772974
        4338          -1    -0.95751 0.000772858
        4339          -1    -0.95752 0.000772742
        4340          -1    -0.95753 0.000772626
        4341          -1    -0.95754  0.00077251
        4342          -1    -0.95755 0.000772394
        4343          -1   -0.957559 0.000772278
        4344          -1   -0.957569 0.000772162
        4345          -1   -0.957579 0.000772046
        4346          -1   -0.957589  0.00077193
        4347          -1   -0.957598 0.000771814
        4348          -1   -0.957608 0.000771698
        4349          -1   -0.957618 0.000771582
        4350          -1   -0.957628 0.000771466
        4351          -1   -0.957637  0.00077135
        4352          -1   -0.957647 0.000771235
        4353          -1   -0.957657 0.000771119
        4354          -1   -0.957667 0.000771003
        4355          -1   -0.957676 0.000770887
        4356          -1   -0.957686 0.000770771
        4357          -1   -0.957696 0.000770656
        4358          -1   -0.957705  0.00077054
        4359          -1   -0.957715 0.000770424
        4360          -1   -0.957725 0.000770309
        4361          -1   -0.957734 0.000770193
        4362          -1   -0.957744 0.000770077
        4363          -1   -0.957754 0.000769962
        4364          -1   -0.957764 0.000769846
        4365          -1   -0.957773 0.000769731
        4366          -1   -0.957783 0.000769615
        4367          -1   -0.957793   0.0007695
        4368          -1   -0.957802 0.000769384
        4369          -1   -0.957812 0.000769269
        4370          -1   -0.957822 0.000769153
        4371          -1   -0.957831 0.000769038
        4372          -1   -0.957841 0.000768922
        4373          -1    -0.95785 0.000768807
        4374          -1    -0.95786 0.000768692
        4375          -1    -0.95787 0.000768576
        4376          -1   -0.957879 0.000768461
        4377          -1   -0.957889 0.000768346
        4378          -1   -0.957899  0.00076823
        4379          -1   -0.957908 0.000768115
        4380          -1   -0.957918    0.000768
        4381          -1   -0.957927 0.000767884
        4382          -1   -0.957937 0.000767769
        4383          -1   -0.957947 0.000767654
        4384          -1   -0.957956 0.000767539
        4385          -1   -0.957966 0.000767424
        4386          -1   -0.957975 0.000767309
        4387          -1   -0.957985 0.000767193
        4388          -1   -0.957995 0.000767078
        4389          -1   -0.958004 0.000766963
        4390          -1   -0.958014 0.000766848
        4391          -1   -0.958023 0.000766733
        4392          -1   -0.958033 0.000766618
        4393          -1   -0.958042 0.000766503
        4394          -1   -0.958052 0.000766388
        4395          -1   -0.958061 0.000766273
        4396          -1   -0.958071 0.000766158
        4397          -1   -0.958081 0.000766043
        4398          -1    -0.95809 0.000765929
        4399          -1     -0.9581 0.000765814
        4400          -1   -0.958109 0.000765699
        4401          -1   -0.958119 0.000765584
        4402          -1   -0.958128 0.000765469
        4403          -1   -0.958138 0.000765355
        4404          -1   -0.958147  0.00076524
        4405          -1   -0.958157 0.000765125
        4406          -1   -0.958166  0.00076501
        4407          -1   -0.958176 0.000764896
        4408          -1   -0.958185 0.000764781
        4409          -1   -0.958195 0.000764666
        4410          -1   -0.958204 0.000764552
        4411          -1   -0.958214 0.000764437
        4412          -1   -0.958223 0.000764322
        4413          -1   -0.958232 0.000764208
        4414          -1   -0.958242 0.000764093
        4415          -1   -0.958251 0.000763979
        4416          -1   -0.958261 0.000763864
        4417          -1    -0.95827  0.00076375
        4418          -1    -0.95828 0.000763635
        4419          -1   -0.958289 0.000763521
        4420          -1   -0.958299 0.000763406
        4421          -1   -0.958308 0.000763292
        4422          -1   -0.958318 0.000763178
        4423          -1   -0.958327 0.000763063
        4424          -1   -0.958336 0.000762949
        4425          -1   -0.958346 0.000762835
        4426          -1   -0.958355  0.00076272
        4427          -1   -0.958365 0.000762606
        4428          -1   -0.958374 0.000762492
        4429          -1   -0.958383 0.000762378
        4430          -1   -0.958393 0.000762263
        4431          -1   -0.958402 0.000762149
        4432          -1   -0.958412 0.000762035
        4433          -1   -0.958421 0.000761921
        4434          -1    -0.95843 0.000761807
        4435          -1    -0.95844 0.000761693
        4436          -1   -0.958449 0.000761578
        4437          -1   -0.958458 0.000761464
        4438          -1   -0.958468  0.00076135
        4439          -1   -0.958477 0.000761236
        4440          -1   -0.958486 0.000761122
        4441          -1   -0.958496 0.000761008
        4442          -1   -0.958505 0.000760894
        4443          -1   -0.958515  0.00076078
        4444          -1   -0.958524 0.000760666
        4445          -1   -0.958533 0.000760553
        4446          -1   -0.958543 0.000760439
        4447          -1   -0.958552 0.000760325
        4448          -1   -0.958561 0.000760211
        4449          -1    -0.95857 0.000760097
        4450          -1    -0.95858 0.000759983
        4451          -1   -0.958589  0.00075987
        4452          -1   -0.958598 0.000759756
        4453          -1   -0.958608 0.000759642
        4454          -1   -0.958617 0.000759528
        4455          -1   -0.958626 0.000759415
        4456          -1   -0.958636 0.000759301
        4457          -1   -0.958645 0.000759187
        4458          -1   -0.958654 0.000759074
        4459          -1   -0.958663  0.00075896
        4460          -1   -0.958673 0.000758847
        4461          -1   -0.958682 0.000758733
        4462          -1   -0.958691  0.00075862
        4463          -1     -0.9587 0.000758506
        4464          -1    -0.95871 0.000758393
        4465          -1   -0.958719 0.000758279
        4466          -1   -0.958728 0.000758166
        4467          -1   -0.958737 0.000758052
        4468          -1   -0.958747 0.000757939
        4469          -1   -0.958756 0.000757825
        4470          -1   -0.958765 0.000757712
        4471          -1   -0.958774 0.000757599
        4472          -1   -0.958784 0.000757485
        4473       -0.92   -0.958775 0.000757366
        4474       -0.92   -0.958766 0.000757246
        4475       -0.92   -0.958758 0.000757126
        4476          -1   -0.958767 0.000757013
        4477          -1   -0.958776   0.0007569
        4478          -1   -0.958785 0.000756787
        4479          -1   -0.958794 0.000756674
        4480          -1   -0.958804 0.000756561
        4481          -1   -0.958813 0.000756448
        4482          -1   -0.958822 0.000756335
        4483          -1   -0.958831 0.000756222
        4484          -1    -0.95884 0.000756109
        4485          -1   -0.958849 0.000755996
        4486          -1   -0.958859 0.000755883
        4487          -1   -0.958868 0.000755771
        4488          -1   -0.958877 0.000755658
        4489          -1   -0.958886 0.000755545
        4490          -1   -0.958895 0.000755432
        4491          -1   -0.958904 0.000755319
        4492          -1   -0.958914 0.000755207
        4493          -1   -0.958923 0.000755094
        4494          -1   -0.958932 0.000754981
        4495          -1   -0.958941 0.000754869
        4496          -1    -0.95895 0.000754756
        4497          -1   -0.958959 0.000754643
        4498          -1   -0.958968 0.000754531
        4499          -1   -0.958978 0.000754418
        4500          -1   -0.958987 0.000754305
        4501          -1   -0.958996 0.000754193
        4502          -1   -0.959005  0.00075408
        4503          -1   -0.959014 0.000753968
        4504          -1   -0.959023 0.000753855
        4505          -1   -0.959032 0.000753743
        4506          -1   -0.959041  0.00075363
        4507          -1    -0.95905 0.000753518
        4508          -1   -0.959059 0.000753406
        4509          -1   -0.959069 0.000753293
        4510          -1   -0.959078 0.000753181
        4511          -1   -0.959087 0.000753069
        4512          -1   -0.959096 0.000752956
        4513          -1   -0.959105 0.000752844
        4514          -1   -0.959114 0.000752732
        4515          -1   -0.959123 0.000752619
        4516          -1   -0.959132 0.000752507
        4517          -1   -0.959141 0.000752395
        4518          -1    -0.95915 0.000752283
        4519          -1   -0.959159 0.000752171
        4520          -1   -0.959168 0.000752059
        4521          -1   -0.959177 0.000751946
        4522          -1   -0.959186 0.000751834
        4523          -1   -0.959195 0.000751722
        4524          -1   -0.959204  0.00075161
        4525          -1   -0.959213 0.000751498
        4526          -1   -0.959222 0.000751386
        4527          -1   -0.959231 0.000751274
        4528          -1    -0.95924 0.000751162
        4529          -1   -0.959249  0.00075105
        4530          -1   -0.959258 0.000750938
        4531          -1   -0.959267 0.000750826
        4532          -1   -0.959276 0.000750715
        4533          -1   -0.959285 0.000750603
        4534          -1   -0.959294 0.000750491
        4535          -1   -0.959303 0.000750379
        4536          -1   -0.959312 0.000750267
        4537          -1   -0.959321 0.000750155
        4538          -1    -0.95933 0.000750044
        4539          -1   -0.959339 0.000749932
        4540          -1   -0.959348  0.00074982
        4541          -1   -0.959357 0.000749709
        4542          -1   -0.959366 0.000749597
        4543          -1   -0.959375 0.000749485
        4544       -0.92   -0.959366  0.00074937
        4545          -1   -0.959375 0.000749259
        4546          -1   -0.959384 0.000749147
        4547          -1   -0.959393 0.000749036
        4548          -1   -0.959402 0.000748924
        4549          -1   -0.959411 0.000748813
        4550          -1    -0.95942 0.000748702
        4551          -1   -0.959429  0.00074859
        4552          -1   -0.959438 0.000748479
        4553          -1   -0.959447 0.000748367
        4554          -1   -0.959455 0.000748256
        4555          -1   -0.959464 0.000748145
        4556          -1   -0.959473 0.000748033
        4557          -1   -0.959482 0.000747922
        4558          -1   -0.959491 0.000747811
        4559          -1     -0.9595   0.0007477
        4560          -1   -0.959509 0.000747588
        4561          -1   -0.959518 0.000747477
        4562          -1   -0.959527 0.000747366
        4563          -1   -0.959535 0.000747255
        4564          -1   -0.959544 0.000747144
        4565          -1   -0.959553 0.000747033
        4566          -1   -0.959562 0.000746921
        4567          -1   -0.959571  0.00074681
        4568          -1    -0.95958 0.000746699
        4569          -1   -0.959589 0.000746588
        4570          -1   -0.959597 0.000746477
        4571          -1   -0.959606 0.000746366
        4572          -1   -0.959615 0.000746255
        4573          -1   -0.959624 0.000746144
        4574          -1   -0.959633 0.000746034
        4575          -1   -0.959642 0.000745923
        4576          -1    -0.95965 0.000745812
        4577          -1   -0.959659 0.000745701
        4578          -1   -0.959668  0.00074559
        4579          -1   -0.959677 0.000745479
        4580          -1   -0.959686 0.000745369
        4581       -0.92   -0.959677 0.000745256
        4582       -0.92   -0.959668 0.000745144
        4583       -0.92    -0.95966 0.000745031
        4584       -0.92   -0.959651 0.000744919
        4585       -0.92   -0.959642 0.000744807
        4586       -0.92   -0.959634 0.000744695
        4587       -0.92   -0.959625 0.000744582
        4588       -0.92   -0.959616  0.00074447
        4589          -1   -0.959625  0.00074436
        4590          -1   -0.959634  0.00074425
        4591          -1   -0.959643  0.00074414
        4592          -1   -0.959652 0.000744029
        4593          -1    -0.95966 0.000743919
        4594          -1   -0.959669 0.000743809
        4595          -1   -0.959678 0.000743699
        4596          -1   -0.959687 0.000743589
        4597          -1   -0.959695 0.000743479
        4598          -1   -0.959704 0.000743369
        4599          -1   -0.959713 0.000743259
        4600          -1   -0.959722 0.000743149
        4601          -1    -0.95973 0.000743039
        4602          -1   -0.959739 0.000742929
        4603          -1   -0.959748 0.000742819
        4604          -1   -0.959757 0.000742709
        4605          -1   -0.959765 0.000742599
        4606          -1   -0.959774  0.00074249
        4607          -1   -0.959783  0.00074238
        4608          -1   -0.959792  0.00074227
        4609          -1     -0.9598  0.00074216
        4610          -1   -0.959809  0.00074205
        4611          -1   -0.959818 0.000741941
        4612          -1   -0.959827 0.000741831
        4613          -1   -0.959835 0.000741721
        4614          -1   -0.959844 0.000741612
        4615          -1   -0.959853 0.000741502
        4616          -1   -0.959861 0.000741392
        4617          -1    -0.95987 0.000741283
        4618          -1   -0.959879 0.000741173
        4619          -1   -0.959887 0.000741064
        4620          -1   -0.959896 0.000740954
        4621          -1   -0.959905 0.000740845
        4622          -1   -0.959913 0.000740735
        4623          -1   -0.959922 0.000740626
        4624          -1   -0.959931 0.000740516
        4625          -1   -0.959939 0.000740407
        4626          -1   -0.959948 0.000740297
        4627          -1   -0.959957 0.000740188
        4628          -1   -0.959965 0.000740078
        4629          -1   -0.959974 0.000739969
        4630          -1   -0.959983  0.00073986
        4631          -1   -0.959991  0.00073975
        4632          -1       -0.96 0.000739641
        4633          -1   -0.960009 0.000739532
        4634          -1   -0.960017 0.000739423
        4635          -1   -0.960026 0.000739314
        4636          -1   -0.960035 0.000739204
        4637          -1   -0.960043 0.000739095
        4638          -1   -0.960052 0.000738986
        4639          -1    -0.96006 0.000738877
        4640          -1   -0.960069 0.000738768
        4641          -1   -0.960078 0.000738659
        4642          -1   -0.960086  0.00073855
        4643          -1   -0.960095 0.000738441
        4644          -1   -0.960103 0.000738332
        4645          -1   -0.960112 0.000738223
        4646          -1   -0.960121 0.000738114
        4647          -1   -0.960129 0.000738005
        4648          -1   -0.960138 0.000737896
        4649          -1   -0.960146 0.000737787
        4650          -1   -0.960155 0.000737678
        4651          -1   -0.960163 0.000737569
        4652          -1   -0.960172  0.00073746
        4653          -1   -0.960181 0.000737351
        4654          -1   -0.960189 0.000737243
        4655          -1   -0.960198 0.000737134
        4656          -1   -0.960206 0.000737025
        4657          -1   -0.960215 0.000736916
        4658          -1   -0.960223 0.000736808
        4659          -1   -0.960232 0.000736699
        4660          -1    -0.96024  0.00073659
        4661          -1   -0.960249 0.000736482
        4662          -1   -0.960257 0.000736373
        4663          -1   -0.960266 0.000736264
        4664          -1   -0.960274 0.000736156
        4665          -1   -0.960283 0.000736047
        4666          -1   -0.960291 0.000735939
        4667          -1     -0.9603  0.00073583
        4668          -1   -0.960308 0.000735722
        4669          -1   -0.960317 0.000735613
        4670          -1   -0.960325 0.000735505
        4671          -1   -0.960334 0.000735396
        4672          -1   -0.960342 0.000735288
        4673          -1   -0.960351  0.00073518
        4674          -1   -0.960359 0.000735071
        4675          -1   -0.960368 0.000734963
        4676          -1   -0.960376 0.000734855
        4677          -1   -0.960385 0.000734746
        4678          -1   -0.960393 0.000734638
        4679          -1   -0.960402  0.00073453
        4680          -1    -0.96041 0.000734422
        4681          -1   -0.960419 0.000734314
        4682          -1   -0.960427 0.000734205
        4683          -1   -0.960436 0.000734097
        4684          -1   -0.960444 0.000733989
        4685          -1   -0.960453 0.000733881
        4686          -1   -0.960461 0.000733773
        4687          -1   -0.960469 0.000733665
        4688          -1   -0.960478 0.000733557
        4689          -1   -0.960486 0.000733449
        4690          -1   -0.960495 0.000733341
        4691          -1   -0.960503 0.000733233
        4692       -0.92   -0.960494 0.000733127
        4693       -0.92   -0.960486 0.000733022
        4694       -0.92   -0.960477 0.000732916
        4695       -0.92   -0.960469 0.000732811
        4696          -1   -0.960477 0.000732703
        4697          -1   -0.960485 0.000732596
        4698          -1   -0.960494 0.000732488
        4699          -1   -0.960502  0.00073238
        4700          -1   -0.960511 0.000732273
        4701          -1   -0.960519 0.000732165
        4702          -1   -0.960527 0.000732058
        4703          -1   -0.960536  0.00073195
        4704          -1   -0.960544 0.000731843
        4705          -1   -0.960553 0.000731735
        4706          -1   -0.960561 0.000731628
        4707          -1   -0.960569  0.00073152
        4708          -1   -0.960578 0.000731413
        4709          -1   -0.960586 0.000731305
        4710          -1   -0.960594 0.000731198
        4711          -1   -0.960603  0.00073109
        4712          -1   -0.960611 0.000730983
        4713          -1    -0.96062 0.000730876
        4714          -1   -0.960628 0.000730769
        4715          -1   -0.960636 0.000730661
        4716          -1   -0.960645 0.000730554
        4717          -1   -0.960653 0.000730447
        4718          -1   -0.960661  0.00073034
        4719          -1    -0.96067 0.000730232
        4720       -0.92   -0.960661 0.000730128
        4721       -0.92   -0.960652 0.000730025
        4722       -0.92   -0.960644 0.000729921
        4723          -1   -0.960652 0.000729814
        4724          -1    -0.96066 0.000729707
        4725          -1   -0.960669   0.0007296
        4726          -1   -0.960677 0.000729493
        4727          -1   -0.960685 0.000729386
        4728          -1   -0.960694 0.000729279
        4729          -1   -0.960702 0.000729172
        4730          -1    -0.96071 0.000729066
        4731          -1   -0.960719 0.000728959
        4732          -1   -0.960727 0.000728852
        4733          -1   -0.960735 0.000728745
        4734          -1   -0.960744 0.000728638
        4735          -1   -0.960752 0.000728532
        4736          -1    -0.96076 0.000728425
        4737          -1   -0.960768 0.000728318
        4738          -1   -0.960777 0.000728212
        4739          -1   -0.960785 0.000728105
        4740          -1   -0.960793 0.000727998
        4741          -1   -0.960802 0.000727892
        4742          -1    -0.96081 0.000727785
        4743          -1   -0.960818 0.000727679
        4744          -1   -0.960826 0.000727572
        4745          -1   -0.960835 0.000727466
        4746          -1   -0.960843 0.000727359
        4747          -1   -0.960851 0.000727253
        4748          -1   -0.960859 0.000727146
        4749          -1   -0.960868  0.00072704
        4750          -1   -0.960876 0.000726934
        4751          -1   -0.960884 0.000726827
        4752          -1   -0.960892 0.000726721
        4753          -1     -0.9609 0.000726615
        4754          -1   -0.960909 0.000726508
        4755          -1   -0.960917 0.000726402
        4756          -1   -0.960925 0.000726296
        4757          -1   -0.960933 0.000726189
        4758          -1   -0.960942 0.000726083
        4759          -1    -0.96095 0.000725977
        4760          -1   -0.960958 0.000725871
        4761          -1   -0.960966 0.000725765
        4762          -1   -0.960974 0.000725659
        4763          -1   -0.960983 0.000725553
        4764          -1   -0.960991 0.000725447
        4765          -1   -0.960999  0.00072534
        4766          -1   -0.961007 0.000725234
        4767          -1   -0.961015 0.000725128
        4768          -1   -0.961023 0.000725022
        4769          -1   -0.961032 0.000724916
        4770          -1    -0.96104 0.000724811
        4771          -1   -0.961048 0.000724705
        4772          -1   -0.961056 0.000724599
        4773          -1   -0.961064 0.000724493
        4774          -1   -0.961072 0.000724387
        4775          -1   -0.961081 0.000724281
        4776          -1   -0.961089 0.000724175
        4777          -1   -0.961097  0.00072407
        4778          -1   -0.961105 0.000723964
        4779          -1   -0.961113 0.000723858
        4780          -1   -0.961121 0.000723752
        4781          -1   -0.961129 0.000723647
        4782          -1   -0.961138 0.000723541
        4783          -1   -0.961146 0.000723435
        4784          -1   -0.961154  0.00072333
        4785          -1   -0.961162 0.000723224
        4786          -1    -0.96117 0.000723118
        4787          -1   -0.961178 0.000723013
        4788          -1   -0.961186 0.000722907
        4789          -1   -0.961194 0.000722802
        4790          -1   -0.961203 0.000722696
        4791          -1   -0.961211 0.000722591
        4792          -1   -0.961219 0.000722485
        4793          -1   -0.961227  0.00072238
        4794          -1   -0.961235 0.000722275
        4795          -1   -0.961243 0.000722169
        4796          -1   -0.961251 0.000722064
        4797          -1   -0.961259 0.000721958
        4798          -1   -0.961267 0.000721853
        4799          -1   -0.961275 0.000721748
        4800          -1   -0.961283 0.000721643
        4801          -1   -0.961291 0.000721537
        4802          -1   -0.961299 0.000721432
        4803          -1   -0.961308 0.000721327
        4804          -1   -0.961316 0.000721222
        4805          -1   -0.961324 0.000721117
        4806          -1   -0.961332 0.000721011
        4807          -1    -0.96134 0.000720906
        4808          -1   -0.961348 0.000720801
        4809          -1   -0.961356 0.000720696
        4810          -1   -0.961364 0.000720591
        4811          -1   -0.961372 0.000720486
        4812          -1    -0.96138 0.000720381
        4813          -1   -0.961388 0.000720276
        4814          -1   -0.961396 0.000720171
        4815          -1   -0.961404 0.000720066
        4816          -1   -0.961412 0.000719961
        4817          -1    -0.96142 0.000719856
        4818          -1   -0.961428 0.000719751
        4819          -1   -0.961436 0.000719647
        4820          -1   -0.961444 0.000719542
        4821          -1   -0.961452 0.000719437
        4822          -1    -0.96146 0.000719332
        4823          -1   -0.961468 0.000719227
        4824          -1   -0.961476 0.000719123
        4825          -1   -0.961484 0.000719018
        4826          -1   -0.961492 0.000718913
        4827          -1     -0.9615 0.000718809
        4828          -1   -0.961508 0.000718704
        4829          -1   -0.961516 0.000718599
        4830          -1   -0.961524 0.000718495
        4831          -1   -0.961532  0.00071839
        4832          -1    -0.96154 0.000718286
        4833          -1   -0.961548 0.000718181
        4834       -0.92   -0.961539 0.000718084
        4835       -0.92   -0.961531 0.000717987
        4836       -0.92   -0.961522  0.00071789
        4837          -1    -0.96153 0.000717785
        4838          -1   -0.961538 0.000717681
        4839          -1   -0.961546 0.000717577
        4840          -1   -0.961554 0.000717472
        4841          -1   -0.961562 0.000717368
        4842          -1    -0.96157 0.000717264
        4843          -1   -0.961578  0.00071716
        4844          -1   -0.961585 0.000717055
        4845          -1   -0.961593 0.000716951
        4846          -1   -0.961601 0.000716847
        4847          -1   -0.961609 0.000716743
        4848          -1   -0.961617 0.000716639
        4849          -1   -0.961625 0.000716535
        4850          -1   -0.961633 0.000716431
        4851          -1   -0.961641 0.000716327
        4852          -1   -0.961649 0.000716223
        4853          -1   -0.961657 0.000716119
        4854          -1   -0.961665 0.000716015
        4855          -1   -0.961673 0.000715911
        4856          -1    -0.96168 0.000715807
        4857          -1   -0.961688 0.000715703
        4858          -1   -0.961696 0.000715599
        4859          -1   -0.961704 0.000715495
        4860       -0.92   -0.961695   0.0007154
        4861          -1   -0.961703 0.000715296
        4862          -1   -0.961711 0.000715192
        4863          -1   -0.961719 0.000715088
        4864          -1   -0.961727 0.000714985
        4865          -1   -0.961735 0.000714881
        4866          -1   -0.961743 0.000714777
        4867          -1   -0.961751 0.000714674
        4868          -1   -0.961758  0.00071457
        4869          -1   -0.961766 0.000714466
        4870          -1   -0.961774 0.000714363
        4871          -1   -0.961782 0.000714259
        4872          -1    -0.96179 0.000714156
        4873          -1   -0.961798 0.000714052
        4874          -1   -0.961805 0.000713949
        4875          -1   -0.961813 0.000713845
        4876          -1   -0.961821 0.000713742
        4877          -1   -0.961829 0.000713638
        4878          -1   -0.961837 0.000713535
        4879          -1   -0.961845 0.000713432
        4880          -1   -0.961852 0.000713328
        4881          -1    -0.96186 0.000713225
        4882          -1   -0.961868 0.000713122
        4883          -1   -0.961876 0.000713018
        4884          -1   -0.961884 0.000712915
        4885          -1   -0.961892 0.000712812
        4886          -1   -0.961899 0.000712709
        4887          -1   -0.961907 0.000712605
        4888          -1   -0.961915 0.000712502
        4889          -1   -0.961923 0.000712399
        4890          -1    -0.96193 0.000712296
        4891          -1   -0.961938 0.000712193
        4892          -1   -0.961946  0.00071209
        4893          -1   -0.961954 0.000711987
        4894          -1   -0.961962 0.000711884
        4895          -1   -0.961969 0.000711781
        4896          -1   -0.961977 0.000711678
        4897          -1   -0.961985 0.000711575
        4898          -1   -0.961993 0.000711472
        4899          -1      -0.962 0.000711369
        4900          -1   -0.962008 0.000711266
        4901          -1   -0.962016 0.000711163
        4902          -1   -0.962024  0.00071106
        4903          -1   -0.962031 0.000710957
        4904          -1   -0.962039 0.000710855
        4905          -1   -0.962047 0.000710752
        4906          -1   -0.962055 0.000710649
        4907          -1   -0.962062 0.000710546
        4908          -1    -0.96207 0.000710443
        4909          -1   -0.962078 0.000710341
        4910          -1   -0.962086 0.000710238
        4911          -1   -0.962093 0.000710135
        4912          -1   -0.962101 0.000710033
        4913          -1   -0.962109  0.00070993
        4914          -1   -0.962116 0.000709828
        4915          -1   -0.962124 0.000709725
        4916          -1   -0.962132 0.000709622
        4917          -1    -0.96214  0.00070952
        4918          -1   -0.962147 0.000709417
        4919          -1   -0.962155 0.000709315
        4920          -1   -0.962163 0.000709212
        4921          -1    -0.96217  0.00070911
        4922          -1   -0.962178 0.000709008
        4923          -1   -0.962186 0.000708905
        4924          -1   -0.962193 0.000708803
        4925          -1   -0.962201   0.0007087
        4926          -1   -0.962209 0.000708598
        4927          -1   -0.962216 0.000708496
        4928          -1   -0.962224 0.000708394
        4929          -1   -0.962232 0.000708291
        4930       -0.92   -0.962223 0.000708199
        4931       -0.92   -0.962215 0.000708108
        4932       -0.92   -0.962206 0.000708016
        4933       -0.92   -0.962197 0.000707924
        4934          -1   -0.962205 0.000707822
        4935          -1   -0.962213  0.00070772
        4936          -1    -0.96222 0.000707618
        4937          -1   -0.962228 0.000707516
        4938          -1   -0.962236 0.000707414
        4939          -1   -0.962243 0.000707312
        4940          -1   -0.962251  0.00070721
        4941          -1   -0.962259 0.000707108
        4942          -1   -0.962266 0.000707006
        4943          -1   -0.962274 0.000706905
        4944          -1   -0.962282 0.000706803
        4945          -1   -0.962289 0.000706701
        4946          -1   -0.962297 0.000706599
        4947          -1   -0.962304 0.000706498
        4948          -1   -0.962312 0.000706396
        4949          -1    -0.96232 0.000706294
        4950          -1   -0.962327 0.000706193
        4951          -1   -0.962335 0.000706091
        4952          -1   -0.962342 0.000705989
        4953          -1    -0.96235 0.000705888
        4954          -1   -0.962358 0.000705786
        4955          -1   -0.962365 0.000705685
        4956          -1   -0.962373 0.000705583
        4957          -1    -0.96238 0.000705481
        4958          -1   -0.962388  0.00070538
        4959          -1   -0.962396 0.000705279
        4960          -1   -0.962403 0.000705177
        4961          -1   -0.962411 0.000705076
        4962          -1   -0.962418 0.000704974
        4963          -1   -0.962426 0.000704873
        4964          -1   -0.962434 0.000704772
        4965          -1   -0.962441  0.00070467
        4966          -1   -0.962449 0.000704569
        4967          -1   -0.962456 0.000704468
        4968          -1   -0.962464 0.000704366
        4969          -1   -0.962471 0.000704265
        4970          -1   -0.962479 0.000704164
        4971          -1   -0.962486 0.000704063
        4972          -1   -0.962494 0.000703961
        4973          -1   -0.962502  0.00070386
        4974          -1   -0.962509 0.000703759
        4975          -1   -0.962517 0.000703658
        4976          -1   -0.962524 0.000703557
        4977          -1   -0.962532 0.000703456
        4978          -1   -0.962539 0.000703355
        4979          -1   -0.962547 0.000703254
        4980          -1   -0.962554 0.000703153
        4981          -1   -0.962562 0.000703052
        4982          -1   -0.962569 0.000702951
        4983          -1   -0.962577  0.00070285
        4984          -1   -0.962584 0.000702749
        4985          -1   -0.962592 0.000702648
        4986          -1   -0.962599 0.000702547
        4987          -1   -0.962607 0.000702446
        4988          -1   -0.962614 0.000702346
        4989          -1   -0.962622 0.000702245
        4990          -1   -0.962629 0.000702144
        4991          -1   -0.962637 0.000702043
        4992          -1   -0.962644 0.000701943
        4993          -1   -0.962652 0.000701842
        4994          -1   -0.962659 0.000701741
        4995          -1   -0.962667  0.00070164
        4996          -1   -0.962674  0.00070154
        4997          -1   -0.962682 0.000701439
        4998          -1   -0.962689 0.000701339
        4999          -1   -0.962697 0.000701238
        5000       -0.92   -0.962688  0.00070115
