#     BLOCK:   ACTUAL_KE:    KE_AVE:      ERROR:
           1        2.97        2.97           0
           2     2.96989     2.96995  3.7792e-05
           3     2.96957     2.96982 0.000104797
           4     2.96904     2.96963 0.000186783
           5     2.96829     2.96936 0.000281565
           6     2.96733     2.96902 0.000387789
           7     2.96615     2.96861 0.000504567
           8     2.96475     2.96813 0.000631297
           9     2.96313     2.96757 0.000767573
          10     2.96128     2.96694 0.000913128
          11      2.9592     2.96624   0.0010678
          12     2.95687     2.96546  0.00123152
          13      2.9543      2.9646  0.00140428
          14     2.95148     2.96366  0.00158604
          15      2.9484     2.96265  0.00177687
          16     2.94505     2.96155  0.00197695
          17     2.94143     2.96036   0.0021864
          18     2.93751     2.95909  0.00240537
          19      2.9333     2.95774  0.00263412
          20     2.92878     2.95629  0.00287296
          21     2.92393     2.95475  0.00312222
          22     2.91874     2.95311  0.00338227
          23     2.91319     2.95138   0.0036535
          24     2.90728     2.94954  0.00393626
          25     2.90098      2.9476  0.00423095
          26     2.89428     2.94554    0.004538
          27     2.88716     2.94338  0.00485785
          28      2.8796      2.9411  0.00519098
          29     2.87159     2.93871  0.00553786
          30      2.8631     2.93619  0.00589893
          31     2.85412     2.93354  0.00627466
          32     2.84462     2.93076  0.00666555
          33     2.83458     2.92785  0.00707212
          34     2.82398     2.92479  0.00749491
          35      2.8128     2.92159  0.00793447
          36     2.80101     2.91824  0.00839133
          37     2.78859     2.91474    0.008866
          38     2.77553     2.91108  0.00935893
          39     2.76181     2.90725  0.00987058
          40      2.7474     2.90325   0.0104014
          41     2.73229     2.89908   0.0109517
          42     2.71645     2.89473   0.0115218
          43     2.69989      2.8902   0.0121122
          44     2.68257     2.88548    0.012723
          45     2.66449     2.88057   0.0133545
          46     2.64565     2.87547   0.0140067
          47     2.62604     2.87016   0.0146796
          48     2.60565     2.86465   0.0153734
          49      2.5845     2.85893   0.0160877
          50     2.56259       2.853   0.0168223
          51     2.53993     2.84686   0.0175769
          52     2.51655     2.84051   0.0183508
          53     2.49247     2.83395   0.0191435
          54     2.46771     2.82716   0.0199543
          55     2.44231     2.82017   0.0207822
          56     2.41631     2.81295   0.0216261
          57     2.38976     2.80553   0.0224851
          58      2.3627      2.7979   0.0233577
          59     2.33519     2.79005   0.0242426
          60     2.30729     2.78201   0.0251384
          61     2.27906     2.77376   0.0260433
          62     2.25055     2.76532   0.0269559
          63     2.22184      2.7567   0.0278743
          64     2.19298     2.74789   0.0287967
          65     2.16406     2.73891   0.0297215
          66     2.13513     2.72976   0.0306467
          67     2.10626     2.72045   0.0315706
          68     2.07751       2.711   0.0324914
          69     2.04894      2.7014   0.0334072
          70     2.02063     2.69168   0.0343163
          71     1.99262     2.68183   0.0352172
          72     1.96497     2.67187    0.036108
          73     1.93775     2.66182   0.0369873
          74     1.91099     2.65167   0.0378536
          75     1.88477     2.64145   0.0387053
          76     1.85912     2.63115   0.0395412
          77     1.83411      2.6208   0.0403598
          78     1.80977      2.6104     0.04116
          79     1.78616     2.59997   0.0419405
          80     1.76332     2.58951   0.0427002
          81     1.74131     2.57904   0.0434381
          82     1.72016     2.56857   0.0441532
          83     1.69992      2.5581   0.0448444
          84     1.68064     2.54765   0.0455109
          85     1.66236     2.53724   0.0461518
          86     1.64511     2.52687   0.0467665
          87     1.62893     2.51654   0.0473542
          88     1.61386     2.50629   0.0479142
          89     1.59993      2.4961    0.048446
          90     1.58716       2.486    0.048949
          91     1.57556       2.476    0.049423
          92     1.56515      2.4661   0.0498676
          93     1.55595     2.45631   0.0502826
          94     1.54793     2.44665   0.0506677
          95      1.5411     2.43712   0.0510231
          96     1.53543     2.42772   0.0513489
          97     1.53089     2.41848   0.0516452
          98     1.52745     2.40939   0.0519123
          99     1.52505     2.40045   0.0521508
         100     1.52365     2.39168   0.0523612
         101     1.52317     2.38309   0.0525442
         102     1.52355     2.37466   0.0527004
         103      1.5247     2.36641   0.0528309
         104     1.52657     2.35833   0.0529365
         105     1.52905     2.35043   0.0530182
         106     1.53207     2.34271   0.0530772
         107     1.53554     2.33517   0.0531145
         108     1.53939      2.3278   0.0531313
         109     1.54352     2.32061   0.0531289
         110     1.54788     2.31358   0.0531083
         111     1.55238     2.30672   0.0530707
         112     1.55696     2.30003   0.0530174
         113     1.56156     2.29349   0.0529495
         114     1.56614     2.28711    0.052868
         115     1.57064     2.28088   0.0527741
         116     1.57503      2.2748   0.0526688
         117     1.57927     2.26885    0.052553
         118     1.58335     2.26304   0.0524278
         119     1.58723     2.25737   0.0522939
         120     1.59092     2.25181   0.0521522
         121     1.59439     2.24638   0.0520034
         122     1.59765     2.24106   0.0518483
         123      1.6007     2.23585   0.0516875
         124     1.60354     2.23076   0.0515216
         125     1.60618     2.22576   0.0513511
         126     1.60864     2.22086   0.0511766
         127     1.61091     2.21606   0.0509985
         128     1.61303     2.21135   0.0508172
         129       1.615     2.20672   0.0506331
         130     1.61683     2.20219   0.0504465
         131     1.61855     2.19773   0.0502578
         132     1.62018     2.19336   0.0500672
         133     1.62171     2.18906   0.0498749
         134     1.62318     2.18484   0.0496811
         135     1.62459     2.18069   0.0494861
         136     1.62595     2.17661   0.0492901
         137     1.62728      2.1726   0.0490931
         138     1.62857     2.16865   0.0488954
         139     1.62984     2.16478   0.0486971
         140     1.63108     2.16097   0.0484982
         141      1.6323     2.15722    0.048299
         142      1.6335     2.15353   0.0480994
         143     1.63468      2.1499   0.0478997
         144     1.63582     2.14633   0.0476999
         145     1.63694     2.14282   0.0475002
         146     1.63803     2.13936   0.0473005
         147     1.63908     2.13596    0.047101
         148      1.6401     2.13261   0.0469017
         149     1.64107     2.12931   0.0467028
         150     1.64199     2.12606   0.0465043
         151     1.64286     2.12286   0.0463063
         152     1.64369     2.11971   0.0461089
         153     1.64447      2.1166    0.045912
         154      1.6452     2.11354   0.0457158
         155     1.64589     2.11052   0.0455203
         156     1.64655     2.10755   0.0453256
         157     1.64719     2.10462   0.0451316
         158     1.64782     2.10172   0.0449385
         159     1.64845     2.09887   0.0447462
         160     1.64909     2.09606   0.0445547
         161     1.64976     2.09329   0.0443641
         162     1.65047     2.09056   0.0441744
         163     1.65122     2.08786   0.0439856
         164     1.65204      2.0852   0.0437976
         165     1.65293     2.08258   0.0436104
         166     1.65389        2.08   0.0434241
         167     1.65492     2.07746   0.0432386
         168     1.65603     2.07495   0.0430539
         169     1.65721     2.07248   0.0428701
         170     1.65846     2.07004    0.042687
         171     1.65974     2.06764   0.0425048
         172     1.66106     2.06528   0.0423233
         173     1.66239     2.06295   0.0421427
         174     1.66371     2.06065   0.0419629
         175     1.66499     2.05839    0.041784
         176     1.66622     2.05616    0.041606
         177     1.66736     2.05397   0.0414288
         178     1.66838      2.0518   0.0412527
         179     1.66927     2.04966   0.0410775
         180     1.67001     2.04756   0.0409035
         181     1.67056     2.04547   0.0407305
         182     1.67092     2.04341   0.0405586
         183     1.67107     2.04138    0.040388
         184       1.671     2.03937   0.0402186
         185     1.67072     2.03737   0.0400506
         186     1.67021      2.0354   0.0398839
         187     1.66947     2.03344   0.0397186
         188     1.66853      2.0315   0.0395547
         189     1.66738     2.02958   0.0393923
         190     1.66603     2.02766   0.0392314
         191     1.66452     2.02576    0.039072
         192     1.66284     2.02387   0.0389142
         193     1.66103     2.02199    0.038758
         194      1.6591     2.02012   0.0386033
         195     1.65708     2.01826   0.0384502
         196       1.655     2.01641   0.0382987
         197     1.65287     2.01456   0.0381487
         198     1.65071     2.01272   0.0380003
         199     1.64855     2.01089   0.0378534
         200     1.64642     2.00907   0.0377079
         201     1.64433     2.00726    0.037564
         202      1.6423     2.00545   0.0374214
         203     1.64034     2.00365   0.0372803
         204     1.63848     2.00186   0.0371405
         205     1.63673     2.00008    0.037002
         206     1.63511     1.99831   0.0368648
         207     1.63362     1.99655   0.0367288
         208     1.63228     1.99479   0.0365939
         209     1.63111     1.99305   0.0364602
         210      1.6301     1.99133   0.0363275
         211     1.62927     1.98961   0.0361958
         212     1.62863     1.98791   0.0360651
         213     1.62819     1.98622   0.0359353
         214     1.62796     1.98454   0.0358064
         215     1.62795     1.98289   0.0356782
         216     1.62817     1.98124   0.0355508
         217     1.62863     1.97962   0.0354241
         218     1.62935     1.97801    0.035298
         219     1.63034     1.97642   0.0351725
         220     1.63161     1.97486   0.0350476
         221     1.63316     1.97331   0.0349231
         222     1.63502     1.97179    0.034799
         223     1.63718     1.97029   0.0346753
         224     1.63966     1.96881   0.0345519
         225     1.64245     1.96736   0.0344287
         226     1.64556     1.96594   0.0343058
         227     1.64899     1.96454   0.0341831
         228     1.65272     1.96317   0.0340605
         229     1.65674     1.96183   0.0339381
         230     1.66103     1.96053   0.0338157
         231     1.66558     1.95925   0.0336934
         232     1.67036       1.958   0.0335712
         233     1.67534     1.95679    0.033449
         234     1.68049     1.95561   0.0333269
         235     1.68578     1.95446   0.0332049
         236     1.69116     1.95335   0.0330829
         237     1.69659     1.95226    0.032961
         238     1.70204     1.95121   0.0328393
         239     1.70747     1.95019   0.0327177
         240     1.71284      1.9492   0.0325964
         241     1.71811     1.94824   0.0324752
         242     1.72325     1.94731   0.0323543
         243     1.72824     1.94641   0.0322337
         244     1.73304     1.94554   0.0321135
         245     1.73763     1.94469   0.0319936
         246     1.74198     1.94387   0.0318742
         247     1.74609     1.94306   0.0317552
         248     1.74994     1.94229   0.0316367
         249     1.75352     1.94153   0.0315187
         250     1.75683     1.94079   0.0314013
         251     1.75986     1.94007   0.0312845
         252     1.76261     1.93936   0.0311682
         253      1.7651     1.93868   0.0310527
         254     1.76732       1.938   0.0309377
         255     1.76929     1.93734   0.0308235
         256     1.77101     1.93669   0.0307099
         257     1.77249     1.93605   0.0305971
         258     1.77375     1.93542   0.0304849
         259      1.7748      1.9348   0.0303736
         260     1.77565     1.93419   0.0302629
         261     1.77632     1.93358    0.030153
         262     1.77682     1.93299   0.0300438
         263     1.77717     1.93239   0.0299354
         264     1.77736     1.93181   0.0298278
         265     1.77743     1.93122   0.0297209
         266     1.77738     1.93065   0.0296148
         267     1.77722     1.93007   0.0295095
         268     1.77696      1.9295   0.0294049
         269     1.77662     1.92893   0.0293011
         270      1.7762     1.92837    0.029198
         271      1.7757      1.9278   0.0290957
         272     1.77514     1.92724   0.0289942
         273     1.77453     1.92668   0.0288934
         274     1.77386     1.92612   0.0287933
         275     1.77314     1.92557    0.028694
         276     1.77238     1.92501   0.0285954
         277     1.77159     1.92446   0.0284975
         278     1.77075     1.92391   0.0284003
         279     1.76987     1.92335   0.0283039
         280     1.76895      1.9228   0.0282082
         281     1.76799     1.92225   0.0281132
         282     1.76699      1.9217   0.0280189
         283     1.76594     1.92115   0.0279253
         284     1.76484      1.9206   0.0278324
         285     1.76369     1.92005   0.0277402
         286     1.76249      1.9195   0.0276487
         287     1.76122     1.91895   0.0275578
         288     1.75988     1.91839   0.0274677
         289     1.75847     1.91784   0.0273782
         290     1.75699     1.91729   0.0272894
         291     1.75541     1.91673   0.0272013
         292     1.75375     1.91617   0.0271139
         293     1.75199     1.91561   0.0270271
         294     1.75012     1.91505    0.026941
         295     1.74815     1.91448   0.0268557
         296     1.74608     1.91391    0.026771
         297     1.74388     1.91334   0.0266869
         298     1.74157     1.91277   0.0266036
         299     1.73915     1.91218    0.026521
         300      1.7366      1.9116    0.026439
         301     1.73394     1.91101   0.0263578
         302     1.73116     1.91041   0.0262772
         303     1.72828     1.90981   0.0261974
         304     1.72528     1.90921   0.0261182
         305     1.72219     1.90859   0.0260398
         306     1.71901     1.90797   0.0259621
         307     1.71574     1.90735   0.0258851
         308     1.71241     1.90671   0.0258087
         309       1.709     1.90607   0.0257332
         310     1.70554     1.90543   0.0256583
         311     1.70203     1.90477   0.0255841
         312     1.69849     1.90411   0.0255106
         313     1.69492     1.90344   0.0254379
         314     1.69133     1.90277   0.0253659
         315     1.68772     1.90209   0.0252945
         316     1.68411      1.9014   0.0252239
         317     1.68049      1.9007   0.0251539
         318     1.67687     1.89999   0.0250847
         319     1.67326     1.89928   0.0250161
         320     1.66964     1.89857   0.0249482
         321     1.66602     1.89784    0.024881
         322      1.6624     1.89711   0.0248145
         323     1.65877     1.89637   0.0247486
         324     1.65514     1.89563   0.0246834
         325     1.65149     1.89488   0.0246189
         326     1.64782     1.89412   0.0245551
         327     1.64414     1.89335   0.0244919
         328     1.64044     1.89258   0.0244293
         329     1.63672     1.89181   0.0243675
         330     1.63298     1.89102   0.0243062
         331     1.62922     1.89023   0.0242457
         332     1.62545     1.88943   0.0241857
         333     1.62166     1.88863   0.0241265
         334     1.61788     1.88782   0.0240679
         335      1.6141       1.887   0.0240099
         336     1.61035     1.88618   0.0239525
         337     1.60663     1.88535   0.0238958
         338     1.60297     1.88451   0.0238397
         339     1.59939     1.88367   0.0237842
         340     1.59589     1.88283   0.0237293
         341     1.59252     1.88197    0.023675
         342     1.58928     1.88112   0.0236213
         343     1.58619     1.88026    0.023568
         344     1.58328      1.8794   0.0235153
         345     1.58058     1.87853   0.0234631
         346     1.57809     1.87766   0.0234114
         347     1.57584     1.87679     0.02336
         348     1.57384     1.87592   0.0233091
         349     1.57212     1.87505   0.0232586
         350     1.57068     1.87418   0.0232084
         351     1.56954     1.87331   0.0231585
         352      1.5687     1.87245   0.0231089
         353     1.56817     1.87159   0.0230595
         354     1.56794     1.87073   0.0230103
         355     1.56804     1.86987   0.0229613
         356     1.56844     1.86903   0.0229124
         357     1.56915     1.86819   0.0228636
         358     1.57017     1.86736   0.0228149
         359     1.57148     1.86653   0.0227662
         360     1.57307     1.86572   0.0227175
         361     1.57494     1.86491   0.0226689
         362     1.57706     1.86412   0.0226202
         363     1.57942     1.86333   0.0225715
         364     1.58202     1.86256   0.0225227
         365     1.58482      1.8618   0.0224738
         366     1.58781     1.86105   0.0224249
         367     1.59097     1.86031   0.0223759
         368     1.59427     1.85959   0.0223267
         369     1.59771     1.85888   0.0222775
         370     1.60125     1.85818   0.0222282
         371     1.60487      1.8575   0.0221788
         372     1.60856     1.85683   0.0221292
         373     1.61229     1.85618   0.0220796
         374     1.61605     1.85553   0.0220299
         375     1.61981     1.85491   0.0219801
         376     1.62357     1.85429   0.0219303
         377     1.62729     1.85369   0.0218804
         378     1.63098      1.8531   0.0218304
         379      1.6346     1.85252   0.0217804
         380     1.63816     1.85196   0.0217304
         381     1.64163     1.85141   0.0216804
         382     1.64501     1.85087   0.0216304
         383     1.64829     1.85034   0.0215804
         384     1.65146     1.84982   0.0215304
         385      1.6545     1.84931   0.0214804
         386     1.65742     1.84881   0.0214305
         387     1.66021     1.84833   0.0213807
         388     1.66286     1.84785   0.0213309
         389     1.66535     1.84738   0.0212813
         390      1.6677     1.84692   0.0212317
         391     1.66988     1.84647   0.0211822
         392     1.67189     1.84602   0.0211328
         393     1.67372     1.84558   0.0210836
         394     1.67536     1.84515   0.0210345
         395     1.67681     1.84472   0.0209856
         396     1.67804      1.8443   0.0209368
         397     1.67906     1.84389   0.0208882
         398     1.67985     1.84348   0.0208398
         399     1.68041     1.84307   0.0207916
         400     1.68071     1.84266   0.0207436
         401     1.68077     1.84226   0.0206958
         402     1.68056     1.84186   0.0206482
         403     1.68009     1.84145   0.0206009
         404     1.67934     1.84105   0.0205538
         405     1.67833     1.84065    0.020507
         406     1.67705     1.84025   0.0204604
         407     1.67551     1.83984   0.0204141
         408     1.67372     1.83944   0.0203682
         409     1.67171     1.83903   0.0203225
         410     1.66948     1.83861   0.0202771
         411     1.66706     1.83819   0.0202321
         412     1.66449     1.83777   0.0201874
         413     1.66179     1.83735    0.020143
         414       1.659     1.83692   0.0200989
         415     1.65616     1.83648   0.0200552
         416     1.65332     1.83604   0.0200119
         417     1.65051      1.8356   0.0199688
         418     1.64778     1.83515   0.0199261
         419     1.64515     1.83469   0.0198837
         420     1.64268     1.83424   0.0198416
         421     1.64039     1.83378   0.0197998
         422      1.6383     1.83331   0.0197583
         423     1.63644     1.83285   0.0197171
         424     1.63482     1.83238   0.0196761
         425     1.63344     1.83191   0.0196354
         426     1.63229     1.83144   0.0195949
         427     1.63137     1.83097   0.0195546
         428     1.63066     1.83051   0.0195145
         429     1.63013     1.83004   0.0194746
         430     1.62976     1.82957   0.0194349
         431     1.62951     1.82911   0.0193953
         432     1.62934     1.82865   0.0193559
         433     1.62922     1.82819   0.0193167
         434     1.62912     1.82773   0.0192777
         435     1.62899     1.82727   0.0192388
         436     1.62881     1.82682      0.0192
         437     1.62854     1.82636   0.0191614
         438     1.62817     1.82591    0.019123
         439     1.62768     1.82546   0.0190848
         440     1.62703     1.82501   0.0190468
         441     1.62624     1.82456   0.0190089
         442     1.62528     1.82411   0.0189712
         443     1.62417     1.82365   0.0189338
         444      1.6229      1.8232   0.0188965
         445     1.62148     1.82275   0.0188595
         446     1.61992     1.82229   0.0188227
         447     1.61822     1.82184   0.0187861
         448     1.61642     1.82138   0.0187498
         449     1.61451     1.82092   0.0187137
         450     1.61252     1.82045   0.0186778
         451     1.61047     1.81999   0.0186422
         452     1.60838     1.81952   0.0186069
         453     1.60626     1.81905   0.0185717
         454     1.60412     1.81858   0.0185369
         455     1.60199      1.8181   0.0185022
         456     1.59988     1.81762   0.0184678
         457      1.5978     1.81714   0.0184337
         458     1.59575     1.81666   0.0183998
         459     1.59376     1.81617   0.0183661
         460     1.59182     1.81568   0.0183327
         461     1.58995     1.81519   0.0182994
         462     1.58815      1.8147   0.0182664
         463     1.58644     1.81421   0.0182336
         464      1.5848     1.81372    0.018201
         465     1.58326     1.81322   0.0181686
         466     1.58182     1.81272   0.0181364
         467     1.58048     1.81223   0.0181044
         468     1.57925     1.81173   0.0180726
         469     1.57814     1.81123   0.0180409
         470     1.57717     1.81073   0.0180094
         471     1.57634     1.81023    0.017978
         472     1.57566     1.80974   0.0179468
         473     1.57515     1.80924   0.0179157
         474      1.5748     1.80875   0.0178847
         475     1.57464     1.80825   0.0178539
         476     1.57465     1.80776   0.0178231
         477     1.57486     1.80728   0.0177924
         478     1.57525     1.80679   0.0177618
         479     1.57581     1.80631   0.0177313
         480     1.57655     1.80583   0.0177008
         481     1.57745     1.80535   0.0176704
         482     1.57849     1.80488     0.01764
         483     1.57965     1.80442   0.0176096
         484     1.58091     1.80396   0.0175793
         485     1.58225      1.8035    0.017549
         486     1.58363     1.80305   0.0175187
         487     1.58502      1.8026   0.0174885
         488      1.5864     1.80216   0.0174582
         489     1.58773     1.80172    0.017428
         490     1.58899     1.80128   0.0173979
         491     1.59015     1.80085   0.0173678
         492     1.59117     1.80043   0.0173377
         493     1.59204         1.8   0.0173077
         494     1.59273     1.79958   0.0172777
         495     1.59323     1.79917   0.0172478
         496     1.59351     1.79875    0.017218
         497     1.59356     1.79834   0.0171884
         498     1.59338     1.79793   0.0171588
         499     1.59294     1.79752   0.0171293
         500     1.59225     1.79711      0.0171
         501      1.5913      1.7967   0.0170708
         502     1.59008     1.79628   0.0170417
         503      1.5886     1.79587   0.0170128
         504     1.58686     1.79546   0.0169841
         505     1.58485     1.79504   0.0169556
         506     1.58258     1.79462   0.0169273
         507     1.58007      1.7942   0.0168992
         508     1.57732     1.79377   0.0168713
         509     1.57435     1.79334   0.0168437
         510     1.57116      1.7929   0.0168163
         511     1.56778     1.79246   0.0167892
         512     1.56423     1.79202   0.0167623
         513     1.56052     1.79157   0.0167357
         514     1.55668     1.79111   0.0167094
         515     1.55273     1.79065   0.0166833
         516     1.54871     1.79018   0.0166576
         517     1.54463      1.7897   0.0166321
         518     1.54052     1.78922    0.016607
         519     1.53642     1.78873   0.0165821
         520     1.53233     1.78824   0.0165576
         521     1.52829     1.78774   0.0165333
         522     1.52431     1.78724   0.0165093
         523     1.52041     1.78673   0.0164856
         524     1.51661     1.78621   0.0164622
         525     1.51291     1.78569   0.0164391
         526     1.50932     1.78517   0.0164163
         527     1.50585     1.78464   0.0163937
         528      1.5025      1.7841   0.0163713
         529     1.49926     1.78356   0.0163492
         530     1.49614     1.78302   0.0163274
         531     1.49312     1.78247   0.0163057
         532     1.49021     1.78193   0.0162843
         533     1.48741     1.78137   0.0162632
         534      1.4847     1.78082   0.0162422
         535     1.48209     1.78026   0.0162214
         536     1.47958      1.7797   0.0162009
         537     1.47716     1.77913   0.0161805
         538     1.47486     1.77857   0.0161603
         539     1.47267       1.778   0.0161403
         540      1.4706     1.77743   0.0161204
         541     1.46867     1.77686   0.0161007
         542     1.46689     1.77629   0.0160812
         543     1.46528     1.77572   0.0160617
         544     1.46385     1.77514   0.0160425
         545     1.46261     1.77457   0.0160233
         546     1.46159       1.774   0.0160042
         547     1.46081     1.77342   0.0159851
         548     1.46027     1.77285   0.0159662
         549        1.46     1.77228   0.0159473
         550        1.46     1.77171   0.0159284
         551     1.46029     1.77115   0.0159095
         552     1.46087     1.77059   0.0158906
         553     1.46175     1.77003   0.0158717
         554     1.46293     1.76947   0.0158527
         555      1.4644     1.76893   0.0158337
         556     1.46618     1.76838   0.0158146
         557     1.46825     1.76784   0.0157953
         558     1.47061     1.76731    0.015776
         559     1.47325     1.76678   0.0157566
         560     1.47616     1.76626    0.015737
         561     1.47933     1.76575   0.0157172
         562     1.48274     1.76525   0.0156973
         563     1.48639     1.76475   0.0156772
         564     1.49025     1.76427    0.015657
         565     1.49431     1.76379   0.0156366
         566     1.49856     1.76332    0.015616
         567     1.50297     1.76286   0.0155952
         568     1.50754     1.76241   0.0155742
         569     1.51225     1.76197    0.015553
         570     1.51707     1.76154   0.0155317
         571     1.52201     1.76112   0.0155101
         572     1.52704     1.76071   0.0154884
         573     1.53214     1.76032   0.0154665
         574     1.53732     1.75993   0.0154445
         575     1.54255     1.75955   0.0154222
         576     1.54783     1.75918   0.0153998
         577     1.55314     1.75882   0.0153773
         578     1.55848     1.75848   0.0153546
         579     1.56385     1.75814   0.0153318
         580     1.56924     1.75782   0.0153088
         581     1.57465      1.7575   0.0152857
         582     1.58008      1.7572   0.0152624
         583     1.58553      1.7569   0.0152391
         584     1.59099     1.75662   0.0152157
         585     1.59648     1.75634   0.0151921
         586       1.602     1.75608   0.0151685
         587     1.60753     1.75583   0.0151447
         588      1.6131     1.75558   0.0151209
         589      1.6187     1.75535    0.015097
         590     1.62432     1.75513   0.0150731
         591     1.62998     1.75492   0.0150491
         592     1.63566     1.75472    0.015025
         593     1.64137     1.75452   0.0150009
         594     1.64708     1.75434   0.0149767
         595      1.6528     1.75417   0.0149525
         596     1.65852     1.75401   0.0149283
         597     1.66421     1.75386    0.014904
         598     1.66986     1.75372   0.0148798
         599     1.67546     1.75359   0.0148555
         600     1.68097     1.75347   0.0148312
         601     1.68639     1.75336    0.014807
         602     1.69168     1.75326   0.0147827
         603     1.69683     1.75316   0.0147585
         604     1.70181     1.75308   0.0147343
         605     1.70661       1.753   0.0147102
         606     1.71121     1.75293   0.0146861
         607     1.71558     1.75287    0.014662
         608     1.71971     1.75282    0.014638
         609      1.7236     1.75277    0.014614
         610     1.72722     1.75273   0.0145901
         611     1.73057     1.75269   0.0145663
         612     1.73364     1.75266   0.0145425
         613     1.73643     1.75263   0.0145188
         614     1.73894     1.75261   0.0144952
         615     1.74118     1.75259   0.0144717
         616     1.74314     1.75258   0.0144482
         617     1.74484     1.75256   0.0144248
         618     1.74629     1.75255   0.0144014
         619      1.7475     1.75255   0.0143782
         620     1.74849     1.75254    0.014355
         621     1.74928     1.75253   0.0143319
         622     1.74988     1.75253   0.0143088
         623      1.7503     1.75253   0.0142858
         624     1.75057     1.75252   0.0142629
         625     1.75071     1.75252   0.0142401
         626     1.75074     1.75252   0.0142174
         627     1.75066     1.75251   0.0141947
         628     1.75051     1.75251   0.0141721
         629      1.7503     1.75251   0.0141496
         630     1.75003      1.7525   0.0141271
         631     1.74973      1.7525   0.0141047
         632     1.74939     1.75249   0.0140824
         633     1.74905     1.75249   0.0140602
         634     1.74869     1.75248    0.014038
         635     1.74831     1.75248   0.0140159
         636     1.74794     1.75247   0.0139938
         637     1.74755     1.75246   0.0139719
         638     1.74716     1.75245     0.01395
         639     1.74675     1.75244   0.0139282
         640     1.74634     1.75243   0.0139064
         641     1.74591     1.75242   0.0138847
         642     1.74547     1.75241   0.0138631
         643       1.745      1.7524   0.0138415
         644     1.74453     1.75239     0.01382
         645     1.74403     1.75238   0.0137986
         646     1.74351     1.75236   0.0137773
         647     1.74297     1.75235    0.013756
         648     1.74242     1.75233   0.0137348
         649     1.74186     1.75232   0.0137136
         650      1.7413      1.7523   0.0136925
         651     1.74074     1.75228   0.0136715
         652      1.7402     1.75226   0.0136505
         653     1.73968     1.75224   0.0136296
         654     1.73919     1.75222   0.0136088
         655     1.73875      1.7522   0.0135881
         656     1.73835     1.75218   0.0135674
         657     1.73802     1.75216   0.0135467
         658     1.73775     1.75214   0.0135262
         659     1.73755     1.75212   0.0135057
         660     1.73742     1.75209   0.0134852
         661     1.73737     1.75207   0.0134648
         662     1.73739     1.75205   0.0134445
         663     1.73748     1.75203   0.0134242
         664     1.73762     1.75201    0.013404
         665     1.73782     1.75199   0.0133839
         666     1.73807     1.75196   0.0133638
         667     1.73834     1.75194   0.0133438
         668     1.73862     1.75192   0.0133238
         669     1.73891      1.7519   0.0133039
         670     1.73918     1.75189   0.0132841
         671     1.73943     1.75187   0.0132643
         672     1.73965     1.75185   0.0132446
         673     1.73981     1.75183   0.0132249
         674     1.73991     1.75181   0.0132053
         675     1.73995      1.7518   0.0131858
         676     1.73991     1.75178   0.0131663
         677      1.7398     1.75176   0.0131468
         678     1.73961     1.75174   0.0131275
         679     1.73934     1.75172   0.0131081
         680       1.739     1.75171   0.0130889
         681     1.73859     1.75169   0.0130697
         682     1.73812     1.75167   0.0130505
         683     1.73759     1.75165   0.0130314
         684     1.73701     1.75162   0.0130124
         685      1.7364      1.7516   0.0129934
         686     1.73576     1.75158   0.0129745
         687     1.73512     1.75155   0.0129556
         688     1.73447     1.75153   0.0129368
         689     1.73385      1.7515   0.0129181
         690     1.73325     1.75148   0.0128994
         691     1.73271     1.75145   0.0128807
         692     1.73222     1.75142   0.0128622
         693     1.73181     1.75139   0.0128436
         694     1.73148     1.75137   0.0128251
         695     1.73126     1.75134   0.0128067
         696     1.73114     1.75131   0.0127884
         697     1.73114     1.75128     0.01277
         698     1.73126     1.75125   0.0127518
         699     1.73152     1.75122   0.0127336
         700     1.73191     1.75119   0.0127154
         701     1.73244     1.75117   0.0126973
         702     1.73311     1.75114   0.0126792
         703     1.73391     1.75112   0.0126612
         704     1.73485     1.75109   0.0126433
         705     1.73591     1.75107   0.0126253
         706     1.73708     1.75105   0.0126075
         707     1.73836     1.75104   0.0125897
         708     1.73974     1.75102   0.0125719
         709      1.7412     1.75101   0.0125542
         710     1.74272     1.75099   0.0125365
         711     1.74428     1.75098   0.0125189
         712     1.74587     1.75098   0.0125013
         713     1.74746     1.75097   0.0124837
         714     1.74904     1.75097   0.0124663
         715     1.75059     1.75097   0.0124488
         716     1.75207     1.75097   0.0124314
         717     1.75349     1.75097   0.0124141
         718      1.7548     1.75098   0.0123968
         719       1.756     1.75099   0.0123796
         720     1.75706     1.75099   0.0123624
         721     1.75797       1.751   0.0123452
         722     1.75871     1.75102   0.0123281
         723     1.75928     1.75103   0.0123111
         724     1.75965     1.75104   0.0122941
         725     1.75981     1.75105   0.0122771
         726     1.75977     1.75106   0.0122602
         727     1.75952     1.75107   0.0122434
         728     1.75905     1.75109   0.0122266
         729     1.75837      1.7511   0.0122098
         730     1.75748      1.7511   0.0121931
         731     1.75638     1.75111   0.0121764
         732     1.75508     1.75112   0.0121598
         733     1.75358     1.75112   0.0121432
         734      1.7519     1.75112   0.0121266
         735     1.75005     1.75112   0.0121101
         736     1.74803     1.75112   0.0120937
         737     1.74588     1.75111   0.0120773
         738      1.7436      1.7511   0.0120609
         739     1.74121     1.75108   0.0120446
         740     1.73874     1.75107   0.0120283
         741      1.7362     1.75105   0.0120121
         742     1.73361     1.75102    0.011996
         743       1.731       1.751   0.0119798
         744     1.72838     1.75097   0.0119638
         745      1.7258     1.75093   0.0119478
         746     1.72326      1.7509   0.0119318
         747      1.7208     1.75086   0.0119159
         748     1.71843     1.75081   0.0119001
         749     1.71618     1.75077   0.0118843
         750     1.71408     1.75072   0.0118685
         751     1.71214     1.75067   0.0118528
         752     1.71039     1.75061   0.0118372
         753     1.70883     1.75056   0.0118216
         754      1.7075      1.7505    0.011806
         755      1.7064     1.75044   0.0117906
         756     1.70554     1.75038   0.0117751
         757     1.70492     1.75032   0.0117597
         758     1.70456     1.75026   0.0117443
         759     1.70444      1.7502    0.011729
         760     1.70456     1.75014   0.0117138
         761     1.70491     1.75008   0.0116985
         762     1.70548     1.75002   0.0116833
         763     1.70624     1.74997   0.0116681
         764     1.70719     1.74991    0.011653
         765     1.70829     1.74986   0.0116379
         766     1.70951      1.7498   0.0116228
         767     1.71084     1.74975   0.0116078
         768     1.71224      1.7497   0.0115928
         769     1.71369     1.74966   0.0115778
         770     1.71516     1.74961   0.0115628
         771     1.71662     1.74957   0.0115479
         772     1.71804     1.74953    0.011533
         773     1.71942     1.74949   0.0115182
         774     1.72071     1.74945   0.0115034
         775     1.72192     1.74942   0.0114886
         776     1.72301     1.74938   0.0114738
         777     1.72399     1.74935   0.0114591
         778     1.72484     1.74932   0.0114444
         779     1.72556     1.74929   0.0114298
         780     1.72615     1.74926   0.0114151
         781      1.7266     1.74923   0.0114006
         782     1.72692      1.7492    0.011386
         783     1.72711     1.74917   0.0113715
         784     1.72718     1.74914    0.011357
         785     1.72713     1.74912   0.0113426
         786     1.72697     1.74909   0.0113282
         787     1.72672     1.74906   0.0113139
         788     1.72638     1.74903   0.0112995
         789     1.72596       1.749   0.0112852
         790     1.72548     1.74897    0.011271
         791     1.72494     1.74894   0.0112568
         792     1.72436     1.74891   0.0112426
         793     1.72376     1.74888   0.0112285
         794     1.72314     1.74885   0.0112144
         795     1.72252     1.74881   0.0112003
         796     1.72192     1.74878   0.0111863
         797     1.72133     1.74874   0.0111723
         798     1.72079     1.74871   0.0111584
         799     1.72029     1.74867   0.0111445
         800     1.71986     1.74864   0.0111306
         801      1.7195      1.7486   0.0111168
         802     1.71922     1.74857    0.011103
         803     1.71904     1.74853   0.0110892
         804     1.71896     1.74849   0.0110755
         805       1.719     1.74845   0.0110618
         806     1.71914     1.74842   0.0110481
         807     1.71941     1.74838   0.0110345
         808     1.71981     1.74835   0.0110209
         809     1.72033     1.74831   0.0110073
         810     1.72098     1.74828   0.0109938
         811     1.72174     1.74825   0.0109803
         812     1.72263     1.74821   0.0109668
         813     1.72363     1.74818   0.0109533
         814     1.72472     1.74816   0.0109399
         815     1.72592     1.74813   0.0109265
         816     1.72719      1.7481   0.0109132
         817     1.72853     1.74808   0.0108998
         818     1.72994     1.74806   0.0108865
         819     1.73139     1.74804   0.0108733
         820     1.73287     1.74802     0.01086
         821     1.73437       1.748   0.0108468
         822     1.73589     1.74799   0.0108336
         823      1.7374     1.74797   0.0108205
         824      1.7389     1.74796   0.0108073
         825     1.74038     1.74795   0.0107942
         826     1.74184     1.74795   0.0107812
         827     1.74327     1.74794   0.0107681
         828     1.74466     1.74794   0.0107551
         829     1.74602     1.74793   0.0107422
         830     1.74733     1.74793   0.0107292
         831      1.7486     1.74793   0.0107163
         832     1.74984     1.74794   0.0107034
         833     1.75104     1.74794   0.0106906
         834     1.75221     1.74795   0.0106778
         835     1.75336     1.74795    0.010665
         836     1.75448     1.74796   0.0106522
         837      1.7556     1.74797   0.0106395
         838     1.75671     1.74798   0.0106268
         839     1.75781     1.74799   0.0106142
         840     1.75892       1.748   0.0106015
         841     1.76004     1.74802   0.0105889
         842     1.76118     1.74803   0.0105764
         843     1.76232     1.74805   0.0105638
         844     1.76349     1.74807   0.0105513
         845     1.76469     1.74809   0.0105389
         846     1.76591     1.74811   0.0105264
         847     1.76716     1.74813    0.010514
         848     1.76844     1.74816   0.0105017
         849     1.76975     1.74818   0.0104893
         850     1.77109     1.74821    0.010477
         851     1.77245     1.74824   0.0104647
         852     1.77384     1.74827   0.0104525
         853     1.77525      1.7483   0.0104403
         854     1.77668     1.74833   0.0104281
         855     1.77812     1.74837    0.010416
         856     1.77958      1.7484   0.0104039
         857     1.78105     1.74844   0.0103918
         858     1.78251     1.74848   0.0103798
         859     1.78398     1.74852   0.0103678
         860     1.78543     1.74857   0.0103558
         861     1.78687     1.74861   0.0103439
         862      1.7883     1.74866    0.010332
         863     1.78969      1.7487   0.0103201
         864     1.79105     1.74875   0.0103083
         865     1.79238      1.7488   0.0102965
         866     1.79366     1.74885   0.0102847
         867     1.79488     1.74891    0.010273
         868     1.79605     1.74896   0.0102613
         869     1.79715     1.74902   0.0102497
         870     1.79817     1.74907    0.010238
         871     1.79911     1.74913   0.0102264
         872     1.79996     1.74919   0.0102149
         873     1.80072     1.74925   0.0102033
         874     1.80136     1.74931   0.0101918
         875     1.80189     1.74937   0.0101804
         876      1.8023     1.74943   0.0101689
         877     1.80257     1.74949   0.0101575
         878     1.80271     1.74955   0.0101461
         879      1.8027     1.74961   0.0101348
         880     1.80253     1.74967   0.0101234
         881     1.80221     1.74973   0.0101121
         882     1.80173     1.74979   0.0101008
         883     1.80108     1.74985   0.0100895
         884     1.80025      1.7499   0.0100783
         885     1.79925     1.74996   0.0100671
         886     1.79807     1.75001   0.0100558
         887     1.79671     1.75007   0.0100446
         888     1.79517     1.75012   0.0100335
         889     1.79344     1.75017   0.0100223
         890     1.79153     1.75021   0.0100111
         891     1.78943     1.75026        0.01
         892     1.78716      1.7503  0.00998887
         893      1.7847     1.75034  0.00997776
         894     1.78205     1.75037  0.00996666
         895     1.77923      1.7504  0.00995558
         896     1.77623     1.75043  0.00994451
         897     1.77306     1.75046  0.00993346
         898     1.76971     1.75048  0.00992242
         899     1.76618      1.7505   0.0099114
         900     1.76248     1.75051  0.00990039
         901     1.75859     1.75052  0.00988941
         902     1.75453     1.75052  0.00987845
         903     1.75028     1.75052  0.00986751
         904     1.74585     1.75052  0.00985659
         905     1.74122     1.75051  0.00984571
         906     1.73641     1.75049  0.00983485
         907      1.7314     1.75047  0.00982403
         908     1.72618     1.75045  0.00981325
         909     1.72076     1.75041  0.00980251
         910     1.71512     1.75037  0.00979181
         911     1.70925     1.75033  0.00978117
         912     1.70316     1.75028  0.00977058
         913     1.69682     1.75022  0.00976005
         914     1.69023     1.75015  0.00974959
         915     1.68338     1.75008  0.00973921
         916     1.67627        1.75  0.00972891
         917     1.66888     1.74991  0.00971871
         918      1.6612     1.74981   0.0097086
         919     1.65324     1.74971   0.0096986
         920     1.64499      1.7496  0.00968873
         921     1.63644     1.74947  0.00967899
         922     1.62761     1.74934  0.00966939
         923     1.61848      1.7492  0.00965996
         924     1.60906     1.74905  0.00965069
         925     1.59938     1.74888  0.00964162
         926     1.58944     1.74871  0.00963274
         927     1.57926     1.74853  0.00962408
         928     1.56886     1.74834  0.00961566
         929     1.55829     1.74813  0.00960749
         930     1.54756     1.74792  0.00959958
         931     1.53674     1.74769  0.00959194
         932     1.52587     1.74745   0.0095846
         933       1.515      1.7472  0.00957757
         934      1.5042     1.74694  0.00957085
         935     1.49354     1.74667  0.00956445
         936     1.48308     1.74639  0.00955838
         937      1.4729      1.7461  0.00955263
         938     1.46308      1.7458  0.00954721
         939      1.4537     1.74548  0.00954211
         940     1.44482     1.74516  0.00953732
         941     1.43652     1.74484  0.00953282
         942     1.42887      1.7445   0.0095286
         943     1.42192     1.74416  0.00952463
         944     1.41572     1.74381   0.0095209
         945     1.41032     1.74346  0.00951736
         946     1.40574      1.7431  0.00951399
         947     1.40201     1.74274  0.00951076
         948     1.39914     1.74238  0.00950763
         949     1.39713     1.74201  0.00950457
         950     1.39597     1.74165  0.00950154
         951     1.39567     1.74129  0.00949852
         952     1.39618     1.74092  0.00949545
         953     1.39751     1.74056  0.00949232
         954     1.39961     1.74021   0.0094891
         955     1.40247     1.73985  0.00948575
         956     1.40605      1.7395  0.00948225
         957     1.41031     1.73916  0.00947858
         958     1.41522     1.73882  0.00947472
         959     1.42074     1.73849  0.00947064
         960     1.42683     1.73817  0.00946634
         961     1.43343     1.73785   0.0094618
         962      1.4405     1.73754  0.00945701
         963     1.44799     1.73724  0.00945197
         964     1.45586     1.73695  0.00944667
         965     1.46403     1.73666  0.00944111
         966     1.47247     1.73639   0.0094353
         967     1.48112     1.73613  0.00942923
         968     1.48993     1.73587  0.00942292
         969     1.49885     1.73563  0.00941637
         970     1.50784     1.73539  0.00940959
         971     1.51686     1.73517  0.00940259
         972     1.52587     1.73495  0.00939538
         973     1.53484     1.73475  0.00938798
         974     1.54375     1.73455  0.00938039
         975     1.55257     1.73436  0.00937262
         976     1.56129     1.73419   0.0093647
         977     1.56989     1.73402  0.00935662
         978     1.57837     1.73386  0.00934841
         979      1.5867     1.73371  0.00934007
         980     1.59489     1.73357  0.00933161
         981     1.60292     1.73343  0.00932305
         982      1.6108     1.73331  0.00931439
         983      1.6185     1.73319  0.00930565
         984     1.62603     1.73308  0.00929683
         985     1.63337     1.73298  0.00928794
         986     1.64051     1.73289    0.009279
         987     1.64745      1.7328     0.00927
         988     1.65416     1.73272  0.00926096
         989     1.66064     1.73265  0.00925188
         990     1.66687     1.73258  0.00924277
         991     1.67283     1.73252  0.00923364
         992     1.67852     1.73247   0.0092245
         993     1.68392     1.73242  0.00921534
         994     1.68902     1.73238  0.00920617
         995     1.69379     1.73234    0.009197
         996     1.69824      1.7323  0.00918783
         997     1.70234     1.73227  0.00917866
         998     1.70608     1.73225   0.0091695
         999     1.70947     1.73222  0.00916035
        1000      1.7125      1.7322  0.00915121
        1001     1.71515     1.73219  0.00914209
        1002     1.71744     1.73217  0.00913297
        1003     1.71936     1.73216  0.00912388
        1004     1.72092     1.73215   0.0091148
        1005     1.72212     1.73214  0.00910573
        1006     1.72297     1.73213  0.00909669
        1007     1.72348     1.73212  0.00908766
        1008     1.72366     1.73211  0.00907864
        1009     1.72353      1.7321  0.00906965
        1010     1.72308     1.73209  0.00906068
        1011     1.72235     1.73208  0.00905172
        1012     1.72133     1.73207  0.00904278
        1013     1.72004     1.73206  0.00903386
        1014     1.71848     1.73205  0.00902496
        1015     1.71666     1.73203  0.00901608
        1016     1.71459     1.73202  0.00900723
        1017     1.71227       1.732  0.00899839
        1018     1.70971     1.73198  0.00898958
        1019      1.7069     1.73195  0.00898079
        1020     1.70385     1.73192  0.00897203
        1021     1.70056     1.73189  0.00896329
        1022     1.69703     1.73186  0.00895459
        1023     1.69325     1.73182  0.00894591
        1024     1.68923     1.73178  0.00893727
        1025     1.68497     1.73173  0.00892867
        1026     1.68047     1.73168  0.00892011
        1027     1.67575     1.73163  0.00891159
        1028      1.6708     1.73157  0.00890312
        1029     1.66564     1.73151  0.00889469
        1030     1.66029     1.73144  0.00888633
        1031     1.65476     1.73136  0.00887802
        1032     1.64907     1.73128  0.00886978
        1033     1.64325      1.7312   0.0088616
        1034     1.63732     1.73111  0.00885349
        1035     1.63133     1.73101  0.00884546
        1036      1.6253     1.73091  0.00883751
        1037     1.61927      1.7308  0.00882965
        1038     1.61328     1.73069  0.00882187
        1039     1.60737     1.73057  0.00881417
        1040     1.60159     1.73044  0.00880657
        1041     1.59597     1.73032  0.00879906
        1042     1.59057     1.73018  0.00879164
        1043     1.58542     1.73004   0.0087843
        1044     1.58057      1.7299  0.00877706
        1045     1.57605     1.72975  0.00876989
        1046     1.57191      1.7296  0.00876281
        1047     1.56818     1.72945  0.00875579
        1048     1.56489     1.72929  0.00874885
        1049     1.56207     1.72913  0.00874196
        1050     1.55973     1.72897  0.00873512
        1051     1.55789     1.72881  0.00872833
        1052     1.55657     1.72864  0.00872156
        1053     1.55577     1.72848  0.00871483
        1054     1.55549     1.72831   0.0087081
        1055     1.55574     1.72815  0.00870139
        1056     1.55649     1.72799  0.00869466
        1057     1.55774     1.72783  0.00868793
        1058     1.55947     1.72767  0.00868118
        1059     1.56165     1.72751  0.00867439
        1060     1.56427     1.72736  0.00866758
        1061     1.56729     1.72721  0.00866072
        1062     1.57068     1.72706  0.00865382
        1063     1.57441     1.72692  0.00864687
        1064     1.57845     1.72678  0.00863987
        1065     1.58275     1.72664  0.00863281
        1066      1.5873     1.72651  0.00862571
        1067     1.59205     1.72638  0.00861854
        1068     1.59697     1.72626  0.00861132
        1069     1.60202     1.72615  0.00860405
        1070     1.60718     1.72604  0.00859673
        1071     1.61241     1.72593  0.00858936
        1072     1.61769     1.72583  0.00858194
        1073     1.62299     1.72573  0.00857448
        1074     1.62829     1.72564  0.00856697
        1075     1.63356     1.72556  0.00855943
        1076     1.63878     1.72548  0.00855186
        1077     1.64395      1.7254  0.00854425
        1078     1.64903     1.72533  0.00853662
        1079     1.65403     1.72526  0.00852896
        1080     1.65892      1.7252  0.00852129
        1081      1.6637     1.72514  0.00851359
        1082     1.66837     1.72509  0.00850589
        1083     1.67291     1.72504  0.00849817
        1084     1.67732       1.725  0.00849044
        1085     1.68159     1.72496  0.00848271
        1086     1.68573     1.72492  0.00847498
        1087     1.68974     1.72489  0.00846724
        1088      1.6936     1.72486  0.00845951
        1089     1.69733     1.72484  0.00845178
        1090     1.70091     1.72482  0.00844406
        1091     1.70436      1.7248  0.00843634
        1092     1.70768     1.72478  0.00842863
        1093     1.71086     1.72477  0.00842092
        1094     1.71391     1.72476  0.00841323
        1095     1.71682     1.72475  0.00840555
        1096     1.71961     1.72475  0.00839788
        1097     1.72227     1.72474  0.00839023
        1098      1.7248     1.72474  0.00838259
        1099      1.7272     1.72475  0.00837496
        1100     1.72948     1.72475  0.00836735
        1101     1.73164     1.72476  0.00835975
        1102     1.73367     1.72476  0.00835217
        1103     1.73557     1.72477   0.0083446
        1104     1.73734     1.72479  0.00833705
        1105     1.73897      1.7248  0.00832952
        1106     1.74047     1.72481    0.008322
        1107     1.74182     1.72483  0.00831449
        1108     1.74302     1.72484  0.00830701
        1109     1.74407     1.72486  0.00829953
        1110     1.74495     1.72488  0.00829208
        1111     1.74566      1.7249  0.00828463
        1112      1.7462     1.72492  0.00827721
        1113     1.74655     1.72494  0.00826979
        1114     1.74671     1.72496  0.00826239
        1115     1.74668     1.72498    0.008255
        1116     1.74643       1.725  0.00824763
        1117     1.74597     1.72501  0.00824027
        1118     1.74529     1.72503  0.00823292
        1119     1.74439     1.72505  0.00822558
        1120     1.74327     1.72507  0.00821825
        1121     1.74191     1.72508  0.00821093
        1122     1.74033     1.72509  0.00820362
        1123     1.73852     1.72511  0.00819633
        1124     1.73649     1.72512  0.00818904
        1125     1.73425     1.72513  0.00818177
        1126     1.73179     1.72513   0.0081745
        1127     1.72913     1.72513  0.00816725
        1128     1.72628     1.72514  0.00816001
        1129     1.72326     1.72513  0.00815278
        1130     1.72007     1.72513  0.00814557
        1131     1.71674     1.72512  0.00813837
        1132     1.71327     1.72511  0.00813119
        1133     1.70968      1.7251  0.00812402
        1134     1.70599     1.72508  0.00811688
        1135     1.70222     1.72506  0.00810975
        1136     1.69837     1.72504  0.00810264
        1137     1.69447     1.72501  0.00809556
        1138     1.69053     1.72498  0.00808851
        1139     1.68656     1.72495  0.00808147
        1140     1.68257     1.72491  0.00807447
        1141     1.67858     1.72487   0.0080675
        1142      1.6746     1.72482  0.00806055
        1143     1.67063     1.72478  0.00805364
        1144     1.66668     1.72473  0.00804676
        1145     1.66275     1.72467  0.00803991
        1146     1.65886     1.72461   0.0080331
        1147     1.65501     1.72455  0.00802633
        1148     1.65121     1.72449  0.00801959
        1149     1.64744     1.72442  0.00801289
        1150     1.64373     1.72435  0.00800623
        1151     1.64006     1.72428  0.00799961
        1152     1.63646      1.7242  0.00799303
        1153     1.63291     1.72412  0.00798649
        1154     1.62943     1.72404  0.00797999
        1155     1.62602     1.72396  0.00797353
        1156     1.62268     1.72387  0.00796712
        1157     1.61943     1.72378  0.00796074
        1158     1.61627     1.72369  0.00795441
        1159     1.61321     1.72359  0.00794812
        1160     1.61026     1.72349  0.00794187
        1161     1.60744     1.72339  0.00793565
        1162     1.60475     1.72329  0.00792948
        1163     1.60221     1.72319  0.00792335
        1164     1.59984     1.72308  0.00791725
        1165     1.59764     1.72297  0.00791118
        1166     1.59565     1.72286  0.00790515
        1167     1.59386     1.72275  0.00789915
        1168     1.59231     1.72264  0.00789318
        1169       1.591     1.72253  0.00788723
        1170     1.58995     1.72242   0.0078813
        1171     1.58918      1.7223  0.00787539
        1172      1.5887     1.72219   0.0078695
        1173     1.58852     1.72207  0.00786361
        1174     1.58865     1.72196  0.00785774
        1175     1.58908     1.72185  0.00785186
        1176     1.58982     1.72174  0.00784599
        1177     1.59086     1.72162  0.00784011
        1178      1.5922     1.72151  0.00783423
        1179      1.5938     1.72141  0.00782833
        1180     1.59567      1.7213  0.00782242
        1181     1.59775      1.7212   0.0078165
        1182     1.60004     1.72109  0.00781056
        1183     1.60248     1.72099   0.0078046
        1184     1.60505     1.72089  0.00779862
        1185     1.60771      1.7208  0.00779262
        1186     1.61041     1.72071  0.00778661
        1187     1.61312     1.72062  0.00778058
        1188      1.6158     1.72053  0.00777453
        1189     1.61841     1.72044  0.00776846
        1190     1.62092     1.72036  0.00776239
        1191     1.62331     1.72028   0.0077563
        1192     1.62555      1.7202   0.0077502
        1193     1.62762     1.72012  0.00774409
        1194     1.62951     1.72004  0.00773797
        1195      1.6312     1.71997  0.00773186
        1196     1.63271      1.7199  0.00772574
        1197     1.63402     1.71982  0.00771961
        1198     1.63514     1.71975  0.00771349
        1199     1.63609     1.71968  0.00770738
        1200     1.63687     1.71961  0.00770126
        1201      1.6375     1.71955  0.00769515
        1202     1.63799     1.71948  0.00768905
        1203     1.63838     1.71941  0.00768295
        1204     1.63867     1.71934  0.00767687
        1205     1.63888     1.71928  0.00767079
        1206     1.63903     1.71921  0.00766471
        1207     1.63914     1.71914  0.00765865
        1208     1.63923     1.71908   0.0076526
        1209     1.63932     1.71901  0.00764655
        1210     1.63941     1.71895  0.00764051
        1211     1.63952     1.71888  0.00763449
        1212     1.63966     1.71882  0.00762847
        1213     1.63984     1.71875  0.00762246
        1214     1.64008     1.71869  0.00761645
        1215     1.64037     1.71862  0.00761046
        1216     1.64073     1.71856  0.00760447
        1217     1.64115     1.71849  0.00759849
        1218     1.64163     1.71843  0.00759251
        1219     1.64219     1.71837  0.00758654
        1220      1.6428     1.71831  0.00758057
        1221     1.64348     1.71824  0.00757461
        1222     1.64422     1.71818  0.00756866
        1223     1.64501     1.71812   0.0075627
        1224     1.64585     1.71807  0.00755676
        1225     1.64673     1.71801  0.00755081
        1226     1.64765     1.71795  0.00754487
        1227     1.64859     1.71789  0.00753893
        1228     1.64955     1.71784    0.007533
        1229     1.65054     1.71778  0.00752707
        1230     1.65153     1.71773  0.00752114
        1231     1.65252     1.71768  0.00751522
        1232     1.65352     1.71762   0.0075093
        1233     1.65451     1.71757  0.00750338
        1234      1.6555     1.71752  0.00749747
        1235     1.65648     1.71747  0.00749156
        1236     1.65745     1.71742  0.00748566
        1237      1.6584     1.71738  0.00747976
        1238     1.65935     1.71733  0.00747387
        1239     1.66027     1.71728  0.00746797
        1240     1.66119     1.71724  0.00746209
        1241     1.66208     1.71719  0.00745621
        1242     1.66296     1.71715  0.00745033
        1243     1.66383     1.71711  0.00744446
        1244     1.66468     1.71707   0.0074386
        1245      1.6655     1.71702  0.00743274
        1246     1.66631     1.71698  0.00742688
        1247     1.66709     1.71694  0.00742104
        1248     1.66785      1.7169  0.00741519
        1249     1.66857     1.71687  0.00740936
        1250     1.66926     1.71683  0.00740353
        1251      1.6699     1.71679  0.00739771
        1252      1.6705     1.71675  0.00739189
        1253     1.67104     1.71672  0.00738608
        1254     1.67152     1.71668  0.00738028
        1255     1.67193     1.71664  0.00737448
        1256     1.67226     1.71661   0.0073687
        1257     1.67251     1.71657  0.00736292
        1258     1.67266     1.71654  0.00735715
        1259      1.6727      1.7165  0.00735139
        1260     1.67263     1.71647  0.00734563
        1261     1.67244     1.71643  0.00733989
        1262     1.67212      1.7164  0.00733416
        1263     1.67165     1.71636  0.00732844
        1264     1.67103     1.71633  0.00732273
        1265     1.67026     1.71629  0.00731703
        1266     1.66933     1.71625  0.00731135
        1267     1.66823     1.71622  0.00730567
        1268     1.66695     1.71618  0.00730001
        1269     1.66551     1.71614  0.00729437
        1270     1.66389      1.7161  0.00728874
        1271      1.6621     1.71605  0.00728313
        1272     1.66015     1.71601  0.00727754
        1273     1.65803     1.71596  0.00727197
        1274     1.65575     1.71592  0.00726641
        1275     1.65333     1.71587  0.00726088
        1276     1.65078     1.71582  0.00725537
        1277      1.6481     1.71576  0.00724988
        1278     1.64531     1.71571  0.00724442
        1279     1.64243     1.71565  0.00723898
        1280     1.63947     1.71559  0.00723357
        1281     1.63645     1.71553  0.00722818
        1282     1.63339     1.71547  0.00722283
        1283     1.63031      1.7154  0.00721751
        1284     1.62723     1.71533  0.00721221
        1285     1.62417     1.71526  0.00720695
        1286     1.62116     1.71519  0.00720171
        1287     1.61822     1.71511  0.00719651
        1288     1.61537     1.71503  0.00719134
        1289     1.61263     1.71496   0.0071862
        1290     1.61002     1.71487  0.00718109
        1291     1.60757     1.71479  0.00717601
        1292     1.60529     1.71471  0.00717096
        1293     1.60321     1.71462  0.00716593
        1294     1.60133     1.71453  0.00716093
        1295     1.59968     1.71444  0.00715595
        1296     1.59827     1.71435  0.00715099
        1297     1.59711     1.71426  0.00714604
        1298     1.59621     1.71417  0.00714112
        1299     1.59559     1.71408   0.0071362
        1300     1.59523     1.71399   0.0071313
        1301     1.59516      1.7139   0.0071264
        1302     1.59537     1.71381  0.00712151
        1303     1.59586     1.71372  0.00711662
        1304     1.59662     1.71363  0.00711173
        1305     1.59766     1.71354  0.00710683
        1306     1.59895     1.71345  0.00710193
        1307     1.60049     1.71336  0.00709703
        1308     1.60227     1.71328  0.00709211
        1309     1.60426      1.7132  0.00708718
        1310     1.60646     1.71311  0.00708224
        1311     1.60885     1.71303  0.00707728
        1312     1.61139     1.71296  0.00707231
        1313     1.61407     1.71288  0.00706733
        1314     1.61687     1.71281  0.00706233
        1315     1.61976     1.71274  0.00705731
        1316     1.62271     1.71267  0.00705228
        1317      1.6257      1.7126  0.00704723
        1318     1.62869     1.71254  0.00704217
        1319     1.63167     1.71248   0.0070371
        1320      1.6346     1.71242  0.00703202
        1321     1.63746     1.71236  0.00702692
        1322     1.64022     1.71231  0.00702182
        1323     1.64287     1.71226  0.00701671
        1324     1.64538     1.71221  0.00701159
        1325     1.64773     1.71216  0.00700647
        1326     1.64991     1.71211  0.00700134
        1327      1.6519     1.71206  0.00699621
        1328     1.65369     1.71202  0.00699108
        1329     1.65527     1.71198  0.00698595
        1330     1.65663     1.71194  0.00698082
        1331     1.65778      1.7119   0.0069757
        1332     1.65872     1.71186  0.00697057
        1333     1.65945     1.71182  0.00696546
        1334     1.65997     1.71178  0.00696034
        1335      1.6603     1.71174  0.00695524
        1336     1.66044      1.7117  0.00695014
        1337     1.66042     1.71166  0.00694504
        1338     1.66026     1.71162  0.00693996
        1339     1.65996     1.71159  0.00693488
        1340     1.65957     1.71155  0.00692982
        1341     1.65909     1.71151  0.00692476
        1342     1.65855     1.71147  0.00691971
        1343     1.65798     1.71143  0.00691467
        1344      1.6574     1.71139  0.00690965
        1345     1.65684     1.71135  0.00690463
        1346     1.65633     1.71131  0.00689962
        1347     1.65588     1.71127  0.00689462
        1348     1.65553     1.71122  0.00688963
        1349     1.65529     1.71118  0.00688465
        1350     1.65518     1.71114  0.00687967
        1351     1.65523      1.7111   0.0068747
        1352     1.65546     1.71106  0.00686974
        1353     1.65587     1.71102  0.00686479
        1354     1.65648     1.71098  0.00685983
        1355      1.6573     1.71094  0.00685489
        1356     1.65834      1.7109  0.00684994
        1357     1.65961     1.71086    0.006845
        1358     1.66111     1.71082  0.00684005
        1359     1.66284     1.71079  0.00683511
        1360      1.6648     1.71076  0.00683017
        1361     1.66699     1.71072  0.00682523
        1362     1.66941     1.71069  0.00682028
        1363     1.67205     1.71066  0.00681534
        1364      1.6749     1.71064  0.00681039
        1365     1.67796     1.71061  0.00680545
        1366     1.68121     1.71059   0.0068005
        1367     1.68464     1.71057  0.00679555
        1368     1.68824     1.71056   0.0067906
        1369       1.692     1.71054  0.00678565
        1370     1.69591     1.71053  0.00678071
        1371     1.69995     1.71053  0.00677577
        1372     1.70411     1.71052  0.00677083
        1373     1.70837     1.71052   0.0067659
        1374     1.71272     1.71052  0.00676098
        1375     1.71715     1.71053  0.00675606
        1376     1.72163     1.71053  0.00675116
        1377     1.72616     1.71055  0.00674626
        1378     1.73072     1.71056  0.00674138
        1379     1.73529     1.71058  0.00673652
        1380     1.73986      1.7106  0.00673167
        1381     1.74441     1.71062  0.00672684
        1382     1.74892     1.71065  0.00672203
        1383     1.75339     1.71068  0.00671724
        1384     1.75779     1.71072  0.00671247
        1385     1.76211     1.71075  0.00670773
        1386     1.76634     1.71079  0.00670301
        1387     1.77046     1.71084  0.00669831
        1388     1.77446     1.71088  0.00669365
        1389     1.77832     1.71093    0.006689
        1390     1.78203     1.71098  0.00668439
        1391     1.78557     1.71104  0.00667979
        1392     1.78892     1.71109  0.00667523
        1393     1.79207     1.71115  0.00667069
        1394       1.795     1.71121  0.00666618
        1395      1.7977     1.71127  0.00666169
        1396     1.80016     1.71134  0.00665722
        1397     1.80236      1.7114  0.00665277
        1398     1.80427     1.71147  0.00664835
        1399      1.8059     1.71153  0.00664394
        1400     1.80723      1.7116  0.00663954
        1401     1.80823     1.71167  0.00663516
        1402     1.80891     1.71174  0.00663079
        1403     1.80923     1.71181  0.00662643
        1404      1.8092     1.71188  0.00662207
        1405      1.8088     1.71195  0.00661772
        1406     1.80802     1.71202  0.00661336
        1407     1.80686     1.71208  0.00660901
        1408      1.8053     1.71215  0.00660465
        1409     1.80334     1.71222  0.00660028
        1410     1.80098     1.71228  0.00659589
        1411     1.79823     1.71234   0.0065915
        1412     1.79507      1.7124  0.00658709
        1413     1.79151     1.71245  0.00658267
        1414     1.78756     1.71251  0.00657823
        1415     1.78323     1.71256  0.00657377
        1416     1.77852      1.7126  0.00656929
        1417     1.77346     1.71265   0.0065648
        1418     1.76805     1.71269  0.00656028
        1419     1.76232     1.71272  0.00655575
        1420      1.7563     1.71275  0.00655121
        1421     1.75001     1.71278  0.00654665
        1422     1.74349      1.7128  0.00654208
        1423     1.73675     1.71282  0.00653751
        1424     1.72985     1.71283  0.00653293
        1425     1.72282     1.71284  0.00652835
        1426      1.7157     1.71284  0.00652377
        1427     1.70854     1.71283   0.0065192
        1428     1.70138     1.71283  0.00651464
        1429     1.69428     1.71281  0.00651009
        1430     1.68727      1.7128  0.00650556
        1431     1.68041     1.71277  0.00650106
        1432     1.67374     1.71275  0.00649657
        1433     1.66731     1.71271  0.00649212
        1434     1.66115     1.71268  0.00648769
        1435     1.65531     1.71264  0.00648329
        1436     1.64981     1.71259  0.00647892
        1437     1.64469     1.71255  0.00647459
        1438     1.63996      1.7125  0.00647028
        1439     1.63565     1.71244  0.00646601
        1440     1.63176     1.71239  0.00646176
        1441     1.62832     1.71233  0.00645754
        1442      1.6253     1.71227  0.00645334
        1443     1.62272     1.71221  0.00644917
        1444     1.62057     1.71214  0.00644501
        1445     1.61883     1.71208  0.00644088
        1446     1.61749     1.71201  0.00643675
        1447     1.61654     1.71195  0.00643264
        1448     1.61597     1.71188  0.00642854
        1449     1.61575     1.71181  0.00642445
        1450     1.61587     1.71175  0.00642036
        1451     1.61632     1.71168  0.00641627
        1452     1.61708     1.71162  0.00641218
        1453     1.61813     1.71155  0.00640809
        1454     1.61946     1.71149    0.006404
        1455     1.62105     1.71143   0.0063999
        1456     1.62288     1.71137  0.00639579
        1457     1.62495     1.71131  0.00639168
        1458     1.62724     1.71125  0.00638755
        1459     1.62972     1.71119  0.00638342
        1460     1.63239     1.71114  0.00637928
        1461     1.63522     1.71109  0.00637512
        1462     1.63819     1.71104  0.00637096
        1463     1.64129     1.71099  0.00636678
        1464     1.64448     1.71094  0.00636259
        1465     1.64775      1.7109   0.0063584
        1466     1.65107     1.71086  0.00635419
        1467     1.65441     1.71082  0.00634998
        1468     1.65776     1.71079  0.00634575
        1469     1.66107     1.71075  0.00634152
        1470     1.66433     1.71072  0.00633729
        1471     1.66752     1.71069  0.00633305
        1472      1.6706     1.71066   0.0063288
        1473     1.67356     1.71064  0.00632456
        1474     1.67637     1.71062  0.00632031
        1475     1.67902     1.71059  0.00631606
        1476     1.68148     1.71057  0.00631181
        1477     1.68376     1.71056  0.00630756
        1478     1.68584     1.71054  0.00630332
        1479     1.68771     1.71052  0.00629908
        1480     1.68937     1.71051  0.00629484
        1481     1.69082      1.7105   0.0062906
        1482     1.69207     1.71048  0.00628637
        1483     1.69311     1.71047  0.00628214
        1484     1.69396     1.71046  0.00627792
        1485     1.69464     1.71045   0.0062737
        1486     1.69515     1.71044  0.00626948
        1487     1.69552     1.71043  0.00626528
        1488     1.69576     1.71042  0.00626107
        1489      1.6959     1.71041  0.00625688
        1490     1.69595      1.7104  0.00625268
        1491     1.69593     1.71039   0.0062485
        1492     1.69587     1.71038  0.00624432
        1493     1.69579     1.71037  0.00624014
        1494     1.69571     1.71036  0.00623597
        1495     1.69563     1.71035  0.00623181
        1496     1.69558     1.71034  0.00622765
        1497     1.69557     1.71033   0.0062235
        1498     1.69561     1.71032  0.00621935
        1499     1.69571     1.71031  0.00621521
        1500     1.69586      1.7103  0.00621108
        1501     1.69608     1.71029  0.00620695
        1502     1.69634     1.71028  0.00620282
        1503     1.69666     1.71028   0.0061987
        1504     1.69701     1.71027  0.00619458
        1505     1.69739     1.71026  0.00619047
        1506     1.69779     1.71025  0.00618637
        1507     1.69819     1.71024  0.00618227
        1508     1.69858     1.71023  0.00617817
        1509     1.69894     1.71023  0.00617409
        1510     1.69926     1.71022     0.00617
        1511     1.69952     1.71021  0.00616592
        1512     1.69972      1.7102  0.00616185
        1513     1.69984      1.7102  0.00615778
        1514     1.69988     1.71019  0.00615371
        1515     1.69982     1.71018  0.00614966
        1516     1.69968     1.71018   0.0061456
        1517     1.69944     1.71017  0.00614156
        1518     1.69912     1.71016  0.00613752
        1519     1.69871     1.71016  0.00613348
        1520     1.69824     1.71015  0.00612945
        1521      1.6977     1.71014  0.00612543
        1522     1.69711     1.71013  0.00612141
        1523     1.69649     1.71012  0.00611739
        1524     1.69587     1.71011  0.00611339
        1525     1.69524      1.7101  0.00610939
        1526     1.69464     1.71009  0.00610539
        1527     1.69409     1.71008   0.0061014
        1528     1.69361     1.71007  0.00609742
        1529     1.69322     1.71006  0.00609344
        1530     1.69295     1.71005  0.00608947
        1531      1.6928     1.71004   0.0060855
        1532     1.69281     1.71003  0.00608154
        1533     1.69298     1.71002  0.00607758
        1534     1.69334        1.71  0.00607363
        1535     1.69389     1.70999  0.00606968
        1536     1.69465     1.70998  0.00606574
        1537     1.69563     1.70998   0.0060618
        1538     1.69681     1.70997  0.00605786
        1539     1.69821     1.70996  0.00605393
        1540     1.69982     1.70995  0.00605001
        1541     1.70164     1.70995  0.00604608
        1542     1.70365     1.70994  0.00604216
        1543     1.70584     1.70994  0.00603825
        1544      1.7082     1.70994  0.00603434
        1545     1.71071     1.70994  0.00603043
        1546     1.71334     1.70994  0.00602653
        1547     1.71608     1.70995  0.00602264
        1548     1.71888     1.70995  0.00601875
        1549     1.72173     1.70996  0.00601487
        1550      1.7246     1.70997  0.00601099
        1551     1.72745     1.70998  0.00600713
        1552     1.73025     1.70999  0.00600327
        1553     1.73298     1.71001  0.00599943
        1554     1.73561     1.71002  0.00599559
        1555      1.7381     1.71004  0.00599176
        1556     1.74043     1.71006  0.00598794
        1557     1.74258     1.71008  0.00598413
        1558     1.74453      1.7101  0.00598033
        1559     1.74625     1.71013  0.00597654
        1560     1.74772     1.71015  0.00597276
        1561     1.74894     1.71018  0.00596898
        1562      1.7499      1.7102  0.00596522
        1563     1.75058     1.71023  0.00596145
        1564     1.75098     1.71025   0.0059577
        1565      1.7511     1.71028  0.00595395
        1566     1.75094     1.71031   0.0059502
        1567     1.75052     1.71033  0.00594646
        1568     1.74983     1.71036  0.00594272
        1569     1.74889     1.71038  0.00593899
        1570     1.74772     1.71041  0.00593525
        1571     1.74632     1.71043  0.00593152
        1572     1.74472     1.71045  0.00592778
        1573     1.74294     1.71047  0.00592405
        1574       1.741     1.71049  0.00592032
        1575     1.73892     1.71051  0.00591659
        1576     1.73671     1.71052  0.00591286
        1577      1.7344     1.71054  0.00590913
        1578     1.73202     1.71055   0.0059054
        1579     1.72958     1.71057  0.00590167
        1580      1.7271     1.71058  0.00589795
        1581     1.72461     1.71058  0.00589422
        1582     1.72212     1.71059   0.0058905
        1583     1.71965      1.7106  0.00588678
        1584     1.71722      1.7106  0.00588307
        1585     1.71485      1.7106  0.00587936
        1586     1.71255     1.71061  0.00587565
        1587     1.71032     1.71061  0.00587195
        1588     1.70819      1.7106  0.00586825
        1589     1.70617      1.7106  0.00586456
        1590     1.70427      1.7106  0.00586087
        1591      1.7025     1.71059  0.00585719
        1592     1.70086     1.71059  0.00585351
        1593     1.69936     1.71058  0.00584984
        1594     1.69802     1.71057  0.00584618
        1595     1.69683     1.71056  0.00584252
        1596      1.6958     1.71055  0.00583886
        1597     1.69494     1.71054  0.00583522
        1598     1.69425     1.71053  0.00583157
        1599     1.69372     1.71052  0.00582794
        1600     1.69336     1.71051   0.0058243
        1601     1.69315      1.7105  0.00582068
        1602     1.69309     1.71049  0.00581705
        1603     1.69318     1.71048  0.00581343
        1604      1.6934     1.71047  0.00580982
        1605     1.69374     1.71046  0.00580621
        1606     1.69418     1.71045   0.0058026
        1607     1.69472     1.71044    0.005799
        1608     1.69533     1.71043   0.0057954
        1609       1.696     1.71042  0.00579181
        1610     1.69671     1.71041  0.00578822
        1611     1.69743      1.7104  0.00578463
        1612     1.69815      1.7104  0.00578104
        1613     1.69885     1.71039  0.00577746
        1614     1.69951     1.71038  0.00577389
        1615     1.70012     1.71038  0.00577032
        1616     1.70065     1.71037  0.00576675
        1617      1.7011     1.71036  0.00576319
        1618     1.70144     1.71036  0.00575963
        1619     1.70167     1.71035  0.00575607
        1620     1.70178     1.71035  0.00575252
        1621     1.70175     1.71034  0.00574898
        1622     1.70158     1.71034  0.00574543
        1623     1.70127     1.71033   0.0057419
        1624      1.7008     1.71033  0.00573836
        1625     1.70018     1.71032  0.00573484
        1626     1.69939     1.71031  0.00573131
        1627     1.69844     1.71031  0.00572779
        1628     1.69733      1.7103  0.00572428
        1629     1.69606     1.71029  0.00572077
        1630     1.69462     1.71028  0.00571727
        1631     1.69301     1.71027  0.00571378
        1632     1.69123     1.71026  0.00571029
        1633     1.68929     1.71024  0.00570681
        1634     1.68719     1.71023  0.00570333
        1635     1.68493     1.71021  0.00569986
        1636     1.68251      1.7102   0.0056964
        1637     1.67994     1.71018  0.00569295
        1638     1.67723     1.71016  0.00568951
        1639     1.67437     1.71014  0.00568609
        1640     1.67138     1.71011  0.00568267
        1641     1.66826     1.71009  0.00567926
        1642     1.66502     1.71006  0.00567587
        1643     1.66167     1.71003  0.00567249
        1644     1.65823        1.71  0.00566913
        1645     1.65469     1.70997  0.00566578
        1646     1.65109     1.70993  0.00566245
        1647     1.64742     1.70989  0.00565914
        1648     1.64371     1.70985  0.00565585
        1649     1.63997     1.70981  0.00565258
        1650     1.63621     1.70977  0.00564933
        1651     1.63246     1.70972   0.0056461
        1652     1.62872     1.70967   0.0056429
        1653     1.62502     1.70962  0.00563972
        1654     1.62138     1.70956  0.00563656
        1655     1.61781     1.70951  0.00563342
        1656     1.61434     1.70945  0.00563032
        1657     1.61097     1.70939  0.00562723
        1658     1.60774     1.70933  0.00562417
        1659     1.60465     1.70927  0.00562114
        1660     1.60172      1.7092  0.00561812
        1661     1.59896     1.70914  0.00561513
        1662     1.59638     1.70907  0.00561216
        1663       1.594       1.709  0.00560922
        1664     1.59181     1.70893  0.00560629
        1665     1.58983     1.70886  0.00560338
        1666     1.58806     1.70879  0.00560048
        1667     1.58649     1.70871   0.0055976
        1668     1.58512     1.70864  0.00559474
        1669     1.58394     1.70856  0.00559188
        1670     1.58295     1.70849  0.00558904
        1671     1.58212     1.70841  0.00558621
        1672     1.58145     1.70834  0.00558338
        1673     1.58092     1.70826  0.00558056
        1674     1.58052     1.70818  0.00557775
        1675     1.58021     1.70811  0.00557495
        1676     1.57999     1.70803  0.00557214
        1677     1.57984     1.70795  0.00556935
        1678     1.57972     1.70788  0.00556655
        1679     1.57963      1.7078  0.00556376
        1680     1.57955     1.70773  0.00556097
        1681     1.57945     1.70765  0.00555819
        1682     1.57932     1.70757  0.00555541
        1683     1.57915      1.7075  0.00555263
        1684     1.57892     1.70742  0.00554986
        1685     1.57862     1.70734  0.00554709
        1686     1.57824     1.70727  0.00554433
        1687     1.57778     1.70719  0.00554157
        1688     1.57724     1.70711  0.00553882
        1689     1.57663     1.70704  0.00553608
        1690     1.57593     1.70696  0.00553335
        1691     1.57517     1.70688  0.00553063
        1692     1.57437      1.7068  0.00552791
        1693     1.57354     1.70672  0.00552521
        1694      1.5727     1.70664  0.00552251
        1695     1.57188     1.70657  0.00551983
        1696     1.57111     1.70649  0.00551715
        1697     1.57043     1.70641  0.00551448
        1698     1.56986     1.70632  0.00551182
        1699     1.56946     1.70624  0.00550917
        1700     1.56925     1.70616  0.00550651
        1701     1.56927     1.70608  0.00550387
        1702     1.56957       1.706  0.00550122
        1703     1.57016     1.70592  0.00549856
        1704     1.57109     1.70584  0.00549591
        1705     1.57238     1.70577  0.00549324
        1706     1.57406     1.70569  0.00549056
        1707     1.57614     1.70561  0.00548787
        1708     1.57863     1.70554  0.00548516
        1709     1.58154     1.70547  0.00548243
        1710     1.58489      1.7054  0.00547968
        1711     1.58866     1.70533   0.0054769
        1712     1.59287     1.70526   0.0054741
        1713     1.59752      1.7052  0.00547126
        1714     1.60258     1.70514   0.0054684
        1715     1.60806     1.70508   0.0054655
        1716     1.61395     1.70503  0.00546257
        1717     1.62022     1.70498  0.00545962
        1718     1.62685     1.70493  0.00545663
        1719     1.63383     1.70489  0.00545361
        1720     1.64112     1.70486  0.00545057
        1721     1.64869     1.70482   0.0054475
        1722     1.65649     1.70479  0.00544441
        1723     1.66447     1.70477   0.0054413
        1724      1.6726     1.70475  0.00543817
        1725     1.68082     1.70474  0.00543504
        1726     1.68907     1.70473   0.0054319
        1727      1.6973     1.70473  0.00542875
        1728     1.70545     1.70473  0.00542561
        1729     1.71347     1.70473  0.00542247
        1730     1.72131     1.70474  0.00541935
        1731     1.72892     1.70475  0.00541624
        1732     1.73627     1.70477  0.00541314
        1733      1.7433     1.70479  0.00541006
        1734     1.74999     1.70482    0.005407
        1735     1.75632     1.70485  0.00540397
        1736     1.76226     1.70488  0.00540096
        1737      1.7678     1.70492  0.00539797
        1738     1.77291     1.70496  0.00539501
        1739      1.7776       1.705  0.00539206
        1740     1.78185     1.70505  0.00538915
        1741     1.78567     1.70509  0.00538625
        1742     1.78906     1.70514  0.00538337
        1743     1.79201     1.70519  0.00538052
        1744     1.79455     1.70524  0.00537767
        1745     1.79666     1.70529  0.00537485
        1746     1.79836     1.70535  0.00537203
        1747     1.79967      1.7054  0.00536923
        1748     1.80058     1.70545  0.00536643
        1749     1.80111     1.70551  0.00536365
        1750     1.80127     1.70556  0.00536086
        1751     1.80107     1.70562  0.00535808
        1752     1.80053     1.70567  0.00535529
        1753     1.79966     1.70573   0.0053525
        1754     1.79847     1.70578  0.00534971
        1755     1.79698     1.70583  0.00534692
        1756      1.7952     1.70588  0.00534412
        1757     1.79314     1.70593   0.0053413
        1758     1.79083     1.70598  0.00533848
        1759     1.78827     1.70603  0.00533565
        1760      1.7855     1.70607  0.00533281
        1761     1.78252     1.70612  0.00532996
        1762     1.77935     1.70616   0.0053271
        1763     1.77602      1.7062  0.00532423
        1764     1.77255     1.70623  0.00532134
        1765     1.76895     1.70627  0.00531844
        1766     1.76525      1.7063  0.00531554
        1767     1.76147     1.70633  0.00531262
        1768     1.75763     1.70636  0.00530969
        1769     1.75375     1.70639  0.00530676
        1770     1.74985     1.70641  0.00530382
        1771     1.74595     1.70644  0.00530087
        1772     1.74206     1.70646  0.00529792
        1773     1.73821     1.70648  0.00529496
        1774      1.7344     1.70649    0.005292
        1775     1.73066      1.7065  0.00528903
        1776     1.72698     1.70652  0.00528607
        1777     1.72339     1.70653   0.0052831
        1778     1.71988     1.70653  0.00528014
        1779     1.71647     1.70654  0.00527717
        1780     1.71317     1.70654  0.00527421
        1781     1.70996     1.70654  0.00527125
        1782     1.70686     1.70654  0.00526829
        1783     1.70387     1.70654  0.00526534
        1784     1.70098     1.70654  0.00526238
        1785     1.69819     1.70654  0.00525944
        1786     1.69551     1.70653   0.0052565
        1787     1.69292     1.70652  0.00525356
        1788     1.69043     1.70651  0.00525063
        1789     1.68803      1.7065  0.00524771
        1790     1.68572     1.70649  0.00524479
        1791     1.68349     1.70648  0.00524187
        1792     1.68135     1.70646  0.00523897
        1793     1.67929     1.70645  0.00523607
        1794     1.67731     1.70643  0.00523317
        1795     1.67541     1.70641  0.00523029
        1796     1.67357      1.7064  0.00522741
        1797     1.67181     1.70638  0.00522453
        1798     1.67012     1.70636  0.00522167
        1799      1.6685     1.70634  0.00521881
        1800     1.66694     1.70631  0.00521595
        1801     1.66545     1.70629  0.00521311
        1802     1.66402     1.70627  0.00521027
        1803     1.66266     1.70624  0.00520743
        1804     1.66135     1.70622  0.00520461
        1805      1.6601     1.70619  0.00520179
        1806      1.6589     1.70617  0.00519897
        1807     1.65776     1.70614  0.00519616
        1808     1.65665     1.70611  0.00519336
        1809     1.65559     1.70609  0.00519057
        1810     1.65456     1.70606  0.00518778
        1811     1.65356     1.70603  0.00518499
        1812     1.65258       1.706  0.00518221
        1813     1.65162     1.70597  0.00517944
        1814     1.65067     1.70594  0.00517668
        1815     1.64972     1.70591  0.00517392
        1816     1.64879     1.70588  0.00517116
        1817     1.64785     1.70584  0.00516842
        1818     1.64692     1.70581  0.00516568
        1819       1.646     1.70578  0.00516294
        1820     1.64509     1.70574  0.00516021
        1821     1.64418     1.70571  0.00515749
        1822      1.6433     1.70568  0.00515477
        1823     1.64243     1.70564  0.00515206
        1824      1.6416     1.70561  0.00514936
        1825     1.64081     1.70557  0.00514666
        1826     1.64006     1.70554  0.00514396
        1827     1.63938      1.7055  0.00514127
        1828     1.63875     1.70546  0.00513859
        1829      1.6382     1.70543  0.00513591
        1830     1.63773     1.70539  0.00513324
        1831     1.63733     1.70535  0.00513057
        1832     1.63702     1.70531  0.00512791
        1833     1.63678     1.70528  0.00512525
        1834     1.63662     1.70524  0.00512259
        1835     1.63653      1.7052  0.00511993
        1836     1.63649     1.70516  0.00511728
        1837     1.63649     1.70513  0.00511463
        1838     1.63653     1.70509  0.00511199
        1839     1.63657     1.70505  0.00510934
        1840      1.6366     1.70502   0.0051067
        1841      1.6366     1.70498  0.00510406
        1842     1.63654     1.70494  0.00510143
        1843     1.63641      1.7049  0.00509879
        1844     1.63616     1.70487  0.00509616
        1845     1.63579     1.70483  0.00509354
        1846     1.63527     1.70479  0.00509092
        1847     1.63457     1.70475  0.00508831
        1848     1.63369     1.70472   0.0050857
        1849      1.6326     1.70468   0.0050831
        1850     1.63129     1.70464   0.0050805
        1851     1.62976      1.7046  0.00507792
        1852       1.628     1.70455  0.00507535
        1853       1.626     1.70451  0.00507278
        1854     1.62377     1.70447  0.00507024
        1855     1.62132     1.70442   0.0050677
        1856     1.61865     1.70438  0.00506518
        1857     1.61577     1.70433  0.00506268
        1858      1.6127     1.70428  0.00506019
        1859     1.60945     1.70423  0.00505773
        1860     1.60605     1.70418  0.00505528
        1861     1.60252     1.70412  0.00505286
        1862     1.59886     1.70407  0.00505047
        1863     1.59512     1.70401  0.00504809
        1864     1.59131     1.70395  0.00504575
        1865     1.58745     1.70388  0.00504343
        1866     1.58357     1.70382  0.00504114
        1867     1.57969     1.70375  0.00503888
        1868     1.57582     1.70369  0.00503664
        1869     1.57198     1.70361  0.00503444
        1870      1.5682     1.70354  0.00503227
        1871     1.56448     1.70347  0.00503013
        1872     1.56084     1.70339  0.00502802
        1873     1.55729     1.70331  0.00502594
        1874     1.55384     1.70323  0.00502389
        1875     1.55048     1.70315  0.00502187
        1876     1.54723     1.70307  0.00501988
        1877     1.54409     1.70298  0.00501792
        1878     1.54106      1.7029  0.00501599
        1879     1.53813     1.70281  0.00501409
        1880      1.5353     1.70272  0.00501221
        1881     1.53258     1.70263  0.00501036
        1882     1.52994     1.70254  0.00500854
        1883     1.52738     1.70245  0.00500675
        1884     1.52491     1.70235  0.00500498
        1885      1.5225     1.70226  0.00500323
        1886     1.52017     1.70216  0.00500151
        1887     1.51789     1.70206  0.00499981
        1888     1.51566     1.70196  0.00499814
        1889     1.51348     1.70186  0.00499649
        1890     1.51134     1.70176  0.00499486
        1891     1.50924     1.70166  0.00499326
        1892     1.50718     1.70156  0.00499168
        1893     1.50514     1.70145  0.00499012
        1894     1.50313     1.70135  0.00498858
        1895     1.50114     1.70124  0.00498707
        1896     1.49918     1.70114  0.00498558
        1897     1.49724     1.70103  0.00498411
        1898     1.49532     1.70092  0.00498266
        1899     1.49343     1.70081  0.00498123
        1900     1.49156      1.7007  0.00497983
        1901     1.48971     1.70059  0.00497844
        1902     1.48788     1.70048  0.00497708
        1903     1.48608     1.70037  0.00497574
        1904     1.48429     1.70025  0.00497442
        1905     1.48252     1.70014  0.00497313
        1906     1.48077     1.70002  0.00497185
        1907     1.47903     1.69991  0.00497059
        1908     1.47731     1.69979  0.00496935
        1909     1.47559     1.69967  0.00496814
        1910     1.47388     1.69956  0.00496694
        1911     1.47216     1.69944  0.00496577
        1912     1.47044     1.69932  0.00496462
        1913      1.4687      1.6992  0.00496349
        1914     1.46695     1.69908  0.00496238
        1915     1.46517     1.69895  0.00496129
        1916     1.46336     1.69883  0.00496022
        1917     1.46151     1.69871  0.00495918
        1918     1.45961     1.69858  0.00495816
        1919     1.45767     1.69846  0.00495716
        1920     1.45567     1.69833   0.0049562
        1921     1.45362      1.6982  0.00495525
        1922     1.45151     1.69807  0.00495434
        1923     1.44934     1.69794  0.00495345
        1924      1.4471     1.69781  0.00495259
        1925     1.44481     1.69768  0.00495176
        1926     1.44247     1.69755  0.00495096
        1927     1.44009     1.69742  0.00495019
        1928     1.43767     1.69728  0.00494946
        1929     1.43522     1.69715  0.00494876
        1930     1.43278     1.69701  0.00494809
        1931     1.43034     1.69687  0.00494745
        1932     1.42794     1.69673  0.00494685
        1933     1.42559     1.69659  0.00494628
        1934     1.42333     1.69645  0.00494574
        1935     1.42118     1.69631  0.00494523
        1936     1.41917     1.69617  0.00494475
        1937     1.41733     1.69602  0.00494429
        1938      1.4157     1.69588  0.00494385
        1939     1.41432     1.69573  0.00494344
        1940     1.41322     1.69559  0.00494303
        1941     1.41242     1.69544  0.00494264
        1942     1.41198     1.69529  0.00494225
        1943     1.41193     1.69515  0.00494185
        1944     1.41228       1.695  0.00494145
        1945     1.41308     1.69486  0.00494104
        1946     1.41434     1.69471   0.0049406
        1947     1.41608     1.69457  0.00494014
        1948     1.41832     1.69443  0.00493964
        1949     1.42107     1.69429  0.00493909
        1950     1.42432     1.69415   0.0049385
        1951     1.42808     1.69401  0.00493785
        1952     1.43233     1.69388  0.00493714
        1953     1.43705     1.69375  0.00493636
        1954     1.44222     1.69362  0.00493552
        1955     1.44781     1.69349  0.00493459
        1956     1.45378     1.69337  0.00493359
        1957     1.46009     1.69325  0.00493251
        1958      1.4667     1.69314  0.00493135
        1959     1.47357     1.69302   0.0049301
        1960     1.48064     1.69292  0.00492878
        1961     1.48786     1.69281  0.00492737
        1962     1.49519     1.69271  0.00492589
        1963     1.50257     1.69261  0.00492434
        1964     1.50997     1.69252  0.00492271
        1965     1.51733     1.69243  0.00492101
        1966     1.52463     1.69235  0.00491925
        1967     1.53181     1.69226  0.00491742
        1968     1.53886     1.69219  0.00491554
        1969     1.54574     1.69211  0.00491361
        1970     1.55244     1.69204  0.00491162
        1971     1.55894     1.69197   0.0049096
        1972     1.56524     1.69191  0.00490753
        1973     1.57132     1.69185  0.00490542
        1974     1.57719     1.69179  0.00490328
        1975     1.58286     1.69173  0.00490111
        1976     1.58833     1.69168  0.00489891
        1977     1.59363     1.69163  0.00489668
        1978     1.59877     1.69159  0.00489443
        1979     1.60376     1.69154  0.00489216
        1980     1.60862      1.6915  0.00488987
        1981     1.61339     1.69146  0.00488756
        1982     1.61808     1.69142  0.00488523
        1983     1.62271     1.69139  0.00488289
        1984     1.62731     1.69136  0.00488053
        1985      1.6319     1.69133  0.00487817
        1986     1.63648      1.6913  0.00487579
        1987     1.64108     1.69127   0.0048734
        1988      1.6457     1.69125    0.004871
        1989     1.65035     1.69123   0.0048686
        1990     1.65503     1.69121  0.00486619
        1991     1.65974      1.6912  0.00486377
        1992     1.66446     1.69118  0.00486134
        1993     1.66918     1.69117  0.00485892
        1994     1.67389     1.69116  0.00485649
        1995     1.67856     1.69116  0.00485406
        1996     1.68318     1.69115  0.00485163
        1997      1.6877     1.69115   0.0048492
        1998      1.6921     1.69115  0.00484677
        1999     1.69634     1.69115  0.00484435
        2000      1.7004     1.69116  0.00484193
        2001     1.70423     1.69116  0.00483951
        2002      1.7078     1.69117   0.0048371
        2003     1.71107     1.69118   0.0048347
        2004     1.71403     1.69119   0.0048323
        2005     1.71662     1.69121  0.00482991
        2006     1.71883     1.69122  0.00482752
        2007     1.72063     1.69124  0.00482513
        2008       1.722     1.69125  0.00482276
        2009     1.72292     1.69127  0.00482038
        2010     1.72338     1.69128  0.00481801
        2011     1.72336      1.6913  0.00481564
        2012     1.72287     1.69131  0.00481327
        2013      1.7219     1.69133   0.0048109
        2014     1.72045     1.69134  0.00480854
        2015     1.71854     1.69136  0.00480617
        2016     1.71618     1.69137   0.0048038
        2017     1.71337     1.69138  0.00480143
        2018     1.71016     1.69139  0.00479906
        2019     1.70655      1.6914  0.00479669
        2020     1.70259      1.6914  0.00479432
        2021      1.6983     1.69141  0.00479195
        2022     1.69374     1.69141  0.00478958
        2023     1.68893     1.69141  0.00478721
        2024     1.68392      1.6914  0.00478485
        2025     1.67876      1.6914  0.00478249
        2026     1.67351     1.69139  0.00478014
        2027     1.66821     1.69138  0.00477779
        2028     1.66292     1.69136  0.00477546
        2029      1.6577     1.69135  0.00477313
        2030     1.65259     1.69133  0.00477082
        2031     1.64765     1.69131  0.00476852
        2032     1.64292     1.69128  0.00476623
        2033     1.63847     1.69126  0.00476396
        2034     1.63434     1.69123   0.0047617
        2035     1.63056      1.6912  0.00475945
        2036     1.62717     1.69117  0.00475722
        2037      1.6242     1.69113    0.004755
        2038     1.62167      1.6911  0.00475278
        2039     1.61961     1.69106  0.00475058
        2040     1.61802     1.69103  0.00474839
        2041     1.61689     1.69099   0.0047462
        2042     1.61624     1.69096  0.00474402
        2043     1.61605     1.69092  0.00474184
        2044      1.6163     1.69088  0.00473966
        2045     1.61696     1.69085  0.00473748
        2046     1.61801     1.69081   0.0047353
        2047     1.61941     1.69078  0.00473311
        2048     1.62114     1.69074  0.00473092
        2049     1.62314     1.69071  0.00472873
        2050     1.62538     1.69068  0.00472653
        2051      1.6278     1.69065  0.00472432
        2052     1.63037     1.69062  0.00472211
        2053     1.63302     1.69059   0.0047199
        2054     1.63573     1.69056  0.00471767
        2055     1.63845     1.69054  0.00471545
        2056     1.64112     1.69051  0.00471322
        2057     1.64371     1.69049  0.00471098
        2058     1.64618     1.69047  0.00470874
        2059      1.6485     1.69045   0.0047065
        2060     1.65063     1.69043  0.00470425
        2061     1.65254     1.69041    0.004702
        2062     1.65421     1.69039  0.00469976
        2063     1.65561     1.69038  0.00469751
        2064     1.65673     1.69036  0.00469526
        2065     1.65756     1.69034  0.00469301
        2066     1.65807     1.69033  0.00469077
        2067     1.65828     1.69031  0.00468853
        2068     1.65816      1.6903  0.00468628
        2069     1.65774     1.69028  0.00468405
        2070     1.65699     1.69026  0.00468181
        2071     1.65594     1.69025  0.00467958
        2072     1.65459     1.69023  0.00467735
        2073     1.65296     1.69021  0.00467513
        2074     1.65105     1.69019  0.00467291
        2075     1.64889     1.69017   0.0046707
        2076     1.64648     1.69015   0.0046685
        2077     1.64386     1.69013  0.00466631
        2078     1.64104     1.69011  0.00466412
        2079     1.63804     1.69008  0.00466195
        2080      1.6349     1.69006  0.00465978
        2081     1.63163     1.69003  0.00465763
        2082     1.62827        1.69  0.00465548
        2083     1.62485     1.68997  0.00465335
        2084      1.6214     1.68993  0.00465124
        2085     1.61795      1.6899  0.00464913
        2086     1.61454     1.68986  0.00464704
        2087      1.6112     1.68983  0.00464497
        2088     1.60798     1.68979  0.00464291
        2089     1.60491     1.68975  0.00464087
        2090     1.60202      1.6897  0.00463884
        2091     1.59936     1.68966  0.00463682
        2092     1.59695     1.68962  0.00463481
        2093     1.59484     1.68957  0.00463282
        2094     1.59304     1.68952  0.00463084
        2095     1.59158     1.68948  0.00462886
        2096     1.59049     1.68943   0.0046269
        2097     1.58978     1.68938  0.00462493
        2098     1.58947     1.68934  0.00462297
        2099     1.58955     1.68929  0.00462102
        2100     1.59003     1.68924  0.00461906
        2101     1.59091     1.68919   0.0046171
        2102     1.59217     1.68915  0.00461513
        2103      1.5938      1.6891  0.00461316
        2104     1.59577     1.68906  0.00461118
        2105     1.59805     1.68902  0.00460919
        2106     1.60063     1.68897  0.00460719
        2107     1.60346     1.68893  0.00460519
        2108     1.60651     1.68889  0.00460317
        2109     1.60974     1.68886  0.00460114
        2110     1.61312     1.68882   0.0045991
        2111     1.61661     1.68879  0.00459705
        2112     1.62016     1.68875  0.00459498
        2113     1.62373     1.68872  0.00459291
        2114      1.6273     1.68869  0.00459083
        2115     1.63082     1.68867  0.00458874
        2116     1.63426     1.68864  0.00458665
        2117     1.63759     1.68862  0.00458454
        2118     1.64076     1.68859  0.00458243
        2119     1.64375     1.68857  0.00458032
        2120     1.64654     1.68855   0.0045782
        2121      1.6491     1.68853  0.00457608
        2122      1.6514     1.68852  0.00457396
        2123     1.65343      1.6885  0.00457183
        2124     1.65516     1.68848  0.00456971
        2125     1.65658     1.68847  0.00456758
        2126     1.65769     1.68845  0.00456546
        2127     1.65847     1.68844  0.00456333
        2128     1.65893     1.68843  0.00456121
        2129     1.65907     1.68841  0.00455909
        2130     1.65888      1.6884  0.00455697
        2131     1.65839     1.68839  0.00455485
        2132      1.6576     1.68837  0.00455274
        2133     1.65653     1.68836  0.00455063
        2134     1.65521     1.68834  0.00454852
        2135     1.65366     1.68832  0.00454642
        2136     1.65191     1.68831  0.00454432
        2137     1.65001     1.68829  0.00454223
        2138     1.64799     1.68827  0.00454015
        2139     1.64589     1.68825  0.00453807
        2140     1.64375     1.68823    0.004536
        2141     1.64163     1.68821  0.00453393
        2142     1.63958     1.68819  0.00453187
        2143     1.63762     1.68816  0.00452982
        2144     1.63582     1.68814  0.00452777
        2145     1.63421     1.68811  0.00452573
        2146     1.63284     1.68809  0.00452369
        2147     1.63173     1.68806  0.00452166
        2148     1.63091     1.68803  0.00451963
        2149     1.63041     1.68801  0.00451761
        2150     1.63022     1.68798  0.00451559
        2151     1.63036     1.68795  0.00451357
        2152     1.63081     1.68793  0.00451155
        2153     1.63157      1.6879  0.00450953
        2154     1.63261     1.68787  0.00450751
        2155     1.63389     1.68785  0.00450549
        2156     1.63538     1.68783  0.00450346
        2157     1.63703      1.6878  0.00450144
        2158     1.63879     1.68778  0.00449941
        2159     1.64063     1.68776  0.00449738
        2160     1.64247     1.68774  0.00449535
        2161     1.64427     1.68772  0.00449331
        2162     1.64599      1.6877  0.00449127
        2163     1.64758     1.68768  0.00448924
        2164       1.649     1.68766   0.0044872
        2165     1.65022     1.68764  0.00448516
        2166      1.6512     1.68763  0.00448312
        2167     1.65193     1.68761  0.00448108
        2168     1.65239     1.68759  0.00447904
        2169     1.65257     1.68758  0.00447701
        2170     1.65249     1.68756  0.00447497
        2171     1.65214     1.68754  0.00447294
        2172     1.65154     1.68753  0.00447091
        2173     1.65071     1.68751  0.00446889
        2174     1.64968     1.68749  0.00446686
        2175     1.64847     1.68748  0.00446485
        2176     1.64711     1.68746  0.00446283
        2177     1.64565     1.68744  0.00446083
        2178     1.64411     1.68742  0.00445882
        2179     1.64253      1.6874  0.00445682
        2180     1.64095     1.68738  0.00445483
        2181      1.6394     1.68735  0.00445284
        2182     1.63792     1.68733  0.00445086
        2183     1.63654     1.68731  0.00444888
        2184     1.63529     1.68728  0.00444691
        2185     1.63418     1.68726  0.00444494
        2186     1.63324     1.68724  0.00444297
        2187     1.63248     1.68721  0.00444101
        2188     1.63191     1.68719  0.00443905
        2189     1.63153     1.68716   0.0044371
        2190     1.63134     1.68713  0.00443515
        2191     1.63135     1.68711   0.0044332
        2192     1.63153     1.68708  0.00443125
        2193     1.63187     1.68706   0.0044293
        2194     1.63237     1.68703  0.00442735
        2195     1.63299     1.68701   0.0044254
        2196     1.63373     1.68698  0.00442345
        2197     1.63455     1.68696   0.0044215
        2198     1.63544     1.68694  0.00441955
        2199     1.63637     1.68691   0.0044176
        2200     1.63733     1.68689  0.00441565
        2201      1.6383     1.68687   0.0044137
        2202     1.63925     1.68685  0.00441175
        2203     1.64017     1.68683   0.0044098
        2204     1.64106     1.68681  0.00440785
        2205      1.6419     1.68679  0.00440589
        2206     1.64268     1.68677  0.00440394
        2207     1.64339     1.68675  0.00440199
        2208     1.64405     1.68673  0.00440004
        2209     1.64463     1.68671  0.00439809
        2210     1.64515     1.68669  0.00439614
        2211     1.64561     1.68667  0.00439419
        2212     1.64601     1.68665  0.00439224
        2213     1.64636     1.68663  0.00439029
        2214     1.64666     1.68662  0.00438835
        2215     1.64692      1.6866   0.0043864
        2216     1.64716     1.68658  0.00438446
        2217     1.64737     1.68656  0.00438252
        2218     1.64757     1.68654  0.00438058
        2219     1.64775     1.68653  0.00437864
        2220     1.64794     1.68651   0.0043767
        2221     1.64813     1.68649  0.00437476
        2222     1.64833     1.68648  0.00437283
        2223     1.64855     1.68646   0.0043709
        2224     1.64879     1.68644  0.00436896
        2225     1.64907     1.68642  0.00436703
        2226     1.64937     1.68641   0.0043651
        2227     1.64972     1.68639  0.00436317
        2228     1.65011     1.68638  0.00436124
        2229     1.65055     1.68636  0.00435932
        2230     1.65104     1.68634  0.00435739
        2231     1.65158     1.68633  0.00435547
        2232     1.65218     1.68631  0.00435354
        2233     1.65285      1.6863  0.00435162
        2234     1.65358     1.68628  0.00434969
        2235     1.65437     1.68627  0.00434777
        2236     1.65523     1.68625  0.00434585
        2237     1.65615     1.68624  0.00434393
        2238     1.65714     1.68623  0.00434201
        2239     1.65818     1.68622  0.00434008
        2240     1.65928      1.6862  0.00433816
        2241     1.66044     1.68619  0.00433624
        2242     1.66164     1.68618  0.00433432
        2243     1.66288     1.68617   0.0043324
        2244     1.66415     1.68616  0.00433048
        2245     1.66544     1.68615  0.00432856
        2246     1.66674     1.68614  0.00432665
        2247     1.66804     1.68613  0.00432473
        2248     1.66932     1.68613  0.00432281
        2249     1.67056     1.68612  0.00432089
        2250     1.67176     1.68611  0.00431898
        2251     1.67289     1.68611  0.00431706
        2252     1.67393      1.6861  0.00431515
        2253     1.67487      1.6861  0.00431324
        2254      1.6757     1.68609  0.00431133
        2255     1.67638     1.68609  0.00430942
        2256     1.67692     1.68608  0.00430751
        2257     1.67729     1.68608   0.0043056
        2258     1.67748     1.68608   0.0043037
        2259     1.67748     1.68607  0.00430179
        2260     1.67727     1.68607  0.00429989
        2261     1.67685     1.68607  0.00429799
        2262     1.67622     1.68606  0.00429609
        2263     1.67537     1.68606   0.0042942
        2264      1.6743     1.68605   0.0042923
        2265     1.67302     1.68605  0.00429041
        2266     1.67153     1.68604  0.00428852
        2267     1.66984     1.68603  0.00428664
        2268     1.66797     1.68602  0.00428476
        2269     1.66592     1.68602  0.00428288
        2270     1.66372     1.68601    0.004281
        2271     1.66139     1.68599  0.00427913
        2272     1.65895     1.68598  0.00427726
        2273     1.65643     1.68597   0.0042754
        2274     1.65385     1.68596  0.00427354
        2275     1.65123     1.68594  0.00427169
        2276     1.64862     1.68592  0.00426985
        2277     1.64603     1.68591  0.00426801
        2278     1.64351     1.68589  0.00426618
        2279     1.64107     1.68587  0.00426435
        2280     1.63877     1.68585  0.00426253
        2281     1.63661     1.68583  0.00426071
        2282     1.63465      1.6858  0.00425891
        2283     1.63289     1.68578   0.0042571
        2284     1.63139     1.68576  0.00425531
        2285     1.63015     1.68573  0.00425351
        2286      1.6292     1.68571  0.00425173
        2287     1.62858     1.68568  0.00424994
        2288      1.6283     1.68566  0.00424816
        2289     1.62837     1.68563  0.00424637
        2290     1.62881     1.68561  0.00424459
        2291     1.62963     1.68558  0.00424281
        2292     1.63082     1.68556  0.00424103
        2293     1.63239     1.68554  0.00423924
        2294     1.63433     1.68551  0.00423745
        2295     1.63662     1.68549  0.00423566
        2296     1.63924     1.68547  0.00423386
        2297     1.64216     1.68545  0.00423206
        2298     1.64535     1.68544  0.00423025
        2299     1.64876     1.68542  0.00422844
        2300     1.65235     1.68541  0.00422663
        2301     1.65607     1.68539  0.00422481
        2302     1.65986     1.68538  0.00422299
        2303     1.66367     1.68537  0.00422117
        2304     1.66744     1.68536  0.00421934
        2305     1.67111     1.68536  0.00421752
        2306     1.67463     1.68535  0.00421569
        2307     1.67795     1.68535  0.00421386
        2308     1.68102     1.68535  0.00421204
        2309      1.6838     1.68535  0.00421022
        2310     1.68624     1.68535  0.00420839
        2311     1.68832     1.68535  0.00420657
        2312     1.69001     1.68535  0.00420475
        2313     1.69129     1.68535  0.00420294
        2314     1.69215     1.68536  0.00420112
        2315     1.69258     1.68536  0.00419931
        2316     1.69257     1.68536  0.00419749
        2317     1.69215     1.68537  0.00419568
        2318      1.6913     1.68537  0.00419388
        2319     1.69005     1.68537  0.00419207
        2320      1.6884     1.68537  0.00419026
        2321     1.68639     1.68537  0.00418845
        2322     1.68404     1.68537  0.00418665
        2323     1.68137     1.68537  0.00418485
        2324     1.67841     1.68537  0.00418305
        2325     1.67519     1.68536  0.00418125
        2326     1.67175     1.68536  0.00417946
        2327     1.66811     1.68535  0.00417767
        2328      1.6643     1.68534  0.00417589
        2329     1.66037     1.68533  0.00417411
        2330     1.65633     1.68532  0.00417233
        2331     1.65223      1.6853  0.00417057
        2332     1.64808     1.68529  0.00416881
        2333     1.64393     1.68527  0.00416706
        2334     1.63979     1.68525  0.00416532
        2335     1.63569     1.68523  0.00416359
        2336     1.63165     1.68521  0.00416187
        2337      1.6277     1.68518  0.00416016
        2338     1.62385     1.68515  0.00415847
        2339     1.62012     1.68513  0.00415678
        2340     1.61651      1.6851  0.00415511
        2341     1.61304     1.68507  0.00415345
        2342     1.60972     1.68503   0.0041518
        2343     1.60654       1.685  0.00415016
        2344     1.60352     1.68497  0.00414854
        2345     1.60065     1.68493  0.00414692
        2346     1.59793     1.68489  0.00414532
        2347     1.59536     1.68486  0.00414373
        2348     1.59294     1.68482  0.00414215
        2349     1.59068     1.68478  0.00414058
        2350     1.58857     1.68474  0.00413902
        2351     1.58662     1.68469  0.00413747
        2352     1.58484     1.68465  0.00413593
        2353     1.58323     1.68461   0.0041344
        2354     1.58181     1.68456  0.00413287
        2355      1.5806     1.68452  0.00413135
        2356     1.57962     1.68448  0.00412984
        2357     1.57889     1.68443  0.00412833
        2358     1.57844     1.68439  0.00412682
        2359      1.5783     1.68434  0.00412532
        2360      1.5785      1.6843  0.00412382
        2361     1.57906     1.68425  0.00412231
        2362     1.58002     1.68421   0.0041208
        2363      1.5814     1.68416  0.00411929
        2364      1.5832     1.68412  0.00411777
        2365     1.58545     1.68408  0.00411624
        2366     1.58814     1.68404   0.0041147
        2367     1.59127       1.684  0.00411314
        2368     1.59482     1.68396  0.00411158
        2369     1.59877     1.68393     0.00411
        2370      1.6031     1.68389  0.00410841
        2371     1.60776     1.68386   0.0041068
        2372     1.61271     1.68383  0.00410518
        2373     1.61792      1.6838  0.00410354
        2374     1.62331     1.68378  0.00410189
        2375     1.62886     1.68375  0.00410023
        2376      1.6345     1.68373  0.00409856
        2377     1.64018     1.68371  0.00409687
        2378     1.64586      1.6837  0.00409518
        2379      1.6515     1.68368  0.00409348
        2380     1.65705     1.68367  0.00409178
        2381     1.66248     1.68366  0.00409007
        2382     1.66776     1.68366  0.00408836
        2383     1.67286     1.68365  0.00408665
        2384     1.67774     1.68365  0.00408493
        2385     1.68241     1.68365  0.00408322
        2386     1.68683     1.68365  0.00408151
        2387     1.69099     1.68365   0.0040798
        2388     1.69488     1.68366  0.00407809
        2389      1.6985     1.68367  0.00407639
        2390     1.70183     1.68367  0.00407469
        2391     1.70487     1.68368    0.004073
        2392     1.70762     1.68369  0.00407131
        2393     1.71007      1.6837  0.00406962
        2394     1.71223     1.68372  0.00406794
        2395     1.71409     1.68373  0.00406626
        2396     1.71566     1.68374  0.00406459
        2397     1.71693     1.68376  0.00406291
        2398      1.7179     1.68377  0.00406124
        2399     1.71859     1.68378  0.00405958
        2400     1.71899      1.6838  0.00405791
        2401     1.71911     1.68381  0.00405625
        2402     1.71896     1.68383  0.00405459
        2403     1.71855     1.68384  0.00405292
        2404     1.71789     1.68386  0.00405126
        2405     1.71698     1.68387   0.0040496
        2406     1.71585     1.68388  0.00404794
        2407      1.7145      1.6839  0.00404628
        2408     1.71295     1.68391  0.00404462
        2409     1.71122     1.68392  0.00404295
        2410     1.70931     1.68393  0.00404129
        2411     1.70724     1.68394  0.00403963
        2412     1.70503     1.68395  0.00403796
        2413     1.70269     1.68396  0.00403629
        2414     1.70022     1.68396  0.00403463
        2415     1.69765     1.68397  0.00403296
        2416     1.69497     1.68397  0.00403129
        2417     1.69221     1.68398  0.00402963
        2418     1.68936     1.68398  0.00402796
        2419     1.68644     1.68398   0.0040263
        2420     1.68344     1.68398  0.00402463
        2421     1.68038     1.68398  0.00402297
        2422     1.67725     1.68398  0.00402131
        2423     1.67407     1.68397  0.00401965
        2424     1.67084     1.68397    0.004018
        2425     1.66755     1.68396  0.00401635
        2426     1.66423     1.68395   0.0040147
        2427     1.66086     1.68394  0.00401306
        2428     1.65746     1.68393  0.00401142
        2429     1.65405     1.68392  0.00400979
        2430     1.65062      1.6839  0.00400816
        2431     1.64718     1.68389  0.00400654
        2432     1.64376     1.68387  0.00400493
        2433     1.64035     1.68386  0.00400332
        2434     1.63699     1.68384  0.00400172
        2435     1.63367     1.68382  0.00400013
        2436     1.63042     1.68379  0.00399855
        2437     1.62725     1.68377  0.00399698
        2438     1.62416     1.68375  0.00399541
        2439     1.62118     1.68372  0.00399386
        2440     1.61831     1.68369  0.00399231
        2441     1.61555     1.68367  0.00399077
        2442     1.61291     1.68364  0.00398924
        2443     1.61039     1.68361  0.00398772
        2444     1.60798     1.68358  0.00398621
        2445     1.60568     1.68354  0.00398471
        2446     1.60348     1.68351  0.00398321
        2447     1.60137     1.68348  0.00398173
        2448     1.59934     1.68344  0.00398025
        2449     1.59737     1.68341  0.00397878
        2450     1.59545     1.68337  0.00397732
        2451     1.59356     1.68334  0.00397586
        2452     1.59169      1.6833  0.00397442
        2453     1.58983     1.68326  0.00397298
        2454     1.58796     1.68322  0.00397155
        2455     1.58608     1.68318  0.00397013
        2456     1.58418     1.68314  0.00396872
        2457     1.58226      1.6831  0.00396731
        2458     1.58031     1.68306  0.00396592
        2459     1.57833     1.68302  0.00396454
        2460     1.57634     1.68297  0.00396316
        2461     1.57433     1.68293   0.0039618
        2462     1.57231     1.68288  0.00396044
        2463     1.57029     1.68284   0.0039591
        2464     1.56829     1.68279  0.00395776
        2465     1.56633     1.68274  0.00395644
        2466     1.56441      1.6827  0.00395513
        2467     1.56255     1.68265  0.00395382
        2468     1.56079      1.6826  0.00395253
        2469     1.55914     1.68255  0.00395125
        2470     1.55763      1.6825  0.00394997
        2471     1.55628     1.68245   0.0039487
        2472     1.55511     1.68239  0.00394744
        2473     1.55417     1.68234  0.00394618
        2474     1.55347     1.68229  0.00394493
        2475     1.55305     1.68224  0.00394368
        2476     1.55293     1.68219  0.00394244
        2477     1.55316     1.68213  0.00394119
        2478     1.55376     1.68208  0.00393994
        2479     1.55476     1.68203  0.00393869
        2480     1.55617     1.68198  0.00393742
        2481     1.55802     1.68193  0.00393615
        2482     1.56031     1.68188  0.00393487
        2483     1.56307     1.68183  0.00393358
        2484     1.56628     1.68179  0.00393227
        2485     1.56993     1.68174  0.00393095
        2486       1.574      1.6817   0.0039296
        2487     1.57848     1.68166  0.00392824
        2488     1.58333     1.68162  0.00392686
        2489      1.5885     1.68158  0.00392546
        2490     1.59395     1.68154  0.00392404
        2491     1.59963     1.68151  0.00392261
        2492     1.60547     1.68148  0.00392115
        2493     1.61142     1.68145  0.00391968
        2494     1.61742     1.68143  0.00391819
        2495      1.6234      1.6814  0.00391669
        2496      1.6293     1.68138  0.00391518
        2497     1.63506     1.68136  0.00391365
        2498     1.64063     1.68135  0.00391212
        2499     1.64595     1.68133  0.00391058
        2500     1.65098     1.68132  0.00390904
        2501     1.65568     1.68131  0.00390749
        2502     1.66001      1.6813  0.00390593
        2503     1.66394      1.6813  0.00390438
        2504     1.66744     1.68129  0.00390282
        2505      1.6705     1.68129  0.00390127
        2506     1.67309     1.68128  0.00389971
        2507     1.67522     1.68128  0.00389816
        2508     1.67687     1.68128   0.0038966
        2509     1.67805     1.68128  0.00389505
        2510     1.67876     1.68128   0.0038935
        2511       1.679     1.68128  0.00389195
        2512      1.6788     1.68128   0.0038904
        2513     1.67816     1.68127  0.00388885
        2514     1.67709     1.68127  0.00388731
        2515     1.67564     1.68127  0.00388576
        2516     1.67382     1.68127  0.00388422
        2517     1.67166     1.68126  0.00388268
        2518     1.66919     1.68126  0.00388114
        2519     1.66644     1.68125   0.0038796
        2520     1.66346     1.68125  0.00387807
        2521     1.66029     1.68124  0.00387654
        2522     1.65697     1.68123  0.00387501
        2523     1.65355     1.68122  0.00387349
        2524     1.65007      1.6812  0.00387198
        2525     1.64659     1.68119  0.00387047
        2526     1.64315     1.68118  0.00386897
        2527     1.63981     1.68116  0.00386747
        2528     1.63662     1.68114  0.00386598
        2529     1.63363     1.68112   0.0038645
        2530     1.63087      1.6811  0.00386302
        2531     1.62841     1.68108  0.00386155
        2532     1.62626     1.68106  0.00386009
        2533     1.62447     1.68104  0.00385863
        2534     1.62305     1.68102  0.00385717
        2535     1.62204     1.68099  0.00385572
        2536     1.62143     1.68097  0.00385427
        2537     1.62124     1.68094  0.00385282
        2538     1.62146     1.68092  0.00385138
        2539     1.62208      1.6809  0.00384993
        2540     1.62309     1.68088  0.00384848
        2541     1.62446     1.68085  0.00384703
        2542     1.62617     1.68083  0.00384558
        2543     1.62817     1.68081  0.00384412
        2544     1.63044     1.68079  0.00384266
        2545     1.63293     1.68077   0.0038412
        2546      1.6356     1.68075  0.00383973
        2547     1.63841     1.68074  0.00383826
        2548     1.64132     1.68072  0.00383678
        2549     1.64428     1.68071   0.0038353
        2550     1.64726      1.6807  0.00383382
        2551     1.65021     1.68068  0.00383234
        2552     1.65309     1.68067  0.00383085
        2553     1.65587     1.68066  0.00382936
        2554      1.6585     1.68065  0.00382787
        2555     1.66096     1.68065  0.00382638
        2556     1.66321     1.68064  0.00382489
        2557     1.66524     1.68063   0.0038234
        2558     1.66703     1.68063  0.00382191
        2559     1.66855     1.68062  0.00382042
        2560      1.6698     1.68062  0.00381893
        2561     1.67078     1.68062  0.00381744
        2562     1.67148     1.68061  0.00381595
        2563      1.6719     1.68061  0.00381446
        2564     1.67207     1.68061  0.00381298
        2565     1.67201      1.6806  0.00381149
        2566     1.67172      1.6806  0.00381001
        2567     1.67126     1.68059  0.00380853
        2568     1.67065     1.68059  0.00380705
        2569     1.66992     1.68059  0.00380557
        2570     1.66913     1.68058  0.00380409
        2571     1.66829     1.68058  0.00380261
        2572     1.66748     1.68057  0.00380114
        2573     1.66671     1.68057  0.00379966
        2574     1.66604     1.68056  0.00379819
        2575     1.66551     1.68056  0.00379672
        2576     1.66515     1.68055  0.00379525
        2577     1.66499     1.68054  0.00379378
        2578     1.66505     1.68054  0.00379232
        2579     1.66536     1.68053  0.00379085
        2580     1.66592     1.68053  0.00378939
        2581     1.66674     1.68052  0.00378792
        2582     1.66783     1.68052  0.00378646
        2583     1.66918     1.68051  0.00378499
        2584     1.67077     1.68051  0.00378353
        2585     1.67261      1.6805  0.00378207
        2586     1.67466      1.6805  0.00378061
        2587     1.67691      1.6805  0.00377915
        2588     1.67934      1.6805  0.00377769
        2589     1.68192      1.6805  0.00377623
        2590     1.68465      1.6805  0.00377477
        2591     1.68749     1.68051  0.00377331
        2592     1.69044     1.68051  0.00377186
        2593     1.69348     1.68051  0.00377041
        2594     1.69658     1.68052  0.00376896
        2595     1.69975     1.68053  0.00376751
        2596     1.70296     1.68054  0.00376607
        2597     1.70621     1.68055  0.00376464
        2598     1.70949     1.68056   0.0037632
        2599     1.71281     1.68057  0.00376178
        2600     1.71614     1.68058  0.00376035
        2601     1.71949      1.6806  0.00375894
        2602     1.72284     1.68061  0.00375753
        2603     1.72621     1.68063  0.00375613
        2604     1.72957     1.68065  0.00375473
        2605     1.73292     1.68067  0.00375334
        2606     1.73626     1.68069  0.00375196
        2607     1.73957     1.68071  0.00375059
        2608     1.74286     1.68074  0.00374923
        2609     1.74611     1.68076  0.00374788
        2610      1.7493     1.68079  0.00374653
        2611     1.75244     1.68082   0.0037452
        2612      1.7555     1.68085  0.00374387
        2613     1.75848     1.68088  0.00374256
        2614     1.76137     1.68091  0.00374125
        2615     1.76415     1.68094  0.00373996
        2616     1.76681     1.68097  0.00373867
        2617     1.76935       1.681   0.0037374
        2618     1.77175     1.68104  0.00373613
        2619     1.77401     1.68108  0.00373487
        2620     1.77611     1.68111  0.00373362
        2621     1.77805     1.68115  0.00373238
        2622     1.77981     1.68119  0.00373115
        2623      1.7814     1.68122  0.00372992
        2624     1.78281     1.68126   0.0037287
        2625     1.78404      1.6813  0.00372748
        2626     1.78507     1.68134  0.00372627
        2627     1.78592     1.68138  0.00372507
        2628     1.78656     1.68142  0.00372387
        2629       1.787     1.68146  0.00372267
        2630     1.78725      1.6815  0.00372147
        2631     1.78728     1.68154  0.00372027
        2632      1.7871     1.68158  0.00371907
        2633      1.7867     1.68162  0.00371787
        2634     1.78608     1.68166  0.00371667
        2635     1.78523      1.6817  0.00371547
        2636     1.78413     1.68174  0.00371427
        2637     1.78279     1.68178  0.00371305
        2638     1.78118     1.68182  0.00371184
        2639      1.7793     1.68185  0.00371062
        2640     1.77715     1.68189  0.00370939
        2641      1.7747     1.68192  0.00370815
        2642     1.77194     1.68196   0.0037069
        2643     1.76888     1.68199  0.00370564
        2644     1.76549     1.68202  0.00370438
        2645     1.76177     1.68205   0.0037031
        2646     1.75771     1.68208  0.00370181
        2647      1.7533     1.68211  0.00370051
        2648     1.74855     1.68213   0.0036992
        2649     1.74346     1.68216  0.00369787
        2650     1.73803     1.68218  0.00369654
        2651     1.73227      1.6822  0.00369519
        2652      1.7262     1.68221  0.00369384
        2653     1.71982     1.68223  0.00369247
        2654     1.71315     1.68224   0.0036911
        2655     1.70623     1.68225  0.00368972
        2656     1.69908     1.68225  0.00368833
        2657     1.69172     1.68226  0.00368695
        2658      1.6842     1.68226  0.00368556
        2659     1.67655     1.68226  0.00368418
        2660      1.6688     1.68225  0.00368279
        2661       1.661     1.68224  0.00368142
        2662     1.65319     1.68223  0.00368005
        2663     1.64541     1.68222   0.0036787
        2664      1.6377      1.6822  0.00367735
        2665      1.6301     1.68218  0.00367603
        2666     1.62265     1.68216  0.00367471
        2667     1.61538     1.68213  0.00367342
        2668     1.60833     1.68211  0.00367215
        2669     1.60154     1.68208   0.0036709
        2670     1.59504     1.68204  0.00366967
        2671     1.58884     1.68201  0.00366846
        2672     1.58298     1.68197  0.00366727
        2673     1.57748     1.68193  0.00366611
        2674     1.57235     1.68189  0.00366497
        2675      1.5676     1.68185  0.00366385
        2676     1.56325     1.68181  0.00366275
        2677      1.5593     1.68176  0.00366166
        2678     1.55575     1.68171   0.0036606
        2679     1.55261     1.68166  0.00365955
        2680     1.54988     1.68162  0.00365851
        2681     1.54755     1.68157  0.00365749
        2682      1.5456     1.68151  0.00365648
        2683     1.54405     1.68146  0.00365547
        2684     1.54286     1.68141  0.00365448
        2685     1.54202     1.68136  0.00365349
        2686     1.54152     1.68131   0.0036525
        2687     1.54133     1.68126  0.00365151
        2688     1.54144      1.6812  0.00365052
        2689     1.54182     1.68115  0.00364953
        2690     1.54246      1.6811  0.00364854
        2691     1.54332     1.68105  0.00364754
        2692     1.54439       1.681  0.00364654
        2693     1.54564     1.68095  0.00364553
        2694     1.54705      1.6809  0.00364452
        2695     1.54859     1.68085   0.0036435
        2696     1.55026      1.6808  0.00364247
        2697     1.55201     1.68075  0.00364143
        2698     1.55384     1.68071  0.00364038
        2699     1.55573     1.68066  0.00363933
        2700     1.55766     1.68061  0.00363827
        2701     1.55961     1.68057  0.00363719
        2702     1.56158     1.68053  0.00363612
        2703     1.56354     1.68048  0.00363503
        2704     1.56548     1.68044  0.00363393
        2705     1.56741      1.6804  0.00363283
        2706      1.5693     1.68036  0.00363172
        2707     1.57115     1.68032   0.0036306
        2708     1.57295     1.68028  0.00362948
        2709      1.5747     1.68024  0.00362835
        2710     1.57639      1.6802  0.00362721
        2711     1.57803     1.68016  0.00362607
        2712     1.57961     1.68012  0.00362492
        2713     1.58113     1.68009  0.00362377
        2714     1.58259     1.68005  0.00362261
        2715     1.58399     1.68002  0.00362145
        2716     1.58535     1.67998  0.00362028
        2717     1.58665     1.67995  0.00361911
        2718     1.58792     1.67991  0.00361794
        2719     1.58916     1.67988  0.00361676
        2720     1.59037     1.67985  0.00361558
        2721     1.59158     1.67981   0.0036144
        2722     1.59277     1.67978  0.00361321
        2723     1.59398     1.67975  0.00361202
        2724     1.59519     1.67972  0.00361083
        2725     1.59644     1.67969  0.00360964
        2726     1.59773     1.67966  0.00360844
        2727     1.59907     1.67963  0.00360724
        2728     1.60046      1.6796  0.00360603
        2729     1.60193     1.67957  0.00360482
        2730     1.60348     1.67954  0.00360361
        2731     1.60512     1.67952  0.00360239
        2732     1.60686     1.67949  0.00360117
        2733      1.6087     1.67947  0.00359995
        2734     1.61065     1.67944  0.00359872
        2735     1.61272     1.67942  0.00359748
        2736      1.6149     1.67939  0.00359625
        2737      1.6172     1.67937    0.003595
        2738     1.61962     1.67935  0.00359376
        2739     1.62215     1.67933  0.00359251
        2740      1.6248     1.67931  0.00359125
        2741     1.62756     1.67929  0.00358999
        2742     1.63043     1.67927  0.00358872
        2743     1.63339     1.67925  0.00358746
        2744     1.63644     1.67924  0.00358618
        2745     1.63958     1.67922   0.0035849
        2746     1.64278     1.67921  0.00358362
        2747     1.64605      1.6792  0.00358234
        2748     1.64937     1.67919  0.00358105
        2749     1.65273     1.67918  0.00357976
        2750     1.65612     1.67917  0.00357847
        2751     1.65954     1.67916  0.00357718
        2752     1.66296     1.67916  0.00357588
        2753     1.66638     1.67915  0.00357459
        2754      1.6698     1.67915  0.00357329
        2755      1.6732     1.67915  0.00357199
        2756     1.67656     1.67914   0.0035707
        2757     1.67989     1.67915   0.0035694
        2758     1.68318     1.67915  0.00356811
        2759     1.68642     1.67915  0.00356682
        2760      1.6896     1.67915  0.00356553
        2761     1.69271     1.67916  0.00356424
        2762     1.69575     1.67916  0.00356295
        2763      1.6987     1.67917  0.00356167
        2764     1.70157     1.67918  0.00356039
        2765     1.70435     1.67919  0.00355911
        2766     1.70704      1.6792  0.00355784
        2767     1.70962     1.67921  0.00355657
        2768      1.7121     1.67922  0.00355531
        2769     1.71447     1.67923  0.00355405
        2770     1.71672     1.67925  0.00355279
        2771     1.71885     1.67926  0.00355154
        2772     1.72086     1.67928  0.00355029
        2773     1.72274     1.67929  0.00354904
        2774      1.7245     1.67931   0.0035478
        2775     1.72612     1.67933  0.00354656
        2776      1.7276     1.67934  0.00354533
        2777     1.72895     1.67936  0.00354409
        2778     1.73016     1.67938  0.00354287
        2779     1.73122      1.6794  0.00354164
        2780     1.73213     1.67942  0.00354042
        2781      1.7329     1.67944   0.0035392
        2782     1.73352     1.67946  0.00353798
        2783     1.73399     1.67947  0.00353676
        2784     1.73431     1.67949  0.00353554
        2785     1.73447     1.67951  0.00353433
        2786     1.73448     1.67953  0.00353312
        2787     1.73434     1.67955   0.0035319
        2788     1.73404     1.67957  0.00353069
        2789     1.73359     1.67959  0.00352948
        2790     1.73298     1.67961  0.00352826
        2791      1.7322     1.67963  0.00352705
        2792     1.73127     1.67965  0.00352584
        2793     1.73018     1.67967  0.00352462
        2794     1.72892     1.67968   0.0035234
        2795     1.72751      1.6797  0.00352218
        2796     1.72594     1.67972  0.00352096
        2797      1.7242     1.67973  0.00351974
        2798     1.72232     1.67975  0.00351851
        2799     1.72028     1.67976  0.00351729
        2800     1.71809     1.67978  0.00351606
        2801     1.71575     1.67979  0.00351483
        2802     1.71329      1.6798  0.00351359
        2803      1.7107     1.67981  0.00351236
        2804       1.708     1.67982  0.00351112
        2805     1.70521     1.67983  0.00350988
        2806     1.70233     1.67984  0.00350864
        2807     1.69939     1.67985  0.00350739
        2808      1.6964     1.67985  0.00350615
        2809     1.69338     1.67986   0.0035049
        2810     1.69036     1.67986  0.00350366
        2811     1.68736     1.67986  0.00350241
        2812     1.68441     1.67987  0.00350117
        2813     1.68153     1.67987  0.00349992
        2814     1.67874     1.67987  0.00349868
        2815     1.67608     1.67987  0.00349744
        2816     1.67357     1.67986   0.0034962
        2817     1.67122     1.67986  0.00349496
        2818     1.66906     1.67986  0.00349372
        2819     1.66711     1.67985  0.00349248
        2820     1.66538     1.67985  0.00349125
        2821     1.66387     1.67984  0.00349001
        2822     1.66261     1.67983  0.00348878
        2823     1.66158     1.67983  0.00348755
        2824      1.6608     1.67982  0.00348632
        2825     1.66024     1.67981   0.0034851
        2826     1.65991     1.67981  0.00348387
        2827     1.65979      1.6798  0.00348265
        2828     1.65986     1.67979  0.00348142
        2829     1.66011     1.67979   0.0034802
        2830     1.66053     1.67978  0.00347897
        2831     1.66109     1.67977  0.00347775
        2832     1.66177     1.67977  0.00347653
        2833     1.66256     1.67976  0.00347531
        2834     1.66343     1.67975  0.00347409
        2835     1.66436     1.67975  0.00347287
        2836     1.66535     1.67974  0.00347164
        2837     1.66637     1.67974  0.00347042
        2838     1.66742     1.67974   0.0034692
        2839     1.66848     1.67973  0.00346798
        2840     1.66956     1.67973  0.00346676
        2841     1.67064     1.67972  0.00346555
        2842     1.67171     1.67972  0.00346433
        2843     1.67279     1.67972  0.00346311
        2844     1.67386     1.67972  0.00346189
        2845     1.67493     1.67972  0.00346068
        2846     1.67599     1.67971  0.00345946
        2847     1.67706     1.67971  0.00345825
        2848     1.67813     1.67971  0.00345703
        2849      1.6792     1.67971  0.00345582
        2850     1.68029     1.67971  0.00345461
        2851     1.68139     1.67971  0.00345339
        2852      1.6825     1.67971  0.00345218
        2853     1.68363     1.67972  0.00345097
        2854     1.68477     1.67972  0.00344976
        2855     1.68593     1.67972  0.00344856
        2856     1.68711     1.67972  0.00344735
        2857      1.6883     1.67973  0.00344615
        2858     1.68951     1.67973  0.00344494
        2859     1.69072     1.67973  0.00344374
        2860     1.69193     1.67974  0.00344254
        2861     1.69314     1.67974  0.00344134
        2862     1.69435     1.67975  0.00344014
        2863     1.69554     1.67975  0.00343894
        2864     1.69673     1.67976  0.00343775
        2865     1.69789     1.67976  0.00343655
        2866     1.69902     1.67977  0.00343536
        2867     1.70013     1.67978  0.00343417
        2868     1.70121     1.67979  0.00343298
        2869     1.70226     1.67979  0.00343179
        2870     1.70328      1.6798  0.00343061
        2871     1.70428     1.67981  0.00342942
        2872     1.70525     1.67982  0.00342824
        2873      1.7062     1.67983  0.00342706
        2874     1.70713     1.67984  0.00342588
        2875     1.70805     1.67985   0.0034247
        2876     1.70898     1.67986  0.00342352
        2877      1.7099     1.67987  0.00342235
        2878     1.71084     1.67988  0.00342118
        2879      1.7118     1.67989  0.00342001
        2880     1.71279      1.6799  0.00341884
        2881      1.7138     1.67991  0.00341767
        2882     1.71487     1.67993  0.00341651
        2883     1.71597     1.67994  0.00341535
        2884     1.71714     1.67995  0.00341419
        2885     1.71836     1.67996  0.00341303
        2886     1.71964     1.67998  0.00341187
        2887     1.72098     1.67999  0.00341072
        2888     1.72239     1.68001  0.00340957
        2889     1.72385     1.68002  0.00340843
        2890     1.72538     1.68004  0.00340728
        2891     1.72696     1.68005  0.00340614
        2892     1.72858     1.68007  0.00340501
        2893     1.73025     1.68009  0.00340387
        2894     1.73195     1.68011  0.00340274
        2895     1.73367     1.68012  0.00340162
        2896      1.7354     1.68014   0.0034005
        2897     1.73713     1.68016  0.00339938
        2898     1.73885     1.68018  0.00339827
        2899     1.74052      1.6802  0.00339716
        2900     1.74215     1.68023  0.00339606
        2901     1.74372     1.68025  0.00339496
        2902     1.74519     1.68027  0.00339386
        2903     1.74656     1.68029  0.00339277
        2904     1.74781     1.68032  0.00339168
        2905     1.74891     1.68034  0.00339059
        2906     1.74985     1.68036  0.00338951
        2907     1.75061     1.68039  0.00338843
        2908     1.75118     1.68041  0.00338735
        2909     1.75152     1.68044  0.00338628
        2910     1.75163     1.68046   0.0033852
        2911      1.7515     1.68049  0.00338413
        2912     1.75111     1.68051  0.00338305
        2913     1.75044     1.68053  0.00338198
        2914     1.74948     1.68056   0.0033809
        2915     1.74824     1.68058  0.00337982
        2916     1.74669      1.6806  0.00337873
        2917     1.74484     1.68062  0.00337765
        2918     1.74269     1.68065  0.00337656
        2919     1.74024     1.68067  0.00337546
        2920      1.7375     1.68069  0.00337436
        2921     1.73446      1.6807  0.00337326
        2922     1.73115     1.68072  0.00337215
        2923     1.72756     1.68074  0.00337103
        2924     1.72373     1.68075  0.00336991
        2925     1.71967     1.68077  0.00336879
        2926     1.71541     1.68078  0.00336765
        2927     1.71096     1.68079  0.00336652
        2928     1.70635      1.6808  0.00336538
        2929     1.70161      1.6808  0.00336424
        2930     1.69677     1.68081   0.0033631
        2931     1.69186     1.68081  0.00336195
        2932     1.68691     1.68082  0.00336081
        2933     1.68194     1.68082  0.00335966
        2934     1.67699     1.68081  0.00335851
        2935     1.67207     1.68081  0.00335737
        2936     1.66722     1.68081  0.00335623
        2937     1.66245      1.6808  0.00335509
        2938     1.65777     1.68079  0.00335396
        2939     1.65319     1.68078  0.00335283
        2940     1.64874     1.68077  0.00335171
        2941     1.64439     1.68076  0.00335059
        2942     1.64017     1.68075  0.00334948
        2943     1.63606     1.68073  0.00334838
        2944     1.63205     1.68071  0.00334728
        2945     1.62814      1.6807  0.00334619
        2946     1.62432     1.68068  0.00334511
        2947     1.62056     1.68066  0.00334404
        2948     1.61687     1.68064  0.00334298
        2949     1.61322     1.68061  0.00334192
        2950     1.60961     1.68059  0.00334087
        2951     1.60603     1.68056  0.00333984
        2952     1.60246     1.68054  0.00333881
        2953     1.59892     1.68051  0.00333779
        2954     1.59539     1.68048  0.00333679
        2955     1.59188     1.68045  0.00333579
        2956      1.5884     1.68042  0.00333481
        2957     1.58497     1.68039  0.00333384
        2958      1.5816     1.68035  0.00333288
        2959     1.57831     1.68032  0.00333193
        2960     1.57512     1.68028    0.003331
        2961     1.57207     1.68025  0.00333007
        2962     1.56918     1.68021  0.00332916
        2963     1.56649     1.68017  0.00332826
        2964     1.56402     1.68013  0.00332736
        2965     1.56181     1.68009  0.00332648
        2966     1.55989     1.68005  0.00332561
        2967      1.5583     1.68001  0.00332474
        2968     1.55704     1.67997  0.00332388
        2969     1.55615     1.67993  0.00332302
        2970     1.55563     1.67989  0.00332216
        2971     1.55551     1.67984  0.00332131
        2972     1.55579      1.6798  0.00332045
        2973     1.55646     1.67976   0.0033196
        2974     1.55752     1.67972  0.00331873
        2975     1.55895     1.67968  0.00331787
        2976     1.56073     1.67964  0.00331699
        2977     1.56284      1.6796  0.00331611
        2978     1.56524     1.67956  0.00331522
        2979     1.56791     1.67952  0.00331432
        2980      1.5708     1.67949  0.00331341
        2981     1.57387     1.67945  0.00331248
        2982     1.57709     1.67942  0.00331155
        2983      1.5804     1.67938  0.00331061
        2984     1.58377     1.67935  0.00330965
        2985     1.58716     1.67932  0.00330869
        2986     1.59052     1.67929  0.00330771
        2987     1.59382     1.67926  0.00330673
        2988     1.59704     1.67924  0.00330574
        2989     1.60013     1.67921  0.00330474
        2990     1.60307     1.67918  0.00330373
        2991     1.60584     1.67916  0.00330272
        2992     1.60843     1.67914   0.0033017
        2993     1.61082     1.67911  0.00330067
        2994       1.613     1.67909  0.00329965
        2995     1.61496     1.67907  0.00329861
        2996     1.61669     1.67905  0.00329758
        2997     1.61821     1.67903  0.00329654
        2998     1.61951     1.67901   0.0032955
        2999      1.6206     1.67899  0.00329446
        3000     1.62149     1.67897  0.00329342
        3001     1.62219     1.67895  0.00329237
        3002     1.62271     1.67893  0.00329133
        3003     1.62307     1.67891  0.00329029
        3004     1.62329     1.67889  0.00328924
        3005     1.62339     1.67888   0.0032882
        3006     1.62338     1.67886  0.00328716
        3007     1.62329     1.67884  0.00328612
        3008     1.62313     1.67882  0.00328508
        3009     1.62293      1.6788  0.00328404
        3010     1.62271     1.67878    0.003283
        3011     1.62249     1.67876  0.00328196
        3012     1.62229     1.67875  0.00328093
        3013     1.62212     1.67873  0.00327989
        3014     1.62201     1.67871  0.00327886
        3015     1.62196     1.67869  0.00327782
        3016     1.62199     1.67867  0.00327679
        3017     1.62211     1.67865  0.00327576
        3018     1.62233     1.67863  0.00327473
        3019     1.62266     1.67861  0.00327369
        3020     1.62309      1.6786  0.00327266
        3021     1.62363     1.67858  0.00327163
        3022     1.62428     1.67856   0.0032706
        3023     1.62503     1.67854  0.00326956
        3024     1.62587     1.67852  0.00326853
        3025     1.62679     1.67851  0.00326749
        3026      1.6278     1.67849  0.00326645
        3027     1.62887     1.67847  0.00326542
        3028     1.62999     1.67846  0.00326438
        3029     1.63116     1.67844  0.00326334
        3030     1.63236     1.67843   0.0032623
        3031     1.63359     1.67841  0.00326125
        3032     1.63484      1.6784  0.00326021
        3033     1.63611     1.67838  0.00325916
        3034     1.63739     1.67837  0.00325812
        3035     1.63869     1.67836  0.00325707
        3036        1.64     1.67835  0.00325602
        3037     1.64134     1.67833  0.00325497
        3038     1.64272     1.67832  0.00325392
        3039     1.64414     1.67831  0.00325287
        3040     1.64562      1.6783  0.00325182
        3041     1.64717     1.67829  0.00325077
        3042     1.64881     1.67828  0.00324971
        3043     1.65056     1.67827  0.00324866
        3044     1.65243     1.67826   0.0032476
        3045     1.65444     1.67825  0.00324654
        3046     1.65661     1.67825  0.00324549
        3047     1.65895     1.67824  0.00324443
        3048     1.66146     1.67824  0.00324337
        3049     1.66416     1.67823  0.00324231
        3050     1.66706     1.67823  0.00324124
        3051     1.67015     1.67822  0.00324018
        3052     1.67344     1.67822  0.00323912
        3053     1.67692     1.67822  0.00323806
        3054     1.68058     1.67822    0.003237
        3055     1.68442     1.67823  0.00323594
        3056     1.68841     1.67823  0.00323489
        3057     1.69254     1.67823  0.00323383
        3058     1.69679     1.67824  0.00323278
        3059     1.70113     1.67825  0.00323173
        3060     1.70553     1.67826  0.00323069
        3061     1.70998     1.67827  0.00322965
        3062     1.71445     1.67828  0.00322861
        3063     1.71889     1.67829  0.00322759
        3064     1.72329     1.67831  0.00322657
        3065     1.72761     1.67832  0.00322556
        3066     1.73182     1.67834  0.00322455
        3067      1.7359     1.67836  0.00322355
        3068      1.7398     1.67838  0.00322257
        3069     1.74352      1.6784  0.00322158
        3070     1.74701     1.67842  0.00322061
        3071     1.75026     1.67845  0.00321965
        3072     1.75325     1.67847  0.00321869
        3073     1.75594     1.67849  0.00321774
        3074     1.75832     1.67852   0.0032168
        3075     1.76038     1.67855  0.00321587
        3076      1.7621     1.67857  0.00321494
        3077     1.76347      1.6786  0.00321401
        3078     1.76447     1.67863  0.00321309
        3079      1.7651     1.67866  0.00321217
        3080     1.76534     1.67869  0.00321125
        3081      1.7652     1.67871  0.00321033
        3082     1.76466     1.67874  0.00320941
        3083     1.76372     1.67877  0.00320848
        3084     1.76239      1.6788  0.00320756
        3085     1.76065     1.67882  0.00320663
        3086     1.75851     1.67885  0.00320569
        3087     1.75597     1.67887  0.00320475
        3088     1.75303      1.6789   0.0032038
        3089     1.74969     1.67892  0.00320285
        3090     1.74596     1.67894  0.00320189
        3091     1.74184     1.67896  0.00320091
        3092     1.73734     1.67898  0.00319993
        3093     1.73245       1.679  0.00319895
        3094      1.7272     1.67901  0.00319795
        3095      1.7216     1.67903  0.00319695
        3096     1.71564     1.67904  0.00319594
        3097     1.70936     1.67905  0.00319492
        3098     1.70276     1.67906   0.0031939
        3099     1.69587     1.67906  0.00319287
        3100     1.68871     1.67907  0.00319184
        3101      1.6813     1.67907  0.00319081
        3102     1.67368     1.67907  0.00318979
        3103     1.66589     1.67906  0.00318876
        3104     1.65797     1.67905  0.00318774
        3105     1.64997     1.67905  0.00318673
        3106     1.64194     1.67903  0.00318572
        3107     1.63392     1.67902  0.00318473
        3108       1.626       1.679  0.00318375
        3109     1.61821     1.67898  0.00318279
        3110     1.61064     1.67896  0.00318184
        3111     1.60334     1.67894  0.00318091
        3112     1.59639     1.67891     0.00318
        3113     1.58984     1.67888  0.00317911
        3114     1.58376     1.67885  0.00317823
        3115     1.57821     1.67882  0.00317738
        3116     1.57323     1.67878  0.00317654
        3117     1.56887     1.67875  0.00317571
        3118     1.56516     1.67871   0.0031749
        3119     1.56212     1.67867  0.00317411
        3120     1.55979     1.67864  0.00317332
        3121     1.55816      1.6786  0.00317254
        3122     1.55723     1.67856  0.00317176
        3123     1.55701     1.67852  0.00317098
        3124     1.55748     1.67848   0.0031702
        3125     1.55863     1.67844  0.00316942
        3126     1.56042     1.67841  0.00316863
        3127     1.56284     1.67837  0.00316783
        3128     1.56586     1.67833  0.00316702
        3129     1.56944      1.6783   0.0031662
        3130     1.57354     1.67826  0.00316537
        3131     1.57813     1.67823  0.00316452
        3132     1.58317      1.6782  0.00316365
        3133     1.58863     1.67817  0.00316277
        3134     1.59445     1.67815  0.00316188
        3135      1.6006     1.67812  0.00316097
        3136     1.60703      1.6781  0.00316004
        3137      1.6137     1.67808   0.0031591
        3138     1.62056     1.67806  0.00315815
        3139     1.62757     1.67804  0.00315718
        3140     1.63469     1.67803   0.0031562
        3141     1.64187     1.67802  0.00315522
        3142     1.64907     1.67801  0.00315423
        3143     1.65626       1.678  0.00315323
        3144      1.6634       1.678  0.00315223
        3145     1.67046       1.678  0.00315123
        3146      1.6774       1.678  0.00315023
        3147     1.68421       1.678  0.00314923
        3148     1.69085       1.678  0.00314823
        3149     1.69731     1.67801  0.00314724
        3150     1.70357     1.67802  0.00314625
        3151      1.7096     1.67803  0.00314527
        3152     1.71541     1.67804  0.00314429
        3153     1.72098     1.67805  0.00314333
        3154      1.7263     1.67807  0.00314237
        3155     1.73137     1.67808  0.00314142
        3156     1.73617      1.6781  0.00314047
        3157     1.74072     1.67812  0.00313954
        3158       1.745     1.67814  0.00313862
        3159     1.74902     1.67817  0.00313771
        3160     1.75276     1.67819   0.0031368
        3161     1.75625     1.67821  0.00313591
        3162     1.75946     1.67824  0.00313502
        3163      1.7624     1.67827  0.00313414
        3164     1.76508     1.67829  0.00313327
        3165     1.76748     1.67832  0.00313241
        3166      1.7696     1.67835  0.00313155
        3167     1.77145     1.67838   0.0031307
        3168     1.77301     1.67841  0.00312985
        3169     1.77427     1.67844  0.00312901
        3170     1.77524     1.67847  0.00312818
        3171      1.7759      1.6785  0.00312734
        3172     1.77624     1.67853  0.00312651
        3173     1.77625     1.67856  0.00312567
        3174     1.77592     1.67859  0.00312484
        3175     1.77524     1.67862    0.003124
        3176      1.7742     1.67865  0.00312316
        3177     1.77279     1.67868  0.00312232
        3178       1.771     1.67871  0.00312147
        3179     1.76881     1.67874  0.00312062
        3180     1.76623     1.67877  0.00311976
        3181     1.76323      1.6788  0.00311889
        3182     1.75982     1.67882  0.00311802
        3183       1.756     1.67884  0.00311713
        3184     1.75176     1.67887  0.00311624
        3185     1.74711     1.67889  0.00311533
        3186     1.74205     1.67891  0.00311442
        3187     1.73661     1.67893  0.00311349
        3188      1.7308     1.67894  0.00311256
        3189     1.72464     1.67896  0.00311161
        3190     1.71817     1.67897  0.00311066
        3191     1.71142     1.67898   0.0031097
        3192     1.70444     1.67899  0.00310874
        3193     1.69726     1.67899  0.00310777
        3194     1.68996       1.679   0.0031068
        3195     1.68259       1.679  0.00310583
        3196     1.67523       1.679  0.00310486
        3197     1.66794     1.67899  0.00310389
        3198      1.6608     1.67899  0.00310292
        3199      1.6539     1.67898  0.00310196
        3200     1.64732     1.67897  0.00310101
        3201     1.64112     1.67896  0.00310006
        3202     1.63539     1.67894  0.00309912
        3203      1.6302     1.67893  0.00309819
        3204      1.6256     1.67891  0.00309727
        3205     1.62167      1.6789  0.00309636
        3206     1.61843     1.67888  0.00309545
        3207     1.61592     1.67886  0.00309455
        3208     1.61415     1.67884  0.00309365
        3209     1.61314     1.67882  0.00309275
        3210     1.61287      1.6788  0.00309186
        3211     1.61331     1.67878  0.00309096
        3212     1.61444     1.67876  0.00309006
        3213     1.61622     1.67874  0.00308916
        3214     1.61859     1.67872  0.00308826
        3215      1.6215      1.6787  0.00308735
        3216     1.62489     1.67868  0.00308643
        3217     1.62868     1.67867  0.00308551
        3218     1.63283     1.67865  0.00308459
        3219     1.63726     1.67864  0.00308366
        3220     1.64192     1.67863  0.00308272
        3221     1.64674     1.67862  0.00308178
        3222     1.65166     1.67861  0.00308083
        3223     1.65665      1.6786  0.00307988
        3224     1.66165      1.6786  0.00307893
        3225     1.66662     1.67859  0.00307798
        3226     1.67152     1.67859  0.00307703
        3227     1.67634     1.67859  0.00307607
        3228     1.68103     1.67859  0.00307512
        3229     1.68558     1.67859  0.00307417
        3230     1.68997      1.6786  0.00307322
        3231     1.69417      1.6786  0.00307227
        3232     1.69818     1.67861  0.00307133
        3233       1.702     1.67862  0.00307039
        3234      1.7056     1.67862  0.00306945
        3235       1.709     1.67863  0.00306851
        3236     1.71218     1.67864  0.00306758
        3237     1.71515     1.67866  0.00306666
        3238     1.71791     1.67867  0.00306573
        3239     1.72046     1.67868  0.00306481
        3240      1.7228     1.67869   0.0030639
        3241     1.72495     1.67871  0.00306299
        3242     1.72691     1.67872  0.00306208
        3243     1.72867     1.67874  0.00306117
        3244     1.73026     1.67875  0.00306027
        3245     1.73166     1.67877  0.00305937
        3246      1.7329     1.67879  0.00305847
        3247     1.73398      1.6788  0.00305758
        3248      1.7349     1.67882  0.00305669
        3249     1.73568     1.67884   0.0030558
        3250     1.73632     1.67886  0.00305491
        3251     1.73683     1.67887  0.00305402
        3252     1.73721     1.67889  0.00305313
        3253     1.73749     1.67891  0.00305225
        3254     1.73766     1.67893  0.00305136
        3255     1.73773     1.67895  0.00305048
        3256     1.73773     1.67896  0.00304959
        3257     1.73765     1.67898  0.00304871
        3258     1.73752       1.679  0.00304783
        3259     1.73735     1.67902  0.00304695
        3260     1.73715     1.67904  0.00304606
        3261     1.73694     1.67905  0.00304518
        3262     1.73673     1.67907   0.0030443
        3263     1.73653     1.67909  0.00304342
        3264     1.73636     1.67911  0.00304254
        3265     1.73624     1.67912  0.00304165
        3266     1.73618     1.67914  0.00304077
        3267     1.73618     1.67916  0.00303989
        3268     1.73627     1.67918  0.00303901
        3269     1.73644     1.67919  0.00303813
        3270      1.7367     1.67921  0.00303725
        3271     1.73706     1.67923  0.00303638
        3272      1.7375     1.67925   0.0030355
        3273     1.73804     1.67927  0.00303463
        3274     1.73866     1.67928  0.00303375
        3275     1.73935      1.6793  0.00303288
        3276     1.74011     1.67932  0.00303202
        3277     1.74091     1.67934  0.00303115
        3278     1.74176     1.67936  0.00303028
        3279     1.74262     1.67938  0.00302942
        3280     1.74348      1.6794  0.00302856
        3281     1.74432     1.67942   0.0030277
        3282     1.74513     1.67944  0.00302685
        3283     1.74588     1.67946  0.00302599
        3284     1.74656     1.67948  0.00302514
        3285     1.74716      1.6795  0.00302429
        3286     1.74764     1.67952  0.00302344
        3287     1.74802     1.67954  0.00302259
        3288     1.74827     1.67956  0.00302174
        3289     1.74838     1.67958   0.0030209
        3290     1.74835      1.6796  0.00302005
        3291     1.74817     1.67962  0.00301921
        3292     1.74784     1.67964  0.00301836
        3293     1.74736     1.67966  0.00301751
        3294     1.74673     1.67969  0.00301667
        3295     1.74596     1.67971  0.00301582
        3296     1.74503     1.67973  0.00301497
        3297     1.74397     1.67974  0.00301412
        3298     1.74277     1.67976  0.00301326
        3299     1.74145     1.67978  0.00301241
        3300     1.74001      1.6798  0.00301155
        3301     1.73845     1.67982  0.00301069
        3302      1.7368     1.67984  0.00300983
        3303     1.73505     1.67985  0.00300896
        3304     1.73322     1.67987  0.00300809
        3305     1.73132     1.67988  0.00300723
        3306     1.72936      1.6799  0.00300635
        3307     1.72734     1.67991  0.00300548
        3308     1.72528     1.67993   0.0030046
        3309      1.7232     1.67994  0.00300372
        3310     1.72109     1.67995  0.00300284
        3311     1.71898     1.67996  0.00300196
        3312     1.71687     1.67998  0.00300107
        3313     1.71478     1.67999  0.00300018
        3314     1.71272        1.68  0.00299929
        3315     1.71071     1.68001   0.0029984
        3316     1.70876     1.68001  0.00299751
        3317     1.70688     1.68002  0.00299662
        3318      1.7051     1.68003  0.00299572
        3319     1.70342     1.68004  0.00299483
        3320     1.70187     1.68004  0.00299394
        3321     1.70047     1.68005  0.00299304
        3322     1.69923     1.68006  0.00299214
        3323     1.69817     1.68006  0.00299125
        3324     1.69731     1.68007  0.00299035
        3325     1.69666     1.68007  0.00298946
        3326     1.69626     1.68008  0.00298856
        3327     1.69611     1.68008  0.00298767
        3328     1.69623     1.68009  0.00298678
        3329     1.69663     1.68009  0.00298588
        3330     1.69733      1.6801  0.00298499
        3331     1.69832      1.6801   0.0029841
        3332     1.69962     1.68011  0.00298321
        3333     1.70123     1.68011  0.00298232
        3334     1.70314     1.68012  0.00298143
        3335     1.70534     1.68013  0.00298055
        3336     1.70782     1.68014  0.00297967
        3337     1.71056     1.68014  0.00297879
        3338     1.71354     1.68015  0.00297791
        3339     1.71673     1.68017  0.00297704
        3340     1.72009     1.68018  0.00297617
        3341     1.72361     1.68019  0.00297531
        3342     1.72723      1.6802  0.00297446
        3343     1.73092     1.68022   0.0029736
        3344     1.73464     1.68024  0.00297276
        3345     1.73835     1.68025  0.00297192
        3346     1.74199     1.68027  0.00297109
        3347     1.74553     1.68029  0.00297027
        3348     1.74893     1.68031  0.00296945
        3349     1.75215     1.68033  0.00296864
        3350     1.75514     1.68036  0.00296784
        3351     1.75789     1.68038  0.00296704
        3352     1.76035      1.6804  0.00296625
        3353     1.76251     1.68043  0.00296547
        3354     1.76433     1.68045  0.00296469
        3355      1.7658     1.68048  0.00296392
        3356      1.7669      1.6805  0.00296315
        3357     1.76762     1.68053  0.00296238
        3358     1.76797     1.68056  0.00296161
        3359     1.76794     1.68058  0.00296084
        3360     1.76753     1.68061  0.00296007
        3361     1.76675     1.68063   0.0029593
        3362     1.76562     1.68066  0.00295853
        3363     1.76415     1.68068  0.00295776
        3364     1.76236     1.68071  0.00295698
        3365     1.76029     1.68073  0.00295619
        3366     1.75795     1.68075   0.0029554
        3367     1.75537     1.68078  0.00295461
        3368     1.75259      1.6808  0.00295381
        3369     1.74963     1.68082    0.002953
        3370     1.74653     1.68084  0.00295219
        3371     1.74331     1.68086  0.00295137
        3372        1.74     1.68087  0.00295055
        3373     1.73662     1.68089  0.00294972
        3374     1.73322     1.68091  0.00294889
        3375     1.72979     1.68092  0.00294805
        3376     1.72637     1.68093  0.00294721
        3377     1.72297     1.68095  0.00294636
        3378      1.7196     1.68096  0.00294551
        3379     1.71627     1.68097  0.00294466
        3380     1.71297     1.68098   0.0029438
        3381     1.70972     1.68099  0.00294294
        3382      1.7065     1.68099  0.00294208
        3383     1.70331       1.681  0.00294122
        3384     1.70013     1.68101  0.00294036
        3385     1.69695     1.68101  0.00293949
        3386     1.69377     1.68101  0.00293863
        3387     1.69055     1.68102  0.00293776
        3388     1.68729     1.68102  0.00293689
        3389     1.68397     1.68102  0.00293603
        3390     1.68056     1.68102  0.00293516
        3391     1.67705     1.68102   0.0029343
        3392     1.67343     1.68102  0.00293343
        3393     1.66967     1.68101  0.00293257
        3394     1.66576     1.68101  0.00293171
        3395     1.66169       1.681  0.00293085
        3396     1.65744       1.681     0.00293
        3397     1.65302     1.68099  0.00292914
        3398     1.64841     1.68098   0.0029283
        3399     1.64361     1.68097  0.00292746
        3400     1.63862     1.68095  0.00292662
        3401     1.63346     1.68094   0.0029258
        3402     1.62813     1.68092  0.00292498
        3403     1.62265     1.68091  0.00292417
        3404     1.61703     1.68089  0.00292337
        3405     1.61131     1.68087  0.00292258
        3406     1.60552     1.68085  0.00292181
        3407     1.59969     1.68082  0.00292105
        3408     1.59386      1.6808   0.0029203
        3409     1.58809     1.68077  0.00291957
        3410     1.58242     1.68074  0.00291886
        3411     1.57691     1.68071  0.00291816
        3412     1.57161     1.68068  0.00291748
        3413     1.56659     1.68065  0.00291682
        3414     1.56191     1.68061  0.00291617
        3415     1.55762     1.68057  0.00291554
        3416     1.55379     1.68054  0.00291492
        3417     1.55048      1.6805  0.00291432
        3418     1.54774     1.68046  0.00291372
        3419     1.54561     1.68042  0.00291314
        3420     1.54413     1.68038  0.00291256
        3421     1.54334     1.68034  0.00291198
        3422     1.54326      1.6803  0.00291141
        3423      1.5439     1.68026  0.00291083
        3424     1.54528     1.68022  0.00291025
        3425     1.54738     1.68018  0.00290965
        3426      1.5502     1.68015  0.00290905
        3427     1.55371     1.68011  0.00290844
        3428     1.55789     1.68007  0.00290781
        3429     1.56271     1.68004  0.00290716
        3430     1.56812     1.68001   0.0029065
        3431     1.57409     1.67997  0.00290581
        3432     1.58057     1.67995  0.00290511
        3433     1.58753     1.67992  0.00290439
        3434     1.59491     1.67989  0.00290365
        3435     1.60267     1.67987  0.00290289
        3436     1.61076     1.67985  0.00290212
        3437     1.61914     1.67983  0.00290132
        3438     1.62776     1.67982  0.00290052
        3439     1.63659     1.67981   0.0028997
        3440     1.64558      1.6798  0.00289888
        3441     1.65468     1.67979  0.00289805
        3442     1.66386     1.67978  0.00289721
        3443     1.67309     1.67978  0.00289637
        3444     1.68231     1.67978  0.00289553
        3445     1.69149     1.67979  0.00289469
        3446     1.70061     1.67979  0.00289385
        3447     1.70961      1.6798  0.00289303
        3448     1.71847     1.67981  0.00289221
        3449     1.72716     1.67983   0.0028914
        3450     1.73563     1.67984  0.00289061
        3451     1.74386     1.67986  0.00288983
        3452     1.75182     1.67988  0.00288907
        3453     1.75949      1.6799  0.00288833
        3454     1.76682     1.67993   0.0028876
        3455     1.77381     1.67996  0.00288689
        3456     1.78043     1.67999   0.0028862
        3457     1.78666     1.68002  0.00288553
        3458     1.79249     1.68005  0.00288488
        3459      1.7979     1.68008  0.00288425
        3460     1.80289     1.68012  0.00288363
        3461     1.80745     1.68016  0.00288303
        3462     1.81158     1.68019  0.00288245
        3463     1.81527     1.68023  0.00288188
        3464     1.81854     1.68027  0.00288133
        3465     1.82138     1.68031  0.00288078
        3466      1.8238     1.68035  0.00288025
        3467     1.82581      1.6804  0.00287973
        3468     1.82743     1.68044  0.00287921
        3469     1.82868     1.68048  0.00287869
        3470     1.82956     1.68052  0.00287818
        3471     1.83011     1.68057  0.00287768
        3472     1.83033     1.68061  0.00287717
        3473     1.83026     1.68065  0.00287667
        3474     1.82992      1.6807  0.00287616
        3475     1.82933     1.68074  0.00287565
        3476     1.82852     1.68078  0.00287514
        3477      1.8275     1.68082  0.00287462
        3478     1.82631     1.68087   0.0028741
        3479     1.82498     1.68091  0.00287357
        3480     1.82352     1.68095  0.00287304
        3481     1.82196     1.68099   0.0028725
        3482     1.82032     1.68103  0.00287195
        3483     1.81862     1.68107   0.0028714
        3484     1.81688     1.68111  0.00287084
        3485     1.81511     1.68115  0.00287027
        3486     1.81332     1.68118   0.0028697
        3487     1.81153     1.68122  0.00286912
        3488     1.80975     1.68126  0.00286853
        3489     1.80797     1.68129  0.00286794
        3490     1.80621     1.68133  0.00286734
        3491     1.80446     1.68137  0.00286674
        3492     1.80271      1.6814  0.00286613
        3493     1.80098     1.68143  0.00286551
        3494     1.79924     1.68147  0.00286489
        3495     1.79749      1.6815  0.00286426
        3496     1.79571     1.68153  0.00286363
        3497     1.79389     1.68157  0.00286299
        3498     1.79202      1.6816  0.00286235
        3499     1.79008     1.68163   0.0028617
        3500     1.78807     1.68166  0.00286104
        3501     1.78595     1.68169  0.00286038
        3502     1.78372     1.68172  0.00285971
        3503     1.78136     1.68175  0.00285903
        3504     1.77886     1.68177  0.00285835
        3505     1.77621      1.6818  0.00285766
        3506      1.7734     1.68183  0.00285697
        3507     1.77042     1.68185  0.00285627
        3508     1.76727     1.68188  0.00285556
        3509     1.76396      1.6819  0.00285484
        3510     1.76047     1.68192  0.00285411
        3511     1.75683     1.68194  0.00285338
        3512     1.75302     1.68196  0.00285264
        3513     1.74908     1.68198  0.00285189
        3514       1.745       1.682  0.00285113
        3515      1.7408     1.68202  0.00285037
        3516     1.73651     1.68203   0.0028496
        3517     1.73213     1.68205  0.00284883
        3518      1.7277     1.68206  0.00284805
        3519     1.72323     1.68207  0.00284726
        3520     1.71874     1.68208  0.00284647
        3521     1.71425     1.68209  0.00284568
        3522      1.7098      1.6821  0.00284488
        3523     1.70541     1.68211  0.00284408
        3524     1.70108     1.68211  0.00284328
        3525     1.69686     1.68212  0.00284248
        3526     1.69274     1.68212  0.00284167
        3527     1.68876     1.68212  0.00284087
        3528     1.68493     1.68212  0.00284006
        3529     1.68127     1.68212  0.00283926
        3530     1.67779     1.68212  0.00283845
        3531     1.67449     1.68212  0.00283765
        3532      1.6714     1.68212  0.00283685
        3533     1.66852     1.68211  0.00283605
        3534     1.66586     1.68211  0.00283525
        3535     1.66342      1.6821  0.00283445
        3536      1.6612      1.6821  0.00283366
        3537     1.65923     1.68209  0.00283286
        3538     1.65748     1.68208  0.00283207
        3539     1.65596     1.68208  0.00283128
        3540     1.65467     1.68207  0.00283049
        3541     1.65361     1.68206   0.0028297
        3542     1.65277     1.68205  0.00282892
        3543     1.65216     1.68204  0.00282813
        3544     1.65175     1.68203  0.00282735
        3545     1.65155     1.68203  0.00282656
        3546     1.65155     1.68202  0.00282578
        3547     1.65174     1.68201  0.00282499
        3548     1.65211       1.682  0.00282421
        3549     1.65264     1.68199  0.00282343
        3550     1.65333     1.68198  0.00282264
        3551     1.65415     1.68198  0.00282186
        3552      1.6551     1.68197  0.00282107
        3553     1.65615     1.68196  0.00282029
        3554      1.6573     1.68195  0.00281951
        3555     1.65851     1.68195  0.00281872
        3556     1.65977     1.68194  0.00281793
        3557     1.66106     1.68194  0.00281715
        3558     1.66235     1.68193  0.00281636
        3559     1.66363     1.68192  0.00281557
        3560     1.66488     1.68192  0.00281479
        3561     1.66606     1.68192    0.002814
        3562     1.66717     1.68191  0.00281321
        3563     1.66819     1.68191  0.00281243
        3564     1.66908      1.6819  0.00281164
        3565     1.66985      1.6819  0.00281085
        3566     1.67048      1.6819  0.00281007
        3567     1.67096     1.68189  0.00280928
        3568     1.67129     1.68189   0.0028085
        3569     1.67145     1.68189  0.00280771
        3570     1.67144     1.68189  0.00280693
        3571     1.67128     1.68188  0.00280614
        3572     1.67096     1.68188  0.00280536
        3573     1.67049     1.68188  0.00280457
        3574     1.66989     1.68187  0.00280379
        3575     1.66917     1.68187  0.00280301
        3576     1.66834     1.68187  0.00280223
        3577     1.66744     1.68186  0.00280145
        3578     1.66647     1.68186  0.00280067
        3579     1.66547     1.68185  0.00279989
        3580     1.66446     1.68185  0.00279911
        3581     1.66346     1.68184  0.00279833
        3582     1.66252     1.68184  0.00279756
        3583     1.66164     1.68183  0.00279678
        3584     1.66088     1.68183  0.00279601
        3585     1.66024     1.68182  0.00279523
        3586     1.65976     1.68181  0.00279446
        3587     1.65947     1.68181  0.00279369
        3588     1.65939      1.6818  0.00279292
        3589     1.65954     1.68179  0.00279215
        3590     1.65993     1.68179  0.00279138
        3591      1.6606     1.68178   0.0027906
        3592     1.66155     1.68178  0.00278983
        3593     1.66278     1.68177  0.00278906
        3594     1.66431     1.68177  0.00278829
        3595     1.66613     1.68176  0.00278752
        3596     1.66825     1.68176  0.00278675
        3597     1.67066     1.68176  0.00278597
        3598     1.67334     1.68175   0.0027852
        3599     1.67629     1.68175  0.00278443
        3600     1.67948     1.68175  0.00278365
        3601      1.6829     1.68175  0.00278288
        3602     1.68651     1.68175  0.00278211
        3603     1.69029     1.68176  0.00278134
        3604      1.6942     1.68176  0.00278057
        3605     1.69821     1.68176   0.0027798
        3606     1.70229     1.68177  0.00277903
        3607      1.7064     1.68178  0.00277827
        3608     1.71049     1.68178  0.00277751
        3609     1.71453     1.68179  0.00277676
        3610     1.71847      1.6818  0.00277601
        3611     1.72228     1.68181  0.00277526
        3612     1.72591     1.68183  0.00277452
        3613     1.72932     1.68184  0.00277378
        3614     1.73249     1.68185  0.00277305
        3615     1.73536     1.68187  0.00277232
        3616     1.73791     1.68188   0.0027716
        3617      1.7401      1.6819  0.00277088
        3618     1.74191     1.68192  0.00277016
        3619      1.7433     1.68193  0.00276945
        3620     1.74426     1.68195  0.00276874
        3621     1.74475     1.68197  0.00276803
        3622     1.74477     1.68199  0.00276732
        3623      1.7443       1.682  0.00276661
        3624     1.74333     1.68202   0.0027659
        3625     1.74185     1.68204  0.00276518
        3626     1.73987     1.68205  0.00276447
        3627     1.73738     1.68207  0.00276375
        3628     1.73439     1.68208  0.00276302
        3629     1.73091      1.6821  0.00276229
        3630     1.72695     1.68211  0.00276156
        3631     1.72252     1.68212  0.00276082
        3632     1.71765     1.68213  0.00276008
        3633     1.71235     1.68214  0.00275933
        3634     1.70666     1.68214  0.00275858
        3635     1.70059     1.68215  0.00275783
        3636      1.6942     1.68215  0.00275707
        3637      1.6875     1.68215  0.00275631
        3638     1.68053     1.68215  0.00275556
        3639     1.67333     1.68215   0.0027548
        3640     1.66594     1.68215  0.00275405
        3641      1.6584     1.68214   0.0027533
        3642     1.65074     1.68213  0.00275255
        3643     1.64301     1.68212  0.00275182
        3644     1.63523     1.68211   0.0027511
        3645     1.62746     1.68209  0.00275038
        3646     1.61971     1.68208  0.00274968
        3647     1.61203     1.68206  0.00274899
        3648     1.60445     1.68203  0.00274832
        3649     1.59699     1.68201  0.00274767
        3650     1.58968     1.68199  0.00274703
        3651     1.58254     1.68196  0.00274641
        3652      1.5756     1.68193  0.00274582
        3653     1.56887      1.6819  0.00274524
        3654     1.56237     1.68187  0.00274468
        3655     1.55612     1.68183  0.00274415
        3656     1.55012      1.6818  0.00274363
        3657     1.54438     1.68176  0.00274314
        3658     1.53892     1.68172  0.00274267
        3659     1.53375     1.68168  0.00274222
        3660     1.52888     1.68164  0.00274179
        3661     1.52432     1.68159  0.00274137
        3662     1.52008     1.68155  0.00274098
        3663     1.51618      1.6815   0.0027406
        3664     1.51262     1.68146  0.00274024
        3665     1.50943     1.68141   0.0027399
        3666      1.5066     1.68136  0.00273956
        3667     1.50417     1.68132  0.00273924
        3668     1.50214     1.68127  0.00273893
        3669     1.50053     1.68122  0.00273863
        3670     1.49935     1.68117  0.00273833
        3671     1.49861     1.68112  0.00273804
        3672     1.49832     1.68107  0.00273774
        3673      1.4985     1.68102  0.00273745
        3674     1.49914     1.68097  0.00273715
        3675     1.50025     1.68092  0.00273685
        3676     1.50184     1.68087  0.00273654
        3677     1.50388     1.68082  0.00273622
        3678     1.50638     1.68078  0.00273588
        3679     1.50933     1.68073  0.00273554
        3680      1.5127     1.68068  0.00273517
        3681     1.51647     1.68064  0.00273479
        3682     1.52063      1.6806   0.0027344
        3683     1.52514     1.68055  0.00273398
        3684     1.52998     1.68051  0.00273354
        3685      1.5351     1.68047  0.00273309
        3686     1.54049     1.68043  0.00273261
        3687     1.54609      1.6804  0.00273211
        3688     1.55188     1.68036  0.00273159
        3689     1.55781     1.68033  0.00273105
        3690     1.56385      1.6803   0.0027305
        3691     1.56995     1.68027  0.00272992
        3692     1.57609     1.68024  0.00272933
        3693     1.58223     1.68021  0.00272872
        3694     1.58833     1.68019  0.00272809
        3695     1.59436     1.68017  0.00272745
        3696     1.60031     1.68014   0.0027268
        3697     1.60614     1.68012  0.00272614
        3698     1.61184     1.68011  0.00272546
        3699     1.61739     1.68009  0.00272478
        3700     1.62278     1.68007  0.00272408
        3701       1.628     1.68006  0.00272338
        3702     1.63304     1.68005  0.00272268
        3703      1.6379     1.68004  0.00272197
        3704     1.64259     1.68003  0.00272125
        3705     1.64712     1.68002  0.00272053
        3706     1.65149     1.68001  0.00271981
        3707     1.65572        1.68  0.00271908
        3708     1.65982        1.68  0.00271835
        3709     1.66381     1.67999  0.00271762
        3710     1.66771     1.67999  0.00271689
        3711     1.67155     1.67999  0.00271616
        3712     1.67534     1.67999  0.00271543
        3713     1.67911     1.67999   0.0027147
        3714     1.68288     1.67999  0.00271397
        3715     1.68668     1.67999  0.00271324
        3716     1.69052     1.67999  0.00271251
        3717     1.69444     1.67999  0.00271178
        3718     1.69844        1.68  0.00271106
        3719     1.70254     1.68001  0.00271034
        3720     1.70677     1.68001  0.00270962
        3721     1.71112     1.68002   0.0027089
        3722     1.71561     1.68003  0.00270819
        3723     1.72024     1.68004  0.00270749
        3724     1.72501     1.68005  0.00270679
        3725     1.72992     1.68007  0.00270609
        3726     1.73496     1.68008  0.00270541
        3727     1.74012      1.6801  0.00270473
        3728     1.74539     1.68012  0.00270406
        3729     1.75074     1.68013   0.0027034
        3730     1.75617     1.68015  0.00270275
        3731     1.76165     1.68018  0.00270212
        3732     1.76715      1.6802  0.00270149
        3733     1.77266     1.68022  0.00270088
        3734     1.77813     1.68025  0.00270029
        3735     1.78356     1.68028  0.00269971
        3736      1.7889     1.68031  0.00269914
        3737     1.79412     1.68034  0.00269859
        3738      1.7992     1.68037  0.00269805
        3739     1.80412      1.6804  0.00269754
        3740     1.80883     1.68044  0.00269703
        3741     1.81332     1.68047  0.00269655
        3742     1.81757     1.68051  0.00269607
        3743     1.82154     1.68055  0.00269562
        3744     1.82521     1.68059  0.00269517
        3745     1.82857     1.68063  0.00269474
        3746     1.83158     1.68067  0.00269433
        3747     1.83425     1.68071  0.00269392
        3748     1.83654     1.68075  0.00269352
        3749     1.83844     1.68079  0.00269313
        3750     1.83995     1.68083  0.00269275
        3751     1.84104     1.68088  0.00269237
        3752     1.84171     1.68092  0.00269199
        3753     1.84194     1.68096  0.00269162
        3754     1.84175       1.681  0.00269124
        3755     1.84111     1.68105  0.00269086
        3756     1.84003     1.68109  0.00269048
        3757     1.83851     1.68113  0.00269009
        3758     1.83654     1.68117  0.00268969
        3759     1.83414     1.68121  0.00268928
        3760     1.83131     1.68125  0.00268886
        3761     1.82806     1.68129  0.00268843
        3762     1.82439     1.68133  0.00268799
        3763     1.82031     1.68137  0.00268752
        3764     1.81584      1.6814  0.00268705
        3765     1.81099     1.68144  0.00268656
        3766     1.80579     1.68147  0.00268604
        3767     1.80024      1.6815  0.00268552
        3768     1.79438     1.68153  0.00268497
        3769     1.78821     1.68156  0.00268441
        3770     1.78177     1.68159  0.00268383
        3771     1.77508     1.68161  0.00268323
        3772     1.76817     1.68163  0.00268262
        3773     1.76106     1.68166  0.00268199
        3774     1.75378     1.68167  0.00268135
        3775     1.74635     1.68169  0.00268069
        3776     1.73882     1.68171  0.00268002
        3777      1.7312     1.68172  0.00267935
        3778     1.72352     1.68173  0.00267866
        3779     1.71582     1.68174  0.00267797
        3780     1.70812     1.68175  0.00267727
        3781     1.70044     1.68175  0.00267656
        3782     1.69282     1.68175  0.00267586
        3783     1.68527     1.68176  0.00267515
        3784     1.67782     1.68175  0.00267444
        3785      1.6705     1.68175  0.00267374
        3786     1.66332     1.68175  0.00267304
        3787     1.65629     1.68174  0.00267234
        3788     1.64945     1.68173  0.00267165
        3789     1.64279     1.68172  0.00267096
        3790     1.63633     1.68171  0.00267028
        3791     1.63008      1.6817  0.00266961
        3792     1.62406     1.68168  0.00266895
        3793     1.61827     1.68166   0.0026683
        3794     1.61271     1.68165  0.00266766
        3795      1.6074     1.68163  0.00266703
        3796     1.60233      1.6816  0.00266641
        3797      1.5975     1.68158   0.0026658
        3798     1.59293     1.68156   0.0026652
        3799     1.58861     1.68153  0.00266461
        3800     1.58455     1.68151  0.00266403
        3801     1.58073     1.68148  0.00266346
        3802     1.57717     1.68146   0.0026629
        3803     1.57386     1.68143  0.00266235
        3804      1.5708      1.6814  0.00266181
        3805     1.56798     1.68137  0.00266128
        3806     1.56542     1.68134  0.00266075
        3807     1.56309     1.68131  0.00266024
        3808       1.561     1.68128  0.00265972
        3809     1.55914     1.68124  0.00265922
        3810     1.55751     1.68121  0.00265872
        3811     1.55609     1.68118  0.00265823
        3812     1.55488     1.68114  0.00265773
        3813     1.55388     1.68111  0.00265725
        3814     1.55306     1.68108  0.00265676
        3815     1.55241     1.68104  0.00265628
        3816     1.55193     1.68101   0.0026558
        3817     1.55158     1.68098  0.00265532
        3818     1.55137     1.68094  0.00265484
        3819     1.55126     1.68091  0.00265436
        3820     1.55124     1.68087  0.00265389
        3821      1.5513     1.68084  0.00265341
        3822      1.5514     1.68081  0.00265293
        3823     1.55153     1.68077  0.00265245
        3824     1.55167     1.68074  0.00265197
        3825     1.55179     1.68071  0.00265149
        3826     1.55187     1.68067  0.00265101
        3827     1.55189     1.68064  0.00265054
        3828     1.55183      1.6806  0.00265006
        3829     1.55167     1.68057  0.00264958
        3830      1.5514     1.68054   0.0026491
        3831     1.55099      1.6805  0.00264863
        3832     1.55044     1.68047  0.00264815
        3833     1.54974     1.68043  0.00264768
        3834     1.54886      1.6804  0.00264721
        3835     1.54782     1.68037  0.00264675
        3836     1.54659     1.68033  0.00264629
        3837     1.54518      1.6803  0.00264583
        3838      1.5436     1.68026  0.00264538
        3839     1.54183     1.68022  0.00264494
        3840      1.5399     1.68019   0.0026445
        3841      1.5378     1.68015  0.00264407
        3842     1.53555     1.68011  0.00264365
        3843     1.53316     1.68007  0.00264324
        3844     1.53065     1.68004  0.00264284
        3845     1.52802        1.68  0.00264245
        3846     1.52531     1.67996  0.00264207
        3847     1.52252     1.67992   0.0026417
        3848     1.51967     1.67987  0.00264134
        3849     1.51679     1.67983  0.00264099
        3850     1.51389     1.67979  0.00264066
        3851     1.51098     1.67974  0.00264034
        3852      1.5081      1.6797  0.00264003
        3853     1.50525     1.67965  0.00263973
        3854     1.50245     1.67961  0.00263945
        3855      1.4997     1.67956  0.00263917
        3856     1.49704     1.67951  0.00263891
        3857     1.49445     1.67947  0.00263867
        3858     1.49196     1.67942  0.00263843
        3859     1.48956     1.67937   0.0026382
        3860     1.48726     1.67932  0.00263799
        3861     1.48506     1.67927  0.00263779
        3862     1.48296     1.67922  0.00263759
        3863     1.48097     1.67917  0.00263741
        3864     1.47906     1.67911  0.00263724
        3865     1.47725     1.67906  0.00263707
        3866     1.47552     1.67901  0.00263691
        3867     1.47387     1.67896  0.00263677
        3868      1.4723      1.6789  0.00263663
        3869     1.47081     1.67885  0.00263649
        3870     1.46938      1.6788  0.00263637
        3871     1.46802     1.67874  0.00263625
        3872     1.46672     1.67869  0.00263614
        3873     1.46549     1.67863  0.00263603
        3874     1.46433     1.67858  0.00263593
        3875     1.46324     1.67852  0.00263584
        3876     1.46223     1.67846  0.00263575
        3877     1.46132     1.67841  0.00263566
        3878      1.4605     1.67835  0.00263558
        3879      1.4598      1.6783   0.0026355
        3880     1.45923     1.67824  0.00263543
        3881     1.45881     1.67818  0.00263536
        3882     1.45856     1.67813  0.00263528
        3883     1.45849     1.67807  0.00263521
        3884     1.45862     1.67801  0.00263514
        3885     1.45898     1.67796  0.00263506
        3886     1.45959      1.6779  0.00263499
        3887     1.46044     1.67784   0.0026349
        3888     1.46157     1.67779  0.00263481
        3889     1.46299     1.67773  0.00263471
        3890      1.4647     1.67768   0.0026346
        3891     1.46671     1.67762  0.00263448
        3892     1.46902     1.67757  0.00263435
        3893     1.47164     1.67752  0.00263421
        3894     1.47455     1.67747  0.00263405
        3895     1.47775     1.67742  0.00263387
        3896     1.48123     1.67736  0.00263367
        3897     1.48497     1.67732  0.00263346
        3898     1.48896     1.67727  0.00263323
        3899     1.49317     1.67722  0.00263298
        3900     1.49758     1.67717   0.0026327
        3901     1.50216     1.67713  0.00263241
        3902      1.5069     1.67709   0.0026321
        3903     1.51175     1.67704  0.00263177
        3904      1.5167       1.677  0.00263141
        3905     1.52172     1.67696  0.00263104
        3906     1.52677     1.67692  0.00263065
        3907     1.53185     1.67689  0.00263023
        3908     1.53691     1.67685  0.00262981
        3909     1.54194     1.67682  0.00262936
        3910     1.54693     1.67678   0.0026289
        3911     1.55186     1.67675  0.00262842
        3912     1.55671     1.67672  0.00262793
        3913     1.56147     1.67669  0.00262742
        3914     1.56614     1.67666   0.0026269
        3915     1.57071     1.67664  0.00262637
        3916     1.57517     1.67661  0.00262582
        3917     1.57952     1.67658  0.00262527
        3918     1.58377     1.67656  0.00262471
        3919     1.58792     1.67654  0.00262414
        3920     1.59198     1.67652  0.00262356
        3921     1.59594      1.6765  0.00262297
        3922     1.59982     1.67648  0.00262237
        3923     1.60362     1.67646  0.00262177
        3924     1.60736     1.67644  0.00262116
        3925     1.61104     1.67642  0.00262054
        3926     1.61467     1.67641  0.00261992
        3927     1.61825     1.67639   0.0026193
        3928      1.6218     1.67638  0.00261867
        3929     1.62532     1.67637  0.00261803
        3930     1.62881     1.67635   0.0026174
        3931     1.63228     1.67634  0.00261675
        3932     1.63572     1.67633  0.00261611
        3933     1.63914     1.67632  0.00261546
        3934     1.64253     1.67631  0.00261481
        3935     1.64589     1.67631  0.00261416
        3936     1.64921      1.6763   0.0026135
        3937     1.65249     1.67629  0.00261285
        3938     1.65571     1.67629  0.00261219
        3939     1.65886     1.67628  0.00261153
        3940     1.66194     1.67628  0.00261087
        3941     1.66492     1.67628  0.00261021
        3942      1.6678     1.67628  0.00260955
        3943     1.67056     1.67627  0.00260888
        3944     1.67318     1.67627  0.00260822
        3945     1.67566     1.67627  0.00260756
        3946     1.67798     1.67627   0.0026069
        3947     1.68012     1.67627  0.00260624
        3948     1.68208     1.67628  0.00260558
        3949     1.68383     1.67628  0.00260492
        3950     1.68538     1.67628  0.00260426
        3951     1.68672     1.67628  0.00260361
        3952     1.68783     1.67629  0.00260295
        3953     1.68872     1.67629  0.00260229
        3954     1.68938     1.67629  0.00260164
        3955     1.68981      1.6763  0.00260098
        3956     1.69003      1.6763  0.00260032
        3957     1.69004      1.6763  0.00259967
        3958     1.68985     1.67631  0.00259902
        3959     1.68947     1.67631  0.00259836
        3960     1.68893     1.67631  0.00259771
        3961     1.68823     1.67632  0.00259705
        3962     1.68742     1.67632   0.0025964
        3963     1.68651     1.67632  0.00259574
        3964     1.68552     1.67632  0.00259509
        3965      1.6845     1.67633  0.00259444
        3966     1.68347     1.67633  0.00259378
        3967     1.68245     1.67633  0.00259313
        3968     1.68149     1.67633  0.00259248
        3969     1.68061     1.67633  0.00259182
        3970     1.67983     1.67633  0.00259117
        3971     1.67919     1.67633  0.00259052
        3972     1.67872     1.67633  0.00258987
        3973     1.67842     1.67633  0.00258922
        3974     1.67832     1.67633  0.00258856
        3975     1.67843     1.67634  0.00258791
        3976     1.67876     1.67634  0.00258726
        3977     1.67932     1.67634  0.00258661
        3978     1.68011     1.67634  0.00258596
        3979     1.68112     1.67634  0.00258531
        3980     1.68236     1.67634  0.00258466
        3981     1.68381     1.67634  0.00258401
        3982     1.68547     1.67634  0.00258337
        3983     1.68732     1.67635  0.00258272
        3984     1.68936     1.67635  0.00258207
        3985     1.69158     1.67635  0.00258143
        3986     1.69395     1.67636  0.00258078
        3987     1.69647     1.67636  0.00258014
        3988     1.69912     1.67637   0.0025795
        3989     1.70191     1.67638  0.00257886
        3990     1.70481     1.67638  0.00257823
        3991     1.70782     1.67639  0.00257759
        3992     1.71095      1.6764  0.00257696
        3993     1.71418     1.67641  0.00257633
        3994     1.71752     1.67642  0.00257571
        3995     1.72099     1.67643  0.00257509
        3996     1.72457     1.67644  0.00257447
        3997     1.72827     1.67646  0.00257386
        3998     1.73211     1.67647  0.00257325
        3999     1.73609     1.67648  0.00257265
        4000     1.74021      1.6765  0.00257206
        4001     1.74448     1.67652  0.00257147
        4002     1.74889     1.67654  0.00257089
        4003     1.75344     1.67655  0.00257032
        4004     1.75813     1.67657  0.00256976
        4005     1.76293      1.6766  0.00256921
        4006     1.76784     1.67662  0.00256867
        4007     1.77282     1.67664  0.00256814
        4008     1.77783     1.67667  0.00256762
        4009     1.78285     1.67669  0.00256712
        4010     1.78783     1.67672  0.00256663
        4011     1.79273     1.67675  0.00256615
        4012      1.7975     1.67678  0.00256569
        4013     1.80207     1.67681  0.00256524
        4014     1.80642     1.67685  0.00256481
        4015     1.81047     1.67688  0.00256438
        4016     1.81419     1.67691  0.00256397
        4017     1.81753     1.67695  0.00256357
        4018     1.82045     1.67698  0.00256318
        4019     1.82291     1.67702   0.0025628
        4020     1.82487     1.67706  0.00256243
        4021     1.82632     1.67709  0.00256206
        4022     1.82723     1.67713   0.0025617
        4023     1.82758     1.67717  0.00256133
        4024     1.82737     1.67721  0.00256097
        4025      1.8266     1.67724   0.0025606
        4026     1.82527     1.67728  0.00256023
        4027      1.8234     1.67732  0.00255985
        4028     1.82099     1.67735  0.00255946
        4029     1.81806     1.67739  0.00255906
        4030     1.81465     1.67742  0.00255866
        4031     1.81077     1.67745  0.00255824
        4032     1.80646     1.67749   0.0025578
        4033     1.80175     1.67752  0.00255735
        4034     1.79667     1.67755  0.00255689
        4035     1.79127     1.67757  0.00255641
        4036     1.78557      1.6776  0.00255592
        4037     1.77963     1.67763  0.00255541
        4038     1.77347     1.67765  0.00255489
        4039     1.76713     1.67767  0.00255435
        4040     1.76066     1.67769   0.0025538
        4041     1.75408     1.67771  0.00255324
        4042     1.74744     1.67773  0.00255267
        4043     1.74076     1.67774  0.00255208
        4044     1.73409     1.67776  0.00255149
        4045     1.72745     1.67777  0.00255089
        4046     1.72087     1.67778  0.00255028
        4047     1.71439     1.67779  0.00254966
        4048     1.70801      1.6778  0.00254905
        4049     1.70178      1.6778  0.00254842
        4050      1.6957     1.67781   0.0025478
        4051      1.6898     1.67781  0.00254717
        4052     1.68409     1.67781  0.00254654
        4053     1.67858     1.67781  0.00254591
        4054      1.6733     1.67781  0.00254529
        4055     1.66825     1.67781  0.00254466
        4056     1.66343     1.67781  0.00254403
        4057     1.65884      1.6778  0.00254341
        4058      1.6545      1.6778  0.00254279
        4059     1.65039     1.67779  0.00254217
        4060     1.64653     1.67778  0.00254156
        4061     1.64289     1.67777  0.00254095
        4062     1.63949     1.67776  0.00254034
        4063      1.6363     1.67775  0.00253974
        4064     1.63333     1.67774  0.00253913
        4065     1.63055     1.67773  0.00253854
        4066     1.62796     1.67772  0.00253794
        4067     1.62554      1.6777  0.00253735
        4068     1.62328     1.67769  0.00253676
        4069     1.62116     1.67768  0.00253618
        4070     1.61917     1.67766  0.00253559
        4071     1.61729     1.67765  0.00253501
        4072     1.61551     1.67763  0.00253444
        4073     1.61381     1.67762  0.00253386
        4074     1.61219      1.6776  0.00253329
        4075     1.61062     1.67758  0.00253272
        4076      1.6091     1.67757  0.00253216
        4077     1.60762     1.67755   0.0025316
        4078     1.60617     1.67753  0.00253104
        4079     1.60475     1.67752  0.00253048
        4080     1.60335      1.6775  0.00252992
        4081     1.60198     1.67748  0.00252937
        4082     1.60063     1.67746  0.00252882
        4083     1.59931     1.67744  0.00252827
        4084     1.59802     1.67742  0.00252773
        4085     1.59675      1.6774  0.00252719
        4086     1.59552     1.67738  0.00252665
        4087     1.59434     1.67736  0.00252611
        4088      1.5932     1.67734  0.00252558
        4089     1.59211     1.67732  0.00252505
        4090     1.59108      1.6773  0.00252452
        4091      1.5901     1.67728  0.00252399
        4092     1.58919     1.67726  0.00252347
        4093     1.58835     1.67723  0.00252294
        4094     1.58757     1.67721  0.00252242
        4095     1.58687     1.67719   0.0025219
        4096     1.58622     1.67717  0.00252138
        4097     1.58565     1.67715  0.00252087
        4098     1.58514     1.67712  0.00252035
        4099     1.58469      1.6771  0.00251984
        4100     1.58429     1.67708  0.00251933
        4101     1.58394     1.67706  0.00251881
        4102     1.58363     1.67703   0.0025183
        4103     1.58337     1.67701  0.00251779
        4104     1.58313     1.67699  0.00251728
        4105     1.58292     1.67696  0.00251677
        4106     1.58274     1.67694  0.00251626
        4107     1.58257     1.67692  0.00251576
        4108     1.58243      1.6769  0.00251525
        4109     1.58231     1.67687  0.00251474
        4110     1.58221     1.67685  0.00251424
        4111     1.58213     1.67683  0.00251373
        4112     1.58207      1.6768  0.00251323
        4113     1.58204     1.67678  0.00251272
        4114     1.58204     1.67676  0.00251221
        4115     1.58208     1.67673  0.00251171
        4116     1.58218     1.67671   0.0025112
        4117     1.58233     1.67669   0.0025107
        4118     1.58254     1.67667  0.00251019
        4119     1.58284     1.67664  0.00250969
        4120     1.58321     1.67662  0.00250918
        4121     1.58368      1.6766  0.00250867
        4122     1.58426     1.67657  0.00250816
        4123     1.58494     1.67655  0.00250765
        4124     1.58574     1.67653  0.00250714
        4125     1.58665     1.67651  0.00250663
        4126      1.5877     1.67649  0.00250611
        4127     1.58886     1.67647   0.0025056
        4128     1.59014     1.67645  0.00250508
        4129     1.59154     1.67642  0.00250456
        4130     1.59304      1.6764  0.00250403
        4131     1.59463     1.67638   0.0025035
        4132      1.5963     1.67637  0.00250297
        4133     1.59803     1.67635  0.00250244
        4134      1.5998     1.67633   0.0025019
        4135     1.60158     1.67631  0.00250136
        4136     1.60336     1.67629  0.00250082
        4137     1.60511     1.67627  0.00250027
        4138     1.60681     1.67626  0.00249973
        4139     1.60843     1.67624  0.00249918
        4140     1.60994     1.67623  0.00249862
        4141     1.61132     1.67621  0.00249807
        4142     1.61255     1.67619  0.00249751
        4143     1.61362     1.67618  0.00249696
        4144      1.6145     1.67616   0.0024964
        4145     1.61518     1.67615  0.00249584
        4146     1.61565     1.67614  0.00249528
        4147     1.61592     1.67612  0.00249472
        4148     1.61598     1.67611  0.00249416
        4149     1.61582     1.67609   0.0024936
        4150     1.61545     1.67608  0.00249304
        4151     1.61489     1.67606  0.00249249
        4152     1.61414     1.67605  0.00249193
        4153     1.61321     1.67603  0.00249138
        4154     1.61212     1.67602  0.00249082
        4155     1.61088       1.676  0.00249027
        4156     1.60952     1.67599  0.00248973
        4157     1.60804     1.67597  0.00248918
        4158     1.60645     1.67595  0.00248864
        4159     1.60477     1.67594   0.0024881
        4160     1.60302     1.67592  0.00248756
        4161     1.60118      1.6759  0.00248703
        4162     1.59926     1.67588   0.0024865
        4163     1.59727     1.67586  0.00248598
        4164      1.5952     1.67584  0.00248545
        4165     1.59305     1.67582  0.00248494
        4166      1.5908      1.6758  0.00248442
        4167     1.58844     1.67578  0.00248392
        4168     1.58596     1.67576  0.00248341
        4169     1.58335     1.67574  0.00248292
        4170     1.58059     1.67572  0.00248243
        4171     1.57766     1.67569  0.00248194
        4172     1.57455     1.67567  0.00248147
        4173     1.57124     1.67564    0.002481
        4174     1.56773     1.67562  0.00248054
        4175       1.564     1.67559  0.00248009
        4176     1.56005     1.67556  0.00247965
        4177     1.55587     1.67553  0.00247922
        4178     1.55147      1.6755   0.0024788
        4179     1.54684     1.67547   0.0024784
        4180     1.54201     1.67544  0.00247801
        4181     1.53698     1.67541  0.00247764
        4182     1.53177     1.67537  0.00247729
        4183     1.52641     1.67534  0.00247695
        4184     1.52092      1.6753  0.00247664
        4185     1.51534     1.67526  0.00247634
        4186     1.50971     1.67522  0.00247606
        4187     1.50408     1.67518  0.00247581
        4188     1.49849     1.67514  0.00247558
        4189       1.493      1.6751  0.00247537
        4190     1.48767     1.67505  0.00247518
        4191     1.48257     1.67501  0.00247502
        4192     1.47774     1.67496  0.00247487
        4193     1.47327     1.67491  0.00247475
        4194      1.4692     1.67486  0.00247465
        4195     1.46561     1.67481  0.00247456
        4196     1.46255     1.67476  0.00247449
        4197     1.46008     1.67471  0.00247443
        4198     1.45825     1.67466  0.00247437
        4199     1.45708     1.67461  0.00247433
        4200     1.45663     1.67455  0.00247428
        4201     1.45691      1.6745  0.00247424
        4202     1.45793     1.67445  0.00247418
        4203     1.45971      1.6744  0.00247412
        4204     1.46224     1.67435  0.00247405
        4205      1.4655      1.6743  0.00247396
        4206     1.46947     1.67425  0.00247385
        4207     1.47413      1.6742  0.00247372
        4208     1.47943     1.67416  0.00247356
        4209     1.48532     1.67411  0.00247338
        4210     1.49177     1.67407  0.00247317
        4211     1.49871     1.67403  0.00247294
        4212     1.50609     1.67399  0.00247267
        4213     1.51387     1.67395  0.00247238
        4214     1.52197     1.67391  0.00247205
        4215     1.53035     1.67388   0.0024717
        4216     1.53896     1.67385  0.00247132
        4217     1.54774     1.67382  0.00247092
        4218     1.55665     1.67379  0.00247049
        4219     1.56565     1.67376  0.00247004
        4220      1.5747     1.67374  0.00246956
        4221     1.58376     1.67372  0.00246907
        4222      1.5928      1.6737  0.00246856
        4223      1.6018     1.67368  0.00246803
        4224     1.61073     1.67367  0.00246749
        4225     1.61957     1.67366  0.00246694
        4226     1.62832     1.67365  0.00246638
        4227     1.63694     1.67364  0.00246581
        4228     1.64543     1.67363  0.00246524
        4229     1.65378     1.67363  0.00246466
        4230     1.66198     1.67362  0.00246408
        4231     1.67002     1.67362   0.0024635
        4232      1.6779     1.67362  0.00246292
        4233     1.68561     1.67363  0.00246234
        4234     1.69313     1.67363  0.00246176
        4235     1.70047     1.67364  0.00246119
        4236     1.70762     1.67364  0.00246062
        4237     1.71456     1.67365  0.00246006
        4238      1.7213     1.67367   0.0024595
        4239     1.72781     1.67368  0.00245895
        4240     1.73409     1.67369  0.00245842
        4241     1.74013     1.67371  0.00245789
        4242     1.74592     1.67373  0.00245736
        4243     1.75145     1.67374  0.00245685
        4244      1.7567     1.67376  0.00245635
        4245     1.76168     1.67378  0.00245586
        4246     1.76636     1.67381  0.00245538
        4247     1.77075     1.67383  0.00245491
        4248     1.77482     1.67385  0.00245445
        4249     1.77859     1.67388  0.00245399
        4250     1.78203      1.6739  0.00245355
        4251     1.78515     1.67393  0.00245311
        4252     1.78795     1.67396  0.00245268
        4253     1.79041     1.67398  0.00245225
        4254     1.79253     1.67401  0.00245184
        4255     1.79433     1.67404  0.00245142
        4256      1.7958     1.67407  0.00245101
        4257     1.79695      1.6741  0.00245061
        4258     1.79777     1.67413   0.0024502
        4259     1.79828     1.67415   0.0024498
        4260     1.79848     1.67418   0.0024494
        4261     1.79839     1.67421    0.002449
        4262       1.798     1.67424   0.0024486
        4263     1.79732     1.67427  0.00244819
        4264     1.79637      1.6743  0.00244779
        4265     1.79516     1.67433  0.00244738
        4266     1.79369     1.67436  0.00244696
        4267     1.79198     1.67438  0.00244654
        4268     1.79003     1.67441  0.00244612
        4269     1.78785     1.67444  0.00244569
        4270     1.78544     1.67446  0.00244526
        4271     1.78282     1.67449  0.00244482
        4272     1.77998     1.67451  0.00244437
        4273     1.77694     1.67454  0.00244392
        4274     1.77368     1.67456  0.00244345
        4275     1.77023     1.67458  0.00244298
        4276     1.76657      1.6746  0.00244251
        4277     1.76271     1.67462  0.00244202
        4278     1.75865     1.67464  0.00244153
        4279     1.75439     1.67466  0.00244103
        4280     1.74993     1.67468  0.00244053
        4281     1.74527      1.6747  0.00244001
        4282     1.74042     1.67471  0.00243949
        4283     1.73536     1.67473  0.00243896
        4284     1.73011     1.67474  0.00243843
        4285     1.72468     1.67475  0.00243788
        4286     1.71905     1.67476  0.00243734
        4287     1.71325     1.67477  0.00243679
        4288     1.70728     1.67478  0.00243623
        4289     1.70115     1.67478  0.00243567
        4290     1.69487     1.67479  0.00243511
        4291     1.68847     1.67479  0.00243454
        4292     1.68195     1.67479  0.00243397
        4293     1.67534     1.67479  0.00243341
        4294     1.66866     1.67479  0.00243284
        4295     1.66193     1.67479  0.00243228
        4296     1.65518     1.67478  0.00243171
        4297     1.64844     1.67478  0.00243116
        4298     1.64174     1.67477   0.0024306
        4299     1.63512     1.67476  0.00243005
        4300     1.62859     1.67475  0.00242951
        4301     1.62221     1.67474  0.00242898
        4302       1.616     1.67473  0.00242845
        4303     1.61001     1.67471  0.00242793
        4304     1.60426     1.67469  0.00242743
        4305     1.59879     1.67468  0.00242693
        4306     1.59364     1.67466  0.00242644
        4307     1.58883     1.67464  0.00242595
        4308      1.5844     1.67462  0.00242548
        4309     1.58037     1.67459  0.00242502
        4310     1.57677     1.67457  0.00242456
        4311     1.57361     1.67455  0.00242411
        4312     1.57092     1.67452  0.00242367
        4313      1.5687      1.6745  0.00242323
        4314     1.56696     1.67447   0.0024228
        4315     1.56571     1.67445  0.00242237
        4316     1.56495     1.67442  0.00242194
        4317     1.56467      1.6744  0.00242151
        4318     1.56487     1.67437  0.00242108
        4319     1.56553     1.67435  0.00242065
        4320     1.56664     1.67432  0.00242022
        4321     1.56817      1.6743  0.00241979
        4322     1.57012     1.67427  0.00241935
        4323     1.57244     1.67425   0.0024189
        4324     1.57511     1.67423  0.00241845
        4325      1.5781     1.67421  0.00241799
        4326     1.58138     1.67418  0.00241753
        4327     1.58492     1.67416  0.00241706
        4328     1.58867     1.67414  0.00241658
        4329     1.59262     1.67413   0.0024161
        4330     1.59671     1.67411   0.0024156
        4331     1.60092     1.67409  0.00241511
        4332     1.60521     1.67407   0.0024146
        4333     1.60955     1.67406  0.00241409
        4334      1.6139     1.67405  0.00241357
        4335     1.61824     1.67403  0.00241305
        4336     1.62251     1.67402  0.00241252
        4337     1.62671     1.67401  0.00241199
        4338      1.6308       1.674  0.00241146
        4339     1.63476     1.67399  0.00241092
        4340     1.63856     1.67398  0.00241037
        4341     1.64219     1.67398  0.00240983
        4342     1.64563     1.67397  0.00240928
        4343     1.64886     1.67396  0.00240874
        4344     1.65188     1.67396  0.00240819
        4345     1.65467     1.67395  0.00240764
        4346     1.65722     1.67395  0.00240709
        4347     1.65953     1.67395  0.00240654
        4348      1.6616     1.67394  0.00240598
        4349     1.66343     1.67394  0.00240543
        4350     1.66503     1.67394  0.00240488
        4351     1.66639     1.67394  0.00240433
        4352     1.66753     1.67394  0.00240377
        4353     1.66846     1.67393  0.00240322
        4354     1.66918     1.67393  0.00240267
        4355     1.66971     1.67393  0.00240212
        4356     1.67007     1.67393  0.00240157
        4357     1.67027     1.67393  0.00240102
        4358     1.67032     1.67393  0.00240047
        4359     1.67024     1.67393  0.00239992
        4360     1.67006     1.67393  0.00239937
        4361     1.66978     1.67393  0.00239882
        4362     1.66942     1.67393  0.00239827
        4363       1.669     1.67393  0.00239772
        4364     1.66855     1.67392  0.00239717
        4365     1.66807     1.67392  0.00239662
        4366     1.66758     1.67392  0.00239607
        4367     1.66709     1.67392  0.00239552
        4368     1.66662     1.67392  0.00239497
        4369     1.66618     1.67392  0.00239443
        4370     1.66577     1.67391  0.00239388
        4371      1.6654     1.67391  0.00239333
        4372     1.66507     1.67391  0.00239279
        4373     1.66479     1.67391  0.00239224
        4374     1.66454     1.67391  0.00239169
        4375     1.66433      1.6739  0.00239115
        4376     1.66416      1.6739   0.0023906
        4377     1.66401      1.6739  0.00239006
        4378     1.66387      1.6739  0.00238951
        4379     1.66372      1.6739  0.00238897
        4380     1.66356     1.67389  0.00238842
        4381     1.66336     1.67389  0.00238788
        4382     1.66312     1.67389  0.00238734
        4383     1.66282     1.67389  0.00238679
        4384     1.66243     1.67388  0.00238625
        4385     1.66195     1.67388  0.00238571
        4386     1.66135     1.67388  0.00238517
        4387     1.66063     1.67387  0.00238462
        4388     1.65977     1.67387  0.00238408
        4389     1.65875     1.67387  0.00238354
        4390     1.65757     1.67386    0.002383
        4391     1.65622     1.67386  0.00238246
        4392     1.65469     1.67386  0.00238192
        4393     1.65298     1.67385  0.00238139
        4394      1.6511     1.67385  0.00238085
        4395     1.64905     1.67384  0.00238031
        4396     1.64683     1.67383  0.00237978
        4397     1.64445     1.67383  0.00237925
        4398     1.64193     1.67382  0.00237872
        4399     1.63929     1.67381  0.00237819
        4400     1.63654      1.6738  0.00237767
        4401     1.63372     1.67379  0.00237714
        4402     1.63084     1.67378  0.00237662
        4403     1.62793     1.67377  0.00237611
        4404     1.62504     1.67376  0.00237559
        4405     1.62218     1.67375  0.00237508
        4406     1.61939     1.67374  0.00237458
        4407     1.61672     1.67373  0.00237407
        4408     1.61418     1.67371  0.00237357
        4409     1.61183      1.6737  0.00237307
        4410     1.60969     1.67368  0.00237258
        4411     1.60779     1.67367  0.00237209
        4412     1.60617     1.67365   0.0023716
        4413     1.60486     1.67364  0.00237112
        4414     1.60388     1.67362  0.00237063
        4415     1.60325     1.67361  0.00237015
        4416     1.60299     1.67359  0.00236967
        4417     1.60311     1.67357  0.00236918
        4418     1.60362     1.67356   0.0023687
        4419     1.60452     1.67354  0.00236821
        4420     1.60581     1.67353  0.00236773
        4421     1.60748     1.67351  0.00236724
        4422     1.60951      1.6735  0.00236675
        4423      1.6119     1.67348  0.00236625
        4424     1.61462     1.67347  0.00236576
        4425     1.61764     1.67346  0.00236526
        4426     1.62094     1.67345  0.00236475
        4427     1.62449     1.67344  0.00236424
        4428     1.62825     1.67343  0.00236373
        4429     1.63219     1.67342  0.00236322
        4430     1.63629     1.67341   0.0023627
        4431     1.64051      1.6734  0.00236218
        4432     1.64481     1.67339  0.00236165
        4433     1.64917     1.67339  0.00236113
        4434     1.65356     1.67338   0.0023606
        4435     1.65794     1.67338  0.00236007
        4436     1.66231     1.67338  0.00235954
        4437     1.66663     1.67338  0.00235901
        4438     1.67089     1.67338  0.00235847
        4439     1.67506     1.67338  0.00235794
        4440     1.67914     1.67338  0.00235741
        4441     1.68312     1.67338  0.00235688
        4442     1.68697     1.67338  0.00235635
        4443     1.69071     1.67339  0.00235583
        4444      1.6943     1.67339   0.0023553
        4445     1.69777      1.6734  0.00235478
        4446     1.70109      1.6734  0.00235426
        4447     1.70426     1.67341  0.00235374
        4448     1.70729     1.67342  0.00235322
        4449     1.71016     1.67343  0.00235271
        4450     1.71289     1.67343  0.00235219
        4451     1.71547     1.67344  0.00235168
        4452     1.71791     1.67345  0.00235118
        4453     1.72021     1.67346  0.00235067
        4454     1.72239     1.67348  0.00235017
        4455     1.72445     1.67349  0.00234967
        4456     1.72641      1.6735  0.00234917
        4457     1.72827     1.67351  0.00234868
        4458     1.73004     1.67352  0.00234819
        4459     1.73175     1.67354   0.0023477
        4460      1.7334     1.67355  0.00234721
        4461     1.73499     1.67356  0.00234672
        4462     1.73654     1.67358  0.00234624
        4463     1.73805     1.67359  0.00234576
        4464      1.7395     1.67361  0.00234528
        4465      1.7409     1.67362   0.0023448
        4466     1.74223     1.67364  0.00234433
        4467     1.74346     1.67365  0.00234385
        4468     1.74459     1.67367  0.00234338
        4469     1.74557     1.67369  0.00234291
        4470     1.74639      1.6737  0.00234245
        4471       1.747     1.67372  0.00234198
        4472     1.74738     1.67373  0.00234151
        4473      1.7475     1.67375  0.00234105
        4474     1.74732     1.67377  0.00234058
        4475     1.74681     1.67378  0.00234012
        4476     1.74597      1.6738  0.00233965
        4477     1.74477     1.67382  0.00233918
        4478     1.74321     1.67383  0.00233871
        4479     1.74127     1.67385  0.00233824
        4480     1.73897     1.67386  0.00233776
        4481     1.73632     1.67387  0.00233728
        4482     1.73332     1.67389   0.0023368
        4483     1.73002      1.6739  0.00233631
        4484     1.72643     1.67391  0.00233582
        4485     1.72259     1.67392  0.00233532
        4486     1.71854     1.67393  0.00233482
        4487     1.71433     1.67394  0.00233432
        4488     1.71001     1.67395  0.00233381
        4489     1.70562     1.67396   0.0023333
        4490     1.70122     1.67396  0.00233279
        4491     1.69686     1.67397  0.00233228
        4492     1.69259     1.67397  0.00233176
        4493     1.68846     1.67398  0.00233124
        4494     1.68451     1.67398  0.00233073
        4495     1.68079     1.67398  0.00233021
        4496     1.67735     1.67398  0.00232969
        4497     1.67422     1.67398  0.00232917
        4498     1.67143     1.67398  0.00232865
        4499       1.669     1.67398  0.00232814
        4500     1.66696     1.67398  0.00232762
        4501     1.66531     1.67398   0.0023271
        4502     1.66406     1.67397  0.00232659
        4503     1.66322     1.67397  0.00232607
        4504     1.66278     1.67397  0.00232556
        4505     1.66272     1.67397  0.00232504
        4506     1.66303     1.67396  0.00232453
        4507     1.66369     1.67396  0.00232401
        4508     1.66469     1.67396   0.0023235
        4509     1.66598     1.67396  0.00232298
        4510     1.66755     1.67396  0.00232247
        4511     1.66937     1.67395  0.00232196
        4512      1.6714     1.67395  0.00232144
        4513     1.67363     1.67395  0.00232093
        4514     1.67602     1.67395  0.00232041
        4515     1.67855     1.67396   0.0023199
        4516     1.68118     1.67396  0.00231939
        4517      1.6839     1.67396  0.00231887
        4518     1.68667     1.67396  0.00231836
        4519     1.68949     1.67397  0.00231785
        4520     1.69233     1.67397  0.00231734
        4521     1.69517     1.67397  0.00231683
        4522     1.69799     1.67398  0.00231633
        4523     1.70078     1.67399  0.00231582
        4524     1.70352     1.67399  0.00231532
        4525      1.7062       1.674  0.00231482
        4526     1.70881     1.67401  0.00231432
        4527     1.71134     1.67402  0.00231382
        4528     1.71377     1.67402  0.00231333
        4529      1.7161     1.67403  0.00231284
        4530     1.71831     1.67404  0.00231235
        4531     1.72041     1.67405  0.00231186
        4532     1.72238     1.67406  0.00231137
        4533     1.72421     1.67407  0.00231089
        4534      1.7259     1.67409  0.00231041
        4535     1.72743      1.6741  0.00230993
        4536     1.72881     1.67411  0.00230945
        4537     1.73003     1.67412  0.00230898
        4538     1.73107     1.67414   0.0023085
        4539     1.73194     1.67415  0.00230803
        4540     1.73263     1.67416  0.00230756
        4541     1.73313     1.67417  0.00230708
        4542     1.73343     1.67419  0.00230661
        4543     1.73354      1.6742  0.00230614
        4544     1.73344     1.67421  0.00230567
        4545     1.73314     1.67423   0.0023052
        4546     1.73263     1.67424  0.00230473
        4547     1.73191     1.67425  0.00230426
        4548     1.73098     1.67426  0.00230378
        4549     1.72984     1.67428  0.00230331
        4550     1.72848     1.67429  0.00230284
        4551     1.72692      1.6743  0.00230236
        4552     1.72515     1.67431  0.00230188
        4553     1.72317     1.67432   0.0023014
        4554     1.72098     1.67433  0.00230092
        4555     1.71858     1.67434  0.00230043
        4556     1.71598     1.67435  0.00229995
        4557     1.71318     1.67436  0.00229946
        4558     1.71017     1.67437  0.00229897
        4559     1.70696     1.67437  0.00229847
        4560     1.70355     1.67438  0.00229798
        4561     1.69994     1.67439  0.00229748
        4562     1.69612     1.67439  0.00229698
        4563     1.69211     1.67439  0.00229648
        4564      1.6879      1.6744  0.00229598
        4565     1.68351      1.6744  0.00229548
        4566     1.67894      1.6744  0.00229498
        4567      1.6742      1.6744  0.00229447
        4568     1.66931      1.6744  0.00229397
        4569      1.6643      1.6744  0.00229347
        4570     1.65918     1.67439  0.00229297
        4571       1.654     1.67439  0.00229247
        4572     1.64879     1.67438  0.00229198
        4573      1.6436     1.67438  0.00229149
        4574     1.63849     1.67437    0.002291
        4575     1.63351     1.67436  0.00229052
        4576     1.62874     1.67435  0.00229004
        4577     1.62423     1.67434  0.00228956
        4578     1.62007     1.67433  0.00228909
        4579     1.61631     1.67431  0.00228863
        4580     1.61303      1.6743  0.00228817
        4581     1.61029     1.67429  0.00228771
        4582     1.60815     1.67427  0.00228726
        4583     1.60664     1.67426  0.00228681
        4584     1.60582     1.67424  0.00228636
        4585      1.6057     1.67423  0.00228591
        4586     1.60629     1.67421  0.00228546
        4587      1.6076      1.6742    0.002285
        4588     1.60961     1.67419  0.00228455
        4589     1.61231     1.67417  0.00228409
        4590     1.61565     1.67416  0.00228363
        4591     1.61959     1.67415  0.00228316
        4592      1.6241     1.67414  0.00228269
        4593      1.6291     1.67413  0.00228222
        4594     1.63454     1.67412  0.00228173
        4595     1.64035     1.67411  0.00228125
        4596     1.64649      1.6741  0.00228076
        4597     1.65287      1.6741  0.00228027
        4598     1.65944      1.6741  0.00227978
        4599     1.66614     1.67409  0.00227928
        4600      1.6729     1.67409  0.00227879
        4601     1.67968      1.6741  0.00227829
        4602     1.68642      1.6741   0.0022778
        4603     1.69307      1.6741  0.00227731
        4604     1.69958     1.67411  0.00227682
        4605     1.70594     1.67411  0.00227633
        4606     1.71209     1.67412  0.00227586
        4607     1.71801     1.67413  0.00227538
        4608     1.72368     1.67414  0.00227491
        4609     1.72909     1.67416  0.00227445
        4610     1.73422     1.67417  0.00227399
        4611     1.73907     1.67418  0.00227354
        4612     1.74363      1.6742   0.0022731
        4613     1.74791     1.67421  0.00227267
        4614     1.75192     1.67423  0.00227224
        4615     1.75567     1.67425  0.00227181
        4616     1.75916     1.67427  0.00227139
        4617     1.76242     1.67429  0.00227098
        4618     1.76546     1.67431  0.00227058
        4619     1.76832     1.67433  0.00227018
        4620     1.77099     1.67435  0.00226978
        4621     1.77351     1.67437  0.00226939
        4622     1.77589     1.67439  0.00226901
        4623     1.77815     1.67441  0.00226863
        4624     1.78029     1.67444  0.00226825
        4625     1.78233     1.67446  0.00226788
        4626     1.78427     1.67448  0.00226751
        4627     1.78613     1.67451  0.00226715
        4628     1.78788     1.67453   0.0022668
        4629     1.78954     1.67456  0.00226644
        4630      1.7911     1.67458  0.00226609
        4631     1.79253     1.67461  0.00226575
        4632     1.79384     1.67463   0.0022654
        4633     1.79501     1.67466  0.00226506
        4634     1.79601     1.67468  0.00226473
        4635     1.79684     1.67471  0.00226439
        4636     1.79747     1.67474  0.00226406
        4637      1.7979     1.67476  0.00226372
        4638     1.79809     1.67479  0.00226339
        4639     1.79804     1.67482  0.00226306
        4640     1.79774     1.67484  0.00226273
        4641     1.79717     1.67487  0.00226239
        4642     1.79632      1.6749  0.00226206
        4643     1.79519     1.67492  0.00226172
        4644     1.79377     1.67495  0.00226138
        4645     1.79206     1.67497  0.00226103
        4646     1.79006       1.675  0.00226068
        4647     1.78778     1.67502  0.00226032
        4648     1.78522     1.67505  0.00225996
        4649     1.78238     1.67507  0.00225959
        4650     1.77929     1.67509  0.00225922
        4651     1.77594     1.67511  0.00225884
        4652     1.77236     1.67513  0.00225845
        4653     1.76855     1.67515  0.00225805
        4654     1.76453     1.67517  0.00225765
        4655     1.76032     1.67519  0.00225724
        4656     1.75593     1.67521  0.00225682
        4657     1.75138     1.67522  0.00225639
        4658     1.74669     1.67524  0.00225596
        4659     1.74188     1.67525  0.00225552
        4660     1.73695     1.67527  0.00225508
        4661     1.73193     1.67528  0.00225463
        4662     1.72683     1.67529  0.00225417
        4663     1.72167      1.6753  0.00225371
        4664     1.71646     1.67531  0.00225324
        4665     1.71122     1.67532  0.00225277
        4666     1.70596     1.67532   0.0022523
        4667      1.7007     1.67533  0.00225182
        4668     1.69545     1.67533  0.00225135
        4669     1.69023     1.67534  0.00225087
        4670     1.68503     1.67534  0.00225038
        4671     1.67989     1.67534   0.0022499
        4672     1.67479     1.67534  0.00224942
        4673     1.66976     1.67534  0.00224894
        4674      1.6648     1.67534  0.00224846
        4675     1.65993     1.67533  0.00224798
        4676     1.65515     1.67533   0.0022475
        4677     1.65047     1.67532  0.00224703
        4678      1.6459     1.67532  0.00224656
        4679     1.64146     1.67531  0.00224609
        4680     1.63715      1.6753  0.00224563
        4681     1.63297     1.67529  0.00224516
        4682     1.62895     1.67528  0.00224471
        4683     1.62509     1.67527  0.00224425
        4684     1.62139     1.67526   0.0022438
        4685     1.61787     1.67525  0.00224336
        4686     1.61453     1.67524  0.00224292
        4687     1.61139     1.67522  0.00224248
        4688     1.60846     1.67521  0.00224205
        4689     1.60574     1.67519  0.00224162
        4690     1.60324     1.67518  0.00224119
        4691     1.60097     1.67516  0.00224077
        4692     1.59894     1.67515  0.00224035
        4693     1.59714     1.67513  0.00223993
        4694     1.59559     1.67511  0.00223952
        4695     1.59428     1.67509  0.00223911
        4696     1.59321     1.67508   0.0022387
        4697     1.59237     1.67506  0.00223829
        4698     1.59176     1.67504  0.00223789
        4699     1.59135     1.67502  0.00223748
        4700     1.59113     1.67501  0.00223708
        4701     1.59109     1.67499  0.00223667
        4702     1.59118     1.67497  0.00223627
        4703     1.59139     1.67495  0.00223586
        4704     1.59168     1.67493  0.00223546
        4705     1.59203     1.67492  0.00223505
        4706     1.59238      1.6749  0.00223465
        4707     1.59273     1.67488  0.00223424
        4708     1.59302     1.67486  0.00223383
        4709     1.59323     1.67485  0.00223343
        4710     1.59332     1.67483  0.00223302
        4711     1.59327     1.67481  0.00223261
        4712     1.59306      1.6748  0.00223221
        4713     1.59267     1.67478   0.0022318
        4714     1.59208     1.67476   0.0022314
        4715     1.59129     1.67474  0.00223099
        4716     1.59029     1.67473  0.00223059
        4717     1.58909     1.67471  0.00223019
        4718     1.58769     1.67469   0.0022298
        4719     1.58611     1.67467   0.0022294
        4720     1.58437     1.67465  0.00222901
        4721     1.58248     1.67463  0.00222863
        4722     1.58049     1.67461  0.00222824
        4723     1.57841     1.67459  0.00222786
        4724     1.57629     1.67457  0.00222749
        4725     1.57417     1.67455  0.00222712
        4726     1.57208     1.67453  0.00222675
        4727     1.57008      1.6745  0.00222639
        4728     1.56819     1.67448  0.00222603
        4729     1.56646     1.67446  0.00222568
        4730     1.56494     1.67444  0.00222533
        4731     1.56366     1.67441  0.00222498
        4732     1.56266     1.67439  0.00222464
        4733     1.56197     1.67437   0.0022243
        4734     1.56162     1.67434  0.00222395
        4735     1.56162     1.67432  0.00222361
        4736     1.56199     1.67429  0.00222327
        4737     1.56275     1.67427  0.00222292
        4738     1.56389     1.67425  0.00222258
        4739     1.56541     1.67422  0.00222223
        4740     1.56731      1.6742  0.00222187
        4741     1.56955     1.67418  0.00222151
        4742     1.57214     1.67416  0.00222115
        4743     1.57503     1.67414  0.00222078
        4744      1.5782     1.67412   0.0022204
        4745     1.58161      1.6741  0.00222002
        4746     1.58524     1.67408  0.00221963
        4747     1.58904     1.67406  0.00221924
        4748     1.59299     1.67404  0.00221883
        4749     1.59705     1.67403  0.00221843
        4750     1.60119     1.67401  0.00221801
        4751     1.60539       1.674  0.00221759
        4752     1.60961     1.67398  0.00221717
        4753     1.61384     1.67397  0.00221674
        4754     1.61805     1.67396   0.0022163
        4755     1.62222     1.67395  0.00221586
        4756     1.62636     1.67394  0.00221542
        4757     1.63043     1.67393  0.00221497
        4758     1.63443     1.67392  0.00221452
        4759     1.63837     1.67391  0.00221407
        4760     1.64222     1.67391  0.00221361
        4761     1.64599      1.6739  0.00221316
        4762     1.64967      1.6739   0.0022127
        4763     1.65327     1.67389  0.00221224
        4764     1.65677     1.67389  0.00221178
        4765     1.66017     1.67389  0.00221131
        4766     1.66348     1.67388  0.00221085
        4767     1.66669     1.67388  0.00221039
        4768     1.66979     1.67388  0.00220992
        4769     1.67277     1.67388  0.00220946
        4770     1.67563     1.67388    0.002209
        4771     1.67837     1.67388  0.00220854
        4772     1.68097     1.67388  0.00220807
        4773     1.68342     1.67389  0.00220761
        4774     1.68571     1.67389  0.00220715
        4775     1.68783     1.67389  0.00220669
        4776     1.68977     1.67389  0.00220623
        4777     1.69151      1.6739  0.00220577
        4778     1.69305      1.6739  0.00220531
        4779     1.69437     1.67391  0.00220486
        4780     1.69547     1.67391   0.0022044
        4781     1.69632     1.67392  0.00220394
        4782     1.69693     1.67392  0.00220349
        4783     1.69729     1.67393  0.00220303
        4784     1.69738     1.67393  0.00220258
        4785     1.69722     1.67394  0.00220212
        4786     1.69678     1.67394  0.00220167
        4787     1.69608     1.67394  0.00220121
        4788     1.69511     1.67395  0.00220076
        4789     1.69387     1.67395   0.0022003
        4790     1.69237     1.67396  0.00219985
        4791     1.69062     1.67396  0.00219939
        4792     1.68861     1.67396  0.00219893
        4793     1.68637     1.67397  0.00219848
        4794     1.68389     1.67397  0.00219802
        4795     1.68121     1.67397  0.00219756
        4796     1.67832     1.67397   0.0021971
        4797     1.67525     1.67397  0.00219664
        4798     1.67201     1.67397  0.00219619
        4799     1.66863     1.67397  0.00219573
        4800     1.66512     1.67397  0.00219527
        4801     1.66152     1.67396  0.00219482
        4802     1.65783     1.67396  0.00219436
        4803      1.6541     1.67396  0.00219391
        4804     1.65034     1.67395  0.00219346
        4805     1.64658     1.67395  0.00219301
        4806     1.64285     1.67394  0.00219256
        4807     1.63918     1.67393  0.00219212
        4808     1.63559     1.67393  0.00219168
        4809     1.63211     1.67392  0.00219124
        4810     1.62876     1.67391   0.0021908
        4811     1.62558      1.6739  0.00219037
        4812     1.62258     1.67389  0.00218994
        4813     1.61979     1.67388  0.00218951
        4814     1.61722     1.67386  0.00218909
        4815      1.6149     1.67385  0.00218867
        4816     1.61284     1.67384  0.00218825
        4817     1.61104     1.67383  0.00218784
        4818     1.60953     1.67381  0.00218742
        4819     1.60829      1.6738  0.00218701
        4820     1.60734     1.67378   0.0021866
        4821     1.60667     1.67377  0.00218619
        4822     1.60626     1.67376  0.00218578
        4823     1.60611     1.67374  0.00218538
        4824     1.60621     1.67373  0.00218497
        4825     1.60652     1.67371  0.00218456
        4826     1.60703      1.6737  0.00218415
        4827     1.60772     1.67369  0.00218374
        4828     1.60855     1.67367  0.00218333
        4829     1.60952     1.67366  0.00218292
        4830     1.61058     1.67365  0.00218251
        4831     1.61172     1.67363  0.00218209
        4832     1.61291     1.67362  0.00218168
        4833     1.61413     1.67361  0.00218126
        4834     1.61536      1.6736  0.00218084
        4835     1.61658     1.67359  0.00218042
        4836     1.61778     1.67357     0.00218
        4837     1.61894     1.67356  0.00217958
        4838     1.62007     1.67355  0.00217916
        4839     1.62115     1.67354  0.00217873
        4840     1.62218     1.67353  0.00217831
        4841     1.62316     1.67352  0.00217789
        4842     1.62409     1.67351  0.00217746
        4843     1.62498      1.6735  0.00217703
        4844     1.62582     1.67349  0.00217661
        4845     1.62663     1.67348  0.00217618
        4846     1.62739     1.67347  0.00217575
        4847     1.62813     1.67346  0.00217532
        4848     1.62883     1.67345  0.00217489
        4849     1.62951     1.67344  0.00217446
        4850     1.63017     1.67343  0.00217403
        4851      1.6308     1.67343   0.0021736
        4852      1.6314     1.67342  0.00217317
        4853     1.63197     1.67341  0.00217274
        4854     1.63252      1.6734  0.00217231
        4855     1.63303     1.67339  0.00217188
        4856     1.63349     1.67338  0.00217145
        4857     1.63391     1.67338  0.00217101
        4858     1.63427     1.67337  0.00217058
        4859     1.63456     1.67336  0.00217015
        4860     1.63478     1.67335  0.00216972
        4861     1.63492     1.67334  0.00216929
        4862     1.63498     1.67334  0.00216885
        4863     1.63494     1.67333  0.00216842
        4864     1.63481     1.67332  0.00216799
        4865     1.63456     1.67331  0.00216756
        4866     1.63422      1.6733  0.00216713
        4867     1.63376      1.6733   0.0021667
        4868      1.6332     1.67329  0.00216627
        4869     1.63253     1.67328  0.00216584
        4870     1.63176     1.67327  0.00216541
        4871     1.63088     1.67326  0.00216499
        4872     1.62991     1.67325  0.00216456
        4873     1.62885     1.67324  0.00216413
        4874     1.62771     1.67323  0.00216371
        4875     1.62649     1.67322  0.00216329
        4876     1.62521     1.67321  0.00216287
        4877     1.62388      1.6732  0.00216245
        4878     1.62249     1.67319  0.00216203
        4879     1.62106     1.67318  0.00216161
        4880      1.6196     1.67317   0.0021612
        4881     1.61811     1.67316  0.00216078
        4882     1.61659     1.67315  0.00216037
        4883     1.61506     1.67314  0.00215996
        4884     1.61352     1.67313  0.00215955
        4885     1.61196     1.67311  0.00215915
        4886     1.61039      1.6731  0.00215875
        4887     1.60882     1.67309  0.00215834
        4888     1.60723     1.67307  0.00215794
        4889     1.60563     1.67306  0.00215755
        4890     1.60402     1.67305  0.00215715
        4891      1.6024     1.67303  0.00215676
        4892     1.60076     1.67302  0.00215637
        4893      1.5991       1.673  0.00215598
        4894     1.59743     1.67299   0.0021556
        4895     1.59574     1.67297  0.00215521
        4896     1.59404     1.67295  0.00215483
        4897     1.59233     1.67294  0.00215446
        4898     1.59061     1.67292  0.00215408
        4899      1.5889      1.6729  0.00215371
        4900      1.5872     1.67289  0.00215334
        4901     1.58552     1.67287  0.00215298
        4902     1.58388     1.67285  0.00215261
        4903     1.58228     1.67283  0.00215225
        4904     1.58074     1.67281   0.0021519
        4905     1.57928     1.67279  0.00215154
        4906      1.5779     1.67277  0.00215119
        4907     1.57662     1.67276  0.00215084
        4908     1.57546     1.67274   0.0021505
        4909     1.57443     1.67272  0.00215015
        4910     1.57354      1.6727  0.00214981
        4911     1.57282     1.67267  0.00214947
        4912     1.57225     1.67265  0.00214913
        4913     1.57186     1.67263  0.00214879
        4914     1.57164     1.67261  0.00214845
        4915     1.57161     1.67259  0.00214811
        4916     1.57175     1.67257  0.00214777
        4917     1.57206     1.67255  0.00214743
        4918     1.57254     1.67253  0.00214709
        4919     1.57318     1.67251  0.00214675
        4920     1.57396     1.67249   0.0021464
        4921     1.57487     1.67247  0.00214606
        4922      1.5759     1.67245  0.00214571
        4923     1.57702     1.67243  0.00214537
        4924     1.57822     1.67241  0.00214502
        4925     1.57948     1.67239  0.00214466
        4926     1.58077     1.67238  0.00214431
        4927     1.58209     1.67236  0.00214395
        4928      1.5834     1.67234  0.00214359
        4929     1.58469     1.67232  0.00214323
        4930     1.58596      1.6723  0.00214287
        4931     1.58717     1.67229   0.0021425
        4932     1.58832     1.67227  0.00214214
        4933      1.5894     1.67225  0.00214177
        4934      1.5904     1.67224   0.0021414
        4935     1.59132     1.67222  0.00214103
        4936     1.59214      1.6722  0.00214065
        4937     1.59287     1.67219  0.00214028
        4938      1.5935     1.67217  0.00213991
        4939     1.59404     1.67216  0.00213953
        4940     1.59449     1.67214  0.00213916
        4941     1.59486     1.67212  0.00213878
        4942     1.59514     1.67211  0.00213841
        4943     1.59535     1.67209  0.00213803
        4944      1.5955     1.67208  0.00213765
        4945     1.59558     1.67206  0.00213728
        4946     1.59562     1.67205   0.0021369
        4947     1.59561     1.67203  0.00213652
        4948     1.59557     1.67202  0.00213615
        4949      1.5955       1.672  0.00213577
        4950     1.59541     1.67199   0.0021354
        4951     1.59531     1.67197  0.00213502
        4952      1.5952     1.67195  0.00213465
        4953     1.59511     1.67194  0.00213427
        4954     1.59503     1.67192   0.0021339
        4955     1.59497     1.67191  0.00213352
        4956     1.59494     1.67189  0.00213315
        4957     1.59495     1.67188  0.00213278
        4958       1.595     1.67186   0.0021324
        4959      1.5951     1.67185  0.00213203
        4960     1.59527     1.67183  0.00213165
        4961     1.59549     1.67181  0.00213128
        4962     1.59579      1.6718  0.00213091
        4963     1.59616     1.67178  0.00213053
        4964     1.59661     1.67177  0.00213016
        4965     1.59714     1.67175  0.00212978
        4966     1.59776     1.67174   0.0021294
        4967     1.59848     1.67172  0.00212903
        4968     1.59929     1.67171  0.00212865
        4969      1.6002      1.6717  0.00212827
        4970     1.60121     1.67168  0.00212789
        4971     1.60232     1.67167   0.0021275
        4972     1.60354     1.67165  0.00212712
        4973     1.60487     1.67164  0.00212673
        4974     1.60631     1.67163  0.00212635
        4975     1.60785     1.67161  0.00212596
        4976     1.60951      1.6716  0.00212557
        4977     1.61127     1.67159  0.00212518
        4978     1.61314     1.67158  0.00212478
        4979     1.61512     1.67157  0.00212438
        4980     1.61721     1.67156  0.00212399
        4981      1.6194     1.67155  0.00212359
        4982     1.62168     1.67154  0.00212318
        4983     1.62406     1.67153  0.00212278
        4984     1.62652     1.67152  0.00212237
        4985     1.62907     1.67151  0.00212196
        4986     1.63169      1.6715  0.00212155
        4987     1.63439     1.67149  0.00212114
        4988     1.63714     1.67149  0.00212073
        4989     1.63994     1.67148  0.00212031
        4990     1.64277     1.67147  0.00211989
        4991     1.64564     1.67147  0.00211947
        4992     1.64853     1.67146  0.00211905
        4993     1.65143     1.67146  0.00211863
        4994     1.65432     1.67146  0.00211821
        4995     1.65719     1.67145  0.00211779
        4996     1.66004     1.67145  0.00211737
        4997     1.66284     1.67145  0.00211694
        4998     1.66559     1.67145  0.00211652
        4999     1.66828     1.67145   0.0021161
        5000      1.6709     1.67145  0.00211568
        5001     1.67343     1.67145  0.00211525
        5002     1.67585     1.67145  0.00211483
        5003     1.67817     1.67145  0.00211441
        5004     1.68037     1.67145  0.00211399
        5005     1.68242     1.67145  0.00211356
        5006     1.68433     1.67146  0.00211314
        5007     1.68607     1.67146  0.00211272
        5008     1.68764     1.67146   0.0021123
        5009     1.68901     1.67147  0.00211189
        5010     1.69018     1.67147  0.00211147
        5011     1.69112     1.67147  0.00211105
        5012     1.69183     1.67148  0.00211063
        5013     1.69227     1.67148  0.00211022
        5014     1.69245     1.67149   0.0021098
        5015     1.69235     1.67149  0.00210938
        5016     1.69194     1.67149  0.00210897
        5017     1.69122      1.6715  0.00210855
        5018     1.69017      1.6715  0.00210813
        5019     1.68877     1.67151  0.00210771
        5020     1.68703     1.67151   0.0021073
        5021     1.68492     1.67151  0.00210688
        5022     1.68244     1.67151  0.00210646
        5023      1.6796     1.67152  0.00210604
        5024     1.67637     1.67152  0.00210562
        5025     1.67277     1.67152   0.0021052
        5026     1.66878     1.67152  0.00210478
        5027     1.66442     1.67151  0.00210437
        5028     1.65969     1.67151  0.00210395
        5029      1.6546     1.67151  0.00210353
        5030     1.64916      1.6715  0.00210312
        5031     1.64339      1.6715  0.00210271
        5032     1.63729     1.67149   0.0021023
        5033     1.63091     1.67148   0.0021019
        5034     1.62425     1.67147   0.0021015
        5035     1.61734     1.67146  0.00210111
        5036     1.61022     1.67145  0.00210073
        5037      1.6029     1.67144  0.00210036
        5038     1.59543     1.67142      0.0021
        5039     1.58784     1.67141  0.00209965
        5040     1.58016     1.67139  0.00209931
        5041     1.57244     1.67137  0.00209898
        5042      1.5647     1.67135  0.00209867
        5043     1.55699     1.67132  0.00209838
        5044     1.54935      1.6713   0.0020981
        5045     1.54182     1.67128  0.00209784
        5046     1.53443     1.67125   0.0020976
        5047     1.52723     1.67122  0.00209738
        5048     1.52023     1.67119  0.00209718
        5049      1.5135     1.67116    0.002097
        5050     1.50704     1.67113  0.00209683
        5051     1.50089     1.67109  0.00209669
        5052     1.49509     1.67106  0.00209656
        5053     1.48964     1.67102  0.00209646
        5054     1.48458     1.67098  0.00209636
        5055     1.47992     1.67095  0.00209629
        5056     1.47568     1.67091  0.00209623
        5057     1.47187     1.67087  0.00209619
        5058      1.4685     1.67083  0.00209615
        5059     1.46558     1.67079  0.00209613
        5060     1.46311     1.67075  0.00209612
        5061     1.46109     1.67071  0.00209612
        5062     1.45952     1.67066  0.00209612
        5063     1.45838     1.67062  0.00209612
        5064     1.45768     1.67058  0.00209613
        5065     1.45739     1.67054  0.00209614
        5066      1.4575      1.6705  0.00209615
        5067     1.45799     1.67045  0.00209615
        5068     1.45884     1.67041  0.00209615
        5069     1.46003     1.67037  0.00209615
        5070     1.46153     1.67033  0.00209614
        5071     1.46331     1.67029  0.00209613
        5072     1.46534     1.67025   0.0020961
        5073     1.46758     1.67021  0.00209607
        5074     1.47001     1.67017  0.00209603
        5075     1.47258     1.67013  0.00209598
        5076     1.47527     1.67009  0.00209592
        5077     1.47803     1.67005  0.00209584
        5078     1.48083     1.67002  0.00209576
        5079     1.48362     1.66998  0.00209567
        5080     1.48639     1.66994  0.00209557
        5081      1.4891     1.66991  0.00209546
        5082     1.49171     1.66987  0.00209534
        5083     1.49421     1.66984  0.00209521
        5084     1.49656      1.6698  0.00209508
        5085     1.49875     1.66977  0.00209494
        5086     1.50076     1.66974  0.00209479
        5087     1.50258      1.6697  0.00209463
        5088      1.5042     1.66967  0.00209448
        5089     1.50562     1.66964  0.00209431
        5090     1.50683     1.66961  0.00209414
        5091     1.50783     1.66958  0.00209397
        5092     1.50863     1.66954   0.0020938
        5093     1.50923     1.66951  0.00209363
        5094     1.50964     1.66948  0.00209345
        5095     1.50987     1.66945  0.00209328
        5096     1.50993     1.66942   0.0020931
        5097     1.50984     1.66939  0.00209292
        5098      1.5096     1.66936  0.00209275
        5099     1.50923     1.66932  0.00209257
        5100     1.50875     1.66929   0.0020924
        5101     1.50815     1.66926  0.00209223
        5102     1.50747     1.66923  0.00209206
        5103      1.5067      1.6692  0.00209189
        5104     1.50586     1.66917  0.00209172
        5105     1.50496     1.66913  0.00209156
        5106     1.50402      1.6691   0.0020914
        5107     1.50304     1.66907  0.00209124
        5108     1.50203     1.66904  0.00209109
        5109       1.501       1.669  0.00209094
        5110     1.49997     1.66897  0.00209079
        5111     1.49893     1.66894  0.00209065
        5112     1.49792      1.6689  0.00209051
        5113     1.49693     1.66887  0.00209037
        5114     1.49598     1.66884  0.00209023
        5115      1.4951      1.6688   0.0020901
        5116     1.49428     1.66877  0.00208997
        5117     1.49354     1.66873  0.00208984
        5118     1.49292      1.6687  0.00208972
        5119     1.49241     1.66867  0.00208959
        5120     1.49205     1.66863  0.00208947
        5121     1.49185      1.6686  0.00208935
        5122     1.49182     1.66856  0.00208922
        5123     1.49198     1.66853   0.0020891
        5124     1.49236     1.66849  0.00208897
        5125     1.49297     1.66846  0.00208885
        5126     1.49381     1.66842  0.00208872
        5127      1.4949     1.66839  0.00208858
        5128     1.49625     1.66836  0.00208845
        5129     1.49787     1.66832   0.0020883
        5130     1.49975     1.66829  0.00208816
        5131      1.5019     1.66826    0.002088
        5132     1.50431     1.66823  0.00208784
        5133     1.50698      1.6682  0.00208767
        5134     1.50988     1.66816  0.00208749
        5135     1.51301     1.66813   0.0020873
        5136     1.51635      1.6681   0.0020871
        5137     1.51987     1.66808   0.0020869
        5138     1.52356     1.66805  0.00208668
        5139     1.52738     1.66802  0.00208645
        5140     1.53132     1.66799  0.00208622
        5141     1.53535     1.66797  0.00208597
        5142     1.53943     1.66794  0.00208572
        5143     1.54355     1.66792  0.00208545
        5144     1.54768      1.6679  0.00208518
        5145     1.55179     1.66787  0.00208489
        5146     1.55585     1.66785   0.0020846
        5147     1.55986     1.66783   0.0020843
        5148     1.56378     1.66781  0.00208399
        5149     1.56761     1.66779  0.00208368
        5150     1.57132     1.66777  0.00208336
        5151      1.5749     1.66775  0.00208303
        5152     1.57835     1.66774   0.0020827
        5153     1.58166     1.66772  0.00208236
        5154     1.58482      1.6677  0.00208202
        5155     1.58783     1.66769  0.00208168
        5156     1.59069     1.66767  0.00208133
        5157      1.5934     1.66766  0.00208097
        5158     1.59597     1.66764  0.00208062
        5159     1.59838     1.66763  0.00208026
        5160     1.60066     1.66762  0.00207989
        5161     1.60281     1.66761  0.00207953
        5162     1.60484     1.66759  0.00207916
        5163     1.60675     1.66758  0.00207879
        5164     1.60857     1.66757  0.00207842
        5165     1.61028     1.66756  0.00207805
        5166     1.61192     1.66755  0.00207767
        5167     1.61347     1.66754   0.0020773
        5168     1.61496     1.66753  0.00207692
        5169      1.6164     1.66752  0.00207654
        5170     1.61778     1.66751  0.00207616
        5171     1.61912      1.6675  0.00207578
        5172     1.62043     1.66749   0.0020754
        5173     1.62171     1.66748  0.00207502
        5174     1.62297     1.66747  0.00207464
        5175      1.6242     1.66746  0.00207425
        5176     1.62542     1.66746  0.00207387
        5177     1.62662     1.66745  0.00207348
        5178      1.6278     1.66744  0.00207309
        5179     1.62897     1.66743  0.00207271
        5180     1.63011     1.66743  0.00207232
        5181     1.63123     1.66742  0.00207193
        5182     1.63233     1.66741  0.00207154
        5183      1.6334     1.66741  0.00207115
        5184     1.63444      1.6674  0.00207076
        5185     1.63544     1.66739  0.00207037
        5186     1.63641     1.66739  0.00206998
        5187     1.63732     1.66738  0.00206959
        5188      1.6382     1.66738   0.0020692
        5189     1.63902     1.66737  0.00206881
        5190     1.63979     1.66736  0.00206842
        5191      1.6405     1.66736  0.00206803
        5192     1.64116     1.66735  0.00206763
        5193     1.64176     1.66735  0.00206724
        5194      1.6423     1.66734  0.00206685
        5195     1.64278     1.66734  0.00206646
        5196     1.64321     1.66734  0.00206606
        5197      1.6436     1.66733  0.00206567
        5198     1.64393     1.66733  0.00206528
        5199     1.64422     1.66732  0.00206489
        5200     1.64448     1.66732  0.00206449
        5201     1.64471     1.66731   0.0020641
        5202     1.64491     1.66731  0.00206371
        5203     1.64509      1.6673  0.00206332
        5204     1.64527      1.6673  0.00206292
        5205     1.64545      1.6673  0.00206253
        5206     1.64563     1.66729  0.00206214
        5207     1.64583     1.66729  0.00206175
        5208     1.64605     1.66728  0.00206136
        5209      1.6463     1.66728  0.00206097
        5210     1.64658     1.66728  0.00206057
        5211     1.64691     1.66727  0.00206018
        5212     1.64728     1.66727  0.00205979
        5213     1.64771     1.66726   0.0020594
        5214     1.64819     1.66726  0.00205901
        5215     1.64874     1.66726  0.00205861
        5216     1.64936     1.66725  0.00205822
        5217     1.65005     1.66725  0.00205783
        5218     1.65083     1.66725  0.00205744
        5219     1.65168     1.66724  0.00205705
        5220     1.65261     1.66724  0.00205666
        5221     1.65363     1.66724  0.00205626
        5222     1.65474     1.66724  0.00205587
        5223     1.65593     1.66723  0.00205548
        5224     1.65722     1.66723  0.00205509
        5225      1.6586     1.66723  0.00205469
        5226     1.66007     1.66723   0.0020543
        5227     1.66164     1.66723  0.00205391
        5228      1.6633     1.66723  0.00205351
        5229     1.66506     1.66723  0.00205312
        5230     1.66692     1.66723  0.00205273
        5231     1.66887     1.66723  0.00205234
        5232     1.67092     1.66723  0.00205194
        5233     1.67306     1.66723  0.00205155
        5234      1.6753     1.66723  0.00205116
        5235     1.67762     1.66723  0.00205077
        5236     1.68004     1.66724  0.00205038
        5237     1.68254     1.66724  0.00204999
        5238     1.68512     1.66724   0.0020496
        5239     1.68777     1.66725  0.00204922
        5240      1.6905     1.66725  0.00204883
        5241      1.6933     1.66725  0.00204844
        5242     1.69615     1.66726  0.00204806
        5243     1.69907     1.66727  0.00204768
        5244     1.70203     1.66727   0.0020473
        5245     1.70504     1.66728  0.00204692
        5246     1.70808     1.66729  0.00204655
        5247     1.71115      1.6673  0.00204617
        5248     1.71424     1.66731   0.0020458
        5249     1.71734     1.66731  0.00204544
        5250     1.72045     1.66732  0.00204507
        5251     1.72356     1.66734  0.00204471
        5252     1.72664     1.66735  0.00204435
        5253      1.7297     1.66736    0.002044
        5254     1.73272     1.66737  0.00204365
        5255     1.73568     1.66738   0.0020433
        5256     1.73858      1.6674  0.00204295
        5257     1.74139     1.66741  0.00204261
        5258     1.74411     1.66743  0.00204228
        5259     1.74671     1.66744  0.00204194
        5260     1.74917     1.66746  0.00204162
        5261     1.75148     1.66747  0.00204129
        5262     1.75361     1.66749  0.00204097
        5263     1.75554     1.66751  0.00204065
        5264     1.75725     1.66752  0.00204033
        5265     1.75872     1.66754  0.00204002
        5266     1.75993     1.66756  0.00203971
        5267     1.76086     1.66758   0.0020394
        5268     1.76149     1.66759  0.00203909
        5269     1.76179     1.66761  0.00203878
        5270     1.76176     1.66763  0.00203847
        5271     1.76137     1.66765  0.00203816
        5272     1.76062     1.66766  0.00203785
        5273     1.75948     1.66768  0.00203754
        5274     1.75796      1.6677  0.00203722
        5275     1.75605     1.66772  0.00203691
        5276     1.75375     1.66773  0.00203658
        5277     1.75105     1.66775  0.00203626
        5278     1.74798     1.66776  0.00203593
        5279     1.74453     1.66778   0.0020356
        5280     1.74073     1.66779  0.00203526
        5281     1.73658      1.6678  0.00203492
        5282     1.73212     1.66782  0.00203457
        5283     1.72737     1.66783  0.00203421
        5284     1.72235     1.66784  0.00203385
        5285      1.7171     1.66785  0.00203349
        5286     1.71167     1.66786  0.00203312
        5287     1.70607     1.66786  0.00203275
        5288     1.70037     1.66787  0.00203238
        5289     1.69459     1.66787    0.002032
        5290     1.68879     1.66788  0.00203162
        5291     1.68301     1.66788  0.00203124
        5292      1.6773     1.66788  0.00203085
        5293      1.6717     1.66788  0.00203047
        5294     1.66626     1.66788  0.00203009
        5295     1.66101     1.66788   0.0020297
        5296     1.65599     1.66788  0.00202932
        5297     1.65125     1.66788  0.00202894
        5298     1.64681     1.66787  0.00202856
        5299     1.64271     1.66787  0.00202818
        5300     1.63897     1.66786  0.00202781
        5301     1.63561     1.66786  0.00202743
        5302     1.63265     1.66785  0.00202706
        5303      1.6301     1.66784  0.00202669
        5304     1.62797     1.66784  0.00202632
        5305     1.62625     1.66783  0.00202596
        5306     1.62496     1.66782  0.00202559
        5307     1.62407     1.66781  0.00202523
        5308     1.62359      1.6678  0.00202486
        5309     1.62349     1.66779   0.0020245
        5310     1.62378     1.66779  0.00202413
        5311     1.62441     1.66778  0.00202377
        5312     1.62539     1.66777   0.0020234
        5313     1.62667     1.66776  0.00202304
        5314     1.62825     1.66775  0.00202267
        5315     1.63009     1.66775   0.0020223
        5316     1.63218     1.66774  0.00202193
        5317     1.63449     1.66773  0.00202156
        5318       1.637     1.66773  0.00202119
        5319     1.63969     1.66772  0.00202082
        5320     1.64253     1.66772  0.00202044
        5321     1.64553     1.66771  0.00202007
        5322     1.64864     1.66771  0.00201969
        5323     1.65186     1.66771  0.00201932
        5324     1.65519     1.66771  0.00201894
        5325     1.65859      1.6677  0.00201856
        5326     1.66207      1.6677  0.00201818
        5327     1.66561      1.6677   0.0020178
        5328     1.66921      1.6677  0.00201742
        5329     1.67286      1.6677  0.00201704
        5330     1.67655     1.66771  0.00201667
        5331     1.68027     1.66771  0.00201629
        5332     1.68403     1.66771  0.00201591
        5333      1.6878     1.66771  0.00201554
        5334      1.6916     1.66772  0.00201517
        5335     1.69541     1.66772   0.0020148
        5336     1.69923     1.66773  0.00201443
        5337     1.70305     1.66774  0.00201406
        5338     1.70687     1.66774   0.0020137
        5339     1.71068     1.66775  0.00201333
        5340     1.71447     1.66776  0.00201298
        5341     1.71824     1.66777  0.00201262
        5342     1.72198     1.66778  0.00201227
        5343     1.72568     1.66779  0.00201192
        5344     1.72933      1.6678  0.00201158
        5345     1.73291     1.66782  0.00201124
        5346     1.73643     1.66783  0.00201091
        5347     1.73985     1.66784  0.00201057
        5348     1.74318     1.66786  0.00201025
        5349     1.74641     1.66787  0.00200993
        5350     1.74951     1.66789  0.00200961
        5351     1.75247      1.6679  0.00200929
        5352     1.75529     1.66792  0.00200899
        5353     1.75795     1.66793  0.00200868
        5354     1.76043     1.66795  0.00200838
        5355     1.76273     1.66797  0.00200808
        5356     1.76483     1.66799  0.00200779
        5357     1.76672     1.66801   0.0020075
        5358     1.76839     1.66802  0.00200721
        5359     1.76983     1.66804  0.00200693
        5360     1.77103     1.66806  0.00200664
        5361     1.77199     1.66808  0.00200636
        5362     1.77269      1.6681  0.00200608
        5363     1.77313     1.66812  0.00200581
        5364      1.7733     1.66814  0.00200553
        5365      1.7732     1.66816  0.00200525
        5366     1.77282     1.66818  0.00200497
        5367     1.77216      1.6682  0.00200469
        5368     1.77121     1.66822  0.00200441
        5369     1.76998     1.66824  0.00200413
        5370     1.76847     1.66826  0.00200384
        5371     1.76667     1.66827  0.00200355
        5372     1.76459     1.66829  0.00200326
        5373     1.76223     1.66831  0.00200296
        5374      1.7596     1.66833  0.00200266
        5375     1.75669     1.66834  0.00200235
        5376     1.75352     1.66836  0.00200204
        5377     1.75009     1.66837  0.00200173
        5378     1.74642     1.66839  0.00200141
        5379     1.74251      1.6684  0.00200109
        5380     1.73837     1.66842  0.00200076
        5381     1.73401     1.66843  0.00200042
        5382     1.72945     1.66844  0.00200008
        5383     1.72469     1.66845  0.00199974
        5384     1.71975     1.66846  0.00199939
        5385     1.71465     1.66847  0.00199904
        5386     1.70939     1.66848  0.00199868
        5387     1.70399     1.66848  0.00199832
        5388     1.69846     1.66849  0.00199796
        5389     1.69282     1.66849  0.00199759
        5390     1.68708      1.6685  0.00199722
        5391     1.68126      1.6685  0.00199685
        5392     1.67537      1.6685  0.00199648
        5393     1.66943      1.6685  0.00199611
        5394     1.66345      1.6685  0.00199574
        5395     1.65746      1.6685  0.00199538
        5396     1.65147     1.66849  0.00199501
        5397      1.6455     1.66849  0.00199464
        5398     1.63957     1.66848  0.00199428
        5399     1.63369     1.66848  0.00199392
        5400     1.62788     1.66847  0.00199357
        5401     1.62217     1.66846  0.00199322
        5402     1.61658     1.66845  0.00199287
        5403     1.61111     1.66844  0.00199253
        5404      1.6058     1.66843  0.00199219
        5405     1.60066     1.66842  0.00199187
        5406      1.5957      1.6684  0.00199154
        5407     1.59095     1.66839  0.00199123
        5408      1.5864     1.66837  0.00199091
        5409     1.58208     1.66836  0.00199061
        5410     1.57798     1.66834  0.00199031
        5411     1.57412     1.66832  0.00199002
        5412      1.5705     1.66831  0.00198974
        5413      1.5671     1.66829  0.00198946
        5414     1.56394     1.66827  0.00198918
        5415       1.561     1.66825  0.00198891
        5416     1.55827     1.66823  0.00198865
        5417     1.55575     1.66821  0.00198839
        5418     1.55341     1.66819  0.00198814
        5419     1.55123     1.66816  0.00198789
        5420     1.54921     1.66814  0.00198764
        5421     1.54732     1.66812   0.0019874
        5422     1.54555      1.6681  0.00198716
        5423     1.54387     1.66807  0.00198693
        5424     1.54228     1.66805   0.0019867
        5425     1.54075     1.66803  0.00198647
        5426     1.53929       1.668  0.00198624
        5427      1.5379     1.66798  0.00198602
        5428     1.53656     1.66796   0.0019858
        5429      1.5353     1.66793  0.00198559
        5430     1.53413     1.66791  0.00198538
        5431     1.53307     1.66788  0.00198517
        5432     1.53214     1.66786  0.00198496
        5433      1.5314     1.66783  0.00198475
        5434     1.53087     1.66781  0.00198455
        5435     1.53062     1.66778  0.00198434
        5436     1.53069     1.66776  0.00198414
        5437     1.53115     1.66773  0.00198393
        5438     1.53206     1.66771  0.00198372
        5439     1.53348     1.66768  0.00198351
        5440     1.53546     1.66766   0.0019833
        5441     1.53806     1.66763  0.00198307
        5442     1.54132     1.66761  0.00198285
        5443     1.54529     1.66759  0.00198261
        5444     1.54999     1.66757  0.00198236
        5445     1.55543     1.66755  0.00198211
        5446     1.56161     1.66753  0.00198184
        5447     1.56852     1.66751  0.00198156
        5448     1.57613     1.66749  0.00198126
        5449      1.5844     1.66748  0.00198096
        5450     1.59328     1.66746  0.00198064
        5451     1.60271     1.66745  0.00198031
        5452     1.61261     1.66744  0.00197998
        5453     1.62291     1.66743  0.00197963
        5454     1.63352     1.66743  0.00197928
        5455     1.64436     1.66742  0.00197892
        5456     1.65534     1.66742  0.00197856
        5457     1.66638     1.66742  0.00197819
        5458     1.67739     1.66742  0.00197783
        5459      1.6883     1.66742  0.00197747
        5460     1.69903     1.66743  0.00197712
        5461      1.7095     1.66744  0.00197677
        5462     1.71967     1.66745  0.00197643
        5463     1.72947     1.66746  0.00197611
        5464     1.73885     1.66747  0.00197579
        5465     1.74778     1.66749  0.00197548
        5466     1.75622      1.6675  0.00197519
        5467     1.76413     1.66752   0.0019749
        5468      1.7715     1.66754  0.00197463
        5469     1.77831     1.66756  0.00197438
        5470     1.78455     1.66758  0.00197413
        5471     1.79021      1.6676   0.0019739
        5472     1.79528     1.66763  0.00197368
        5473     1.79979     1.66765  0.00197346
        5474     1.80372     1.66768  0.00197326
        5475      1.8071      1.6677  0.00197306
        5476     1.80993     1.66773  0.00197287
        5477     1.81224     1.66775  0.00197269
        5478     1.81404     1.66778  0.00197251
        5479     1.81536     1.66781  0.00197233
        5480     1.81622     1.66783  0.00197216
        5481     1.81664     1.66786  0.00197199
        5482     1.81665     1.66789  0.00197181
        5483     1.81626     1.66792  0.00197164
        5484     1.81552     1.66794  0.00197146
        5485     1.81445     1.66797  0.00197129
        5486     1.81307       1.668   0.0019711
        5487     1.81141     1.66802  0.00197092
        5488     1.80949     1.66805  0.00197073
        5489     1.80735     1.66807  0.00197053
        5490     1.80501      1.6681  0.00197033
        5491     1.80249     1.66812  0.00197012
        5492     1.79981     1.66815  0.00196991
        5493     1.79701     1.66817  0.00196969
        5494      1.7941     1.66819  0.00196947
        5495     1.79111     1.66822  0.00196924
        5496     1.78805     1.66824    0.001969
        5497     1.78495     1.66826  0.00196875
        5498     1.78182     1.66828   0.0019685
        5499     1.77868      1.6683  0.00196825
        5500     1.77554     1.66832  0.00196799
        5501     1.77243     1.66834  0.00196772
        5502     1.76935     1.66836  0.00196745
        5503     1.76632     1.66837  0.00196717
        5504     1.76334     1.66839  0.00196689
        5505     1.76042     1.66841   0.0019666
        5506     1.75757     1.66842  0.00196631
        5507     1.75479     1.66844  0.00196602
        5508      1.7521     1.66846  0.00196572
        5509     1.74949     1.66847  0.00196542
        5510     1.74697     1.66848  0.00196511
        5511     1.74453      1.6685  0.00196481
        5512     1.74217     1.66851  0.00196449
        5513      1.7399     1.66852  0.00196418
        5514     1.73771     1.66854  0.00196386
        5515     1.73559     1.66855  0.00196355
        5516     1.73355     1.66856  0.00196323
        5517     1.73159     1.66857   0.0019629
        5518     1.72969     1.66858  0.00196258
        5519     1.72786     1.66859  0.00196225
        5520      1.7261      1.6686  0.00196192
        5521     1.72439     1.66861  0.00196159
        5522     1.72273     1.66862  0.00196126
        5523     1.72113     1.66863  0.00196093
        5524     1.71958     1.66864   0.0019606
        5525     1.71808     1.66865  0.00196026
        5526     1.71661     1.66866  0.00195993
        5527     1.71518     1.66867  0.00195959
        5528      1.7138     1.66868  0.00195925
        5529     1.71245     1.66869  0.00195892
        5530     1.71112     1.66869  0.00195858
        5531     1.70983      1.6687  0.00195824
        5532     1.70857     1.66871   0.0019579
        5533     1.70733     1.66871  0.00195755
        5534     1.70611     1.66872  0.00195721
        5535     1.70491     1.66873  0.00195687
        5536     1.70373     1.66873  0.00195653
        5537     1.70257     1.66874  0.00195618
        5538     1.70142     1.66875  0.00195584
        5539     1.70029     1.66875  0.00195549
        5540     1.69917     1.66876  0.00195515
        5541     1.69806     1.66876   0.0019548
        5542     1.69696     1.66877  0.00195446
        5543     1.69587     1.66877  0.00195411
        5544     1.69479     1.66878  0.00195376
        5545     1.69372     1.66878  0.00195342
        5546     1.69266     1.66879  0.00195307
        5547      1.6916     1.66879  0.00195272
        5548     1.69055     1.66879  0.00195237
        5549      1.6895      1.6688  0.00195202
        5550     1.68846      1.6688  0.00195168
        5551     1.68741      1.6688  0.00195133
        5552     1.68636     1.66881  0.00195098
        5553     1.68532     1.66881  0.00195063
        5554     1.68426     1.66881  0.00195028
        5555     1.68321     1.66882  0.00194993
        5556     1.68214     1.66882  0.00194958
        5557     1.68107     1.66882  0.00194923
        5558        1.68     1.66882  0.00194888
        5559     1.67893     1.66882  0.00194853
        5560     1.67786     1.66883  0.00194818
        5561     1.67679     1.66883  0.00194783
        5562     1.67573     1.66883  0.00194748
        5563      1.6747     1.66883  0.00194713
        5564      1.6737     1.66883  0.00194678
        5565     1.67273     1.66883  0.00194643
        5566     1.67182     1.66883  0.00194608
        5567     1.67098     1.66883  0.00194573
        5568     1.67023     1.66883  0.00194539
        5569     1.66958     1.66883  0.00194504
        5570     1.66905     1.66883  0.00194469
        5571     1.66867     1.66883  0.00194434
        5572     1.66845     1.66883  0.00194399
        5573     1.66842     1.66883  0.00194364
        5574     1.66859     1.66883  0.00194329
        5575     1.66898     1.66883  0.00194294
        5576     1.66962     1.66883  0.00194259
        5577     1.67051     1.66883  0.00194225
        5578     1.67166     1.66883   0.0019419
        5579      1.6731     1.66883  0.00194155
        5580     1.67482     1.66884   0.0019412
        5581     1.67683     1.66884  0.00194086
        5582     1.67913     1.66884  0.00194051
        5583     1.68172     1.66884  0.00194016
        5584     1.68458     1.66884  0.00193982
        5585      1.6877     1.66885  0.00193947
        5586     1.69108     1.66885  0.00193913
        5587     1.69469     1.66886  0.00193879
        5588     1.69851     1.66886  0.00193845
        5589     1.70253     1.66887  0.00193811
        5590     1.70673     1.66887  0.00193778
        5591     1.71107     1.66888  0.00193744
        5592     1.71553     1.66889  0.00193712
        5593      1.7201      1.6689  0.00193679
        5594     1.72474     1.66891  0.00193647
        5595     1.72943     1.66892  0.00193615
        5596     1.73415     1.66893  0.00193584
        5597     1.73888     1.66894  0.00193554
        5598     1.74359     1.66896  0.00193524
        5599     1.74825     1.66897  0.00193494
        5600     1.75287     1.66899  0.00193466
        5601      1.7574       1.669  0.00193438
        5602     1.76184     1.66902   0.0019341
        5603     1.76616     1.66904  0.00193383
        5604     1.77036     1.66905  0.00193357
        5605      1.7744     1.66907  0.00193332
        5606     1.77828     1.66909  0.00193307
        5607     1.78198     1.66911  0.00193283
        5608     1.78549     1.66913   0.0019326
        5609      1.7888     1.66915  0.00193237
        5610     1.79188     1.66918  0.00193215
        5611     1.79474      1.6692  0.00193194
        5612     1.79735     1.66922  0.00193173
        5613      1.7997     1.66924  0.00193152
        5614     1.80179     1.66927  0.00193132
        5615      1.8036     1.66929  0.00193113
        5616     1.80513     1.66932  0.00193094
        5617     1.80637     1.66934  0.00193075
        5618     1.80732     1.66937  0.00193056
        5619     1.80796     1.66939  0.00193037
        5620     1.80831     1.66942  0.00193019
        5621     1.80835     1.66944     0.00193
        5622     1.80808     1.66946  0.00192982
        5623     1.80751     1.66949  0.00192963
        5624     1.80665     1.66951  0.00192944
        5625      1.8055     1.66954  0.00192925
        5626     1.80406     1.66956  0.00192905
        5627     1.80235     1.66959  0.00192886
        5628     1.80038     1.66961  0.00192865
        5629     1.79817     1.66963  0.00192845
        5630     1.79573     1.66965  0.00192823
        5631     1.79309     1.66968  0.00192802
        5632     1.79026      1.6697  0.00192779
        5633     1.78728     1.66972  0.00192756
        5634     1.78416     1.66974  0.00192733
        5635     1.78093     1.66976  0.00192709
        5636     1.77762     1.66978  0.00192684
        5637     1.77427      1.6698  0.00192659
        5638     1.77089     1.66981  0.00192633
        5639     1.76752     1.66983  0.00192607
        5640     1.76419     1.66985   0.0019258
        5641      1.7609     1.66986  0.00192552
        5642      1.7577     1.66988  0.00192524
        5643      1.7546     1.66989  0.00192496
        5644     1.75161     1.66991  0.00192467
        5645     1.74876     1.66992  0.00192438
        5646     1.74605     1.66994  0.00192409
        5647     1.74349     1.66995  0.00192379
        5648     1.74108     1.66996  0.00192349
        5649     1.73882     1.66997  0.00192319
        5650     1.73671     1.66999  0.00192289
        5651     1.73473        1.67  0.00192258
        5652     1.73287     1.67001  0.00192227
        5653     1.73113     1.67002  0.00192197
        5654     1.72948     1.67003  0.00192165
        5655      1.7279     1.67004  0.00192134
        5656     1.72638     1.67005  0.00192103
        5657      1.7249     1.67006  0.00192071
        5658     1.72344     1.67007   0.0019204
        5659     1.72198     1.67008  0.00192008
        5660     1.72049     1.67009  0.00191976
        5661     1.71897      1.6701  0.00191944
        5662      1.7174      1.6701  0.00191912
        5663     1.71576     1.67011   0.0019188
        5664     1.71404     1.67012  0.00191847
        5665     1.71222     1.67013  0.00191815
        5666      1.7103     1.67013  0.00191782
        5667     1.70827     1.67014   0.0019175
        5668     1.70612     1.67015  0.00191717
        5669     1.70385     1.67015  0.00191684
        5670     1.70146     1.67016  0.00191651
        5671     1.69895     1.67016  0.00191618
        5672     1.69631     1.67017  0.00191585
        5673     1.69355     1.67017  0.00191551
        5674     1.69068     1.67018  0.00191518
        5675      1.6877     1.67018  0.00191485
        5676     1.68461     1.67018  0.00191451
        5677     1.68142     1.67018  0.00191417
        5678     1.67815     1.67019  0.00191384
        5679     1.67479     1.67019   0.0019135
        5680     1.67136     1.67019  0.00191316
        5681     1.66786     1.67019  0.00191283
        5682     1.66431     1.67018  0.00191249
        5683     1.66071     1.67018  0.00191215
        5684     1.65707     1.67018  0.00191182
        5685      1.6534     1.67018  0.00191149
        5686     1.64971     1.67017  0.00191115
        5687     1.64601     1.67017  0.00191082
        5688      1.6423     1.67017  0.00191049
        5689      1.6386     1.67016  0.00191016
        5690      1.6349     1.67015  0.00190984
        5691     1.63123     1.67015  0.00190951
        5692     1.62758     1.67014  0.00190919
        5693     1.62395     1.67013  0.00190888
        5694     1.62036     1.67012  0.00190856
        5695      1.6168     1.67011  0.00190825
        5696     1.61327      1.6701  0.00190794
        5697     1.60979     1.67009  0.00190763
        5698     1.60634     1.67008  0.00190733
        5699     1.60293     1.67007  0.00190703
        5700     1.59955     1.67006  0.00190674
        5701     1.59621     1.67004  0.00190645
        5702     1.59289     1.67003  0.00190616
        5703      1.5896     1.67002  0.00190588
        5704     1.58633        1.67   0.0019056
        5705     1.58308     1.66999  0.00190533
        5706     1.57984     1.66997  0.00190506
        5707     1.57661     1.66995   0.0019048
        5708     1.57339     1.66994  0.00190454
        5709     1.57017     1.66992  0.00190429
        5710     1.56698      1.6699  0.00190404
        5711     1.56379     1.66988  0.00190379
        5712     1.56064     1.66986  0.00190356
        5713     1.55752     1.66984  0.00190333
        5714     1.55445     1.66982   0.0019031
        5715     1.55145      1.6698  0.00190288
        5716     1.54853     1.66978  0.00190267
        5717     1.54571     1.66976  0.00190246
        5718     1.54301     1.66974  0.00190225
        5719     1.54044     1.66972  0.00190205
        5720     1.53803     1.66969  0.00190186
        5721     1.53577     1.66967  0.00190167
        5722     1.53368     1.66965  0.00190149
        5723     1.53175     1.66962  0.00190131
        5724     1.52997      1.6696  0.00190113
        5725     1.52835     1.66957  0.00190096
        5726     1.52685     1.66955  0.00190079
        5727     1.52545     1.66952  0.00190063
        5728     1.52412      1.6695  0.00190047
        5729     1.52282     1.66947  0.00190031
        5730     1.52151     1.66945  0.00190015
        5731     1.52015     1.66942      0.0019
        5732     1.51869     1.66939  0.00189985
        5733      1.5171     1.66937   0.0018997
        5734     1.51534     1.66934  0.00189956
        5735     1.51336     1.66931  0.00189942
        5736     1.51114     1.66929  0.00189929
        5737     1.50865     1.66926  0.00189917
        5738     1.50586     1.66923  0.00189905
        5739     1.50276      1.6692  0.00189894
        5740     1.49934     1.66917  0.00189884
        5741      1.4956     1.66914  0.00189875
        5742     1.49154     1.66911  0.00189867
        5743     1.48716     1.66908  0.00189861
        5744     1.48249     1.66904  0.00189855
        5745     1.47754     1.66901  0.00189852
        5746     1.47234     1.66898  0.00189849
        5747     1.46692     1.66894  0.00189849
        5748      1.4613     1.66891   0.0018985
        5749     1.45553     1.66887  0.00189853
        5750     1.44965     1.66883  0.00189859
        5751     1.44369     1.66879  0.00189866
        5752      1.4377     1.66875  0.00189876
        5753     1.43173     1.66871  0.00189887
        5754     1.42582     1.66867  0.00189901
        5755     1.42002     1.66862  0.00189917
        5756     1.41438     1.66858  0.00189936
        5757     1.40895     1.66854  0.00189956
        5758     1.40378     1.66849  0.00189979
        5759     1.39892     1.66844  0.00190004
        5760     1.39442      1.6684   0.0019003
        5761     1.39031     1.66835  0.00190058
        5762     1.38665      1.6683  0.00190088
        5763     1.38348     1.66825   0.0019012
        5764     1.38083      1.6682  0.00190152
        5765     1.37872     1.66815  0.00190185
        5766      1.3772      1.6681  0.00190219
        5767     1.37627     1.66805  0.00190253
        5768     1.37596       1.668  0.00190288
        5769     1.37626     1.66795  0.00190322
        5770     1.37717      1.6679  0.00190356
        5771     1.37868     1.66785  0.00190389
        5772     1.38078      1.6678  0.00190421
        5773     1.38342     1.66775  0.00190451
        5774     1.38657      1.6677  0.00190481
        5775      1.3902     1.66765  0.00190508
        5776     1.39424      1.6676  0.00190534
        5777     1.39864     1.66756  0.00190558
        5778     1.40336     1.66751   0.0019058
        5779     1.40832     1.66747    0.001906
        5780     1.41347     1.66742  0.00190617
        5781     1.41875     1.66738  0.00190633
        5782     1.42411     1.66734  0.00190646
        5783     1.42949      1.6673  0.00190658
        5784     1.43484     1.66726  0.00190667
        5785     1.44013     1.66722  0.00190675
        5786     1.44532     1.66718   0.0019068
        5787     1.45037     1.66714  0.00190684
        5788     1.45525      1.6671  0.00190686
        5789     1.45996     1.66707  0.00190687
        5790     1.46447     1.66703  0.00190686
        5791     1.46878       1.667  0.00190684
        5792     1.47287     1.66696   0.0019068
        5793     1.47675     1.66693  0.00190676
        5794     1.48042      1.6669   0.0019067
        5795     1.48389     1.66687  0.00190663
        5796     1.48715     1.66684  0.00190656
        5797     1.49022     1.66681  0.00190647
        5798     1.49311     1.66678  0.00190638
        5799     1.49583     1.66675  0.00190628
        5800     1.49839     1.66672  0.00190617
        5801      1.5008     1.66669  0.00190605
        5802     1.50307     1.66666  0.00190593
        5803     1.50521     1.66663  0.00190581
        5804     1.50723     1.66661  0.00190568
        5805     1.50915     1.66658  0.00190554
        5806     1.51096     1.66655   0.0019054
        5807     1.51269     1.66653  0.00190526
        5808     1.51433      1.6665  0.00190511
        5809      1.5159     1.66647  0.00190496
        5810      1.5174     1.66645  0.00190481
        5811     1.51885     1.66642  0.00190465
        5812     1.52024      1.6664  0.00190449
        5813      1.5216     1.66637  0.00190432
        5814     1.52291     1.66635  0.00190415
        5815      1.5242     1.66632  0.00190398
        5816     1.52546      1.6663  0.00190381
        5817      1.5267     1.66628  0.00190363
        5818     1.52791     1.66625  0.00190345
        5819     1.52911     1.66623  0.00190327
        5820     1.53029      1.6662  0.00190309
        5821     1.53146     1.66618   0.0019029
        5822     1.53261     1.66616  0.00190271
        5823     1.53374     1.66614  0.00190252
        5824     1.53486     1.66611  0.00190233
        5825     1.53595     1.66609  0.00190214
        5826     1.53702     1.66607  0.00190194
        5827     1.53807     1.66605  0.00190174
        5828     1.53908     1.66602  0.00190154
        5829     1.54007       1.666  0.00190133
        5830     1.54102     1.66598  0.00190113
        5831     1.54193     1.66596  0.00190092
        5832      1.5428     1.66594  0.00190071
        5833     1.54362     1.66592   0.0019005
        5834      1.5444      1.6659  0.00190029
        5835     1.54513     1.66588  0.00190008
        5836      1.5458     1.66586  0.00189986
        5837     1.54642     1.66584  0.00189965
        5838     1.54699     1.66582  0.00189943
        5839     1.54751      1.6658  0.00189921
        5840     1.54798     1.66578    0.001899
        5841      1.5484     1.66576  0.00189878
        5842     1.54878     1.66574  0.00189856
        5843     1.54911     1.66572  0.00189834
        5844     1.54941      1.6657  0.00189812
        5845     1.54967     1.66568   0.0018979
        5846     1.54991     1.66566  0.00189768
        5847     1.55012     1.66564  0.00189745
        5848     1.55032     1.66562  0.00189723
        5849      1.5505      1.6656  0.00189701
        5850     1.55068     1.66558  0.00189679
        5851     1.55086     1.66556  0.00189656
        5852     1.55105     1.66554  0.00189634
        5853     1.55126     1.66552  0.00189612
        5854     1.55149      1.6655  0.00189589
        5855     1.55176     1.66548  0.00189567
        5856     1.55206     1.66546  0.00189544
        5857      1.5524     1.66544  0.00189522
        5858     1.55279     1.66542  0.00189499
        5859     1.55323      1.6654  0.00189477
        5860     1.55372     1.66538  0.00189454
        5861     1.55427     1.66536  0.00189431
        5862     1.55488     1.66535  0.00189408
        5863     1.55553     1.66533  0.00189385
        5864     1.55623     1.66531  0.00189362
        5865     1.55696     1.66529  0.00189339
        5866     1.55773     1.66527  0.00189315
        5867     1.55852     1.66525  0.00189292
        5868     1.55931     1.66523  0.00189268
        5869      1.5601     1.66522  0.00189244
        5870     1.56087      1.6652   0.0018922
        5871     1.56161     1.66518  0.00189196
        5872      1.5623     1.66516  0.00189172
        5873     1.56292     1.66515  0.00189148
        5874     1.56347     1.66513  0.00189124
        5875     1.56393     1.66511  0.00189099
        5876     1.56428     1.66509  0.00189075
        5877     1.56451     1.66508  0.00189051
        5878     1.56463     1.66506  0.00189026
        5879     1.56462     1.66504  0.00189002
        5880     1.56448     1.66503  0.00188977
        5881     1.56422     1.66501  0.00188953
        5882     1.56384     1.66499  0.00188929
        5883     1.56336     1.66497  0.00188904
        5884     1.56278     1.66496   0.0018888
        5885     1.56213     1.66494  0.00188856
        5886     1.56141     1.66492  0.00188832
        5887     1.56067      1.6649  0.00188809
        5888     1.55992     1.66489  0.00188785
        5889     1.55918     1.66487  0.00188762
        5890      1.5585     1.66485  0.00188738
        5891      1.5579     1.66483  0.00188715
        5892     1.55742     1.66481  0.00188692
        5893     1.55707      1.6648  0.00188668
        5894     1.55689     1.66478  0.00188645
        5895     1.55691     1.66476  0.00188622
        5896     1.55715     1.66474  0.00188599
        5897     1.55764     1.66472  0.00188576
        5898     1.55839     1.66471  0.00188552
        5899     1.55941     1.66469  0.00188529
        5900     1.56073     1.66467  0.00188505
        5901     1.56233     1.66465  0.00188481
        5902     1.56422     1.66464  0.00188457
        5903      1.5664     1.66462  0.00188432
        5904     1.56886      1.6646  0.00188407
        5905     1.57158     1.66459  0.00188382
        5906     1.57455     1.66457  0.00188356
        5907     1.57775     1.66456   0.0018833
        5908     1.58115     1.66454  0.00188304
        5909     1.58473     1.66453  0.00188277
        5910     1.58847     1.66452  0.00188249
        5911     1.59233      1.6645  0.00188221
        5912     1.59629     1.66449  0.00188193
        5913     1.60032     1.66448  0.00188164
        5914      1.6044     1.66447  0.00188135
        5915     1.60849     1.66446  0.00188106
        5916     1.61259     1.66445  0.00188076
        5917     1.61665     1.66445  0.00188046
        5918     1.62065     1.66444  0.00188016
        5919     1.62459     1.66443  0.00187985
        5920     1.62843     1.66442  0.00187954
        5921     1.63215     1.66442  0.00187923
        5922     1.63575     1.66441  0.00187892
        5923     1.63919     1.66441  0.00187861
        5924     1.64248     1.66441   0.0018783
        5925     1.64559      1.6644  0.00187798
        5926      1.6485      1.6644  0.00187767
        5927     1.65121      1.6644  0.00187735
        5928      1.6537      1.6644  0.00187704
        5929     1.65596      1.6644  0.00187672
        5930     1.65798     1.66439   0.0018764
        5931     1.65975     1.66439  0.00187609
        5932     1.66126     1.66439  0.00187577
        5933      1.6625     1.66439  0.00187546
        5934     1.66346     1.66439  0.00187514
        5935     1.66414     1.66439  0.00187482
        5936     1.66452     1.66439  0.00187451
        5937     1.66461     1.66439  0.00187419
        5938      1.6644     1.66439  0.00187388
        5939     1.66388     1.66439  0.00187356
        5940     1.66304     1.66439  0.00187325
        5941     1.66188     1.66439  0.00187293
        5942     1.66039     1.66439  0.00187261
        5943     1.65857     1.66439   0.0018723
        5944      1.6564     1.66439  0.00187199
        5945     1.65387     1.66439  0.00187167
        5946       1.651     1.66438  0.00187136
        5947     1.64776     1.66438  0.00187105
        5948     1.64415     1.66438  0.00187073
        5949     1.64016     1.66437  0.00187042
        5950      1.6358     1.66437  0.00187012
        5951     1.63107     1.66436  0.00186981
        5952     1.62597     1.66436  0.00186951
        5953      1.6205     1.66435  0.00186921
        5954     1.61467     1.66434  0.00186891
        5955     1.60849     1.66433  0.00186862
        5956     1.60199     1.66432  0.00186834
        5957     1.59518     1.66431  0.00186806
        5958     1.58809      1.6643  0.00186779
        5959     1.58075     1.66428  0.00186753
        5960     1.57321     1.66427  0.00186728
        5961      1.5655     1.66425  0.00186704
        5962     1.55767     1.66423  0.00186681
        5963      1.5498     1.66421   0.0018666
        5964     1.54193     1.66419   0.0018664
        5965     1.53414     1.66417  0.00186621
        5966     1.52649     1.66415  0.00186604
        5967     1.51907     1.66413  0.00186589
        5968     1.51196      1.6641  0.00186575
        5969     1.50523     1.66407  0.00186563
        5970     1.49898     1.66405  0.00186552
        5971     1.49327     1.66402  0.00186542
        5972     1.48818     1.66399  0.00186534
        5973     1.48379     1.66396  0.00186528
        5974     1.48016     1.66393  0.00186522
        5975     1.47732      1.6639  0.00186517
        5976     1.47532     1.66386  0.00186512
        5977     1.47418     1.66383  0.00186508
        5978     1.47391      1.6638  0.00186504
        5979      1.4745     1.66377  0.00186499
        5980     1.47594     1.66374  0.00186495
        5981     1.47819     1.66371  0.00186489
        5982      1.4812     1.66368  0.00186483
        5983     1.48491     1.66365  0.00186476
        5984     1.48926     1.66362  0.00186468
        5985     1.49419     1.66359  0.00186458
        5986     1.49962     1.66356  0.00186447
        5987     1.50547     1.66353  0.00186434
        5988     1.51167     1.66351   0.0018642
        5989     1.51815     1.66348  0.00186405
        5990     1.52485     1.66346  0.00186388
        5991     1.53169     1.66344   0.0018637
        5992     1.53863     1.66342  0.00186351
        5993     1.54562      1.6634   0.0018633
        5994     1.55262     1.66338  0.00186308
        5995     1.55959     1.66336  0.00186285
        5996     1.56651     1.66335  0.00186261
        5997     1.57334     1.66333  0.00186236
        5998     1.58008     1.66332   0.0018621
        5999     1.58671     1.66331  0.00186184
        6000     1.59322     1.66329  0.00186156
        6001      1.5996     1.66328  0.00186128
        6002     1.60584     1.66327    0.001861
        6003     1.61195     1.66327  0.00186071
        6004     1.61791     1.66326  0.00186041
        6005     1.62372     1.66325  0.00186011
        6006     1.62939     1.66325  0.00185981
        6007      1.6349     1.66324  0.00185951
        6008     1.64025     1.66324   0.0018592
        6009     1.64544     1.66323   0.0018589
        6010     1.65046     1.66323  0.00185859
        6011      1.6553     1.66323  0.00185828
        6012     1.65996     1.66323  0.00185797
        6013     1.66444     1.66323  0.00185766
        6014     1.66871     1.66323  0.00185735
        6015     1.67278     1.66323  0.00185704
        6016     1.67664     1.66323  0.00185674
        6017     1.68027     1.66324  0.00185643
        6018     1.68367     1.66324  0.00185612
        6019     1.68684     1.66324  0.00185582
        6020     1.68975     1.66325  0.00185552
        6021     1.69241     1.66325  0.00185522
        6022     1.69481     1.66326  0.00185491
        6023     1.69694     1.66326  0.00185462
        6024      1.6988     1.66327  0.00185432
        6025     1.70038     1.66328  0.00185402
        6026     1.70168     1.66328  0.00185372
        6027     1.70269     1.66329  0.00185343
        6028     1.70341      1.6633  0.00185313
        6029     1.70383      1.6633  0.00185284
        6030     1.70397     1.66331  0.00185254
        6031     1.70381     1.66332  0.00185225
        6032     1.70336     1.66332  0.00185195
        6033     1.70263     1.66333  0.00185166
        6034     1.70162     1.66334  0.00185136
        6035     1.70034     1.66334  0.00185106
        6036     1.69879     1.66335  0.00185077
        6037     1.69699     1.66335  0.00185047
        6038     1.69494     1.66336  0.00185017
        6039     1.69267     1.66336  0.00184987
        6040     1.69019     1.66337  0.00184957
        6041     1.68752     1.66337  0.00184927
        6042     1.68467     1.66338  0.00184896
        6043     1.68166     1.66338  0.00184866
        6044     1.67852     1.66338  0.00184835
        6045     1.67527     1.66338  0.00184805
        6046     1.67194     1.66338  0.00184774
        6047     1.66853     1.66339  0.00184744
        6048     1.66509     1.66339  0.00184713
        6049     1.66164     1.66339  0.00184683
        6050     1.65821     1.66338  0.00184652
        6051     1.65483     1.66338  0.00184622
        6052     1.65153     1.66338  0.00184592
        6053     1.64833     1.66338  0.00184561
        6054     1.64527     1.66338  0.00184531
        6055     1.64238     1.66337  0.00184501
        6056     1.63969     1.66337  0.00184471
        6057     1.63722     1.66336  0.00184441
        6058     1.63502     1.66336  0.00184411
        6059     1.63309     1.66335  0.00184381
        6060     1.63148     1.66335  0.00184352
        6061     1.63021     1.66334  0.00184322
        6062      1.6293     1.66334  0.00184292
        6063     1.62876     1.66333  0.00184263
        6064     1.62861     1.66333  0.00184233
        6065     1.62886     1.66332  0.00184204
        6066     1.62953     1.66332  0.00184174
        6067      1.6306     1.66331  0.00184145
        6068     1.63207      1.6633  0.00184115
        6069     1.63395      1.6633  0.00184085
        6070      1.6362      1.6633  0.00184056
        6071     1.63882     1.66329  0.00184026
        6072     1.64178     1.66329  0.00183996
        6073     1.64505     1.66329  0.00183966
        6074      1.6486     1.66328  0.00183936
        6075     1.65238     1.66328  0.00183905
        6076     1.65636     1.66328  0.00183875
        6077     1.66049     1.66328  0.00183845
        6078     1.66472     1.66328  0.00183815
        6079     1.66901     1.66328  0.00183784
        6080     1.67331     1.66328  0.00183754
        6081     1.67755     1.66328  0.00183724
        6082     1.68171     1.66329  0.00183694
        6083     1.68573     1.66329  0.00183664
        6084     1.68957      1.6633  0.00183635
        6085     1.69318      1.6633  0.00183605
        6086     1.69654     1.66331  0.00183576
        6087      1.6996     1.66331  0.00183547
        6088     1.70233     1.66332  0.00183518
        6089     1.70471     1.66333  0.00183489
        6090     1.70672     1.66333   0.0018346
        6091     1.70835     1.66334  0.00183431
        6092     1.70959     1.66335  0.00183403
        6093     1.71042     1.66335  0.00183374
        6094     1.71087     1.66336  0.00183346
        6095     1.71092     1.66337  0.00183318
        6096     1.71059     1.66338  0.00183289
        6097     1.70991     1.66339  0.00183261
        6098     1.70889     1.66339  0.00183232
        6099     1.70756      1.6634  0.00183204
        6100     1.70595     1.66341  0.00183175
        6101      1.7041     1.66341  0.00183146
        6102     1.70204     1.66342  0.00183117
        6103     1.69981     1.66343  0.00183088
        6104     1.69746     1.66343  0.00183059
        6105     1.69502     1.66344   0.0018303
        6106     1.69254     1.66344     0.00183
        6107     1.69006     1.66345  0.00182971
        6108      1.6876     1.66345  0.00182941
        6109     1.68522     1.66345  0.00182912
        6110     1.68292     1.66346  0.00182882
        6111     1.68075     1.66346  0.00182852
        6112     1.67873     1.66346  0.00182823
        6113     1.67686     1.66346  0.00182793
        6114     1.67517     1.66347  0.00182763
        6115     1.67366     1.66347  0.00182733
        6116     1.67232     1.66347  0.00182703
        6117     1.67117     1.66347  0.00182674
        6118     1.67019     1.66347  0.00182644
        6119     1.66938     1.66347  0.00182614
        6120     1.66873     1.66347  0.00182584
        6121     1.66822     1.66347  0.00182554
        6122     1.66786     1.66348  0.00182524
        6123     1.66762     1.66348  0.00182495
        6124      1.6675     1.66348  0.00182465
        6125     1.66749     1.66348  0.00182435
        6126     1.66759     1.66348  0.00182405
        6127     1.66778     1.66348  0.00182376
        6128     1.66806     1.66348  0.00182346
        6129     1.66844     1.66348  0.00182316
        6130      1.6689     1.66348  0.00182286
        6131     1.66946     1.66348  0.00182257
        6132     1.67011     1.66348  0.00182227
        6133     1.67085     1.66348  0.00182197
        6134     1.67169     1.66349  0.00182168
        6135     1.67261     1.66349  0.00182138
        6136     1.67363     1.66349  0.00182108
        6137     1.67473     1.66349  0.00182079
        6138      1.6759     1.66349  0.00182049
        6139     1.67714     1.66349   0.0018202
        6140     1.67844      1.6635   0.0018199
        6141     1.67978      1.6635  0.00181961
        6142     1.68114      1.6635  0.00181931
        6143      1.6825     1.66351  0.00181902
        6144     1.68384     1.66351  0.00181873
        6145     1.68512     1.66351  0.00181844
        6146     1.68633     1.66352  0.00181814
        6147     1.68744     1.66352  0.00181785
        6148     1.68839     1.66352  0.00181756
        6149     1.68918     1.66353  0.00181727
        6150     1.68975     1.66353  0.00181698
        6151     1.69007     1.66354  0.00181669
        6152     1.69011     1.66354   0.0018164
        6153     1.68984     1.66355  0.00181611
        6154     1.68923     1.66355  0.00181582
        6155     1.68824     1.66355  0.00181553
        6156     1.68685     1.66356  0.00181524
        6157     1.68504     1.66356  0.00181495
        6158     1.68278     1.66356  0.00181465
        6159     1.68007     1.66357  0.00181436
        6160     1.67689     1.66357  0.00181407
        6161     1.67324     1.66357  0.00181377
        6162     1.66911     1.66357  0.00181348
        6163      1.6645     1.66357  0.00181319
        6164     1.65942     1.66357  0.00181289
        6165     1.65389     1.66357   0.0018126
        6166     1.64791     1.66357  0.00181231
        6167     1.64153     1.66356  0.00181202
        6168     1.63475     1.66356  0.00181173
        6169     1.62762     1.66355  0.00181144
        6170     1.62017     1.66355  0.00181116
        6171     1.61245     1.66354  0.00181089
        6172      1.6045     1.66353  0.00181062
        6173     1.59638     1.66352  0.00181036
        6174     1.58813     1.66351  0.00181011
        6175     1.57981     1.66349  0.00180987
        6176     1.57148     1.66348  0.00180963
        6177      1.5632     1.66346  0.00180941
        6178     1.55504     1.66344  0.00180921
        6179     1.54704     1.66342  0.00180901
        6180     1.53928      1.6634  0.00180883
        6181     1.53181     1.66338  0.00180866
        6182     1.52468     1.66336  0.00180851
        6183     1.51795     1.66334  0.00180837
        6184     1.51168     1.66331  0.00180824
        6185      1.5059     1.66329  0.00180813
        6186     1.50064     1.66326  0.00180803
        6187     1.49595     1.66323  0.00180794
        6188     1.49186     1.66321  0.00180786
        6189     1.48838     1.66318  0.00180779
        6190     1.48552     1.66315  0.00180772
        6191      1.4833     1.66312  0.00180766
        6192     1.48171     1.66309  0.00180761
        6193     1.48075     1.66306  0.00180756
        6194     1.48042     1.66303  0.00180751
        6195     1.48068       1.663  0.00180745
        6196     1.48152     1.66297   0.0018074
        6197     1.48291     1.66294  0.00180734
        6198     1.48482     1.66291  0.00180728
        6199     1.48723     1.66289  0.00180721
        6200     1.49008     1.66286  0.00180713
        6201     1.49334     1.66283  0.00180705
        6202     1.49698      1.6628  0.00180695
        6203     1.50096     1.66278  0.00180685
        6204     1.50524     1.66275  0.00180674
        6205     1.50976     1.66273  0.00180662
        6206     1.51451      1.6627  0.00180648
        6207     1.51943     1.66268  0.00180634
        6208     1.52449     1.66266  0.00180619
        6209     1.52966     1.66264  0.00180602
        6210     1.53491     1.66262  0.00180585
        6211      1.5402      1.6626  0.00180566
        6212      1.5455     1.66258  0.00180547
        6213     1.55078     1.66256  0.00180527
        6214     1.55603     1.66254  0.00180506
        6215     1.56122     1.66253  0.00180485
        6216     1.56633     1.66251  0.00180462
        6217     1.57133      1.6625  0.00180439
        6218     1.57621     1.66248  0.00180415
        6219     1.58094     1.66247  0.00180391
        6220     1.58552     1.66246  0.00180366
        6221     1.58992     1.66245  0.00180341
        6222     1.59414     1.66244  0.00180316
        6223     1.59816     1.66242   0.0018029
        6224     1.60197     1.66242  0.00180263
        6225     1.60556     1.66241  0.00180237
        6226     1.60892      1.6624   0.0018021
        6227     1.61206     1.66239  0.00180182
        6228     1.61495     1.66238  0.00180155
        6229      1.6176     1.66237  0.00180128
        6230        1.62     1.66237    0.001801
        6231     1.62215     1.66236  0.00180072
        6232     1.62405     1.66236  0.00180044
        6233     1.62571     1.66235  0.00180017
        6234     1.62713     1.66234  0.00179989
        6235     1.62832     1.66234  0.00179961
        6236     1.62928     1.66233  0.00179932
        6237     1.63002     1.66233  0.00179904
        6238     1.63056     1.66232  0.00179876
        6239      1.6309     1.66232  0.00179848
        6240     1.63106     1.66231   0.0017982
        6241     1.63107     1.66231  0.00179792
        6242     1.63092      1.6623  0.00179764
        6243     1.63064      1.6623  0.00179736
        6244     1.63026     1.66229  0.00179708
        6245     1.62978     1.66229   0.0017968
        6246     1.62923     1.66228  0.00179652
        6247     1.62863     1.66228  0.00179624
        6248       1.628     1.66227  0.00179596
        6249     1.62738     1.66227  0.00179568
        6250     1.62679     1.66226   0.0017954
        6251     1.62624     1.66225  0.00179512
        6252     1.62577     1.66225  0.00179484
        6253     1.62541     1.66224  0.00179457
        6254     1.62518     1.66224  0.00179429
        6255     1.62511     1.66223  0.00179401
        6256     1.62523     1.66222  0.00179374
        6257     1.62557     1.66222  0.00179346
        6258     1.62615     1.66221  0.00179318
        6259     1.62701     1.66221   0.0017929
        6260     1.62817      1.6622  0.00179263
        6261     1.62966      1.6622  0.00179235
        6262      1.6315     1.66219  0.00179207
        6263     1.63371     1.66219  0.00179179
        6264     1.63632     1.66218  0.00179151
        6265     1.63933     1.66218  0.00179122
        6266     1.64276     1.66218  0.00179094
        6267     1.64661     1.66217  0.00179066
        6268     1.65089     1.66217  0.00179037
        6269     1.65558     1.66217  0.00179009
        6270     1.66068     1.66217   0.0017898
        6271     1.66616     1.66217  0.00178952
        6272       1.672     1.66217  0.00178923
        6273     1.67817     1.66218  0.00178895
        6274     1.68463     1.66218  0.00178867
        6275     1.69135     1.66218  0.00178839
        6276     1.69826     1.66219  0.00178811
        6277     1.70533      1.6622  0.00178784
        6278      1.7125      1.6622  0.00178757
        6279     1.71973     1.66221  0.00178731
        6280     1.72696     1.66222  0.00178706
        6281     1.73413     1.66224  0.00178681
        6282     1.74122     1.66225  0.00178657
        6283     1.74815     1.66226  0.00178634
        6284     1.75491     1.66228  0.00178611
        6285     1.76145     1.66229   0.0017859
        6286     1.76774     1.66231  0.00178569
        6287     1.77376     1.66233   0.0017855
        6288     1.77948     1.66234  0.00178531
        6289     1.78489     1.66236  0.00178513
        6290     1.78999     1.66238  0.00178496
        6291     1.79475     1.66241   0.0017848
        6292     1.79919     1.66243  0.00178465
        6293     1.80331     1.66245  0.00178451
        6294     1.80711     1.66247  0.00178437
        6295     1.81059      1.6625  0.00178425
        6296     1.81378     1.66252  0.00178412
        6297     1.81667     1.66254  0.00178401
        6298     1.81929     1.66257   0.0017839
        6299     1.82165      1.6626   0.0017838
        6300     1.82375     1.66262   0.0017837
        6301     1.82562     1.66265   0.0017836
        6302     1.82727     1.66267  0.00178351
        6303     1.82871      1.6627  0.00178342
        6304     1.82996     1.66273  0.00178333
        6305     1.83102     1.66275  0.00178325
        6306      1.8319     1.66278  0.00178317
        6307     1.83262     1.66281  0.00178309
        6308     1.83319     1.66283  0.00178301
        6309     1.83361     1.66286  0.00178294
        6310     1.83389     1.66289  0.00178286
        6311     1.83404     1.66291  0.00178278
        6312     1.83407     1.66294  0.00178271
        6313     1.83398     1.66297  0.00178263
        6314     1.83379       1.663  0.00178255
        6315     1.83348     1.66302  0.00178248
        6316     1.83309     1.66305   0.0017824
        6317      1.8326     1.66308  0.00178232
        6318     1.83203      1.6631  0.00178223
        6319     1.83138     1.66313  0.00178215
        6320     1.83066     1.66316  0.00178207
        6321     1.82986     1.66318  0.00178198
        6322     1.82901     1.66321  0.00178189
        6323     1.82809     1.66323   0.0017818
        6324     1.82711     1.66326  0.00178171
        6325     1.82608     1.66329  0.00178161
        6326       1.825     1.66331  0.00178151
        6327     1.82386     1.66334  0.00178141
        6328     1.82267     1.66336  0.00178131
        6329     1.82143     1.66339   0.0017812
        6330     1.82013     1.66341  0.00178109
        6331     1.81878     1.66344  0.00178098
        6332     1.81738     1.66346  0.00178087
        6333     1.81591     1.66349  0.00178075
        6334     1.81439     1.66351  0.00178062
        6335      1.8128     1.66353   0.0017805
        6336     1.81114     1.66356  0.00178037
        6337     1.80942     1.66358  0.00178024
        6338     1.80763      1.6636   0.0017801
        6339     1.80577     1.66362  0.00177996
        6340     1.80385     1.66365  0.00177982
        6341     1.80185     1.66367  0.00177967
        6342     1.79979     1.66369  0.00177952
        6343     1.79767     1.66371  0.00177937
        6344      1.7955     1.66373  0.00177921
        6345     1.79327     1.66375  0.00177904
        6346       1.791     1.66377  0.00177888
        6347      1.7887     1.66379  0.00177871
        6348     1.78637     1.66381  0.00177853
        6349     1.78403     1.66383  0.00177835
        6350     1.78169     1.66385  0.00177817
        6351     1.77936     1.66387  0.00177798
        6352     1.77706     1.66388  0.00177779
        6353     1.77481      1.6639   0.0017776
        6354     1.77261     1.66392   0.0017774
        6355     1.77049     1.66394   0.0017772
        6356     1.76846     1.66395  0.00177699
        6357     1.76652     1.66397  0.00177679
        6358     1.76469     1.66398  0.00177658
        6359     1.76298       1.664  0.00177637
        6360      1.7614     1.66402  0.00177615
        6361     1.75996     1.66403  0.00177594
        6362     1.75866     1.66404  0.00177572
        6363      1.7575     1.66406   0.0017755
        6364     1.75649     1.66407  0.00177528
        6365     1.75561     1.66409  0.00177506
        6366     1.75488      1.6641  0.00177484
        6367     1.75428     1.66412  0.00177462
        6368     1.75381     1.66413   0.0017744
        6369     1.75344     1.66415  0.00177417
        6370     1.75318     1.66416  0.00177395
        6371     1.75301     1.66417  0.00177373
        6372      1.7529     1.66419   0.0017735
        6373     1.75286      1.6642  0.00177328
        6374     1.75285     1.66421  0.00177306
        6375     1.75288     1.66423  0.00177283
        6376     1.75291     1.66424  0.00177261
        6377     1.75293     1.66426  0.00177239
        6378     1.75293     1.66427  0.00177216
        6379      1.7529     1.66428  0.00177194
        6380     1.75281      1.6643  0.00177172
        6381     1.75267     1.66431  0.00177149
        6382     1.75244     1.66433  0.00177127
        6383     1.75214     1.66434  0.00177104
        6384     1.75174     1.66435  0.00177082
        6385     1.75124     1.66437  0.00177059
        6386     1.75064     1.66438  0.00177037
        6387     1.74993     1.66439  0.00177014
        6388     1.74912     1.66441  0.00176991
        6389     1.74819     1.66442  0.00176969
        6390     1.74714     1.66443  0.00176946
        6391     1.74597     1.66445  0.00176923
        6392     1.74467     1.66446  0.00176899
        6393     1.74326     1.66447  0.00176876
        6394     1.74171     1.66448  0.00176852
        6395     1.74003     1.66449  0.00176829
        6396     1.73823     1.66451  0.00176805
        6397     1.73628     1.66452  0.00176781
        6398      1.7342     1.66453  0.00176757
        6399     1.73198     1.66454  0.00176732
        6400     1.72962     1.66455  0.00176707
        6401      1.7271     1.66456  0.00176682
        6402     1.72444     1.66457  0.00176657
        6403     1.72161     1.66458  0.00176632
        6404     1.71862     1.66459  0.00176606
        6405     1.71547     1.66459  0.00176581
        6406     1.71214      1.6646  0.00176555
        6407     1.70864     1.66461  0.00176528
        6408     1.70496     1.66461  0.00176502
        6409     1.70109     1.66462  0.00176475
        6410     1.69704     1.66462  0.00176449
        6411     1.69281     1.66463  0.00176422
        6412     1.68839     1.66463  0.00176394
        6413     1.68379     1.66464  0.00176367
        6414     1.67901     1.66464   0.0017634
        6415     1.67406     1.66464  0.00176312
        6416     1.66895     1.66464  0.00176285
        6417     1.66368     1.66464  0.00176257
        6418     1.65828     1.66464   0.0017623
        6419     1.65274     1.66464  0.00176203
        6420     1.64709     1.66463  0.00176175
        6421     1.64135     1.66463  0.00176148
        6422     1.63554     1.66463  0.00176122
        6423     1.62969     1.66462  0.00176095
        6424     1.62382     1.66461  0.00176069
        6425     1.61795     1.66461  0.00176043
        6426     1.61213      1.6646  0.00176017
        6427     1.60639     1.66459  0.00175992
        6428     1.60074     1.66458  0.00175968
        6429     1.59524     1.66457  0.00175944
        6430     1.58992     1.66456   0.0017592
        6431      1.5848     1.66455  0.00175897
        6432     1.57993     1.66453  0.00175875
        6433     1.57534     1.66452  0.00175853
        6434     1.57106      1.6645  0.00175831
        6435     1.56712     1.66449  0.00175811
        6436     1.56356     1.66447   0.0017579
        6437     1.56039     1.66446   0.0017577
        6438     1.55764     1.66444  0.00175751
        6439     1.55532     1.66442  0.00175732
        6440     1.55344     1.66441  0.00175713
        6441     1.55201     1.66439  0.00175694
        6442     1.55104     1.66437  0.00175676
        6443     1.55051     1.66435  0.00175658
        6444     1.55041     1.66434  0.00175639
        6445     1.55073     1.66432  0.00175621
        6446     1.55145      1.6643  0.00175602
        6447     1.55254     1.66428  0.00175584
        6448     1.55398     1.66427  0.00175565
        6449     1.55574     1.66425  0.00175546
        6450     1.55778     1.66423  0.00175526
        6451     1.56008     1.66422  0.00175506
        6452     1.56261      1.6642  0.00175486
        6453     1.56535     1.66419  0.00175466
        6454     1.56827     1.66417  0.00175445
        6455     1.57136     1.66416  0.00175423
        6456     1.57461     1.66414  0.00175402
        6457     1.57801     1.66413   0.0017538
        6458     1.58157     1.66412  0.00175357
        6459     1.58529      1.6641  0.00175334
        6460     1.58919     1.66409  0.00175311
        6461     1.59327     1.66408  0.00175287
        6462     1.59755     1.66407  0.00175263
        6463     1.60205     1.66406  0.00175239
        6464     1.60677     1.66405  0.00175214
        6465     1.61171     1.66404  0.00175189
        6466     1.61686     1.66404  0.00175163
        6467     1.62222     1.66403  0.00175137
        6468     1.62775     1.66403  0.00175111
        6469     1.63342     1.66402  0.00175084
        6470     1.63918     1.66402  0.00175058
        6471     1.64498     1.66401  0.00175031
        6472     1.65075     1.66401  0.00175004
        6473     1.65643     1.66401  0.00174977
        6474     1.66194     1.66401   0.0017495
        6475     1.66723     1.66401  0.00174923
        6476     1.67221     1.66401  0.00174896
        6477     1.67683     1.66401  0.00174869
        6478     1.68103     1.66402  0.00174842
        6479     1.68476     1.66402  0.00174816
        6480     1.68799     1.66402  0.00174789
        6481     1.69068     1.66403  0.00174763
        6482     1.69281     1.66403  0.00174736
        6483     1.69438     1.66404   0.0017471
        6484     1.69538     1.66404  0.00174684
        6485     1.69582     1.66405  0.00174657
        6486     1.69571     1.66405  0.00174631
        6487      1.6951     1.66406  0.00174605
        6488     1.69399     1.66406  0.00174579
        6489     1.69243     1.66407  0.00174552
        6490     1.69047     1.66407  0.00174526
        6491     1.68814     1.66407  0.00174499
        6492      1.6855     1.66408  0.00174473
        6493      1.6826     1.66408  0.00174446
        6494     1.67949     1.66408  0.00174419
        6495     1.67624     1.66408  0.00174393
        6496      1.6729     1.66408  0.00174366
        6497     1.66953     1.66409  0.00174339
        6498     1.66618     1.66409  0.00174312
        6499     1.66291     1.66409  0.00174285
        6500     1.65977     1.66408  0.00174259
        6501     1.65682     1.66408  0.00174232
        6502     1.65411     1.66408  0.00174205
        6503     1.65168     1.66408  0.00174178
        6504     1.64958     1.66408  0.00174152
        6505     1.64783     1.66408  0.00174125
        6506     1.64649     1.66407  0.00174099
        6507     1.64556     1.66407  0.00174072
        6508     1.64508     1.66407  0.00174046
        6509     1.64506     1.66406  0.00174019
        6510     1.64551     1.66406  0.00173993
        6511     1.64644     1.66406  0.00173966
        6512     1.64785     1.66406   0.0017394
        6513     1.64972     1.66405  0.00173913
        6514     1.65205     1.66405  0.00173886
        6515     1.65481     1.66405   0.0017386
        6516     1.65799     1.66405  0.00173833
        6517     1.66154     1.66405  0.00173806
        6518     1.66545     1.66405   0.0017378
        6519     1.66967     1.66405  0.00173753
        6520     1.67417     1.66405  0.00173727
        6521     1.67891     1.66405    0.001737
        6522     1.68384     1.66406  0.00173674
        6523     1.68893     1.66406  0.00173648
        6524     1.69413     1.66407  0.00173621
        6525     1.69939     1.66407  0.00173596
        6526     1.70469     1.66408   0.0017357
        6527     1.70996     1.66408  0.00173545
        6528     1.71519     1.66409   0.0017352
        6529     1.72033      1.6641  0.00173496
        6530     1.72534     1.66411  0.00173472
        6531     1.73019     1.66412  0.00173448
        6532     1.73487     1.66413  0.00173425
        6533     1.73933     1.66414  0.00173402
        6534     1.74355     1.66415   0.0017338
        6535     1.74752     1.66417  0.00173358
        6536     1.75122     1.66418  0.00173337
        6537     1.75462     1.66419  0.00173316
        6538     1.75772     1.66421  0.00173295
        6539     1.76049     1.66422  0.00173275
        6540     1.76293     1.66424  0.00173255
        6541     1.76503     1.66425  0.00173235
        6542     1.76678     1.66427  0.00173216
        6543     1.76818     1.66429  0.00173197
        6544     1.76921      1.6643  0.00173178
        6545     1.76989     1.66432  0.00173159
        6546      1.7702     1.66433   0.0017314
        6547     1.77015     1.66435  0.00173121
        6548     1.76973     1.66437  0.00173102
        6549     1.76895     1.66438  0.00173083
        6550     1.76782      1.6644  0.00173064
        6551     1.76634     1.66441  0.00173044
        6552     1.76451     1.66443  0.00173025
        6553     1.76235     1.66444  0.00173005
        6554     1.75986     1.66446  0.00172984
        6555     1.75705     1.66447  0.00172964
        6556     1.75394     1.66449  0.00172943
        6557     1.75053      1.6645  0.00172921
        6558     1.74684     1.66451    0.001729
        6559     1.74289     1.66452  0.00172877
        6560      1.7387     1.66454  0.00172855
        6561     1.73427     1.66455  0.00172832
        6562     1.72963     1.66456  0.00172808
        6563      1.7248     1.66457  0.00172784
        6564     1.71979     1.66457   0.0017276
        6565     1.71464     1.66458  0.00172735
        6566     1.70935     1.66459   0.0017271
        6567     1.70396     1.66459  0.00172685
        6568     1.69848      1.6646   0.0017266
        6569     1.69293      1.6646  0.00172634
        6570     1.68735     1.66461  0.00172608
        6571     1.68176     1.66461  0.00172582
        6572     1.67616     1.66461  0.00172556
        6573     1.67059     1.66461  0.00172529
        6574     1.66507     1.66461  0.00172503
        6575     1.65961     1.66461  0.00172477
        6576     1.65424     1.66461  0.00172451
        6577     1.64897     1.66461  0.00172425
        6578     1.64382      1.6646  0.00172399
        6579      1.6388      1.6646  0.00172373
        6580     1.63393      1.6646  0.00172348
        6581     1.62922     1.66459  0.00172322
        6582     1.62466     1.66458  0.00172297
        6583     1.62028     1.66458  0.00172272
        6584     1.61608     1.66457  0.00172248
        6585     1.61205     1.66456  0.00172223
        6586      1.6082     1.66455  0.00172199
        6587     1.60451     1.66454  0.00172176
        6588       1.601     1.66453  0.00172152
        6589     1.59764     1.66452  0.00172129
        6590     1.59442     1.66451  0.00172106
        6591     1.59134      1.6645  0.00172084
        6592     1.58838     1.66449  0.00172061
        6593     1.58552     1.66448  0.00172039
        6594     1.58275     1.66447  0.00172018
        6595     1.58004     1.66445  0.00171997
        6596     1.57739     1.66444  0.00171975
        6597     1.57477     1.66443  0.00171955
        6598     1.57217     1.66441  0.00171934
        6599     1.56957      1.6644  0.00171914
        6600     1.56694     1.66438  0.00171895
        6601     1.56429     1.66437  0.00171875
        6602     1.56159     1.66435  0.00171856
        6603     1.55883     1.66434  0.00171838
        6604     1.55601     1.66432   0.0017182
        6605     1.55312      1.6643  0.00171802
        6606     1.55016     1.66429  0.00171784
        6607     1.54712     1.66427  0.00171768
        6608     1.54402     1.66425  0.00171751
        6609     1.54085     1.66423  0.00171735
        6610     1.53762     1.66421   0.0017172
        6611     1.53434     1.66419  0.00171705
        6612     1.53104     1.66417  0.00171691
        6613     1.52772     1.66415  0.00171678
        6614     1.52441     1.66413  0.00171665
        6615     1.52113     1.66411  0.00171652
        6616     1.51791     1.66409  0.00171641
        6617     1.51476     1.66407   0.0017163
        6618     1.51173     1.66404  0.00171619
        6619     1.50884     1.66402  0.00171609
        6620     1.50612       1.664    0.001716
        6621      1.5036     1.66397  0.00171591
        6622     1.50132     1.66395  0.00171583
        6623      1.4993     1.66392  0.00171575
        6624     1.49757      1.6639  0.00171567
        6625     1.49616     1.66387   0.0017156
        6626     1.49508     1.66385  0.00171553
        6627     1.49435     1.66382  0.00171546
        6628       1.494     1.66379  0.00171539
        6629     1.49402     1.66377  0.00171533
        6630     1.49441     1.66374  0.00171526
        6631     1.49519     1.66372  0.00171519
        6632     1.49634     1.66369  0.00171512
        6633     1.49784     1.66367  0.00171504
        6634      1.4997     1.66364  0.00171496
        6635     1.50187     1.66362  0.00171487
        6636     1.50435     1.66359  0.00171478
        6637      1.5071     1.66357  0.00171469
        6638     1.51009     1.66355  0.00171458
        6639     1.51329     1.66353  0.00171448
        6640     1.51668      1.6635  0.00171436
        6641     1.52022     1.66348  0.00171424
        6642     1.52388     1.66346  0.00171411
        6643     1.52765     1.66344  0.00171397
        6644     1.53148     1.66342  0.00171383
        6645     1.53537      1.6634  0.00171368
        6646     1.53929     1.66338  0.00171352
        6647     1.54323     1.66336  0.00171336
        6648     1.54718     1.66335  0.00171319
        6649     1.55113     1.66333  0.00171302
        6650     1.55507     1.66331  0.00171284
        6651       1.559      1.6633  0.00171265
        6652     1.56293     1.66328  0.00171246
        6653     1.56684     1.66327  0.00171226
        6654     1.57075     1.66325  0.00171206
        6655     1.57465     1.66324  0.00171186
        6656     1.57854     1.66323  0.00171165
        6657     1.58243     1.66322  0.00171143
        6658     1.58631      1.6632  0.00171122
        6659     1.59018     1.66319  0.00171099
        6660     1.59404     1.66318  0.00171077
        6661     1.59788     1.66317  0.00171054
        6662     1.60169     1.66316  0.00171031
        6663     1.60546     1.66316  0.00171007
        6664     1.60919     1.66315  0.00170984
        6665     1.61286     1.66314   0.0017096
        6666     1.61645     1.66313  0.00170935
        6667     1.61996     1.66313  0.00170911
        6668     1.62336     1.66312  0.00170886
        6669     1.62665     1.66312  0.00170862
        6670      1.6298     1.66311  0.00170837
        6671      1.6328     1.66311  0.00170812
        6672     1.63564      1.6631  0.00170787
        6673      1.6383      1.6631  0.00170761
        6674     1.64076     1.66309  0.00170736
        6675     1.64301     1.66309  0.00170711
        6676     1.64504     1.66309  0.00170686
        6677     1.64685     1.66309   0.0017066
        6678     1.64842     1.66308  0.00170635
        6679     1.64974     1.66308  0.00170609
        6680     1.65082     1.66308  0.00170584
        6681     1.65166     1.66308  0.00170558
        6682     1.65226     1.66308  0.00170533
        6683     1.65262     1.66308  0.00170508
        6684     1.65277     1.66307  0.00170482
        6685      1.6527     1.66307  0.00170457
        6686     1.65245     1.66307  0.00170431
        6687     1.65203     1.66307  0.00170406
        6688     1.65147     1.66307   0.0017038
        6689      1.6508     1.66307  0.00170355
        6690     1.65005     1.66306   0.0017033
        6691     1.64926     1.66306  0.00170304
        6692     1.64846     1.66306  0.00170279
        6693      1.6477     1.66306  0.00170254
        6694       1.647     1.66305  0.00170229
        6695     1.64642     1.66305  0.00170203
        6696     1.64598     1.66305  0.00170178
        6697     1.64573     1.66305  0.00170153
        6698      1.6457     1.66304  0.00170128
        6699     1.64593     1.66304  0.00170102
        6700     1.64642     1.66304  0.00170077
        6701     1.64722     1.66304  0.00170052
        6702     1.64832     1.66303  0.00170027
        6703     1.64975     1.66303  0.00170002
        6704     1.65149     1.66303  0.00169976
        6705     1.65355     1.66303  0.00169951
        6706     1.65591     1.66303  0.00169926
        6707     1.65855     1.66303    0.001699
        6708     1.66144     1.66303  0.00169875
        6709     1.66455     1.66303   0.0016985
        6710     1.66784     1.66303  0.00169824
        6711     1.67127     1.66303  0.00169799
        6712     1.67479     1.66303  0.00169774
        6713     1.67836     1.66303  0.00169749
        6714     1.68193     1.66304  0.00169724
        6715     1.68544     1.66304  0.00169699
        6716     1.68885     1.66304  0.00169674
        6717     1.69211     1.66305  0.00169649
        6718     1.69517     1.66305  0.00169625
        6719     1.69799     1.66306    0.001696
        6720     1.70053     1.66306  0.00169576
        6721     1.70275     1.66307  0.00169552
        6722     1.70462     1.66308  0.00169528
        6723     1.70611     1.66308  0.00169504
        6724      1.7072     1.66309   0.0016948
        6725     1.70785      1.6631  0.00169456
        6726     1.70805      1.6631  0.00169432
        6727     1.70779     1.66311  0.00169408
        6728     1.70705     1.66312  0.00169384
        6729     1.70582     1.66312   0.0016936
        6730      1.7041     1.66313  0.00169336
        6731      1.7019     1.66313  0.00169312
        6732      1.6992     1.66314  0.00169288
        6733     1.69603     1.66314  0.00169263
        6734     1.69239     1.66315  0.00169239
        6735      1.6883     1.66315  0.00169214
        6736     1.68378     1.66315  0.00169189
        6737     1.67885     1.66316  0.00169164
        6738     1.67356     1.66316  0.00169139
        6739     1.66792     1.66316  0.00169114
        6740     1.66199     1.66316  0.00169089
        6741     1.65581     1.66316  0.00169064
        6742     1.64943     1.66316  0.00169039
        6743     1.64289     1.66315  0.00169014
        6744     1.63626     1.66315  0.00168989
        6745      1.6296     1.66314  0.00168965
        6746     1.62296     1.66314  0.00168941
        6747     1.61641     1.66313  0.00168917
        6748     1.61001     1.66312  0.00168894
        6749     1.60381     1.66311  0.00168872
        6750     1.59788      1.6631  0.00168849
        6751     1.59226     1.66309  0.00168828
        6752       1.587     1.66308  0.00168806
        6753     1.58215     1.66307  0.00168786
        6754     1.57773     1.66306  0.00168765
        6755     1.57378     1.66305  0.00168745
        6756     1.57031     1.66303  0.00168726
        6757     1.56733     1.66302  0.00168707
        6758     1.56485       1.663  0.00168688
        6759     1.56288     1.66299   0.0016867
        6760     1.56139     1.66297  0.00168652
        6761     1.56037     1.66296  0.00168633
        6762     1.55982     1.66294  0.00168615
        6763      1.5597     1.66293  0.00168597
        6764     1.55998     1.66291  0.00168579
        6765     1.56065      1.6629  0.00168561
        6766     1.56168     1.66288  0.00168543
        6767     1.56304     1.66287  0.00168525
        6768     1.56471     1.66285  0.00168506
        6769     1.56666     1.66284  0.00168487
        6770     1.56886     1.66282  0.00168468
        6771     1.57129     1.66281  0.00168448
        6772     1.57394      1.6628  0.00168429
        6773     1.57677     1.66279  0.00168408
        6774     1.57978     1.66277  0.00168388
        6775     1.58295     1.66276  0.00168367
        6776     1.58625     1.66275  0.00168346
        6777     1.58967     1.66274  0.00168325
        6778      1.5932     1.66273  0.00168303
        6779     1.59681     1.66272  0.00168281
        6780      1.6005     1.66271  0.00168259
        6781     1.60425      1.6627  0.00168236
        6782     1.60803     1.66269  0.00168213
        6783     1.61184     1.66269   0.0016819
        6784     1.61566     1.66268  0.00168167
        6785     1.61946     1.66267  0.00168143
        6786     1.62324     1.66267   0.0016812
        6787     1.62697     1.66266  0.00168096
        6788     1.63064     1.66266  0.00168071
        6789     1.63423     1.66265  0.00168047
        6790     1.63773     1.66265  0.00168023
        6791     1.64112     1.66265  0.00167998
        6792     1.64438     1.66264  0.00167974
        6793      1.6475     1.66264  0.00167949
        6794     1.65047     1.66264  0.00167925
        6795     1.65328     1.66264    0.001679
        6796     1.65592     1.66264  0.00167875
        6797     1.65838     1.66264  0.00167851
        6798     1.66065     1.66264  0.00167826
        6799     1.66273     1.66264  0.00167801
        6800     1.66461     1.66264  0.00167777
        6801      1.6663     1.66264  0.00167752
        6802      1.6678     1.66264  0.00167727
        6803     1.66909     1.66264  0.00167703
        6804      1.6702     1.66264  0.00167678
        6805     1.67112     1.66264  0.00167654
        6806     1.67187     1.66264  0.00167629
        6807     1.67245     1.66264  0.00167604
        6808     1.67288     1.66265   0.0016758
        6809     1.67317     1.66265  0.00167555
        6810     1.67333     1.66265  0.00167531
        6811     1.67338     1.66265  0.00167506
        6812     1.67333     1.66265  0.00167482
        6813      1.6732     1.66265  0.00167457
        6814       1.673     1.66265  0.00167433
        6815     1.67276     1.66266  0.00167408
        6816     1.67248     1.66266  0.00167384
        6817     1.67219     1.66266  0.00167359
        6818      1.6719     1.66266  0.00167335
        6819     1.67163     1.66266   0.0016731
        6820      1.6714     1.66266  0.00167286
        6821     1.67121     1.66266  0.00167261
        6822     1.67108     1.66267  0.00167237
        6823     1.67101     1.66267  0.00167212
        6824     1.67103     1.66267  0.00167188
        6825     1.67113     1.66267  0.00167163
        6826     1.67133     1.66267  0.00167139
        6827     1.67162     1.66267  0.00167115
        6828       1.672     1.66267   0.0016709
        6829     1.67249     1.66267  0.00167066
        6830     1.67307     1.66268  0.00167041
        6831     1.67374     1.66268  0.00167017
        6832     1.67451     1.66268  0.00166993
        6833     1.67536     1.66268  0.00166968
        6834     1.67629     1.66268  0.00166944
        6835     1.67729     1.66269   0.0016692
        6836     1.67835     1.66269  0.00166895
        6837     1.67948     1.66269  0.00166871
        6838     1.68066     1.66269  0.00166847
        6839     1.68189      1.6627  0.00166823
        6840     1.68316      1.6627  0.00166799
        6841     1.68448      1.6627  0.00166775
        6842     1.68583      1.6627  0.00166751
        6843     1.68723     1.66271  0.00166727
        6844     1.68866     1.66271  0.00166703
        6845     1.69012     1.66272  0.00166679
        6846     1.69163     1.66272  0.00166655
        6847     1.69318     1.66272  0.00166631
        6848     1.69479     1.66273  0.00166608
        6849     1.69645     1.66273  0.00166584
        6850     1.69817     1.66274   0.0016656
        6851     1.69998     1.66275  0.00166537
        6852     1.70188     1.66275  0.00166514
        6853     1.70387     1.66276   0.0016649
        6854     1.70598     1.66276  0.00166467
        6855      1.7082     1.66277  0.00166444
        6856     1.71056     1.66278  0.00166422
        6857     1.71306     1.66278  0.00166399
        6858     1.71571     1.66279  0.00166376
        6859     1.71852      1.6628  0.00166354
        6860     1.72149     1.66281  0.00166332
        6861     1.72462     1.66282   0.0016631
        6862     1.72792     1.66283  0.00166289
        6863     1.73137     1.66284  0.00166268
        6864     1.73497     1.66285  0.00166247
        6865     1.73872     1.66286  0.00166226
        6866     1.74258     1.66287  0.00166206
        6867     1.74654     1.66288  0.00166186
        6868     1.75059      1.6629  0.00166167
        6869     1.75469     1.66291  0.00166148
        6870     1.75881     1.66292   0.0016613
        6871     1.76293     1.66294  0.00166112
        6872       1.767     1.66295  0.00166095
        6873     1.77099     1.66297  0.00166078
        6874     1.77485     1.66298  0.00166062
        6875     1.77855       1.663  0.00166046
        6876     1.78205     1.66302  0.00166031
        6877      1.7853     1.66304  0.00166016
        6878     1.78825     1.66305  0.00166002
        6879     1.79088     1.66307  0.00165989
        6880     1.79313     1.66309  0.00165975
        6881     1.79497     1.66311  0.00165962
        6882     1.79636     1.66313  0.00165949
        6883     1.79726     1.66315  0.00165937
        6884     1.79766     1.66317  0.00165924
        6885     1.79751     1.66319  0.00165911
        6886     1.79679     1.66321  0.00165899
        6887     1.79549     1.66323  0.00165886
        6888     1.79358     1.66325  0.00165872
        6889     1.79106     1.66326  0.00165859
        6890     1.78791     1.66328  0.00165845
        6891     1.78415      1.6633   0.0016583
        6892     1.77977     1.66332  0.00165814
        6893     1.77479     1.66333  0.00165798
        6894     1.76922     1.66335  0.00165781
        6895     1.76308     1.66336  0.00165763
        6896     1.75641     1.66338  0.00165745
        6897     1.74924     1.66339  0.00165726
        6898     1.74161      1.6634  0.00165705
        6899     1.73357     1.66341  0.00165684
        6900     1.72517     1.66342  0.00165663
        6901     1.71647     1.66343  0.00165641
        6902     1.70753     1.66343  0.00165618
        6903     1.69842     1.66344  0.00165595
        6904      1.6892     1.66344  0.00165571
        6905     1.67997     1.66344  0.00165547
        6906     1.67078     1.66345  0.00165523
        6907     1.66171     1.66345  0.00165499
        6908     1.65284     1.66344  0.00165476
        6909     1.64425     1.66344  0.00165452
        6910       1.636     1.66344  0.00165428
        6911     1.62817     1.66343  0.00165405
        6912     1.62081     1.66343  0.00165382
        6913       1.614     1.66342   0.0016536
        6914     1.60778     1.66341  0.00165338
        6915      1.6022      1.6634  0.00165317
        6916     1.59729     1.66339  0.00165295
        6917      1.5931     1.66338  0.00165275
        6918     1.58965     1.66337  0.00165254
        6919     1.58695     1.66336  0.00165234
        6920     1.58501     1.66335  0.00165214
        6921     1.58382     1.66334  0.00165194
        6922     1.58338     1.66333  0.00165174
        6923     1.58368     1.66331  0.00165154
        6924     1.58468      1.6633  0.00165134
        6925     1.58636     1.66329  0.00165114
        6926     1.58868     1.66328  0.00165094
        6927      1.5916     1.66327  0.00165073
        6928     1.59508     1.66326  0.00165053
        6929     1.59906     1.66325  0.00165031
        6930     1.60349     1.66324   0.0016501
        6931     1.60833     1.66324  0.00164988
        6932     1.61353     1.66323  0.00164966
        6933     1.61902     1.66322  0.00164943
        6934     1.62476     1.66322   0.0016492
        6935     1.63071     1.66321  0.00164897
        6936     1.63681     1.66321  0.00164874
        6937     1.64303     1.66321   0.0016485
        6938     1.64932      1.6632  0.00164827
        6939     1.65563      1.6632  0.00164803
        6940     1.66194      1.6632  0.00164779
        6941     1.66822      1.6632  0.00164755
        6942     1.67444      1.6632  0.00164732
        6943     1.68056     1.66321  0.00164708
        6944     1.68657     1.66321  0.00164685
        6945     1.69245     1.66321  0.00164662
        6946     1.69818     1.66322  0.00164639
        6947     1.70374     1.66323  0.00164616
        6948     1.70912     1.66323  0.00164594
        6949     1.71431     1.66324  0.00164572
        6950      1.7193     1.66325   0.0016455
        6951     1.72408     1.66326  0.00164529
        6952     1.72864     1.66327  0.00164508
        6953     1.73298     1.66328  0.00164487
        6954     1.73708     1.66329  0.00164467
        6955     1.74094      1.6633  0.00164447
        6956     1.74456     1.66331  0.00164427
        6957     1.74793     1.66332  0.00164408
        6958     1.75105     1.66333   0.0016439
        6959     1.75391     1.66335  0.00164371
        6960      1.7565     1.66336  0.00164353
        6961     1.75884     1.66337  0.00164335
        6962      1.7609     1.66339  0.00164317
        6963      1.7627      1.6634    0.001643
        6964     1.76422     1.66342  0.00164283
        6965     1.76547     1.66343  0.00164266
        6966     1.76646     1.66345  0.00164249
        6967     1.76718     1.66346  0.00164232
        6968     1.76762     1.66348  0.00164215
        6969     1.76781     1.66349  0.00164198
        6970     1.76773     1.66351  0.00164182
        6971     1.76741     1.66352  0.00164165
        6972     1.76683     1.66354  0.00164148
        6973     1.76602     1.66355  0.00164131
        6974     1.76499     1.66356  0.00164114
        6975     1.76374     1.66358  0.00164097
        6976     1.76228     1.66359  0.00164079
        6977     1.76063     1.66361  0.00164062
        6978     1.75881     1.66362  0.00164044
        6979     1.75683     1.66363  0.00164026
        6980      1.7547     1.66365  0.00164007
        6981     1.75244     1.66366  0.00163989
        6982     1.75005     1.66367   0.0016397
        6983     1.74755     1.66368  0.00163951
        6984     1.74495      1.6637  0.00163932
        6985     1.74225     1.66371  0.00163912
        6986     1.73946     1.66372  0.00163892
        6987     1.73658     1.66373  0.00163872
        6988     1.73362     1.66374  0.00163852
        6989     1.73057     1.66375  0.00163831
        6990     1.72743     1.66376   0.0016381
        6991     1.72421     1.66377  0.00163789
        6992      1.7209     1.66377  0.00163768
        6993     1.71749     1.66378  0.00163746
        6994     1.71399     1.66379  0.00163724
        6995      1.7104      1.6638  0.00163702
        6996     1.70672      1.6638   0.0016368
        6997     1.70295     1.66381  0.00163657
        6998     1.69911     1.66381  0.00163635
        6999     1.69521     1.66382  0.00163612
        7000     1.69127     1.66382  0.00163589
        7001     1.68731     1.66382  0.00163566
        7002     1.68336     1.66383  0.00163543
        7003     1.67944     1.66383   0.0016352
        7004      1.6756     1.66383  0.00163496
        7005     1.67186     1.66383  0.00163473
        7006     1.66827     1.66383   0.0016345
        7007     1.66487     1.66383  0.00163427
        7008      1.6617     1.66383  0.00163403
        7009      1.6588     1.66383   0.0016338
        7010     1.65621     1.66383  0.00163357
        7011     1.65397     1.66383  0.00163333
        7012     1.65211     1.66383   0.0016331
        7013     1.65066     1.66383  0.00163287
        7014     1.64964     1.66382  0.00163264
        7015     1.64908     1.66382  0.00163241
        7016     1.64898     1.66382  0.00163218
        7017     1.64935     1.66382  0.00163194
        7018     1.65018     1.66382  0.00163171
        7019     1.65147     1.66381  0.00163148
        7020      1.6532     1.66381  0.00163125
        7021     1.65534     1.66381  0.00163102
        7022     1.65788     1.66381  0.00163079
        7023     1.66077     1.66381  0.00163055
        7024     1.66399     1.66381  0.00163032
        7025     1.66748     1.66381  0.00163009
        7026     1.67121     1.66381  0.00162986
        7027     1.67514     1.66381  0.00162963
        7028      1.6792     1.66381   0.0016294
        7029     1.68337     1.66382  0.00162917
        7030     1.68759     1.66382  0.00162894
        7031     1.69181     1.66383  0.00162871
        7032       1.696     1.66383  0.00162849
        7033     1.70011     1.66383  0.00162826
        7034     1.70411     1.66384  0.00162804
        7035     1.70795     1.66385  0.00162782
        7036     1.71161     1.66385  0.00162761
        7037     1.71505     1.66386  0.00162739
        7038     1.71825     1.66387  0.00162718
        7039     1.72118     1.66388  0.00162697
        7040     1.72384     1.66389  0.00162676
        7041     1.72619     1.66389  0.00162655
        7042     1.72824      1.6639  0.00162635
        7043     1.72997     1.66391  0.00162614
        7044     1.73138     1.66392  0.00162594
        7045     1.73246     1.66393  0.00162574
        7046     1.73324     1.66394  0.00162554
        7047      1.7337     1.66395  0.00162534
        7048     1.73386     1.66396  0.00162514
        7049     1.73374     1.66397  0.00162494
        7050     1.73335     1.66398  0.00162473
        7051     1.73271     1.66399  0.00162453
        7052     1.73184       1.664  0.00162433
        7053     1.73076     1.66401  0.00162413
        7054     1.72952     1.66402  0.00162393
        7055     1.72812     1.66403  0.00162372
        7056     1.72661     1.66404  0.00162351
        7057     1.72502     1.66405  0.00162331
        7058     1.72338     1.66405   0.0016231
        7059     1.72173     1.66406  0.00162289
        7060     1.72009     1.66407  0.00162268
        7061      1.7185     1.66408  0.00162247
        7062     1.71699     1.66409  0.00162226
        7063     1.71559     1.66409  0.00162204
        7064     1.71434      1.6641  0.00162183
        7065     1.71326     1.66411  0.00162161
        7066     1.71236     1.66411   0.0016214
        7067     1.71167     1.66412  0.00162118
        7068     1.71119     1.66413  0.00162097
        7069     1.71095     1.66413  0.00162075
        7070     1.71093     1.66414  0.00162054
        7071     1.71114     1.66415  0.00162032
        7072     1.71157     1.66415   0.0016201
        7073      1.7122     1.66416  0.00161989
        7074     1.71303     1.66417  0.00161968
        7075     1.71401     1.66417  0.00161946
        7076     1.71514     1.66418  0.00161925
        7077     1.71637     1.66419  0.00161904
        7078     1.71767      1.6642  0.00161883
        7079       1.719      1.6642  0.00161862
        7080     1.72033     1.66421  0.00161841
        7081     1.72161     1.66422   0.0016182
        7082     1.72281     1.66423  0.00161799
        7083     1.72389     1.66424  0.00161778
        7084      1.7248     1.66425  0.00161758
        7085      1.7255     1.66425  0.00161737
        7086     1.72596     1.66426  0.00161717
        7087     1.72614     1.66427  0.00161696
        7088       1.726     1.66428  0.00161676
        7089     1.72551     1.66429  0.00161655
        7090     1.72464      1.6643  0.00161635
        7091     1.72335     1.66431  0.00161614
        7092     1.72162     1.66431  0.00161593
        7093     1.71942     1.66432  0.00161573
        7094     1.71674     1.66433  0.00161551
        7095     1.71356     1.66434   0.0016153
        7096     1.70985     1.66434  0.00161509
        7097     1.70563     1.66435  0.00161487
        7098     1.70086     1.66435  0.00161465
        7099     1.69557     1.66436  0.00161443
        7100     1.68975     1.66436  0.00161421
        7101     1.68341     1.66436  0.00161398
        7102     1.67658     1.66437  0.00161375
        7103     1.66927     1.66437  0.00161353
        7104     1.66153     1.66437   0.0016133
        7105     1.65338     1.66436  0.00161307
        7106     1.64487     1.66436  0.00161285
        7107     1.63605     1.66436  0.00161263
        7108     1.62698     1.66435  0.00161241
        7109     1.61772     1.66435   0.0016122
        7110     1.60833     1.66434  0.00161199
        7111     1.59888     1.66433  0.00161179
        7112     1.58945     1.66432   0.0016116
        7113      1.5801     1.66431  0.00161141
        7114     1.57091     1.66429  0.00161124
        7115     1.56195     1.66428  0.00161108
        7116     1.55329     1.66426  0.00161093
        7117     1.54498     1.66425  0.00161079
        7118      1.5371     1.66423  0.00161066
        7119     1.52968     1.66421  0.00161054
        7120     1.52278     1.66419  0.00161044
        7121     1.51644     1.66417  0.00161035
        7122     1.51069     1.66415  0.00161027
        7123     1.50555     1.66413  0.00161019
        7124     1.50104      1.6641  0.00161013
        7125     1.49717     1.66408  0.00161008
        7126     1.49394     1.66406  0.00161003
        7127     1.49136     1.66403  0.00160998
        7128     1.48942     1.66401  0.00160994
        7129      1.4881     1.66398  0.00160991
        7130      1.4874     1.66396  0.00160987
        7131     1.48729     1.66393  0.00160984
        7132     1.48776     1.66391   0.0016098
        7133     1.48879     1.66388  0.00160976
        7134     1.49035     1.66386  0.00160972
        7135     1.49241     1.66383  0.00160967
        7136     1.49495     1.66381  0.00160962
        7137     1.49795     1.66379  0.00160956
        7138     1.50137     1.66377   0.0016095
        7139     1.50519     1.66374  0.00160943
        7140     1.50937     1.66372  0.00160935
        7141      1.5139      1.6637  0.00160926
        7142     1.51873     1.66368  0.00160916
        7143     1.52385     1.66366  0.00160905
        7144     1.52922     1.66364  0.00160894
        7145     1.53481     1.66362  0.00160882
        7146     1.54059     1.66361  0.00160868
        7147     1.54655     1.66359  0.00160854
        7148     1.55265     1.66357  0.00160839
        7149     1.55887     1.66356  0.00160823
        7150     1.56518     1.66355  0.00160807
        7151     1.57156     1.66353  0.00160789
        7152     1.57799     1.66352  0.00160771
        7153     1.58445     1.66351  0.00160753
        7154     1.59091      1.6635  0.00160733
        7155     1.59737     1.66349  0.00160713
        7156      1.6038     1.66348  0.00160693
        7157     1.61018     1.66348  0.00160672
        7158     1.61652     1.66347  0.00160651
        7159     1.62278     1.66346   0.0016063
        7160     1.62896     1.66346  0.00160608
        7161     1.63505     1.66345  0.00160586
        7162     1.64103     1.66345  0.00160564
        7163     1.64689     1.66345  0.00160542
        7164     1.65263     1.66345   0.0016052
        7165     1.65822     1.66345  0.00160497
        7166     1.66367     1.66345  0.00160475
        7167     1.66897     1.66345  0.00160452
        7168     1.67411     1.66345   0.0016043
        7169     1.67907     1.66345  0.00160408
        7170     1.68385     1.66345  0.00160386
        7171     1.68845     1.66346  0.00160364
        7172     1.69285     1.66346  0.00160342
        7173     1.69706     1.66347   0.0016032
        7174     1.70107     1.66347  0.00160299
        7175     1.70487     1.66348  0.00160277
        7176     1.70846     1.66348  0.00160256
        7177     1.71184     1.66349  0.00160235
        7178       1.715      1.6635  0.00160215
        7179     1.71795      1.6635  0.00160194
        7180     1.72068     1.66351  0.00160174
        7181      1.7232     1.66352  0.00160154
        7182      1.7255     1.66353  0.00160134
        7183     1.72759     1.66354  0.00160114
        7184     1.72948     1.66355  0.00160094
        7185     1.73117     1.66356  0.00160075
        7186     1.73267     1.66357  0.00160055
        7187     1.73398     1.66358  0.00160036
        7188     1.73512     1.66359  0.00160017
        7189     1.73609      1.6636  0.00159998
        7190     1.73692     1.66361  0.00159979
        7191      1.7376     1.66362   0.0015996
        7192     1.73816     1.66363  0.00159941
        7193     1.73862     1.66364  0.00159922
        7194     1.73897     1.66365  0.00159903
        7195     1.73925     1.66366  0.00159885
        7196     1.73947     1.66367  0.00159866
        7197     1.73964     1.66368  0.00159847
        7198     1.73977     1.66369  0.00159828
        7199     1.73989      1.6637   0.0015981
        7200        1.74     1.66371  0.00159791
        7201     1.74013     1.66372  0.00159772
        7202     1.74028     1.66373  0.00159754
        7203     1.74045     1.66374  0.00159735
        7204     1.74067     1.66375  0.00159717
        7205     1.74093     1.66377  0.00159698
        7206     1.74124     1.66378  0.00159679
        7207     1.74161     1.66379  0.00159661
        7208     1.74203      1.6638  0.00159642
        7209      1.7425     1.66381  0.00159624
        7210     1.74302     1.66382  0.00159606
        7211     1.74358     1.66383  0.00159587
        7212     1.74418     1.66384  0.00159569
        7213      1.7448     1.66385  0.00159551
        7214     1.74543     1.66386  0.00159533
        7215     1.74606     1.66388  0.00159515
        7216     1.74668     1.66389  0.00159497
        7217     1.74727      1.6639  0.00159479
        7218     1.74782     1.66391  0.00159461
        7219     1.74832     1.66392  0.00159443
        7220     1.74875     1.66393  0.00159425
        7221      1.7491     1.66395  0.00159408
        7222     1.74935     1.66396   0.0015939
        7223     1.74949     1.66397  0.00159372
        7224     1.74951     1.66398  0.00159355
        7225     1.74941     1.66399  0.00159337
        7226     1.74916       1.664  0.00159319
        7227     1.74878     1.66402  0.00159302
        7228     1.74824     1.66403  0.00159284
        7229     1.74756     1.66404  0.00159266
        7230     1.74672     1.66405  0.00159248
        7231     1.74573     1.66406   0.0015923
        7232     1.74458     1.66407  0.00159212
        7233      1.7433     1.66408  0.00159194
        7234     1.74187      1.6641  0.00159175
        7235     1.74031     1.66411  0.00159157
        7236     1.73863     1.66412  0.00159138
        7237     1.73683     1.66413  0.00159119
        7238     1.73492     1.66414    0.001591
        7239     1.73292     1.66415  0.00159081
        7240     1.73084     1.66415  0.00159062
        7241     1.72868     1.66416  0.00159042
        7242     1.72647     1.66417  0.00159023
        7243      1.7242     1.66418  0.00159003
        7244     1.72191     1.66419  0.00158983
        7245     1.71959      1.6642  0.00158963
        7246     1.71726      1.6642  0.00158943
        7247     1.71493     1.66421  0.00158922
        7248     1.71261     1.66422  0.00158902
        7249     1.71031     1.66422  0.00158881
        7250     1.70805     1.66423   0.0015886
        7251     1.70583     1.66423   0.0015884
        7252     1.70365     1.66424  0.00158819
        7253     1.70154     1.66425  0.00158797
        7254      1.6995     1.66425  0.00158776
        7255     1.69754     1.66425  0.00158755
        7256     1.69565     1.66426  0.00158734
        7257     1.69386     1.66426  0.00158712
        7258     1.69216     1.66427  0.00158691
        7259     1.69056     1.66427   0.0015867
        7260     1.68907     1.66427  0.00158648
        7261     1.68769     1.66428  0.00158627
        7262     1.68643     1.66428  0.00158605
        7263     1.68528     1.66428  0.00158583
        7264     1.68426     1.66429  0.00158562
        7265     1.68337     1.66429   0.0015854
        7266     1.68261     1.66429  0.00158519
        7267     1.68197     1.66429  0.00158497
        7268     1.68146      1.6643  0.00158475
        7269     1.68108      1.6643  0.00158454
        7270     1.68082      1.6643  0.00158432
        7271     1.68068      1.6643  0.00158411
        7272     1.68066     1.66431  0.00158389
        7273     1.68075     1.66431  0.00158367
        7274     1.68094     1.66431  0.00158346
        7275     1.68122     1.66431  0.00158324
        7276     1.68159     1.66431  0.00158303
        7277     1.68204     1.66432  0.00158281
        7278     1.68256     1.66432  0.00158259
        7279     1.68314     1.66432  0.00158238
        7280     1.68377     1.66432  0.00158216
        7281     1.68445     1.66433  0.00158195
        7282     1.68516     1.66433  0.00158173
        7283     1.68589     1.66433  0.00158152
        7284     1.68664     1.66434  0.00158131
        7285     1.68739     1.66434  0.00158109
        7286     1.68815     1.66434  0.00158088
        7287     1.68889     1.66435  0.00158066
        7288     1.68961     1.66435  0.00158045
        7289      1.6903     1.66435  0.00158024
        7290     1.69096     1.66436  0.00158003
        7291     1.69158     1.66436  0.00157981
        7292     1.69215     1.66436   0.0015796
        7293     1.69267     1.66437  0.00157939
        7294     1.69312     1.66437  0.00157918
        7295      1.6935     1.66438  0.00157897
        7296     1.69381     1.66438  0.00157876
        7297     1.69405     1.66438  0.00157854
        7298     1.69421     1.66439  0.00157833
        7299     1.69429     1.66439  0.00157812
        7300     1.69428      1.6644  0.00157791
        7301     1.69419      1.6644   0.0015777
        7302     1.69402      1.6644  0.00157749
        7303     1.69377     1.66441  0.00157728
        7304     1.69344     1.66441  0.00157707
        7305     1.69303     1.66442  0.00157686
        7306     1.69256     1.66442  0.00157665
        7307     1.69202     1.66442  0.00157643
        7308     1.69142     1.66443  0.00157622
        7309     1.69078     1.66443  0.00157601
        7310     1.69009     1.66443   0.0015758
        7311     1.68937     1.66444  0.00157559
        7312     1.68864     1.66444  0.00157538
        7313     1.68788     1.66444  0.00157516
        7314     1.68712     1.66445  0.00157495
        7315     1.68637     1.66445  0.00157474
        7316     1.68563     1.66445  0.00157453
        7317      1.6849     1.66446  0.00157431
        7318      1.6842     1.66446   0.0015741
        7319     1.68354     1.66446  0.00157389
        7320     1.68291     1.66446  0.00157368
        7321     1.68233     1.66447  0.00157346
        7322      1.6818     1.66447  0.00157325
        7323     1.68132     1.66447  0.00157304
        7324      1.6809     1.66447  0.00157282
        7325     1.68053     1.66448  0.00157261
        7326     1.68021     1.66448   0.0015724
        7327     1.67995     1.66448  0.00157218
        7328     1.67974     1.66448  0.00157197
        7329     1.67958     1.66448  0.00157176
        7330     1.67947     1.66449  0.00157154
        7331      1.6794     1.66449  0.00157133
        7332     1.67936     1.66449  0.00157112
        7333     1.67936     1.66449   0.0015709
        7334     1.67939     1.66449  0.00157069
        7335     1.67944      1.6645  0.00157048
        7336      1.6795      1.6645  0.00157027
        7337     1.67957      1.6645  0.00157005
        7338     1.67965      1.6645  0.00156984
        7339     1.67973      1.6645  0.00156963
        7340      1.6798     1.66451  0.00156942
        7341     1.67986     1.66451   0.0015692
        7342     1.67991     1.66451  0.00156899
        7343     1.67994     1.66451  0.00156878
        7344     1.67995     1.66452  0.00156857
        7345     1.67994     1.66452  0.00156835
        7346     1.67992     1.66452  0.00156814
        7347     1.67988     1.66452  0.00156793
        7348     1.67983     1.66452  0.00156772
        7349     1.67977     1.66453  0.00156751
        7350      1.6797     1.66453  0.00156729
        7351     1.67964     1.66453  0.00156708
        7352      1.6796     1.66453  0.00156687
        7353     1.67958     1.66453  0.00156666
        7354      1.6796     1.66454  0.00156645
        7355     1.67967     1.66454  0.00156624
        7356      1.6798     1.66454  0.00156602
        7357     1.68001     1.66454  0.00156581
        7358     1.68032     1.66454   0.0015656
        7359     1.68074     1.66455  0.00156539
        7360     1.68128     1.66455  0.00156518
        7361     1.68195     1.66455  0.00156497
        7362     1.68278     1.66455  0.00156476
        7363     1.68377     1.66456  0.00156455
        7364     1.68492     1.66456  0.00156434
        7365     1.68624     1.66456  0.00156413
        7366     1.68774     1.66457  0.00156392
        7367     1.68941     1.66457  0.00156371
        7368     1.69124     1.66457   0.0015635
        7369     1.69324     1.66458  0.00156329
        7370      1.6954     1.66458  0.00156309
        7371     1.69769     1.66458  0.00156288
        7372     1.70012     1.66459  0.00156268
        7373     1.70265     1.66459  0.00156247
        7374     1.70527      1.6646  0.00156227
        7375     1.70796     1.66461  0.00156207
        7376      1.7107     1.66461  0.00156187
        7377     1.71347     1.66462  0.00156167
        7378     1.71625     1.66463  0.00156148
        7379     1.71901     1.66463  0.00156128
        7380     1.72174     1.66464  0.00156109
        7381     1.72443     1.66465   0.0015609
        7382     1.72704     1.66466  0.00156071
        7383     1.72956     1.66467  0.00156053
        7384     1.73198     1.66468  0.00156034
        7385     1.73428     1.66469  0.00156016
        7386     1.73645     1.66469  0.00155998
        7387     1.73847      1.6647   0.0015598
        7388     1.74034     1.66471  0.00155962
        7389     1.74204     1.66473  0.00155945
        7390     1.74357     1.66474  0.00155927
        7391      1.7449     1.66475   0.0015591
        7392     1.74604     1.66476  0.00155893
        7393     1.74697     1.66477  0.00155875
        7394     1.74769     1.66478  0.00155858
        7395     1.74819     1.66479  0.00155841
        7396     1.74845      1.6648  0.00155824
        7397     1.74848     1.66481  0.00155807
        7398     1.74827     1.66483   0.0015579
        7399     1.74781     1.66484  0.00155773
        7400      1.7471     1.66485  0.00155756
        7401     1.74614     1.66486  0.00155739
        7402     1.74493     1.66487  0.00155722
        7403     1.74347     1.66488  0.00155704
        7404     1.74176     1.66489  0.00155687
        7405     1.73981      1.6649  0.00155669
        7406     1.73763     1.66491  0.00155651
        7407     1.73523     1.66492  0.00155633
        7408     1.73262     1.66493  0.00155615
        7409     1.72982     1.66494  0.00155596
        7410     1.72686     1.66495  0.00155578
        7411     1.72374     1.66495  0.00155559
        7412     1.72049     1.66496  0.00155539
        7413     1.71714     1.66497   0.0015552
        7414     1.71371     1.66498    0.001555
        7415     1.71023     1.66498  0.00155481
        7416     1.70672     1.66499  0.00155461
        7417     1.70321     1.66499  0.00155441
        7418     1.69974       1.665   0.0015542
        7419     1.69631       1.665    0.001554
        7420     1.69297       1.665  0.00155379
        7421     1.68973     1.66501  0.00155359
        7422     1.68662     1.66501  0.00155338
        7423     1.68365     1.66501  0.00155318
        7424     1.68086     1.66502  0.00155297
        7425     1.67825     1.66502  0.00155276
        7426     1.67584     1.66502  0.00155255
        7427     1.67364     1.66502  0.00155234
        7428     1.67167     1.66502  0.00155213
        7429     1.66992     1.66502  0.00155192
        7430     1.66841     1.66502  0.00155172
        7431     1.66714     1.66502  0.00155151
        7432     1.66612     1.66502   0.0015513
        7433     1.66532     1.66502  0.00155109
        7434     1.66476     1.66502  0.00155088
        7435     1.66444     1.66502  0.00155067
        7436     1.66433     1.66502  0.00155046
        7437     1.66444     1.66502  0.00155026
        7438     1.66475     1.66502  0.00155005
        7439     1.66525     1.66502  0.00154984
        7440     1.66594     1.66502  0.00154963
        7441     1.66679     1.66502  0.00154942
        7442      1.6678     1.66502  0.00154921
        7443     1.66895     1.66502  0.00154901
        7444     1.67023     1.66502   0.0015488
        7445     1.67163     1.66503  0.00154859
        7446     1.67313     1.66503  0.00154838
        7447     1.67473     1.66503  0.00154818
        7448     1.67641     1.66503  0.00154797
        7449     1.67815     1.66503  0.00154776
        7450     1.67996     1.66503  0.00154755
        7451     1.68181     1.66504  0.00154735
        7452      1.6837     1.66504  0.00154714
        7453     1.68563     1.66504  0.00154694
        7454     1.68757     1.66504  0.00154673
        7455     1.68953     1.66505  0.00154653
        7456     1.69149     1.66505  0.00154633
        7457     1.69344     1.66505  0.00154612
        7458     1.69538     1.66506  0.00154592
        7459     1.69731     1.66506  0.00154572
        7460     1.69921     1.66507  0.00154552
        7461     1.70108     1.66507  0.00154532
        7462     1.70291     1.66508  0.00154512
        7463      1.7047     1.66508  0.00154492
        7464     1.70643     1.66509  0.00154473
        7465      1.7081     1.66509  0.00154453
        7466     1.70971      1.6651  0.00154433
        7467     1.71123     1.66511  0.00154414
        7468     1.71268     1.66511  0.00154395
        7469     1.71404     1.66512  0.00154375
        7470     1.71529     1.66513  0.00154356
        7471     1.71645     1.66513  0.00154337
        7472     1.71749     1.66514  0.00154318
        7473     1.71842     1.66515  0.00154299
        7474     1.71923     1.66515   0.0015428
        7475     1.71992     1.66516  0.00154261
        7476     1.72048     1.66517  0.00154242
        7477     1.72091     1.66518  0.00154223
        7478     1.72121     1.66518  0.00154205
        7479     1.72137     1.66519  0.00154186
        7480      1.7214      1.6652  0.00154167
        7481      1.7213     1.66521  0.00154148
        7482     1.72107     1.66521   0.0015413
        7483     1.72072     1.66522  0.00154111
        7484     1.72024     1.66523  0.00154092
        7485     1.71966     1.66524  0.00154073
        7486     1.71898     1.66524  0.00154054
        7487      1.7182     1.66525  0.00154035
        7488     1.71734     1.66526  0.00154016
        7489     1.71642     1.66526  0.00153997
        7490     1.71543     1.66527  0.00153978
        7491     1.71441     1.66528  0.00153959
        7492     1.71336     1.66528   0.0015394
        7493      1.7123     1.66529   0.0015392
        7494     1.71125      1.6653  0.00153901
        7495     1.71022      1.6653  0.00153882
        7496     1.70923     1.66531  0.00153862
        7497      1.7083     1.66531  0.00153843
        7498     1.70744     1.66532  0.00153823
        7499     1.70667     1.66532  0.00153804
        7500     1.70601     1.66533  0.00153784
        7501     1.70546     1.66533  0.00153765
        7502     1.70505     1.66534  0.00153745
        7503     1.70478     1.66535  0.00153725
        7504     1.70466     1.66535  0.00153706
        7505      1.7047     1.66536  0.00153686
        7506     1.70492     1.66536  0.00153667
        7507      1.7053     1.66537  0.00153647
        7508     1.70587     1.66537  0.00153628
        7509      1.7066     1.66538  0.00153608
        7510     1.70751     1.66538  0.00153589
        7511     1.70859     1.66539  0.00153569
        7512     1.70982     1.66539   0.0015355
        7513     1.71121      1.6654  0.00153531
        7514     1.71272     1.66541  0.00153512
        7515     1.71436     1.66541  0.00153493
        7516      1.7161     1.66542  0.00153474
        7517     1.71793     1.66543  0.00153455
        7518     1.71982     1.66543  0.00153436
        7519     1.72176     1.66544  0.00153418
        7520     1.72372     1.66545  0.00153399
        7521     1.72567     1.66546  0.00153381
        7522     1.72759     1.66547  0.00153363
        7523     1.72946     1.66547  0.00153345
        7524     1.73126     1.66548  0.00153327
        7525     1.73294     1.66549  0.00153309
        7526     1.73451      1.6655  0.00153291
        7527     1.73592     1.66551  0.00153274
        7528     1.73716     1.66552  0.00153256
        7529     1.73822     1.66553  0.00153239
        7530     1.73907     1.66554  0.00153222
        7531     1.73969     1.66555  0.00153205
        7532     1.74007     1.66556  0.00153188
        7533      1.7402     1.66557   0.0015317
        7534     1.74007     1.66558  0.00153153
        7535     1.73967     1.66559  0.00153136
        7536     1.73899      1.6656  0.00153119
        7537     1.73804     1.66561  0.00153102
        7538     1.73681     1.66562  0.00153084
        7539     1.73529     1.66563  0.00153067
        7540     1.73351     1.66564  0.00153049
        7541     1.73145     1.66564  0.00153031
        7542     1.72912     1.66565  0.00153013
        7543     1.72654     1.66566  0.00152995
        7544     1.72372     1.66567  0.00152977
        7545     1.72066     1.66568  0.00152958
        7546     1.71737     1.66568   0.0015294
        7547     1.71388     1.66569  0.00152921
        7548     1.71018      1.6657  0.00152901
        7549      1.7063      1.6657  0.00152882
        7550     1.70224     1.66571  0.00152863
        7551     1.69802     1.66571  0.00152843
        7552     1.69365     1.66571  0.00152823
        7553     1.68915     1.66572  0.00152803
        7554     1.68452     1.66572  0.00152783
        7555     1.67978     1.66572  0.00152763
        7556     1.67493     1.66572  0.00152743
        7557        1.67     1.66572  0.00152723
        7558     1.66498     1.66572  0.00152703
        7559     1.65989     1.66572  0.00152682
        7560     1.65473     1.66572  0.00152662
        7561     1.64953     1.66572  0.00152642
        7562     1.64427     1.66572  0.00152622
        7563     1.63899     1.66571  0.00152603
        7564     1.63369     1.66571  0.00152583
        7565     1.62837      1.6657  0.00152564
        7566     1.62307      1.6657  0.00152544
        7567     1.61778     1.66569  0.00152526
        7568     1.61252     1.66568  0.00152507
        7569     1.60731     1.66568  0.00152489
        7570     1.60216     1.66567  0.00152471
        7571      1.5971     1.66566  0.00152454
        7572     1.59215     1.66565  0.00152437
        7573     1.58732     1.66564   0.0015242
        7574     1.58263     1.66563  0.00152404
        7575     1.57811     1.66562  0.00152388
        7576     1.57378      1.6656  0.00152373
        7577     1.56966     1.66559  0.00152358
        7578     1.56577     1.66558  0.00152343
        7579     1.56214     1.66556  0.00152329
        7580     1.55879     1.66555  0.00152316
        7581     1.55574     1.66554  0.00152303
        7582     1.55302     1.66552   0.0015229
        7583     1.55065     1.66551  0.00152277
        7584     1.54863     1.66549  0.00152265
        7585       1.547     1.66548  0.00152253
        7586     1.54576     1.66546  0.00152241
        7587     1.54492     1.66544  0.00152229
        7588      1.5445     1.66543  0.00152218
        7589     1.54449     1.66541  0.00152206
        7590     1.54491      1.6654  0.00152194
        7591     1.54575     1.66538  0.00152182
        7592       1.547     1.66536   0.0015217
        7593     1.54866     1.66535  0.00152158
        7594     1.55071     1.66533  0.00152145
        7595     1.55314     1.66532  0.00152132
        7596     1.55594      1.6653  0.00152119
        7597     1.55907     1.66529  0.00152106
        7598     1.56251     1.66528  0.00152092
        7599     1.56623     1.66526  0.00152077
        7600     1.57021     1.66525  0.00152062
        7601     1.57441     1.66524  0.00152047
        7602      1.5788     1.66523  0.00152031
        7603     1.58335     1.66522  0.00152015
        7604     1.58802     1.66521  0.00151998
        7605     1.59279      1.6652  0.00151981
        7606     1.59763     1.66519  0.00151964
        7607     1.60251     1.66518  0.00151946
        7608      1.6074     1.66517  0.00151928
        7609     1.61228     1.66517   0.0015191
        7610     1.61713     1.66516  0.00151891
        7611     1.62195     1.66515  0.00151872
        7612      1.6267     1.66515  0.00151853
        7613     1.63139     1.66514  0.00151834
        7614     1.63601     1.66514  0.00151814
        7615     1.64056     1.66514  0.00151795
        7616     1.64503     1.66513  0.00151775
        7617     1.64942     1.66513  0.00151755
        7618     1.65375     1.66513  0.00151736
        7619     1.65802     1.66513  0.00151716
        7620     1.66223     1.66513  0.00151696
        7621     1.66639     1.66513  0.00151676
        7622     1.67052     1.66513  0.00151656
        7623     1.67462     1.66513  0.00151636
        7624     1.67871     1.66513  0.00151616
        7625     1.68279     1.66514  0.00151597
        7626     1.68686     1.66514  0.00151577
        7627     1.69094     1.66514  0.00151558
        7628     1.69503     1.66515  0.00151538
        7629     1.69913     1.66515  0.00151519
        7630     1.70325     1.66516    0.001515
        7631     1.70738     1.66516  0.00151481
        7632     1.71153     1.66517  0.00151462
        7633     1.71569     1.66517  0.00151444
        7634     1.71986     1.66518  0.00151426
        7635     1.72403     1.66519  0.00151408
        7636     1.72819      1.6652   0.0015139
        7637     1.73233     1.66521  0.00151373
        7638     1.73644     1.66522  0.00151356
        7639     1.74051     1.66523   0.0015134
        7640     1.74452     1.66524  0.00151323
        7641     1.74845     1.66525  0.00151308
        7642      1.7523     1.66526  0.00151292
        7643     1.75603     1.66527  0.00151277
        7644     1.75965     1.66528  0.00151262
        7645     1.76312     1.66529  0.00151248
        7646     1.76645     1.66531  0.00151234
        7647      1.7696     1.66532   0.0015122
        7648     1.77258     1.66534  0.00151207
        7649     1.77536     1.66535  0.00151194
        7650     1.77795     1.66536  0.00151181
        7651     1.78033     1.66538  0.00151169
        7652      1.7825      1.6654  0.00151157
        7653     1.78444     1.66541  0.00151145
        7654     1.78616     1.66543  0.00151134
        7655     1.78766     1.66544  0.00151122
        7656     1.78893     1.66546  0.00151111
        7657     1.78997     1.66547    0.001511
        7658      1.7908     1.66549  0.00151089
        7659      1.7914     1.66551  0.00151079
        7660     1.79178     1.66552  0.00151068
        7661     1.79194     1.66554  0.00151057
        7662     1.79189     1.66556  0.00151047
        7663     1.79164     1.66557  0.00151036
        7664     1.79118     1.66559  0.00151025
        7665     1.79052     1.66561  0.00151014
        7666     1.78967     1.66562  0.00151003
        7667     1.78862     1.66564  0.00150992
        7668      1.7874     1.66565  0.00150981
        7669     1.78599     1.66567  0.00150969
        7670     1.78442     1.66569  0.00150957
        7671     1.78268      1.6657  0.00150945
        7672     1.78078     1.66572  0.00150933
        7673     1.77875     1.66573  0.00150921
        7674     1.77658     1.66575  0.00150908
        7675      1.7743     1.66576  0.00150895
        7676     1.77192     1.66577  0.00150881
        7677     1.76944     1.66579  0.00150868
        7678     1.76691      1.6658  0.00150854
        7679     1.76432     1.66581   0.0015084
        7680      1.7617     1.66583  0.00150825
        7681     1.75908     1.66584  0.00150811
        7682     1.75648     1.66585  0.00150796
        7683     1.75392     1.66586   0.0015078
        7684     1.75142     1.66587  0.00150765
        7685     1.74899     1.66588  0.00150749
        7686     1.74666     1.66589  0.00150733
        7687     1.74445      1.6659  0.00150717
        7688     1.74237     1.66591  0.00150701
        7689     1.74043     1.66592  0.00150684
        7690     1.73865     1.66593  0.00150667
        7691     1.73703     1.66594  0.00150651
        7692     1.73558     1.66595  0.00150634
        7693     1.73429     1.66596  0.00150617
        7694     1.73317     1.66597    0.001506
        7695      1.7322     1.66598  0.00150583
        7696     1.73137     1.66599  0.00150566
        7697     1.73067     1.66599  0.00150548
        7698     1.73008       1.666  0.00150531
        7699     1.72958     1.66601  0.00150514
        7700     1.72914     1.66602  0.00150496
        7701     1.72875     1.66603  0.00150479
        7702     1.72838     1.66603  0.00150462
        7703       1.728     1.66604  0.00150444
        7704     1.72759     1.66605  0.00150427
        7705     1.72712     1.66606   0.0015041
        7706     1.72658     1.66607  0.00150392
        7707     1.72593     1.66607  0.00150375
        7708     1.72517     1.66608  0.00150357
        7709     1.72426     1.66609  0.00150339
        7710      1.7232      1.6661  0.00150322
        7711     1.72197      1.6661  0.00150304
        7712     1.72057     1.66611  0.00150286
        7713     1.71898     1.66612  0.00150268
        7714     1.71721     1.66612   0.0015025
        7715     1.71525     1.66613  0.00150232
        7716     1.71309     1.66614  0.00150214
        7717     1.71075     1.66614  0.00150196
        7718     1.70822     1.66615  0.00150177
        7719     1.70551     1.66615  0.00150158
        7720     1.70263     1.66616   0.0015014
        7721     1.69959     1.66616  0.00150121
        7722      1.6964     1.66617  0.00150102
        7723     1.69307     1.66617  0.00150083
        7724      1.6896     1.66617  0.00150064
        7725     1.68602     1.66618  0.00150045
        7726     1.68233     1.66618  0.00150025
        7727     1.67855     1.66618  0.00150006
        7728     1.67469     1.66618  0.00149987
        7729     1.67078     1.66618  0.00149967
        7730     1.66681     1.66618  0.00149948
        7731     1.66282     1.66618  0.00149928
        7732     1.65882     1.66618  0.00149909
        7733     1.65483     1.66618   0.0014989
        7734     1.65087     1.66618  0.00149871
        7735     1.64695     1.66617  0.00149851
        7736     1.64311     1.66617  0.00149832
        7737     1.63935     1.66617  0.00149813
        7738     1.63572     1.66616  0.00149794
        7739     1.63223     1.66616  0.00149776
        7740      1.6289     1.66615  0.00149757
        7741     1.62577     1.66615  0.00149739
        7742     1.62287     1.66614   0.0014972
        7743      1.6202     1.66614  0.00149702
        7744     1.61782     1.66613  0.00149684
        7745     1.61573     1.66612  0.00149666
        7746     1.61397     1.66612  0.00149649
        7747     1.61254     1.66611  0.00149631
        7748     1.61149      1.6661  0.00149613
        7749     1.61081      1.6661  0.00149596
        7750     1.61052     1.66609  0.00149578
        7751     1.61064     1.66608   0.0014956
        7752     1.61116     1.66608  0.00149543
        7753     1.61209     1.66607  0.00149525
        7754     1.61342     1.66606  0.00149507
        7755     1.61514     1.66606   0.0014949
        7756     1.61725     1.66605  0.00149472
        7757     1.61972     1.66604  0.00149454
        7758     1.62253     1.66604  0.00149435
        7759     1.62565     1.66603  0.00149417
        7760     1.62905     1.66603  0.00149398
        7761     1.63271     1.66602   0.0014938
        7762     1.63657     1.66602  0.00149361
        7763     1.64062     1.66602  0.00149342
        7764      1.6448     1.66601  0.00149323
        7765     1.64908     1.66601  0.00149304
        7766     1.65342     1.66601  0.00149285
        7767     1.65779     1.66601  0.00149266
        7768     1.66215     1.66601  0.00149247
        7769     1.66646     1.66601  0.00149227
        7770     1.67069     1.66601  0.00149208
        7771     1.67483     1.66601  0.00149189
        7772     1.67883     1.66601   0.0014917
        7773      1.6827     1.66601  0.00149151
        7774     1.68641     1.66602  0.00149132
        7775     1.68994     1.66602  0.00149113
        7776      1.6933     1.66602  0.00149094
        7777     1.69648     1.66603  0.00149076
        7778     1.69947     1.66603  0.00149057
        7779     1.70227     1.66604  0.00149039
        7780      1.7049     1.66604   0.0014902
        7781     1.70734     1.66605  0.00149002
        7782     1.70961     1.66605  0.00148984
        7783     1.71171     1.66606  0.00148966
        7784     1.71366     1.66606  0.00148948
        7785     1.71545     1.66607   0.0014893
        7786      1.7171     1.66608  0.00148913
        7787      1.7186     1.66608  0.00148895
        7788     1.71996     1.66609  0.00148878
        7789     1.72119      1.6661   0.0014886
        7790     1.72228      1.6661  0.00148843
        7791     1.72325     1.66611  0.00148826
        7792     1.72408     1.66612  0.00148808
        7793     1.72479     1.66613  0.00148791
        7794     1.72537     1.66613  0.00148774
        7795     1.72583     1.66614  0.00148757
        7796     1.72616     1.66615   0.0014874
        7797     1.72636     1.66616  0.00148723
        7798     1.72645     1.66616  0.00148706
        7799     1.72641     1.66617  0.00148689
        7800     1.72625     1.66618  0.00148671
        7801     1.72597     1.66619  0.00148654
        7802     1.72558      1.6662  0.00148637
        7803     1.72507      1.6662   0.0014862
        7804     1.72446     1.66621  0.00148603
        7805     1.72375     1.66622  0.00148586
        7806     1.72294     1.66623  0.00148569
        7807     1.72205     1.66623  0.00148551
        7808     1.72108     1.66624  0.00148534
        7809     1.72005     1.66625  0.00148516
        7810     1.71896     1.66625  0.00148499
        7811     1.71782     1.66626  0.00148481
        7812     1.71666     1.66627  0.00148464
        7813     1.71547     1.66627  0.00148446
        7814     1.71426     1.66628  0.00148428
        7815     1.71306     1.66628  0.00148411
        7816     1.71186     1.66629  0.00148393
        7817     1.71069      1.6663  0.00148375
        7818     1.70954      1.6663  0.00148357
        7819     1.70843     1.66631  0.00148339
        7820     1.70735     1.66631  0.00148321
        7821     1.70632     1.66632  0.00148303
        7822     1.70533     1.66632  0.00148285
        7823     1.70438     1.66633  0.00148267
        7824     1.70346     1.66633  0.00148248
        7825     1.70256     1.66634   0.0014823
        7826     1.70168     1.66634  0.00148212
        7827     1.70079     1.66635  0.00148194
        7828     1.69989     1.66635  0.00148175
        7829     1.69896     1.66635  0.00148157
        7830     1.69798     1.66636  0.00148139
        7831     1.69693     1.66636   0.0014812
        7832      1.6958     1.66637  0.00148102
        7833     1.69456     1.66637  0.00148083
        7834      1.6932     1.66637  0.00148065
        7835     1.69169     1.66638  0.00148046
        7836     1.69004     1.66638  0.00148028
        7837     1.68821     1.66638  0.00148009
        7838     1.68621     1.66638   0.0014799
        7839     1.68401     1.66639  0.00147972
        7840     1.68163     1.66639  0.00147953
        7841     1.67905     1.66639  0.00147934
        7842     1.67628     1.66639  0.00147915
        7843     1.67331     1.66639  0.00147896
        7844     1.67017     1.66639  0.00147878
        7845     1.66685     1.66639  0.00147859
        7846     1.66338     1.66639   0.0014784
        7847     1.65976     1.66639  0.00147821
        7848     1.65603     1.66639  0.00147802
        7849      1.6522     1.66639  0.00147784
        7850     1.64829     1.66639  0.00147765
        7851     1.64433     1.66638  0.00147746
        7852     1.64035     1.66638  0.00147728
        7853     1.63638     1.66638   0.0014771
        7854     1.63244     1.66637  0.00147691
        7855     1.62858     1.66637  0.00147673
        7856     1.62483     1.66636  0.00147656
        7857      1.6212     1.66636  0.00147638
        7858     1.61775     1.66635   0.0014762
        7859     1.61449     1.66634  0.00147603
        7860     1.61146     1.66634  0.00147586
        7861     1.60868     1.66633  0.00147569
        7862     1.60617     1.66632  0.00147552
        7863     1.60396     1.66631  0.00147536
        7864     1.60207     1.66631  0.00147519
        7865      1.6005      1.6663  0.00147503
        7866     1.59927     1.66629  0.00147486
        7867     1.59838     1.66628   0.0014747
        7868     1.59783     1.66627  0.00147454
        7869     1.59762     1.66626  0.00147438
        7870     1.59774     1.66625  0.00147422
        7871     1.59817     1.66624  0.00147406
        7872     1.59889     1.66624  0.00147389
        7873     1.59989     1.66623  0.00147373
        7874     1.60114     1.66622  0.00147357
        7875     1.60262     1.66621   0.0014734
        7876     1.60429      1.6662  0.00147323
        7877     1.60614      1.6662  0.00147307
        7878     1.60812     1.66619   0.0014729
        7879      1.6102     1.66618  0.00147273
        7880     1.61237     1.66617  0.00147256
        7881     1.61458     1.66617  0.00147239
        7882      1.6168     1.66616  0.00147221
        7883     1.61901     1.66616  0.00147204
        7884     1.62119     1.66615  0.00147186
        7885      1.6233     1.66614  0.00147169
        7886     1.62531     1.66614  0.00147151
        7887     1.62722     1.66613  0.00147133
        7888     1.62899     1.66613  0.00147115
        7889     1.63061     1.66613  0.00147097
        7890     1.63206     1.66612  0.00147079
        7891     1.63333     1.66612  0.00147061
        7892     1.63441     1.66611  0.00147043
        7893     1.63529     1.66611  0.00147025
        7894     1.63596     1.66611  0.00147007
        7895     1.63642      1.6661  0.00146989
        7896     1.63666      1.6661   0.0014697
        7897     1.63668     1.66609  0.00146952
        7898     1.63648     1.66609  0.00146934
        7899     1.63608     1.66609  0.00146916
        7900     1.63547     1.66608  0.00146898
        7901     1.63467     1.66608   0.0014688
        7902     1.63368     1.66607  0.00146862
        7903     1.63252     1.66607  0.00146844
        7904      1.6312     1.66607  0.00146826
        7905     1.62975     1.66606  0.00146808
        7906     1.62816     1.66606   0.0014679
        7907     1.62648     1.66605  0.00146773
        7908      1.6247     1.66605  0.00146755
        7909     1.62285     1.66604  0.00146737
        7910     1.62095     1.66603   0.0014672
        7911     1.61901     1.66603  0.00146703
        7912     1.61705     1.66602  0.00146685
        7913     1.61508     1.66602  0.00146668
        7914     1.61313     1.66601  0.00146651
        7915     1.61119       1.666  0.00146634
        7916     1.60928       1.666  0.00146618
        7917     1.60741     1.66599  0.00146601
        7918     1.60558     1.66598  0.00146584
        7919      1.6038     1.66597  0.00146568
        7920     1.60207     1.66596  0.00146552
        7921     1.60039     1.66596  0.00146536
        7922     1.59877     1.66595   0.0014652
        7923     1.59719     1.66594  0.00146504
        7924     1.59567     1.66593  0.00146488
        7925     1.59418     1.66592  0.00146472
        7926     1.59273     1.66591  0.00146457
        7927     1.59132      1.6659  0.00146441
        7928     1.58992     1.66589  0.00146426
        7929     1.58855     1.66588  0.00146411
        7930     1.58718     1.66587  0.00146395
        7931     1.58582     1.66586   0.0014638
        7932     1.58446     1.66585  0.00146366
        7933      1.5831     1.66584  0.00146351
        7934     1.58172     1.66583  0.00146336
        7935     1.58033     1.66582  0.00146322
        7936     1.57891     1.66581  0.00146307
        7937     1.57747      1.6658  0.00146293
        7938     1.57601     1.66579  0.00146279
        7939     1.57452     1.66578  0.00146265
        7940       1.573     1.66576  0.00146252
        7941     1.57146     1.66575  0.00146238
        7942      1.5699     1.66574  0.00146225
        7943     1.56832     1.66573  0.00146211
        7944     1.56673     1.66572  0.00146198
        7945     1.56513      1.6657  0.00146185
        7946     1.56354     1.66569  0.00146173
        7947     1.56196     1.66568   0.0014616
        7948      1.5604     1.66566  0.00146148
        7949     1.55888     1.66565  0.00146135
        7950     1.55742     1.66564  0.00146123
        7951     1.55601     1.66562  0.00146111
        7952     1.55468     1.66561    0.001461
        7953     1.55344      1.6656  0.00146088
        7954      1.5523     1.66558  0.00146077
        7955     1.55129     1.66557  0.00146065
        7956     1.55043     1.66555  0.00146054
        7957     1.54971     1.66554  0.00146043
        7958     1.54918     1.66552  0.00146032
        7959     1.54883     1.66551  0.00146021
        7960     1.54869     1.66549   0.0014601
        7961     1.54877     1.66548  0.00145999
        7962     1.54908     1.66546  0.00145988
        7963     1.54965     1.66545  0.00145977
        7964     1.55047     1.66544  0.00145966
        7965     1.55157     1.66542  0.00145955
        7966     1.55294     1.66541  0.00145943
        7967      1.5546     1.66539  0.00145931
        7968     1.55655     1.66538  0.00145919
        7969      1.5588     1.66537  0.00145907
        7970     1.56134     1.66535  0.00145895
        7971     1.56418     1.66534  0.00145882
        7972      1.5673     1.66533  0.00145869
        7973     1.57071     1.66532  0.00145855
        7974      1.5744      1.6653  0.00145842
        7975     1.57836     1.66529  0.00145827
        7976     1.58257     1.66528  0.00145813
        7977     1.58702     1.66527  0.00145798
        7978     1.59169     1.66526  0.00145782
        7979     1.59658     1.66526  0.00145767
        7980     1.60164     1.66525  0.00145751
        7981     1.60688     1.66524  0.00145734
        7982     1.61226     1.66523  0.00145717
        7983     1.61777     1.66523    0.001457
        7984     1.62337     1.66522  0.00145683
        7985     1.62905     1.66522  0.00145666
        7986     1.63478     1.66521  0.00145648
        7987     1.64054     1.66521   0.0014563
        7988      1.6463     1.66521  0.00145612
        7989     1.65204     1.66521  0.00145594
        7990     1.65774     1.66521  0.00145576
        7991     1.66336     1.66521  0.00145557
        7992      1.6689     1.66521  0.00145539
        7993     1.67431     1.66521  0.00145521
        7994      1.6796     1.66521  0.00145503
        7995     1.68472     1.66521  0.00145485
        7996     1.68967     1.66522  0.00145467
        7997     1.69443     1.66522  0.00145449
        7998     1.69896     1.66522  0.00145432
        7999     1.70327     1.66523  0.00145414
        8000     1.70732     1.66523  0.00145397
        8001      1.7111     1.66524   0.0014538
        8002     1.71461     1.66524  0.00145363
        8003     1.71782     1.66525  0.00145347
        8004     1.72072     1.66526   0.0014533
        8005     1.72329     1.66527  0.00145314
        8006     1.72554     1.66527  0.00145297
        8007     1.72746     1.66528  0.00145281
        8008     1.72903     1.66529  0.00145265
        8009     1.73026      1.6653   0.0014525
        8010     1.73115     1.66531  0.00145234
        8011     1.73169     1.66531  0.00145218
        8012     1.73189     1.66532  0.00145202
        8013     1.73176     1.66533  0.00145186
        8014     1.73131     1.66534  0.00145171
        8015     1.73055     1.66535  0.00145155
        8016     1.72949     1.66535  0.00145139
        8017     1.72816     1.66536  0.00145123
        8018     1.72657     1.66537  0.00145107
        8019     1.72476     1.66538  0.00145091
        8020     1.72274     1.66538  0.00145074
        8021     1.72054     1.66539  0.00145058
        8022     1.71818      1.6654  0.00145041
        8023      1.7157      1.6654  0.00145025
        8024     1.71312     1.66541  0.00145008
        8025     1.71047     1.66542  0.00144991
        8026     1.70778     1.66542  0.00144974
        8027     1.70507     1.66543  0.00144956
        8028     1.70236     1.66543  0.00144939
        8029     1.69968     1.66543  0.00144922
        8030     1.69704     1.66544  0.00144904
        8031     1.69445     1.66544  0.00144887
        8032     1.69194     1.66545  0.00144869
        8033     1.68952     1.66545  0.00144851
        8034     1.68719     1.66545  0.00144833
        8035     1.68496     1.66545  0.00144816
        8036     1.68284     1.66546  0.00144798
        8037     1.68084     1.66546   0.0014478
        8038     1.67895     1.66546  0.00144762
        8039     1.67719     1.66546  0.00144744
        8040     1.67555     1.66546  0.00144726
        8041     1.67404     1.66546  0.00144708
        8042     1.67267     1.66546   0.0014469
        8043     1.67144     1.66546  0.00144672
        8044     1.67035     1.66547  0.00144654
        8045     1.66942     1.66547  0.00144636
        8046     1.66865     1.66547  0.00144618
        8047     1.66805     1.66547    0.001446
        8048     1.66763     1.66547  0.00144582
        8049      1.6674     1.66547  0.00144564
        8050     1.66736     1.66547  0.00144546
        8051     1.66752     1.66547  0.00144528
        8052      1.6679     1.66547   0.0014451
        8053     1.66849     1.66547  0.00144493
        8054      1.6693     1.66547  0.00144475
        8055     1.67034     1.66547  0.00144457
        8056     1.67161     1.66547  0.00144439
        8057     1.67311     1.66547  0.00144421
        8058     1.67484     1.66547  0.00144403
        8059      1.6768     1.66547  0.00144385
        8060     1.67899     1.66548  0.00144367
        8061     1.68139     1.66548   0.0014435
        8062     1.68402     1.66548  0.00144332
        8063     1.68684     1.66548  0.00144314
        8064     1.68985     1.66549  0.00144297
        8065     1.69305     1.66549  0.00144279
        8066     1.69641     1.66549  0.00144262
        8067     1.69991      1.6655  0.00144244
        8068     1.70354      1.6655  0.00144227
        8069     1.70728     1.66551   0.0014421
        8070     1.71111     1.66551  0.00144194
        8071     1.71499     1.66552  0.00144177
        8072     1.71891     1.66553  0.00144161
        8073     1.72284     1.66553  0.00144145
        8074     1.72675     1.66554  0.00144129
        8075      1.7306     1.66555  0.00144113
        8076     1.73437     1.66556  0.00144098
        8077     1.73802     1.66557  0.00144083
        8078     1.74152     1.66557  0.00144068
        8079     1.74484     1.66558  0.00144054
        8080     1.74794     1.66559  0.00144039
        8081     1.75079     1.66561  0.00144025
        8082     1.75337     1.66562  0.00144012
        8083     1.75562     1.66563  0.00143998
        8084     1.75754     1.66564  0.00143985
        8085     1.75908     1.66565  0.00143972
        8086     1.76022     1.66566  0.00143959
        8087     1.76093     1.66567  0.00143946
        8088     1.76119     1.66569  0.00143933
        8089     1.76099      1.6657   0.0014392
        8090     1.76029     1.66571  0.00143907
        8091      1.7591     1.66572  0.00143893
        8092      1.7574     1.66573   0.0014388
        8093     1.75518     1.66574  0.00143867
        8094     1.75243     1.66575  0.00143853
        8095     1.74916     1.66576  0.00143839
        8096     1.74536     1.66577  0.00143824
        8097     1.74106     1.66578   0.0014381
        8098     1.73625     1.66579  0.00143794
        8099     1.73096      1.6658  0.00143779
        8100      1.7252     1.66581  0.00143763
        8101       1.719     1.66581  0.00143747
        8102     1.71239     1.66582   0.0014373
        8103      1.7054     1.66582  0.00143713
        8104     1.69805     1.66583  0.00143696
        8105     1.69041     1.66583  0.00143679
        8106     1.68249     1.66583  0.00143661
        8107     1.67435     1.66583  0.00143643
        8108     1.66605     1.66583  0.00143626
        8109     1.65762     1.66583  0.00143608
        8110     1.64912     1.66583  0.00143591
        8111     1.64061     1.66583  0.00143573
        8112     1.63214     1.66582  0.00143556
        8113     1.62376     1.66582  0.00143539
        8114     1.61553     1.66581  0.00143523
        8115      1.6075     1.66581  0.00143507
        8116     1.59972      1.6658  0.00143492
        8117     1.59225     1.66579  0.00143477
        8118     1.58513     1.66578  0.00143463
        8119     1.57841     1.66577  0.00143449
        8120     1.57212     1.66576  0.00143436
        8121     1.56629     1.66574  0.00143424
        8122     1.56097     1.66573  0.00143412
        8123     1.55616     1.66572    0.001434
        8124      1.5519      1.6657   0.0014339
        8125     1.54819     1.66569  0.00143379
        8126     1.54504     1.66567  0.00143369
        8127     1.54244     1.66566   0.0014336
        8128      1.5404     1.66564   0.0014335
        8129     1.53889     1.66563  0.00143341
        8130     1.53789     1.66561  0.00143332
        8131     1.53737      1.6656  0.00143323
        8132     1.53732     1.66558  0.00143314
        8133     1.53768     1.66557  0.00143305
        8134     1.53842     1.66555  0.00143296
        8135      1.5395     1.66553  0.00143287
        8136     1.54086     1.66552  0.00143277
        8137     1.54247      1.6655  0.00143268
        8138     1.54427     1.66549  0.00143258
        8139     1.54622     1.66547  0.00143248
        8140     1.54826     1.66546  0.00143238
        8141     1.55035     1.66545  0.00143227
        8142     1.55243     1.66543  0.00143216
        8143     1.55446     1.66542  0.00143205
        8144     1.55641      1.6654  0.00143194
        8145     1.55822     1.66539  0.00143182
        8146     1.55986     1.66538   0.0014317
        8147      1.5613     1.66537  0.00143158
        8148     1.56251     1.66535  0.00143146
        8149     1.56344     1.66534  0.00143134
        8150     1.56409     1.66533  0.00143122
        8151     1.56442     1.66532   0.0014311
        8152     1.56442      1.6653  0.00143098
        8153     1.56409     1.66529  0.00143086
        8154      1.5634     1.66528  0.00143074
        8155     1.56235     1.66527  0.00143062
        8156     1.56094     1.66525   0.0014305
        8157     1.55916     1.66524  0.00143038
        8158     1.55703     1.66523  0.00143027
        8159     1.55455     1.66521  0.00143016
        8160     1.55172      1.6652  0.00143005
        8161     1.54857     1.66519  0.00142994
        8162      1.5451     1.66517  0.00142985
        8163     1.54134     1.66516  0.00142975
        8164      1.5373     1.66514  0.00142966
        8165     1.53301     1.66512  0.00142958
        8166      1.5285     1.66511   0.0014295
        8167     1.52378     1.66509  0.00142943
        8168      1.5189     1.66507  0.00142937
        8169     1.51387     1.66505  0.00142931
        8170     1.50873     1.66503  0.00142927
        8171     1.50351     1.66501  0.00142923
        8172     1.49824     1.66499   0.0014292
        8173     1.49294     1.66497  0.00142918
        8174     1.48765     1.66495  0.00142917
        8175     1.48239     1.66493  0.00142917
        8176     1.47719     1.66491  0.00142918
        8177     1.47207     1.66488   0.0014292
        8178     1.46706     1.66486  0.00142923
        8179     1.46219     1.66483  0.00142927
        8180     1.45746     1.66481  0.00142932
        8181     1.45291     1.66478  0.00142938
        8182     1.44855     1.66476  0.00142945
        8183     1.44439     1.66473  0.00142953
        8184     1.44046      1.6647  0.00142961
        8185     1.43677     1.66467  0.00142971
        8186     1.43333     1.66464  0.00142981
        8187     1.43015     1.66462  0.00142993
        8188     1.42724     1.66459  0.00143005
        8189     1.42462     1.66456  0.00143017
        8190      1.4223     1.66453   0.0014303
        8191     1.42029      1.6645  0.00143044
        8192     1.41859     1.66447  0.00143058
        8193      1.4172     1.66444  0.00143072
        8194     1.41615     1.66441  0.00143087
        8195     1.41542     1.66438  0.00143102
        8196     1.41503     1.66435  0.00143117
        8197     1.41498     1.66432  0.00143131
        8198     1.41527     1.66429  0.00143146
        8199     1.41591     1.66426  0.00143161
        8200     1.41688     1.66423  0.00143175
        8201     1.41818      1.6642  0.00143189
        8202     1.41981     1.66417  0.00143203
        8203     1.42176     1.66414  0.00143216
        8204     1.42401     1.66411  0.00143228
        8205     1.42655     1.66408   0.0014324
        8206     1.42937     1.66405  0.00143251
        8207     1.43245     1.66402  0.00143261
        8208     1.43577     1.66399  0.00143271
        8209     1.43931     1.66397   0.0014328
        8210     1.44305     1.66394  0.00143287
        8211     1.44696     1.66391  0.00143294
        8212     1.45102     1.66389    0.001433
        8213     1.45519     1.66386  0.00143305
        8214     1.45946     1.66384   0.0014331
        8215     1.46379     1.66381  0.00143313
        8216     1.46816     1.66379  0.00143315
        8217     1.47255     1.66377  0.00143317
        8218     1.47693     1.66374  0.00143317
        8219     1.48127     1.66372  0.00143317
        8220     1.48556      1.6637  0.00143316
        8221     1.48978     1.66368  0.00143314
        8222     1.49392     1.66366  0.00143312
        8223     1.49796     1.66364  0.00143308
        8224      1.5019     1.66362  0.00143304
        8225     1.50573      1.6636    0.001433
        8226     1.50945     1.66358  0.00143295
        8227     1.51308     1.66356  0.00143289
        8228     1.51661     1.66354  0.00143283
        8229     1.52007     1.66353  0.00143276
        8230     1.52347     1.66351  0.00143268
        8231     1.52684     1.66349  0.00143261
        8232     1.53021     1.66348  0.00143252
        8233      1.5336     1.66346  0.00143244
        8234     1.53706     1.66344  0.00143235
        8235     1.54061     1.66343  0.00143225
        8236      1.5443     1.66342  0.00143215
        8237     1.54815      1.6634  0.00143204
        8238      1.5522     1.66339  0.00143193
        8239     1.55649     1.66337  0.00143182
        8240     1.56102     1.66336   0.0014317
        8241     1.56584     1.66335  0.00143157
        8242     1.57094     1.66334  0.00143144
        8243     1.57633     1.66333  0.00143131
        8244     1.58202     1.66332  0.00143117
        8245       1.588     1.66331  0.00143102
        8246     1.59425      1.6633  0.00143088
        8247     1.60074     1.66329  0.00143072
        8248     1.60746     1.66329  0.00143056
        8249     1.61436     1.66328   0.0014304
        8250     1.62142     1.66328  0.00143024
        8251      1.6286     1.66327  0.00143007
        8252     1.63585     1.66327   0.0014299
        8253     1.64314     1.66327  0.00142973
        8254     1.65043     1.66326  0.00142956
        8255     1.65769     1.66326  0.00142939
        8256     1.66489     1.66326  0.00142921
        8257       1.672     1.66327  0.00142904
        8258     1.67899     1.66327  0.00142887
        8259     1.68583     1.66327   0.0014287
        8260     1.69251     1.66327  0.00142853
        8261     1.69902     1.66328  0.00142836
        8262     1.70533     1.66328   0.0014282
        8263     1.71144     1.66329  0.00142804
        8264     1.71733      1.6633  0.00142788
        8265     1.72299      1.6633  0.00142773
        8266     1.72842     1.66331  0.00142757
        8267     1.73361     1.66332  0.00142743
        8268     1.73856     1.66333  0.00142728
        8269     1.74325     1.66334  0.00142714
        8270     1.74769     1.66335  0.00142701
        8271     1.75186     1.66336  0.00142688
        8272     1.75576     1.66337  0.00142675
        8273     1.75939     1.66338  0.00142662
        8274     1.76274     1.66339   0.0014265
        8275     1.76582     1.66341  0.00142638
        8276      1.7686     1.66342  0.00142626
        8277      1.7711     1.66343  0.00142615
        8278     1.77332     1.66344  0.00142604
        8279     1.77525     1.66346  0.00142593
        8280      1.7769     1.66347  0.00142583
        8281     1.77826     1.66349  0.00142572
        8282     1.77934      1.6635  0.00142562
        8283     1.78016     1.66351  0.00142552
        8284      1.7807     1.66353  0.00142541
        8285     1.78098     1.66354  0.00142531
        8286     1.78101     1.66356  0.00142521
        8287     1.78081     1.66357  0.00142511
        8288     1.78037     1.66358  0.00142501
        8289     1.77972      1.6636   0.0014249
        8290     1.77886     1.66361   0.0014248
        8291     1.77781     1.66363  0.00142469
        8292     1.77658     1.66364  0.00142459
        8293     1.77519     1.66365  0.00142448
        8294     1.77364     1.66367  0.00142437
        8295     1.77196     1.66368  0.00142426
        8296     1.77015     1.66369  0.00142414
        8297     1.76822      1.6637  0.00142403
        8298      1.7662     1.66372  0.00142391
        8299      1.7641     1.66373  0.00142379
        8300     1.76193     1.66374  0.00142367
        8301      1.7597     1.66375  0.00142354
        8302     1.75743     1.66376  0.00142342
        8303     1.75513     1.66378  0.00142329
        8304     1.75281     1.66379  0.00142316
        8305     1.75049      1.6638  0.00142302
        8306     1.74817     1.66381  0.00142289
        8307     1.74586     1.66382  0.00142275
        8308     1.74358     1.66383  0.00142261
        8309     1.74134     1.66384  0.00142247
        8310     1.73915     1.66384  0.00142233
        8311     1.73702     1.66385  0.00142219
        8312     1.73496     1.66386  0.00142204
        8313     1.73297     1.66387  0.00142189
        8314     1.73107     1.66388  0.00142174
        8315     1.72926     1.66389   0.0014216
        8316     1.72753     1.66389  0.00142145
        8317      1.7259      1.6639  0.00142129
        8318     1.72437     1.66391  0.00142114
        8319     1.72293     1.66392  0.00142099
        8320     1.72158     1.66392  0.00142083
        8321     1.72032     1.66393  0.00142068
        8322     1.71914     1.66394  0.00142052
        8323     1.71803     1.66394  0.00142037
        8324     1.71698     1.66395  0.00142021
        8325     1.71598     1.66395  0.00142006
        8326     1.71502     1.66396   0.0014199
        8327     1.71408     1.66397  0.00141974
        8328     1.71315     1.66397  0.00141958
        8329      1.7122     1.66398  0.00141942
        8330     1.71123     1.66398  0.00141926
        8331      1.7102     1.66399  0.00141911
        8332     1.70911       1.664  0.00141895
        8333     1.70793       1.664  0.00141878
        8334     1.70664     1.66401  0.00141862
        8335     1.70523     1.66401  0.00141846
        8336     1.70367     1.66402   0.0014183
        8337     1.70196     1.66402  0.00141814
        8338     1.70007     1.66402  0.00141797
        8339     1.69798     1.66403  0.00141781
        8340     1.69569     1.66403  0.00141764
        8341     1.69319     1.66404  0.00141748
        8342     1.69045     1.66404  0.00141731
        8343     1.68748     1.66404  0.00141715
        8344     1.68428     1.66404  0.00141698
        8345     1.68083     1.66405  0.00141681
        8346     1.67715     1.66405  0.00141664
        8347     1.67323     1.66405  0.00141647
        8348      1.6691     1.66405   0.0014163
        8349     1.66474     1.66405  0.00141613
        8350     1.66019     1.66405  0.00141596
        8351     1.65546     1.66405  0.00141579
        8352     1.65058     1.66405  0.00141562
        8353     1.64556     1.66404  0.00141546
        8354     1.64045     1.66404  0.00141529
        8355     1.63528     1.66404  0.00141513
        8356     1.63009     1.66403  0.00141496
        8357     1.62491     1.66403   0.0014148
        8358      1.6198     1.66402  0.00141464
        8359      1.6148     1.66402  0.00141448
        8360     1.60995     1.66401  0.00141433
        8361     1.60531       1.664  0.00141418
        8362     1.60092       1.664  0.00141403
        8363     1.59683     1.66399  0.00141388
        8364     1.59308     1.66398  0.00141374
        8365     1.58971     1.66397   0.0014136
        8366     1.58676     1.66396  0.00141346
        8367     1.58427     1.66395  0.00141332
        8368     1.58225     1.66394  0.00141319
        8369     1.58073     1.66393  0.00141305
        8370     1.57974     1.66392  0.00141292
        8371     1.57927     1.66391  0.00141279
        8372     1.57933      1.6639  0.00141265
        8373     1.57993     1.66389  0.00141252
        8374     1.58105     1.66388  0.00141239
        8375     1.58269     1.66387  0.00141225
        8376     1.58482     1.66386  0.00141212
        8377     1.58742     1.66385  0.00141198
        8378     1.59048     1.66385  0.00141183
        8379     1.59396     1.66384  0.00141169
        8380     1.59783     1.66383  0.00141154
        8381     1.60207     1.66382   0.0014114
        8382     1.60663     1.66382  0.00141124
        8383     1.61149     1.66381  0.00141109
        8384     1.61661      1.6638  0.00141093
        8385     1.62195      1.6638  0.00141077
        8386     1.62748     1.66379  0.00141061
        8387     1.63316     1.66379  0.00141045
        8388     1.63896     1.66379  0.00141028
        8389     1.64484     1.66379  0.00141012
        8390     1.65076     1.66378  0.00140995
        8391     1.65669     1.66378  0.00140978
        8392     1.66258     1.66378  0.00140961
        8393     1.66842     1.66378  0.00140944
        8394     1.67415     1.66378  0.00140928
        8395     1.67975     1.66379  0.00140911
        8396     1.68519     1.66379  0.00140895
        8397     1.69041     1.66379  0.00140878
        8398      1.6954      1.6638  0.00140862
        8399     1.70011      1.6638  0.00140846
        8400     1.70452     1.66381   0.0014083
        8401     1.70859     1.66381  0.00140814
        8402     1.71229     1.66382  0.00140798
        8403      1.7156     1.66382  0.00140783
        8404      1.7185     1.66383  0.00140768
        8405     1.72096     1.66384  0.00140753
        8406     1.72297     1.66384  0.00140738
        8407     1.72451     1.66385  0.00140723
        8408     1.72559     1.66386  0.00140708
        8409     1.72618     1.66386  0.00140693
        8410     1.72631     1.66387  0.00140678
        8411     1.72597     1.66388  0.00140664
        8412     1.72519     1.66389  0.00140649
        8413     1.72398     1.66389  0.00140634
        8414     1.72238      1.6639  0.00140619
        8415     1.72042     1.66391  0.00140604
        8416     1.71813     1.66391  0.00140589
        8417     1.71558     1.66392  0.00140573
        8418     1.71281     1.66393  0.00140558
        8419     1.70988     1.66393  0.00140542
        8420     1.70685     1.66394  0.00140526
        8421     1.70379     1.66394   0.0014051
        8422     1.70076     1.66395  0.00140494
        8423     1.69785     1.66395  0.00140478
        8424      1.6951     1.66395  0.00140462
        8425      1.6926     1.66396  0.00140446
        8426      1.6904     1.66396   0.0014043
        8427     1.68856     1.66396  0.00140413
        8428     1.68713     1.66397  0.00140397
        8429     1.68615     1.66397   0.0014038
        8430     1.68566     1.66397  0.00140364
        8431     1.68568     1.66397  0.00140348
        8432     1.68623     1.66398  0.00140331
        8433     1.68732     1.66398  0.00140315
        8434     1.68895     1.66398  0.00140298
        8435      1.6911     1.66398  0.00140282
        8436     1.69377     1.66399  0.00140266
        8437     1.69692     1.66399   0.0014025
        8438     1.70053       1.664  0.00140234
        8439     1.70456       1.664  0.00140218
        8440     1.70897     1.66401  0.00140203
        8441     1.71372     1.66401  0.00140187
        8442     1.71876     1.66402  0.00140172
        8443     1.72405     1.66403  0.00140157
        8444     1.72955     1.66403  0.00140143
        8445     1.73521     1.66404  0.00140129
        8446     1.74097     1.66405  0.00140115
        8447      1.7468     1.66406  0.00140102
        8448     1.75266     1.66407  0.00140089
        8449      1.7585     1.66408  0.00140077
        8450     1.76429     1.66409  0.00140066
        8451        1.77     1.66411  0.00140055
        8452     1.77558     1.66412  0.00140044
        8453     1.78101     1.66413  0.00140035
        8454     1.78626     1.66415  0.00140026
        8455     1.79131     1.66416  0.00140017
        8456     1.79613     1.66418  0.00140009
        8457      1.8007      1.6642  0.00140002
        8458     1.80501     1.66421  0.00139995
        8459     1.80904     1.66423  0.00139989
        8460     1.81277     1.66425  0.00139984
        8461     1.81619     1.66427  0.00139979
        8462      1.8193     1.66428  0.00139974
        8463     1.82208      1.6643   0.0013997
        8464     1.82454     1.66432  0.00139966
        8465     1.82666     1.66434  0.00139963
        8466     1.82845     1.66436   0.0013996
        8467      1.8299     1.66438  0.00139957
        8468     1.83101      1.6644  0.00139954
        8469     1.83179     1.66442  0.00139952
        8470     1.83222     1.66444  0.00139949
        8471     1.83233     1.66446  0.00139947
        8472      1.8321     1.66448  0.00139944
        8473     1.83155      1.6645  0.00139941
        8474     1.83069     1.66452  0.00139939
        8475      1.8295     1.66454  0.00139936
        8476     1.82801     1.66456  0.00139932
        8477     1.82622     1.66458  0.00139929
        8478     1.82414     1.66459  0.00139925
        8479     1.82178     1.66461  0.00139921
        8480     1.81915     1.66463  0.00139916
        8481     1.81626     1.66465  0.00139911
        8482     1.81312     1.66467  0.00139906
        8483     1.80975     1.66468    0.001399
        8484     1.80615      1.6647  0.00139893
        8485     1.80234     1.66472  0.00139886
        8486     1.79834     1.66473  0.00139878
        8487     1.79416     1.66475   0.0013987
        8488     1.78982     1.66476  0.00139861
        8489     1.78534     1.66478  0.00139852
        8490     1.78071     1.66479  0.00139842
        8491     1.77598      1.6648  0.00139832
        8492     1.77114     1.66482  0.00139821
        8493     1.76621     1.66483   0.0013981
        8494     1.76122     1.66484  0.00139798
        8495     1.75617     1.66485  0.00139786
        8496     1.75109     1.66486  0.00139773
        8497     1.74598     1.66487   0.0013976
        8498     1.74086     1.66488  0.00139746
        8499     1.73574     1.66489  0.00139732
        8500     1.73065     1.66489  0.00139718
        8501      1.7256      1.6649  0.00139703
        8502     1.72059     1.66491  0.00139688
        8503     1.71564     1.66491  0.00139673
        8504     1.71076     1.66492  0.00139658
        8505     1.70597     1.66492  0.00139642
        8506     1.70129     1.66493  0.00139626
        8507     1.69672     1.66493  0.00139611
        8508     1.69227     1.66494  0.00139594
        8509     1.68796     1.66494  0.00139578
        8510     1.68379     1.66494  0.00139562
        8511      1.6798     1.66494  0.00139546
        8512     1.67597     1.66494  0.00139529
        8513     1.67234     1.66494  0.00139513
        8514      1.6689     1.66494  0.00139497
        8515     1.66567     1.66494   0.0013948
        8516     1.66265     1.66494  0.00139464
        8517     1.65987     1.66494  0.00139448
        8518     1.65732     1.66494  0.00139431
        8519       1.655     1.66494  0.00139415
        8520     1.65293     1.66494  0.00139399
        8521      1.6511     1.66494  0.00139382
        8522     1.64952     1.66494  0.00139366
        8523     1.64819     1.66493   0.0013935
        8524     1.64709     1.66493  0.00139334
        8525     1.64623     1.66493  0.00139318
        8526     1.64559     1.66493  0.00139301
        8527     1.64518     1.66493  0.00139285
        8528     1.64499     1.66492  0.00139269
        8529     1.64499     1.66492  0.00139253
        8530     1.64517     1.66492  0.00139237
        8531     1.64554     1.66492  0.00139221
        8532     1.64606     1.66491  0.00139205
        8533     1.64674     1.66491  0.00139188
        8534     1.64755     1.66491  0.00139172
        8535     1.64848     1.66491  0.00139156
        8536     1.64953     1.66491   0.0013914
        8537     1.65067      1.6649  0.00139124
        8538     1.65192      1.6649  0.00139108
        8539     1.65324      1.6649  0.00139091
        8540     1.65465      1.6649  0.00139075
        8541     1.65613      1.6649  0.00139059
        8542     1.65769      1.6649  0.00139043
        8543      1.6593      1.6649  0.00139026
        8544     1.66099      1.6649   0.0013901
        8545     1.66273      1.6649  0.00138994
        8546     1.66454      1.6649  0.00138978
        8547     1.66641      1.6649  0.00138961
        8548     1.66833      1.6649  0.00138945
        8549     1.67032      1.6649  0.00138929
        8550     1.67237      1.6649  0.00138913
        8551     1.67447      1.6649  0.00138896
        8552     1.67661      1.6649   0.0013888
        8553      1.6788      1.6649  0.00138864
        8554     1.68103     1.66491  0.00138848
        8555     1.68328     1.66491  0.00138832
        8556     1.68554     1.66491  0.00138816
        8557     1.68781     1.66491    0.001388
        8558     1.69006     1.66492  0.00138784
        8559     1.69228     1.66492  0.00138768
        8560     1.69446     1.66492  0.00138752
        8561     1.69657     1.66493  0.00138737
        8562      1.6986     1.66493  0.00138721
        8563     1.70052     1.66493  0.00138705
        8564     1.70232     1.66494   0.0013869
        8565     1.70398     1.66494  0.00138674
        8566     1.70548     1.66495  0.00138659
        8567     1.70679     1.66495  0.00138644
        8568     1.70792     1.66496  0.00138628
        8569     1.70885     1.66496  0.00138613
        8570     1.70956     1.66497  0.00138598
        8571     1.71005     1.66497  0.00138583
        8572     1.71031     1.66498  0.00138568
        8573     1.71034     1.66498  0.00138553
        8574     1.71014     1.66499  0.00138537
        8575      1.7097     1.66499  0.00138522
        8576     1.70905       1.665  0.00138507
        8577     1.70817       1.665  0.00138492
        8578     1.70708     1.66501  0.00138477
        8579     1.70579     1.66501  0.00138461
        8580     1.70432     1.66502  0.00138446
        8581     1.70267     1.66502   0.0013843
        8582     1.70087     1.66503  0.00138415
        8583     1.69892     1.66503  0.00138399
        8584     1.69686     1.66503  0.00138384
        8585      1.6947     1.66504  0.00138368
        8586     1.69245     1.66504  0.00138352
        8587     1.69014     1.66504  0.00138336
        8588     1.68778     1.66505  0.00138321
        8589      1.6854     1.66505  0.00138305
        8590     1.68302     1.66505  0.00138289
        8591     1.68064     1.66505  0.00138273
        8592      1.6783     1.66506  0.00138257
        8593       1.676     1.66506  0.00138241
        8594     1.67375     1.66506  0.00138225
        8595     1.67158     1.66506  0.00138209
        8596     1.66949     1.66506  0.00138193
        8597      1.6675     1.66506  0.00138176
        8598      1.6656     1.66506   0.0013816
        8599     1.66382     1.66506  0.00138144
        8600     1.66215     1.66506  0.00138128
        8601     1.66061     1.66506  0.00138112
        8602     1.65919     1.66506  0.00138096
        8603     1.65791     1.66506   0.0013808
        8604     1.65675     1.66506  0.00138064
        8605     1.65572     1.66505  0.00138048
        8606     1.65482     1.66505  0.00138032
        8607     1.65405     1.66505  0.00138016
        8608      1.6534     1.66505     0.00138
        8609     1.65286     1.66505  0.00137984
        8610     1.65244     1.66505  0.00137968
        8611     1.65213     1.66505  0.00137952
        8612     1.65192     1.66504  0.00137936
        8613     1.65181     1.66504  0.00137921
        8614     1.65178     1.66504  0.00137905
        8615     1.65183     1.66504  0.00137889
        8616     1.65195     1.66504  0.00137873
        8617     1.65213     1.66504  0.00137857
        8618     1.65238     1.66504  0.00137841
        8619     1.65267     1.66503  0.00137825
        8620     1.65301     1.66503  0.00137809
        8621     1.65339     1.66503  0.00137793
        8622      1.6538     1.66503  0.00137777
        8623     1.65425     1.66503  0.00137761
        8624     1.65473     1.66503  0.00137745
        8625     1.65523     1.66503  0.00137729
        8626     1.65577     1.66503  0.00137714
        8627     1.65633     1.66502  0.00137698
        8628     1.65693     1.66502  0.00137682
        8629     1.65757     1.66502  0.00137666
        8630     1.65825     1.66502   0.0013765
        8631     1.65898     1.66502  0.00137634
        8632     1.65977     1.66502  0.00137618
        8633     1.66062     1.66502  0.00137602
        8634     1.66155     1.66502  0.00137586
        8635     1.66257     1.66502   0.0013757
        8636     1.66367     1.66502  0.00137554
        8637     1.66487     1.66502  0.00137538
        8638     1.66617     1.66502  0.00137522
        8639     1.66759     1.66502  0.00137506
        8640     1.66912     1.66502  0.00137491
        8641     1.67077     1.66502  0.00137475
        8642     1.67255     1.66502  0.00137459
        8643     1.67445     1.66502  0.00137443
        8644     1.67646     1.66502  0.00137427
        8645      1.6786     1.66503  0.00137411
        8646     1.68085     1.66503  0.00137396
        8647      1.6832     1.66503   0.0013738
        8648     1.68565     1.66503  0.00137364
        8649     1.68819     1.66503  0.00137349
        8650     1.69081     1.66504  0.00137333
        8651     1.69349     1.66504  0.00137317
        8652     1.69622     1.66504  0.00137302
        8653     1.69898     1.66505  0.00137287
        8654     1.70176     1.66505  0.00137272
        8655     1.70455     1.66506  0.00137256
        8656     1.70732     1.66506  0.00137241
        8657     1.71006     1.66507  0.00137227
        8658     1.71275     1.66507  0.00137212
        8659     1.71538     1.66508  0.00137197
        8660     1.71792     1.66508  0.00137183
        8661     1.72037     1.66509  0.00137168
        8662     1.72271      1.6651  0.00137154
        8663     1.72492      1.6651   0.0013714
        8664     1.72699     1.66511  0.00137126
        8665     1.72891     1.66512  0.00137112
        8666     1.73066     1.66513  0.00137099
        8667     1.73224     1.66513  0.00137085
        8668     1.73364     1.66514  0.00137071
        8669     1.73485     1.66515  0.00137058
        8670     1.73586     1.66516  0.00137045
        8671     1.73667     1.66517  0.00137031
        8672     1.73727     1.66518  0.00137018
        8673     1.73767     1.66518  0.00137005
        8674     1.73785     1.66519  0.00136991
        8675     1.73782      1.6652  0.00136978
        8676     1.73758     1.66521  0.00136965
        8677     1.73712     1.66522  0.00136952
        8678     1.73645     1.66523  0.00136938
        8679     1.73557     1.66523  0.00136925
        8680     1.73449     1.66524  0.00136912
        8681      1.7332     1.66525  0.00136898
        8682     1.73171     1.66526  0.00136884
        8683     1.73002     1.66526  0.00136871
        8684     1.72814     1.66527  0.00136857
        8685     1.72608     1.66528  0.00136843
        8686     1.72383     1.66529  0.00136829
        8687     1.72142     1.66529  0.00136815
        8688     1.71883      1.6653    0.001368
        8689     1.71607      1.6653  0.00136786
        8690     1.71316     1.66531  0.00136771
        8691     1.71011     1.66531  0.00136756
        8692     1.70691     1.66532  0.00136741
        8693     1.70358     1.66532  0.00136726
        8694     1.70013     1.66533  0.00136711
        8695     1.69656     1.66533  0.00136696
        8696      1.6929     1.66533  0.00136681
        8697     1.68916     1.66534  0.00136665
        8698     1.68534     1.66534   0.0013665
        8699     1.68146     1.66534  0.00136634
        8700     1.67753     1.66534  0.00136618
        8701     1.67358     1.66534  0.00136603
        8702     1.66961     1.66534  0.00136587
        8703     1.66564     1.66534  0.00136571
        8704     1.66169     1.66534  0.00136556
        8705     1.65778     1.66534   0.0013654
        8706     1.65393     1.66534  0.00136524
        8707     1.65014     1.66534  0.00136509
        8708     1.64643     1.66534  0.00136493
        8709     1.64282     1.66533  0.00136478
        8710     1.63933     1.66533  0.00136463
        8711     1.63596     1.66533  0.00136447
        8712     1.63272     1.66532  0.00136432
        8713     1.62963     1.66532  0.00136417
        8714      1.6267     1.66532  0.00136402
        8715     1.62392     1.66531  0.00136387
        8716     1.62132     1.66531  0.00136373
        8717     1.61888      1.6653  0.00136358
        8718     1.61662      1.6653  0.00136344
        8719     1.61452     1.66529  0.00136329
        8720      1.6126     1.66528  0.00136315
        8721     1.61084     1.66528  0.00136301
        8722     1.60926     1.66527  0.00136287
        8723     1.60784     1.66526  0.00136272
        8724     1.60658     1.66526  0.00136259
        8725     1.60547     1.66525  0.00136245
        8726     1.60453     1.66524  0.00136231
        8727     1.60373     1.66524  0.00136217
        8728     1.60307     1.66523  0.00136203
        8729     1.60256     1.66522   0.0013619
        8730     1.60218     1.66522  0.00136176
        8731     1.60192     1.66521  0.00136162
        8732      1.6018      1.6652  0.00136149
        8733     1.60179     1.66519  0.00136135
        8734     1.60191     1.66519  0.00136121
        8735     1.60214     1.66518  0.00136108
        8736     1.60248     1.66517  0.00136094
        8737     1.60292     1.66516   0.0013608
        8738     1.60347     1.66516  0.00136066
        8739     1.60411     1.66515  0.00136053
        8740     1.60483     1.66514  0.00136039
        8741     1.60562     1.66514  0.00136025
        8742     1.60648     1.66513  0.00136011
        8743     1.60738     1.66512  0.00135997
        8744     1.60833     1.66512  0.00135983
        8745     1.60929     1.66511  0.00135969
        8746     1.61026      1.6651  0.00135955
        8747     1.61122      1.6651  0.00135941
        8748     1.61216     1.66509  0.00135927
        8749     1.61307     1.66509  0.00135912
        8750     1.61393     1.66508  0.00135898
        8751     1.61474     1.66507  0.00135884
        8752     1.61551     1.66507  0.00135869
        8753     1.61622     1.66506  0.00135855
        8754      1.6169     1.66506  0.00135841
        8755     1.61754     1.66505  0.00135826
        8756     1.61816     1.66505  0.00135812
        8757     1.61877     1.66504  0.00135797
        8758      1.6194     1.66504  0.00135783
        8759     1.62005     1.66503  0.00135768
        8760     1.62076     1.66503  0.00135754
        8761     1.62153     1.66502  0.00135739
        8762     1.62238     1.66502  0.00135725
        8763     1.62334     1.66501   0.0013571
        8764      1.6244     1.66501  0.00135695
        8765     1.62558       1.665   0.0013568
        8766     1.62689       1.665  0.00135666
        8767     1.62832     1.66499  0.00135651
        8768     1.62987     1.66499  0.00135636
        8769     1.63154     1.66499  0.00135621
        8770     1.63333     1.66498  0.00135606
        8771     1.63522     1.66498  0.00135591
        8772     1.63721     1.66498  0.00135576
        8773     1.63927     1.66497  0.00135561
        8774      1.6414     1.66497  0.00135546
        8775     1.64359     1.66497   0.0013553
        8776     1.64582     1.66497  0.00135515
        8777     1.64808     1.66496    0.001355
        8778     1.65034     1.66496  0.00135484
        8779      1.6526     1.66496  0.00135469
        8780     1.65485     1.66496  0.00135454
        8781     1.65705     1.66496  0.00135438
        8782      1.6592     1.66496  0.00135423
        8783     1.66128     1.66496  0.00135407
        8784     1.66326     1.66496  0.00135392
        8785     1.66513     1.66496  0.00135377
        8786     1.66686     1.66496  0.00135361
        8787     1.66844     1.66496  0.00135346
        8788     1.66983     1.66496   0.0013533
        8789     1.67103     1.66496  0.00135315
        8790     1.67201     1.66496    0.001353
        8791     1.67275     1.66496  0.00135284
        8792     1.67324     1.66496  0.00135269
        8793     1.67347     1.66496  0.00135254
        8794     1.67342     1.66496  0.00135238
        8795     1.67309     1.66497  0.00135223
        8796     1.67248     1.66497  0.00135208
        8797     1.67158     1.66497  0.00135192
        8798     1.67041     1.66497  0.00135177
        8799     1.66897     1.66497  0.00135162
        8800     1.66727     1.66497  0.00135146
        8801     1.66533     1.66497  0.00135131
        8802     1.66316     1.66497  0.00135115
        8803     1.66076     1.66497    0.001351
        8804     1.65817     1.66497  0.00135085
        8805      1.6554     1.66497   0.0013507
        8806     1.65246     1.66496  0.00135054
        8807     1.64938     1.66496  0.00135039
        8808     1.64618     1.66496  0.00135024
        8809     1.64287     1.66496  0.00135009
        8810     1.63947     1.66495  0.00134994
        8811       1.636     1.66495  0.00134979
        8812     1.63249     1.66495  0.00134964
        8813     1.62896     1.66494  0.00134949
        8814     1.62542     1.66494  0.00134935
        8815     1.62189     1.66493   0.0013492
        8816     1.61842     1.66493  0.00134906
        8817     1.61501     1.66492  0.00134892
        8818     1.61169     1.66492  0.00134878
        8819      1.6085     1.66491  0.00134864
        8820     1.60546      1.6649  0.00134851
        8821      1.6026      1.6649  0.00134837
        8822     1.59995     1.66489  0.00134824
        8823     1.59755     1.66488  0.00134811
        8824     1.59542     1.66487  0.00134798
        8825     1.59359     1.66487  0.00134785
        8826      1.5921     1.66486  0.00134772
        8827     1.59098     1.66485   0.0013476
        8828     1.59025     1.66484  0.00134747
        8829     1.58993     1.66483  0.00134734
        8830     1.59005     1.66482  0.00134722
        8831     1.59063     1.66482  0.00134709
        8832     1.59166     1.66481  0.00134696
        8833     1.59318      1.6648  0.00134684
        8834     1.59517     1.66479  0.00134671
        8835     1.59764     1.66478  0.00134658
        8836     1.60059     1.66478  0.00134644
        8837     1.60401     1.66477  0.00134631
        8838     1.60788     1.66476  0.00134617
        8839     1.61219     1.66476  0.00134603
        8840     1.61693     1.66475  0.00134589
        8841     1.62207     1.66475  0.00134575
        8842     1.62758     1.66474   0.0013456
        8843     1.63344     1.66474  0.00134545
        8844     1.63962     1.66474   0.0013453
        8845     1.64608     1.66473  0.00134515
        8846      1.6528     1.66473    0.001345
        8847     1.65972     1.66473  0.00134485
        8848     1.66682     1.66473   0.0013447
        8849     1.67404     1.66473  0.00134455
        8850     1.68135     1.66474   0.0013444
        8851     1.68868     1.66474  0.00134425
        8852       1.696     1.66474   0.0013441
        8853     1.70324     1.66475  0.00134396
        8854     1.71036     1.66475  0.00134381
        8855      1.7173     1.66476  0.00134368
        8856     1.72402     1.66476  0.00134354
        8857     1.73048     1.66477  0.00134341
        8858     1.73663     1.66478  0.00134328
        8859     1.74243     1.66479  0.00134316
        8860     1.74786      1.6648  0.00134304
        8861     1.75289     1.66481  0.00134292
        8862      1.7575     1.66482  0.00134281
        8863     1.76168     1.66483  0.00134271
        8864     1.76543     1.66484   0.0013426
        8865     1.76875     1.66485   0.0013425
        8866     1.77165     1.66486  0.00134241
        8867     1.77413     1.66488  0.00134231
        8868     1.77622     1.66489  0.00134222
        8869     1.77794      1.6649  0.00134213
        8870      1.7793     1.66491  0.00134204
        8871     1.78033     1.66493  0.00134195
        8872     1.78107     1.66494  0.00134186
        8873     1.78151     1.66495  0.00134178
        8874      1.7817     1.66497  0.00134169
        8875     1.78165     1.66498   0.0013416
        8876     1.78138     1.66499  0.00134152
        8877     1.78089     1.66501  0.00134143
        8878     1.78021     1.66502  0.00134134
        8879     1.77934     1.66503  0.00134125
        8880     1.77827     1.66505  0.00134116
        8881     1.77702     1.66506  0.00134107
        8882     1.77558     1.66507  0.00134097
        8883     1.77395     1.66508  0.00134088
        8884     1.77212     1.66509  0.00134078
        8885      1.7701     1.66511  0.00134068
        8886     1.76787     1.66512  0.00134058
        8887     1.76544     1.66513  0.00134048
        8888      1.7628     1.66514  0.00134037
        8889     1.75996     1.66515  0.00134027
        8890     1.75691     1.66516  0.00134015
        8891     1.75367     1.66517  0.00134004
        8892     1.75023     1.66518  0.00133992
        8893     1.74661     1.66519   0.0013398
        8894     1.74282      1.6652  0.00133968
        8895     1.73888     1.66521  0.00133956
        8896     1.73479     1.66521  0.00133943
        8897     1.73058     1.66522   0.0013393
        8898     1.72626     1.66523  0.00133917
        8899     1.72185     1.66524  0.00133903
        8900     1.71738     1.66524  0.00133889
        8901     1.71288     1.66525  0.00133875
        8902     1.70836     1.66525  0.00133861
        8903     1.70384     1.66526  0.00133847
        8904     1.69936     1.66526  0.00133832
        8905     1.69495     1.66526  0.00133818
        8906     1.69061     1.66527  0.00133803
        8907     1.68639     1.66527  0.00133788
        8908      1.6823     1.66527  0.00133773
        8909     1.67837     1.66527  0.00133758
        8910     1.67461     1.66527  0.00133743
        8911     1.67106     1.66527  0.00133728
        8912     1.66772     1.66527  0.00133713
        8913     1.66463     1.66527  0.00133698
        8914     1.66178     1.66527  0.00133683
        8915     1.65919     1.66527  0.00133668
        8916     1.65687     1.66527  0.00133654
        8917     1.65482     1.66527  0.00133639
        8918     1.65304     1.66527  0.00133624
        8919     1.65153     1.66527  0.00133609
        8920     1.65028     1.66527  0.00133594
        8921     1.64929     1.66526  0.00133579
        8922     1.64854     1.66526  0.00133564
        8923     1.64801     1.66526  0.00133549
        8924      1.6477     1.66526  0.00133535
        8925     1.64758     1.66526   0.0013352
        8926     1.64763     1.66525  0.00133505
        8927     1.64783     1.66525   0.0013349
        8928     1.64815     1.66525  0.00133475
        8929     1.64857     1.66525   0.0013346
        8930     1.64907     1.66525  0.00133446
        8931     1.64961     1.66524  0.00133431
        8932     1.65017     1.66524  0.00133416
        8933     1.65073     1.66524  0.00133401
        8934     1.65127     1.66524  0.00133386
        8935     1.65177     1.66524  0.00133371
        8936      1.6522     1.66524  0.00133357
        8937     1.65254     1.66524  0.00133342
        8938     1.65277     1.66523  0.00133327
        8939     1.65289     1.66523  0.00133312
        8940     1.65288     1.66523  0.00133297
        8941     1.65272     1.66523  0.00133282
        8942     1.65241     1.66523  0.00133268
        8943     1.65194     1.66523  0.00133253
        8944     1.65132     1.66523  0.00133238
        8945     1.65054     1.66522  0.00133223
        8946     1.64961     1.66522  0.00133208
        8947     1.64854     1.66522  0.00133194
        8948     1.64734     1.66522  0.00133179
        8949     1.64602     1.66522  0.00133164
        8950     1.64459     1.66521   0.0013315
        8951     1.64309     1.66521  0.00133135
        8952     1.64152     1.66521   0.0013312
        8953     1.63992     1.66521  0.00133106
        8954      1.6383      1.6652  0.00133091
        8955     1.63668      1.6652  0.00133077
        8956      1.6351      1.6652  0.00133062
        8957     1.63358     1.66519  0.00133048
        8958     1.63213     1.66519  0.00133034
        8959     1.63077     1.66519  0.00133019
        8960     1.62952     1.66518  0.00133005
        8961     1.62838     1.66518  0.00132991
        8962     1.62737     1.66517  0.00132977
        8963     1.62649     1.66517  0.00132962
        8964     1.62573     1.66516  0.00132948
        8965      1.6251     1.66516  0.00132934
        8966      1.6246     1.66516   0.0013292
        8967      1.6242     1.66515  0.00132906
        8968     1.62391     1.66515  0.00132892
        8969     1.62371     1.66514  0.00132878
        8970     1.62359     1.66514  0.00132864
        8971     1.62354     1.66513   0.0013285
        8972     1.62354     1.66513  0.00132836
        8973     1.62358     1.66512  0.00132822
        8974     1.62364     1.66512  0.00132808
        8975     1.62373     1.66511  0.00132794
        8976     1.62383     1.66511   0.0013278
        8977     1.62393      1.6651  0.00132766
        8978     1.62405      1.6651  0.00132752
        8979     1.62418      1.6651  0.00132738
        8980     1.62432     1.66509  0.00132724
        8981     1.62449     1.66509   0.0013271
        8982     1.62468     1.66508  0.00132696
        8983     1.62493     1.66508  0.00132682
        8984     1.62525     1.66507  0.00132668
        8985     1.62565     1.66507  0.00132654
        8986     1.62615     1.66506   0.0013264
        8987     1.62677     1.66506  0.00132626
        8988     1.62754     1.66506  0.00132612
        8989     1.62848     1.66505  0.00132598
        8990      1.6296     1.66505  0.00132584
        8991     1.63094     1.66504  0.00132569
        8992      1.6325     1.66504  0.00132555
        8993     1.63432     1.66504  0.00132541
        8994      1.6364     1.66503  0.00132526
        8995     1.63876     1.66503  0.00132512
        8996     1.64141     1.66503  0.00132498
        8997     1.64435     1.66503  0.00132483
        8998     1.64759     1.66502  0.00132468
        8999     1.65113     1.66502  0.00132454
        9000     1.65495     1.66502  0.00132439
        9001     1.65904     1.66502  0.00132424
        9002     1.66339     1.66502   0.0013241
        9003     1.66797     1.66502  0.00132395
        9004     1.67275     1.66502   0.0013238
        9005     1.67773     1.66502  0.00132366
        9006     1.68285     1.66502  0.00132351
        9007     1.68808     1.66503  0.00132337
        9008      1.6934     1.66503  0.00132322
        9009     1.69875     1.66503  0.00132308
        9010     1.70411     1.66504  0.00132294
        9011     1.70944     1.66504  0.00132281
        9012      1.7147     1.66505  0.00132267
        9013     1.71986     1.66506  0.00132254
        9014     1.72489     1.66506  0.00132241
        9015     1.72975     1.66507  0.00132228
        9016     1.73443     1.66508  0.00132216
        9017     1.73889     1.66508  0.00132203
        9018     1.74313     1.66509  0.00132192
        9019     1.74713      1.6651   0.0013218
        9020     1.75088     1.66511  0.00132169
        9021     1.75438     1.66512  0.00132158
        9022     1.75762     1.66513  0.00132147
        9023     1.76062     1.66514  0.00132137
        9024     1.76337     1.66515  0.00132127
        9025      1.7659     1.66516  0.00132117
        9026     1.76822     1.66518  0.00132107
        9027     1.77034     1.66519  0.00132098
        9028     1.77231      1.6652  0.00132088
        9029     1.77413     1.66521  0.00132079
        9030     1.77583     1.66522   0.0013207
        9031     1.77745     1.66524  0.00132061
        9032       1.779     1.66525  0.00132053
        9033     1.78051     1.66526  0.00132044
        9034       1.782     1.66527  0.00132036
        9035     1.78349     1.66529  0.00132028
        9036       1.785      1.6653   0.0013202
        9037     1.78653     1.66531  0.00132012
        9038      1.7881     1.66533  0.00132005
        9039      1.7897     1.66534  0.00131997
        9040     1.79134     1.66536   0.0013199
        9041     1.79301     1.66537  0.00131983
        9042     1.79471     1.66538  0.00131976
        9043     1.79642      1.6654  0.00131969
        9044     1.79812     1.66541  0.00131963
        9045     1.79981     1.66543  0.00131957
        9046     1.80146     1.66544  0.00131951
        9047     1.80305     1.66546  0.00131945
        9048     1.80456     1.66547  0.00131939
        9049     1.80598     1.66549  0.00131934
        9050     1.80728     1.66551  0.00131928
        9051     1.80844     1.66552  0.00131923
        9052     1.80946     1.66554  0.00131918
        9053      1.8103     1.66555  0.00131913
        9054     1.81098     1.66557  0.00131909
        9055     1.81146     1.66558  0.00131904
        9056     1.81174      1.6656  0.00131899
        9057     1.81181     1.66562  0.00131895
        9058     1.81166     1.66563   0.0013189
        9059     1.81129     1.66565  0.00131885
        9060     1.81069     1.66567   0.0013188
        9061     1.80986     1.66568  0.00131875
        9062      1.8088      1.6657   0.0013187
        9063     1.80751     1.66571  0.00131865
        9064     1.80597     1.66573  0.00131859
        9065      1.8042     1.66574  0.00131854
        9066     1.80219     1.66576  0.00131848
        9067     1.79994     1.66577  0.00131842
        9068     1.79745     1.66579  0.00131835
        9069     1.79472      1.6658  0.00131828
        9070     1.79174     1.66582  0.00131821
        9071     1.78852     1.66583  0.00131813
        9072     1.78505     1.66584  0.00131805
        9073     1.78133     1.66586  0.00131797
        9074     1.77735     1.66587  0.00131788
        9075     1.77311     1.66588  0.00131779
        9076     1.76861     1.66589  0.00131769
        9077     1.76385      1.6659  0.00131759
        9078     1.75882     1.66591  0.00131749
        9079     1.75353     1.66592  0.00131738
        9080     1.74798     1.66593  0.00131726
        9081     1.74218     1.66594  0.00131714
        9082     1.73612     1.66595  0.00131702
        9083     1.72982     1.66595   0.0013169
        9084     1.72329     1.66596  0.00131677
        9085     1.71654     1.66597  0.00131663
        9086     1.70959     1.66597   0.0013165
        9087     1.70245     1.66597  0.00131636
        9088     1.69514     1.66598  0.00131622
        9089     1.68769     1.66598  0.00131607
        9090     1.68011     1.66598  0.00131593
        9091     1.67244     1.66598  0.00131579
        9092     1.66469     1.66598  0.00131564
        9093     1.65691     1.66598   0.0013155
        9094     1.64911     1.66598  0.00131535
        9095     1.64133     1.66598  0.00131521
        9096      1.6336     1.66597  0.00131507
        9097     1.62595     1.66597  0.00131493
        9098      1.6184     1.66596   0.0013148
        9099       1.611     1.66596  0.00131467
        9100     1.60376     1.66595  0.00131454
        9101     1.59673     1.66594  0.00131442
        9102     1.58991     1.66593   0.0013143
        9103     1.58335     1.66593  0.00131419
        9104     1.57706     1.66592  0.00131408
        9105     1.57106     1.66591  0.00131398
        9106     1.56537     1.66589  0.00131388
        9107     1.56002     1.66588  0.00131379
        9108     1.55501     1.66587   0.0013137
        9109     1.55037     1.66586  0.00131362
        9110      1.5461     1.66584  0.00131354
        9111     1.54221     1.66583  0.00131346
        9112     1.53871     1.66582  0.00131339
        9113     1.53561      1.6658  0.00131333
        9114     1.53291     1.66579  0.00131327
        9115      1.5306     1.66577   0.0013132
        9116     1.52869     1.66576  0.00131315
        9117     1.52718     1.66574  0.00131309
        9118     1.52605     1.66573  0.00131304
        9119     1.52531     1.66571  0.00131298
        9120     1.52494      1.6657  0.00131293
        9121     1.52493     1.66568  0.00131288
        9122     1.52527     1.66567  0.00131282
        9123     1.52594     1.66565  0.00131277
        9124     1.52692     1.66564  0.00131271
        9125     1.52821     1.66562  0.00131265
        9126     1.52979     1.66561  0.00131259
        9127     1.53163     1.66559  0.00131253
        9128     1.53371     1.66558  0.00131247
        9129     1.53602     1.66556   0.0013124
        9130     1.53853     1.66555  0.00131233
        9131     1.54123     1.66553  0.00131226
        9132     1.54409     1.66552  0.00131218
        9133     1.54709     1.66551   0.0013121
        9134     1.55022      1.6655  0.00131202
        9135     1.55346     1.66548  0.00131193
        9136     1.55677     1.66547  0.00131184
        9137     1.56016     1.66546  0.00131175
        9138      1.5636     1.66545  0.00131165
        9139     1.56707     1.66544  0.00131156
        9140     1.57057     1.66543  0.00131145
        9141     1.57407     1.66542  0.00131135
        9142     1.57757     1.66541  0.00131124
        9143     1.58106      1.6654  0.00131113
        9144     1.58453     1.66539  0.00131102
        9145     1.58797     1.66538   0.0013109
        9146     1.59139     1.66537  0.00131078
        9147     1.59478     1.66537  0.00131066
        9148     1.59813     1.66536  0.00131054
        9149     1.60147     1.66535  0.00131041
        9150     1.60477     1.66535  0.00131029
        9151     1.60807     1.66534  0.00131016
        9152     1.61135     1.66533  0.00131003
        9153     1.61463     1.66533   0.0013099
        9154     1.61791     1.66532  0.00130976
        9155     1.62121     1.66532  0.00130963
        9156     1.62452     1.66531  0.00130949
        9157     1.62786     1.66531  0.00130936
        9158     1.63123     1.66531  0.00130922
        9159     1.63464      1.6653  0.00130908
        9160     1.63808      1.6653  0.00130894
        9161     1.64156      1.6653   0.0013088
        9162     1.64506     1.66529  0.00130866
        9163     1.64859     1.66529  0.00130852
        9164     1.65213     1.66529  0.00130838
        9165     1.65566     1.66529  0.00130823
        9166     1.65918     1.66529  0.00130809
        9167     1.66266     1.66529  0.00130795
        9168      1.6661     1.66529  0.00130781
        9169     1.66946     1.66529  0.00130766
        9170     1.67273     1.66529  0.00130752
        9171     1.67588     1.66529  0.00130738
        9172     1.67889     1.66529  0.00130724
        9173     1.68174     1.66529   0.0013071
        9174     1.68438      1.6653  0.00130696
        9175     1.68681      1.6653  0.00130682
        9176     1.68898      1.6653  0.00130668
        9177     1.69088      1.6653  0.00130654
        9178     1.69246     1.66531   0.0013064
        9179     1.69371     1.66531  0.00130626
        9180      1.6946     1.66531  0.00130612
        9181     1.69509     1.66532  0.00130598
        9182     1.69517     1.66532  0.00130584
        9183      1.6948     1.66532  0.00130571
        9184     1.69398     1.66533  0.00130557
        9185     1.69268     1.66533  0.00130543
        9186     1.69089     1.66533  0.00130529
        9187      1.6886     1.66533  0.00130515
        9188      1.6858     1.66534  0.00130501
        9189      1.6825     1.66534  0.00130487
        9190     1.67868     1.66534  0.00130473
        9191     1.67438     1.66534  0.00130459
        9192      1.6696     1.66534  0.00130444
        9193     1.66436     1.66534   0.0013043
        9194     1.65869     1.66534  0.00130416
        9195     1.65262     1.66534  0.00130402
        9196      1.6462     1.66534  0.00130388
        9197     1.63946     1.66533  0.00130374
        9198     1.63246     1.66533   0.0013036
        9199     1.62523     1.66533  0.00130347
        9200     1.61784     1.66532  0.00130334
        9201     1.61035     1.66532  0.00130321
        9202      1.6028     1.66531  0.00130309
        9203     1.59526      1.6653  0.00130297
        9204     1.58778     1.66529  0.00130285
        9205     1.58042     1.66528  0.00130274
        9206     1.57324     1.66527  0.00130264
        9207     1.56628     1.66526  0.00130254
        9208      1.5596     1.66525  0.00130245
        9209     1.55323     1.66524  0.00130237
        9210     1.54723     1.66523  0.00130229
        9211     1.54162     1.66521  0.00130222
        9212     1.53643      1.6652  0.00130215
        9213     1.53169     1.66518  0.00130209
        9214     1.52742     1.66517  0.00130203
        9215     1.52363     1.66515  0.00130198
        9216     1.52034     1.66514  0.00130194
        9217     1.51756     1.66512  0.00130189
        9218     1.51528     1.66511  0.00130185
        9219     1.51351     1.66509  0.00130182
        9220     1.51225     1.66507  0.00130178
        9221     1.51149     1.66506  0.00130175
        9222     1.51121     1.66504  0.00130171
        9223     1.51141     1.66502  0.00130168
        9224     1.51207     1.66501  0.00130164
        9225     1.51318     1.66499  0.00130161
        9226     1.51471     1.66497  0.00130157
        9227     1.51666     1.66496  0.00130152
        9228       1.519     1.66494  0.00130148
        9229      1.5217     1.66493  0.00130143
        9230     1.52474     1.66491  0.00130138
        9231      1.5281      1.6649  0.00130132
        9232     1.53175     1.66488  0.00130126
        9233     1.53567     1.66487   0.0013012
        9234     1.53982     1.66485  0.00130113
        9235     1.54419     1.66484  0.00130105
        9236     1.54873     1.66483  0.00130097
        9237     1.55343     1.66482  0.00130088
        9238     1.55825     1.66481   0.0013008
        9239     1.56317     1.66479   0.0013007
        9240     1.56816     1.66478   0.0013006
        9241     1.57319     1.66477   0.0013005
        9242     1.57825     1.66476  0.00130039
        9243      1.5833     1.66476  0.00130028
        9244     1.58832     1.66475  0.00130017
        9245     1.59329     1.66474  0.00130005
        9246      1.5982     1.66473  0.00129993
        9247     1.60302     1.66473  0.00129981
        9248     1.60774     1.66472  0.00129968
        9249     1.61235     1.66471  0.00129955
        9250     1.61684     1.66471  0.00129942
        9251     1.62118      1.6647  0.00129929
        9252     1.62538      1.6647  0.00129916
        9253     1.62942      1.6647  0.00129902
        9254     1.63329     1.66469  0.00129888
        9255       1.637     1.66469  0.00129875
        9256     1.64052     1.66469  0.00129861
        9257     1.64387     1.66468  0.00129847
        9258     1.64702     1.66468  0.00129833
        9259     1.64998     1.66468  0.00129819
        9260     1.65274     1.66468  0.00129805
        9261      1.6553     1.66468  0.00129791
        9262     1.65764     1.66468  0.00129777
        9263     1.65977     1.66468  0.00129763
        9264     1.66167     1.66468  0.00129749
        9265     1.66333     1.66468  0.00129735
        9266     1.66477     1.66468  0.00129721
        9267     1.66597     1.66468  0.00129707
        9268     1.66693     1.66468  0.00129693
        9269     1.66766     1.66468  0.00129679
        9270     1.66815     1.66468  0.00129665
        9271     1.66841     1.66468  0.00129651
        9272     1.66845     1.66468  0.00129638
        9273     1.66829     1.66468  0.00129624
        9274     1.66793     1.66468   0.0012961
        9275     1.66741     1.66468  0.00129596
        9276     1.66672     1.66468  0.00129582
        9277     1.66591     1.66468  0.00129568
        9278       1.665     1.66468  0.00129554
        9279     1.66401     1.66468   0.0012954
        9280     1.66298     1.66468  0.00129526
        9281     1.66194     1.66468  0.00129512
        9282     1.66092     1.66468  0.00129498
        9283     1.65995     1.66468  0.00129484
        9284     1.65906     1.66468   0.0012947
        9285     1.65827     1.66468  0.00129456
        9286     1.65762     1.66468  0.00129442
        9287     1.65712     1.66468  0.00129428
        9288     1.65679     1.66468  0.00129414
        9289     1.65665     1.66467    0.001294
        9290     1.65672     1.66467  0.00129387
        9291       1.657     1.66467  0.00129373
        9292      1.6575     1.66467  0.00129359
        9293     1.65822     1.66467  0.00129345
        9294     1.65916     1.66467  0.00129331
        9295     1.66032     1.66467  0.00129317
        9296      1.6617     1.66467  0.00129303
        9297     1.66328     1.66467  0.00129289
        9298     1.66505     1.66467  0.00129275
        9299     1.66702     1.66467  0.00129261
        9300     1.66915     1.66467  0.00129248
        9301     1.67145     1.66467  0.00129234
        9302      1.6739     1.66467   0.0012922
        9303     1.67648     1.66467  0.00129206
        9304     1.67918     1.66468  0.00129192
        9305     1.68199     1.66468  0.00129178
        9306     1.68489     1.66468  0.00129165
        9307     1.68787     1.66468  0.00129151
        9308     1.69092     1.66468  0.00129138
        9309     1.69403     1.66469  0.00129124
        9310     1.69717     1.66469  0.00129111
        9311     1.70036     1.66469  0.00129097
        9312     1.70357      1.6647  0.00129084
        9313     1.70679      1.6647  0.00129071
        9314     1.71002     1.66471  0.00129058
        9315     1.71325     1.66471  0.00129045
        9316     1.71647     1.66472  0.00129033
        9317     1.71966     1.66473   0.0012902
        9318     1.72284     1.66473  0.00129008
        9319     1.72598     1.66474  0.00128996
        9320     1.72908     1.66474  0.00128984
        9321     1.73214     1.66475  0.00128972
        9322     1.73514     1.66476   0.0012896
        9323     1.73808     1.66477  0.00128949
        9324     1.74095     1.66478  0.00128938
        9325     1.74375     1.66478  0.00128927
        9326     1.74647     1.66479  0.00128916
        9327      1.7491      1.6648  0.00128905
        9328     1.75164     1.66481  0.00128895
        9329     1.75407     1.66482  0.00128884
        9330      1.7564     1.66483  0.00128874
        9331     1.75862     1.66484  0.00128864
        9332     1.76073     1.66485  0.00128855
        9333     1.76272     1.66486  0.00128845
        9334     1.76459     1.66487  0.00128836
        9335     1.76633     1.66488  0.00128826
        9336     1.76795     1.66489  0.00128817
        9337     1.76944     1.66491  0.00128808
        9338      1.7708     1.66492    0.001288
        9339     1.77203     1.66493  0.00128791
        9340     1.77313     1.66494  0.00128782
        9341      1.7741     1.66495  0.00128774
        9342     1.77495     1.66496  0.00128766
        9343     1.77566     1.66497  0.00128757
        9344     1.77625     1.66499  0.00128749
        9345     1.77671       1.665  0.00128741
        9346     1.77705     1.66501  0.00128732
        9347     1.77726     1.66502  0.00128724
        9348     1.77734     1.66503  0.00128716
        9349     1.77731     1.66505  0.00128708
        9350     1.77714     1.66506    0.001287
        9351     1.77686     1.66507  0.00128692
        9352     1.77645     1.66508  0.00128683
        9353     1.77592     1.66509  0.00128675
        9354     1.77526     1.66511  0.00128667
        9355     1.77448     1.66512  0.00128658
        9356     1.77358     1.66513   0.0012865
        9357     1.77254     1.66514  0.00128641
        9358     1.77138     1.66515  0.00128632
        9359     1.77009     1.66516  0.00128623
        9360     1.76867     1.66517  0.00128615
        9361     1.76713     1.66519  0.00128605
        9362     1.76546      1.6652  0.00128596
        9363     1.76366     1.66521  0.00128587
        9364     1.76174     1.66522  0.00128577
        9365     1.75969     1.66523  0.00128567
        9366     1.75751     1.66524  0.00128557
        9367     1.75522     1.66525  0.00128547
        9368      1.7528     1.66526  0.00128537
        9369     1.75028     1.66527  0.00128526
        9370     1.74764     1.66527  0.00128516
        9371      1.7449     1.66528  0.00128505
        9372     1.74206     1.66529  0.00128494
        9373     1.73912      1.6653  0.00128482
        9374     1.73608     1.66531  0.00128471
        9375     1.73296     1.66531  0.00128459
        9376     1.72976     1.66532  0.00128447
        9377     1.72649     1.66533  0.00128435
        9378     1.72314     1.66533  0.00128423
        9379     1.71974     1.66534  0.00128411
        9380     1.71628     1.66534  0.00128398
        9381     1.71277     1.66535  0.00128385
        9382     1.70923     1.66535  0.00128373
        9383     1.70565     1.66536   0.0012836
        9384     1.70205     1.66536  0.00128347
        9385     1.69843     1.66537  0.00128333
        9386     1.69481     1.66537   0.0012832
        9387     1.69119     1.66537  0.00128307
        9388     1.68759     1.66537  0.00128293
        9389       1.684     1.66538   0.0012828
        9390     1.68046     1.66538  0.00128266
        9391     1.67695     1.66538  0.00128253
        9392     1.67351     1.66538  0.00128239
        9393     1.67014     1.66538  0.00128225
        9394     1.66685     1.66538  0.00128212
        9395     1.66366     1.66538  0.00128198
        9396     1.66059     1.66538  0.00128184
        9397     1.65764     1.66538  0.00128171
        9398     1.65483     1.66538  0.00128157
        9399     1.65218     1.66538  0.00128144
        9400     1.64971     1.66537   0.0012813
        9401     1.64742     1.66537  0.00128117
        9402     1.64534     1.66537  0.00128103
        9403     1.64348     1.66537   0.0012809
        9404     1.64185     1.66537  0.00128076
        9405     1.64048     1.66536  0.00128063
        9406     1.63936     1.66536   0.0012805
        9407     1.63853     1.66536  0.00128036
        9408     1.63797     1.66535  0.00128023
        9409     1.63772     1.66535   0.0012801
        9410     1.63777     1.66535  0.00127997
        9411     1.63812     1.66535  0.00127983
        9412     1.63878     1.66534   0.0012797
        9413     1.63976     1.66534  0.00127957
        9414     1.64106     1.66534  0.00127943
        9415     1.64266     1.66533   0.0012793
        9416     1.64457     1.66533  0.00127917
        9417     1.64677     1.66533  0.00127903
        9418     1.64926     1.66533   0.0012789
        9419     1.65202     1.66533  0.00127876
        9420     1.65504     1.66533  0.00127863
        9421     1.65829     1.66533  0.00127849
        9422     1.66176     1.66533  0.00127836
        9423     1.66542     1.66533  0.00127822
        9424     1.66926     1.66533  0.00127808
        9425     1.67325     1.66533  0.00127795
        9426     1.67737     1.66533  0.00127781
        9427      1.6816     1.66533  0.00127768
        9428     1.68591     1.66533  0.00127755
        9429     1.69028     1.66533  0.00127741
        9430     1.69468     1.66534  0.00127728
        9431      1.6991     1.66534  0.00127715
        9432     1.70351     1.66535  0.00127702
        9433     1.70791     1.66535   0.0012769
        9434     1.71227     1.66535  0.00127677
        9435     1.71657     1.66536  0.00127665
        9436     1.72082     1.66537  0.00127652
        9437       1.725     1.66537   0.0012764
        9438      1.7291     1.66538  0.00127629
        9439     1.73312     1.66539  0.00127617
        9440     1.73705     1.66539  0.00127606
        9441     1.74089      1.6654  0.00127595
        9442     1.74464     1.66541  0.00127584
        9443     1.74831     1.66542  0.00127574
        9444     1.75189     1.66543  0.00127563
        9445     1.75539     1.66544  0.00127554
        9446     1.75882     1.66545  0.00127544
        9447     1.76219     1.66546  0.00127534
        9448     1.76548     1.66547  0.00127525
        9449     1.76872     1.66548  0.00127517
        9450     1.77189     1.66549  0.00127508
        9451     1.77501      1.6655    0.001275
        9452     1.77807     1.66551  0.00127492
        9453     1.78108     1.66553  0.00127484
        9454     1.78402     1.66554  0.00127477
        9455     1.78689     1.66555   0.0012747
        9456     1.78969     1.66556  0.00127463
        9457      1.7924     1.66558  0.00127457
        9458     1.79501     1.66559  0.00127451
        9459     1.79751     1.66561  0.00127445
        9460     1.79987     1.66562  0.00127439
        9461     1.80209     1.66563  0.00127434
        9462     1.80413     1.66565  0.00127429
        9463     1.80598     1.66566  0.00127424
        9464     1.80761     1.66568  0.00127419
        9465     1.80901     1.66569  0.00127415
        9466     1.81014     1.66571  0.00127411
        9467     1.81098     1.66572  0.00127406
        9468     1.81151     1.66574  0.00127402
        9469     1.81171     1.66576  0.00127398
        9470     1.81153     1.66577  0.00127394
        9471     1.81098     1.66579   0.0012739
        9472     1.81001      1.6658  0.00127385
        9473     1.80863     1.66582  0.00127381
        9474      1.8068     1.66583  0.00127376
        9475     1.80452     1.66585  0.00127371
        9476     1.80177     1.66586  0.00127366
        9477     1.79855     1.66587   0.0012736
        9478     1.79486     1.66589  0.00127354
        9479     1.79068      1.6659  0.00127347
        9480     1.78603     1.66591   0.0012734
        9481     1.78091     1.66593  0.00127332
        9482     1.77534     1.66594  0.00127324
        9483     1.76932     1.66595  0.00127315
        9484     1.76288     1.66596  0.00127306
        9485     1.75605     1.66597  0.00127296
        9486     1.74884     1.66598  0.00127286
        9487     1.74131     1.66598  0.00127275
        9488     1.73347     1.66599  0.00127263
        9489     1.72538       1.666  0.00127252
        9490     1.71708       1.666  0.00127239
        9491      1.7086     1.66601  0.00127227
        9492     1.70001     1.66601  0.00127214
        9493     1.69134     1.66601  0.00127201
        9494     1.68264     1.66602  0.00127187
        9495     1.67396     1.66602  0.00127174
        9496     1.66535     1.66602  0.00127161
        9497     1.65685     1.66602  0.00127147
        9498      1.6485     1.66601  0.00127134
        9499     1.64033     1.66601  0.00127121
        9500     1.63237     1.66601  0.00127108
        9501     1.62464       1.666  0.00127095
        9502     1.61715       1.666  0.00127083
        9503     1.60993     1.66599  0.00127071
        9504     1.60297     1.66599  0.00127059
        9505     1.59628     1.66598  0.00127048
        9506     1.58984     1.66597  0.00127037
        9507     1.58366     1.66596  0.00127027
        9508     1.57773     1.66595  0.00127017
        9509     1.57203     1.66594  0.00127007
        9510     1.56655     1.66593  0.00126998
        9511     1.56129     1.66592   0.0012699
        9512     1.55623     1.66591  0.00126982
        9513     1.55138      1.6659  0.00126974
        9514     1.54673     1.66589  0.00126967
        9515     1.54229     1.66587   0.0012696
        9516     1.53805     1.66586  0.00126954
        9517     1.53403     1.66584  0.00126948
        9518     1.53024     1.66583  0.00126943
        9519      1.5267     1.66582  0.00126938
        9520     1.52342      1.6658  0.00126933
        9521     1.52041     1.66579  0.00126929
        9522      1.5177     1.66577  0.00126925
        9523     1.51529     1.66575  0.00126922
        9524     1.51322     1.66574  0.00126919
        9525     1.51148     1.66572  0.00126916
        9526     1.51009     1.66571  0.00126913
        9527     1.50906     1.66569   0.0012691
        9528     1.50839     1.66567  0.00126908
        9529     1.50809     1.66566  0.00126905
        9530     1.50816     1.66564  0.00126903
        9531     1.50858     1.66562    0.001269
        9532     1.50935     1.66561  0.00126897
        9533     1.51047     1.66559  0.00126894
        9534     1.51191     1.66557  0.00126891
        9535     1.51367     1.66556  0.00126888
        9536     1.51572     1.66554  0.00126884
        9537     1.51807     1.66553   0.0012688
        9538     1.52069     1.66551  0.00126876
        9539     1.52356      1.6655  0.00126872
        9540     1.52668     1.66548  0.00126867
        9541     1.53003     1.66547  0.00126861
        9542     1.53359     1.66545  0.00126856
        9543     1.53736     1.66544  0.00126849
        9544     1.54131     1.66543  0.00126843
        9545     1.54544     1.66542  0.00126836
        9546     1.54973      1.6654  0.00126828
        9547     1.55419     1.66539   0.0012682
        9548     1.55878     1.66538  0.00126812
        9549     1.56352     1.66537  0.00126803
        9550     1.56837     1.66536  0.00126794
        9551     1.57333     1.66535  0.00126784
        9552     1.57838     1.66534  0.00126774
        9553     1.58351     1.66533  0.00126764
        9554     1.58869     1.66532  0.00126753
        9555     1.59391     1.66532  0.00126742
        9556     1.59913     1.66531  0.00126731
        9557     1.60434      1.6653  0.00126719
        9558      1.6095      1.6653  0.00126707
        9559     1.61458     1.66529  0.00126695
        9560     1.61955     1.66529  0.00126683
        9561     1.62436     1.66528   0.0012667
        9562       1.629     1.66528  0.00126657
        9563     1.63341     1.66528  0.00126645
        9564     1.63756     1.66527  0.00126632
        9565     1.64141     1.66527  0.00126619
        9566     1.64493     1.66527  0.00126606
        9567     1.64808     1.66527  0.00126593
        9568     1.65084     1.66527  0.00126579
        9569     1.65318     1.66526  0.00126566
        9570     1.65507     1.66526  0.00126553
        9571     1.65652     1.66526   0.0012654
        9572     1.65749     1.66526  0.00126527
        9573       1.658     1.66526  0.00126514
        9574     1.65803     1.66526    0.001265
        9575     1.65761     1.66526  0.00126487
        9576     1.65674     1.66526  0.00126474
        9577     1.65544     1.66526  0.00126461
        9578     1.65376     1.66526  0.00126448
        9579     1.65172     1.66525  0.00126435
        9580     1.64935     1.66525  0.00126421
        9581     1.64672     1.66525  0.00126408
        9582     1.64387     1.66525  0.00126395
        9583     1.64084     1.66525  0.00126382
        9584     1.63769     1.66524   0.0012637
        9585     1.63447     1.66524  0.00126357
        9586     1.63125     1.66524  0.00126344
        9587     1.62807     1.66523  0.00126332
        9588     1.62497     1.66523  0.00126319
        9589     1.62202     1.66522  0.00126307
        9590     1.61925     1.66522  0.00126294
        9591     1.61669     1.66521  0.00126282
        9592     1.61438     1.66521   0.0012627
        9593     1.61235      1.6652  0.00126258
        9594      1.6106      1.6652  0.00126246
        9595     1.60915     1.66519  0.00126235
        9596       1.608     1.66519  0.00126223
        9597     1.60714     1.66518  0.00126211
        9598     1.60658     1.66517    0.001262
        9599     1.60629     1.66517  0.00126188
        9600     1.60625     1.66516  0.00126176
        9601     1.60643     1.66516  0.00126165
        9602      1.6068     1.66515  0.00126153
        9603     1.60732     1.66514  0.00126141
        9604     1.60796     1.66514  0.00126129
        9605     1.60868     1.66513  0.00126118
        9606     1.60943     1.66513  0.00126106
        9607     1.61018     1.66512  0.00126094
        9608     1.61088     1.66511  0.00126082
        9609      1.6115     1.66511   0.0012607
        9610     1.61199      1.6651  0.00126058
        9611     1.61232      1.6651  0.00126046
        9612     1.61246     1.66509  0.00126035
        9613     1.61239     1.66509  0.00126023
        9614     1.61208     1.66508  0.00126011
        9615     1.61151     1.66508  0.00125999
        9616     1.61068     1.66507  0.00125987
        9617     1.60958     1.66506  0.00125975
        9618     1.60821     1.66506  0.00125964
        9619     1.60658     1.66505  0.00125952
        9620      1.6047     1.66505   0.0012594
        9621     1.60259     1.66504  0.00125929
        9622     1.60028     1.66503  0.00125918
        9623     1.59779     1.66503  0.00125907
        9624     1.59516     1.66502  0.00125896
        9625     1.59243     1.66501  0.00125885
        9626     1.58963       1.665  0.00125874
        9627     1.58683       1.665  0.00125864
        9628     1.58405     1.66499  0.00125853
        9629     1.58135     1.66498  0.00125843
        9630     1.57878     1.66497  0.00125833
        9631     1.57637     1.66496  0.00125824
        9632     1.57418     1.66495  0.00125814
        9633     1.57223     1.66494  0.00125805
        9634     1.57056     1.66493  0.00125796
        9635     1.56921     1.66492  0.00125786
        9636     1.56819     1.66491  0.00125777
        9637     1.56754      1.6649  0.00125768
        9638     1.56725     1.66489  0.00125759
        9639     1.56733     1.66488   0.0012575
        9640     1.56778     1.66487  0.00125741
        9641     1.56859     1.66486  0.00125732
        9642     1.56976     1.66485  0.00125723
        9643     1.57125     1.66484  0.00125714
        9644     1.57306     1.66483  0.00125704
        9645     1.57515     1.66482  0.00125695
        9646      1.5775     1.66481  0.00125685
        9647     1.58006      1.6648  0.00125675
        9648      1.5828      1.6648  0.00125665
        9649      1.5857     1.66479  0.00125655
        9650      1.5887     1.66478  0.00125644
        9651     1.59178     1.66477  0.00125633
        9652     1.59489     1.66477  0.00125622
        9653     1.59801     1.66476  0.00125611
        9654     1.60109     1.66475    0.001256
        9655     1.60411     1.66475  0.00125589
        9656     1.60703     1.66474  0.00125577
        9657     1.60984     1.66473  0.00125565
        9658      1.6125     1.66473  0.00125553
        9659       1.615     1.66472  0.00125541
        9660     1.61731     1.66472  0.00125529
        9661     1.61943     1.66471  0.00125517
        9662     1.62134     1.66471  0.00125505
        9663     1.62304      1.6647  0.00125493
        9664     1.62451      1.6647  0.00125481
        9665     1.62577      1.6647  0.00125468
        9666     1.62681     1.66469  0.00125456
        9667     1.62764     1.66469  0.00125444
        9668     1.62826     1.66468  0.00125431
        9669     1.62869     1.66468  0.00125419
        9670     1.62894     1.66468  0.00125406
        9671     1.62902     1.66467  0.00125394
        9672     1.62895     1.66467  0.00125381
        9673     1.62874     1.66467  0.00125369
        9674     1.62842     1.66466  0.00125357
        9675       1.628     1.66466  0.00125344
        9676      1.6275     1.66466  0.00125332
        9677     1.62694     1.66465  0.00125319
        9678     1.62634     1.66465  0.00125307
        9679     1.62572     1.66464  0.00125295
        9680     1.62508     1.66464  0.00125283
        9681     1.62447     1.66463   0.0012527
        9682     1.62387     1.66463  0.00125258
        9683     1.62331     1.66463  0.00125246
        9684     1.62279     1.66462  0.00125234
        9685     1.62234     1.66462  0.00125222
        9686     1.62195     1.66461  0.00125209
        9687     1.62163     1.66461  0.00125197
        9688     1.62139      1.6646  0.00125185
        9689     1.62123      1.6646  0.00125173
        9690     1.62116      1.6646  0.00125161
        9691     1.62118     1.66459  0.00125149
        9692     1.62127     1.66459  0.00125137
        9693     1.62145     1.66458  0.00125125
        9694     1.62171     1.66458  0.00125112
        9695     1.62204     1.66457    0.001251
        9696     1.62244     1.66457  0.00125088
        9697      1.6229     1.66456  0.00125076
        9698     1.62341     1.66456  0.00125064
        9699     1.62395     1.66456  0.00125052
        9700     1.62452     1.66455  0.00125039
        9701     1.62511     1.66455  0.00125027
        9702     1.62571     1.66454  0.00125015
        9703     1.62629     1.66454  0.00125003
        9704     1.62685     1.66454   0.0012499
        9705     1.62736     1.66453  0.00124978
        9706     1.62783     1.66453  0.00124966
        9707     1.62822     1.66452  0.00124953
        9708     1.62853     1.66452  0.00124941
        9709     1.62874     1.66452  0.00124929
        9710     1.62883     1.66451  0.00124916
        9711     1.62881     1.66451  0.00124904
        9712     1.62864     1.66451  0.00124892
        9713     1.62833      1.6645   0.0012488
        9714     1.62786      1.6645  0.00124867
        9715     1.62723      1.6645  0.00124855
        9716     1.62643     1.66449  0.00124843
        9717     1.62546     1.66449  0.00124831
        9718     1.62431     1.66448  0.00124818
        9719     1.62299     1.66448  0.00124806
        9720      1.6215     1.66447  0.00124794
        9721     1.61984     1.66447  0.00124782
        9722     1.61802     1.66447   0.0012477
        9723     1.61605     1.66446  0.00124758
        9724     1.61395     1.66445  0.00124747
        9725     1.61172     1.66445  0.00124735
        9726     1.60938     1.66444  0.00124724
        9727     1.60695     1.66444  0.00124712
        9728     1.60444     1.66443  0.00124701
        9729     1.60189     1.66443   0.0012469
        9730      1.5993     1.66442  0.00124679
        9731      1.5967     1.66441  0.00124668
        9732     1.59411      1.6644  0.00124657
        9733     1.59155      1.6644  0.00124646
        9734     1.58903     1.66439  0.00124636
        9735     1.58658     1.66438  0.00124626
        9736      1.5842     1.66437  0.00124616
        9737     1.58192     1.66436  0.00124606
        9738     1.57974     1.66436  0.00124596
        9739     1.57768     1.66435  0.00124586
        9740     1.57574     1.66434  0.00124577
        9741     1.57393     1.66433  0.00124568
        9742     1.57224     1.66432  0.00124558
        9743     1.57067     1.66431  0.00124549
        9744     1.56922      1.6643   0.0012454
        9745     1.56789     1.66429  0.00124532
        9746     1.56667     1.66428  0.00124523
        9747     1.56554     1.66427  0.00124514
        9748      1.5645     1.66426  0.00124506
        9749     1.56354     1.66425  0.00124497
        9750     1.56263     1.66424  0.00124489
        9751     1.56177     1.66423   0.0012448
        9752     1.56095     1.66422  0.00124472
        9753     1.56015     1.66421  0.00124464
        9754     1.55936      1.6642  0.00124456
        9755     1.55857     1.66419  0.00124448
        9756     1.55777     1.66417   0.0012444
        9757     1.55694     1.66416  0.00124432
        9758      1.5561     1.66415  0.00124424
        9759     1.55523     1.66414  0.00124416
        9760     1.55433     1.66413  0.00124409
        9761      1.5534     1.66412  0.00124401
        9762     1.55244     1.66411  0.00124394
        9763     1.55146      1.6641  0.00124386
        9764     1.55046     1.66408  0.00124379
        9765     1.54944     1.66407  0.00124372
        9766     1.54842     1.66406  0.00124365
        9767     1.54741     1.66405  0.00124358
        9768     1.54641     1.66404  0.00124351
        9769     1.54543     1.66402  0.00124344
        9770     1.54449     1.66401  0.00124337
        9771     1.54358       1.664  0.00124331
        9772     1.54273     1.66399  0.00124324
        9773     1.54193     1.66397  0.00124318
        9774      1.5412     1.66396  0.00124311
        9775     1.54055     1.66395  0.00124305
        9776     1.53997     1.66394  0.00124299
        9777     1.53948     1.66392  0.00124293
        9778     1.53908     1.66391  0.00124286
        9779     1.53877      1.6639   0.0012428
        9780     1.53854     1.66389  0.00124274
        9781      1.5384     1.66387  0.00124268
        9782     1.53835     1.66386  0.00124262
        9783     1.53839     1.66385  0.00124256
        9784     1.53851     1.66383   0.0012425
        9785      1.5387     1.66382  0.00124244
        9786     1.53897     1.66381  0.00124238
        9787      1.5393      1.6638  0.00124231
        9788      1.5397     1.66378  0.00124225
        9789     1.54015     1.66377  0.00124219
        9790     1.54066     1.66376  0.00124213
        9791     1.54122     1.66375  0.00124206
        9792     1.54182     1.66373    0.001242
        9793     1.54247     1.66372  0.00124193
        9794     1.54317     1.66371  0.00124187
        9795     1.54392      1.6637   0.0012418
        9796     1.54471     1.66368  0.00124173
        9797     1.54555     1.66367  0.00124166
        9798     1.54644     1.66366   0.0012416
        9799     1.54739     1.66365  0.00124153
        9800     1.54839     1.66364  0.00124145
        9801     1.54946     1.66362  0.00124138
        9802     1.55059     1.66361  0.00124131
        9803      1.5518      1.6636  0.00124123
        9804     1.55308     1.66359  0.00124116
        9805     1.55443     1.66358  0.00124108
        9806     1.55587     1.66357    0.001241
        9807     1.55737     1.66356  0.00124093
        9808     1.55896     1.66355  0.00124084
        9809     1.56061     1.66354  0.00124076
        9810     1.56233     1.66353  0.00124068
        9811      1.5641     1.66352  0.00124059
        9812     1.56592     1.66351  0.00124051
        9813     1.56776      1.6635  0.00124042
        9814     1.56963     1.66349  0.00124033
        9815      1.5715     1.66348  0.00124024
        9816     1.57335     1.66347  0.00124015
        9817     1.57516     1.66346  0.00124005
        9818     1.57691     1.66345  0.00123996
        9819     1.57859     1.66344  0.00123986
        9820     1.58017     1.66343  0.00123976
        9821     1.58164     1.66343  0.00123967
        9822     1.58298     1.66342  0.00123957
        9823     1.58418     1.66341  0.00123947
        9824     1.58522      1.6634  0.00123937
        9825      1.5861     1.66339  0.00123927
        9826      1.5868     1.66339  0.00123916
        9827     1.58733     1.66338  0.00123906
        9828     1.58768     1.66337  0.00123896
        9829     1.58786     1.66336  0.00123886
        9830     1.58788     1.66335  0.00123876
        9831     1.58775     1.66335  0.00123865
        9832     1.58748     1.66334  0.00123855
        9833     1.58709     1.66333  0.00123845
        9834      1.5866     1.66332  0.00123835
        9835     1.58603     1.66332  0.00123825
        9836      1.5854     1.66331  0.00123815
        9837     1.58475      1.6633  0.00123805
        9838      1.5841     1.66329  0.00123795
        9839     1.58348     1.66328  0.00123785
        9840     1.58291     1.66328  0.00123775
        9841     1.58244     1.66327  0.00123765
        9842      1.5821     1.66326  0.00123755
        9843     1.58191     1.66325  0.00123745
        9844      1.5819     1.66324  0.00123736
        9845     1.58212     1.66323  0.00123726
        9846     1.58258     1.66323  0.00123716
        9847     1.58332     1.66322  0.00123706
        9848     1.58437     1.66321  0.00123696
        9849     1.58574      1.6632  0.00123686
        9850     1.58746     1.66319  0.00123676
        9851     1.58954     1.66319  0.00123665
        9852     1.59202     1.66318  0.00123655
        9853     1.59488     1.66317  0.00123644
        9854     1.59815     1.66317  0.00123634
        9855     1.60183     1.66316  0.00123623
        9856     1.60591     1.66315  0.00123611
        9857      1.6104     1.66315    0.001236
        9858     1.61527     1.66314  0.00123589
        9859     1.62052     1.66314  0.00123577
        9860     1.62613     1.66314  0.00123565
        9861     1.63206     1.66313  0.00123553
        9862      1.6383     1.66313   0.0012354
        9863     1.64481     1.66313  0.00123528
        9864     1.65155     1.66313  0.00123516
        9865     1.65849     1.66313  0.00123503
        9866     1.66559     1.66313   0.0012349
        9867     1.67281     1.66313  0.00123478
        9868      1.6801     1.66313  0.00123466
        9869     1.68741     1.66313  0.00123453
        9870     1.69471     1.66314  0.00123441
        9871     1.70196     1.66314  0.00123429
        9872     1.70911     1.66314  0.00123418
        9873     1.71613     1.66315  0.00123406
        9874     1.72297     1.66316  0.00123395
        9875     1.72962     1.66316  0.00123385
        9876     1.73603     1.66317  0.00123374
        9877     1.74218     1.66318  0.00123365
        9878     1.74805     1.66319  0.00123355
        9879     1.75361      1.6632  0.00123346
        9880     1.75885      1.6632  0.00123337
        9881     1.76376     1.66321  0.00123329
        9882     1.76832     1.66323  0.00123321
        9883     1.77253     1.66324  0.00123314
        9884     1.77637     1.66325  0.00123306
        9885     1.77986     1.66326    0.001233
        9886     1.78298     1.66327  0.00123293
        9887     1.78575     1.66328  0.00123287
        9888     1.78817      1.6633  0.00123281
        9889     1.79025     1.66331  0.00123275
        9890     1.79198     1.66332  0.00123269
        9891      1.7934     1.66334  0.00123264
        9892      1.7945     1.66335  0.00123259
        9893     1.79531     1.66336  0.00123253
        9894     1.79583     1.66338  0.00123248
        9895     1.79609     1.66339  0.00123243
        9896     1.79609      1.6634  0.00123238
        9897     1.79586     1.66342  0.00123233
        9898     1.79541     1.66343  0.00123228
        9899     1.79475     1.66344  0.00123222
        9900      1.7939     1.66346  0.00123217
        9901     1.79287     1.66347  0.00123211
        9902     1.79167     1.66348  0.00123206
        9903     1.79031     1.66349    0.001232
        9904     1.78881     1.66351  0.00123194
        9905     1.78717     1.66352  0.00123188
        9906     1.78539     1.66353  0.00123182
        9907     1.78348     1.66354  0.00123175
        9908     1.78145     1.66356  0.00123168
        9909     1.77929     1.66357  0.00123161
        9910       1.777     1.66358  0.00123154
        9911     1.77459     1.66359  0.00123147
        9912     1.77204      1.6636  0.00123139
        9913     1.76936     1.66361  0.00123132
        9914     1.76653     1.66362  0.00123124
        9915     1.76355     1.66363  0.00123115
        9916     1.76041     1.66364  0.00123107
        9917     1.75711     1.66365  0.00123098
        9918     1.75363     1.66366  0.00123089
        9919     1.74998     1.66367   0.0012308
        9920     1.74613     1.66368   0.0012307
        9921     1.74209     1.66369   0.0012306
        9922     1.73785     1.66369   0.0012305
        9923      1.7334      1.6637   0.0012304
        9924     1.72875     1.66371  0.00123029
        9925     1.72388     1.66371  0.00123018
        9926     1.71881     1.66372  0.00123007
        9927     1.71353     1.66372  0.00122996
        9928     1.70804     1.66373  0.00122984
        9929     1.70237     1.66373  0.00122972
        9930      1.6965     1.66374   0.0012296
        9931     1.69046     1.66374  0.00122948
        9932     1.68427     1.66374  0.00122936
        9933     1.67792     1.66374  0.00122924
        9934     1.67146     1.66374  0.00122911
        9935     1.66489     1.66374  0.00122899
        9936     1.65824     1.66374  0.00122887
        9937     1.65154     1.66374  0.00122874
        9938      1.6448     1.66374  0.00122862
        9939     1.63807     1.66374   0.0012285
        9940     1.63137     1.66373  0.00122838
        9941     1.62472     1.66373  0.00122826
        9942     1.61817     1.66372  0.00122815
        9943     1.61175     1.66372  0.00122804
        9944     1.60549     1.66371  0.00122793
        9945     1.59941     1.66371  0.00122782
        9946     1.59356      1.6637  0.00122772
        9947     1.58796     1.66369  0.00122762
        9948     1.58265     1.66368  0.00122752
        9949     1.57765     1.66368  0.00122743
        9950     1.57301     1.66367  0.00122734
        9951     1.56874     1.66366  0.00122725
        9952     1.56488     1.66365  0.00122717
        9953     1.56145     1.66364  0.00122709
        9954     1.55848     1.66363  0.00122701
        9955       1.556     1.66361  0.00122693
        9956     1.55402      1.6636  0.00122686
        9957     1.55257     1.66359  0.00122679
        9958     1.55166     1.66358  0.00122672
        9959     1.55131     1.66357  0.00122664
        9960     1.55153     1.66356  0.00122657
        9961     1.55232     1.66355   0.0012265
        9962     1.55368     1.66354  0.00122643
        9963     1.55563     1.66353  0.00122635
        9964     1.55815     1.66352  0.00122627
        9965     1.56123     1.66351  0.00122619
        9966     1.56486      1.6635  0.00122611
        9967       1.569     1.66349  0.00122603
        9968     1.57364     1.66348  0.00122594
        9969     1.57872     1.66347  0.00122584
        9970     1.58423     1.66346  0.00122574
        9971     1.59009     1.66345  0.00122564
        9972     1.59628     1.66345  0.00122554
        9973     1.60272     1.66344  0.00122543
        9974     1.60936     1.66343  0.00122532
        9975     1.61614     1.66343  0.00122521
        9976     1.62298     1.66343  0.00122509
        9977     1.62982     1.66342  0.00122497
        9978     1.63659     1.66342  0.00122485
        9979     1.64322     1.66342  0.00122473
        9980     1.64965     1.66342  0.00122461
        9981     1.65581     1.66342  0.00122449
        9982     1.66163     1.66342  0.00122436
        9983     1.66707     1.66342  0.00122424
        9984     1.67207     1.66342  0.00122412
        9985     1.67659     1.66342    0.001224
        9986     1.68057     1.66342  0.00122388
        9987     1.68399     1.66342  0.00122376
        9988     1.68682     1.66342  0.00122364
        9989     1.68903     1.66343  0.00122352
        9990     1.69061     1.66343   0.0012234
        9991     1.69155     1.66343  0.00122328
        9992     1.69185     1.66344  0.00122316
        9993     1.69152     1.66344  0.00122304
        9994     1.69056     1.66344  0.00122292
        9995     1.68899     1.66344   0.0012228
        9996     1.68684     1.66345  0.00122268
        9997     1.68413     1.66345  0.00122256
        9998     1.68091     1.66345  0.00122244
        9999     1.67721     1.66345  0.00122232
       10000     1.67308     1.66345  0.00122219
