#     BLOCK:  ACTUAL_PE:     PE_AVE:      ERROR:
           1    -6.79299    -6.79299           0
           2    -6.79267    -6.79283  0.00011154
           3    -6.79215     -6.7926 0.000200226
           4    -6.79141     -6.7923 0.000298403
           5    -6.79046    -6.79194 0.000406676
           6     -6.7893     -6.7915 0.000524743
           7    -6.78793    -6.79099 0.000652253
           8    -6.78633     -6.7904 0.000788927
           9    -6.78451    -6.78975 0.000934572
          10    -6.78246    -6.78902  0.00108908
          11    -6.78017    -6.78822   0.0012524
          12    -6.77765    -6.78734  0.00142454
          13    -6.77457    -6.78635  0.00161842
          14    -6.77154     -6.7853  0.00181601
          15    -6.76825    -6.78416  0.00201951
          16    -6.76408     -6.7829   0.0022497
          17    -6.75993    -6.78155  0.00249041
          18    -6.75534     -6.7801  0.00274502
          19    -6.75074    -6.77855    0.003004
          20    -6.74553     -6.7769  0.00327636
          21    -6.74013    -6.77515  0.00355761
          22    -6.73408    -6.77328   0.0038546
          23    -6.72813    -6.77132  0.00415696
          24    -6.72105    -6.76922  0.00448052
          25    -6.71372      -6.767  0.00482003
          26    -6.70629    -6.76467  0.00516943
          27    -6.69798     -6.7622   0.0055367
          28    -6.68952     -6.7596  0.00591617
          29     -6.6803    -6.75687  0.00631259
          30    -6.67075      -6.754  0.00672326
          31    -6.66085    -6.75099  0.00714638
          32    -6.65012    -6.74784  0.00758651
          33      -6.639    -6.74454  0.00804169
          34    -6.62731    -6.74109  0.00851236
          35    -6.61548    -6.73751  0.00899397
          36    -6.60304    -6.73377  0.00948804
          37    -6.58968    -6.72988  0.00999894
          38    -6.57567    -6.72582   0.0105272
          39    -6.56084    -6.72159   0.0110746
          40    -6.54502    -6.71717   0.0116442
          41    -6.52881    -6.71258    0.012233
          42    -6.51188     -6.7078   0.0128412
          43    -6.49453    -6.70284   0.0134664
          44    -6.47643     -6.6977   0.0141093
          45    -6.45804    -6.69237   0.0147667
          46    -6.43845    -6.68685    0.015443
          47    -6.41871    -6.68114   0.0161339
          48    -6.39836    -6.67525    0.016839
          49    -6.37713    -6.66917   0.0175601
          50    -6.35472    -6.66288   0.0183005
          51    -6.33189    -6.65639   0.0190577
          52    -6.30838     -6.6497   0.0198316
          53    -6.28359    -6.64279   0.0206254
          54    -6.25893    -6.63568   0.0214334
          55    -6.23322    -6.62836   0.0222578
          56    -6.20741    -6.62085   0.0230948
          57    -6.18171    -6.61314   0.0239402
          58    -6.15434    -6.60523   0.0247999
          59    -6.12733    -6.59713   0.0256683
          60    -6.09968    -6.58884   0.0265458
          61    -6.07205    -6.58037   0.0274292
          62    -6.04375    -6.57171   0.0283195
          63    -6.01514    -6.56288   0.0292154
          64    -5.98736    -6.55389   0.0301111
          65    -5.95924    -6.54474   0.0310065
          66    -5.93102    -6.53544   0.0319006
          67    -5.90291      -6.526   0.0327917
          68    -5.87435    -6.51642   0.0336806
          69    -5.84678    -6.50671   0.0345624
          70    -5.81918    -6.49689   0.0354368
          71    -5.79208    -6.48696   0.0363015
          72    -5.76552    -6.47694   0.0371544
          73    -5.73957    -6.46684   0.0379937
          74     -5.7132    -6.45666   0.0388213
          75    -5.68754     -6.4464    0.039635
          76    -5.66323     -6.4361   0.0404309
          77    -5.63957    -6.42575   0.0412079
          78    -5.61645    -6.41538   0.0419655
          79    -5.59378    -6.40498   0.0427036
          80    -5.57234    -6.39457   0.0434196
          81    -5.55128    -6.38416    0.044114
          82    -5.53125    -6.37376   0.0447855
          83    -5.51228    -6.36338   0.0454327
          84    -5.49397    -6.35303   0.0460557
          85    -5.47605    -6.34271   0.0466552
          86    -5.45992    -6.33245   0.0472284
          87    -5.44531    -6.32225   0.0477737
          88    -5.43119    -6.31212   0.0482919
          89    -5.41864    -6.30208   0.0487817
          90    -5.40678    -6.29214   0.0492435
          91    -5.39607    -6.28229   0.0496771
          92    -5.38728    -6.27256   0.0500806
          93    -5.37921    -6.26295    0.050455
          94    -5.37229    -6.25348   0.0508001
          95    -5.36606    -6.24414    0.051117
          96    -5.36155    -6.23494   0.0514047
          97    -5.35752     -6.2259   0.0516645
          98    -5.35438    -6.21701    0.051897
          99    -5.35224    -6.20827   0.0521027
         100    -5.35117     -6.1997   0.0522819
         101    -5.35128     -6.1913   0.0524348
         102    -5.35234    -6.18307   0.0525618
         103    -5.35413    -6.17503   0.0526641
         104     -5.3561    -6.16715   0.0527431
         105    -5.35895    -6.15946   0.0527994
         106    -5.36153    -6.15193   0.0528352
         107    -5.36572    -6.14458   0.0528499
         108    -5.36979    -6.13741   0.0528452
         109    -5.37442    -6.13041   0.0528219
         110    -5.37877    -6.12357   0.0527818
         111    -5.38309     -6.1169   0.0527262
         112    -5.38822     -6.1104   0.0526553
         113     -5.3932    -6.10405   0.0525705
         114    -5.39768    -6.09785   0.0524732
         115    -5.40208     -6.0918   0.0523646
         116     -5.4062    -6.08589   0.0522456
         117    -5.41032    -6.08012   0.0521172
         118    -5.41397    -6.07447   0.0519804
         119    -5.41819    -6.06896   0.0518353
         120    -5.42191    -6.06357    0.051683
         121    -5.42573    -6.05829    0.051524
         122    -5.42873    -6.05313   0.0513594
         123    -5.43138    -6.04808     0.05119
         124    -5.43413    -6.04313   0.0510161
         125    -5.43699    -6.03828   0.0508379
         126    -5.43967    -6.03353   0.0506559
         127    -5.44203    -6.02887   0.0504707
         128    -5.44424     -6.0243   0.0502827
         129    -5.44616    -6.01982   0.0500922
         130    -5.44795    -6.01542   0.0498997
         131    -5.44933     -6.0111   0.0497055
         132    -5.45107    -6.00686   0.0495097
         133    -5.45213    -6.00269   0.0493128
         134    -5.45417    -5.99859   0.0491144
         135    -5.45571    -5.99457   0.0489149
         136    -5.45675    -5.99062   0.0487149
         137     -5.4576    -5.98673   0.0485144
         138    -5.45902     -5.9829   0.0483133
         139    -5.45996    -5.97914    0.048112
         140    -5.46087    -5.97544   0.0479106
         141    -5.46252     -5.9718   0.0477087
         142    -5.46384    -5.96822   0.0475066
         143    -5.46468     -5.9647   0.0473047
         144     -5.4661    -5.96124   0.0471028
         145    -5.46748    -5.95784   0.0469009
         146    -5.46838    -5.95448   0.0466993
         147    -5.46955    -5.95118    0.046498
         148    -5.47037    -5.94794   0.0462971
         149    -5.47099    -5.94473   0.0460969
         150    -5.47172    -5.94158   0.0458974
         151    -5.47271    -5.93848   0.0456983
         152    -5.47349    -5.93542      0.0455
         153    -5.47423     -5.9324   0.0453023
         154    -5.47538    -5.92943   0.0451052
         155    -5.47619    -5.92651   0.0449089
         156    -5.47667    -5.92363   0.0447135
         157    -5.47697    -5.92078   0.0445191
         158    -5.47757    -5.91798   0.0443257
         159    -5.47818    -5.91521   0.0441331
         160    -5.47865    -5.91248   0.0439415
         161    -5.47914    -5.90979    0.043751
         162    -5.48013    -5.90714   0.0435612
         163    -5.48132    -5.90453   0.0433722
         164    -5.48257    -5.90195    0.043184
         165    -5.48328    -5.89942   0.0429968
         166    -5.48422    -5.89691   0.0428104
         167    -5.48598    -5.89445   0.0426248
         168    -5.48737    -5.89203   0.0424399
         169    -5.48896    -5.88965   0.0422557
         170    -5.49032     -5.8873   0.0420724
         171    -5.49141    -5.88498     0.04189
         172    -5.49253     -5.8827   0.0417085
         173    -5.49351    -5.88045   0.0415281
         174    -5.49492    -5.87823   0.0413485
         175    -5.49584    -5.87605   0.0411699
         176    -5.49701     -5.8739   0.0409923
         177    -5.49808    -5.87177   0.0408156
         178     -5.4995    -5.86968   0.0406399
         179    -5.49988    -5.86762   0.0404653
         180    -5.50055    -5.86558   0.0402918
         181     -5.5009    -5.86356   0.0401196
         182    -5.50076    -5.86157   0.0399486
         183    -5.50117     -5.8596   0.0397788
         184    -5.50122    -5.85765   0.0396103
         185    -5.50015    -5.85572   0.0394433
         186    -5.49947     -5.8538   0.0392777
         187    -5.49812     -5.8519   0.0391137
         188    -5.49702    -5.85001   0.0389512
         189    -5.49587    -5.84814   0.0387901
         190    -5.49468    -5.84628   0.0386306
         191    -5.49288    -5.84443   0.0384726
         192    -5.49093    -5.84259   0.0383162
         193    -5.48945    -5.84076   0.0381614
         194     -5.4874    -5.83894   0.0380081
         195    -5.48467    -5.83712   0.0378566
         196    -5.48217    -5.83531   0.0377067
         197    -5.48008    -5.83351   0.0375584
         198    -5.47768    -5.83171   0.0374117
         199    -5.47572    -5.82992   0.0372664
         200    -5.47378    -5.82814   0.0371226
         201    -5.47159    -5.82637   0.0369803
         202    -5.46976     -5.8246   0.0368393
         203      -5.468    -5.82284   0.0366997
         204    -5.46618    -5.82109   0.0365615
         205    -5.46432    -5.81935   0.0364245
         206    -5.46274    -5.81762   0.0362888
         207    -5.46114     -5.8159   0.0361543
         208    -5.45969    -5.81419    0.036021
         209    -5.45839    -5.81249   0.0358889
         210    -5.45711    -5.81079   0.0357579
         211    -5.45631    -5.80911   0.0356279
         212    -5.45509    -5.80744   0.0354989
         213    -5.45483    -5.80579   0.0353708
         214    -5.45493    -5.80415   0.0352435
         215    -5.45494    -5.80252    0.035117
         216    -5.45563    -5.80092   0.0349911
         217    -5.45595    -5.79933    0.034866
         218    -5.45654    -5.79776   0.0347415
         219    -5.45708     -5.7962   0.0346177
         220     -5.4582    -5.79466   0.0344944
         221    -5.46007    -5.79315   0.0343715
         222    -5.46147    -5.79166   0.0342491
         223    -5.46363    -5.79019   0.0341271
         224    -5.46594    -5.78874   0.0340055
         225    -5.46902    -5.78732    0.033884
         226    -5.47225    -5.78592   0.0337627
         227    -5.47534    -5.78455   0.0336417
         228    -5.47858    -5.78321   0.0335209
         229    -5.48255     -5.7819   0.0334002
         230    -5.48694    -5.78062   0.0332796
         231    -5.49112    -5.77936   0.0331592
         232    -5.49552    -5.77814   0.0330388
         233    -5.50088    -5.77695   0.0329184
         234    -5.50639    -5.77579    0.032798
         235    -5.51188    -5.77467   0.0326777
         236    -5.51746    -5.77358   0.0325574
         237    -5.52294    -5.77252   0.0324372
         238    -5.52829     -5.7715   0.0323171
         239     -5.5336     -5.7705   0.0321972
         240    -5.53871    -5.76954   0.0320776
         241    -5.54402     -5.7686   0.0319581
         242    -5.54921    -5.76769   0.0318389
         243    -5.55455    -5.76682     0.03172
         244     -5.5591    -5.76597   0.0316014
         245    -5.56389    -5.76514   0.0314832
         246    -5.56801    -5.76434   0.0313654
         247    -5.57249    -5.76356    0.031248
         248    -5.57641    -5.76281   0.0311311
         249    -5.57977    -5.76207   0.0310148
         250    -5.58285    -5.76136    0.030899
         251    -5.58552    -5.76066   0.0307838
         252    -5.58837    -5.75997   0.0306693
         253    -5.59141    -5.75931   0.0305553
         254    -5.59329    -5.75865    0.030442
         255    -5.59477    -5.75801   0.0303294
         256    -5.59645    -5.75738   0.0302175
         257    -5.59775    -5.75676   0.0301063
         258    -5.59944    -5.75615   0.0299958
         259    -5.60062    -5.75555    0.029886
         260    -5.60145    -5.75495   0.0297769
         261    -5.60211    -5.75437   0.0296686
         262     -5.6029    -5.75379   0.0295609
         263    -5.60278    -5.75322   0.0294541
         264    -5.60283    -5.75265   0.0293481
         265    -5.60259    -5.75208   0.0292428
         266    -5.60224    -5.75152   0.0291383
         267    -5.60209    -5.75096   0.0290345
         268    -5.60199     -5.7504   0.0289315
         269    -5.60181    -5.74985   0.0288292
         270    -5.60154     -5.7493   0.0287277
         271    -5.60091    -5.74875   0.0286269
         272    -5.60067    -5.74821   0.0285268
         273    -5.60022    -5.74767   0.0284275
         274    -5.59927    -5.74712   0.0283289
         275    -5.59857    -5.74658    0.028231
         276    -5.59798    -5.74605   0.0281339
         277     -5.5969    -5.74551   0.0280374
         278    -5.59578    -5.74497   0.0279418
         279    -5.59447    -5.74443   0.0278468
         280    -5.59328    -5.74389   0.0277526
         281    -5.59296    -5.74335    0.027659
         282    -5.59214    -5.74282   0.0275661
         283    -5.59143    -5.74228   0.0274739
         284    -5.59037    -5.74175   0.0273824
         285     -5.5888    -5.74121   0.0272916
         286    -5.58733    -5.74067   0.0272015
         287    -5.58595    -5.74013    0.027112
         288    -5.58421    -5.73959   0.0270233
         289    -5.58285    -5.73905   0.0269352
         290    -5.58157    -5.73851   0.0268478
         291     -5.5802    -5.73796   0.0267611
         292    -5.57875    -5.73742    0.026675
         293    -5.57659    -5.73687   0.0265896
         294     -5.5751    -5.73632   0.0265048
         295    -5.57305    -5.73576   0.0264208
         296    -5.57104    -5.73521   0.0263374
         297    -5.56847    -5.73465   0.0262547
         298    -5.56608    -5.73408   0.0261727
         299    -5.56419    -5.73351   0.0260913
         300    -5.56172    -5.73294   0.0260106
         301    -5.55854    -5.73236   0.0259306
         302    -5.55509    -5.73177   0.0258514
         303    -5.55213    -5.73118   0.0257729
         304    -5.54967    -5.73058    0.025695
         305    -5.54651    -5.72998   0.0256179
         306    -5.54325    -5.72937   0.0255414
         307    -5.54036    -5.72875   0.0254656
         308    -5.53678    -5.72813   0.0253906
         309     -5.5339     -5.7275   0.0253162
         310     -5.5305    -5.72687   0.0252425
         311     -5.5269    -5.72622   0.0251695
         312     -5.5231    -5.72557   0.0250973
         313    -5.51988    -5.72492   0.0250257
         314    -5.51573    -5.72425   0.0249549
         315    -5.51186    -5.72357   0.0248848
         316    -5.50799    -5.72289   0.0248154
         317    -5.50455     -5.7222   0.0247466
         318    -5.50096    -5.72151   0.0246786
         319    -5.49722    -5.72081   0.0246112
         320    -5.49317    -5.72009   0.0245446
         321    -5.48958    -5.71938   0.0244786
         322    -5.48644    -5.71865   0.0244133
         323    -5.48298    -5.71792   0.0243486
         324    -5.47952    -5.71719   0.0242846
         325    -5.47575    -5.71644   0.0242212
         326    -5.47211    -5.71569   0.0241585
         327    -5.46815    -5.71494   0.0240965
         328    -5.46492    -5.71418   0.0240351
         329    -5.46092    -5.71341   0.0239744
         330    -5.45766    -5.71263   0.0239142
         331    -5.45362    -5.71185   0.0238548
         332    -5.45016    -5.71106    0.023796
         333    -5.44624    -5.71026   0.0237378
         334    -5.44292    -5.70946   0.0236802
         335    -5.43884    -5.70866   0.0236233
         336    -5.43493    -5.70784    0.023567
         337    -5.43089    -5.70702   0.0235114
         338     -5.4272    -5.70619   0.0234564
         339    -5.42282    -5.70536   0.0234021
         340    -5.41911    -5.70451   0.0233484
         341    -5.41551    -5.70367   0.0232953
         342    -5.41158    -5.70281   0.0232429
         343     -5.4087    -5.70196   0.0231909
         344    -5.40567    -5.70109   0.0231395
         345    -5.40283    -5.70023   0.0230886
         346    -5.40064    -5.69936   0.0230381
         347    -5.39838     -5.6985    0.022988
         348    -5.39621    -5.69763   0.0229383
         349    -5.39369    -5.69676   0.0228891
         350     -5.3922    -5.69589   0.0228403
         351     -5.3904    -5.69502   0.0227918
         352    -5.38965    -5.69415   0.0227435
         353    -5.38844    -5.69328   0.0226956
         354    -5.38815    -5.69242   0.0226478
         355    -5.38816    -5.69156   0.0226003
         356    -5.38804    -5.69071   0.0225529
         357    -5.38868    -5.68986   0.0225055
         358    -5.38963    -5.68903   0.0224583
         359    -5.39088     -5.6882   0.0224111
         360    -5.39226    -5.68737   0.0223639
         361    -5.39393    -5.68656   0.0223167
         362    -5.39572    -5.68576   0.0222695
         363     -5.3976    -5.68496   0.0222223
         364    -5.40017    -5.68418    0.022175
         365    -5.40267    -5.68341   0.0221277
         366    -5.40551    -5.68265   0.0220803
         367    -5.40838     -5.6819   0.0220327
         368    -5.41202    -5.68117   0.0219851
         369    -5.41505    -5.68045   0.0219373
         370    -5.41849    -5.67974   0.0218895
         371    -5.42188    -5.67905   0.0218415
         372    -5.42534    -5.67836   0.0217934
         373    -5.42886    -5.67769   0.0217453
         374    -5.43227    -5.67704    0.021697
         375    -5.43599     -5.6764   0.0216487
         376    -5.43941    -5.67577   0.0216003
         377    -5.44236    -5.67515   0.0215518
         378    -5.44618    -5.67454   0.0215033
         379    -5.44965    -5.67395   0.0214548
         380    -5.45291    -5.67337   0.0214062
         381    -5.45624     -5.6728   0.0213576
         382    -5.45964    -5.67224    0.021309
         383    -5.46324    -5.67169   0.0212603
         384    -5.46659    -5.67116   0.0212117
         385    -5.46982    -5.67063    0.021163
         386    -5.47233    -5.67012   0.0211144
         387    -5.47532    -5.66962   0.0210659
         388    -5.47802    -5.66912   0.0210174
         389    -5.48043    -5.66864   0.0209689
         390    -5.48284    -5.66816   0.0209206
         391     -5.4848    -5.66769   0.0208723
         392    -5.48705    -5.66723   0.0208242
         393    -5.48884    -5.66678   0.0207761
         394    -5.49059    -5.66633   0.0207282
         395    -5.49201    -5.66589   0.0206804
         396    -5.49354    -5.66546   0.0206328
         397    -5.49487    -5.66503   0.0205853
         398    -5.49629     -5.6646   0.0205379
         399    -5.49733    -5.66418   0.0204907
         400    -5.49784    -5.66377   0.0204437
         401    -5.49766    -5.66335   0.0203969
         402    -5.49753    -5.66294   0.0203504
         403    -5.49715    -5.66253    0.020304
         404    -5.49667    -5.66212   0.0202579
         405    -5.49623    -5.66171   0.0202121
         406    -5.49493     -5.6613   0.0201664
         407    -5.49367    -5.66089   0.0201211
         408    -5.49186    -5.66047    0.020076
         409    -5.49043    -5.66006   0.0200313
         410    -5.48877    -5.65964   0.0199868
         411     -5.4866    -5.65922   0.0199426
         412    -5.48441    -5.65879   0.0198987
         413    -5.48223    -5.65836   0.0198551
         414    -5.47947    -5.65793   0.0198118
         415    -5.47693     -5.6575   0.0197689
         416    -5.47389    -5.65706   0.0197263
         417      -5.471    -5.65661    0.019684
         418    -5.46844    -5.65616   0.0196421
         419    -5.46595     -5.6557   0.0196005
         420    -5.46434    -5.65525   0.0195591
         421    -5.46211    -5.65479    0.019518
         422    -5.46036    -5.65433   0.0194772
         423    -5.45835    -5.65387   0.0194367
         424    -5.45673     -5.6534   0.0193964
         425    -5.45533    -5.65294   0.0193563
         426    -5.45417    -5.65247   0.0193165
         427    -5.45309      -5.652   0.0192769
         428    -5.45208    -5.65153   0.0192375
         429    -5.45144    -5.65107   0.0191984
         430    -5.45098     -5.6506   0.0191594
         431    -5.45113    -5.65014   0.0191205
         432     -5.4511    -5.64968   0.0190818
         433    -5.45101    -5.64922   0.0190432
         434    -5.45113    -5.64876   0.0190048
         435    -5.45082    -5.64831   0.0189666
         436    -5.45095    -5.64786   0.0189285
         437    -5.45088    -5.64741   0.0188905
         438    -5.45103    -5.64696   0.0188527
         439    -5.45048    -5.64651   0.0188151
         440    -5.44995    -5.64606   0.0187776
         441    -5.44929    -5.64562   0.0187403
         442    -5.44832    -5.64517   0.0187033
         443    -5.44733    -5.64472   0.0186664
         444    -5.44649    -5.64428   0.0186297
         445    -5.44518    -5.64383   0.0185932
         446      -5.444    -5.64338   0.0185569
         447    -5.44253    -5.64293   0.0185208
         448    -5.44106    -5.64248   0.0184849
         449    -5.43885    -5.64203   0.0184493
         450    -5.43683    -5.64157    0.018414
         451     -5.4347    -5.64111   0.0183789
         452    -5.43204    -5.64065    0.018344
         453    -5.42992    -5.64019   0.0183094
         454    -5.42744    -5.63972   0.0182751
         455    -5.42508    -5.63925    0.018241
         456     -5.4227    -5.63877   0.0182072
         457    -5.42047    -5.63829   0.0181736
         458    -5.41795    -5.63781   0.0181403
         459    -5.41546    -5.63733   0.0181072
         460      -5.413    -5.63684   0.0180744
         461     -5.4109    -5.63635   0.0180419
         462     -5.4087    -5.63586   0.0180096
         463    -5.40719    -5.63536   0.0179774
         464    -5.40485    -5.63487   0.0179456
         465    -5.40306    -5.63437   0.0179139
         466    -5.40152    -5.63387   0.0178824
         467    -5.40025    -5.63337   0.0178511
         468    -5.39896    -5.63287     0.01782
         469     -5.3972    -5.63236   0.0177891
         470    -5.39575    -5.63186   0.0177584
         471    -5.39431    -5.63136   0.0177278
         472    -5.39335    -5.63085   0.0176974
         473    -5.39258    -5.63035   0.0176672
         474    -5.39232    -5.62985    0.017637
         475    -5.39196    -5.62935    0.017607
         476    -5.39182    -5.62885   0.0175771
         477    -5.39189    -5.62835   0.0175473
         478    -5.39249    -5.62786   0.0175175
         479    -5.39299    -5.62737   0.0174878
         480    -5.39355    -5.62688   0.0174581
         481    -5.39474     -5.6264   0.0174285
         482    -5.39581    -5.62592   0.0173989
         483    -5.39749    -5.62545   0.0173693
         484    -5.39944    -5.62498   0.0173397
         485    -5.40089    -5.62452   0.0173101
         486    -5.40286    -5.62406   0.0172805
         487    -5.40457    -5.62361   0.0172509
         488    -5.40567    -5.62316   0.0172213
         489     -5.4075    -5.62272   0.0171918
         490    -5.40911    -5.62229   0.0171622
         491    -5.41078    -5.62186   0.0171326
         492    -5.41217    -5.62143   0.0171031
         493    -5.41371    -5.62101   0.0170736
         494    -5.41448    -5.62059   0.0170442
         495    -5.41474    -5.62017   0.0170148
         496    -5.41539    -5.61976   0.0169855
         497    -5.41597    -5.61935   0.0169563
         498    -5.41629    -5.61894   0.0169271
         499     -5.4162    -5.61854   0.0168981
         500    -5.41616    -5.61813   0.0168691
         501    -5.41584    -5.61773   0.0168403
         502    -5.41495    -5.61732   0.0168116
         503    -5.41439    -5.61692    0.016783
         504    -5.41295    -5.61652   0.0167546
         505    -5.41124    -5.61611   0.0167264
         506     -5.4088     -5.6157   0.0166983
         507     -5.4064    -5.61529   0.0166705
         508     -5.4042    -5.61487   0.0166428
         509    -5.40191    -5.61445   0.0166154
         510     -5.3994    -5.61403   0.0165882
         511    -5.39621    -5.61361   0.0165612
         512    -5.39268    -5.61317   0.0165345
         513    -5.38927    -5.61274    0.016508
         514    -5.38586     -5.6123   0.0164818
         515    -5.38201    -5.61185   0.0164558
         516    -5.37851     -5.6114   0.0164302
         517    -5.37508    -5.61094   0.0164047
         518    -5.37039    -5.61048   0.0163796
         519    -5.36612       -5.61   0.0163548
         520    -5.36169    -5.60953   0.0163304
         521    -5.35743    -5.60904   0.0163062
         522    -5.35397    -5.60855   0.0162823
         523    -5.35011    -5.60806   0.0162586
         524    -5.34603    -5.60756   0.0162353
         525    -5.34189    -5.60705   0.0162122
         526    -5.33846    -5.60654   0.0161895
         527    -5.33484    -5.60603    0.016167
         528    -5.33133    -5.60551   0.0161447
         529     -5.3278    -5.60498   0.0161227
         530    -5.32453    -5.60445    0.016101
         531    -5.32092    -5.60392   0.0160795
         532    -5.31774    -5.60338   0.0160583
         533    -5.31421    -5.60284   0.0160373
         534    -5.31125    -5.60229   0.0160166
         535      -5.309    -5.60174    0.015996
         536     -5.3067    -5.60119   0.0159756
         537     -5.3039    -5.60064   0.0159555
         538    -5.30121    -5.60008   0.0159355
         539    -5.29878    -5.59953   0.0159158
         540    -5.29617    -5.59896   0.0158962
         541    -5.29459     -5.5984   0.0158768
         542    -5.29255    -5.59784   0.0158575
         543     -5.2908    -5.59727   0.0158384
         544    -5.28952    -5.59671   0.0158194
         545    -5.28827    -5.59614   0.0158005
         546    -5.28706    -5.59557   0.0157817
         547    -5.28635    -5.59501   0.0157629
         548    -5.28588    -5.59444   0.0157443
         549    -5.28548    -5.59388   0.0157256
         550    -5.28548    -5.59332    0.015707
         551    -5.28544    -5.59276   0.0156885
         552    -5.28597    -5.59221   0.0156699
         553    -5.28661    -5.59165   0.0156513
         554    -5.28754     -5.5911   0.0156327
         555    -5.28798    -5.59056    0.015614
         556    -5.28915    -5.59002   0.0155954
         557     -5.2906    -5.58948   0.0155766
         558    -5.29246    -5.58895   0.0155578
         559    -5.29489    -5.58842   0.0155389
         560    -5.29772     -5.5879   0.0155198
         561    -5.30035    -5.58739   0.0155006
         562     -5.3032    -5.58688   0.0154812
         563    -5.30597    -5.58638   0.0154618
         564     -5.3091    -5.58589   0.0154422
         565    -5.31227    -5.58541   0.0154224
         566    -5.31577    -5.58493   0.0154025
         567    -5.31974    -5.58446   0.0153825
         568     -5.3237      -5.584   0.0153622
         569    -5.32811    -5.58355   0.0153418
         570    -5.33218    -5.58311   0.0153213
         571    -5.33666    -5.58268   0.0153005
         572    -5.34094    -5.58226   0.0152796
         573    -5.34516    -5.58185   0.0152585
         574    -5.34976    -5.58144   0.0152373
         575    -5.35457    -5.58105   0.0152159
         576     -5.3593    -5.58066   0.0151944
         577    -5.36378    -5.58029   0.0151727
         578    -5.36891    -5.57992   0.0151508
         579    -5.37393    -5.57956   0.0151288
         580    -5.37915    -5.57922   0.0151067
         581    -5.38471    -5.57888   0.0150844
         582    -5.38987    -5.57856    0.015062
         583    -5.39492    -5.57824   0.0150394
         584    -5.40032    -5.57794   0.0150168
         585    -5.40592    -5.57765    0.014994
         586    -5.41173    -5.57736   0.0149711
         587     -5.4173    -5.57709    0.014948
         588    -5.42279    -5.57683   0.0149249
         589    -5.42819    -5.57658   0.0149017
         590    -5.43397    -5.57633   0.0148784
         591    -5.43922     -5.5761   0.0148551
         592    -5.44454    -5.57588   0.0148316
         593    -5.45039    -5.57567   0.0148081
         594    -5.45615    -5.57547   0.0147846
         595    -5.46198    -5.57528   0.0147609
         596    -5.46815     -5.5751   0.0147373
         597    -5.47437    -5.57493   0.0147136
         598    -5.48045    -5.57477   0.0146898
         599    -5.48624    -5.57462    0.014666
         600    -5.49232    -5.57448   0.0146422
         601     -5.4982    -5.57436   0.0146184
         602    -5.50418    -5.57424   0.0145946
         603    -5.51006    -5.57413   0.0145708
         604    -5.51614    -5.57404    0.014547
         605    -5.52162    -5.57395   0.0145232
         606    -5.52755    -5.57388   0.0144994
         607    -5.53223    -5.57381   0.0144757
         608    -5.53686    -5.57375    0.014452
         609    -5.54155    -5.57369   0.0144284
         610    -5.54555    -5.57365   0.0144048
         611    -5.54973    -5.57361   0.0143813
         612    -5.55317    -5.57357   0.0143578
         613    -5.55678    -5.57355   0.0143344
         614    -5.55993    -5.57352   0.0143111
         615    -5.56278    -5.57351   0.0142878
         616    -5.56532    -5.57349   0.0142646
         617    -5.56755    -5.57348   0.0142415
         618    -5.57008    -5.57348   0.0142185
         619    -5.57185    -5.57348   0.0141955
         620    -5.57317    -5.57348   0.0141726
         621    -5.57528    -5.57348   0.0141498
         622     -5.5762    -5.57348    0.014127
         623    -5.57687    -5.57349   0.0141044
         624      -5.577    -5.57349   0.0140818
         625     -5.5772     -5.5735   0.0140592
         626    -5.57721    -5.57351   0.0140368
         627    -5.57642    -5.57351   0.0140144
         628    -5.57683    -5.57352   0.0139921
         629     -5.5762    -5.57352   0.0139698
         630    -5.57619    -5.57352   0.0139477
         631    -5.57579    -5.57353   0.0139256
         632    -5.57515    -5.57353   0.0139035
         633    -5.57459    -5.57353   0.0138816
         634    -5.57354    -5.57353   0.0138597
         635    -5.57261    -5.57353   0.0138378
         636     -5.5715    -5.57353   0.0138161
         637    -5.57009    -5.57352   0.0137944
         638    -5.56898    -5.57351   0.0137728
         639    -5.56849    -5.57351   0.0137512
         640    -5.56756     -5.5735   0.0137297
         641    -5.56664    -5.57349   0.0137083
         642     -5.5656    -5.57347    0.013687
         643    -5.56459    -5.57346   0.0136657
         644    -5.56391    -5.57345   0.0136445
         645    -5.56371    -5.57343   0.0136233
         646    -5.56233    -5.57341   0.0136023
         647    -5.56098    -5.57339   0.0135812
         648    -5.56012    -5.57337   0.0135603
         649    -5.55915    -5.57335   0.0135394
         650    -5.55836    -5.57333   0.0135186
         651    -5.55732     -5.5733   0.0134979
         652    -5.55738    -5.57328   0.0134772
         653    -5.55734    -5.57326   0.0134566
         654    -5.55722    -5.57323    0.013436
         655    -5.55762    -5.57321   0.0134155
         656    -5.55718    -5.57318   0.0133951
         657    -5.55668    -5.57316   0.0133747
         658    -5.55628    -5.57313   0.0133544
         659    -5.55657    -5.57311   0.0133342
         660    -5.55696    -5.57308    0.013314
         661    -5.55701    -5.57306   0.0132939
         662    -5.55717    -5.57303   0.0132738
         663    -5.55788    -5.57301   0.0132538
         664    -5.55839    -5.57299   0.0132339
         665    -5.55899    -5.57297    0.013214
         666    -5.55999    -5.57295   0.0131942
         667    -5.56045    -5.57293   0.0131744
         668    -5.56097    -5.57291   0.0131547
         669    -5.56185     -5.5729   0.0131351
         670    -5.56291    -5.57288   0.0131155
         671    -5.56354    -5.57287   0.0130959
         672    -5.56431    -5.57285   0.0130764
         673    -5.56522    -5.57284    0.013057
         674    -5.56578    -5.57283   0.0130376
         675     -5.5663    -5.57282   0.0130183
         676    -5.56675    -5.57281   0.0129991
         677    -5.56773    -5.57281   0.0129799
         678    -5.56892     -5.5728   0.0129607
         679    -5.56896    -5.57279   0.0129416
         680    -5.56935    -5.57279   0.0129226
         681    -5.56992    -5.57279   0.0129036
         682    -5.57069    -5.57278   0.0128847
         683    -5.57089    -5.57278   0.0128659
         684    -5.57113    -5.57278    0.012847
         685    -5.57095    -5.57277   0.0128283
         686    -5.57067    -5.57277   0.0128096
         687    -5.57014    -5.57277   0.0127909
         688    -5.56891    -5.57276   0.0127724
         689     -5.5679    -5.57276   0.0127538
         690    -5.56758    -5.57275   0.0127353
         691    -5.56703    -5.57274   0.0127169
         692    -5.56599    -5.57273   0.0126985
         693    -5.56506    -5.57272   0.0126802
         694    -5.56425    -5.57271    0.012662
         695    -5.56327    -5.57269   0.0126437
         696    -5.56275    -5.57268   0.0126256
         697     -5.5621    -5.57266   0.0126075
         698    -5.56102    -5.57265   0.0125894
         699    -5.55998    -5.57263   0.0125714
         700    -5.55914    -5.57261   0.0125535
         701    -5.55821    -5.57259   0.0125356
         702    -5.55781    -5.57257   0.0125178
         703    -5.55674    -5.57254      0.0125
         704    -5.55651    -5.57252   0.0124822
         705    -5.55652     -5.5725   0.0124646
         706    -5.55602    -5.57248   0.0124469
         707    -5.55607    -5.57245   0.0124293
         708    -5.55561    -5.57243   0.0124118
         709    -5.55555    -5.57241   0.0123943
         710    -5.55557    -5.57238   0.0123769
         711    -5.55613    -5.57236   0.0123595
         712    -5.55631    -5.57234   0.0123422
         713    -5.55716    -5.57232   0.0123249
         714    -5.55791    -5.57229   0.0123076
         715    -5.55871    -5.57228   0.0122904
         716    -5.55863    -5.57226   0.0122733
         717    -5.55932    -5.57224   0.0122562
         718    -5.56016    -5.57222   0.0122391
         719    -5.56069    -5.57221   0.0122221
         720    -5.56104    -5.57219   0.0122051
         721    -5.56179    -5.57218   0.0121882
         722    -5.56219    -5.57216   0.0121713
         723    -5.56267    -5.57215   0.0121545
         724    -5.56291    -5.57214   0.0121377
         725    -5.56306    -5.57212    0.012121
         726     -5.5631    -5.57211   0.0121043
         727    -5.56318     -5.5721   0.0120877
         728    -5.56313    -5.57209   0.0120711
         729     -5.5628    -5.57207   0.0120545
         730    -5.56233    -5.57206    0.012038
         731    -5.56171    -5.57205   0.0120215
         732     -5.5608    -5.57203   0.0120051
         733    -5.56005    -5.57201   0.0119888
         734    -5.55899      -5.572   0.0119724
         735    -5.55764    -5.57198   0.0119562
         736    -5.55645    -5.57196   0.0119399
         737    -5.55466    -5.57193   0.0119238
         738    -5.55304    -5.57191   0.0119076
         739    -5.55129    -5.57188   0.0118916
         740    -5.54942    -5.57185   0.0118755
         741    -5.54729    -5.57182   0.0118595
         742    -5.54566    -5.57178   0.0118436
         743     -5.5435    -5.57174   0.0118277
         744    -5.54141     -5.5717   0.0118119
         745    -5.53911    -5.57166   0.0117961
         746    -5.53693    -5.57161   0.0117804
         747    -5.53443    -5.57156   0.0117648
         748    -5.53194    -5.57151   0.0117491
         749    -5.52947    -5.57145   0.0117336
         750    -5.52751    -5.57139   0.0117181
         751    -5.52547    -5.57133   0.0117026
         752    -5.52307    -5.57127   0.0116873
         753    -5.52125     -5.5712   0.0116719
         754    -5.51942    -5.57113   0.0116567
         755    -5.51806    -5.57106   0.0116414
         756    -5.51704    -5.57099   0.0116262
         757    -5.51577    -5.57092   0.0116111
         758    -5.51473    -5.57084    0.011596
         759    -5.51423    -5.57077    0.011581
         760    -5.51382     -5.5707    0.011566
         761    -5.51442    -5.57062    0.011551
         762    -5.51376    -5.57055   0.0115361
         763    -5.51396    -5.57047   0.0115212
         764    -5.51515     -5.5704   0.0115064
         765    -5.51596    -5.57033   0.0114916
         766    -5.51653    -5.57026   0.0114768
         767    -5.51774    -5.57019    0.011462
         768    -5.51912    -5.57012   0.0114473
         769    -5.52017    -5.57006   0.0114326
         770    -5.52225       -5.57   0.0114179
         771    -5.52365    -5.56994   0.0114033
         772     -5.5251    -5.56988   0.0113886
         773    -5.52657    -5.56982    0.011374
         774    -5.52818    -5.56977   0.0113595
         775    -5.52946    -5.56972   0.0113449
         776    -5.53129    -5.56967   0.0113304
         777    -5.53274    -5.56962   0.0113159
         778    -5.53379    -5.56957   0.0113015
         779    -5.53549    -5.56953   0.0112871
         780    -5.53616    -5.56949   0.0112727
         781      -5.537    -5.56945   0.0112583
         782    -5.53756     -5.5694    0.011244
         783    -5.53843    -5.56937   0.0112297
         784     -5.5387    -5.56933   0.0112154
         785    -5.53899    -5.56929   0.0112012
         786     -5.5393    -5.56925    0.011187
         787    -5.53948    -5.56921   0.0111729
         788    -5.53953    -5.56917   0.0111588
         789    -5.53918    -5.56914   0.0111447
         790    -5.53948     -5.5691   0.0111307
         791    -5.53953    -5.56906   0.0111166
         792     -5.5389    -5.56902   0.0111027
         793    -5.53834    -5.56898   0.0110887
         794    -5.53787    -5.56894   0.0110748
         795    -5.53794    -5.56891    0.011061
         796    -5.53752    -5.56887   0.0110472
         797    -5.53691    -5.56883   0.0110334
         798    -5.53629    -5.56879   0.0110196
         799    -5.53534    -5.56874   0.0110059
         800      -5.535     -5.5687   0.0109922
         801    -5.53437    -5.56866   0.0109786
         802     -5.5339    -5.56862    0.010965
         803    -5.53362    -5.56857   0.0109514
         804    -5.53324    -5.56853   0.0109379
         805    -5.53216    -5.56848   0.0109244
         806    -5.53145    -5.56844   0.0109109
         807    -5.53067    -5.56839   0.0108975
         808    -5.53059    -5.56834   0.0108841
         809    -5.53001     -5.5683   0.0108708
         810    -5.52984    -5.56825   0.0108575
         811    -5.52979     -5.5682   0.0108442
         812    -5.52986    -5.56815   0.0108309
         813    -5.53022    -5.56811   0.0108177
         814    -5.53131    -5.56806   0.0108045
         815    -5.53192    -5.56802   0.0107913
         816    -5.53222    -5.56797   0.0107782
         817    -5.53263    -5.56793   0.0107651
         818    -5.53393    -5.56789    0.010752
         819    -5.53488    -5.56785    0.010739
         820    -5.53594    -5.56781   0.0107259
         821    -5.53755    -5.56777   0.0107129
         822     -5.5388    -5.56774      0.0107
         823    -5.54026     -5.5677    0.010687
         824    -5.54164    -5.56767   0.0106741
         825    -5.54322    -5.56764   0.0106612
         826    -5.54469    -5.56761   0.0106483
         827     -5.5462    -5.56759   0.0106355
         828    -5.54787    -5.56757   0.0106227
         829    -5.54971    -5.56754   0.0106099
         830    -5.55155    -5.56752   0.0105971
         831    -5.55339    -5.56751   0.0105844
         832    -5.55508    -5.56749   0.0105717
         833    -5.55676    -5.56748    0.010559
         834    -5.55859    -5.56747   0.0105463
         835    -5.55994    -5.56746   0.0105337
         836    -5.56129    -5.56745   0.0105211
         837    -5.56337    -5.56745   0.0105085
         838    -5.56484    -5.56744    0.010496
         839    -5.56675    -5.56744   0.0104835
         840    -5.56897    -5.56745    0.010471
         841    -5.57072    -5.56745   0.0104585
         842    -5.57263    -5.56746   0.0104461
         843    -5.57408    -5.56746   0.0104337
         844     -5.5757    -5.56747   0.0104214
         845    -5.57717    -5.56748   0.0104091
         846     -5.5788     -5.5675   0.0103968
         847    -5.58044    -5.56751   0.0103845
         848    -5.58179    -5.56753   0.0103723
         849    -5.58346    -5.56755   0.0103601
         850    -5.58513    -5.56757   0.0103479
         851    -5.58712    -5.56759   0.0103358
         852    -5.58865    -5.56762   0.0103237
         853    -5.59033    -5.56764   0.0103116
         854    -5.59186    -5.56767   0.0102996
         855    -5.59381     -5.5677   0.0102876
         856    -5.59575    -5.56774   0.0102756
         857    -5.59736    -5.56777   0.0102637
         858    -5.59878    -5.56781   0.0102518
         859        -5.6    -5.56784   0.0102399
         860    -5.60146    -5.56788   0.0102281
         861    -5.60271    -5.56792   0.0102163
         862    -5.60464    -5.56797   0.0102045
         863    -5.60603    -5.56801   0.0101928
         864    -5.60733    -5.56806   0.0101811
         865    -5.60822     -5.5681   0.0101694
         866    -5.60915    -5.56815   0.0101578
         867    -5.61011     -5.5682   0.0101462
         868     -5.6108    -5.56825   0.0101346
         869    -5.61105     -5.5683   0.0101231
         870    -5.61147    -5.56835   0.0101115
         871    -5.61115    -5.56839   0.0101001
         872    -5.61114    -5.56844   0.0100886
         873    -5.61098    -5.56849   0.0100772
         874    -5.61083    -5.56854   0.0100657
         875    -5.61068    -5.56859   0.0100544
         876    -5.61083    -5.56864    0.010043
         877    -5.61054    -5.56869   0.0100317
         878    -5.60949    -5.56873   0.0100203
         879    -5.60845    -5.56878    0.010009
         880    -5.60787    -5.56882  0.00999776
         881     -5.6064    -5.56886   0.0099865
         882    -5.60479     -5.5689  0.00997526
         883    -5.60305    -5.56894  0.00996404
         884    -5.60164    -5.56898  0.00995284
         885    -5.59994    -5.56902  0.00994165
         886    -5.59798    -5.56905  0.00993049
         887    -5.59696    -5.56908  0.00991934
         888    -5.59462    -5.56911  0.00990821
         889    -5.59202    -5.56913   0.0098971
         890    -5.58962    -5.56916  0.00988601
         891    -5.58772    -5.56918  0.00987493
         892    -5.58574     -5.5692  0.00986388
         893    -5.58321    -5.56921  0.00985285
         894    -5.58074    -5.56923  0.00984183
         895    -5.57803    -5.56923  0.00983084
         896    -5.57554    -5.56924  0.00981987
         897    -5.57252    -5.56925  0.00980893
         898    -5.56957    -5.56925    0.009798
         899    -5.56638    -5.56924  0.00978711
         900    -5.56312    -5.56924  0.00977623
         901    -5.56038    -5.56923  0.00976539
         902    -5.55695    -5.56921  0.00975457
         903     -5.5539     -5.5692  0.00974378
         904    -5.55076    -5.56918  0.00973303
         905    -5.54708    -5.56915   0.0097223
         906    -5.54376    -5.56912  0.00971161
         907    -5.54004    -5.56909  0.00970096
         908    -5.53592    -5.56905  0.00969034
         909    -5.53183    -5.56901  0.00967977
         910    -5.52734    -5.56897  0.00966924
         911    -5.52317    -5.56892  0.00965876
         912    -5.51902    -5.56886  0.00964832
         913    -5.51459     -5.5688  0.00963794
         914    -5.50986    -5.56874  0.00962761
         915    -5.50437    -5.56867  0.00961734
         916    -5.49918    -5.56859  0.00960714
         917    -5.49397    -5.56851  0.00959701
         918    -5.48889    -5.56842  0.00958695
         919    -5.48377    -5.56833  0.00957696
         920    -5.47784    -5.56823  0.00956705
         921    -5.47157    -5.56813  0.00955724
         922    -5.46523    -5.56802  0.00954753
         923    -5.45867     -5.5679  0.00953792
         924    -5.45188    -5.56777  0.00952842
         925    -5.44502    -5.56764  0.00951905
         926    -5.43807     -5.5675  0.00950979
         927    -5.43074    -5.56735  0.00950068
         928    -5.42273     -5.5672  0.00949172
         929    -5.41479    -5.56703  0.00948292
         930     -5.4074    -5.56686  0.00947428
         931    -5.39995    -5.56668   0.0094658
         932    -5.39187    -5.56649   0.0094575
         933    -5.38316     -5.5663   0.0094494
         934    -5.37462    -5.56609  0.00944151
         935    -5.36628    -5.56588  0.00943383
         936    -5.35758    -5.56566  0.00942638
         937    -5.34915    -5.56543  0.00941915
         938    -5.34029    -5.56519  0.00941217
         939    -5.33167    -5.56494  0.00940543
         940    -5.32258    -5.56468  0.00939896
         941    -5.31354    -5.56441  0.00939276
         942    -5.30537    -5.56414  0.00938681
         943    -5.29783    -5.56385   0.0093811
         944    -5.29038    -5.56356  0.00937564
         945    -5.28353    -5.56327   0.0093704
         946    -5.27736    -5.56297  0.00936536
         947    -5.27161    -5.56266  0.00936053
         948     -5.2665    -5.56235  0.00935586
         949    -5.26162    -5.56203  0.00935137
         950    -5.25762    -5.56171  0.00934702
         951    -5.25454    -5.56139  0.00934277
         952     -5.2524    -5.56106  0.00933859
         953    -5.25108    -5.56074  0.00933445
         954    -5.25045    -5.56041  0.00933033
         955    -5.25097    -5.56009  0.00932619
         956    -5.25233    -5.55977  0.00932199
         957    -5.25408    -5.55945  0.00931772
         958    -5.25711    -5.55913  0.00931333
         959    -5.26094    -5.55882  0.00930881
         960    -5.26555    -5.55851  0.00930412
         961    -5.27089    -5.55821  0.00929926
         962    -5.27647    -5.55792   0.0092942
         963    -5.28284    -5.55764  0.00928894
         964    -5.29009    -5.55736  0.00928345
         965     -5.2977    -5.55709  0.00927773
         966    -5.30544    -5.55683  0.00927178
         967     -5.3134    -5.55658  0.00926561
         968    -5.32194    -5.55633   0.0092592
         969    -5.33099     -5.5561  0.00925257
         970    -5.34046    -5.55588   0.0092457
         971    -5.34937    -5.55567  0.00923862
         972     -5.3584    -5.55546  0.00923135
         973    -5.36748    -5.55527  0.00922388
         974    -5.37594    -5.55509  0.00921625
         975    -5.38388    -5.55491  0.00920847
         976      -5.392    -5.55474  0.00920055
         977     -5.4001    -5.55459  0.00919249
         978    -5.40785    -5.55444  0.00918432
         979     -5.4149    -5.55429  0.00917604
         980    -5.42244    -5.55416  0.00916766
         981    -5.42894    -5.55403  0.00915921
         982    -5.43468    -5.55391  0.00915069
         983    -5.44041    -5.55379  0.00914211
         984    -5.44551    -5.55368  0.00913348
         985    -5.45028    -5.55358  0.00912481
         986    -5.45411    -5.55348  0.00911611
         987    -5.45776    -5.55338  0.00910739
         988    -5.46047    -5.55329  0.00909866
         989    -5.46347     -5.5532  0.00908991
         990    -5.46555    -5.55311  0.00908116
         991    -5.46732    -5.55302  0.00907241
         992     -5.4691    -5.55294  0.00906366
         993       -5.47    -5.55285  0.00905492
         994    -5.47004    -5.55277  0.00904619
         995    -5.46984    -5.55269  0.00903748
         996    -5.46912     -5.5526   0.0090288
         997    -5.46853    -5.55252  0.00902014
         998    -5.46763    -5.55243   0.0090115
         999    -5.46661    -5.55235  0.00900289
        1000    -5.46476    -5.55226  0.00899431
        1001    -5.46302    -5.55217  0.00898577
        1002    -5.46111    -5.55208  0.00897726
        1003    -5.45894    -5.55199  0.00896879
        1004    -5.45654    -5.55189  0.00896036
        1005    -5.45471     -5.5518  0.00895197
        1006    -5.45258     -5.5517  0.00894361
        1007     -5.4508     -5.5516  0.00893529
        1008    -5.44893    -5.55149  0.00892701
        1009    -5.44702    -5.55139  0.00891876
        1010    -5.44584    -5.55129  0.00891054
        1011     -5.4442    -5.55118  0.00890236
        1012    -5.44288    -5.55107   0.0088942
        1013    -5.44143    -5.55097  0.00888608
        1014    -5.44045    -5.55086  0.00887799
        1015    -5.43935    -5.55075  0.00886992
        1016     -5.4384    -5.55064  0.00886188
        1017    -5.43744    -5.55052  0.00885386
        1018    -5.43737    -5.55041  0.00884586
        1019    -5.43709     -5.5503  0.00883788
        1020    -5.43688    -5.55019  0.00882992
        1021    -5.43716    -5.55008  0.00882196
        1022    -5.43654    -5.54997  0.00881403
        1023    -5.43632    -5.54986  0.00880612
        1024    -5.43588    -5.54975  0.00879822
        1025    -5.43563    -5.54964  0.00879034
        1026    -5.43462    -5.54952  0.00878249
        1027    -5.43418    -5.54941  0.00877465
        1028    -5.43308     -5.5493  0.00876685
        1029    -5.43158    -5.54918  0.00875907
        1030    -5.42997    -5.54907  0.00875133
        1031    -5.42793    -5.54895  0.00874364
        1032    -5.42574    -5.54883  0.00873598
        1033    -5.42294    -5.54871  0.00872837
        1034    -5.41984    -5.54858  0.00872082
        1035    -5.41705    -5.54846  0.00871332
        1036    -5.41382    -5.54833  0.00870588
        1037    -5.41017    -5.54819   0.0086985
        1038    -5.40598    -5.54806   0.0086912
        1039    -5.40156    -5.54792  0.00868398
        1040    -5.39726    -5.54777  0.00867684
        1041    -5.39265    -5.54762  0.00866978
        1042    -5.38794    -5.54747  0.00866282
        1043    -5.38316    -5.54731  0.00865594
        1044    -5.37835    -5.54715  0.00864916
        1045    -5.37447    -5.54698  0.00864247
        1046    -5.36976    -5.54681  0.00863586
        1047    -5.36546    -5.54664  0.00862935
        1048    -5.36116    -5.54646  0.00862293
        1049    -5.35706    -5.54628   0.0086166
        1050     -5.3529     -5.5461  0.00861037
        1051    -5.34975    -5.54591   0.0086042
        1052    -5.34706    -5.54572   0.0085981
        1053    -5.34408    -5.54553  0.00859206
        1054    -5.34143    -5.54534  0.00858609
        1055    -5.33868    -5.54514  0.00858019
        1056    -5.33643    -5.54495  0.00857434
        1057    -5.33498    -5.54475  0.00856853
        1058    -5.33388    -5.54455  0.00856275
        1059    -5.33311    -5.54435  0.00855699
        1060    -5.33266    -5.54415  0.00855125
        1061    -5.33296    -5.54395   0.0085455
        1062    -5.33247    -5.54375  0.00853978
        1063    -5.33314    -5.54355  0.00853404
        1064    -5.33327    -5.54335  0.00852831
        1065    -5.33374    -5.54316  0.00852257
        1066    -5.33408    -5.54296  0.00851683
        1067    -5.33515    -5.54277  0.00851108
        1068    -5.33617    -5.54257  0.00850531
        1069    -5.33774    -5.54238  0.00849951
        1070    -5.33892    -5.54219  0.00849369
        1071    -5.33969      -5.542  0.00848787
        1072    -5.34155    -5.54182  0.00848201
        1073    -5.34313    -5.54163  0.00847612
        1074    -5.34427    -5.54145  0.00847022
        1075    -5.34526    -5.54126  0.00846431
        1076    -5.34657    -5.54108  0.00845838
        1077    -5.34759     -5.5409  0.00845243
        1078    -5.34862    -5.54072  0.00844647
        1079    -5.34981    -5.54055   0.0084405
        1080    -5.35104    -5.54037  0.00843451
        1081    -5.35275     -5.5402  0.00842849
        1082    -5.35435    -5.54003  0.00842245
        1083    -5.35645    -5.53986  0.00841638
        1084    -5.35786    -5.53969  0.00841029
        1085    -5.35948    -5.53952  0.00840418
        1086    -5.36088    -5.53936  0.00839805
        1087     -5.3628     -5.5392  0.00839189
        1088    -5.36482    -5.53904  0.00838571
        1089    -5.36647    -5.53888  0.00837951
        1090    -5.36822    -5.53872  0.00837328
        1091    -5.37098    -5.53857  0.00836702
        1092    -5.37339    -5.53842  0.00836072
        1093    -5.37591    -5.53827   0.0083544
        1094    -5.37839    -5.53812  0.00834804
        1095    -5.38068    -5.53798  0.00834165
        1096     -5.3831    -5.53784  0.00833524
        1097    -5.38578     -5.5377  0.00832879
        1098    -5.38875    -5.53756  0.00832231
        1099    -5.39185    -5.53743  0.00831579
        1100    -5.39492     -5.5373  0.00830924
        1101    -5.39889    -5.53717  0.00830265
        1102    -5.40239    -5.53705  0.00829601
        1103    -5.40588    -5.53693  0.00828935
        1104    -5.40996    -5.53682  0.00828263
        1105    -5.41343    -5.53671  0.00827589
        1106     -5.4175     -5.5366  0.00826911
        1107    -5.42202     -5.5365  0.00826229
        1108    -5.42609     -5.5364  0.00825543
        1109    -5.43105     -5.5363  0.00824853
        1110    -5.43585    -5.53621   0.0082416
        1111     -5.4402    -5.53612  0.00823463
        1112    -5.44529    -5.53604  0.00822763
        1113    -5.45066    -5.53597   0.0082206
        1114    -5.45557    -5.53589  0.00821354
        1115    -5.46106    -5.53583  0.00820645
        1116    -5.46622    -5.53576  0.00819933
        1117    -5.47194    -5.53571  0.00819219
        1118    -5.47717    -5.53565  0.00818503
        1119    -5.48326    -5.53561  0.00817785
        1120    -5.48943    -5.53557  0.00817065
        1121    -5.49523    -5.53553  0.00816344
        1122    -5.50109     -5.5355  0.00815622
        1123    -5.50761    -5.53547    0.008149
        1124    -5.51327    -5.53545  0.00814177
        1125    -5.51971    -5.53544  0.00813455
        1126    -5.52616    -5.53543  0.00812733
        1127    -5.53245    -5.53543  0.00812011
        1128    -5.53842    -5.53543  0.00811292
        1129    -5.54464    -5.53544  0.00810573
        1130    -5.55021    -5.53545  0.00809857
        1131    -5.55599    -5.53547  0.00809143
        1132    -5.56168    -5.53549  0.00808432
        1133     -5.5677    -5.53552  0.00807723
        1134    -5.57299    -5.53556  0.00807018
        1135    -5.57827    -5.53559  0.00806315
        1136    -5.58338    -5.53564  0.00805617
        1137     -5.5892    -5.53568  0.00804922
        1138    -5.59421    -5.53573  0.00804231
        1139    -5.59869    -5.53579  0.00803544
        1140    -5.60308    -5.53585  0.00802861
        1141    -5.60736    -5.53591  0.00802181
        1142    -5.61105    -5.53598  0.00801506
        1143    -5.61491    -5.53605  0.00800834
        1144    -5.61802    -5.53612  0.00800166
        1145     -5.6208    -5.53619  0.00799502
        1146    -5.62309    -5.53627   0.0079884
        1147    -5.62505    -5.53635  0.00798181
        1148    -5.62634    -5.53642  0.00797524
        1149    -5.62772     -5.5365   0.0079687
        1150    -5.62857    -5.53658  0.00796217
        1151    -5.62979    -5.53666  0.00795567
        1152    -5.63046    -5.53675  0.00794918
        1153    -5.62998    -5.53683  0.00794269
        1154    -5.62954    -5.53691  0.00793622
        1155    -5.62899    -5.53699  0.00792975
        1156    -5.62772    -5.53706  0.00792327
        1157    -5.62603    -5.53714   0.0079168
        1158    -5.62422    -5.53722  0.00791032
        1159    -5.62169    -5.53729  0.00790383
        1160    -5.61859    -5.53736  0.00789733
        1161    -5.61522    -5.53743  0.00789081
        1162    -5.61189    -5.53749  0.00788428
        1163    -5.60755    -5.53755  0.00787773
        1164    -5.60235    -5.53761  0.00787116
        1165    -5.59782    -5.53766  0.00786457
        1166    -5.59262    -5.53771  0.00785797
        1167    -5.58689    -5.53775  0.00785135
        1168    -5.58113    -5.53779  0.00784471
        1169    -5.57413    -5.53782  0.00783807
        1170    -5.56758    -5.53784  0.00783141
        1171    -5.56059    -5.53786  0.00782474
        1172    -5.55395    -5.53787  0.00781808
        1173    -5.54694    -5.53788  0.00781142
        1174    -5.53866    -5.53788  0.00780476
        1175    -5.53052    -5.53788  0.00779813
        1176    -5.52255    -5.53786   0.0077915
        1177    -5.51464    -5.53784  0.00778491
        1178    -5.50653    -5.53782  0.00777835
        1179    -5.49841    -5.53778  0.00777182
        1180    -5.49002    -5.53774  0.00776534
        1181    -5.48218     -5.5377  0.00775891
        1182    -5.47477    -5.53764  0.00775253
        1183    -5.46678    -5.53758   0.0077462
        1184    -5.45934    -5.53752  0.00773994
        1185    -5.45248    -5.53745  0.00773374
        1186    -5.44596    -5.53737  0.00772761
        1187    -5.43923    -5.53729  0.00772154
        1188    -5.43309     -5.5372  0.00771554
        1189    -5.42682    -5.53711  0.00770961
        1190    -5.42169    -5.53701  0.00770374
        1191    -5.41712    -5.53691  0.00769793
        1192     -5.4136     -5.5368  0.00769217
        1193     -5.4101     -5.5367  0.00768645
        1194    -5.40741    -5.53659  0.00768078
        1195    -5.40523    -5.53648  0.00767514
        1196    -5.40386    -5.53637  0.00766952
        1197    -5.40316    -5.53626  0.00766392
        1198    -5.40298    -5.53615  0.00765833
        1199    -5.40343    -5.53604  0.00765274
        1200    -5.40526    -5.53593  0.00764714
        1201    -5.40706    -5.53582  0.00764153
        1202    -5.40957    -5.53571  0.00763589
        1203    -5.41244    -5.53561  0.00763023
        1204    -5.41576    -5.53551  0.00762454
        1205    -5.41918    -5.53542  0.00761883
        1206    -5.42325    -5.53532  0.00761308
        1207    -5.42732    -5.53523   0.0076073
        1208    -5.43237    -5.53515  0.00760147
        1209    -5.43715    -5.53507  0.00759562
        1210    -5.44234    -5.53499  0.00758973
        1211    -5.44729    -5.53492  0.00758381
        1212     -5.4524    -5.53485  0.00757785
        1213     -5.4573    -5.53479  0.00757188
        1214    -5.46241    -5.53473  0.00756587
        1215    -5.46722    -5.53467  0.00755985
        1216    -5.47154    -5.53462  0.00755381
        1217    -5.47608    -5.53457  0.00754776
        1218    -5.48035    -5.53453  0.00754169
        1219    -5.48417    -5.53449  0.00753562
        1220    -5.48795    -5.53445  0.00752954
        1221    -5.49093    -5.53441  0.00752346
        1222    -5.49383    -5.53438  0.00751737
        1223    -5.49588    -5.53435  0.00751129
        1224    -5.49799    -5.53432  0.00750522
        1225    -5.49922    -5.53429  0.00749914
        1226    -5.50034    -5.53426  0.00749308
        1227    -5.50134    -5.53423  0.00748702
        1228    -5.50177    -5.53421  0.00748097
        1229     -5.5015    -5.53418  0.00747493
        1230    -5.50099    -5.53415   0.0074689
        1231    -5.50025    -5.53413  0.00746288
        1232    -5.49902     -5.5341  0.00745688
        1233    -5.49715    -5.53407  0.00745089
        1234    -5.49513    -5.53404  0.00744492
        1235    -5.49239      -5.534  0.00743897
        1236    -5.48987    -5.53397  0.00743304
        1237    -5.48714    -5.53393  0.00742712
        1238    -5.48423    -5.53389  0.00742123
        1239    -5.48089    -5.53385  0.00741537
        1240    -5.47789     -5.5338  0.00740952
        1241    -5.47527    -5.53375   0.0074037
        1242    -5.47199     -5.5337  0.00739791
        1243    -5.46838    -5.53365  0.00739215
        1244    -5.46491     -5.5336  0.00738641
        1245    -5.46145    -5.53354   0.0073807
        1246    -5.45861    -5.53348  0.00737503
        1247    -5.45579    -5.53342  0.00736937
        1248    -5.45313    -5.53335  0.00736375
        1249     -5.4496    -5.53328  0.00735816
        1250    -5.44652    -5.53321   0.0073526
        1251    -5.44375    -5.53314  0.00734707
        1252    -5.44022    -5.53307  0.00734158
        1253    -5.43666    -5.53299  0.00733612
        1254    -5.43383    -5.53291   0.0073307
        1255     -5.4311    -5.53283  0.00732531
        1256    -5.42831    -5.53275  0.00731995
        1257    -5.42484    -5.53266  0.00731463
        1258     -5.4213    -5.53257  0.00730935
        1259    -5.41783    -5.53248  0.00730411
        1260    -5.41442    -5.53239  0.00729891
        1261    -5.41078    -5.53229  0.00729376
        1262    -5.40706    -5.53219  0.00728866
        1263    -5.40312    -5.53209   0.0072836
        1264    -5.39974    -5.53199  0.00727859
        1265    -5.39555    -5.53188  0.00727364
        1266    -5.39165    -5.53177  0.00726874
        1267    -5.38836    -5.53166  0.00726388
        1268    -5.38419    -5.53154  0.00725908
        1269    -5.38036    -5.53142  0.00725434
        1270    -5.37662     -5.5313  0.00724965
        1271    -5.37284    -5.53117  0.00724502
        1272    -5.36949    -5.53105  0.00724044
        1273    -5.36585    -5.53092  0.00723591
        1274    -5.36286    -5.53078  0.00723144
        1275    -5.35994    -5.53065  0.00722701
        1276    -5.35741    -5.53051  0.00722262
        1277      -5.355    -5.53038  0.00721827
        1278    -5.35317    -5.53024  0.00721395
        1279    -5.35165     -5.5301  0.00720966
        1280    -5.35013    -5.52996   0.0072054
        1281    -5.34849    -5.52982  0.00720117
        1282    -5.34793    -5.52967  0.00719695
        1283    -5.34771    -5.52953  0.00719274
        1284     -5.3472    -5.52939  0.00718854
        1285    -5.34702    -5.52925  0.00718435
        1286    -5.34715    -5.52911  0.00718015
        1287    -5.34742    -5.52897  0.00717596
        1288    -5.34888    -5.52883  0.00717175
        1289    -5.34954    -5.52869  0.00716754
        1290    -5.35044    -5.52855  0.00716331
        1291    -5.35245    -5.52841  0.00715906
        1292    -5.35419    -5.52828  0.00715479
        1293    -5.35639    -5.52815  0.00715049
        1294    -5.35855    -5.52801  0.00714617
        1295    -5.36065    -5.52788  0.00714182
        1296    -5.36311    -5.52776  0.00713744
        1297    -5.36589    -5.52763  0.00713303
        1298    -5.36837    -5.52751  0.00712859
        1299    -5.37066    -5.52739  0.00712412
        1300    -5.37273    -5.52727  0.00711964
        1301    -5.37517    -5.52715  0.00711512
        1302    -5.37719    -5.52704  0.00711059
        1303    -5.37906    -5.52692  0.00710604
        1304    -5.38093    -5.52681  0.00710147
        1305    -5.38231     -5.5267  0.00709689
        1306    -5.38319    -5.52659  0.00709231
        1307    -5.38371    -5.52648  0.00708773
        1308    -5.38447    -5.52637  0.00708314
        1309    -5.38515    -5.52627  0.00707855
        1310    -5.38589    -5.52616  0.00707396
        1311     -5.3861    -5.52605  0.00706937
        1312    -5.38606    -5.52595  0.00706479
        1313    -5.38609    -5.52584  0.00706021
        1314    -5.38557    -5.52573  0.00705564
        1315    -5.38481    -5.52563  0.00705109
        1316    -5.38383    -5.52552  0.00704656
        1317    -5.38261    -5.52541  0.00704204
        1318    -5.38117     -5.5253  0.00703755
        1319    -5.37921    -5.52519  0.00703308
        1320    -5.37779    -5.52508  0.00702864
        1321    -5.37558    -5.52496  0.00702423
        1322    -5.37362    -5.52485  0.00701985
        1323    -5.37103    -5.52473  0.00701551
        1324    -5.36856    -5.52462   0.0070112
        1325    -5.36577     -5.5245  0.00700694
        1326    -5.36283    -5.52437  0.00700271
        1327    -5.35989    -5.52425  0.00699853
        1328    -5.35652    -5.52412   0.0069944
        1329    -5.35348    -5.52399  0.00699032
        1330    -5.35017    -5.52386  0.00698628
        1331    -5.34693    -5.52373   0.0069823
        1332    -5.34345     -5.5236  0.00697837
        1333    -5.33977    -5.52346   0.0069745
        1334    -5.33664    -5.52332  0.00697067
        1335    -5.33304    -5.52318  0.00696691
        1336    -5.32944    -5.52303   0.0069632
        1337    -5.32586    -5.52288  0.00695956
        1338    -5.32233    -5.52273  0.00695597
        1339    -5.31903    -5.52258  0.00695244
        1340    -5.31599    -5.52243  0.00694896
        1341    -5.31278    -5.52227  0.00694553
        1342    -5.30915    -5.52211  0.00694217
        1343    -5.30617    -5.52195  0.00693887
        1344    -5.30373    -5.52179   0.0069356
        1345    -5.30141    -5.52162  0.00693238
        1346     -5.2991    -5.52146   0.0069292
        1347    -5.29726    -5.52129  0.00692606
        1348    -5.29609    -5.52113  0.00692293
        1349    -5.29484    -5.52096  0.00691983
        1350     -5.2943    -5.52079  0.00691674
        1351    -5.29388    -5.52062  0.00691366
        1352    -5.29389    -5.52045  0.00691058
        1353    -5.29435    -5.52029   0.0069075
        1354    -5.29554    -5.52012  0.00690439
        1355    -5.29702    -5.51996  0.00690126
        1356    -5.29864    -5.51979   0.0068981
        1357    -5.30127    -5.51963  0.00689489
        1358    -5.30446    -5.51947  0.00689164
        1359    -5.30742    -5.51932  0.00688833
        1360    -5.31119    -5.51916  0.00688497
        1361    -5.31451    -5.51901  0.00688155
        1362    -5.31874    -5.51887  0.00687807
        1363    -5.32307    -5.51872  0.00687452
        1364    -5.32763    -5.51858  0.00687091
        1365    -5.33192    -5.51845  0.00686723
        1366    -5.33652    -5.51831   0.0068635
        1367    -5.34184    -5.51818  0.00685969
        1368    -5.34711    -5.51806  0.00685582
        1369    -5.35213    -5.51794  0.00685188
        1370    -5.35703    -5.51782  0.00684789
        1371     -5.3621    -5.51771  0.00684383
        1372     -5.3676     -5.5176  0.00683972
        1373    -5.37292    -5.51749  0.00683555
        1374    -5.37849    -5.51739  0.00683132
        1375    -5.38324    -5.51729  0.00682705
        1376    -5.38792     -5.5172  0.00682274
        1377    -5.39267    -5.51711  0.00681838
        1378    -5.39733    -5.51702  0.00681399
        1379    -5.40189    -5.51694  0.00680956
        1380     -5.4068    -5.51686  0.00680509
        1381    -5.41146    -5.51678  0.00680059
        1382    -5.41602    -5.51671  0.00679606
        1383    -5.42047    -5.51664   0.0067915
        1384    -5.42481    -5.51657  0.00678692
        1385    -5.42934    -5.51651  0.00678231
        1386    -5.43285    -5.51645  0.00677769
        1387    -5.43716    -5.51639  0.00677304
        1388    -5.44059    -5.51634  0.00676838
        1389     -5.4442    -5.51629  0.00676371
        1390    -5.44767    -5.51624  0.00675902
        1391    -5.45178    -5.51619  0.00675432
        1392    -5.45468    -5.51615  0.00674962
        1393    -5.45761    -5.51611   0.0067449
        1394    -5.46069    -5.51607  0.00674018
        1395    -5.46393    -5.51603  0.00673545
        1396    -5.46611    -5.51599  0.00673072
        1397    -5.46831    -5.51596  0.00672599
        1398    -5.47051    -5.51593  0.00672126
        1399    -5.47303    -5.51589  0.00671652
        1400    -5.47527    -5.51587  0.00671179
        1401    -5.47708    -5.51584  0.00670705
        1402    -5.47893    -5.51581  0.00670232
        1403    -5.48068    -5.51579  0.00669759
        1404    -5.48264    -5.51576  0.00669286
        1405    -5.48452    -5.51574  0.00668814
        1406    -5.48589    -5.51572  0.00668341
        1407    -5.48721     -5.5157  0.00667869
        1408    -5.48897    -5.51568  0.00667398
        1409    -5.49056    -5.51566  0.00666926
        1410    -5.49187    -5.51565  0.00666456
        1411    -5.49336    -5.51563  0.00665985
        1412     -5.4952    -5.51562  0.00665515
        1413     -5.4968     -5.5156  0.00665045
        1414    -5.49848    -5.51559  0.00664576
        1415    -5.50011    -5.51558  0.00664107
        1416    -5.50168    -5.51557  0.00663639
        1417    -5.50351    -5.51556  0.00663171
        1418     -5.5056    -5.51555  0.00662704
        1419     -5.5075    -5.51555  0.00662237
        1420    -5.50951    -5.51554  0.00661771
        1421    -5.51192    -5.51554  0.00661305
        1422    -5.51442    -5.51554   0.0066084
        1423    -5.51668    -5.51554  0.00660376
        1424    -5.51901    -5.51554  0.00659912
        1425    -5.52137    -5.51555  0.00659449
        1426     -5.5239    -5.51555  0.00658987
        1427    -5.52672    -5.51556  0.00658526
        1428    -5.52966    -5.51557  0.00658065
        1429    -5.53268    -5.51558  0.00657606
        1430    -5.53516     -5.5156  0.00657147
        1431    -5.53738    -5.51561   0.0065669
        1432    -5.53975    -5.51563  0.00656234
        1433    -5.54181    -5.51565  0.00655778
        1434    -5.54353    -5.51567  0.00655324
        1435    -5.54536    -5.51569   0.0065487
        1436    -5.54696    -5.51571  0.00654418
        1437    -5.54834    -5.51573  0.00653966
        1438    -5.54947    -5.51576  0.00653516
        1439    -5.55037    -5.51578  0.00653066
        1440    -5.55101     -5.5158  0.00652617
        1441    -5.55126    -5.51583  0.00652169
        1442    -5.55113    -5.51585  0.00651721
        1443    -5.55061    -5.51588  0.00651274
        1444    -5.55004     -5.5159  0.00650827
        1445    -5.54957    -5.51592  0.00650381
        1446    -5.54893    -5.51595  0.00649935
        1447    -5.54768    -5.51597   0.0064949
        1448    -5.54675    -5.51599  0.00649045
        1449    -5.54602    -5.51601    0.006486
        1450    -5.54506    -5.51603  0.00648156
        1451    -5.54358    -5.51605  0.00647712
        1452    -5.54223    -5.51607  0.00647269
        1453    -5.54088    -5.51608  0.00646825
        1454       -5.54     -5.5161  0.00646383
        1455    -5.53855    -5.51612   0.0064594
        1456    -5.53733    -5.51613  0.00645498
        1457    -5.53648    -5.51615  0.00645057
        1458    -5.53514    -5.51616  0.00644616
        1459    -5.53451    -5.51617  0.00644175
        1460     -5.5334    -5.51618  0.00643735
        1461    -5.53258    -5.51619  0.00643295
        1462    -5.53175     -5.5162  0.00642856
        1463    -5.53199    -5.51622  0.00642418
        1464    -5.53177    -5.51623   0.0064198
        1465    -5.53216    -5.51624  0.00641542
        1466     -5.5324    -5.51625  0.00641106
        1467    -5.53265    -5.51626   0.0064067
        1468    -5.53275    -5.51627  0.00640234
        1469    -5.53315    -5.51628  0.00639799
        1470    -5.53415    -5.51629  0.00639365
        1471    -5.53483    -5.51631  0.00638932
        1472    -5.53564    -5.51632  0.00638499
        1473    -5.53643    -5.51633  0.00638067
        1474    -5.53793    -5.51635  0.00637636
        1475    -5.53923    -5.51636  0.00637206
        1476    -5.54047    -5.51638  0.00636776
        1477    -5.54194     -5.5164  0.00636347
        1478    -5.54393    -5.51642  0.00635919
        1479    -5.54535    -5.51644  0.00635492
        1480    -5.54666    -5.51646  0.00635066
        1481    -5.54827    -5.51648  0.00634641
        1482    -5.54988     -5.5165  0.00634217
        1483    -5.55116    -5.51652  0.00633794
        1484    -5.55329    -5.51655  0.00633371
        1485    -5.55504    -5.51657   0.0063295
        1486    -5.55655     -5.5166   0.0063253
        1487    -5.55778    -5.51663  0.00632111
        1488    -5.55871    -5.51666  0.00631692
        1489    -5.55901    -5.51669  0.00631274
        1490    -5.55987    -5.51671  0.00630857
        1491     -5.5608    -5.51674  0.00630441
        1492    -5.56133    -5.51677  0.00630026
        1493    -5.56144     -5.5168  0.00629611
        1494    -5.56141    -5.51683  0.00629196
        1495    -5.56061    -5.51686  0.00628782
        1496    -5.55962    -5.51689  0.00628368
        1497    -5.55844    -5.51692  0.00627955
        1498    -5.55614    -5.51695  0.00627541
        1499    -5.55423    -5.51697  0.00627127
        1500    -5.55166    -5.51699  0.00626714
        1501    -5.54842    -5.51701    0.006263
        1502    -5.54544    -5.51703  0.00625885
        1503    -5.54182    -5.51705  0.00625471
        1504    -5.53835    -5.51706  0.00625057
        1505    -5.53444    -5.51708  0.00624643
        1506       -5.53    -5.51708  0.00624228
        1507     -5.5252    -5.51709  0.00623814
        1508    -5.52039    -5.51709  0.00623401
        1509    -5.51547    -5.51709  0.00622988
        1510    -5.51004    -5.51709  0.00622575
        1511    -5.50537    -5.51708  0.00622164
        1512    -5.50074    -5.51707  0.00621753
        1513    -5.49636    -5.51705  0.00621344
        1514    -5.49168    -5.51704  0.00620936
        1515    -5.48779    -5.51702  0.00620529
        1516    -5.48383      -5.517  0.00620123
        1517    -5.47953    -5.51697  0.00619719
        1518    -5.47598    -5.51694  0.00619317
        1519    -5.47287    -5.51691  0.00618916
        1520    -5.46978    -5.51688  0.00618517
        1521    -5.46716    -5.51685  0.00618119
        1522     -5.4647    -5.51682  0.00617722
        1523    -5.46239    -5.51678  0.00617327
        1524    -5.46052    -5.51674  0.00616933
        1525    -5.45922    -5.51671   0.0061654
        1526    -5.45801    -5.51667  0.00616148
        1527    -5.45688    -5.51663  0.00615757
        1528    -5.45579    -5.51659  0.00615367
        1529    -5.45516    -5.51655  0.00614977
        1530    -5.45438    -5.51651  0.00614589
        1531    -5.45446    -5.51647  0.00614201
        1532    -5.45449    -5.51643  0.00613813
        1533    -5.45429    -5.51639  0.00613426
        1534     -5.4543    -5.51635   0.0061304
        1535    -5.45421    -5.51631  0.00612654
        1536      -5.454    -5.51627  0.00612268
        1537    -5.45427    -5.51622  0.00611883
        1538    -5.45427    -5.51618  0.00611498
        1539    -5.45383    -5.51614  0.00611115
        1540    -5.45418     -5.5161  0.00610731
        1541    -5.45363    -5.51606  0.00610348
        1542    -5.45448    -5.51602  0.00609965
        1543    -5.45444    -5.51598  0.00609583
        1544    -5.45442    -5.51594  0.00609201
        1545    -5.45443     -5.5159   0.0060882
        1546    -5.45476    -5.51586  0.00608439
        1547    -5.45451    -5.51582  0.00608059
        1548    -5.45503    -5.51579  0.00607679
        1549     -5.4551    -5.51575  0.00607299
        1550    -5.45517    -5.51571   0.0060692
        1551    -5.45539    -5.51567  0.00606541
        1552    -5.45544    -5.51563  0.00606162
        1553    -5.45577    -5.51559  0.00605784
        1554    -5.45591    -5.51555  0.00605407
        1555    -5.45586    -5.51551   0.0060503
        1556     -5.4556    -5.51548  0.00604653
        1557    -5.45559    -5.51544  0.00604277
        1558     -5.4558     -5.5154  0.00603901
        1559    -5.45549    -5.51536  0.00603526
        1560    -5.45555    -5.51532  0.00603151
        1561    -5.45507    -5.51528  0.00602777
        1562    -5.45557    -5.51525  0.00602404
        1563    -5.45492    -5.51521   0.0060203
        1564    -5.45388    -5.51517  0.00601658
        1565    -5.45322    -5.51513  0.00601287
        1566    -5.45247    -5.51509  0.00600916
        1567    -5.45149    -5.51505  0.00600546
        1568     -5.4509    -5.51501  0.00600177
        1569    -5.44995    -5.51496  0.00599809
        1570    -5.44894    -5.51492  0.00599442
        1571    -5.44865    -5.51488  0.00599075
        1572    -5.44818    -5.51484  0.00598709
        1573    -5.44739     -5.5148  0.00598344
        1574    -5.44599    -5.51475   0.0059798
        1575     -5.4446    -5.51471  0.00597617
        1576    -5.44322    -5.51466  0.00597255
        1577    -5.44202    -5.51462  0.00596894
        1578      -5.441    -5.51457  0.00596534
        1579    -5.43989    -5.51452  0.00596175
        1580    -5.43898    -5.51447  0.00595816
        1581    -5.43813    -5.51443  0.00595459
        1582    -5.43735    -5.51438  0.00595103
        1583    -5.43664    -5.51433  0.00594747
        1584    -5.43601    -5.51428  0.00594392
        1585    -5.43531    -5.51423  0.00594038
        1586    -5.43468    -5.51418  0.00593685
        1587    -5.43414    -5.51413  0.00593332
        1588    -5.43367    -5.51408   0.0059298
        1589    -5.43328    -5.51403  0.00592628
        1590    -5.43327    -5.51398  0.00592278
        1591    -5.43334    -5.51392  0.00591927
        1592     -5.4338    -5.51387  0.00591577
        1593    -5.43373    -5.51382  0.00591227
        1594     -5.4339    -5.51377  0.00590877
        1595    -5.43416    -5.51372  0.00590528
        1596    -5.43467    -5.51367  0.00590178
        1597    -5.43483    -5.51363  0.00589829
        1598    -5.43542    -5.51358  0.00589481
        1599    -5.43598    -5.51353  0.00589132
        1600    -5.43669    -5.51348  0.00588783
        1601    -5.43786    -5.51343  0.00588434
        1602    -5.43934    -5.51339  0.00588085
        1603    -5.44085    -5.51334  0.00587736
        1604    -5.44269     -5.5133  0.00587386
        1605    -5.44412    -5.51325  0.00587036
        1606    -5.44618    -5.51321  0.00586685
        1607    -5.44814    -5.51317  0.00586334
        1608    -5.45026    -5.51313  0.00585982
        1609    -5.45271    -5.51309   0.0058563
        1610    -5.45531    -5.51306  0.00585278
        1611    -5.45759    -5.51302  0.00584924
        1612    -5.46105    -5.51299   0.0058457
        1613    -5.46414    -5.51296  0.00584216
        1614    -5.46729    -5.51293  0.00583861
        1615    -5.47002    -5.51291  0.00583505
        1616    -5.47306    -5.51288  0.00583149
        1617    -5.47563    -5.51286  0.00582793
        1618     -5.4786    -5.51284  0.00582437
        1619    -5.48179    -5.51282   0.0058208
        1620    -5.48459     -5.5128  0.00581724
        1621    -5.48681    -5.51279  0.00581367
        1622    -5.48934    -5.51277   0.0058101
        1623    -5.49172    -5.51276  0.00580654
        1624    -5.49392    -5.51275  0.00580297
        1625    -5.49579    -5.51274  0.00579941
        1626    -5.49775    -5.51273  0.00579585
        1627    -5.49952    -5.51272   0.0057923
        1628    -5.50091    -5.51271  0.00578874
        1629    -5.50193    -5.51271  0.00578519
        1630    -5.50242     -5.5127  0.00578165
        1631    -5.50298    -5.51269  0.00577811
        1632    -5.50315    -5.51269  0.00577457
        1633    -5.50339    -5.51268  0.00577103
        1634    -5.50323    -5.51268  0.00576751
        1635    -5.50314    -5.51267  0.00576398
        1636    -5.50312    -5.51266  0.00576046
        1637    -5.50225    -5.51266  0.00575695
        1638    -5.50147    -5.51265  0.00575344
        1639    -5.50016    -5.51264  0.00574993
        1640    -5.49893    -5.51263  0.00574643
        1641    -5.49706    -5.51263  0.00574294
        1642     -5.4947    -5.51261  0.00573945
        1643    -5.49292     -5.5126  0.00573597
        1644      -5.491    -5.51259  0.00573249
        1645    -5.48896    -5.51257  0.00572903
        1646    -5.48653    -5.51256  0.00572557
        1647    -5.48419    -5.51254  0.00572212
        1648    -5.48211    -5.51252  0.00571868
        1649    -5.47989     -5.5125  0.00571524
        1650    -5.47755    -5.51248  0.00571182
        1651    -5.47574    -5.51246   0.0057084
        1652    -5.47374    -5.51244  0.00570499
        1653    -5.47173    -5.51241   0.0057016
        1654    -5.47066    -5.51239   0.0056982
        1655    -5.46888    -5.51236  0.00569482
        1656    -5.46765    -5.51233  0.00569145
        1657    -5.46636    -5.51231  0.00568808
        1658    -5.46505    -5.51228  0.00568472
        1659    -5.46432    -5.51225  0.00568137
        1660    -5.46448    -5.51222  0.00567802
        1661    -5.46418    -5.51219  0.00567467
        1662    -5.46432    -5.51216  0.00567133
        1663    -5.46459    -5.51213  0.00566799
        1664    -5.46513     -5.5121  0.00566466
        1665    -5.46621    -5.51208  0.00566132
        1666    -5.46828    -5.51205  0.00565799
        1667     -5.4701    -5.51203  0.00565465
        1668    -5.47151      -5.512  0.00565131
        1669    -5.47324    -5.51198  0.00564797
        1670    -5.47541    -5.51196  0.00564463
        1671    -5.47739    -5.51194  0.00564129
        1672    -5.47962    -5.51192  0.00563795
        1673    -5.48193     -5.5119  0.00563461
        1674     -5.4843    -5.51188  0.00563127
        1675    -5.48716    -5.51187  0.00562792
        1676    -5.48914    -5.51185  0.00562458
        1677    -5.49175    -5.51184  0.00562124
        1678    -5.49451    -5.51183   0.0056179
        1679    -5.49711    -5.51182  0.00561456
        1680    -5.49925    -5.51182  0.00561123
        1681    -5.50137    -5.51181  0.00560789
        1682    -5.50376     -5.5118  0.00560456
        1683    -5.50598     -5.5118  0.00560123
        1684    -5.50846     -5.5118   0.0055979
        1685    -5.51091     -5.5118  0.00559458
        1686    -5.51346     -5.5118  0.00559126
        1687    -5.51568     -5.5118  0.00558795
        1688    -5.51786    -5.51181  0.00558464
        1689    -5.51999    -5.51181  0.00558134
        1690    -5.52223    -5.51182  0.00557804
        1691    -5.52457    -5.51182  0.00557474
        1692    -5.52642    -5.51183  0.00557146
        1693    -5.52867    -5.51184  0.00556817
        1694    -5.53057    -5.51185   0.0055649
        1695    -5.53181    -5.51186  0.00556163
        1696    -5.53347    -5.51188  0.00555836
        1697    -5.53522    -5.51189   0.0055551
        1698    -5.53738    -5.51191  0.00555185
        1699    -5.53949    -5.51192  0.00554861
        1700    -5.54125    -5.51194  0.00554537
        1701     -5.5431    -5.51196  0.00554214
        1702    -5.54506    -5.51198  0.00553892
        1703    -5.54651      -5.512   0.0055357
        1704     -5.5485    -5.51202   0.0055325
        1705    -5.54967    -5.51204   0.0055293
        1706    -5.55062    -5.51206   0.0055261
        1707    -5.55105    -5.51209  0.00552291
        1708     -5.5517    -5.51211  0.00551973
        1709    -5.55288    -5.51213  0.00551655
        1710     -5.5532    -5.51216  0.00551337
        1711    -5.55372    -5.51218  0.00551021
        1712    -5.55444    -5.51221  0.00550704
        1713    -5.55487    -5.51223  0.00550388
        1714    -5.55533    -5.51226  0.00550073
        1715    -5.55624    -5.51228  0.00549758
        1716     -5.5561    -5.51231  0.00549444
        1717     -5.5564    -5.51233   0.0054913
        1718    -5.55576    -5.51236  0.00548816
        1719    -5.55478    -5.51238  0.00548502
        1720    -5.55361    -5.51241  0.00548189
        1721    -5.55254    -5.51243  0.00547875
        1722    -5.55156    -5.51245  0.00547562
        1723    -5.55052    -5.51248  0.00547248
        1724    -5.54912     -5.5125  0.00546935
        1725     -5.5478    -5.51252  0.00546622
        1726    -5.54568    -5.51254  0.00546308
        1727    -5.54367    -5.51255  0.00545995
        1728    -5.54178    -5.51257  0.00545682
        1729    -5.53883    -5.51259  0.00545368
        1730    -5.53605     -5.5126  0.00545055
        1731    -5.53362    -5.51261  0.00544741
        1732    -5.53067    -5.51262  0.00544428
        1733    -5.52813    -5.51263  0.00544114
        1734     -5.5256    -5.51264  0.00543801
        1735    -5.52312    -5.51265  0.00543488
        1736    -5.52056    -5.51265  0.00543175
        1737    -5.51784    -5.51265  0.00542862
        1738    -5.51543    -5.51265   0.0054255
        1739    -5.51307    -5.51266  0.00542238
        1740    -5.51141    -5.51265  0.00541926
        1741    -5.50985    -5.51265  0.00541615
        1742    -5.50934    -5.51265  0.00541304
        1743    -5.50837    -5.51265  0.00540994
        1744    -5.50695    -5.51265  0.00540684
        1745    -5.50615    -5.51264  0.00540374
        1746    -5.50657    -5.51264  0.00540065
        1747    -5.50699    -5.51263  0.00539755
        1748     -5.5071    -5.51263  0.00539447
        1749    -5.50765    -5.51263  0.00539138
        1750    -5.50876    -5.51263   0.0053883
        1751    -5.50951    -5.51262  0.00538523
        1752    -5.51125    -5.51262  0.00538215
        1753    -5.51305    -5.51262  0.00537908
        1754    -5.51503    -5.51263  0.00537602
        1755    -5.51734    -5.51263  0.00537295
        1756    -5.51994    -5.51263   0.0053699
        1757    -5.52223    -5.51264  0.00536684
        1758    -5.52462    -5.51264  0.00536379
        1759    -5.52772    -5.51265  0.00536075
        1760    -5.53014    -5.51266  0.00535771
        1761    -5.53277    -5.51267  0.00535468
        1762    -5.53529    -5.51269  0.00535166
        1763    -5.53874     -5.5127  0.00534865
        1764    -5.54175    -5.51272  0.00534564
        1765    -5.54414    -5.51274  0.00534264
        1766    -5.54711    -5.51276  0.00533965
        1767    -5.54989    -5.51278  0.00533667
        1768     -5.5529     -5.5128   0.0053337
        1769    -5.55584    -5.51282  0.00533074
        1770    -5.55823    -5.51285  0.00532779
        1771    -5.56097    -5.51288  0.00532485
        1772    -5.56327    -5.51291  0.00532192
        1773    -5.56529    -5.51293    0.005319
        1774      -5.567    -5.51297  0.00531609
        1775      -5.569      -5.513  0.00531319
        1776    -5.57022    -5.51303   0.0053103
        1777    -5.57154    -5.51306  0.00530741
        1778    -5.57296     -5.5131  0.00530453
        1779    -5.57401    -5.51313  0.00530166
        1780    -5.57529    -5.51316   0.0052988
        1781    -5.57559     -5.5132  0.00529594
        1782    -5.57565    -5.51323  0.00529308
        1783    -5.57546    -5.51327  0.00529023
        1784    -5.57532     -5.5133  0.00528738
        1785    -5.57477    -5.51334  0.00528453
        1786     -5.5735    -5.51337  0.00528167
        1787    -5.57213    -5.51341  0.00527882
        1788    -5.57034    -5.51344  0.00527597
        1789    -5.56904    -5.51347  0.00527311
        1790    -5.56718     -5.5135  0.00527025
        1791    -5.56476    -5.51353  0.00526738
        1792      -5.563    -5.51355  0.00526452
        1793     -5.5607    -5.51358  0.00526164
        1794    -5.55816    -5.51361  0.00525877
        1795    -5.55511    -5.51363  0.00525589
        1796    -5.55184    -5.51365  0.00525301
        1797    -5.54853    -5.51367  0.00525012
        1798    -5.54518    -5.51369  0.00524723
        1799    -5.54123     -5.5137  0.00524434
        1800    -5.53787    -5.51372  0.00524144
        1801    -5.53424    -5.51373  0.00523854
        1802    -5.53019    -5.51374  0.00523564
        1803     -5.5262    -5.51374  0.00523274
        1804    -5.52198    -5.51375  0.00522984
        1805     -5.5177    -5.51375  0.00522695
        1806    -5.51292    -5.51375  0.00522405
        1807    -5.50888    -5.51375  0.00522116
        1808    -5.50436    -5.51374  0.00521828
        1809    -5.50031    -5.51373   0.0052154
        1810    -5.49567    -5.51372  0.00521253
        1811     -5.4906    -5.51371  0.00520966
        1812    -5.48603     -5.5137  0.00520681
        1813    -5.48196    -5.51368  0.00520397
        1814     -5.4778    -5.51366  0.00520114
        1815    -5.47371    -5.51364  0.00519832
        1816    -5.46969    -5.51361  0.00519551
        1817    -5.46604    -5.51359  0.00519272
        1818    -5.46157    -5.51356  0.00518994
        1819    -5.45825    -5.51353  0.00518718
        1820    -5.45455     -5.5135  0.00518443
        1821     -5.4508    -5.51346   0.0051817
        1822    -5.44669    -5.51342  0.00517898
        1823    -5.44358    -5.51339  0.00517628
        1824    -5.44041    -5.51335   0.0051736
        1825    -5.43719     -5.5133  0.00517093
        1826    -5.43406    -5.51326  0.00516828
        1827    -5.43118    -5.51322  0.00516565
        1828     -5.4281    -5.51317  0.00516303
        1829    -5.42511    -5.51312  0.00516043
        1830    -5.42268    -5.51307  0.00515785
        1831    -5.42018    -5.51302  0.00515528
        1832    -5.41748    -5.51297  0.00515273
        1833    -5.41548    -5.51292   0.0051502
        1834    -5.41297    -5.51286  0.00514768
        1835    -5.41084    -5.51281  0.00514517
        1836     -5.4082    -5.51275  0.00514269
        1837    -5.40639    -5.51269  0.00514021
        1838    -5.40468    -5.51263  0.00513775
        1839    -5.40274    -5.51257   0.0051353
        1840    -5.40044    -5.51251  0.00513288
        1841    -5.39853    -5.51245  0.00513046
        1842    -5.39701    -5.51239  0.00512806
        1843    -5.39573    -5.51232  0.00512567
        1844    -5.39409    -5.51226  0.00512329
        1845    -5.39301    -5.51219  0.00512092
        1846    -5.39187    -5.51213  0.00511856
        1847     -5.3907    -5.51206  0.00511621
        1848    -5.38933      -5.512  0.00511387
        1849    -5.38808    -5.51193  0.00511155
        1850    -5.38756    -5.51186  0.00510923
        1851    -5.38702     -5.5118  0.00510691
        1852    -5.38602    -5.51173   0.0051046
        1853    -5.38607    -5.51166   0.0051023
        1854    -5.38568    -5.51159      0.0051
        1855    -5.38589    -5.51152   0.0050977
        1856    -5.38673    -5.51146   0.0050954
        1857    -5.38698    -5.51139  0.00509309
        1858    -5.38755    -5.51132  0.00509079
        1859    -5.38815    -5.51126  0.00508848
        1860    -5.38861    -5.51119  0.00508617
        1861    -5.38968    -5.51113  0.00508386
        1862    -5.39031    -5.51106  0.00508154
        1863     -5.3917      -5.511  0.00507922
        1864    -5.39322    -5.51093  0.00507689
        1865    -5.39487    -5.51087  0.00507455
        1866    -5.39617    -5.51081   0.0050722
        1867    -5.39785    -5.51075  0.00506984
        1868    -5.39946    -5.51069  0.00506748
        1869    -5.40125    -5.51063  0.00506511
        1870    -5.40352    -5.51057  0.00506272
        1871    -5.40517    -5.51052  0.00506033
        1872    -5.40634    -5.51046  0.00505793
        1873    -5.40805    -5.51041  0.00505553
        1874    -5.41011    -5.51035  0.00505311
        1875    -5.41161     -5.5103  0.00505069
        1876     -5.4125    -5.51025  0.00504827
        1877    -5.41351     -5.5102  0.00504584
        1878    -5.41417    -5.51015  0.00504342
        1879    -5.41505     -5.5101  0.00504099
        1880    -5.41597    -5.51005  0.00503855
        1881    -5.41632       -5.51  0.00503612
        1882    -5.41591    -5.50995  0.00503369
        1883    -5.41487     -5.5099  0.00503127
        1884    -5.41365    -5.50984  0.00502886
        1885    -5.41254    -5.50979  0.00502646
        1886    -5.41106    -5.50974  0.00502407
        1887    -5.40892    -5.50969  0.00502169
        1888    -5.40686    -5.50963  0.00501932
        1889    -5.40458    -5.50958  0.00501697
        1890    -5.40194    -5.50952  0.00501464
        1891    -5.39864    -5.50946  0.00501233
        1892    -5.39486     -5.5094  0.00501005
        1893    -5.39151    -5.50934  0.00500779
        1894    -5.38711    -5.50927  0.00500556
        1895     -5.3823    -5.50921  0.00500337
        1896    -5.37801    -5.50914  0.00500121
        1897    -5.37322    -5.50907  0.00499909
        1898    -5.36798    -5.50899    0.004997
        1899    -5.36293    -5.50891  0.00499497
        1900    -5.35752    -5.50883  0.00499297
        1901     -5.3527    -5.50875  0.00499102
        1902    -5.34762    -5.50867  0.00498912
        1903    -5.34263    -5.50858  0.00498726
        1904    -5.33809    -5.50849  0.00498544
        1905    -5.33313     -5.5084  0.00498367
        1906    -5.32827     -5.5083  0.00498196
        1907    -5.32369    -5.50821  0.00498028
        1908    -5.32019    -5.50811  0.00497865
        1909    -5.31645    -5.50801  0.00497705
        1910    -5.31324    -5.50791  0.00497549
        1911    -5.31076     -5.5078  0.00497396
        1912    -5.30885     -5.5077  0.00497244
        1913    -5.30679    -5.50759  0.00497095
        1914    -5.30562    -5.50749  0.00496948
        1915    -5.30476    -5.50738  0.00496801
        1916    -5.30404    -5.50728  0.00496655
        1917     -5.3039    -5.50717  0.00496509
        1918    -5.30434    -5.50707  0.00496363
        1919    -5.30564    -5.50696  0.00496215
        1920    -5.30657    -5.50686  0.00496066
        1921    -5.30802    -5.50675  0.00495916
        1922    -5.31026    -5.50665  0.00495764
        1923    -5.31192    -5.50655  0.00495609
        1924    -5.31389    -5.50645  0.00495453
        1925    -5.31658    -5.50635  0.00495294
        1926    -5.31968    -5.50625  0.00495131
        1927    -5.32301    -5.50616  0.00494966
        1928    -5.32671    -5.50607  0.00494796
        1929    -5.33016    -5.50597  0.00494624
        1930    -5.33395    -5.50588  0.00494448
        1931    -5.33805     -5.5058  0.00494268
        1932    -5.34156    -5.50571  0.00494085
        1933    -5.34582    -5.50563  0.00493899
        1934    -5.35021    -5.50555  0.00493709
        1935    -5.35458    -5.50547  0.00493516
        1936    -5.35847     -5.5054  0.00493319
        1937    -5.36337    -5.50532  0.00493119
        1938    -5.36854    -5.50525  0.00492915
        1939    -5.37397    -5.50518  0.00492707
        1940    -5.37873    -5.50512  0.00492496
        1941    -5.38405    -5.50506  0.00492282
        1942     -5.3893      -5.505  0.00492065
        1943    -5.39493    -5.50494  0.00491844
        1944    -5.40018    -5.50489  0.00491621
        1945    -5.40579    -5.50484  0.00491394
        1946    -5.41101    -5.50479  0.00491165
        1947    -5.41629    -5.50474  0.00490934
        1948    -5.42159     -5.5047  0.00490701
        1949    -5.42768    -5.50466  0.00490465
        1950    -5.43333    -5.50462  0.00490227
        1951    -5.43867    -5.50459  0.00489987
        1952     -5.4443    -5.50456  0.00489746
        1953    -5.45005    -5.50453  0.00489503
        1954    -5.45559    -5.50451  0.00489259
        1955    -5.46136    -5.50448  0.00489014
        1956     -5.4669    -5.50446  0.00488768
        1957    -5.47172    -5.50445  0.00488521
        1958    -5.47688    -5.50443  0.00488273
        1959    -5.48129    -5.50442  0.00488025
        1960    -5.48569    -5.50441  0.00487777
        1961    -5.49052     -5.5044  0.00487529
        1962    -5.49592     -5.5044  0.00487281
        1963    -5.50034     -5.5044  0.00487033
        1964    -5.50439     -5.5044  0.00486785
        1965     -5.5085     -5.5044  0.00486537
        1966    -5.51191     -5.5044   0.0048629
        1967    -5.51535    -5.50441  0.00486043
        1968    -5.51836    -5.50442  0.00485796
        1969    -5.52155    -5.50443   0.0048555
        1970    -5.52415    -5.50444  0.00485305
        1971    -5.52601    -5.50445   0.0048506
        1972    -5.52847    -5.50446  0.00484815
        1973    -5.53004    -5.50447  0.00484571
        1974    -5.53161    -5.50449  0.00484328
        1975    -5.53213     -5.5045  0.00484085
        1976    -5.53282    -5.50451  0.00483842
        1977    -5.53338    -5.50453  0.00483599
        1978    -5.53352    -5.50454  0.00483357
        1979    -5.53369    -5.50456  0.00483115
        1980    -5.53347    -5.50457  0.00482873
        1981    -5.53285    -5.50459  0.00482632
        1982    -5.53216     -5.5046   0.0048239
        1983    -5.53142    -5.50461  0.00482149
        1984    -5.53049    -5.50463  0.00481908
        1985    -5.52954    -5.50464  0.00481666
        1986    -5.52828    -5.50465  0.00481425
        1987     -5.5263    -5.50466  0.00481184
        1988    -5.52435    -5.50467  0.00480943
        1989    -5.52278    -5.50468  0.00480702
        1990    -5.52069    -5.50469  0.00480461
        1991    -5.51917     -5.5047  0.00480221
        1992    -5.51717     -5.5047   0.0047998
        1993    -5.51548    -5.50471  0.00479739
        1994    -5.51365    -5.50471  0.00479499
        1995    -5.51172    -5.50472  0.00479259
        1996    -5.51016    -5.50472  0.00479019
        1997    -5.50853    -5.50472  0.00478779
        1998    -5.50654    -5.50472  0.00478539
        1999    -5.50527    -5.50472    0.004783
        2000    -5.50367    -5.50472  0.00478061
        2001    -5.50221    -5.50472  0.00477822
        2002    -5.50089    -5.50472  0.00477583
        2003    -5.50001    -5.50472  0.00477345
        2004    -5.49944    -5.50471  0.00477107
        2005    -5.49797    -5.50471  0.00476869
        2006     -5.4971    -5.50471  0.00476631
        2007    -5.49684     -5.5047  0.00476394
        2008     -5.4961     -5.5047  0.00476157
        2009     -5.4961    -5.50469   0.0047592
        2010    -5.49575    -5.50469  0.00475684
        2011    -5.49536    -5.50469  0.00475447
        2012    -5.49536    -5.50468  0.00475211
        2013    -5.49588    -5.50468  0.00474975
        2014     -5.4963    -5.50467   0.0047474
        2015    -5.49691    -5.50467  0.00474504
        2016    -5.49692    -5.50466  0.00474269
        2017    -5.49678    -5.50466  0.00474034
        2018    -5.49706    -5.50466  0.00473799
        2019    -5.49745    -5.50465  0.00473565
        2020    -5.49792    -5.50465   0.0047333
        2021    -5.49771    -5.50465  0.00473096
        2022    -5.49725    -5.50464  0.00472863
        2023    -5.49698    -5.50464  0.00472629
        2024    -5.49658    -5.50463  0.00472396
        2025    -5.49665    -5.50463  0.00472163
        2026    -5.49611    -5.50463   0.0047193
        2027    -5.49541    -5.50462  0.00471697
        2028    -5.49439    -5.50462  0.00471465
        2029    -5.49321    -5.50461  0.00471233
        2030    -5.49184    -5.50461  0.00471001
        2031     -5.4906     -5.5046   0.0047077
        2032    -5.48904    -5.50459  0.00470539
        2033    -5.48716    -5.50458  0.00470308
        2034    -5.48541    -5.50457  0.00470078
        2035    -5.48305    -5.50456  0.00469848
        2036    -5.48083    -5.50455  0.00469618
        2037    -5.47848    -5.50454   0.0046939
        2038     -5.4763    -5.50452  0.00469161
        2039    -5.47386    -5.50451  0.00468934
        2040    -5.47102    -5.50449  0.00468707
        2041     -5.4681    -5.50447   0.0046848
        2042    -5.46543    -5.50446  0.00468255
        2043    -5.46241    -5.50443   0.0046803
        2044    -5.45938    -5.50441  0.00467806
        2045     -5.4565    -5.50439  0.00467584
        2046    -5.45365    -5.50436  0.00467362
        2047     -5.4507    -5.50434  0.00467141
        2048    -5.44781    -5.50431  0.00466921
        2049    -5.44517    -5.50428  0.00466702
        2050     -5.4425    -5.50425  0.00466484
        2051    -5.43935    -5.50422  0.00466267
        2052    -5.43696    -5.50419  0.00466051
        2053     -5.4355    -5.50415  0.00465836
        2054    -5.43361    -5.50412  0.00465622
        2055    -5.43208    -5.50408  0.00465409
        2056    -5.43061    -5.50405  0.00465196
        2057     -5.4295    -5.50401  0.00464984
        2058    -5.42862    -5.50398  0.00464773
        2059    -5.42752    -5.50394  0.00464562
        2060    -5.42724     -5.5039  0.00464351
        2061    -5.42672    -5.50386  0.00464141
        2062    -5.42657    -5.50383  0.00463931
        2063    -5.42662    -5.50379  0.00463721
        2064    -5.42671    -5.50375  0.00463512
        2065    -5.42726    -5.50371  0.00463302
        2066    -5.42767    -5.50368  0.00463092
        2067    -5.42865    -5.50364  0.00462883
        2068    -5.42959    -5.50361  0.00462673
        2069    -5.43106    -5.50357  0.00462462
        2070    -5.43198    -5.50354  0.00462252
        2071    -5.43292     -5.5035  0.00462041
        2072    -5.43386    -5.50347   0.0046183
        2073    -5.43507    -5.50344  0.00461619
        2074    -5.43623     -5.5034  0.00461408
        2075    -5.43684    -5.50337  0.00461197
        2076    -5.43734    -5.50334  0.00460986
        2077    -5.43802    -5.50331  0.00460775
        2078    -5.43854    -5.50328  0.00460563
        2079    -5.43858    -5.50325  0.00460352
        2080    -5.43858    -5.50321  0.00460141
        2081    -5.43837    -5.50318  0.00459931
        2082     -5.4381    -5.50315  0.00459721
        2083    -5.43761    -5.50312  0.00459511
        2084    -5.43674    -5.50309  0.00459301
        2085    -5.43565    -5.50306  0.00459092
        2086    -5.43494    -5.50302  0.00458884
        2087    -5.43343    -5.50299  0.00458676
        2088    -5.43203    -5.50296  0.00458469
        2089    -5.43015    -5.50292  0.00458263
        2090    -5.42828    -5.50289  0.00458057
        2091    -5.42719    -5.50285  0.00457853
        2092    -5.42482    -5.50281  0.00457649
        2093    -5.42224    -5.50277  0.00457447
        2094     -5.4198    -5.50273  0.00457245
        2095     -5.4177    -5.50269  0.00457045
        2096    -5.41566    -5.50265  0.00456846
        2097     -5.4139    -5.50261  0.00456648
        2098    -5.41229    -5.50257   0.0045645
        2099    -5.41028    -5.50252  0.00456254
        2100    -5.40881    -5.50248  0.00456058
        2101     -5.4076    -5.50243  0.00455864
        2102    -5.40685    -5.50239   0.0045567
        2103    -5.40658    -5.50234  0.00455476
        2104    -5.40649     -5.5023  0.00455282
        2105    -5.40661    -5.50225  0.00455088
        2106    -5.40693    -5.50221  0.00454895
        2107    -5.40775    -5.50216  0.00454701
        2108    -5.40877    -5.50212  0.00454507
        2109    -5.41058    -5.50207  0.00454312
        2110    -5.41255    -5.50203  0.00454117
        2111    -5.41436    -5.50199   0.0045392
        2112    -5.41659    -5.50195  0.00453724
        2113     -5.4189    -5.50191  0.00453526
        2114    -5.42187    -5.50187  0.00453327
        2115    -5.42502    -5.50184  0.00453127
        2116      -5.428     -5.5018  0.00452927
        2117    -5.43094    -5.50177  0.00452725
        2118    -5.43409    -5.50173  0.00452523
        2119    -5.43742     -5.5017  0.00452319
        2120    -5.44091    -5.50168  0.00452115
        2121    -5.44436    -5.50165   0.0045191
        2122    -5.44715    -5.50162  0.00451704
        2123    -5.45014     -5.5016  0.00451498
        2124    -5.45285    -5.50158  0.00451291
        2125    -5.45602    -5.50155  0.00451084
        2126    -5.45885    -5.50153  0.00450876
        2127    -5.46132    -5.50152  0.00450668
        2128    -5.46282     -5.5015   0.0045046
        2129    -5.46483    -5.50148  0.00450252
        2130    -5.46657    -5.50146  0.00450043
        2131    -5.46834    -5.50145  0.00449835
        2132    -5.46967    -5.50143  0.00449626
        2133    -5.47055    -5.50142  0.00449418
        2134    -5.47083     -5.5014   0.0044921
        2135    -5.47097    -5.50139  0.00449001
        2136    -5.47096    -5.50138  0.00448793
        2137    -5.47037    -5.50136  0.00448586
        2138     -5.4695    -5.50135  0.00448378
        2139    -5.46899    -5.50133  0.00448171
        2140     -5.4684    -5.50132  0.00447965
        2141     -5.4676     -5.5013  0.00447758
        2142    -5.46557    -5.50128  0.00447552
        2143    -5.46399    -5.50127  0.00447347
        2144    -5.46229    -5.50125  0.00447142
        2145    -5.46095    -5.50123  0.00446937
        2146     -5.4588    -5.50121  0.00446733
        2147    -5.45693    -5.50119   0.0044653
        2148    -5.45476    -5.50117  0.00446327
        2149    -5.45292    -5.50114  0.00446125
        2150    -5.45068    -5.50112  0.00445924
        2151    -5.44867     -5.5011  0.00445723
        2152    -5.44675    -5.50107  0.00445523
        2153    -5.44554    -5.50105  0.00445324
        2154    -5.44428    -5.50102  0.00445125
        2155    -5.44329    -5.50099  0.00444927
        2156    -5.44211    -5.50097  0.00444729
        2157    -5.44057    -5.50094  0.00444531
        2158    -5.43913    -5.50091  0.00444334
        2159    -5.43824    -5.50088  0.00444138
        2160    -5.43712    -5.50085  0.00443942
        2161    -5.43605    -5.50082  0.00443747
        2162    -5.43533    -5.50079  0.00443552
        2163    -5.43478    -5.50076  0.00443358
        2164    -5.43394    -5.50073  0.00443163
        2165    -5.43325     -5.5007   0.0044297
        2166     -5.4327    -5.50067  0.00442776
        2167    -5.43183    -5.50063  0.00442583
        2168    -5.43092     -5.5006  0.00442391
        2169    -5.43057    -5.50057  0.00442199
        2170    -5.42959    -5.50054  0.00442007
        2171    -5.42887     -5.5005  0.00441816
        2172    -5.42811    -5.50047  0.00441625
        2173    -5.42701    -5.50044  0.00441435
        2174    -5.42633     -5.5004  0.00441245
        2175    -5.42564    -5.50037  0.00441055
        2176    -5.42495    -5.50033  0.00440866
        2177     -5.4238     -5.5003  0.00440678
        2178    -5.42298    -5.50026   0.0044049
        2179    -5.42189    -5.50023  0.00440302
        2180     -5.4207    -5.50019  0.00440115
        2181    -5.42003    -5.50015  0.00439929
        2182    -5.41914    -5.50012  0.00439743
        2183    -5.41865    -5.50008  0.00439557
        2184    -5.41828    -5.50004  0.00439372
        2185    -5.41773        -5.5  0.00439187
        2186    -5.41688    -5.49997  0.00439003
        2187    -5.41693    -5.49993  0.00438818
        2188    -5.41701    -5.49989  0.00438634
        2189    -5.41725    -5.49985   0.0043845
        2190    -5.41753    -5.49981  0.00438266
        2191    -5.41815    -5.49978  0.00438082
        2192    -5.41867    -5.49974  0.00437897
        2193    -5.41952     -5.4997  0.00437713
        2194    -5.42134    -5.49967  0.00437528
        2195    -5.42334    -5.49963  0.00437343
        2196    -5.42478     -5.4996  0.00437157
        2197    -5.42686    -5.49957   0.0043697
        2198    -5.42897    -5.49953  0.00436783
        2199    -5.43079     -5.4995  0.00436596
        2200    -5.43353    -5.49947  0.00436408
        2201    -5.43565    -5.49944  0.00436219
        2202    -5.43882    -5.49942   0.0043603
        2203    -5.44136    -5.49939   0.0043584
        2204     -5.4443    -5.49937  0.00435649
        2205    -5.44659    -5.49934  0.00435458
        2206     -5.4494    -5.49932  0.00435267
        2207    -5.45274     -5.4993  0.00435075
        2208    -5.45598    -5.49928  0.00434882
        2209     -5.4591    -5.49926  0.00434689
        2210    -5.46209    -5.49924  0.00434495
        2211    -5.46569    -5.49923  0.00434302
        2212    -5.46869    -5.49921  0.00434107
        2213    -5.47167     -5.4992  0.00433913
        2214    -5.47447    -5.49919  0.00433718
        2215    -5.47768    -5.49918  0.00433524
        2216    -5.48069    -5.49917  0.00433329
        2217    -5.48395    -5.49917  0.00433134
        2218    -5.48683    -5.49916  0.00432939
        2219    -5.48934    -5.49916  0.00432744
        2220    -5.49191    -5.49915  0.00432549
        2221    -5.49486    -5.49915  0.00432355
        2222    -5.49772    -5.49915   0.0043216
        2223    -5.50033    -5.49915  0.00431966
        2224    -5.50255    -5.49915  0.00431771
        2225    -5.50497    -5.49915  0.00431578
        2226    -5.50761    -5.49916  0.00431384
        2227    -5.50954    -5.49916   0.0043119
        2228    -5.51169    -5.49917  0.00430997
        2229    -5.51405    -5.49917  0.00430804
        2230    -5.51558    -5.49918  0.00430612
        2231    -5.51733    -5.49919   0.0043042
        2232    -5.51884     -5.4992  0.00430228
        2233    -5.52073    -5.49921  0.00430036
        2234    -5.52164    -5.49922  0.00429845
        2235    -5.52308    -5.49923  0.00429654
        2236     -5.5249    -5.49924  0.00429463
        2237    -5.52619    -5.49925  0.00429273
        2238    -5.52754    -5.49927  0.00429083
        2239    -5.52851    -5.49928  0.00428893
        2240       -5.53    -5.49929  0.00428704
        2241    -5.53063    -5.49931  0.00428515
        2242    -5.53129    -5.49932  0.00428326
        2243    -5.53214    -5.49934  0.00428138
        2244    -5.53256    -5.49935  0.00427949
        2245    -5.53312    -5.49937  0.00427761
        2246    -5.53321    -5.49938  0.00427574
        2247    -5.53298     -5.4994  0.00427386
        2248    -5.53346    -5.49941  0.00427199
        2249    -5.53313    -5.49943  0.00427011
        2250    -5.53317    -5.49944  0.00426824
        2251    -5.53267    -5.49946  0.00426637
        2252    -5.53176    -5.49947   0.0042645
        2253    -5.53043    -5.49948  0.00426263
        2254    -5.52897     -5.4995  0.00426076
        2255    -5.52721    -5.49951  0.00425889
        2256    -5.52456    -5.49952  0.00425701
        2257    -5.52205    -5.49953  0.00425514
        2258    -5.51894    -5.49954  0.00425326
        2259    -5.51553    -5.49955  0.00425139
        2260    -5.51212    -5.49955  0.00424951
        2261    -5.50827    -5.49955  0.00424763
        2262    -5.50384    -5.49956  0.00424575
        2263     -5.4999    -5.49956  0.00424388
        2264     -5.4951    -5.49955    0.004242
        2265    -5.49068    -5.49955  0.00424013
        2266    -5.48544    -5.49954  0.00423827
        2267    -5.48078    -5.49954   0.0042364
        2268    -5.47504    -5.49953  0.00423455
        2269    -5.47038    -5.49951   0.0042327
        2270    -5.46501     -5.4995  0.00423087
        2271    -5.45925    -5.49948  0.00422904
        2272     -5.4533    -5.49946  0.00422723
        2273    -5.44779    -5.49944  0.00422543
        2274    -5.44213    -5.49941  0.00422365
        2275    -5.43622    -5.49938  0.00422188
        2276    -5.43068    -5.49935  0.00422013
        2277    -5.42509    -5.49932  0.00421841
        2278    -5.42008    -5.49929   0.0042167
        2279    -5.41462    -5.49925  0.00421501
        2280    -5.40948    -5.49921  0.00421335
        2281    -5.40471    -5.49917   0.0042117
        2282        -5.4    -5.49912  0.00421008
        2283     -5.3957    -5.49908  0.00420848
        2284    -5.39135    -5.49903   0.0042069
        2285    -5.38759    -5.49898  0.00420534
        2286    -5.38428    -5.49893   0.0042038
        2287    -5.38113    -5.49888  0.00420228
        2288      -5.378    -5.49883  0.00420078
        2289    -5.37611    -5.49878  0.00419928
        2290    -5.37367    -5.49872  0.00419781
        2291    -5.37188    -5.49867  0.00419634
        2292     -5.3703    -5.49861  0.00419488
        2293     -5.3697    -5.49855  0.00419343
        2294    -5.36827     -5.4985  0.00419198
        2295    -5.36782    -5.49844  0.00419054
        2296    -5.36822    -5.49838   0.0041891
        2297    -5.36916    -5.49833  0.00418766
        2298    -5.36944    -5.49827  0.00418621
        2299      -5.371    -5.49822  0.00418476
        2300    -5.37265    -5.49816  0.00418329
        2301    -5.37467    -5.49811  0.00418182
        2302    -5.37721    -5.49805  0.00418033
        2303    -5.38008      -5.498  0.00417883
        2304    -5.38328    -5.49795  0.00417731
        2305    -5.38617     -5.4979  0.00417578
        2306    -5.39008    -5.49786  0.00417423
        2307    -5.39393    -5.49781  0.00417267
        2308    -5.39751    -5.49777  0.00417109
        2309    -5.40186    -5.49773  0.00416949
        2310      -5.406    -5.49769  0.00416787
        2311    -5.41051    -5.49765  0.00416624
        2312    -5.41474    -5.49761  0.00416459
        2313    -5.41938    -5.49758  0.00416293
        2314    -5.42408    -5.49755  0.00416125
        2315    -5.42775    -5.49752  0.00415956
        2316    -5.43141    -5.49749  0.00415786
        2317      -5.435    -5.49746  0.00415616
        2318    -5.43865    -5.49744  0.00415444
        2319    -5.44217    -5.49741  0.00415272
        2320    -5.44508    -5.49739  0.00415099
        2321    -5.44783    -5.49737  0.00414925
        2322    -5.44994    -5.49735  0.00414752
        2323    -5.45216    -5.49733  0.00414578
        2324    -5.45345    -5.49731  0.00414404
        2325    -5.45454    -5.49729   0.0041423
        2326    -5.45546    -5.49728  0.00414055
        2327    -5.45592    -5.49726  0.00413881
        2328     -5.4564    -5.49724  0.00413707
        2329     -5.4563    -5.49722  0.00413533
        2330    -5.45581     -5.4972   0.0041336
        2331    -5.45586    -5.49719  0.00413186
        2332    -5.45513    -5.49717  0.00413013
        2333     -5.4541    -5.49715   0.0041284
        2334    -5.45326    -5.49713  0.00412667
        2335    -5.45248    -5.49711  0.00412495
        2336    -5.45165    -5.49709  0.00412323
        2337    -5.45095    -5.49707  0.00412151
        2338    -5.44995    -5.49705   0.0041198
        2339    -5.44884    -5.49703  0.00411809
        2340    -5.44735    -5.49701  0.00411639
        2341    -5.44669    -5.49699  0.00411468
        2342    -5.44555    -5.49697  0.00411298
        2343    -5.44515    -5.49695  0.00411129
        2344    -5.44475    -5.49692  0.00410959
        2345    -5.44406     -5.4969   0.0041079
        2346    -5.44415    -5.49688  0.00410621
        2347    -5.44429    -5.49686  0.00410453
        2348    -5.44492    -5.49683  0.00410284
        2349    -5.44562    -5.49681  0.00410115
        2350    -5.44624    -5.49679  0.00409946
        2351    -5.44691    -5.49677  0.00409777
        2352    -5.44811    -5.49675  0.00409608
        2353    -5.44937    -5.49673  0.00409439
        2354    -5.45084    -5.49671   0.0040927
        2355     -5.4528    -5.49669    0.004091
        2356    -5.45478    -5.49667   0.0040893
        2357    -5.45708    -5.49666   0.0040876
        2358    -5.45936    -5.49664   0.0040859
        2359     -5.4619    -5.49663   0.0040842
        2360    -5.46453    -5.49661  0.00408249
        2361     -5.4666     -5.4966  0.00408078
        2362    -5.46945    -5.49659  0.00407907
        2363    -5.47229    -5.49658  0.00407735
        2364    -5.47401    -5.49657  0.00407564
        2365    -5.47624    -5.49656  0.00407393
        2366    -5.47864    -5.49655  0.00407221
        2367    -5.48086    -5.49654   0.0040705
        2368    -5.48301    -5.49654  0.00406878
        2369    -5.48445    -5.49653  0.00406707
        2370    -5.48558    -5.49653  0.00406535
        2371    -5.48623    -5.49653  0.00406364
        2372     -5.4865    -5.49652  0.00406193
        2373    -5.48696    -5.49652  0.00406022
        2374    -5.48652    -5.49651  0.00405851
        2375    -5.48623    -5.49651  0.00405681
        2376    -5.48499     -5.4965   0.0040551
        2377    -5.48324     -5.4965   0.0040534
        2378    -5.48112    -5.49649   0.0040517
        2379    -5.47817    -5.49648     0.00405
        2380      -5.475    -5.49647  0.00404831
        2381    -5.47085    -5.49646  0.00404663
        2382    -5.46634    -5.49645  0.00404495
        2383    -5.46149    -5.49644  0.00404328
        2384    -5.45619    -5.49642  0.00404162
        2385    -5.45108     -5.4964  0.00403997
        2386    -5.44455    -5.49638  0.00403833
        2387    -5.43802    -5.49635  0.00403671
        2388    -5.43185    -5.49633  0.00403511
        2389     -5.4249     -5.4963  0.00403353
        2390    -5.41803    -5.49626  0.00403198
        2391    -5.41116    -5.49623  0.00403045
        2392    -5.40439    -5.49619  0.00402895
        2393    -5.39734    -5.49615  0.00402748
        2394    -5.39103    -5.49611  0.00402603
        2395    -5.38522    -5.49606  0.00402462
        2396    -5.37955    -5.49601  0.00402323
        2397    -5.37423    -5.49596  0.00402188
        2398    -5.36978    -5.49591  0.00402054
        2399    -5.36594    -5.49585  0.00401923
        2400    -5.36258     -5.4958  0.00401794
        2401    -5.36001    -5.49574  0.00401666
        2402    -5.35854    -5.49568   0.0040154
        2403     -5.3577    -5.49563  0.00401414
        2404      -5.357    -5.49557  0.00401288
        2405    -5.35687    -5.49551  0.00401163
        2406    -5.35681    -5.49545  0.00401038
        2407    -5.35751     -5.4954  0.00400912
        2408    -5.35862    -5.49534  0.00400786
        2409    -5.36039    -5.49528  0.00400658
        2410    -5.36215    -5.49523   0.0040053
        2411    -5.36462    -5.49517  0.00400401
        2412    -5.36697    -5.49512   0.0040027
        2413    -5.36977    -5.49507  0.00400138
        2414    -5.37222    -5.49502  0.00400004
        2415    -5.37519    -5.49497   0.0039987
        2416    -5.37773    -5.49492  0.00399734
        2417    -5.38074    -5.49487  0.00399596
        2418    -5.38326    -5.49483  0.00399457
        2419    -5.38574    -5.49478  0.00399318
        2420    -5.38816    -5.49474  0.00399177
        2421    -5.39081    -5.49469  0.00399035
        2422    -5.39307    -5.49465  0.00398893
        2423    -5.39539    -5.49461  0.00398749
        2424    -5.39807    -5.49457  0.00398604
        2425    -5.40005    -5.49453  0.00398459
        2426    -5.40223    -5.49449  0.00398313
        2427    -5.40432    -5.49446  0.00398166
        2428    -5.40633    -5.49442  0.00398019
        2429    -5.40795    -5.49439  0.00397871
        2430    -5.40936    -5.49435  0.00397722
        2431    -5.41087    -5.49432  0.00397574
        2432    -5.41264    -5.49428  0.00397424
        2433    -5.41453    -5.49425  0.00397275
        2434    -5.41566    -5.49422  0.00397124
        2435    -5.41741    -5.49419  0.00396974
        2436    -5.41887    -5.49416  0.00396823
        2437    -5.42069    -5.49412  0.00396672
        2438    -5.42226     -5.4941   0.0039652
        2439    -5.42421    -5.49407  0.00396368
        2440    -5.42594    -5.49404  0.00396215
        2441    -5.42806    -5.49401  0.00396062
        2442    -5.43028    -5.49399  0.00395908
        2443    -5.43275    -5.49396  0.00395754
        2444    -5.43502    -5.49394    0.003956
        2445    -5.43753    -5.49391  0.00395445
        2446    -5.44013    -5.49389  0.00395289
        2447    -5.44295    -5.49387  0.00395133
        2448    -5.44613    -5.49385  0.00394976
        2449    -5.44861    -5.49383  0.00394819
        2450    -5.45125    -5.49382  0.00394662
        2451    -5.45436     -5.4938  0.00394504
        2452    -5.45699    -5.49378  0.00394346
        2453    -5.45944    -5.49377  0.00394188
        2454    -5.46214    -5.49376  0.00394029
        2455    -5.46507    -5.49375  0.00393871
        2456    -5.46746    -5.49373  0.00393712
        2457    -5.46974    -5.49373  0.00393553
        2458    -5.47192    -5.49372  0.00393394
        2459    -5.47368    -5.49371  0.00393234
        2460    -5.47532     -5.4937  0.00393075
        2461    -5.47714    -5.49369  0.00392916
        2462    -5.47884    -5.49369  0.00392757
        2463    -5.48028    -5.49368  0.00392598
        2464    -5.48176    -5.49368  0.00392439
        2465     -5.4827    -5.49367   0.0039228
        2466    -5.48355    -5.49367  0.00392121
        2467    -5.48462    -5.49367  0.00391962
        2468    -5.48579    -5.49366  0.00391804
        2469    -5.48659    -5.49366  0.00391645
        2470    -5.48766    -5.49366  0.00391487
        2471    -5.48809    -5.49365  0.00391328
        2472    -5.48909    -5.49365   0.0039117
        2473    -5.49008    -5.49365  0.00391012
        2474    -5.49105    -5.49365  0.00390854
        2475    -5.49185    -5.49365  0.00390696
        2476    -5.49311    -5.49365  0.00390538
        2477    -5.49344    -5.49365   0.0039038
        2478    -5.49437    -5.49365  0.00390223
        2479    -5.49513    -5.49365  0.00390065
        2480    -5.49588    -5.49365  0.00389908
        2481    -5.49659    -5.49365  0.00389751
        2482    -5.49742    -5.49365  0.00389594
        2483    -5.49837    -5.49366  0.00389437
        2484    -5.49911    -5.49366   0.0038928
        2485    -5.50025    -5.49366  0.00389124
        2486    -5.50072    -5.49366  0.00388967
        2487    -5.50111    -5.49367  0.00388811
        2488    -5.50157    -5.49367  0.00388655
        2489    -5.50194    -5.49367  0.00388499
        2490    -5.50192    -5.49368  0.00388343
        2491    -5.50179    -5.49368  0.00388187
        2492     -5.5017    -5.49368  0.00388032
        2493    -5.50166    -5.49369  0.00387876
        2494    -5.50105    -5.49369  0.00387721
        2495    -5.50079    -5.49369  0.00387566
        2496    -5.49996    -5.49369   0.0038741
        2497    -5.49978     -5.4937  0.00387255
        2498    -5.49918     -5.4937    0.003871
        2499    -5.49879     -5.4937  0.00386945
        2500    -5.49755     -5.4937  0.00386791
        2501    -5.49667     -5.4937  0.00386636
        2502    -5.49527     -5.4937  0.00386482
        2503     -5.4944     -5.4937  0.00386327
        2504    -5.49302     -5.4937  0.00386173
        2505    -5.49205     -5.4937  0.00386019
        2506     -5.4912     -5.4937  0.00385865
        2507    -5.48974     -5.4937  0.00385711
        2508    -5.48828     -5.4937  0.00385557
        2509    -5.48669     -5.4937  0.00385404
        2510    -5.48574    -5.49369   0.0038525
        2511    -5.48486    -5.49369  0.00385097
        2512     -5.4842    -5.49369  0.00384944
        2513     -5.4835    -5.49368  0.00384791
        2514    -5.48246    -5.49368  0.00384638
        2515    -5.48157    -5.49367  0.00384485
        2516    -5.48114    -5.49367  0.00384333
        2517    -5.48089    -5.49366   0.0038418
        2518     -5.4807    -5.49366  0.00384028
        2519    -5.48073    -5.49365  0.00383876
        2520      -5.481    -5.49365  0.00383724
        2521    -5.48183    -5.49364  0.00383572
        2522    -5.48277    -5.49364   0.0038342
        2523    -5.48399    -5.49363  0.00383269
        2524    -5.48564    -5.49363  0.00383117
        2525    -5.48758    -5.49363  0.00382965
        2526    -5.48935    -5.49363  0.00382814
        2527     -5.4914    -5.49363  0.00382662
        2528    -5.49418    -5.49363  0.00382511
        2529    -5.49678    -5.49363   0.0038236
        2530    -5.49917    -5.49363  0.00382208
        2531    -5.50255    -5.49363  0.00382058
        2532     -5.5063    -5.49364  0.00381907
        2533    -5.50993    -5.49364  0.00381757
        2534    -5.51357    -5.49365  0.00381607
        2535    -5.51779    -5.49366  0.00381458
        2536    -5.52196    -5.49367  0.00381309
        2537    -5.52635    -5.49369  0.00381161
        2538    -5.53123     -5.4937  0.00381013
        2539    -5.53535    -5.49372  0.00380867
        2540    -5.53958    -5.49374  0.00380721
        2541     -5.5436    -5.49375  0.00380576
        2542    -5.54722    -5.49378  0.00380433
        2543    -5.55146     -5.4938   0.0038029
        2544    -5.55539    -5.49382  0.00380148
        2545    -5.55898    -5.49385  0.00380007
        2546    -5.56251    -5.49388  0.00379867
        2547    -5.56581     -5.4939  0.00379729
        2548     -5.5681    -5.49393  0.00379591
        2549    -5.57088    -5.49396  0.00379454
        2550    -5.57321    -5.49399  0.00379318
        2551    -5.57525    -5.49403  0.00379183
        2552    -5.57698    -5.49406  0.00379048
        2553    -5.57839    -5.49409  0.00378914
        2554    -5.57994    -5.49412   0.0037878
        2555    -5.58085    -5.49416  0.00378647
        2556    -5.58173    -5.49419  0.00378515
        2557    -5.58168    -5.49423  0.00378382
        2558     -5.5816    -5.49426   0.0037825
        2559    -5.58104     -5.4943  0.00378117
        2560    -5.58031    -5.49433  0.00377984
        2561    -5.57911    -5.49436  0.00377851
        2562    -5.57713    -5.49439  0.00377718
        2563    -5.57561    -5.49443  0.00377583
        2564    -5.57318    -5.49446  0.00377449
        2565    -5.57091    -5.49449  0.00377313
        2566    -5.56851    -5.49452  0.00377177
        2567    -5.56584    -5.49454  0.00377041
        2568    -5.56245    -5.49457  0.00376903
        2569    -5.55866    -5.49459  0.00376765
        2570    -5.55493    -5.49462  0.00376625
        2571    -5.55114    -5.49464  0.00376485
        2572    -5.54713    -5.49466  0.00376344
        2573    -5.54293    -5.49468  0.00376203
        2574    -5.53856     -5.4947  0.00376061
        2575    -5.53372    -5.49471  0.00375918
        2576    -5.52889    -5.49472  0.00375774
        2577    -5.52362    -5.49474   0.0037563
        2578    -5.51884    -5.49475  0.00375485
        2579    -5.51367    -5.49475   0.0037534
        2580    -5.50841    -5.49476  0.00375195
        2581    -5.50293    -5.49476   0.0037505
        2582    -5.49771    -5.49476  0.00374905
        2583    -5.49245    -5.49476   0.0037476
        2584    -5.48701    -5.49476  0.00374615
        2585    -5.48156    -5.49475   0.0037447
        2586    -5.47626    -5.49475  0.00374326
        2587    -5.47068    -5.49474  0.00374183
        2588    -5.46481    -5.49473   0.0037404
        2589    -5.45913    -5.49471  0.00373898
        2590     -5.4538     -5.4947  0.00373757
        2591    -5.44868    -5.49468  0.00373617
        2592    -5.44347    -5.49466  0.00373478
        2593    -5.43834    -5.49464   0.0037334
        2594     -5.4336    -5.49461  0.00373204
        2595    -5.42864    -5.49459  0.00373068
        2596    -5.42395    -5.49456  0.00372935
        2597    -5.41907    -5.49453  0.00372802
        2598    -5.41417     -5.4945  0.00372672
        2599    -5.40971    -5.49447  0.00372543
        2600    -5.40571    -5.49443  0.00372415
        2601    -5.40142     -5.4944  0.00372289
        2602    -5.39776    -5.49436  0.00372164
        2603    -5.39414    -5.49432  0.00372041
        2604    -5.39028    -5.49428   0.0037192
        2605    -5.38755    -5.49424    0.003718
        2606    -5.38446     -5.4942  0.00371681
        2607    -5.38117    -5.49416  0.00371564
        2608    -5.37814    -5.49411  0.00371448
        2609    -5.37631    -5.49407  0.00371333
        2610    -5.37446    -5.49402  0.00371219
        2611    -5.37276    -5.49397  0.00371106
        2612    -5.37091    -5.49393  0.00370994
        2613    -5.36984    -5.49388  0.00370882
        2614    -5.36892    -5.49383  0.00370771
        2615    -5.36863    -5.49378   0.0037066
        2616    -5.36774    -5.49374   0.0037055
        2617    -5.36823    -5.49369  0.00370439
        2618    -5.36886    -5.49364  0.00370328
        2619    -5.36934    -5.49359  0.00370217
        2620    -5.37054    -5.49355  0.00370106
        2621     -5.3717     -5.4935  0.00369994
        2622     -5.3734    -5.49345  0.00369881
        2623    -5.37503    -5.49341  0.00369768
        2624     -5.3773    -5.49336  0.00369653
        2625    -5.37961    -5.49332  0.00369538
        2626    -5.38221    -5.49328  0.00369421
        2627     -5.3848    -5.49324  0.00369304
        2628    -5.38674     -5.4932  0.00369185
        2629    -5.38936    -5.49316  0.00369066
        2630    -5.39221    -5.49312  0.00368946
        2631    -5.39524    -5.49308  0.00368824
        2632    -5.39815    -5.49304  0.00368702
        2633    -5.40107    -5.49301  0.00368578
        2634    -5.40397    -5.49298  0.00368454
        2635    -5.40655    -5.49294  0.00368329
        2636    -5.40909    -5.49291  0.00368203
        2637    -5.41158    -5.49288  0.00368076
        2638      -5.414    -5.49285  0.00367948
        2639    -5.41636    -5.49282   0.0036782
        2640    -5.41955    -5.49279  0.00367692
        2641    -5.42191    -5.49277  0.00367562
        2642    -5.42418    -5.49274  0.00367432
        2643    -5.42682    -5.49272  0.00367302
        2644    -5.42892    -5.49269  0.00367171
        2645    -5.43093    -5.49267  0.00367039
        2646    -5.43361    -5.49265  0.00366907
        2647    -5.43499    -5.49262  0.00366775
        2648    -5.43689     -5.4926  0.00366643
        2649    -5.43809    -5.49258   0.0036651
        2650    -5.43997    -5.49256  0.00366377
        2651    -5.44176    -5.49254  0.00366244
        2652      -5.443    -5.49253  0.00366111
        2653    -5.44401    -5.49251  0.00365977
        2654    -5.44553    -5.49249  0.00365844
        2655    -5.44695    -5.49247   0.0036571
        2656    -5.44782    -5.49246  0.00365576
        2657    -5.44874    -5.49244  0.00365442
        2658    -5.45001    -5.49242  0.00365308
        2659    -5.45055    -5.49241  0.00365174
        2660    -5.45098    -5.49239   0.0036504
        2661    -5.45129    -5.49238  0.00364906
        2662    -5.45162    -5.49236  0.00364772
        2663    -5.45121    -5.49235  0.00364639
        2664    -5.45112    -5.49233  0.00364505
        2665    -5.45119    -5.49231  0.00364372
        2666    -5.45083     -5.4923  0.00364238
        2667     -5.4511    -5.49228  0.00364105
        2668    -5.45094    -5.49227  0.00363972
        2669    -5.45052    -5.49225  0.00363839
        2670    -5.44984    -5.49224  0.00363706
        2671    -5.44893    -5.49222  0.00363573
        2672    -5.44825     -5.4922  0.00363441
        2673    -5.44738    -5.49219  0.00363309
        2674    -5.44634    -5.49217  0.00363177
        2675     -5.4453    -5.49215  0.00363046
        2676    -5.44446    -5.49213  0.00362914
        2677    -5.44368    -5.49212  0.00362783
        2678    -5.44315     -5.4921  0.00362652
        2679    -5.44231    -5.49208  0.00362522
        2680    -5.44223    -5.49206  0.00362391
        2681    -5.44205    -5.49204  0.00362261
        2682    -5.44194    -5.49202  0.00362131
        2683    -5.44255    -5.49201     0.00362
        2684    -5.44313    -5.49199   0.0036187
        2685    -5.44386    -5.49197   0.0036174
        2686    -5.44552    -5.49195  0.00361609
        2687     -5.4472    -5.49194  0.00361478
        2688    -5.44938    -5.49192  0.00361347
        2689    -5.45144     -5.4919  0.00361216
        2690    -5.45399    -5.49189  0.00361085
        2691    -5.45657    -5.49188  0.00360953
        2692    -5.46007    -5.49187  0.00360821
        2693    -5.46373    -5.49185  0.00360688
        2694    -5.46766    -5.49185  0.00360555
        2695    -5.47169    -5.49184  0.00360422
        2696     -5.4758    -5.49183  0.00360289
        2697    -5.47965    -5.49183  0.00360156
        2698    -5.48397    -5.49183  0.00360023
        2699    -5.48871    -5.49182  0.00359889
        2700    -5.49354    -5.49182  0.00359756
        2701    -5.49872    -5.49183  0.00359623
        2702    -5.50316    -5.49183   0.0035949
        2703    -5.50834    -5.49184  0.00359357
        2704    -5.51315    -5.49185  0.00359225
        2705    -5.51801    -5.49185  0.00359094
        2706    -5.52274    -5.49187  0.00358963
        2707     -5.5273    -5.49188  0.00358833
        2708    -5.53136    -5.49189  0.00358703
        2709    -5.53549    -5.49191  0.00358574
        2710    -5.53906    -5.49193  0.00358446
        2711    -5.54296    -5.49195  0.00358319
        2712     -5.5464    -5.49197  0.00358193
        2713    -5.54936    -5.49199  0.00358067
        2714    -5.55167    -5.49201  0.00357942
        2715    -5.55347    -5.49203  0.00357817
        2716    -5.55533    -5.49206  0.00357693
        2717    -5.55635    -5.49208  0.00357569
        2718    -5.55711     -5.4921  0.00357445
        2719     -5.5576    -5.49213  0.00357322
        2720    -5.55737    -5.49215  0.00357199
        2721    -5.55717    -5.49218  0.00357075
        2722    -5.55669     -5.4922  0.00356952
        2723    -5.55609    -5.49222  0.00356829
        2724    -5.55446    -5.49225  0.00356705
        2725    -5.55287    -5.49227  0.00356581
        2726    -5.54983    -5.49229  0.00356457
        2727    -5.54702    -5.49231  0.00356332
        2728      -5.544    -5.49233  0.00356206
        2729    -5.54005    -5.49234   0.0035608
        2730     -5.5364    -5.49236  0.00355953
        2731    -5.53264    -5.49238  0.00355826
        2732    -5.52851    -5.49239  0.00355698
        2733    -5.52419     -5.4924   0.0035557
        2734    -5.51914    -5.49241  0.00355441
        2735    -5.51491    -5.49242  0.00355312
        2736    -5.51065    -5.49243  0.00355183
        2737    -5.50567    -5.49243  0.00355053
        2738     -5.5009    -5.49243  0.00354924
        2739    -5.49626    -5.49243  0.00354794
        2740    -5.49195    -5.49243  0.00354665
        2741    -5.48785    -5.49243  0.00354535
        2742    -5.48385    -5.49243  0.00354406
        2743    -5.47998    -5.49243  0.00354277
        2744    -5.47658    -5.49242  0.00354149
        2745    -5.47396    -5.49241   0.0035402
        2746    -5.47198    -5.49241  0.00353892
        2747    -5.46974     -5.4924  0.00353764
        2748    -5.46784    -5.49239  0.00353637
        2749    -5.46596    -5.49238  0.00353509
        2750    -5.46468    -5.49237  0.00353382
        2751    -5.46308    -5.49236  0.00353255
        2752    -5.46265    -5.49235  0.00353129
        2753    -5.46183    -5.49234  0.00353002
        2754    -5.46181    -5.49232  0.00352876
        2755     -5.4618    -5.49231  0.00352749
        2756    -5.46205     -5.4923  0.00352623
        2757    -5.46195    -5.49229  0.00352497
        2758    -5.46205    -5.49228  0.00352371
        2759    -5.46263    -5.49227  0.00352245
        2760    -5.46292    -5.49226  0.00352119
        2761    -5.46318    -5.49225  0.00351993
        2762    -5.46325    -5.49224  0.00351867
        2763    -5.46327    -5.49223  0.00351741
        2764    -5.46291    -5.49222  0.00351615
        2765    -5.46292    -5.49221   0.0035149
        2766    -5.46314     -5.4922  0.00351364
        2767    -5.46312    -5.49219  0.00351239
        2768      -5.463    -5.49218  0.00351114
        2769    -5.46217    -5.49216  0.00350988
        2770    -5.46125    -5.49215  0.00350863
        2771    -5.46053    -5.49214  0.00350739
        2772    -5.45971    -5.49213  0.00350614
        2773    -5.45895    -5.49212   0.0035049
        2774     -5.4578    -5.49211  0.00350366
        2775    -5.45703    -5.49209  0.00350242
        2776    -5.45602    -5.49208  0.00350118
        2777     -5.4548    -5.49207  0.00349994
        2778    -5.45396    -5.49205  0.00349871
        2779    -5.45262    -5.49204  0.00349748
        2780    -5.45123    -5.49202  0.00349625
        2781    -5.44979    -5.49201  0.00349503
        2782    -5.44833    -5.49199  0.00349381
        2783    -5.44653    -5.49198  0.00349259
        2784    -5.44472    -5.49196  0.00349138
        2785    -5.44305    -5.49194  0.00349017
        2786    -5.44198    -5.49192  0.00348896
        2787    -5.44032    -5.49191  0.00348776
        2788    -5.43913    -5.49189  0.00348656
        2789    -5.43751    -5.49187  0.00348536
        2790    -5.43592    -5.49185  0.00348417
        2791    -5.43453    -5.49183  0.00348298
        2792    -5.43349    -5.49181   0.0034818
        2793     -5.4319    -5.49178  0.00348062
        2794    -5.43023    -5.49176  0.00347944
        2795    -5.42923    -5.49174  0.00347827
        2796    -5.42802    -5.49172   0.0034771
        2797    -5.42703    -5.49169  0.00347593
        2798    -5.42629    -5.49167  0.00347477
        2799    -5.42533    -5.49165  0.00347361
        2800    -5.42448    -5.49162  0.00347245
        2801    -5.42417     -5.4916   0.0034713
        2802    -5.42366    -5.49157  0.00347014
        2803     -5.4234    -5.49155  0.00346899
        2804    -5.42294    -5.49153  0.00346784
        2805    -5.42257     -5.4915  0.00346669
        2806    -5.42185    -5.49148  0.00346554
        2807    -5.42197    -5.49145   0.0034644
        2808    -5.42158    -5.49143  0.00346325
        2809    -5.42127     -5.4914  0.00346211
        2810     -5.4218    -5.49138  0.00346096
        2811    -5.42104    -5.49135  0.00345982
        2812     -5.4217    -5.49133  0.00345868
        2813    -5.42211     -5.4913  0.00345754
        2814    -5.42273    -5.49128   0.0034564
        2815    -5.42353    -5.49125  0.00345525
        2816    -5.42437    -5.49123  0.00345411
        2817    -5.42478    -5.49121  0.00345296
        2818    -5.42581    -5.49118  0.00345182
        2819    -5.42669    -5.49116  0.00345067
        2820    -5.42758    -5.49114  0.00344952
        2821    -5.42831    -5.49112  0.00344837
        2822    -5.42903    -5.49109  0.00344721
        2823    -5.42973    -5.49107  0.00344606
        2824    -5.43055    -5.49105  0.00344491
        2825    -5.43148    -5.49103  0.00344375
        2826    -5.43208    -5.49101   0.0034426
        2827    -5.43202    -5.49099  0.00344144
        2828    -5.43221    -5.49097  0.00344029
        2829    -5.43251    -5.49095  0.00343913
        2830    -5.43259    -5.49093  0.00343798
        2831    -5.43261    -5.49091  0.00343683
        2832    -5.43272    -5.49088  0.00343568
        2833    -5.43247    -5.49086  0.00343453
        2834    -5.43244    -5.49084  0.00343338
        2835    -5.43234    -5.49082  0.00343223
        2836    -5.43202     -5.4908  0.00343108
        2837    -5.43269    -5.49078  0.00342993
        2838    -5.43237    -5.49076  0.00342878
        2839    -5.43213    -5.49074  0.00342764
        2840    -5.43151    -5.49072  0.00342649
        2841    -5.43082     -5.4907  0.00342535
        2842    -5.43005    -5.49068  0.00342421
        2843    -5.42935    -5.49066  0.00342308
        2844    -5.42873    -5.49063  0.00342194
        2845    -5.42772    -5.49061  0.00342081
        2846    -5.42633    -5.49059  0.00341969
        2847    -5.42548    -5.49057  0.00341856
        2848     -5.4247    -5.49054  0.00341744
        2849    -5.42384    -5.49052  0.00341632
        2850    -5.42291     -5.4905   0.0034152
        2851     -5.4216    -5.49047  0.00341409
        2852    -5.42021    -5.49045  0.00341298
        2853    -5.41859    -5.49042  0.00341188
        2854    -5.41691     -5.4904  0.00341078
        2855    -5.41544    -5.49037  0.00340969
        2856     -5.4133    -5.49034   0.0034086
        2857    -5.41185    -5.49032  0.00340752
        2858    -5.40987    -5.49029  0.00340644
        2859    -5.40826    -5.49026  0.00340537
        2860    -5.40705    -5.49023   0.0034043
        2861     -5.4047     -5.4902  0.00340325
        2862    -5.40289    -5.49017  0.00340219
        2863    -5.40102    -5.49014  0.00340115
        2864    -5.39893    -5.49011  0.00340011
        2865    -5.39708    -5.49007  0.00339908
        2866    -5.39442    -5.49004  0.00339806
        2867    -5.39126    -5.49001  0.00339704
        2868    -5.38865    -5.48997  0.00339604
        2869    -5.38615    -5.48993  0.00339505
        2870    -5.38377     -5.4899  0.00339407
        2871    -5.38121    -5.48986   0.0033931
        2872    -5.37848    -5.48982  0.00339214
        2873     -5.3759    -5.48978  0.00339119
        2874    -5.37348    -5.48974  0.00339025
        2875    -5.37107     -5.4897  0.00338933
        2876    -5.36853    -5.48966  0.00338841
        2877     -5.3659    -5.48961   0.0033875
        2878    -5.36347    -5.48957  0.00338661
        2879    -5.36128    -5.48953  0.00338573
        2880    -5.35828    -5.48948  0.00338486
        2881    -5.35615    -5.48943    0.003384
        2882    -5.35386    -5.48939  0.00338315
        2883    -5.35203    -5.48934  0.00338231
        2884    -5.35023    -5.48929  0.00338149
        2885    -5.34923    -5.48924  0.00338066
        2886    -5.34785    -5.48919  0.00337985
        2887    -5.34686    -5.48914  0.00337903
        2888    -5.34582    -5.48909  0.00337823
        2889    -5.34537    -5.48904  0.00337743
        2890    -5.34521      -5.489  0.00337662
        2891    -5.34566    -5.48895  0.00337582
        2892    -5.34583     -5.4889  0.00337502
        2893    -5.34648    -5.48885  0.00337421
        2894    -5.34747     -5.4888   0.0033734
        2895    -5.34865    -5.48875  0.00337258
        2896    -5.35092     -5.4887  0.00337175
        2897    -5.35309    -5.48866  0.00337091
        2898    -5.35604    -5.48861  0.00337006
        2899    -5.35857    -5.48856  0.00336919
        2900    -5.36142    -5.48852  0.00336832
        2901    -5.36456    -5.48848  0.00336743
        2902      -5.368    -5.48844  0.00336652
        2903    -5.37215     -5.4884   0.0033656
        2904    -5.37565    -5.48836  0.00336467
        2905    -5.38027    -5.48832  0.00336371
        2906    -5.38465    -5.48828  0.00336274
        2907     -5.3892    -5.48825  0.00336176
        2908    -5.39407    -5.48822  0.00336076
        2909    -5.39937    -5.48819  0.00335974
        2910    -5.40478    -5.48816  0.00335871
        2911    -5.41012    -5.48813  0.00335767
        2912    -5.41567    -5.48811   0.0033566
        2913    -5.42112    -5.48808  0.00335553
        2914    -5.42689    -5.48806  0.00335444
        2915     -5.4322    -5.48804  0.00335335
        2916    -5.43764    -5.48803  0.00335224
        2917    -5.44319    -5.48801  0.00335113
        2918    -5.44808      -5.488  0.00335001
        2919    -5.45364    -5.48799  0.00334888
        2920    -5.45896    -5.48798  0.00334775
        2921    -5.46432    -5.48797  0.00334661
        2922    -5.46924    -5.48796  0.00334547
        2923    -5.47402    -5.48796  0.00334433
        2924    -5.47863    -5.48795  0.00334319
        2925    -5.48292    -5.48795  0.00334205
        2926    -5.48731    -5.48795  0.00334091
        2927     -5.4915    -5.48795  0.00333977
        2928    -5.49517    -5.48796  0.00333863
        2929     -5.4986    -5.48796  0.00333749
        2930    -5.50225    -5.48796  0.00333635
        2931    -5.50564    -5.48797  0.00333522
        2932    -5.50832    -5.48798  0.00333409
        2933    -5.51103    -5.48798  0.00333296
        2934    -5.51256    -5.48799  0.00333184
        2935    -5.51412      -5.488  0.00333071
        2936    -5.51568    -5.48801  0.00332959
        2937    -5.51681    -5.48802  0.00332847
        2938    -5.51779    -5.48803  0.00332735
        2939    -5.51894    -5.48804  0.00332624
        2940    -5.51994    -5.48805  0.00332513
        2941    -5.52052    -5.48806  0.00332401
        2942     -5.5202    -5.48807   0.0033229
        2943    -5.52021    -5.48809  0.00332179
        2944    -5.51948     -5.4881  0.00332068
        2945    -5.51878    -5.48811  0.00331957
        2946    -5.51812    -5.48812  0.00331846
        2947    -5.51659    -5.48813  0.00331734
        2948     -5.5145    -5.48814  0.00331623
        2949    -5.51201    -5.48814  0.00331512
        2950    -5.50974    -5.48815    0.003314
        2951    -5.50723    -5.48816  0.00331288
        2952    -5.50464    -5.48816  0.00331177
        2953    -5.50184    -5.48817  0.00331065
        2954    -5.49851    -5.48817  0.00330953
        2955    -5.49543    -5.48817  0.00330841
        2956    -5.49185    -5.48817  0.00330729
        2957    -5.48793    -5.48817  0.00330617
        2958    -5.48398    -5.48817  0.00330506
        2959    -5.48016    -5.48817  0.00330394
        2960    -5.47588    -5.48817  0.00330283
        2961    -5.47236    -5.48816  0.00330172
        2962    -5.46811    -5.48815  0.00330061
        2963    -5.46344    -5.48815   0.0032995
        2964    -5.45852    -5.48814  0.00329841
        2965    -5.45397    -5.48812  0.00329731
        2966    -5.44891    -5.48811  0.00329623
        2967    -5.44367     -5.4881  0.00329515
        2968    -5.43916    -5.48808  0.00329408
        2969    -5.43452    -5.48806  0.00329302
        2970    -5.42931    -5.48804  0.00329197
        2971    -5.42431    -5.48802  0.00329094
        2972    -5.41985      -5.488  0.00328991
        2973    -5.41581    -5.48797  0.00328889
        2974    -5.41131    -5.48795  0.00328789
        2975    -5.40728    -5.48792  0.00328689
        2976    -5.40298    -5.48789  0.00328591
        2977    -5.39904    -5.48786  0.00328494
        2978     -5.3961    -5.48783  0.00328399
        2979     -5.3928     -5.4878  0.00328304
        2980    -5.39022    -5.48777   0.0032821
        2981    -5.38778    -5.48773  0.00328117
        2982    -5.38549     -5.4877  0.00328025
        2983     -5.3835    -5.48766  0.00327933
        2984    -5.38123    -5.48763  0.00327843
        2985    -5.37942    -5.48759  0.00327753
        2986    -5.37793    -5.48756  0.00327664
        2987     -5.3772    -5.48752  0.00327575
        2988    -5.37633    -5.48748  0.00327487
        2989     -5.3762    -5.48744  0.00327398
        2990    -5.37621    -5.48741   0.0032731
        2991    -5.37663    -5.48737  0.00327221
        2992    -5.37745    -5.48733  0.00327133
        2993    -5.37803     -5.4873  0.00327044
        2994    -5.37882    -5.48726  0.00326955
        2995    -5.38038    -5.48722  0.00326865
        2996    -5.38178    -5.48719  0.00326775
        2997     -5.3824    -5.48715  0.00326684
        2998    -5.38386    -5.48712  0.00326594
        2999    -5.38568    -5.48709  0.00326502
        3000    -5.38708    -5.48705   0.0032641
        3001    -5.38864    -5.48702  0.00326318
        3002    -5.39004    -5.48699  0.00326225
        3003     -5.3914    -5.48696  0.00326132
        3004    -5.39332    -5.48692  0.00326039
        3005    -5.39488    -5.48689  0.00325945
        3006    -5.39654    -5.48686   0.0032585
        3007    -5.39768    -5.48683  0.00325755
        3008    -5.39876     -5.4868   0.0032566
        3009     -5.3998    -5.48678  0.00325565
        3010    -5.40111    -5.48675  0.00325469
        3011    -5.40227    -5.48672  0.00325373
        3012    -5.40299    -5.48669  0.00325277
        3013    -5.40452    -5.48666   0.0032518
        3014    -5.40552    -5.48664  0.00325083
        3015    -5.40677    -5.48661  0.00324986
        3016    -5.40831    -5.48658  0.00324889
        3017    -5.40971    -5.48656  0.00324791
        3018    -5.41144    -5.48653  0.00324693
        3019    -5.41337    -5.48651  0.00324595
        3020    -5.41536    -5.48649  0.00324496
        3021    -5.41802    -5.48646  0.00324396
        3022     -5.4206    -5.48644  0.00324296
        3023    -5.42339    -5.48642  0.00324196
        3024    -5.42638     -5.4864  0.00324095
        3025    -5.42985    -5.48638  0.00323993
        3026    -5.43318    -5.48637  0.00323891
        3027    -5.43694    -5.48635  0.00323788
        3028    -5.44066    -5.48633  0.00323684
        3029     -5.4446    -5.48632   0.0032358
        3030    -5.44858    -5.48631  0.00323476
        3031    -5.45212     -5.4863  0.00323371
        3032    -5.45609    -5.48629  0.00323266
        3033    -5.46001    -5.48628  0.00323161
        3034    -5.46371    -5.48627  0.00323055
        3035    -5.46746    -5.48626  0.00322949
        3036    -5.47094    -5.48626  0.00322843
        3037    -5.47414    -5.48626  0.00322737
        3038    -5.47764    -5.48625  0.00322631
        3039    -5.48053    -5.48625  0.00322525
        3040    -5.48356    -5.48625  0.00322419
        3041    -5.48597    -5.48625  0.00322313
        3042    -5.48849    -5.48625  0.00322207
        3043    -5.49038    -5.48625  0.00322101
        3044     -5.4927    -5.48625  0.00321995
        3045    -5.49483    -5.48626   0.0032189
        3046    -5.49693    -5.48626  0.00321784
        3047    -5.49855    -5.48626  0.00321679
        3048    -5.49986    -5.48627  0.00321573
        3049    -5.50114    -5.48627  0.00321468
        3050    -5.50257    -5.48628  0.00321363
        3051     -5.5034    -5.48628  0.00321259
        3052    -5.50392    -5.48629  0.00321154
        3053    -5.50461     -5.4863  0.00321049
        3054    -5.50531     -5.4863  0.00320945
        3055    -5.50575    -5.48631   0.0032084
        3056    -5.50623    -5.48632  0.00320736
        3057    -5.50676    -5.48632  0.00320632
        3058    -5.50691    -5.48633  0.00320528
        3059    -5.50698    -5.48634  0.00320424
        3060      -5.507    -5.48634   0.0032032
        3061    -5.50742    -5.48635  0.00320216
        3062    -5.50751    -5.48636  0.00320112
        3063    -5.50728    -5.48636  0.00320008
        3064    -5.50704    -5.48637  0.00319904
        3065    -5.50727    -5.48638  0.00319801
        3066    -5.50738    -5.48638  0.00319697
        3067    -5.50722    -5.48639  0.00319594
        3068    -5.50695     -5.4864   0.0031949
        3069    -5.50736     -5.4864  0.00319387
        3070    -5.50737    -5.48641  0.00319283
        3071    -5.50777    -5.48642   0.0031918
        3072    -5.50824    -5.48642  0.00319077
        3073    -5.50864    -5.48643  0.00318974
        3074    -5.50913    -5.48644  0.00318871
        3075    -5.50984    -5.48645  0.00318768
        3076    -5.51064    -5.48645  0.00318666
        3077    -5.51135    -5.48646  0.00318563
        3078    -5.51228    -5.48647  0.00318461
        3079     -5.5131    -5.48648  0.00318359
        3080    -5.51395    -5.48649  0.00318256
        3081    -5.51467     -5.4865  0.00318154
        3082    -5.51538    -5.48651  0.00318053
        3083    -5.51654    -5.48652  0.00317951
        3084     -5.5178    -5.48653  0.00317849
        3085    -5.51856    -5.48654  0.00317748
        3086    -5.51923    -5.48655  0.00317647
        3087     -5.5195    -5.48656  0.00317546
        3088     -5.5201    -5.48657  0.00317445
        3089    -5.52087    -5.48658  0.00317344
        3090    -5.52118    -5.48659  0.00317243
        3091    -5.52116     -5.4866  0.00317143
        3092    -5.52079    -5.48661  0.00317042
        3093    -5.52052    -5.48662  0.00316941
        3094    -5.51972    -5.48664  0.00316841
        3095    -5.51914    -5.48665   0.0031674
        3096    -5.51802    -5.48666  0.00316639
        3097    -5.51695    -5.48667  0.00316539
        3098    -5.51547    -5.48668  0.00316438
        3099    -5.51373    -5.48668  0.00316337
        3100    -5.51188    -5.48669  0.00316236
        3101    -5.50962     -5.4867  0.00316135
        3102    -5.50711    -5.48671  0.00316034
        3103    -5.50433    -5.48671  0.00315932
        3104    -5.50161    -5.48672  0.00315831
        3105     -5.4982    -5.48672  0.00315729
        3106     -5.4944    -5.48672  0.00315628
        3107    -5.49039    -5.48672  0.00315526
        3108    -5.48678    -5.48672  0.00315425
        3109    -5.48283    -5.48672  0.00315323
        3110    -5.47839    -5.48672  0.00315222
        3111     -5.4738    -5.48672  0.00315121
        3112    -5.46921    -5.48671   0.0031502
        3113    -5.46451     -5.4867   0.0031492
        3114    -5.45954    -5.48669   0.0031482
        3115    -5.45495    -5.48668   0.0031472
        3116    -5.44984    -5.48667  0.00314622
        3117    -5.44438    -5.48666  0.00314524
        3118    -5.43905    -5.48664  0.00314427
        3119    -5.43371    -5.48663   0.0031433
        3120    -5.42885    -5.48661  0.00314235
        3121    -5.42387    -5.48659  0.00314141
        3122     -5.4188    -5.48657  0.00314048
        3123    -5.41365    -5.48654  0.00313956
        3124     -5.4089    -5.48652  0.00313865
        3125    -5.40441    -5.48649  0.00313776
        3126    -5.39974    -5.48646  0.00313688
        3127     -5.3949    -5.48643  0.00313601
        3128    -5.39052     -5.4864  0.00313516
        3129    -5.38645    -5.48637  0.00313432
        3130     -5.3827    -5.48634  0.00313349
        3131    -5.37853     -5.4863  0.00313268
        3132    -5.37484    -5.48627  0.00313188
        3133    -5.37149    -5.48623   0.0031311
        3134    -5.36833    -5.48619  0.00313032
        3135    -5.36416    -5.48616  0.00312957
        3136    -5.36107    -5.48612  0.00312882
        3137    -5.35848    -5.48608  0.00312809
        3138    -5.35591    -5.48603  0.00312737
        3139    -5.35337    -5.48599  0.00312666
        3140    -5.35145    -5.48595  0.00312595
        3141    -5.34953    -5.48591  0.00312526
        3142      -5.347    -5.48586  0.00312458
        3143    -5.34491    -5.48582  0.00312391
        3144    -5.34325    -5.48577  0.00312324
        3145    -5.34231    -5.48573  0.00312258
        3146     -5.3407    -5.48568  0.00312193
        3147    -5.33964    -5.48563  0.00312128
        3148    -5.33835    -5.48559  0.00312064
        3149    -5.33758    -5.48554     0.00312
        3150    -5.33686    -5.48549  0.00311937
        3151    -5.33512    -5.48544  0.00311875
        3152    -5.33371     -5.4854  0.00311813
        3153    -5.33262    -5.48535  0.00311752
        3154    -5.33184     -5.4853  0.00311691
        3155    -5.33107    -5.48525   0.0031163
        3156    -5.32984     -5.4852   0.0031157
        3157    -5.32889    -5.48515  0.00311511
        3158    -5.32779     -5.4851  0.00311452
        3159    -5.32665    -5.48505  0.00311394
        3160    -5.32565      -5.485  0.00311336
        3161    -5.32372    -5.48495   0.0031128
        3162    -5.32343     -5.4849  0.00311223
        3163     -5.3213    -5.48485  0.00311168
        3164    -5.31991    -5.48479  0.00311113
        3165     -5.3188    -5.48474  0.00311059
        3166    -5.31691    -5.48469  0.00311006
        3167    -5.31548    -5.48464  0.00310954
        3168    -5.31449    -5.48458  0.00310902
        3169    -5.31304    -5.48453  0.00310851
        3170     -5.3119    -5.48447    0.003108
        3171    -5.31047    -5.48442  0.00310751
        3172    -5.30876    -5.48436  0.00310702
        3173    -5.30722    -5.48431  0.00310654
        3174    -5.30617    -5.48425  0.00310607
        3175    -5.30547     -5.4842  0.00310561
        3176    -5.30468    -5.48414  0.00310514
        3177     -5.3038    -5.48408  0.00310468
        3178      -5.303    -5.48402  0.00310423
        3179    -5.30199    -5.48397  0.00310378
        3180    -5.30154    -5.48391  0.00310333
        3181    -5.30076    -5.48385  0.00310289
        3182    -5.30013    -5.48379  0.00310246
        3183    -5.29997    -5.48374  0.00310202
        3184    -5.29998    -5.48368  0.00310158
        3185    -5.30006    -5.48362  0.00310114
        3186     -5.3002    -5.48356   0.0031007
        3187    -5.30105    -5.48351  0.00310026
        3188    -5.30141    -5.48345  0.00309981
        3189    -5.30266    -5.48339  0.00309936
        3190    -5.30391    -5.48334   0.0030989
        3191    -5.30563    -5.48328  0.00309843
        3192    -5.30736    -5.48323  0.00309795
        3193    -5.30942    -5.48317  0.00309745
        3194    -5.31195    -5.48312  0.00309695
        3195     -5.3154    -5.48307  0.00309642
        3196    -5.31869    -5.48301  0.00309588
        3197     -5.3221    -5.48296  0.00309532
        3198    -5.32621    -5.48291  0.00309474
        3199    -5.33082    -5.48287  0.00309414
        3200    -5.33501    -5.48282  0.00309352
        3201    -5.33918    -5.48278  0.00309288
        3202    -5.34359    -5.48273  0.00309222
        3203    -5.34819    -5.48269  0.00309154
        3204    -5.35234    -5.48265  0.00309084
        3205    -5.35676    -5.48261  0.00309013
        3206    -5.36125    -5.48257  0.00308939
        3207    -5.36548    -5.48254  0.00308865
        3208    -5.36974     -5.4825  0.00308788
        3209    -5.37338    -5.48247  0.00308711
        3210    -5.37701    -5.48243  0.00308632
        3211    -5.38046     -5.4824  0.00308552
        3212    -5.38419    -5.48237  0.00308471
        3213     -5.3873    -5.48234   0.0030839
        3214    -5.39055    -5.48231  0.00308307
        3215    -5.39336    -5.48229  0.00308223
        3216    -5.39605    -5.48226  0.00308139
        3217    -5.39863    -5.48223  0.00308054
        3218    -5.40173    -5.48221  0.00307969
        3219    -5.40477    -5.48218  0.00307883
        3220    -5.40701    -5.48216  0.00307796
        3221    -5.40907    -5.48214  0.00307709
        3222    -5.41143    -5.48212  0.00307621
        3223    -5.41363    -5.48209  0.00307533
        3224    -5.41645    -5.48207  0.00307444
        3225    -5.41837    -5.48205  0.00307355
        3226    -5.42166    -5.48204  0.00307266
        3227    -5.42389    -5.48202  0.00307176
        3228    -5.42642      -5.482  0.00307085
        3229    -5.42909    -5.48198  0.00306995
        3230    -5.43158    -5.48197  0.00306904
        3231    -5.43417    -5.48195  0.00306812
        3232    -5.43639    -5.48194   0.0030672
        3233    -5.43883    -5.48193  0.00306629
        3234    -5.44102    -5.48191  0.00306536
        3235    -5.44279     -5.4819  0.00306444
        3236    -5.44502    -5.48189  0.00306351
        3237     -5.4468    -5.48188  0.00306259
        3238    -5.44854    -5.48187  0.00306166
        3239    -5.44964    -5.48186  0.00306073
        3240    -5.45083    -5.48185   0.0030598
        3241    -5.45194    -5.48184  0.00305887
        3242    -5.45327    -5.48183  0.00305794
        3243    -5.45418    -5.48182  0.00305701
        3244    -5.45438    -5.48181  0.00305608
        3245    -5.45459    -5.48181  0.00305515
        3246    -5.45482     -5.4818  0.00305422
        3247    -5.45401    -5.48179  0.00305329
        3248    -5.45304    -5.48178  0.00305236
        3249    -5.45132    -5.48177  0.00305144
        3250    -5.45021    -5.48176  0.00305051
        3251    -5.44879    -5.48175  0.00304959
        3252    -5.44633    -5.48174  0.00304867
        3253    -5.44357    -5.48173  0.00304776
        3254    -5.44084    -5.48172  0.00304685
        3255    -5.43799     -5.4817  0.00304594
        3256    -5.43475    -5.48169  0.00304504
        3257    -5.43127    -5.48167  0.00304414
        3258    -5.42774    -5.48166  0.00304325
        3259    -5.42387    -5.48164  0.00304237
        3260    -5.41985    -5.48162   0.0030415
        3261    -5.41555     -5.4816  0.00304063
        3262    -5.41131    -5.48158  0.00303978
        3263    -5.40656    -5.48155  0.00303893
        3264    -5.40255    -5.48153   0.0030381
        3265    -5.39809    -5.48151  0.00303727
        3266    -5.39355    -5.48148  0.00303646
        3267    -5.38925    -5.48145  0.00303567
        3268    -5.38539    -5.48142  0.00303488
        3269    -5.38156    -5.48139   0.0030341
        3270    -5.37809    -5.48136  0.00303334
        3271    -5.37428    -5.48133  0.00303259
        3272     -5.3712    -5.48129  0.00303185
        3273    -5.36876    -5.48126  0.00303112
        3274    -5.36636    -5.48122   0.0030304
        3275    -5.36435    -5.48119  0.00302968
        3276    -5.36319    -5.48115  0.00302897
        3277    -5.36215    -5.48111  0.00302826
        3278    -5.36141    -5.48108  0.00302756
        3279    -5.36096    -5.48104  0.00302686
        3280    -5.36097      -5.481  0.00302616
        3281     -5.3616    -5.48097  0.00302545
        3282    -5.36268    -5.48093  0.00302475
        3283    -5.36345     -5.4809  0.00302404
        3284    -5.36557    -5.48086  0.00302332
        3285    -5.36797    -5.48083  0.00302259
        3286    -5.37076    -5.48079  0.00302186
        3287    -5.37409    -5.48076  0.00302112
        3288    -5.37747    -5.48073  0.00302036
        3289    -5.38207     -5.4807  0.00301959
        3290     -5.3859    -5.48067  0.00301881
        3291    -5.39042    -5.48064  0.00301802
        3292    -5.39515    -5.48062  0.00301721
        3293    -5.40004    -5.48059   0.0030164
        3294    -5.40473    -5.48057  0.00301557
        3295    -5.40918    -5.48055  0.00301473
        3296    -5.41441    -5.48053  0.00301388
        3297     -5.4193    -5.48051  0.00301303
        3298     -5.4247    -5.48049  0.00301216
        3299    -5.42907    -5.48048  0.00301129
        3300    -5.43325    -5.48046  0.00301041
        3301    -5.43781    -5.48045  0.00300952
        3302    -5.44163    -5.48044  0.00300864
        3303    -5.44529    -5.48043  0.00300774
        3304     -5.4483    -5.48042  0.00300685
        3305     -5.4509    -5.48041  0.00300595
        3306    -5.45384     -5.4804  0.00300505
        3307    -5.45588    -5.48039  0.00300415
        3308    -5.45744    -5.48039  0.00300325
        3309    -5.45882    -5.48038  0.00300235
        3310    -5.45924    -5.48037  0.00300145
        3311    -5.45899    -5.48037  0.00300055
        3312    -5.45869    -5.48036  0.00299965
        3313    -5.45773    -5.48035  0.00299876
        3314    -5.45642    -5.48035  0.00299786
        3315    -5.45478    -5.48034  0.00299697
        3316    -5.45237    -5.48033  0.00299607
        3317    -5.44922    -5.48032  0.00299519
        3318    -5.44581    -5.48031   0.0029943
        3319    -5.44233     -5.4803  0.00299342
        3320    -5.43852    -5.48029  0.00299255
        3321    -5.43381    -5.48027  0.00299168
        3322    -5.42901    -5.48026  0.00299082
        3323    -5.42371    -5.48024  0.00298997
        3324    -5.41887    -5.48022  0.00298912
        3325    -5.41379     -5.4802  0.00298829
        3326    -5.40836    -5.48018  0.00298747
        3327    -5.40309    -5.48016  0.00298666
        3328    -5.39863    -5.48013  0.00298586
        3329    -5.39383    -5.48011  0.00298508
        3330    -5.38934    -5.48008  0.00298431
        3331    -5.38504    -5.48005  0.00298355
        3332    -5.38037    -5.48002   0.0029828
        3333    -5.37626    -5.47999  0.00298207
        3334    -5.37276    -5.47996  0.00298135
        3335    -5.36973    -5.47992  0.00298064
        3336    -5.36628    -5.47989  0.00297994
        3337    -5.36379    -5.47986  0.00297925
        3338    -5.36151    -5.47982  0.00297857
        3339     -5.3599    -5.47978  0.00297789
        3340    -5.35851    -5.47975  0.00297722
        3341    -5.35718    -5.47971  0.00297656
        3342    -5.35636    -5.47967   0.0029759
        3343    -5.35605    -5.47964  0.00297524
        3344    -5.35517     -5.4796  0.00297458
        3345    -5.35492    -5.47956  0.00297392
        3346    -5.35543    -5.47953  0.00297327
        3347    -5.35623    -5.47949  0.00297261
        3348    -5.35716    -5.47945  0.00297194
        3349    -5.35896    -5.47942  0.00297127
        3350    -5.36083    -5.47938   0.0029706
        3351    -5.36218    -5.47935  0.00296992
        3352    -5.36433    -5.47931  0.00296923
        3353    -5.36681    -5.47928  0.00296853
        3354    -5.36945    -5.47925  0.00296783
        3355    -5.37163    -5.47921  0.00296712
        3356    -5.37439    -5.47918   0.0029664
        3357    -5.37709    -5.47915  0.00296567
        3358    -5.37958    -5.47912  0.00296493
        3359    -5.38274    -5.47909  0.00296419
        3360    -5.38534    -5.47907  0.00296344
        3361    -5.38873    -5.47904  0.00296268
        3362    -5.39152    -5.47901  0.00296191
        3363    -5.39401    -5.47899  0.00296114
        3364    -5.39661    -5.47896  0.00296036
        3365    -5.39963    -5.47894  0.00295957
        3366    -5.40305    -5.47892  0.00295878
        3367    -5.40548    -5.47889  0.00295798
        3368    -5.40769    -5.47887  0.00295718
        3369    -5.41024    -5.47885  0.00295637
        3370    -5.41284    -5.47883  0.00295556
        3371    -5.41471    -5.47881  0.00295474
        3372    -5.41706     -5.4788  0.00295393
        3373    -5.41895    -5.47878   0.0029531
        3374    -5.42039    -5.47876  0.00295228
        3375    -5.42198    -5.47874  0.00295145
        3376    -5.42324    -5.47873  0.00295062
        3377    -5.42464    -5.47871  0.00294979
        3378    -5.42572     -5.4787  0.00294896
        3379    -5.42676    -5.47868  0.00294813
        3380    -5.42718    -5.47867   0.0029473
        3381    -5.42772    -5.47865  0.00294646
        3382    -5.42808    -5.47864  0.00294563
        3383    -5.42812    -5.47862   0.0029448
        3384    -5.42829    -5.47861  0.00294396
        3385    -5.42844    -5.47859  0.00294313
        3386    -5.42798    -5.47858   0.0029423
        3387    -5.42752    -5.47856  0.00294147
        3388    -5.42692    -5.47855  0.00294064
        3389    -5.42663    -5.47853  0.00293981
        3390    -5.42562    -5.47852  0.00293899
        3391    -5.42464     -5.4785  0.00293816
        3392    -5.42357    -5.47848  0.00293734
        3393    -5.42287    -5.47847  0.00293652
        3394    -5.42164    -5.47845  0.00293571
        3395     -5.4205    -5.47843  0.00293489
        3396    -5.41902    -5.47842  0.00293408
        3397    -5.41782     -5.4784  0.00293327
        3398    -5.41647    -5.47838  0.00293246
        3399    -5.41559    -5.47836  0.00293166
        3400    -5.41369    -5.47834  0.00293086
        3401    -5.41275    -5.47832  0.00293006
        3402    -5.41189     -5.4783  0.00292926
        3403    -5.41097    -5.47828  0.00292847
        3404    -5.41032    -5.47826  0.00292768
        3405    -5.40906    -5.47824  0.00292689
        3406     -5.4084    -5.47822   0.0029261
        3407    -5.40913     -5.4782  0.00292531
        3408    -5.40945    -5.47818  0.00292452
        3409    -5.40968    -5.47816  0.00292373
        3410    -5.41013    -5.47814  0.00292294
        3411    -5.41081    -5.47812  0.00292215
        3412    -5.41173     -5.4781  0.00292136
        3413    -5.41244    -5.47808  0.00292057
        3414    -5.41355    -5.47806  0.00291977
        3415    -5.41537    -5.47805  0.00291898
        3416    -5.41683    -5.47803  0.00291818
        3417    -5.41882    -5.47801  0.00291738
        3418     -5.4215    -5.47799  0.00291657
        3419     -5.4244    -5.47798  0.00291576
        3420    -5.42749    -5.47796  0.00291494
        3421    -5.43001    -5.47795  0.00291412
        3422    -5.43299    -5.47794   0.0029133
        3423    -5.43625    -5.47792  0.00291248
        3424    -5.43992    -5.47791  0.00291165
        3425    -5.44305     -5.4779  0.00291081
        3426    -5.44609    -5.47789  0.00290998
        3427    -5.44914    -5.47789  0.00290914
        3428    -5.45264    -5.47788   0.0029083
        3429    -5.45594    -5.47787  0.00290746
        3430    -5.45902    -5.47787  0.00290662
        3431    -5.46215    -5.47786  0.00290578
        3432    -5.46515    -5.47786  0.00290493
        3433    -5.46816    -5.47786  0.00290409
        3434    -5.47084    -5.47785  0.00290324
        3435    -5.47379    -5.47785   0.0029024
        3436    -5.47622    -5.47785  0.00290155
        3437    -5.47812    -5.47785  0.00290071
        3438    -5.48023    -5.47785  0.00289987
        3439    -5.48165    -5.47785  0.00289902
        3440     -5.4825    -5.47785  0.00289818
        3441     -5.4834    -5.47786  0.00289734
        3442    -5.48464    -5.47786   0.0028965
        3443    -5.48501    -5.47786  0.00289566
        3444    -5.48542    -5.47786  0.00289482
        3445    -5.48573    -5.47786  0.00289398
        3446    -5.48534    -5.47787  0.00289314
        3447    -5.48426    -5.47787   0.0028923
        3448    -5.48385    -5.47787  0.00289146
        3449    -5.48233    -5.47787  0.00289062
        3450    -5.48181    -5.47787  0.00288979
        3451    -5.48065    -5.47787  0.00288895
        3452    -5.47871    -5.47787  0.00288811
        3453    -5.47706    -5.47787  0.00288727
        3454    -5.47541    -5.47787  0.00288644
        3455    -5.47348    -5.47787   0.0028856
        3456    -5.47159    -5.47787  0.00288477
        3457    -5.46975    -5.47787  0.00288394
        3458    -5.46752    -5.47786   0.0028831
        3459    -5.46491    -5.47786  0.00288227
        3460     -5.4633    -5.47786  0.00288144
        3461    -5.46134    -5.47785  0.00288061
        3462    -5.45875    -5.47785  0.00287979
        3463    -5.45661    -5.47784  0.00287896
        3464    -5.45416    -5.47783  0.00287814
        3465    -5.45203    -5.47783  0.00287732
        3466    -5.44949    -5.47782   0.0028765
        3467      -5.447    -5.47781  0.00287568
        3468    -5.44443     -5.4778  0.00287487
        3469     -5.4421    -5.47779  0.00287406
        3470    -5.44033    -5.47778  0.00287325
        3471    -5.43839    -5.47777  0.00287245
        3472     -5.4366    -5.47776  0.00287164
        3473    -5.43483    -5.47774  0.00287084
        3474    -5.43325    -5.47773  0.00287005
        3475    -5.43189    -5.47772  0.00286925
        3476    -5.43091     -5.4777  0.00286846
        3477    -5.43002    -5.47769  0.00286766
        3478     -5.4297    -5.47768  0.00286687
        3479    -5.42921    -5.47766  0.00286608
        3480    -5.42915    -5.47765  0.00286529
        3481    -5.42938    -5.47763   0.0028645
        3482    -5.43021    -5.47762  0.00286371
        3483    -5.43163    -5.47761  0.00286292
        3484    -5.43349    -5.47759  0.00286213
        3485    -5.43517    -5.47758  0.00286133
        3486    -5.43727    -5.47757  0.00286053
        3487    -5.43931    -5.47756  0.00285974
        3488    -5.44144    -5.47755  0.00285893
        3489    -5.44408    -5.47754  0.00285813
        3490    -5.44721    -5.47753  0.00285733
        3491     -5.4499    -5.47752  0.00285652
        3492    -5.45318    -5.47752  0.00285571
        3493    -5.45642    -5.47751   0.0028549
        3494    -5.45899     -5.4775  0.00285408
        3495    -5.46254     -5.4775  0.00285327
        3496    -5.46568     -5.4775  0.00285246
        3497    -5.46913    -5.47749  0.00285164
        3498    -5.47213    -5.47749  0.00285083
        3499    -5.47586    -5.47749  0.00285001
        3500     -5.4791    -5.47749   0.0028492
        3501    -5.48245    -5.47749  0.00284839
        3502    -5.48542     -5.4775  0.00284757
        3503    -5.48847     -5.4775  0.00284676
        3504    -5.49127     -5.4775  0.00284595
        3505    -5.49414    -5.47751  0.00284514
        3506    -5.49689    -5.47751  0.00284434
        3507    -5.49909    -5.47752  0.00284353
        3508    -5.50133    -5.47753  0.00284273
        3509    -5.50361    -5.47753  0.00284193
        3510    -5.50638    -5.47754  0.00284113
        3511    -5.50799    -5.47755  0.00284034
        3512    -5.50978    -5.47756  0.00283954
        3513    -5.51238    -5.47757  0.00283875
        3514    -5.51443    -5.47758  0.00283796
        3515    -5.51592    -5.47759  0.00283718
        3516    -5.51747     -5.4776  0.00283639
        3517    -5.51924    -5.47762  0.00283561
        3518    -5.52076    -5.47763  0.00283483
        3519     -5.5216    -5.47764  0.00283405
        3520    -5.52283    -5.47765  0.00283328
        3521    -5.52429    -5.47767   0.0028325
        3522    -5.52539    -5.47768  0.00283173
        3523    -5.52628    -5.47769  0.00283096
        3524    -5.52728    -5.47771  0.00283019
        3525    -5.52824    -5.47772  0.00282943
        3526    -5.52947    -5.47774  0.00282866
        3527    -5.53022    -5.47775   0.0028279
        3528    -5.53141    -5.47777  0.00282714
        3529    -5.53199    -5.47778  0.00282638
        3530    -5.53256     -5.4778  0.00282562
        3531    -5.53374    -5.47781  0.00282487
        3532    -5.53494    -5.47783  0.00282411
        3533    -5.53631    -5.47785  0.00282336
        3534    -5.53786    -5.47786  0.00282261
        3535    -5.53975    -5.47788  0.00282187
        3536    -5.54077     -5.4779  0.00282113
        3537     -5.5423    -5.47792  0.00282039
        3538    -5.54388    -5.47794  0.00281965
        3539    -5.54582    -5.47795  0.00281892
        3540    -5.54738    -5.47797  0.00281819
        3541    -5.54916    -5.47799  0.00281747
        3542    -5.55071    -5.47801  0.00281675
        3543    -5.55248    -5.47804  0.00281603
        3544    -5.55419    -5.47806  0.00281532
        3545    -5.55627    -5.47808  0.00281461
        3546    -5.55829     -5.4781  0.00281391
        3547    -5.56039    -5.47813  0.00281321
        3548    -5.56257    -5.47815  0.00281252
        3549    -5.56393    -5.47817  0.00281183
        3550    -5.56612     -5.4782  0.00281115
        3551    -5.56823    -5.47822  0.00281047
        3552    -5.57027    -5.47825   0.0028098
        3553    -5.57312    -5.47828  0.00280913
        3554    -5.57574     -5.4783  0.00280848
        3555    -5.57855    -5.47833  0.00280783
        3556    -5.58079    -5.47836  0.00280719
        3557    -5.58351    -5.47839  0.00280655
        3558    -5.58593    -5.47842  0.00280593
        3559    -5.58895    -5.47845  0.00280531
        3560    -5.59149    -5.47848   0.0028047
        3561    -5.59367    -5.47852   0.0028041
        3562    -5.59579    -5.47855  0.00280351
        3563    -5.59827    -5.47858  0.00280292
        3564    -5.60032    -5.47862  0.00280234
        3565     -5.6024    -5.47865  0.00280177
        3566    -5.60431    -5.47869  0.00280121
        3567    -5.60544    -5.47872  0.00280065
        3568    -5.60683    -5.47876  0.00280009
        3569    -5.60816    -5.47879  0.00279954
        3570    -5.60957    -5.47883    0.002799
        3571    -5.60999    -5.47887  0.00279846
        3572    -5.61001     -5.4789  0.00279791
        3573    -5.61024    -5.47894  0.00279737
        3574    -5.61037    -5.47898  0.00279683
        3575     -5.6104    -5.47901  0.00279629
        3576    -5.60987    -5.47905  0.00279575
        3577    -5.60895    -5.47909   0.0027952
        3578     -5.6084    -5.47912  0.00279466
        3579    -5.60762    -5.47916   0.0027941
        3580    -5.60617    -5.47919  0.00279355
        3581    -5.60451    -5.47923  0.00279299
        3582    -5.60264    -5.47926  0.00279242
        3583    -5.60059     -5.4793  0.00279185
        3584    -5.59867    -5.47933  0.00279127
        3585    -5.59613    -5.47936  0.00279068
        3586    -5.59358     -5.4794  0.00279008
        3587    -5.59059    -5.47943  0.00278948
        3588    -5.58791    -5.47946  0.00278886
        3589    -5.58511    -5.47949  0.00278824
        3590    -5.58204    -5.47951  0.00278761
        3591    -5.57902    -5.47954  0.00278697
        3592    -5.57559    -5.47957  0.00278632
        3593    -5.57252    -5.47959  0.00278567
        3594    -5.56891    -5.47962  0.00278501
        3595    -5.56536    -5.47964  0.00278433
        3596    -5.56189    -5.47967  0.00278365
        3597    -5.55789    -5.47969  0.00278296
        3598    -5.55412    -5.47971  0.00278227
        3599    -5.54999    -5.47973  0.00278156
        3600    -5.54671    -5.47975  0.00278085
        3601    -5.54292    -5.47976  0.00278013
        3602    -5.53923    -5.47978  0.00277941
        3603    -5.53534     -5.4798  0.00277868
        3604    -5.53126    -5.47981  0.00277795
        3605    -5.52729    -5.47982  0.00277721
        3606    -5.52344    -5.47984  0.00277647
        3607    -5.51941    -5.47985  0.00277572
        3608    -5.51536    -5.47986  0.00277497
        3609    -5.51159    -5.47987  0.00277421
        3610     -5.5069    -5.47987  0.00277345
        3611    -5.50265    -5.47988  0.00277269
        3612     -5.4984    -5.47988  0.00277193
        3613      -5.494    -5.47989  0.00277116
        3614    -5.49007    -5.47989   0.0027704
        3615    -5.48599    -5.47989  0.00276963
        3616    -5.48193    -5.47989  0.00276887
        3617    -5.47804    -5.47989   0.0027681
        3618    -5.47417    -5.47989  0.00276734
        3619    -5.47048    -5.47989  0.00276657
        3620    -5.46667    -5.47989  0.00276581
        3621    -5.46259    -5.47988  0.00276505
        3622    -5.45884    -5.47987  0.00276429
        3623    -5.45468    -5.47987  0.00276354
        3624    -5.45056    -5.47986  0.00276279
        3625    -5.44662    -5.47985  0.00276204
        3626    -5.44272    -5.47984   0.0027613
        3627    -5.43931    -5.47983  0.00276056
        3628    -5.43564    -5.47982  0.00275983
        3629    -5.43216     -5.4798   0.0027591
        3630    -5.42948    -5.47979  0.00275837
        3631    -5.42579    -5.47977  0.00275765
        3632     -5.4223    -5.47976  0.00275694
        3633    -5.41856    -5.47974  0.00275623
        3634    -5.41503    -5.47972  0.00275553
        3635    -5.41187    -5.47971  0.00275484
        3636    -5.40895    -5.47969  0.00275415
        3637    -5.40612    -5.47967  0.00275346
        3638     -5.4025    -5.47964  0.00275279
        3639    -5.39886    -5.47962  0.00275212
        3640    -5.39553     -5.4796  0.00275146
        3641    -5.39298    -5.47958  0.00275081
        3642    -5.39064    -5.47955  0.00275016
        3643    -5.38869    -5.47953  0.00274952
        3644    -5.38686     -5.4795  0.00274888
        3645    -5.38533    -5.47948  0.00274825
        3646    -5.38413    -5.47945  0.00274762
        3647    -5.38316    -5.47942    0.002747
        3648    -5.38272     -5.4794  0.00274637
        3649    -5.38286    -5.47937  0.00274575
        3650    -5.38376    -5.47934  0.00274512
        3651    -5.38452    -5.47932  0.00274449
        3652    -5.38606    -5.47929  0.00274386
        3653     -5.3881    -5.47927  0.00274322
        3654    -5.39033    -5.47924  0.00274258
        3655    -5.39306    -5.47922  0.00274193
        3656    -5.39643     -5.4792  0.00274127
        3657    -5.39981    -5.47917  0.00274061
        3658    -5.40424    -5.47915  0.00273993
        3659     -5.4088    -5.47914  0.00273925
        3660    -5.41434    -5.47912  0.00273856
        3661    -5.41963     -5.4791  0.00273786
        3662    -5.42552    -5.47909  0.00273715
        3663    -5.43138    -5.47907  0.00273644
        3664    -5.43775    -5.47906  0.00273571
        3665    -5.44428    -5.47905  0.00273498
        3666    -5.45048    -5.47904  0.00273425
        3667    -5.45659    -5.47904  0.00273351
        3668    -5.46317    -5.47903  0.00273277
        3669    -5.46941    -5.47903  0.00273202
        3670    -5.47604    -5.47903  0.00273128
        3671    -5.48299    -5.47903  0.00273054
        3672    -5.48949    -5.47903  0.00272979
        3673    -5.49533    -5.47904  0.00272905
        3674    -5.50109    -5.47905  0.00272832
        3675    -5.50643    -5.47905  0.00272759
        3676    -5.51179    -5.47906  0.00272686
        3677    -5.51667    -5.47907  0.00272614
        3678    -5.52137    -5.47908  0.00272542
        3679     -5.5254     -5.4791  0.00272471
        3680    -5.52906    -5.47911    0.002724
        3681    -5.53249    -5.47912   0.0027233
        3682    -5.53552    -5.47914   0.0027226
        3683    -5.53784    -5.47916  0.00272191
        3684    -5.53976    -5.47917  0.00272122
        3685    -5.54142    -5.47919  0.00272054
        3686    -5.54252    -5.47921  0.00271985
        3687     -5.5432    -5.47922  0.00271917
        3688    -5.54364    -5.47924  0.00271849
        3689    -5.54443    -5.47926  0.00271781
        3690    -5.54377    -5.47928  0.00271713
        3691    -5.54272    -5.47929  0.00271645
        3692    -5.54191    -5.47931  0.00271576
        3693    -5.54075    -5.47933  0.00271508
        3694    -5.53969    -5.47934  0.00271439
        3695    -5.53771    -5.47936   0.0027137
        3696    -5.53512    -5.47937  0.00271301
        3697    -5.53254    -5.47939  0.00271232
        3698    -5.52985     -5.4794  0.00271162
        3699    -5.52707    -5.47941  0.00271092
        3700    -5.52407    -5.47943  0.00271021
        3701    -5.52073    -5.47944   0.0027095
        3702    -5.51707    -5.47945  0.00270879
        3703    -5.51313    -5.47946  0.00270807
        3704    -5.50907    -5.47947  0.00270735
        3705    -5.50479    -5.47947  0.00270663
        3706    -5.50031    -5.47948  0.00270591
        3707    -5.49672    -5.47948  0.00270518
        3708    -5.49252    -5.47949  0.00270445
        3709    -5.48851    -5.47949  0.00270372
        3710     -5.4844    -5.47949    0.002703
        3711    -5.48127    -5.47949  0.00270227
        3712    -5.47765    -5.47949  0.00270154
        3713    -5.47384    -5.47949  0.00270081
        3714    -5.47002    -5.47949  0.00270009
        3715    -5.46681    -5.47948  0.00269936
        3716    -5.46376    -5.47948  0.00269864
        3717    -5.46121    -5.47947  0.00269792
        3718    -5.45839    -5.47947   0.0026972
        3719    -5.45563    -5.47946  0.00269648
        3720    -5.45368    -5.47945  0.00269576
        3721    -5.45119    -5.47945  0.00269505
        3722    -5.44921    -5.47944  0.00269434
        3723     -5.4476    -5.47943  0.00269363
        3724     -5.4462    -5.47942  0.00269292
        3725     -5.4447    -5.47941  0.00269221
        3726    -5.44325     -5.4794  0.00269151
        3727    -5.44274    -5.47939   0.0026908
        3728    -5.44209    -5.47938   0.0026901
        3729    -5.44084    -5.47937   0.0026894
        3730    -5.43988    -5.47936   0.0026887
        3731    -5.43964    -5.47935    0.002688
        3732    -5.43903    -5.47934   0.0026873
        3733    -5.43879    -5.47933   0.0026866
        3734    -5.43828    -5.47932  0.00268591
        3735    -5.43825    -5.47931  0.00268521
        3736     -5.4376     -5.4793  0.00268451
        3737    -5.43691    -5.47928  0.00268382
        3738    -5.43618    -5.47927  0.00268313
        3739    -5.43597    -5.47926  0.00268243
        3740    -5.43582    -5.47925  0.00268174
        3741    -5.43451    -5.47924  0.00268105
        3742    -5.43429    -5.47923  0.00268036
        3743    -5.43334    -5.47921  0.00267967
        3744    -5.43211     -5.4792  0.00267899
        3745    -5.43183    -5.47919   0.0026783
        3746    -5.43051    -5.47917  0.00267762
        3747    -5.42924    -5.47916  0.00267694
        3748    -5.42772    -5.47915  0.00267626
        3749    -5.42627    -5.47913  0.00267558
        3750      -5.424    -5.47912  0.00267491
        3751     -5.4217     -5.4791  0.00267424
        3752    -5.42014    -5.47909  0.00267357
        3753    -5.41873    -5.47907  0.00267291
        3754    -5.41707    -5.47906  0.00267225
        3755    -5.41591    -5.47904  0.00267159
        3756    -5.41455    -5.47902  0.00267093
        3757    -5.41316      -5.479  0.00267028
        3758    -5.41207    -5.47899  0.00266963
        3759    -5.41129    -5.47897  0.00266898
        3760    -5.41057    -5.47895  0.00266833
        3761    -5.41006    -5.47893  0.00266768
        3762    -5.40978    -5.47891  0.00266704
        3763    -5.40947    -5.47889  0.00266639
        3764    -5.40942    -5.47888  0.00266575
        3765    -5.40995    -5.47886   0.0026651
        3766    -5.41152    -5.47884  0.00266446
        3767    -5.41247    -5.47882  0.00266381
        3768    -5.41387    -5.47881  0.00266316
        3769     -5.4154    -5.47879   0.0026625
        3770    -5.41721    -5.47877  0.00266185
        3771    -5.41899    -5.47876  0.00266119
        3772    -5.42147    -5.47874  0.00266052
        3773    -5.42465    -5.47873  0.00265986
        3774    -5.42773    -5.47871  0.00265919
        3775    -5.43116     -5.4787  0.00265851
        3776    -5.43414    -5.47869  0.00265784
        3777    -5.43741    -5.47868  0.00265715
        3778    -5.44122    -5.47867  0.00265647
        3779    -5.44494    -5.47866  0.00265578
        3780    -5.44884    -5.47865  0.00265509
        3781    -5.45227    -5.47864   0.0026544
        3782    -5.45549    -5.47864   0.0026537
        3783    -5.45846    -5.47863  0.00265301
        3784    -5.46191    -5.47863  0.00265231
        3785    -5.46565    -5.47862  0.00265161
        3786    -5.46857    -5.47862  0.00265091
        3787    -5.47126    -5.47862  0.00265021
        3788    -5.47367    -5.47862  0.00264951
        3789    -5.47562    -5.47862  0.00264881
        3790    -5.47771    -5.47862  0.00264811
        3791    -5.47974    -5.47862  0.00264742
        3792    -5.48037    -5.47862  0.00264672
        3793    -5.48138    -5.47862  0.00264602
        3794    -5.48201    -5.47862  0.00264532
        3795    -5.48198    -5.47862  0.00264463
        3796    -5.48128    -5.47862  0.00264393
        3797    -5.48085    -5.47862  0.00264323
        3798    -5.48025    -5.47862  0.00264254
        3799    -5.47875    -5.47862  0.00264184
        3800      -5.477    -5.47862  0.00264115
        3801    -5.47532    -5.47862  0.00264045
        3802    -5.47318    -5.47862  0.00263976
        3803    -5.47106    -5.47862  0.00263906
        3804    -5.46903    -5.47862  0.00263837
        3805    -5.46714    -5.47861  0.00263768
        3806    -5.46498    -5.47861  0.00263699
        3807    -5.46324    -5.47861   0.0026363
        3808    -5.46166     -5.4786  0.00263561
        3809    -5.45999     -5.4786  0.00263492
        3810    -5.45815    -5.47859  0.00263424
        3811    -5.45768    -5.47858  0.00263355
        3812    -5.45698    -5.47858  0.00263287
        3813    -5.45712    -5.47857  0.00263218
        3814    -5.45784    -5.47857   0.0026315
        3815     -5.4584    -5.47856  0.00263081
        3816     -5.4594    -5.47856  0.00263013
        3817    -5.46085    -5.47855  0.00262944
        3818    -5.46303    -5.47855  0.00262876
        3819    -5.46562    -5.47855  0.00262807
        3820    -5.46783    -5.47854  0.00262739
        3821    -5.47054    -5.47854   0.0026267
        3822      -5.474    -5.47854  0.00262601
        3823    -5.47694    -5.47854  0.00262533
        3824    -5.48052    -5.47854  0.00262464
        3825    -5.48409    -5.47854  0.00262395
        3826    -5.48832    -5.47854  0.00262327
        3827    -5.49227    -5.47855  0.00262259
        3828    -5.49573    -5.47855   0.0026219
        3829    -5.49954    -5.47856  0.00262123
        3830    -5.50305    -5.47856  0.00262055
        3831    -5.50698    -5.47857  0.00261988
        3832    -5.50992    -5.47858   0.0026192
        3833    -5.51305    -5.47859  0.00261854
        3834    -5.51573     -5.4786  0.00261787
        3835    -5.51838    -5.47861  0.00261721
        3836    -5.52039    -5.47862  0.00261655
        3837    -5.52249    -5.47863  0.00261589
        3838    -5.52347    -5.47864  0.00261524
        3839    -5.52437    -5.47865  0.00261458
        3840    -5.52444    -5.47867  0.00261393
        3841    -5.52442    -5.47868  0.00261328
        3842    -5.52402    -5.47869  0.00261262
        3843    -5.52325     -5.4787  0.00261197
        3844     -5.5221    -5.47871  0.00261131
        3845    -5.52061    -5.47872  0.00261066
        3846    -5.51921    -5.47873     0.00261
        3847    -5.51704    -5.47874  0.00260934
        3848    -5.51545    -5.47875  0.00260868
        3849    -5.51312    -5.47876  0.00260802
        3850     -5.5102    -5.47877  0.00260735
        3851    -5.50716    -5.47878  0.00260669
        3852    -5.50328    -5.47878  0.00260602
        3853    -5.49993    -5.47879  0.00260535
        3854    -5.49593    -5.47879  0.00260467
        3855    -5.49189     -5.4788    0.002604
        3856      -5.488     -5.4788  0.00260333
        3857    -5.48383     -5.4788  0.00260265
        3858    -5.47924     -5.4788  0.00260198
        3859    -5.47472     -5.4788   0.0026013
        3860    -5.47013     -5.4788  0.00260063
        3861    -5.46491    -5.47879  0.00259996
        3862    -5.46012    -5.47879  0.00259929
        3863     -5.4558    -5.47878  0.00259862
        3864    -5.45121    -5.47878  0.00259796
        3865    -5.44697    -5.47877   0.0025973
        3866     -5.4425    -5.47876  0.00259665
        3867    -5.43813    -5.47875    0.002596
        3868    -5.43385    -5.47874  0.00259535
        3869     -5.4297    -5.47872  0.00259471
        3870    -5.42598    -5.47871  0.00259408
        3871    -5.42194     -5.4787  0.00259345
        3872    -5.41806    -5.47868  0.00259283
        3873    -5.41403    -5.47866  0.00259221
        3874    -5.41046    -5.47865   0.0025916
        3875    -5.40737    -5.47863    0.002591
        3876    -5.40428    -5.47861   0.0025904
        3877    -5.40151    -5.47859  0.00258981
        3878     -5.3989    -5.47857  0.00258922
        3879    -5.39614    -5.47855  0.00258864
        3880    -5.39324    -5.47853  0.00258807
        3881    -5.39095     -5.4785   0.0025875
        3882    -5.38926    -5.47848  0.00258694
        3883    -5.38726    -5.47846  0.00258638
        3884     -5.3851    -5.47843  0.00258582
        3885    -5.38339    -5.47841  0.00258527
        3886    -5.38196    -5.47838  0.00258473
        3887    -5.38067    -5.47836  0.00258418
        3888    -5.37937    -5.47833  0.00258364
        3889    -5.37834    -5.47831  0.00258311
        3890     -5.3773    -5.47828  0.00258257
        3891    -5.37593    -5.47825  0.00258204
        3892     -5.3756    -5.47823  0.00258151
        3893     -5.3745     -5.4782  0.00258099
        3894    -5.37414    -5.47817  0.00258046
        3895    -5.37377    -5.47815  0.00257994
        3896    -5.37339    -5.47812  0.00257942
        3897     -5.3733    -5.47809   0.0025789
        3898    -5.37352    -5.47807  0.00257838
        3899    -5.37388    -5.47804  0.00257785
        3900    -5.37424    -5.47801  0.00257733
        3901    -5.37446    -5.47799  0.00257681
        3902    -5.37484    -5.47796  0.00257628
        3903    -5.37598    -5.47793  0.00257575
        3904    -5.37712    -5.47791  0.00257522
        3905    -5.37858    -5.47788  0.00257469
        3906    -5.37959    -5.47786  0.00257415
        3907    -5.38106    -5.47783  0.00257361
        3908    -5.38298    -5.47781  0.00257307
        3909    -5.38489    -5.47779  0.00257252
        3910    -5.38693    -5.47776  0.00257197
        3911    -5.38878    -5.47774  0.00257141
        3912    -5.39075    -5.47772  0.00257085
        3913    -5.39311     -5.4777  0.00257028
        3914    -5.39556    -5.47767  0.00256971
        3915    -5.39808    -5.47765  0.00256914
        3916    -5.40064    -5.47763  0.00256856
        3917    -5.40293    -5.47762  0.00256797
        3918    -5.40569     -5.4776  0.00256738
        3919    -5.40829    -5.47758  0.00256679
        3920    -5.41164    -5.47756  0.00256619
        3921    -5.41404    -5.47755  0.00256558
        3922     -5.4164    -5.47753  0.00256498
        3923     -5.4187    -5.47752  0.00256437
        3924    -5.42092     -5.4775  0.00256375
        3925     -5.4226    -5.47749  0.00256314
        3926    -5.42496    -5.47747  0.00256252
        3927    -5.42661    -5.47746   0.0025619
        3928    -5.42847    -5.47745  0.00256128
        3929    -5.43038    -5.47744  0.00256066
        3930    -5.43204    -5.47742  0.00256003
        3931     -5.4333    -5.47741   0.0025594
        3932    -5.43491     -5.4774  0.00255877
        3933    -5.43628    -5.47739  0.00255815
        3934    -5.43771    -5.47738  0.00255752
        3935    -5.43876    -5.47737  0.00255688
        3936    -5.43989    -5.47736  0.00255625
        3937    -5.44125    -5.47735  0.00255562
        3938    -5.44225    -5.47734  0.00255499
        3939    -5.44305    -5.47734  0.00255435
        3940    -5.44426    -5.47733  0.00255372
        3941    -5.44513    -5.47732  0.00255308
        3942    -5.44551    -5.47731  0.00255245
        3943    -5.44602     -5.4773  0.00255181
        3944    -5.44651     -5.4773  0.00255118
        3945    -5.44728    -5.47729  0.00255054
        3946    -5.44803    -5.47728  0.00254991
        3947    -5.44893    -5.47727  0.00254927
        3948    -5.44981    -5.47727  0.00254863
        3949    -5.45053    -5.47726    0.002548
        3950     -5.4508    -5.47725  0.00254736
        3951    -5.45135    -5.47725  0.00254673
        3952     -5.4519    -5.47724  0.00254609
        3953     -5.4529    -5.47723  0.00254545
        3954    -5.45389    -5.47723  0.00254482
        3955    -5.45487    -5.47722  0.00254418
        3956    -5.45571    -5.47722  0.00254354
        3957    -5.45624    -5.47721   0.0025429
        3958    -5.45707    -5.47721  0.00254227
        3959    -5.45777     -5.4772  0.00254163
        3960    -5.45862     -5.4772  0.00254099
        3961    -5.45948    -5.47719  0.00254035
        3962    -5.46082    -5.47719  0.00253972
        3963    -5.46067    -5.47718  0.00253908
        3964    -5.46177    -5.47718  0.00253844
        3965    -5.46229    -5.47718   0.0025378
        3966      -5.463    -5.47717  0.00253717
        3967    -5.46422    -5.47717  0.00253653
        3968    -5.46518    -5.47717  0.00253589
        3969    -5.46651    -5.47716  0.00253525
        3970    -5.46758    -5.47716  0.00253462
        3971    -5.46857    -5.47716  0.00253398
        3972    -5.46992    -5.47716  0.00253334
        3973    -5.47118    -5.47716  0.00253271
        3974     -5.4728    -5.47716  0.00253207
        3975    -5.47432    -5.47715  0.00253143
        3976     -5.4762    -5.47715  0.00253079
        3977    -5.47752    -5.47715  0.00253016
        3978    -5.47888    -5.47715  0.00252952
        3979    -5.48027    -5.47716  0.00252889
        3980    -5.48168    -5.47716  0.00252825
        3981    -5.48326    -5.47716  0.00252762
        3982    -5.48513    -5.47716  0.00252698
        3983    -5.48625    -5.47716  0.00252635
        3984    -5.48809    -5.47717  0.00252572
        3985     -5.4893    -5.47717  0.00252508
        3986    -5.49137    -5.47717  0.00252445
        3987    -5.49308    -5.47718  0.00252382
        3988    -5.49471    -5.47718  0.00252319
        3989    -5.49597    -5.47718  0.00252257
        3990    -5.49684    -5.47719  0.00252194
        3991    -5.49807     -5.4772  0.00252131
        3992     -5.4992     -5.4772  0.00252069
        3993    -5.49963    -5.47721  0.00252006
        3994    -5.50039    -5.47721  0.00251944
        3995    -5.50091    -5.47722  0.00251881
        3996    -5.50176    -5.47722  0.00251819
        3997    -5.50236    -5.47723  0.00251757
        3998    -5.50271    -5.47724  0.00251695
        3999    -5.50311    -5.47724  0.00251633
        4000    -5.50327    -5.47725  0.00251571
        4001    -5.50349    -5.47726  0.00251509
        4002    -5.50377    -5.47726  0.00251447
        4003    -5.50368    -5.47727  0.00251385
        4004     -5.5032    -5.47728  0.00251323
        4005    -5.50295    -5.47728  0.00251261
        4006    -5.50264    -5.47729  0.00251199
        4007    -5.50301     -5.4773  0.00251137
        4008    -5.50211     -5.4773  0.00251075
        4009     -5.5016    -5.47731  0.00251013
        4010    -5.50087    -5.47731  0.00250951
        4011    -5.50054    -5.47732  0.00250889
        4012    -5.49984    -5.47732  0.00250827
        4013    -5.49909    -5.47733  0.00250766
        4014     -5.4983    -5.47734  0.00250704
        4015    -5.49717    -5.47734  0.00250642
        4016    -5.49631    -5.47734   0.0025058
        4017    -5.49545    -5.47735  0.00250518
        4018    -5.49444    -5.47735  0.00250456
        4019    -5.49361    -5.47736  0.00250394
        4020    -5.49314    -5.47736  0.00250332
        4021    -5.49182    -5.47737   0.0025027
        4022    -5.49149    -5.47737  0.00250208
        4023    -5.49066    -5.47737  0.00250146
        4024    -5.48978    -5.47738  0.00250084
        4025    -5.48978    -5.47738  0.00250022
        4026    -5.48929    -5.47738   0.0024996
        4027    -5.48937    -5.47738  0.00249898
        4028    -5.48969    -5.47739  0.00249836
        4029    -5.49023    -5.47739  0.00249774
        4030    -5.48991    -5.47739  0.00249713
        4031    -5.48975     -5.4774  0.00249651
        4032    -5.48986     -5.4774  0.00249589
        4033    -5.48973     -5.4774  0.00249527
        4034    -5.48918    -5.47741  0.00249466
        4035    -5.48861    -5.47741  0.00249404
        4036    -5.48827    -5.47741  0.00249342
        4037    -5.48798    -5.47741  0.00249281
        4038    -5.48634    -5.47742  0.00249219
        4039    -5.48512    -5.47742  0.00249158
        4040    -5.48354    -5.47742  0.00249096
        4041    -5.48159    -5.47742  0.00249034
        4042    -5.47909    -5.47742  0.00248973
        4043    -5.47618    -5.47742  0.00248911
        4044    -5.47257    -5.47742   0.0024885
        4045    -5.46885    -5.47742  0.00248788
        4046    -5.46503    -5.47741  0.00248727
        4047    -5.46023    -5.47741  0.00248666
        4048    -5.45552     -5.4774  0.00248605
        4049    -5.45032     -5.4774  0.00248544
        4050    -5.44496    -5.47739  0.00248484
        4051    -5.43917    -5.47738  0.00248425
        4052    -5.43313    -5.47737  0.00248366
        4053    -5.42689    -5.47736  0.00248308
        4054     -5.4202    -5.47734   0.0024825
        4055    -5.41369    -5.47733  0.00248194
        4056    -5.40713    -5.47731  0.00248139
        4057    -5.40086    -5.47729  0.00248085
        4058     -5.3942    -5.47727  0.00248032
        4059    -5.38793    -5.47725  0.00247981
        4060    -5.38108    -5.47722  0.00247931
        4061     -5.3749     -5.4772  0.00247883
        4062    -5.36929    -5.47717  0.00247836
        4063    -5.36418    -5.47715  0.00247791
        4064    -5.35945    -5.47712  0.00247747
        4065     -5.3547    -5.47709  0.00247704
        4066    -5.35059    -5.47706  0.00247663
        4067     -5.3467    -5.47702  0.00247623
        4068    -5.34383    -5.47699  0.00247583
        4069    -5.34125    -5.47696  0.00247545
        4070    -5.33944    -5.47692  0.00247507
        4071    -5.33811    -5.47689   0.0024747
        4072    -5.33727    -5.47685  0.00247433
        4073    -5.33708    -5.47682  0.00247396
        4074    -5.33738    -5.47679  0.00247359
        4075     -5.3386    -5.47675  0.00247321
        4076    -5.34058    -5.47672  0.00247283
        4077    -5.34269    -5.47669  0.00247245
        4078    -5.34564    -5.47665  0.00247205
        4079    -5.34926    -5.47662  0.00247164
        4080    -5.35305    -5.47659  0.00247122
        4081    -5.35756    -5.47656  0.00247079
        4082    -5.36244    -5.47654  0.00247034
        4083     -5.3675    -5.47651  0.00246988
        4084    -5.37283    -5.47648   0.0024694
        4085    -5.37854    -5.47646  0.00246891
        4086    -5.38487    -5.47644  0.00246841
        4087    -5.39131    -5.47642   0.0024679
        4088    -5.39738     -5.4764  0.00246737
        4089    -5.40377    -5.47638  0.00246683
        4090    -5.40953    -5.47636  0.00246628
        4091    -5.41582    -5.47635  0.00246572
        4092    -5.42187    -5.47633  0.00246515
        4093    -5.42746    -5.47632  0.00246458
        4094    -5.43288    -5.47631    0.002464
        4095    -5.43825     -5.4763  0.00246342
        4096    -5.44323    -5.47629  0.00246283
        4097    -5.44826    -5.47629  0.00246224
        4098    -5.45272    -5.47628  0.00246164
        4099    -5.45688    -5.47628  0.00246105
        4100    -5.46075    -5.47627  0.00246045
        4101    -5.46446    -5.47627  0.00245985
        4102    -5.46787    -5.47627  0.00245925
        4103    -5.47112    -5.47627  0.00245865
        4104    -5.47466    -5.47627  0.00245806
        4105      -5.477    -5.47627  0.00245746
        4106     -5.4792    -5.47627  0.00245686
        4107    -5.48128    -5.47627  0.00245626
        4108    -5.48294    -5.47627  0.00245566
        4109    -5.48405    -5.47627  0.00245507
        4110    -5.48494    -5.47627  0.00245447
        4111    -5.48592    -5.47628  0.00245387
        4112    -5.48657    -5.47628  0.00245328
        4113    -5.48735    -5.47628  0.00245268
        4114    -5.48816    -5.47629  0.00245209
        4115      -5.489    -5.47629  0.00245149
        4116    -5.48929    -5.47629   0.0024509
        4117    -5.48967    -5.47629  0.00245031
        4118       -5.49     -5.4763  0.00244972
        4119    -5.49029     -5.4763  0.00244912
        4120    -5.49027     -5.4763  0.00244853
        4121    -5.48994    -5.47631  0.00244794
        4122    -5.49053    -5.47631  0.00244735
        4123    -5.49082    -5.47631  0.00244676
        4124    -5.49114    -5.47632  0.00244617
        4125    -5.49132    -5.47632  0.00244558
        4126    -5.49212    -5.47633  0.00244499
        4127    -5.49218    -5.47633   0.0024444
        4128    -5.49269    -5.47633  0.00244381
        4129    -5.49259    -5.47634  0.00244322
        4130    -5.49263    -5.47634  0.00244263
        4131    -5.49308    -5.47635  0.00244204
        4132    -5.49335    -5.47635  0.00244145
        4133    -5.49294    -5.47635  0.00244087
        4134    -5.49276    -5.47636  0.00244028
        4135     -5.4928    -5.47636  0.00243969
        4136    -5.49258    -5.47637  0.00243911
        4137    -5.49224    -5.47637  0.00243852
        4138    -5.49162    -5.47637  0.00243793
        4139    -5.49145    -5.47638  0.00243735
        4140    -5.49098    -5.47638  0.00243676
        4141    -5.48989    -5.47638  0.00243617
        4142    -5.48846    -5.47639  0.00243559
        4143    -5.48715    -5.47639    0.002435
        4144     -5.4861    -5.47639  0.00243442
        4145     -5.4844    -5.47639  0.00243383
        4146    -5.48264    -5.47639  0.00243324
        4147    -5.48022     -5.4764  0.00243266
        4148    -5.47774     -5.4764  0.00243207
        4149    -5.47519     -5.4764  0.00243148
        4150    -5.47228    -5.47639   0.0024309
        4151    -5.46915    -5.47639  0.00243031
        4152    -5.46596    -5.47639  0.00242973
        4153    -5.46226    -5.47639  0.00242915
        4154    -5.45821    -5.47638  0.00242857
        4155    -5.45503    -5.47638  0.00242799
        4156    -5.45046    -5.47637  0.00242741
        4157    -5.44618    -5.47636  0.00242684
        4158    -5.44145    -5.47636  0.00242627
        4159     -5.4375    -5.47635   0.0024257
        4160    -5.43254    -5.47634  0.00242514
        4161    -5.42781    -5.47632  0.00242459
        4162    -5.42272    -5.47631  0.00242404
        4163    -5.41821     -5.4763   0.0024235
        4164    -5.41341    -5.47628  0.00242296
        4165    -5.40836    -5.47627  0.00242243
        4166    -5.40338    -5.47625  0.00242192
        4167    -5.39898    -5.47623  0.00242141
        4168    -5.39458    -5.47621   0.0024209
        4169    -5.39037    -5.47619  0.00242041
        4170    -5.38639    -5.47617  0.00241993
        4171    -5.38281    -5.47615  0.00241945
        4172    -5.37982    -5.47612  0.00241898
        4173    -5.37745     -5.4761  0.00241852
        4174     -5.3742    -5.47607  0.00241806
        4175    -5.37251    -5.47605  0.00241761
        4176    -5.37013    -5.47602  0.00241716
        4177    -5.36857      -5.476  0.00241672
        4178    -5.36754    -5.47597  0.00241628
        4179    -5.36689    -5.47595  0.00241584
        4180    -5.36645    -5.47592  0.00241541
        4181    -5.36653    -5.47589  0.00241497
        4182     -5.3668    -5.47587  0.00241454
        4183    -5.36755    -5.47584   0.0024141
        4184    -5.36876    -5.47582  0.00241366
        4185    -5.36996    -5.47579  0.00241321
        4186    -5.37158    -5.47577  0.00241276
        4187    -5.37283    -5.47574  0.00241231
        4188    -5.37521    -5.47572  0.00241186
        4189    -5.37747    -5.47569  0.00241139
        4190    -5.37943    -5.47567  0.00241093
        4191    -5.38153    -5.47565  0.00241046
        4192    -5.38388    -5.47563  0.00240998
        4193    -5.38706    -5.47561   0.0024095
        4194    -5.38985    -5.47559  0.00240901
        4195    -5.39266    -5.47557  0.00240852
        4196    -5.39547    -5.47555  0.00240802
        4197    -5.39872    -5.47553  0.00240752
        4198    -5.40102    -5.47551  0.00240701
        4199    -5.40357    -5.47549   0.0024065
        4200    -5.40604    -5.47548  0.00240598
        4201    -5.40812    -5.47546  0.00240546
        4202     -5.4104    -5.47545  0.00240494
        4203    -5.41287    -5.47543  0.00240441
        4204     -5.4146    -5.47542  0.00240388
        4205    -5.41635     -5.4754  0.00240335
        4206    -5.41812    -5.47539  0.00240282
        4207    -5.41975    -5.47538  0.00240229
        4208    -5.42124    -5.47536  0.00240175
        4209    -5.42243    -5.47535  0.00240121
        4210    -5.42365    -5.47534  0.00240067
        4211    -5.42428    -5.47533  0.00240013
        4212     -5.4251    -5.47531  0.00239959
        4213    -5.42627     -5.4753  0.00239905
        4214    -5.42735    -5.47529  0.00239851
        4215    -5.42821    -5.47528  0.00239797
        4216    -5.42872    -5.47527  0.00239742
        4217    -5.42935    -5.47526  0.00239688
        4218    -5.42997    -5.47525  0.00239633
        4219    -5.43047    -5.47524  0.00239579
        4220    -5.43178    -5.47523  0.00239524
        4221    -5.43256    -5.47522   0.0023947
        4222     -5.4339    -5.47521  0.00239415
        4223    -5.43493     -5.4752   0.0023936
        4224    -5.43687    -5.47519  0.00239305
        4225    -5.43795    -5.47518   0.0023925
        4226     -5.4394    -5.47517  0.00239195
        4227    -5.44093    -5.47516   0.0023914
        4228    -5.44317    -5.47515  0.00239085
        4229    -5.44493    -5.47515  0.00239029
        4230    -5.44743    -5.47514  0.00238974
        4231    -5.45021    -5.47513  0.00238918
        4232    -5.45299    -5.47513  0.00238862
        4233     -5.4568    -5.47513  0.00238806
        4234    -5.46076    -5.47512   0.0023875
        4235    -5.46483    -5.47512  0.00238693
        4236    -5.46901    -5.47512  0.00238637
        4237    -5.47344    -5.47512  0.00238581
        4238    -5.47795    -5.47512  0.00238525
        4239    -5.48281    -5.47512  0.00238468
        4240     -5.4883    -5.47512  0.00238412
        4241    -5.49395    -5.47513  0.00238357
        4242    -5.49988    -5.47513  0.00238301
        4243    -5.50545    -5.47514  0.00238246
        4244    -5.51093    -5.47515  0.00238191
        4245    -5.51661    -5.47516  0.00238137
        4246    -5.52229    -5.47517  0.00238084
        4247     -5.5278    -5.47518  0.00238031
        4248    -5.53326     -5.4752  0.00237979
        4249    -5.53864    -5.47521  0.00237927
        4250    -5.54406    -5.47523  0.00237877
        4251    -5.54874    -5.47524  0.00237827
        4252    -5.55432    -5.47526  0.00237779
        4253    -5.55925    -5.47528  0.00237731
        4254    -5.56398     -5.4753  0.00237684
        4255    -5.56848    -5.47533  0.00237638
        4256    -5.57288    -5.47535  0.00237594
        4257      -5.577    -5.47537   0.0023755
        4258    -5.58025     -5.4754  0.00237507
        4259    -5.58349    -5.47542  0.00237465
        4260    -5.58658    -5.47545  0.00237423
        4261    -5.58951    -5.47548  0.00237383
        4262     -5.5918     -5.4755  0.00237343
        4263    -5.59302    -5.47553  0.00237303
        4264    -5.59542    -5.47556  0.00237264
        4265    -5.59673    -5.47559  0.00237225
        4266    -5.59877    -5.47562  0.00237187
        4267    -5.59943    -5.47564  0.00237149
        4268    -5.59976    -5.47567  0.00237112
        4269    -5.59963     -5.4757  0.00237074
        4270     -5.5998    -5.47573  0.00237036
        4271    -5.59937    -5.47576  0.00236998
        4272    -5.59835    -5.47579   0.0023696
        4273    -5.59751    -5.47582  0.00236922
        4274     -5.5964    -5.47585  0.00236883
        4275    -5.59504    -5.47587  0.00236844
        4276    -5.59329     -5.4759  0.00236805
        4277    -5.59178    -5.47593  0.00236765
        4278     -5.5896    -5.47595  0.00236725
        4279    -5.58694    -5.47598  0.00236683
        4280     -5.5847    -5.47601  0.00236642
        4281      -5.582    -5.47603  0.00236599
        4282    -5.57915    -5.47606  0.00236556
        4283    -5.57602    -5.47608  0.00236513
        4284    -5.57323     -5.4761  0.00236468
        4285    -5.56988    -5.47612  0.00236423
        4286    -5.56673    -5.47614  0.00236378
        4287    -5.56275    -5.47616  0.00236331
        4288    -5.55885    -5.47618  0.00236284
        4289    -5.55594     -5.4762  0.00236236
        4290    -5.55253    -5.47622  0.00236188
        4291    -5.54921    -5.47624  0.00236139
        4292     -5.5457    -5.47625  0.00236089
        4293     -5.5417    -5.47627  0.00236039
        4294    -5.53811    -5.47628  0.00235989
        4295    -5.53418     -5.4763  0.00235938
        4296    -5.53082    -5.47631  0.00235886
        4297    -5.52666    -5.47632  0.00235834
        4298    -5.52232    -5.47633  0.00235782
        4299    -5.51779    -5.47634  0.00235729
        4300    -5.51472    -5.47635  0.00235676
        4301     -5.5107    -5.47636  0.00235622
        4302    -5.50663    -5.47637  0.00235568
        4303    -5.50252    -5.47637  0.00235515
        4304    -5.49865    -5.47638   0.0023546
        4305    -5.49456    -5.47638  0.00235406
        4306    -5.48997    -5.47638  0.00235352
        4307    -5.48545    -5.47639  0.00235297
        4308    -5.48117    -5.47639  0.00235242
        4309    -5.47622    -5.47639  0.00235188
        4310    -5.47149    -5.47639  0.00235133
        4311      -5.467    -5.47638  0.00235079
        4312    -5.46213    -5.47638  0.00235025
        4313    -5.45673    -5.47638  0.00234971
        4314      -5.452    -5.47637  0.00234917
        4315    -5.44735    -5.47636  0.00234863
        4316    -5.44247    -5.47636   0.0023481
        4317    -5.43751    -5.47635  0.00234757
        4318    -5.43172    -5.47634  0.00234705
        4319    -5.42632    -5.47632  0.00234654
        4320    -5.42116    -5.47631  0.00234603
        4321    -5.41578     -5.4763  0.00234553
        4322    -5.41066    -5.47628  0.00234504
        4323    -5.40535    -5.47627  0.00234455
        4324    -5.40015    -5.47625  0.00234407
        4325    -5.39494    -5.47623  0.00234361
        4326    -5.38912    -5.47621  0.00234315
        4327    -5.38391    -5.47619  0.00234271
        4328    -5.37828    -5.47617  0.00234228
        4329      -5.373    -5.47614  0.00234186
        4330    -5.36763    -5.47612  0.00234145
        4331     -5.3622    -5.47609  0.00234106
        4332    -5.35674    -5.47606  0.00234068
        4333    -5.35186    -5.47603  0.00234031
        4334    -5.34715      -5.476  0.00233996
        4335    -5.34249    -5.47597  0.00233963
        4336    -5.33804    -5.47594   0.0023393
        4337    -5.33398    -5.47591  0.00233899
        4338    -5.33036    -5.47588  0.00233869
        4339    -5.32642    -5.47584  0.00233841
        4340    -5.32281    -5.47581  0.00233814
        4341     -5.3197    -5.47577  0.00233787
        4342     -5.3171    -5.47573  0.00233762
        4343    -5.31502     -5.4757  0.00233738
        4344    -5.31289    -5.47566  0.00233714
        4345    -5.31146    -5.47562  0.00233691
        4346     -5.3106    -5.47558  0.00233668
        4347       -5.31    -5.47555  0.00233645
        4348    -5.31011    -5.47551  0.00233622
        4349    -5.31002    -5.47547  0.00233599
        4350    -5.31034    -5.47543  0.00233577
        4351    -5.31133    -5.47539  0.00233553
        4352     -5.3121    -5.47536   0.0023353
        4353    -5.31367    -5.47532  0.00233506
        4354    -5.31571    -5.47528  0.00233481
        4355    -5.31868    -5.47525  0.00233455
        4356    -5.32087    -5.47521  0.00233428
        4357    -5.32361    -5.47518  0.00233401
        4358     -5.3263    -5.47514  0.00233372
        4359    -5.32979    -5.47511  0.00233342
        4360    -5.33316    -5.47508  0.00233311
        4361    -5.33669    -5.47504   0.0023328
        4362    -5.34066    -5.47501  0.00233246
        4363    -5.34474    -5.47498  0.00233212
        4364    -5.34907    -5.47495  0.00233176
        4365    -5.35348    -5.47493   0.0023314
        4366    -5.35795     -5.4749  0.00233102
        4367    -5.36232    -5.47487  0.00233063
        4368    -5.36611    -5.47485  0.00233022
        4369    -5.37052    -5.47483  0.00232981
        4370     -5.3748     -5.4748  0.00232939
        4371    -5.37908    -5.47478  0.00232896
        4372    -5.38335    -5.47476  0.00232852
        4373    -5.38775    -5.47474  0.00232808
        4374    -5.39227    -5.47472  0.00232762
        4375    -5.39676     -5.4747  0.00232716
        4376     -5.4012    -5.47469  0.00232669
        4377    -5.40512    -5.47467  0.00232621
        4378    -5.40973    -5.47466  0.00232572
        4379    -5.41364    -5.47464  0.00232523
        4380    -5.41714    -5.47463  0.00232474
        4381    -5.42068    -5.47462  0.00232424
        4382    -5.42393     -5.4746  0.00232374
        4383    -5.42793    -5.47459  0.00232324
        4384      -5.431    -5.47458  0.00232273
        4385    -5.43418    -5.47457  0.00232222
        4386      -5.437    -5.47457   0.0023217
        4387    -5.43974    -5.47456  0.00232119
        4388    -5.44223    -5.47455  0.00232067
        4389     -5.4443    -5.47454  0.00232015
        4390    -5.44594    -5.47454  0.00231963
        4391    -5.44759    -5.47453  0.00231911
        4392    -5.44848    -5.47453  0.00231859
        4393    -5.44966    -5.47452  0.00231807
        4394    -5.45051    -5.47451  0.00231755
        4395    -5.45014    -5.47451  0.00231703
        4396    -5.44989     -5.4745  0.00231651
        4397    -5.44978     -5.4745  0.00231599
        4398    -5.44918    -5.47449  0.00231547
        4399    -5.44828    -5.47449  0.00231495
        4400    -5.44677    -5.47448  0.00231443
        4401    -5.44527    -5.47447  0.00231392
        4402     -5.4432    -5.47447   0.0023134
        4403    -5.44088    -5.47446  0.00231289
        4404    -5.43804    -5.47445  0.00231238
        4405     -5.4359    -5.47444  0.00231187
        4406      -5.433    -5.47443  0.00231136
        4407    -5.42996    -5.47442  0.00231086
        4408    -5.42726    -5.47441  0.00231036
        4409     -5.4242     -5.4744  0.00230987
        4410    -5.42081    -5.47439  0.00230937
        4411    -5.41742    -5.47437  0.00230889
        4412    -5.41408    -5.47436   0.0023084
        4413    -5.41112    -5.47435  0.00230792
        4414    -5.40857    -5.47433  0.00230745
        4415    -5.40573    -5.47432  0.00230698
        4416    -5.40336     -5.4743  0.00230651
        4417    -5.40106    -5.47428  0.00230605
        4418    -5.39884    -5.47427  0.00230559
        4419    -5.39704    -5.47425  0.00230514
        4420    -5.39535    -5.47423  0.00230468
        4421    -5.39396    -5.47421  0.00230423
        4422    -5.39287    -5.47419  0.00230379
        4423    -5.39208    -5.47418  0.00230334
        4424    -5.39161    -5.47416   0.0023029
        4425    -5.39114    -5.47414  0.00230245
        4426    -5.39113    -5.47412  0.00230201
        4427    -5.39157     -5.4741  0.00230156
        4428    -5.39259    -5.47408  0.00230112
        4429     -5.3936    -5.47406  0.00230067
        4430    -5.39562    -5.47405  0.00230022
        4431    -5.39775    -5.47403  0.00229976
        4432    -5.39997    -5.47401  0.00229931
        4433    -5.40182      -5.474  0.00229884
        4434    -5.40403    -5.47398  0.00229838
        4435    -5.40645    -5.47397  0.00229791
        4436    -5.40937    -5.47395  0.00229744
        4437    -5.41217    -5.47394  0.00229696
        4438    -5.41561    -5.47392  0.00229648
        4439    -5.41831    -5.47391    0.002296
        4440    -5.42179     -5.4739  0.00229551
        4441    -5.42558    -5.47389  0.00229502
        4442    -5.42938    -5.47388  0.00229453
        4443    -5.43303    -5.47387  0.00229403
        4444    -5.43714    -5.47386  0.00229353
        4445    -5.44094    -5.47385  0.00229303
        4446    -5.44475    -5.47385  0.00229252
        4447    -5.44961    -5.47384  0.00229201
        4448      -5.454    -5.47384   0.0022915
        4449    -5.45884    -5.47383  0.00229099
        4450     -5.4641    -5.47383  0.00229047
        4451    -5.46902    -5.47383  0.00228996
        4452    -5.47451    -5.47383  0.00228944
        4453    -5.47979    -5.47383  0.00228893
        4454    -5.48577    -5.47383  0.00228842
        4455    -5.49106    -5.47384  0.00228791
        4456    -5.49686    -5.47384   0.0022874
        4457     -5.5024    -5.47385   0.0022869
        4458    -5.50781    -5.47386  0.00228639
        4459    -5.51307    -5.47387   0.0022859
        4460    -5.51907    -5.47388  0.00228541
        4461    -5.52382    -5.47389  0.00228492
        4462    -5.52942     -5.4739  0.00228445
        4463    -5.53509    -5.47391  0.00228398
        4464    -5.54051    -5.47393  0.00228351
        4465    -5.54581    -5.47395  0.00228306
        4466    -5.55066    -5.47396  0.00228261
        4467     -5.5555    -5.47398  0.00228217
        4468    -5.56016      -5.474  0.00228174
        4469    -5.56462    -5.47402  0.00228132
        4470    -5.56872    -5.47404  0.00228091
        4471     -5.5729    -5.47406  0.00228051
        4472    -5.57698    -5.47409  0.00228011
        4473    -5.58065    -5.47411  0.00227973
        4474    -5.58406    -5.47414  0.00227935
        4475    -5.58688    -5.47416  0.00227898
        4476    -5.59033    -5.47419  0.00227862
        4477    -5.59242    -5.47421  0.00227826
        4478    -5.59451    -5.47424  0.00227791
        4479      -5.596    -5.47427  0.00227757
        4480    -5.59748    -5.47429  0.00227723
        4481    -5.59865    -5.47432  0.00227689
        4482    -5.59951    -5.47435  0.00227655
        4483    -5.59977    -5.47438  0.00227621
        4484    -5.60032    -5.47441  0.00227588
        4485    -5.60012    -5.47443  0.00227554
        4486    -5.59993    -5.47446  0.00227521
        4487     -5.5993    -5.47449  0.00227487
        4488    -5.59839    -5.47452  0.00227453
        4489    -5.59767    -5.47454  0.00227419
        4490    -5.59669    -5.47457  0.00227385
        4491    -5.59503     -5.4746   0.0022735
        4492    -5.59328    -5.47463  0.00227315
        4493    -5.59088    -5.47465  0.00227279
        4494    -5.58873    -5.47468  0.00227242
        4495    -5.58626     -5.4747  0.00227205
        4496    -5.58317    -5.47473  0.00227168
        4497    -5.58024    -5.47475  0.00227129
        4498    -5.57764    -5.47477   0.0022709
        4499    -5.57538    -5.47479  0.00227051
        4500    -5.57243    -5.47482  0.00227011
        4501    -5.56925    -5.47484   0.0022697
        4502    -5.56615    -5.47486  0.00226929
        4503    -5.56329    -5.47488  0.00226887
        4504    -5.55994     -5.4749  0.00226844
        4505    -5.55655    -5.47491  0.00226801
        4506    -5.55282    -5.47493  0.00226757
        4507    -5.54952    -5.47495  0.00226713
        4508    -5.54604    -5.47496  0.00226668
        4509    -5.54254    -5.47498  0.00226623
        4510    -5.53871    -5.47499  0.00226577
        4511    -5.53484    -5.47501  0.00226531
        4512    -5.53095    -5.47502  0.00226484
        4513    -5.52762    -5.47503  0.00226437
        4514    -5.52364    -5.47504  0.00226389
        4515    -5.51992    -5.47505  0.00226341
        4516    -5.51584    -5.47506  0.00226293
        4517    -5.51201    -5.47507  0.00226244
        4518    -5.50797    -5.47507  0.00226195
        4519    -5.50431    -5.47508  0.00226146
        4520    -5.50044    -5.47509  0.00226097
        4521     -5.4959    -5.47509  0.00226047
        4522    -5.49219     -5.4751  0.00225998
        4523    -5.48827     -5.4751  0.00225948
        4524    -5.48383     -5.4751  0.00225898
        4525    -5.47887     -5.4751  0.00225848
        4526    -5.47446     -5.4751  0.00225798
        4527    -5.46985     -5.4751  0.00225748
        4528    -5.46488     -5.4751  0.00225699
        4529    -5.46048    -5.47509  0.00225649
        4530    -5.45589    -5.47509    0.002256
        4531    -5.45143    -5.47508  0.00225551
        4532     -5.4468    -5.47508  0.00225502
        4533    -5.44277    -5.47507  0.00225453
        4534    -5.43814    -5.47506  0.00225405
        4535    -5.43354    -5.47505  0.00225357
        4536    -5.42912    -5.47504   0.0022531
        4537    -5.42459    -5.47503  0.00225263
        4538    -5.42028    -5.47502  0.00225216
        4539    -5.41588    -5.47501   0.0022517
        4540    -5.41157    -5.47499  0.00225125
        4541    -5.40766    -5.47498   0.0022508
        4542    -5.40356    -5.47496  0.00225036
        4543    -5.39974    -5.47495  0.00224993
        4544    -5.39605    -5.47493   0.0022495
        4545    -5.39297    -5.47491  0.00224908
        4546    -5.38928    -5.47489  0.00224866
        4547    -5.38546    -5.47487  0.00224825
        4548     -5.3824    -5.47485  0.00224785
        4549    -5.37892    -5.47483  0.00224746
        4550    -5.37606    -5.47481  0.00224707
        4551    -5.37306    -5.47479  0.00224668
        4552    -5.37024    -5.47476  0.00224631
        4553    -5.36774    -5.47474  0.00224594
        4554     -5.3657    -5.47472  0.00224557
        4555    -5.36367    -5.47469  0.00224521
        4556    -5.36149    -5.47467  0.00224486
        4557     -5.3596    -5.47464  0.00224451
        4558    -5.35801    -5.47462  0.00224416
        4559     -5.3567    -5.47459  0.00224382
        4560    -5.35537    -5.47456  0.00224348
        4561    -5.35446    -5.47454  0.00224314
        4562    -5.35291    -5.47451  0.00224281
        4563    -5.35209    -5.47449  0.00224247
        4564     -5.3514    -5.47446  0.00224215
        4565    -5.35097    -5.47443  0.00224182
        4566    -5.35098     -5.4744  0.00224149
        4567    -5.35098    -5.47438  0.00224116
        4568    -5.35051    -5.47435  0.00224083
        4569    -5.35019    -5.47432  0.00224051
        4570    -5.34989     -5.4743  0.00224018
        4571    -5.35021    -5.47427  0.00223986
        4572    -5.35087    -5.47424  0.00223953
        4573    -5.35172    -5.47421   0.0022392
        4574    -5.35233    -5.47419  0.00223887
        4575    -5.35315    -5.47416  0.00223854
        4576    -5.35465    -5.47414   0.0022382
        4577    -5.35653    -5.47411  0.00223786
        4578    -5.35818    -5.47408  0.00223751
        4579    -5.36037    -5.47406  0.00223716
        4580    -5.36248    -5.47404  0.00223681
        4581    -5.36496    -5.47401  0.00223645
        4582    -5.36736    -5.47399  0.00223608
        4583    -5.37025    -5.47397  0.00223571
        4584    -5.37317    -5.47394  0.00223533
        4585    -5.37626    -5.47392  0.00223494
        4586    -5.37905     -5.4739  0.00223455
        4587     -5.3821    -5.47388  0.00223415
        4588    -5.38542    -5.47386  0.00223375
        4589    -5.38926    -5.47384  0.00223334
        4590    -5.39271    -5.47383  0.00223292
        4591    -5.39635    -5.47381   0.0022325
        4592     -5.4006    -5.47379  0.00223207
        4593    -5.40409    -5.47378  0.00223163
        4594    -5.40741    -5.47376  0.00223119
        4595    -5.41129    -5.47375  0.00223075
        4596    -5.41481    -5.47374   0.0022303
        4597    -5.41841    -5.47373  0.00222985
        4598    -5.42178    -5.47371  0.00222939
        4599    -5.42536     -5.4737  0.00222893
        4600    -5.42854    -5.47369  0.00222847
        4601    -5.43193    -5.47368    0.002228
        4602    -5.43461    -5.47368  0.00222754
        4603    -5.43751    -5.47367  0.00222707
        4604    -5.43986    -5.47366  0.00222659
        4605    -5.44258    -5.47365  0.00222612
        4606    -5.44537    -5.47365  0.00222565
        4607    -5.44796    -5.47364  0.00222517
        4608    -5.45065    -5.47364  0.00222469
        4609    -5.45301    -5.47363  0.00222421
        4610     -5.4552    -5.47363  0.00222374
        4611    -5.45756    -5.47363  0.00222326
        4612     -5.4598    -5.47362  0.00222278
        4613    -5.46194    -5.47362   0.0022223
        4614    -5.46446    -5.47362  0.00222182
        4615    -5.46678    -5.47362  0.00222133
        4616    -5.47013    -5.47362  0.00222085
        4617    -5.47302    -5.47362  0.00222037
        4618    -5.47652    -5.47362  0.00221989
        4619    -5.48004    -5.47362  0.00221941
        4620    -5.48283    -5.47362  0.00221893
        4621    -5.48657    -5.47362  0.00221845
        4622    -5.49124    -5.47363  0.00221798
        4623    -5.49534    -5.47363   0.0022175
        4624    -5.49989    -5.47364  0.00221703
        4625     -5.5037    -5.47364  0.00221656
        4626    -5.50853    -5.47365  0.00221609
        4627    -5.51301    -5.47366  0.00221563
        4628    -5.51771    -5.47367  0.00221517
        4629    -5.52246    -5.47368  0.00221472
        4630    -5.52722    -5.47369  0.00221427
        4631    -5.53211     -5.4737  0.00221383
        4632    -5.53755    -5.47372  0.00221339
        4633     -5.5423    -5.47373  0.00221297
        4634    -5.54635    -5.47375  0.00221254
        4635    -5.55087    -5.47376  0.00221213
        4636     -5.5554    -5.47378  0.00221172
        4637    -5.56006     -5.4738  0.00221132
        4638    -5.56409    -5.47382  0.00221093
        4639    -5.56794    -5.47384  0.00221055
        4640    -5.57115    -5.47386  0.00221017
        4641    -5.57462    -5.47388   0.0022098
        4642    -5.57759    -5.47391  0.00220944
        4643    -5.58022    -5.47393  0.00220908
        4644    -5.58281    -5.47395  0.00220873
        4645    -5.58552    -5.47398  0.00220838
        4646    -5.58774      -5.474  0.00220805
        4647    -5.58977    -5.47402  0.00220771
        4648    -5.59161    -5.47405  0.00220738
        4649    -5.59372    -5.47408  0.00220706
        4650    -5.59518     -5.4741  0.00220673
        4651    -5.59583    -5.47413  0.00220642
        4652    -5.59719    -5.47415   0.0022061
        4653    -5.59789    -5.47418  0.00220579
        4654     -5.5982    -5.47421  0.00220547
        4655    -5.59934    -5.47423  0.00220516
        4656    -5.60008    -5.47426  0.00220486
        4657    -5.59997    -5.47429  0.00220455
        4658    -5.59928    -5.47432  0.00220424
        4659    -5.59877    -5.47434  0.00220393
        4660    -5.59767    -5.47437  0.00220361
        4661    -5.59674    -5.47439   0.0022033
        4662     -5.5952    -5.47442  0.00220298
        4663    -5.59367    -5.47445  0.00220265
        4664    -5.59139    -5.47447  0.00220232
        4665    -5.58958     -5.4745  0.00220199
        4666    -5.58686    -5.47452  0.00220165
        4667    -5.58417    -5.47454   0.0022013
        4668    -5.58137    -5.47457  0.00220095
        4669    -5.57785    -5.47459  0.00220059
        4670     -5.5744    -5.47461  0.00220022
        4671    -5.57104    -5.47463  0.00219985
        4672    -5.56659    -5.47465  0.00219946
        4673    -5.56274    -5.47467  0.00219907
        4674    -5.55844    -5.47469  0.00219868
        4675    -5.55344     -5.4747  0.00219827
        4676    -5.54882    -5.47472  0.00219786
        4677    -5.54431    -5.47473  0.00219744
        4678    -5.54008    -5.47475  0.00219701
        4679    -5.53573    -5.47476  0.00219658
        4680    -5.53127    -5.47477  0.00219615
        4681    -5.52675    -5.47479   0.0021957
        4682    -5.52308     -5.4748  0.00219526
        4683    -5.51937     -5.4748  0.00219481
        4684    -5.51506    -5.47481  0.00219436
        4685    -5.51149    -5.47482  0.00219391
        4686    -5.50763    -5.47483  0.00219345
        4687    -5.50408    -5.47483  0.00219299
        4688    -5.50099    -5.47484  0.00219253
        4689    -5.49758    -5.47484  0.00219207
        4690    -5.49446    -5.47485   0.0021916
        4691    -5.49175    -5.47485  0.00219114
        4692    -5.48929    -5.47486  0.00219067
        4693    -5.48644    -5.47486  0.00219021
        4694    -5.48377    -5.47486  0.00218974
        4695    -5.48125    -5.47486  0.00218928
        4696     -5.4784    -5.47486  0.00218881
        4697    -5.47549    -5.47486  0.00218834
        4698    -5.47264    -5.47486  0.00218788
        4699    -5.46965    -5.47486  0.00218741
        4700    -5.46621    -5.47486  0.00218695
        4701    -5.46302    -5.47486  0.00218649
        4702    -5.45931    -5.47485  0.00218602
        4703     -5.4552    -5.47485  0.00218556
        4704    -5.45068    -5.47484   0.0021851
        4705    -5.44588    -5.47484  0.00218465
        4706    -5.44108    -5.47483   0.0021842
        4707    -5.43644    -5.47482  0.00218375
        4708    -5.43074    -5.47481   0.0021833
        4709    -5.42533     -5.4748  0.00218286
        4710    -5.41918    -5.47479  0.00218243
        4711    -5.41244    -5.47478  0.00218201
        4712    -5.40649    -5.47476  0.00218159
        4713    -5.39999    -5.47475  0.00218119
        4714    -5.39328    -5.47473   0.0021808
        4715    -5.38594    -5.47471  0.00218041
        4716     -5.3783    -5.47469  0.00218005
        4717    -5.37088    -5.47467   0.0021797
        4718    -5.36355    -5.47465  0.00217936
        4719    -5.35594    -5.47462  0.00217905
        4720    -5.34884    -5.47459  0.00217875
        4721    -5.34172    -5.47457  0.00217847
        4722    -5.33433    -5.47454  0.00217821
        4723    -5.32779     -5.4745  0.00217797
        4724    -5.32141    -5.47447  0.00217775
        4725    -5.31494    -5.47444  0.00217755
        4726    -5.30904     -5.4744  0.00217737
        4727    -5.30376    -5.47437  0.00217721
        4728    -5.29885    -5.47433  0.00217706
        4729    -5.29435    -5.47429  0.00217694
        4730    -5.29104    -5.47425  0.00217682
        4731    -5.28835    -5.47421  0.00217672
        4732    -5.28614    -5.47417  0.00217662
        4733    -5.28473    -5.47413  0.00217653
        4734    -5.28352    -5.47409  0.00217644
        4735    -5.28326    -5.47405  0.00217635
        4736     -5.2835    -5.47401  0.00217626
        4737    -5.28466    -5.47397  0.00217617
        4738    -5.28643    -5.47393  0.00217607
        4739    -5.28833    -5.47389  0.00217597
        4740    -5.29125    -5.47386  0.00217585
        4741    -5.29409    -5.47382  0.00217572
        4742    -5.29759    -5.47378  0.00217558
        4743    -5.30155    -5.47374  0.00217542
        4744    -5.30595    -5.47371  0.00217525
        4745    -5.31121    -5.47367  0.00217506
        4746    -5.31654    -5.47364  0.00217486
        4747    -5.32236    -5.47361  0.00217463
        4748    -5.32849    -5.47358  0.00217439
        4749    -5.33475    -5.47355  0.00217413
        4750    -5.34096    -5.47352  0.00217385
        4751    -5.34801     -5.4735  0.00217355
        4752     -5.3548    -5.47347  0.00217324
        4753    -5.36208    -5.47345  0.00217291
        4754    -5.36951    -5.47343  0.00217256
        4755    -5.37723    -5.47341   0.0021722
        4756    -5.38536    -5.47339  0.00217182
        4757     -5.3933    -5.47337  0.00217143
        4758     -5.4007    -5.47335  0.00217103
        4759    -5.40786    -5.47334  0.00217061
        4760    -5.41567    -5.47333  0.00217019
        4761    -5.42411    -5.47332  0.00216976
        4762     -5.4318    -5.47331  0.00216932
        4763    -5.43947     -5.4733  0.00216888
        4764    -5.44787     -5.4733  0.00216843
        4765    -5.45547    -5.47329  0.00216798
        4766    -5.46345    -5.47329  0.00216752
        4767     -5.4709    -5.47329  0.00216707
        4768    -5.47838    -5.47329  0.00216661
        4769    -5.48573    -5.47329  0.00216616
        4770    -5.49308     -5.4733  0.00216571
        4771    -5.50025     -5.4733  0.00216526
        4772    -5.50738    -5.47331  0.00216482
        4773    -5.51368    -5.47332  0.00216439
        4774    -5.52005    -5.47333  0.00216395
        4775    -5.52615    -5.47334  0.00216353
        4776    -5.53181    -5.47335  0.00216311
        4777    -5.53731    -5.47337   0.0021627
        4778    -5.54218    -5.47338  0.00216229
        4779    -5.54685     -5.4734   0.0021619
        4780    -5.55116    -5.47341  0.00216151
        4781    -5.55553    -5.47343  0.00216112
        4782    -5.55935    -5.47345  0.00216074
        4783    -5.56245    -5.47347  0.00216037
        4784    -5.56511    -5.47349  0.00216001
        4785    -5.56719    -5.47351  0.00215964
        4786    -5.56926    -5.47353  0.00215929
        4787    -5.57118    -5.47355  0.00215893
        4788    -5.57173    -5.47357  0.00215858
        4789    -5.57181    -5.47359  0.00215822
        4790    -5.57217    -5.47361  0.00215787
        4791    -5.57146    -5.47363  0.00215752
        4792    -5.57043    -5.47365  0.00215716
        4793    -5.56878    -5.47367   0.0021568
        4794    -5.56758    -5.47369  0.00215644
        4795    -5.56548    -5.47371  0.00215608
        4796    -5.56324    -5.47373  0.00215571
        4797    -5.56041    -5.47374  0.00215534
        4798    -5.55687    -5.47376  0.00215496
        4799    -5.55323    -5.47378  0.00215457
        4800     -5.5486    -5.47379  0.00215418
        4801    -5.54482    -5.47381  0.00215378
        4802    -5.53963    -5.47382  0.00215338
        4803    -5.53442    -5.47383  0.00215296
        4804    -5.52846    -5.47385  0.00215255
        4805    -5.52283    -5.47386  0.00215212
        4806    -5.51635    -5.47386  0.00215169
        4807     -5.5101    -5.47387  0.00215126
        4808    -5.50292    -5.47388  0.00215082
        4809    -5.49663    -5.47388  0.00215038
        4810    -5.48976    -5.47389  0.00214993
        4811     -5.4831    -5.47389  0.00214949
        4812    -5.47622    -5.47389  0.00214904
        4813    -5.46932    -5.47389  0.00214859
        4814    -5.46166    -5.47388  0.00214815
        4815    -5.45464    -5.47388  0.00214771
        4816    -5.44769    -5.47388  0.00214727
        4817    -5.44069    -5.47387  0.00214683
        4818    -5.43412    -5.47386   0.0021464
        4819    -5.42771    -5.47385  0.00214598
        4820    -5.42119    -5.47384  0.00214556
        4821    -5.41502    -5.47383  0.00214515
        4822    -5.40879    -5.47381  0.00214475
        4823    -5.40296     -5.4738  0.00214435
        4824     -5.3974    -5.47378  0.00214397
        4825    -5.39259    -5.47377  0.00214359
        4826    -5.38793    -5.47375  0.00214322
        4827    -5.38298    -5.47373  0.00214286
        4828    -5.37911    -5.47371   0.0021425
        4829    -5.37496    -5.47369  0.00214216
        4830    -5.37161    -5.47367  0.00214182
        4831    -5.36814    -5.47365  0.00214149
        4832      -5.365    -5.47362  0.00214116
        4833    -5.36221     -5.4736  0.00214084
        4834    -5.36034    -5.47358  0.00214053
        4835    -5.35836    -5.47355  0.00214022
        4836     -5.3567    -5.47353  0.00213991
        4837    -5.35535    -5.47351  0.00213961
        4838    -5.35462    -5.47348  0.00213931
        4839    -5.35403    -5.47346  0.00213901
        4840    -5.35388    -5.47343  0.00213871
        4841    -5.35371    -5.47341  0.00213841
        4842    -5.35381    -5.47338  0.00213811
        4843    -5.35462    -5.47336  0.00213781
        4844    -5.35538    -5.47333  0.00213751
        4845    -5.35622    -5.47331   0.0021372
        4846     -5.3576    -5.47329  0.00213689
        4847     -5.3589    -5.47326  0.00213658
        4848    -5.36071    -5.47324  0.00213627
        4849    -5.36257    -5.47322  0.00213595
        4850    -5.36524    -5.47319  0.00213563
        4851     -5.3675    -5.47317   0.0021353
        4852     -5.3698    -5.47315  0.00213496
        4853     -5.3723    -5.47313  0.00213462
        4854    -5.37513    -5.47311  0.00213428
        4855    -5.37847    -5.47309  0.00213393
        4856     -5.3817    -5.47307  0.00213357
        4857    -5.38529    -5.47305  0.00213321
        4858    -5.38924    -5.47304  0.00213284
        4859    -5.39266    -5.47302  0.00213247
        4860     -5.3966      -5.473  0.00213209
        4861    -5.40078    -5.47299   0.0021317
        4862    -5.40504    -5.47297  0.00213131
        4863    -5.41015    -5.47296  0.00213091
        4864    -5.41566    -5.47295   0.0021305
        4865    -5.42111    -5.47294  0.00213009
        4866    -5.42665    -5.47293  0.00212967
        4867    -5.43288    -5.47292  0.00212925
        4868    -5.43844    -5.47291  0.00212883
        4869    -5.44452    -5.47291   0.0021284
        4870    -5.45095     -5.4729  0.00212796
        4871    -5.45742     -5.4729  0.00212753
        4872    -5.46436     -5.4729  0.00212709
        4873     -5.4713     -5.4729  0.00212666
        4874     -5.4779     -5.4729  0.00212622
        4875    -5.48519     -5.4729  0.00212579
        4876    -5.49316    -5.47291  0.00212536
        4877     -5.5001    -5.47291  0.00212493
        4878    -5.50781    -5.47292   0.0021245
        4879    -5.51549    -5.47293  0.00212409
        4880    -5.52297    -5.47294  0.00212368
        4881    -5.52976    -5.47295  0.00212327
        4882    -5.53704    -5.47296  0.00212288
        4883    -5.54403    -5.47298  0.00212249
        4884    -5.55117    -5.47299  0.00212212
        4885    -5.55811    -5.47301  0.00212176
        4886    -5.56455    -5.47303   0.0021214
        4887    -5.57106    -5.47305  0.00212107
        4888    -5.57688    -5.47307  0.00212074
        4889    -5.58258    -5.47309  0.00212042
        4890    -5.58755    -5.47312  0.00212012
        4891     -5.5927    -5.47314  0.00211983
        4892    -5.59739    -5.47317  0.00211954
        4893    -5.60149    -5.47319  0.00211927
        4894    -5.60543    -5.47322  0.00211901
        4895    -5.60921    -5.47325  0.00211876
        4896    -5.61238    -5.47328  0.00211852
        4897     -5.6151     -5.4733  0.00211828
        4898    -5.61827    -5.47333  0.00211806
        4899      -5.621    -5.47336  0.00211784
        4900     -5.6233     -5.4734  0.00211763
        4901    -5.62501    -5.47343  0.00211742
        4902    -5.62677    -5.47346  0.00211722
        4903    -5.62888    -5.47349  0.00211703
        4904    -5.62985    -5.47352  0.00211684
        4905    -5.63105    -5.47355  0.00211665
        4906    -5.63175    -5.47359  0.00211646
        4907    -5.63227    -5.47362  0.00211628
        4908    -5.63261    -5.47365   0.0021161
        4909    -5.63265    -5.47368  0.00211591
        4910    -5.63346    -5.47372  0.00211573
        4911    -5.63385    -5.47375  0.00211555
        4912    -5.63367    -5.47378  0.00211537
        4913    -5.63325    -5.47381  0.00211519
        4914    -5.63289    -5.47385  0.00211501
        4915    -5.63247    -5.47388  0.00211482
        4916    -5.63197    -5.47391  0.00211464
        4917    -5.63097    -5.47394  0.00211445
        4918    -5.63068    -5.47397  0.00211426
        4919    -5.63019    -5.47401  0.00211407
        4920    -5.62981    -5.47404  0.00211387
        4921    -5.62909    -5.47407  0.00211368
        4922    -5.62895     -5.4741  0.00211349
        4923    -5.62758    -5.47413  0.00211329
        4924    -5.62633    -5.47416  0.00211308
        4925    -5.62582    -5.47419  0.00211288
        4926    -5.62514    -5.47422  0.00211267
        4927    -5.62475    -5.47425  0.00211246
        4928    -5.62419    -5.47428  0.00211225
        4929    -5.62362    -5.47431  0.00211204
        4930    -5.62259    -5.47434  0.00211183
        4931    -5.62124    -5.47437  0.00211161
        4932    -5.62095     -5.4744  0.00211139
        4933    -5.61989    -5.47443  0.00211117
        4934    -5.61882    -5.47446  0.00211094
        4935    -5.61789    -5.47449  0.00211072
        4936    -5.61664    -5.47452  0.00211048
        4937    -5.61612    -5.47455  0.00211025
        4938    -5.61496    -5.47458  0.00211002
        4939    -5.61407    -5.47461  0.00210978
        4940    -5.61282    -5.47463  0.00210954
        4941    -5.61211    -5.47466  0.00210929
        4942    -5.61088    -5.47469  0.00210905
        4943    -5.60955    -5.47472   0.0021088
        4944    -5.60813    -5.47474  0.00210854
        4945    -5.60658    -5.47477  0.00210828
        4946    -5.60536     -5.4748  0.00210802
        4947    -5.60355    -5.47482  0.00210776
        4948    -5.60172    -5.47485  0.00210749
        4949    -5.59898    -5.47487  0.00210721
        4950    -5.59696     -5.4749  0.00210693
        4951     -5.5946    -5.47492  0.00210664
        4952    -5.59265    -5.47495  0.00210635
        4953     -5.5896    -5.47497  0.00210605
        4954    -5.58605    -5.47499  0.00210575
        4955    -5.58276    -5.47501  0.00210544
        4956    -5.57866    -5.47503  0.00210511
        4957    -5.57498    -5.47505  0.00210479
        4958    -5.57096    -5.47507  0.00210445
        4959    -5.56691    -5.47509  0.00210411
        4960    -5.56269    -5.47511  0.00210376
        4961    -5.55877    -5.47513   0.0021034
        4962     -5.5544    -5.47514  0.00210304
        4963    -5.54961    -5.47516  0.00210267
        4964    -5.54501    -5.47517  0.00210229
        4965    -5.54062    -5.47519  0.00210191
        4966     -5.5357     -5.4752  0.00210152
        4967    -5.53058    -5.47521  0.00210113
        4968    -5.52542    -5.47522  0.00210073
        4969    -5.52009    -5.47523  0.00210033
        4970    -5.51493    -5.47524  0.00209992
        4971    -5.50979    -5.47524  0.00209951
        4972    -5.50485    -5.47525  0.00209909
        4973    -5.50029    -5.47525  0.00209868
        4974    -5.49552    -5.47526  0.00209826
        4975      -5.491    -5.47526  0.00209784
        4976    -5.48691    -5.47526  0.00209742
        4977    -5.48252    -5.47526    0.002097
        4978    -5.47889    -5.47527  0.00209658
        4979    -5.47529    -5.47527  0.00209616
        4980    -5.47219    -5.47526  0.00209574
        4981      -5.469    -5.47526  0.00209532
        4982    -5.46572    -5.47526   0.0020949
        4983    -5.46282    -5.47526  0.00209448
        4984    -5.45955    -5.47526  0.00209406
        4985    -5.45713    -5.47525  0.00209364
        4986     -5.4548    -5.47525  0.00209323
        4987    -5.45257    -5.47524  0.00209281
        4988    -5.45075    -5.47524   0.0020924
        4989    -5.44887    -5.47523  0.00209199
        4990     -5.4477    -5.47523  0.00209157
        4991    -5.44664    -5.47522  0.00209116
        4992    -5.44552    -5.47522  0.00209075
        4993    -5.44525    -5.47521  0.00209034
        4994    -5.44448     -5.4752  0.00208993
        4995    -5.44409     -5.4752  0.00208952
        4996    -5.44379    -5.47519  0.00208911
        4997    -5.44387    -5.47519  0.00208871
        4998    -5.44523    -5.47518   0.0020883
        4999    -5.44621    -5.47517  0.00208789
        5000    -5.44726    -5.47517  0.00208748
        5001    -5.44821    -5.47516  0.00208707
        5002    -5.44967    -5.47516  0.00208665
        5003    -5.45118    -5.47515  0.00208624
        5004    -5.45272    -5.47515  0.00208583
        5005     -5.4546    -5.47514  0.00208542
        5006    -5.45679    -5.47514  0.00208501
        5007    -5.45945    -5.47514  0.00208459
        5008     -5.4618    -5.47513  0.00208418
        5009    -5.46474    -5.47513  0.00208376
        5010    -5.46796    -5.47513  0.00208335
        5011    -5.47098    -5.47513  0.00208293
        5012    -5.47381    -5.47513  0.00208251
        5013    -5.47656    -5.47513   0.0020821
        5014    -5.47984    -5.47513  0.00208168
        5015    -5.48286    -5.47513  0.00208127
        5016    -5.48546    -5.47513  0.00208086
        5017    -5.48867    -5.47514  0.00208044
        5018     -5.4922    -5.47514  0.00208003
        5019    -5.49524    -5.47514  0.00207962
        5020    -5.49826    -5.47515  0.00207921
        5021    -5.50182    -5.47515   0.0020788
        5022    -5.50487    -5.47516   0.0020784
        5023    -5.50798    -5.47517    0.002078
        5024    -5.51114    -5.47517  0.00207759
        5025    -5.51403    -5.47518  0.00207719
        5026     -5.5171    -5.47519   0.0020768
        5027    -5.51973     -5.4752   0.0020764
        5028    -5.52191    -5.47521  0.00207601
        5029    -5.52408    -5.47522  0.00207562
        5030    -5.52593    -5.47523  0.00207523
        5031    -5.52731    -5.47524  0.00207485
        5032    -5.52942    -5.47525  0.00207446
        5033    -5.53105    -5.47526  0.00207408
        5034    -5.53235    -5.47527   0.0020737
        5035    -5.53333    -5.47528  0.00207332
        5036    -5.53444     -5.4753  0.00207294
        5037    -5.53493    -5.47531  0.00207256
        5038    -5.53496    -5.47532  0.00207219
        5039    -5.53544    -5.47533  0.00207181
        5040    -5.53608    -5.47534  0.00207143
        5041    -5.53628    -5.47536  0.00207106
        5042    -5.53606    -5.47537  0.00207068
        5043    -5.53572    -5.47538  0.00207031
        5044    -5.53514    -5.47539  0.00206993
        5045    -5.53491     -5.4754  0.00206955
        5046    -5.53491    -5.47541  0.00206918
        5047    -5.53454    -5.47543   0.0020688
        5048    -5.53441    -5.47544  0.00206842
        5049    -5.53408    -5.47545  0.00206804
        5050    -5.53401    -5.47546  0.00206767
        5051    -5.53391    -5.47547  0.00206729
        5052    -5.53332    -5.47548  0.00206691
        5053     -5.5324     -5.4755  0.00206653
        5054    -5.53222    -5.47551  0.00206616
        5055    -5.53217    -5.47552  0.00206578
        5056     -5.5315    -5.47553   0.0020654
        5057    -5.53065    -5.47554  0.00206502
        5058    -5.52994    -5.47555  0.00206464
        5059    -5.52889    -5.47556  0.00206426
        5060    -5.52797    -5.47557  0.00206388
        5061    -5.52686    -5.47558  0.00206349
        5062    -5.52585    -5.47559  0.00206311
        5063     -5.5245     -5.4756  0.00206272
        5064    -5.52414    -5.47561  0.00206234
        5065    -5.52357    -5.47562  0.00206195
        5066    -5.52277    -5.47563  0.00206157
        5067     -5.5213    -5.47564  0.00206118
        5068    -5.52004    -5.47565  0.00206079
        5069    -5.51869    -5.47566   0.0020604
        5070     -5.5174    -5.47566  0.00206001
        5071    -5.51571    -5.47567  0.00205962
        5072    -5.51407    -5.47568  0.00205923
        5073    -5.51279    -5.47569  0.00205884
        5074     -5.5114    -5.47569  0.00205844
        5075    -5.50962     -5.4757  0.00205805
        5076    -5.50775    -5.47571  0.00205765
        5077    -5.50563    -5.47571  0.00205726
        5078    -5.50298    -5.47572  0.00205686
        5079    -5.50025    -5.47572  0.00205646
        5080     -5.4979    -5.47573  0.00205606
        5081    -5.49519    -5.47573  0.00205566
        5082    -5.49272    -5.47573  0.00205526
        5083     -5.4899    -5.47574  0.00205485
        5084    -5.48735    -5.47574  0.00205445
        5085    -5.48445    -5.47574  0.00205405
        5086    -5.48168    -5.47574  0.00205364
        5087    -5.47934    -5.47574  0.00205324
        5088    -5.47682    -5.47574  0.00205284
        5089    -5.47414    -5.47574  0.00205243
        5090    -5.47128    -5.47574  0.00205203
        5091    -5.46902    -5.47574  0.00205163
        5092    -5.46599    -5.47574  0.00205123
        5093    -5.46355    -5.47574  0.00205082
        5094    -5.46109    -5.47573  0.00205042
        5095    -5.45861    -5.47573  0.00205002
        5096    -5.45597    -5.47573  0.00204963
        5097    -5.45346    -5.47572  0.00204923
        5098    -5.45032    -5.47572  0.00204883
        5099    -5.44732    -5.47571  0.00204844
        5100    -5.44401    -5.47571  0.00204805
        5101    -5.44173     -5.4757  0.00204765
        5102     -5.4387    -5.47569  0.00204727
        5103    -5.43537    -5.47568  0.00204688
        5104    -5.43234    -5.47567   0.0020465
        5105    -5.42949    -5.47567  0.00204612
        5106    -5.42666    -5.47566  0.00204574
        5107    -5.42418    -5.47565  0.00204536
        5108    -5.42131    -5.47564  0.00204499
        5109    -5.41865    -5.47562  0.00204462
        5110    -5.41624    -5.47561  0.00204425
        5111    -5.41363     -5.4756  0.00204389
        5112    -5.41114    -5.47559  0.00204353
        5113     -5.4088    -5.47558  0.00204317
        5114    -5.40676    -5.47556  0.00204281
        5115    -5.40428    -5.47555  0.00204246
        5116    -5.40214    -5.47553  0.00204211
        5117     -5.4008    -5.47552  0.00204177
        5118    -5.39967     -5.4755  0.00204142
        5119     -5.3983    -5.47549  0.00204108
        5120    -5.39744    -5.47547  0.00204074
        5121    -5.39681    -5.47546   0.0020404
        5122    -5.39655    -5.47544  0.00204006
        5123     -5.3962    -5.47543  0.00203972
        5124    -5.39592    -5.47541  0.00203938
        5125    -5.39615     -5.4754  0.00203904
        5126    -5.39598    -5.47538   0.0020387
        5127    -5.39629    -5.47537  0.00203836
        5128    -5.39739    -5.47535  0.00203802
        5129    -5.39851    -5.47534  0.00203768
        5130    -5.39993    -5.47532  0.00203733
        5131    -5.40105    -5.47531  0.00203699
        5132    -5.40245    -5.47529  0.00203664
        5133    -5.40413    -5.47528  0.00203629
        5134    -5.40577    -5.47526  0.00203594
        5135    -5.40752    -5.47525  0.00203558
        5136    -5.40951    -5.47524  0.00203523
        5137    -5.41115    -5.47523  0.00203487
        5138    -5.41318    -5.47521  0.00203451
        5139     -5.4153     -5.4752  0.00203415
        5140     -5.4175    -5.47519  0.00203378
        5141    -5.41978    -5.47518  0.00203342
        5142    -5.42185    -5.47517  0.00203305
        5143    -5.42429    -5.47516  0.00203268
        5144    -5.42652    -5.47515   0.0020323
        5145    -5.42957    -5.47514  0.00203193
        5146    -5.43286    -5.47513  0.00203155
        5147    -5.43576    -5.47513  0.00203117
        5148    -5.43859    -5.47512  0.00203079
        5149    -5.44163    -5.47511   0.0020304
        5150    -5.44457    -5.47511  0.00203002
        5151    -5.44788     -5.4751  0.00202963
        5152    -5.45107     -5.4751  0.00202924
        5153    -5.45415    -5.47509  0.00202885
        5154    -5.45755    -5.47509  0.00202846
        5155     -5.4608    -5.47509  0.00202807
        5156    -5.46389    -5.47508  0.00202768
        5157    -5.46741    -5.47508  0.00202728
        5158    -5.47029    -5.47508  0.00202689
        5159    -5.47356    -5.47508   0.0020265
        5160     -5.4766    -5.47508  0.00202611
        5161    -5.47954    -5.47508  0.00202571
        5162    -5.48176    -5.47508  0.00202532
        5163    -5.48446    -5.47509  0.00202493
        5164    -5.48716    -5.47509  0.00202454
        5165    -5.48924    -5.47509  0.00202415
        5166    -5.49114    -5.47509  0.00202376
        5167      -5.493     -5.4751  0.00202337
        5168    -5.49527     -5.4751  0.00202298
        5169    -5.49657    -5.47511   0.0020226
        5170    -5.49797    -5.47511  0.00202221
        5171    -5.49885    -5.47511  0.00202182
        5172    -5.50028    -5.47512  0.00202144
        5173    -5.50059    -5.47512  0.00202105
        5174    -5.50145    -5.47513  0.00202067
        5175    -5.50196    -5.47513  0.00202029
        5176    -5.50199    -5.47514   0.0020199
        5177    -5.50154    -5.47514  0.00201952
        5178    -5.50123    -5.47515  0.00201913
        5179    -5.50093    -5.47515  0.00201875
        5180    -5.50111    -5.47516  0.00201837
        5181    -5.50011    -5.47516  0.00201798
        5182    -5.49946    -5.47517   0.0020176
        5183    -5.49811    -5.47517  0.00201722
        5184    -5.49714    -5.47518  0.00201683
        5185    -5.49611    -5.47518  0.00201645
        5186    -5.49517    -5.47519  0.00201606
        5187    -5.49358    -5.47519  0.00201567
        5188    -5.49241    -5.47519  0.00201529
        5189    -5.49089     -5.4752   0.0020149
        5190    -5.48951     -5.4752  0.00201452
        5191    -5.48854     -5.4752  0.00201413
        5192    -5.48726     -5.4752  0.00201374
        5193     -5.4858    -5.47521  0.00201336
        5194    -5.48417    -5.47521  0.00201297
        5195    -5.48299    -5.47521  0.00201258
        5196    -5.48149    -5.47521   0.0020122
        5197    -5.48013    -5.47521  0.00201181
        5198    -5.47877    -5.47521  0.00201142
        5199    -5.47757    -5.47521  0.00201104
        5200    -5.47608    -5.47521  0.00201065
        5201    -5.47492    -5.47521  0.00201026
        5202    -5.47364    -5.47521  0.00200988
        5203    -5.47225    -5.47521  0.00200949
        5204    -5.47107    -5.47521   0.0020091
        5205     -5.4698    -5.47521  0.00200872
        5206    -5.46877    -5.47521  0.00200833
        5207    -5.46739    -5.47521  0.00200795
        5208    -5.46657     -5.4752  0.00200756
        5209    -5.46617     -5.4752  0.00200718
        5210    -5.46561     -5.4752  0.00200679
        5211    -5.46566     -5.4752  0.00200641
        5212    -5.46526     -5.4752  0.00200602
        5213    -5.46534     -5.4752  0.00200564
        5214    -5.46528    -5.47519  0.00200526
        5215    -5.46571    -5.47519  0.00200487
        5216    -5.46617    -5.47519  0.00200449
        5217     -5.4668    -5.47519  0.00200411
        5218    -5.46731    -5.47519  0.00200372
        5219    -5.46784    -5.47519  0.00200334
        5220    -5.46854    -5.47518  0.00200296
        5221    -5.46984    -5.47518  0.00200257
        5222    -5.47098    -5.47518  0.00200219
        5223    -5.47254    -5.47518  0.00200181
        5224    -5.47406    -5.47518  0.00200142
        5225    -5.47568    -5.47518  0.00200104
        5226    -5.47752    -5.47518  0.00200066
        5227    -5.47911    -5.47518  0.00200027
        5228    -5.48164    -5.47518  0.00199989
        5229    -5.48374    -5.47519  0.00199951
        5230    -5.48569    -5.47519  0.00199913
        5231    -5.48762    -5.47519  0.00199875
        5232    -5.48967    -5.47519  0.00199837
        5233    -5.49198     -5.4752  0.00199799
        5234    -5.49377     -5.4752  0.00199761
        5235    -5.49609     -5.4752  0.00199723
        5236    -5.49758    -5.47521  0.00199686
        5237    -5.49913    -5.47521  0.00199648
        5238    -5.50059    -5.47522   0.0019961
        5239    -5.50136    -5.47522  0.00199573
        5240    -5.50279    -5.47523  0.00199536
        5241    -5.50397    -5.47523  0.00199498
        5242    -5.50506    -5.47524  0.00199461
        5243    -5.50592    -5.47524  0.00199424
        5244    -5.50684    -5.47525  0.00199387
        5245    -5.50769    -5.47526   0.0019935
        5246    -5.50846    -5.47526  0.00199313
        5247    -5.50932    -5.47527  0.00199276
        5248    -5.50997    -5.47528  0.00199239
        5249    -5.51026    -5.47528  0.00199202
        5250     -5.5111    -5.47529  0.00199165
        5251    -5.51129     -5.4753  0.00199128
        5252    -5.51145     -5.4753  0.00199092
        5253    -5.51186    -5.47531  0.00199055
        5254    -5.51209    -5.47532  0.00199018
        5255    -5.51289    -5.47532  0.00198982
        5256    -5.51321    -5.47533  0.00198945
        5257    -5.51349    -5.47534  0.00198909
        5258    -5.51375    -5.47535  0.00198872
        5259    -5.51338    -5.47535  0.00198836
        5260    -5.51328    -5.47536  0.00198799
        5261    -5.51393    -5.47537  0.00198763
        5262    -5.51427    -5.47538  0.00198726
        5263    -5.51431    -5.47538   0.0019869
        5264    -5.51481    -5.47539  0.00198654
        5265    -5.51534     -5.4754  0.00198617
        5266    -5.51576    -5.47541  0.00198581
        5267    -5.51625    -5.47541  0.00198545
        5268    -5.51651    -5.47542  0.00198509
        5269    -5.51732    -5.47543  0.00198473
        5270    -5.51795    -5.47544  0.00198437
        5271    -5.51857    -5.47545  0.00198401
        5272    -5.51965    -5.47545  0.00198365
        5273    -5.52061    -5.47546  0.00198329
        5274    -5.52176    -5.47547  0.00198293
        5275    -5.52373    -5.47548  0.00198258
        5276    -5.52547    -5.47549  0.00198223
        5277    -5.52742     -5.4755  0.00198188
        5278    -5.52945    -5.47551  0.00198153
        5279    -5.53186    -5.47552  0.00198118
        5280    -5.53419    -5.47553  0.00198084
        5281    -5.53673    -5.47554  0.00198049
        5282    -5.54021    -5.47556  0.00198016
        5283    -5.54281    -5.47557  0.00197982
        5284    -5.54602    -5.47558  0.00197949
        5285     -5.5498     -5.4756  0.00197917
        5286    -5.55384    -5.47561  0.00197885
        5287    -5.55733    -5.47563  0.00197854
        5288    -5.56176    -5.47564  0.00197823
        5289    -5.56499    -5.47566  0.00197793
        5290    -5.56893    -5.47568  0.00197763
        5291    -5.57266     -5.4757  0.00197734
        5292    -5.57674    -5.47571  0.00197706
        5293    -5.58054    -5.47573  0.00197679
        5294    -5.58359    -5.47575  0.00197652
        5295    -5.58599    -5.47578  0.00197626
        5296    -5.58849     -5.4758    0.001976
        5297    -5.59137    -5.47582  0.00197574
        5298    -5.59368    -5.47584   0.0019755
        5299    -5.59512    -5.47586  0.00197525
        5300    -5.59702    -5.47589  0.00197501
        5301    -5.59846    -5.47591  0.00197477
        5302    -5.59988    -5.47593  0.00197454
        5303    -5.60052    -5.47596  0.00197431
        5304    -5.60127    -5.47598  0.00197408
        5305    -5.60137      -5.476  0.00197385
        5306    -5.60096    -5.47603  0.00197361
        5307    -5.60094    -5.47605  0.00197338
        5308     -5.5995    -5.47607  0.00197315
        5309    -5.59799     -5.4761  0.00197291
        5310    -5.59627    -5.47612  0.00197267
        5311    -5.59403    -5.47614  0.00197242
        5312    -5.59157    -5.47616  0.00197217
        5313    -5.58844    -5.47618  0.00197191
        5314    -5.58494     -5.4762  0.00197165
        5315      -5.582    -5.47622  0.00197138
        5316    -5.57839    -5.47624   0.0019711
        5317    -5.57414    -5.47626  0.00197082
        5318    -5.56895    -5.47628  0.00197052
        5319    -5.56359     -5.4763  0.00197022
        5320    -5.55852    -5.47631  0.00196991
        5321     -5.5527    -5.47633  0.00196959
        5322    -5.54676    -5.47634  0.00196927
        5323    -5.54071    -5.47635  0.00196893
        5324    -5.53427    -5.47636  0.00196859
        5325    -5.52793    -5.47637  0.00196825
        5326    -5.52126    -5.47638   0.0019679
        5327     -5.5143    -5.47639  0.00196754
        5328    -5.50768    -5.47639  0.00196718
        5329    -5.50022     -5.4764  0.00196682
        5330    -5.49259     -5.4764  0.00196645
        5331    -5.48573     -5.4764  0.00196608
        5332    -5.47893     -5.4764  0.00196571
        5333    -5.47208     -5.4764  0.00196534
        5334     -5.4648     -5.4764  0.00196498
        5335    -5.45847     -5.4764  0.00196461
        5336     -5.4521    -5.47639  0.00196425
        5337    -5.44619    -5.47639  0.00196389
        5338    -5.44064    -5.47638  0.00196353
        5339    -5.43579    -5.47637  0.00196318
        5340    -5.43092    -5.47636  0.00196283
        5341    -5.42606    -5.47635  0.00196248
        5342    -5.42201    -5.47634  0.00196214
        5343    -5.41862    -5.47633  0.00196181
        5344    -5.41591    -5.47632  0.00196147
        5345    -5.41344    -5.47631  0.00196114
        5346    -5.41135     -5.4763  0.00196081
        5347     -5.4098    -5.47629  0.00196048
        5348    -5.40862    -5.47627  0.00196016
        5349    -5.40856    -5.47626  0.00195983
        5350    -5.40914    -5.47625  0.00195951
        5351    -5.41032    -5.47624  0.00195918
        5352     -5.4115    -5.47622  0.00195885
        5353    -5.41354    -5.47621  0.00195852
        5354    -5.41611     -5.4762  0.00195818
        5355    -5.41858    -5.47619  0.00195785
        5356    -5.42105    -5.47618  0.00195751
        5357     -5.4235    -5.47617  0.00195717
        5358    -5.42694    -5.47616  0.00195683
        5359    -5.43119    -5.47615  0.00195648
        5360    -5.43484    -5.47614  0.00195613
        5361    -5.43861    -5.47614  0.00195578
        5362    -5.44261    -5.47613  0.00195542
        5363    -5.44649    -5.47613  0.00195506
        5364    -5.45022    -5.47612  0.00195471
        5365    -5.45376    -5.47612  0.00195435
        5366    -5.45722    -5.47611  0.00195399
        5367    -5.46055    -5.47611  0.00195362
        5368    -5.46435    -5.47611  0.00195326
        5369    -5.46782    -5.47611   0.0019529
        5370    -5.47124    -5.47611  0.00195253
        5371    -5.47475    -5.47611  0.00195217
        5372    -5.47756    -5.47611  0.00195181
        5373    -5.47983    -5.47611  0.00195144
        5374    -5.48215    -5.47611  0.00195108
        5375    -5.48407    -5.47611  0.00195072
        5376    -5.48543    -5.47611  0.00195036
        5377      -5.487    -5.47611     0.00195
        5378    -5.48788    -5.47611  0.00194963
        5379      -5.489    -5.47612  0.00194927
        5380    -5.48946    -5.47612  0.00194891
        5381    -5.49003    -5.47612  0.00194855
        5382    -5.49059    -5.47612  0.00194819
        5383    -5.49071    -5.47613  0.00194783
        5384      -5.491    -5.47613  0.00194747
        5385    -5.49075    -5.47613  0.00194711
        5386    -5.49042    -5.47614  0.00194675
        5387     -5.4905    -5.47614  0.00194639
        5388    -5.49085    -5.47614  0.00194603
        5389    -5.49073    -5.47614  0.00194567
        5390    -5.49108    -5.47615  0.00194531
        5391    -5.49054    -5.47615  0.00194496
        5392    -5.49049    -5.47615   0.0019446
        5393    -5.49034    -5.47615  0.00194424
        5394    -5.49085    -5.47616  0.00194388
        5395    -5.49081    -5.47616  0.00194352
        5396    -5.49084    -5.47616  0.00194316
        5397    -5.49139    -5.47617   0.0019428
        5398    -5.49201    -5.47617  0.00194245
        5399    -5.49284    -5.47617  0.00194209
        5400    -5.49358    -5.47617  0.00194173
        5401    -5.49423    -5.47618  0.00194138
        5402    -5.49463    -5.47618  0.00194102
        5403    -5.49538    -5.47618  0.00194066
        5404    -5.49603    -5.47619  0.00194031
        5405     -5.4961    -5.47619  0.00193995
        5406    -5.49681     -5.4762   0.0019396
        5407     -5.4974     -5.4762  0.00193924
        5408     -5.4983     -5.4762  0.00193889
        5409    -5.49861    -5.47621  0.00193853
        5410    -5.49953    -5.47621  0.00193818
        5411        -5.5    -5.47622  0.00193783
        5412    -5.50045    -5.47622  0.00193747
        5413    -5.50135    -5.47623  0.00193712
        5414    -5.50269    -5.47623  0.00193677
        5415    -5.50326    -5.47624  0.00193642
        5416    -5.50352    -5.47624  0.00193607
        5417    -5.50422    -5.47625  0.00193572
        5418    -5.50522    -5.47625  0.00193537
        5419    -5.50637    -5.47626  0.00193502
        5420    -5.50693    -5.47626  0.00193467
        5421    -5.50767    -5.47627  0.00193432
        5422    -5.50876    -5.47627  0.00193397
        5423    -5.50961    -5.47628  0.00193363
        5424    -5.51072    -5.47629  0.00193328
        5425    -5.51195    -5.47629  0.00193294
        5426    -5.51302     -5.4763  0.00193259
        5427    -5.51473    -5.47631  0.00193225
        5428    -5.51649    -5.47631  0.00193191
        5429    -5.51848    -5.47632  0.00193157
        5430    -5.52071    -5.47633  0.00193123
        5431    -5.52306    -5.47634  0.00193089
        5432    -5.52553    -5.47635  0.00193056
        5433    -5.52798    -5.47636  0.00193023
        5434    -5.53056    -5.47637   0.0019299
        5435    -5.53415    -5.47638  0.00192957
        5436    -5.53784    -5.47639  0.00192925
        5437    -5.54221     -5.4764  0.00192893
        5438    -5.54601    -5.47641  0.00192862
        5439    -5.55042    -5.47643  0.00192831
        5440    -5.55463    -5.47644  0.00192801
        5441    -5.55905    -5.47646  0.00192772
        5442    -5.56365    -5.47647  0.00192743
        5443     -5.5679    -5.47649  0.00192715
        5444    -5.57208    -5.47651  0.00192688
        5445    -5.57566    -5.47653  0.00192661
        5446    -5.58014    -5.47655  0.00192635
        5447    -5.58394    -5.47657  0.00192609
        5448    -5.58748    -5.47659  0.00192585
        5449    -5.59087    -5.47661  0.00192561
        5450    -5.59364    -5.47663  0.00192538
        5451    -5.59605    -5.47665  0.00192515
        5452    -5.59824    -5.47667  0.00192492
        5453    -5.60003    -5.47669   0.0019247
        5454    -5.60141    -5.47672  0.00192449
        5455    -5.60267    -5.47674  0.00192427
        5456    -5.60321    -5.47676  0.00192406
        5457    -5.60377    -5.47679  0.00192385
        5458    -5.60376    -5.47681  0.00192364
        5459    -5.60363    -5.47683  0.00192342
        5460    -5.60233    -5.47686  0.00192321
        5461    -5.60124    -5.47688  0.00192299
        5462    -5.59884     -5.4769  0.00192277
        5463    -5.59636    -5.47692  0.00192254
        5464    -5.59367    -5.47695  0.00192231
        5465    -5.59079    -5.47697  0.00192207
        5466    -5.58696    -5.47699  0.00192182
        5467    -5.58313    -5.47701  0.00192157
        5468    -5.57885    -5.47702  0.00192131
        5469    -5.57446    -5.47704  0.00192104
        5470    -5.57072    -5.47706  0.00192076
        5471      -5.566    -5.47708  0.00192048
        5472    -5.56122    -5.47709  0.00192019
        5473    -5.55611    -5.47711   0.0019199
        5474    -5.55084    -5.47712  0.00191959
        5475    -5.54512    -5.47713  0.00191928
        5476    -5.53975    -5.47714  0.00191897
        5477    -5.53413    -5.47715  0.00191864
        5478    -5.52875    -5.47716  0.00191832
        5479    -5.52303    -5.47717  0.00191798
        5480    -5.51728    -5.47718  0.00191765
        5481    -5.51123    -5.47718  0.00191731
        5482    -5.50565    -5.47719  0.00191697
        5483    -5.49995    -5.47719  0.00191662
        5484    -5.49417     -5.4772  0.00191627
        5485    -5.48876     -5.4772  0.00191593
        5486    -5.48344     -5.4772  0.00191558
        5487    -5.47838     -5.4772  0.00191523
        5488    -5.47344     -5.4772  0.00191488
        5489    -5.46862     -5.4772  0.00191453
        5490    -5.46332     -5.4772  0.00191418
        5491    -5.45846    -5.47719  0.00191384
        5492    -5.45389    -5.47719  0.00191349
        5493    -5.44931    -5.47718  0.00191315
        5494    -5.44502    -5.47718  0.00191281
        5495    -5.43996    -5.47717  0.00191248
        5496    -5.43564    -5.47716  0.00191214
        5497    -5.43161    -5.47715  0.00191181
        5498    -5.42757    -5.47715  0.00191149
        5499    -5.42398    -5.47714  0.00191116
        5500    -5.42024    -5.47713  0.00191085
        5501    -5.41666    -5.47711  0.00191053
        5502    -5.41355     -5.4771  0.00191022
        5503    -5.41033    -5.47709  0.00190991
        5504    -5.40792    -5.47708   0.0019096
        5505    -5.40575    -5.47706   0.0019093
        5506    -5.40291    -5.47705    0.001909
        5507    -5.40051    -5.47704   0.0019087
        5508    -5.39825    -5.47702  0.00190841
        5509    -5.39676    -5.47701  0.00190812
        5510    -5.39547    -5.47699  0.00190783
        5511    -5.39469    -5.47698  0.00190754
        5512    -5.39504    -5.47696  0.00190726
        5513    -5.39534    -5.47695  0.00190697
        5514    -5.39603    -5.47693  0.00190668
        5515    -5.39712    -5.47692  0.00190639
        5516    -5.39816    -5.47691   0.0019061
        5517    -5.39897    -5.47689   0.0019058
        5518    -5.40045    -5.47688  0.00190551
        5519    -5.40303    -5.47686  0.00190521
        5520    -5.40547    -5.47685  0.00190491
        5521    -5.40864    -5.47684   0.0019046
        5522    -5.41144    -5.47683  0.00190429
        5523    -5.41521    -5.47682  0.00190398
        5524    -5.41928    -5.47681  0.00190367
        5525    -5.42301     -5.4768  0.00190335
        5526    -5.42682    -5.47679  0.00190302
        5527    -5.43065    -5.47678   0.0019027
        5528    -5.43431    -5.47677  0.00190237
        5529    -5.43777    -5.47676  0.00190204
        5530    -5.44114    -5.47676  0.00190171
        5531     -5.4444    -5.47675  0.00190137
        5532    -5.44796    -5.47675  0.00190103
        5533    -5.45075    -5.47674   0.0019007
        5534    -5.45382    -5.47674  0.00190036
        5535    -5.45715    -5.47673  0.00190002
        5536    -5.45968    -5.47673  0.00189968
        5537    -5.46201    -5.47673  0.00189933
        5538    -5.46445    -5.47673  0.00189899
        5539     -5.4664    -5.47672  0.00189865
        5540    -5.46804    -5.47672  0.00189831
        5541    -5.46982    -5.47672  0.00189797
        5542    -5.47132    -5.47672  0.00189762
        5543    -5.47271    -5.47672  0.00189728
        5544    -5.47371    -5.47672  0.00189694
        5545    -5.47526    -5.47672   0.0018966
        5546    -5.47694    -5.47672  0.00189626
        5547    -5.47831    -5.47672  0.00189591
        5548    -5.47926    -5.47672  0.00189557
        5549    -5.48071    -5.47672  0.00189523
        5550    -5.48238    -5.47672  0.00189489
        5551    -5.48399    -5.47672  0.00189455
        5552     -5.4854    -5.47672  0.00189421
        5553    -5.48724    -5.47673  0.00189387
        5554    -5.48905    -5.47673  0.00189353
        5555    -5.49054    -5.47673  0.00189319
        5556     -5.4929    -5.47673  0.00189285
        5557    -5.49508    -5.47674  0.00189251
        5558    -5.49736    -5.47674  0.00189218
        5559    -5.49927    -5.47674  0.00189184
        5560    -5.50185    -5.47675  0.00189151
        5561    -5.50418    -5.47675  0.00189117
        5562    -5.50652    -5.47676  0.00189084
        5563    -5.50839    -5.47677  0.00189051
        5564    -5.51098    -5.47677  0.00189018
        5565    -5.51335    -5.47678  0.00188985
        5566    -5.51578    -5.47679  0.00188952
        5567    -5.51839    -5.47679   0.0018892
        5568    -5.52086     -5.4768  0.00188888
        5569    -5.52271    -5.47681  0.00188856
        5570    -5.52439    -5.47682  0.00188824
        5571    -5.52571    -5.47683  0.00188792
        5572    -5.52699    -5.47683   0.0018876
        5573    -5.52836    -5.47684  0.00188728
        5574    -5.52907    -5.47685  0.00188697
        5575    -5.53017    -5.47686  0.00188665
        5576    -5.53001    -5.47687  0.00188634
        5577    -5.52981    -5.47688  0.00188603
        5578    -5.53017    -5.47689  0.00188571
        5579    -5.52991     -5.4769   0.0018854
        5580     -5.5292    -5.47691  0.00188508
        5581    -5.52879    -5.47692  0.00188477
        5582    -5.52827    -5.47693  0.00188445
        5583    -5.52765    -5.47694  0.00188414
        5584    -5.52649    -5.47695  0.00188382
        5585    -5.52572    -5.47696   0.0018835
        5586    -5.52521    -5.47696  0.00188319
        5587    -5.52377    -5.47697  0.00188287
        5588    -5.52324    -5.47698  0.00188255
        5589    -5.52272    -5.47699  0.00188223
        5590    -5.52254      -5.477  0.00188191
        5591    -5.52195    -5.47701  0.00188159
        5592    -5.52114    -5.47701  0.00188127
        5593     -5.5207    -5.47702  0.00188095
        5594    -5.52051    -5.47703  0.00188063
        5595    -5.52012    -5.47704  0.00188031
        5596    -5.51984    -5.47704  0.00187999
        5597    -5.51953    -5.47705  0.00187967
        5598    -5.51918    -5.47706  0.00187935
        5599     -5.5191    -5.47707  0.00187903
        5600    -5.51944    -5.47707  0.00187871
        5601    -5.52005    -5.47708  0.00187839
        5602     -5.5206    -5.47709  0.00187807
        5603    -5.52081     -5.4771  0.00187775
        5604    -5.52156    -5.47711  0.00187743
        5605    -5.52209    -5.47711  0.00187711
        5606    -5.52299    -5.47712   0.0018768
        5607     -5.5238    -5.47713  0.00187648
        5608     -5.5239    -5.47714  0.00187616
        5609    -5.52494    -5.47715  0.00187585
        5610      -5.526    -5.47716  0.00187554
        5611    -5.52691    -5.47716  0.00187522
        5612    -5.52767    -5.47717  0.00187491
        5613     -5.5287    -5.47718   0.0018746
        5614    -5.52955    -5.47719  0.00187429
        5615    -5.52975     -5.4772  0.00187398
        5616    -5.53018    -5.47721  0.00187367
        5617    -5.53039    -5.47722  0.00187336
        5618    -5.53065    -5.47723  0.00187305
        5619    -5.53111    -5.47724  0.00187274
        5620    -5.53129    -5.47725  0.00187243
        5621    -5.53148    -5.47726  0.00187212
        5622    -5.53107    -5.47727  0.00187181
        5623    -5.53093    -5.47728  0.00187151
        5624    -5.53075    -5.47729   0.0018712
        5625    -5.53052     -5.4773  0.00187089
        5626    -5.52961    -5.47731  0.00187058
        5627    -5.52862    -5.47732  0.00187027
        5628    -5.52723    -5.47732  0.00186996
        5629    -5.52557    -5.47733  0.00186964
        5630    -5.52409    -5.47734  0.00186933
        5631    -5.52218    -5.47735  0.00186902
        5632    -5.51997    -5.47736   0.0018687
        5633    -5.51762    -5.47736  0.00186838
        5634    -5.51466    -5.47737  0.00186806
        5635     -5.5114    -5.47738  0.00186774
        5636    -5.50798    -5.47738  0.00186742
        5637    -5.50442    -5.47739  0.00186709
        5638    -5.50102    -5.47739  0.00186676
        5639    -5.49613    -5.47739  0.00186644
        5640    -5.49144     -5.4774  0.00186611
        5641    -5.48664     -5.4774  0.00186578
        5642    -5.48177     -5.4774  0.00186545
        5643    -5.47609     -5.4774  0.00186512
        5644    -5.47025     -5.4774  0.00186479
        5645    -5.46456     -5.4774  0.00186446
        5646    -5.45877    -5.47739  0.00186413
        5647    -5.45291    -5.47739   0.0018638
        5648    -5.44687    -5.47738  0.00186348
        5649    -5.44055    -5.47738  0.00186316
        5650    -5.43459    -5.47737  0.00186285
        5651    -5.42935    -5.47736  0.00186254
        5652     -5.4232    -5.47735  0.00186223
        5653    -5.41786    -5.47734  0.00186193
        5654    -5.41307    -5.47733  0.00186164
        5655    -5.40872    -5.47732  0.00186135
        5656    -5.40381     -5.4773  0.00186107
        5657    -5.39956    -5.47729  0.00186079
        5658    -5.39617    -5.47727  0.00186051
        5659    -5.39352    -5.47726  0.00186024
        5660    -5.39087    -5.47724  0.00185998
        5661    -5.38915    -5.47723  0.00185972
        5662    -5.38716    -5.47721  0.00185945
        5663    -5.38565     -5.4772   0.0018592
        5664    -5.38463    -5.47718  0.00185894
        5665    -5.38394    -5.47716  0.00185869
        5666     -5.3834    -5.47715  0.00185843
        5667    -5.38376    -5.47713  0.00185818
        5668    -5.38468    -5.47712  0.00185792
        5669    -5.38554     -5.4771  0.00185766
        5670    -5.38659    -5.47708   0.0018574
        5671     -5.3884    -5.47707  0.00185714
        5672    -5.39078    -5.47705  0.00185688
        5673     -5.3931    -5.47704  0.00185661
        5674     -5.3959    -5.47702  0.00185634
        5675    -5.39839    -5.47701  0.00185606
        5676    -5.40158      -5.477  0.00185578
        5677    -5.40423    -5.47698   0.0018555
        5678    -5.40705    -5.47697  0.00185521
        5679    -5.41001    -5.47696  0.00185492
        5680    -5.41276    -5.47695  0.00185463
        5681    -5.41527    -5.47694  0.00185434
        5682    -5.41798    -5.47693  0.00185404
        5683     -5.4204    -5.47692  0.00185374
        5684    -5.42265    -5.47691  0.00185344
        5685    -5.42518     -5.4769  0.00185313
        5686    -5.42751    -5.47689  0.00185283
        5687    -5.42963    -5.47688  0.00185252
        5688    -5.43138    -5.47687  0.00185221
        5689    -5.43259    -5.47687   0.0018519
        5690    -5.43372    -5.47686  0.00185159
        5691    -5.43537    -5.47685  0.00185128
        5692    -5.43632    -5.47684  0.00185097
        5693    -5.43657    -5.47684  0.00185066
        5694    -5.43673    -5.47683  0.00185035
        5695    -5.43696    -5.47682  0.00185004
        5696     -5.4368    -5.47681  0.00184972
        5697    -5.43657    -5.47681  0.00184941
        5698    -5.43598     -5.4768   0.0018491
        5699    -5.43532    -5.47679  0.00184879
        5700    -5.43432    -5.47679  0.00184848
        5701    -5.43282    -5.47678  0.00184818
        5702    -5.43115    -5.47677  0.00184787
        5703    -5.42947    -5.47676  0.00184756
        5704    -5.42793    -5.47675  0.00184726
        5705    -5.42595    -5.47674  0.00184696
        5706    -5.42399    -5.47674  0.00184666
        5707    -5.42116    -5.47673  0.00184636
        5708    -5.41837    -5.47672  0.00184606
        5709    -5.41626     -5.4767  0.00184577
        5710    -5.41377    -5.47669  0.00184548
        5711    -5.41121    -5.47668  0.00184519
        5712    -5.40861    -5.47667  0.00184491
        5713    -5.40611    -5.47666  0.00184463
        5714    -5.40314    -5.47665  0.00184435
        5715     -5.4006    -5.47663  0.00184407
        5716    -5.39805    -5.47662   0.0018438
        5717    -5.39507     -5.4766  0.00184353
        5718    -5.39255    -5.47659  0.00184327
        5719    -5.38976    -5.47657  0.00184301
        5720    -5.38687    -5.47656  0.00184276
        5721    -5.38432    -5.47654   0.0018425
        5722     -5.3823    -5.47653  0.00184226
        5723    -5.37989    -5.47651  0.00184201
        5724    -5.37757    -5.47649  0.00184177
        5725    -5.37489    -5.47647  0.00184153
        5726    -5.37292    -5.47646   0.0018413
        5727    -5.37061    -5.47644  0.00184107
        5728    -5.36888    -5.47642  0.00184085
        5729    -5.36666     -5.4764  0.00184063
        5730    -5.36503    -5.47638  0.00184041
        5731    -5.36338    -5.47636  0.00184019
        5732    -5.36233    -5.47634  0.00183998
        5733    -5.36083    -5.47632  0.00183977
        5734    -5.36022     -5.4763  0.00183956
        5735    -5.35946    -5.47628  0.00183935
        5736    -5.35916    -5.47626  0.00183914
        5737    -5.35839    -5.47624  0.00183894
        5738    -5.35808    -5.47622  0.00183873
        5739     -5.3576     -5.4762  0.00183853
        5740    -5.35742    -5.47618  0.00183832
        5741    -5.35753    -5.47616  0.00183812
        5742    -5.35717    -5.47614  0.00183792
        5743    -5.35723    -5.47611  0.00183771
        5744    -5.35787    -5.47609  0.00183751
        5745    -5.35786    -5.47607   0.0018373
        5746    -5.35781    -5.47605   0.0018371
        5747    -5.35845    -5.47603  0.00183689
        5748    -5.35917    -5.47601  0.00183669
        5749    -5.36027    -5.47599  0.00183648
        5750    -5.36082    -5.47597  0.00183627
        5751    -5.36171    -5.47595  0.00183605
        5752    -5.36264    -5.47593  0.00183584
        5753    -5.36375    -5.47591  0.00183563
        5754    -5.36456    -5.47589  0.00183541
        5755    -5.36537    -5.47587  0.00183519
        5756    -5.36649    -5.47585  0.00183497
        5757     -5.3676    -5.47584  0.00183475
        5758    -5.36885    -5.47582  0.00183452
        5759    -5.37009     -5.4758   0.0018343
        5760    -5.37101    -5.47578  0.00183407
        5761    -5.37164    -5.47576  0.00183384
        5762    -5.37287    -5.47575  0.00183361
        5763    -5.37366    -5.47573  0.00183337
        5764    -5.37462    -5.47571  0.00183314
        5765     -5.3756    -5.47569  0.00183291
        5766    -5.37648    -5.47568  0.00183267
        5767    -5.37786    -5.47566  0.00183243
        5768      -5.379    -5.47564  0.00183219
        5769    -5.38005    -5.47562  0.00183194
        5770    -5.38118    -5.47561   0.0018317
        5771    -5.38238    -5.47559  0.00183145
        5772     -5.3841    -5.47558  0.00183121
        5773    -5.38545    -5.47556  0.00183095
        5774    -5.38701    -5.47555   0.0018307
        5775    -5.38893    -5.47553  0.00183045
        5776    -5.39029    -5.47552  0.00183019
        5777    -5.39258     -5.4755  0.00182993
        5778    -5.39459    -5.47549  0.00182967
        5779      -5.396    -5.47547   0.0018294
        5780    -5.39783    -5.47546  0.00182913
        5781    -5.39933    -5.47545  0.00182886
        5782    -5.40092    -5.47543  0.00182859
        5783    -5.40228    -5.47542  0.00182832
        5784    -5.40371    -5.47541  0.00182805
        5785    -5.40533     -5.4754  0.00182777
        5786    -5.40654    -5.47539  0.00182749
        5787    -5.40747    -5.47537  0.00182722
        5788    -5.40871    -5.47536  0.00182694
        5789    -5.40906    -5.47535  0.00182666
        5790    -5.40988    -5.47534  0.00182638
        5791     -5.4104    -5.47533   0.0018261
        5792    -5.41064    -5.47532  0.00182581
        5793    -5.41089    -5.47531  0.00182553
        5794    -5.41102    -5.47529  0.00182525
        5795    -5.41133    -5.47528  0.00182497
        5796    -5.41092    -5.47527  0.00182469
        5797    -5.41072    -5.47526  0.00182441
        5798    -5.41044    -5.47525  0.00182413
        5799    -5.40993    -5.47524  0.00182385
        5800    -5.40951    -5.47523  0.00182357
        5801    -5.40888    -5.47522  0.00182329
        5802    -5.40805     -5.4752  0.00182301
        5803    -5.40734    -5.47519  0.00182274
        5804    -5.40645    -5.47518  0.00182246
        5805    -5.40585    -5.47517  0.00182219
        5806    -5.40537    -5.47516  0.00182191
        5807    -5.40489    -5.47514  0.00182164
        5808    -5.40424    -5.47513  0.00182137
        5809    -5.40314    -5.47512  0.00182109
        5810    -5.40234    -5.47511  0.00182082
        5811    -5.40214     -5.4751  0.00182055
        5812    -5.40179    -5.47508  0.00182028
        5813    -5.40085    -5.47507  0.00182002
        5814    -5.40068    -5.47506  0.00181975
        5815    -5.39993    -5.47504  0.00181948
        5816     -5.3992    -5.47503  0.00181921
        5817    -5.39897    -5.47502  0.00181895
        5818    -5.39848      -5.475  0.00181868
        5819     -5.3979    -5.47499  0.00181842
        5820      -5.398    -5.47498  0.00181815
        5821    -5.39756    -5.47497  0.00181789
        5822    -5.39706    -5.47495  0.00181763
        5823    -5.39739    -5.47494  0.00181736
        5824    -5.39707    -5.47493   0.0018171
        5825    -5.39714    -5.47491  0.00181684
        5826    -5.39684     -5.4749  0.00181658
        5827    -5.39679    -5.47488  0.00181631
        5828    -5.39757    -5.47487  0.00181605
        5829    -5.39812    -5.47486  0.00181579
        5830    -5.39872    -5.47485  0.00181552
        5831    -5.39921    -5.47483  0.00181526
        5832    -5.39896    -5.47482  0.00181499
        5833    -5.39946    -5.47481  0.00181473
        5834    -5.40009    -5.47479  0.00181446
        5835    -5.40082    -5.47478   0.0018142
        5836    -5.40102    -5.47477  0.00181393
        5837    -5.40096    -5.47476  0.00181366
        5838    -5.40154    -5.47474  0.00181339
        5839     -5.4015    -5.47473  0.00181313
        5840    -5.40128    -5.47472  0.00181286
        5841    -5.40056    -5.47471  0.00181259
        5842    -5.39993    -5.47469  0.00181233
        5843    -5.39845    -5.47468  0.00181207
        5844    -5.39747    -5.47467   0.0018118
        5845    -5.39548    -5.47465  0.00181155
        5846    -5.39398    -5.47464  0.00181129
        5847    -5.39174    -5.47462  0.00181103
        5848    -5.38938    -5.47461  0.00181078
        5849    -5.38628     -5.4746  0.00181054
        5850    -5.38352    -5.47458  0.00181029
        5851     -5.3805    -5.47456  0.00181006
        5852    -5.37723    -5.47455  0.00180982
        5853    -5.37341    -5.47453   0.0018096
        5854    -5.36983    -5.47451  0.00180937
        5855    -5.36559    -5.47449  0.00180916
        5856    -5.36192    -5.47447  0.00180895
        5857    -5.35718    -5.47445  0.00180876
        5858     -5.3526    -5.47443  0.00180857
        5859    -5.34836    -5.47441  0.00180839
        5860    -5.34402    -5.47439  0.00180822
        5861    -5.33932    -5.47437  0.00180805
        5862    -5.33427    -5.47434   0.0018079
        5863    -5.33027    -5.47432  0.00180776
        5864    -5.32551    -5.47429  0.00180763
        5865    -5.32095    -5.47427  0.00180751
        5866    -5.31614    -5.47424  0.00180741
        5867    -5.31171    -5.47421  0.00180731
        5868    -5.30708    -5.47418  0.00180723
        5869    -5.30257    -5.47415  0.00180715
        5870    -5.29836    -5.47412  0.00180709
        5871      -5.294    -5.47409  0.00180705
        5872    -5.29028    -5.47406  0.00180701
        5873    -5.28674    -5.47403  0.00180698
        5874    -5.28326      -5.474  0.00180697
        5875    -5.27969    -5.47396  0.00180696
        5876     -5.2768    -5.47393  0.00180697
        5877    -5.27412     -5.4739  0.00180698
        5878    -5.27152    -5.47386    0.001807
        5879    -5.26929    -5.47383  0.00180703
        5880    -5.26728    -5.47379  0.00180706
        5881    -5.26533    -5.47376   0.0018071
        5882    -5.26344    -5.47372  0.00180715
        5883    -5.26175    -5.47369   0.0018072
        5884    -5.26054    -5.47365  0.00180726
        5885    -5.25966    -5.47361  0.00180732
        5886    -5.25878    -5.47358  0.00180738
        5887    -5.25835    -5.47354  0.00180744
        5888    -5.25805     -5.4735   0.0018075
        5889     -5.2574    -5.47347  0.00180757
        5890    -5.25701    -5.47343  0.00180764
        5891    -5.25685    -5.47339   0.0018077
        5892    -5.25631    -5.47336  0.00180777
        5893    -5.25597    -5.47332  0.00180784
        5894    -5.25598    -5.47328  0.00180791
        5895    -5.25588    -5.47325  0.00180798
        5896     -5.2555    -5.47321  0.00180805
        5897    -5.25499    -5.47317  0.00180812
        5898    -5.25496    -5.47313  0.00180819
        5899    -5.25478     -5.4731  0.00180827
        5900    -5.25431    -5.47306  0.00180834
        5901    -5.25385    -5.47302  0.00180842
        5902    -5.25402    -5.47299  0.00180849
        5903    -5.25359    -5.47295  0.00180856
        5904    -5.25347    -5.47291  0.00180864
        5905    -5.25308    -5.47287  0.00180872
        5906     -5.2527    -5.47284   0.0018088
        5907    -5.25266     -5.4728  0.00180887
        5908    -5.25279    -5.47276  0.00180895
        5909    -5.25281    -5.47273  0.00180903
        5910    -5.25302    -5.47269   0.0018091
        5911    -5.25342    -5.47265  0.00180918
        5912     -5.2534    -5.47261  0.00180925
        5913    -5.25403    -5.47258  0.00180932
        5914     -5.2544    -5.47254  0.00180939
        5915    -5.25436     -5.4725  0.00180946
        5916    -5.25481    -5.47247  0.00180953
        5917      -5.255    -5.47243   0.0018096
        5918    -5.25568    -5.47239  0.00180966
        5919    -5.25624    -5.47236  0.00180973
        5920    -5.25668    -5.47232  0.00180979
        5921    -5.25791    -5.47228  0.00180984
        5922    -5.25781    -5.47225   0.0018099
        5923     -5.2582    -5.47221  0.00180996
        5924    -5.25877    -5.47218  0.00181001
        5925    -5.25938    -5.47214  0.00181006
        5926    -5.25988     -5.4721  0.00181011
        5927    -5.26073    -5.47207  0.00181015
        5928    -5.26133    -5.47203   0.0018102
        5929    -5.26229      -5.472  0.00181024
        5930    -5.26333    -5.47196  0.00181027
        5931    -5.26428    -5.47193  0.00181031
        5932    -5.26564    -5.47189  0.00181034
        5933    -5.26664    -5.47186  0.00181036
        5934    -5.26775    -5.47182  0.00181038
        5935    -5.26899    -5.47179   0.0018104
        5936    -5.27081    -5.47176  0.00181041
        5937    -5.27248    -5.47172  0.00181042
        5938    -5.27415    -5.47169  0.00181042
        5939    -5.27614    -5.47166  0.00181041
        5940    -5.27784    -5.47162   0.0018104
        5941    -5.28003    -5.47159  0.00181039
        5942     -5.2824    -5.47156  0.00181036
        5943    -5.28465    -5.47153  0.00181033
        5944      -5.288     -5.4715  0.00181029
        5945    -5.29125    -5.47147  0.00181024
        5946    -5.29438    -5.47144  0.00181018
        5947    -5.29787    -5.47141  0.00181011
        5948    -5.30169    -5.47138  0.00181003
        5949    -5.30541    -5.47135  0.00180994
        5950    -5.30915    -5.47132  0.00180984
        5951    -5.31368     -5.4713  0.00180973
        5952    -5.31778    -5.47127  0.00180961
        5953    -5.32204    -5.47125  0.00180948
        5954    -5.32675    -5.47122  0.00180934
        5955    -5.33221     -5.4712  0.00180919
        5956    -5.33734    -5.47118  0.00180902
        5957    -5.34258    -5.47115  0.00180885
        5958    -5.34746    -5.47113  0.00180866
        5959    -5.35332    -5.47111  0.00180847
        5960    -5.35894     -5.4711  0.00180826
        5961    -5.36399    -5.47108  0.00180805
        5962    -5.36935    -5.47106  0.00180783
        5963    -5.37487    -5.47104  0.00180759
        5964    -5.38035    -5.47103  0.00180736
        5965    -5.38564    -5.47101  0.00180711
        5966    -5.39085      -5.471  0.00180686
        5967    -5.39688    -5.47099   0.0018066
        5968    -5.40235    -5.47098  0.00180633
        5969    -5.40768    -5.47097  0.00180606
        5970     -5.4121    -5.47096  0.00180578
        5971    -5.41664    -5.47095   0.0018055
        5972     -5.4207    -5.47094  0.00180522
        5973     -5.4247    -5.47093  0.00180493
        5974    -5.42817    -5.47092  0.00180465
        5975    -5.43202    -5.47092  0.00180436
        5976    -5.43501    -5.47091  0.00180406
        5977    -5.43789    -5.47091  0.00180377
        5978    -5.44095     -5.4709  0.00180348
        5979    -5.44327     -5.4709  0.00180318
        5980     -5.4456    -5.47089  0.00180288
        5981    -5.44749    -5.47089  0.00180259
        5982    -5.44922    -5.47088  0.00180229
        5983    -5.45035    -5.47088  0.00180199
        5984    -5.45133    -5.47088  0.00180169
        5985     -5.4523    -5.47088  0.00180139
        5986    -5.45311    -5.47087   0.0018011
        5987    -5.45347    -5.47087   0.0018008
        5988    -5.45291    -5.47087   0.0018005
        5989    -5.45222    -5.47086   0.0018002
        5990    -5.45124    -5.47086   0.0017999
        5991    -5.44998    -5.47086  0.00179961
        5992    -5.44861    -5.47085  0.00179931
        5993    -5.44743    -5.47085  0.00179901
        5994    -5.44616    -5.47084  0.00179872
        5995    -5.44376    -5.47084  0.00179842
        5996    -5.44192    -5.47084  0.00179813
        5997    -5.43945    -5.47083  0.00179784
        5998    -5.43682    -5.47082  0.00179755
        5999    -5.43452    -5.47082  0.00179726
        6000    -5.43197    -5.47081  0.00179697
        6001    -5.42876     -5.4708  0.00179669
        6002    -5.42568     -5.4708   0.0017964
        6003    -5.42306    -5.47079  0.00179612
        6004    -5.42018    -5.47078  0.00179584
        6005    -5.41725    -5.47077  0.00179556
        6006    -5.41567    -5.47076  0.00179529
        6007    -5.41335    -5.47075  0.00179501
        6008     -5.4108    -5.47074  0.00179474
        6009    -5.40926    -5.47073  0.00179447
        6010    -5.40831    -5.47072  0.00179421
        6011    -5.40694    -5.47071  0.00179394
        6012    -5.40608     -5.4707  0.00179367
        6013    -5.40485    -5.47069  0.00179341
        6014    -5.40464    -5.47068  0.00179314
        6015      -5.405    -5.47067  0.00179288
        6016    -5.40612    -5.47066  0.00179261
        6017    -5.40722    -5.47065  0.00179235
        6018    -5.40908    -5.47064  0.00179208
        6019    -5.41184    -5.47063  0.00179181
        6020    -5.41459    -5.47062  0.00179153
        6021    -5.41777    -5.47061  0.00179126
        6022     -5.4212     -5.4706  0.00179098
        6023    -5.42517    -5.47059   0.0017907
        6024     -5.4295    -5.47059  0.00179041
        6025    -5.43417    -5.47058  0.00179012
        6026    -5.43869    -5.47058  0.00178984
        6027    -5.44409    -5.47057  0.00178954
        6028    -5.44957    -5.47057  0.00178925
        6029    -5.45525    -5.47056  0.00178896
        6030    -5.46141    -5.47056  0.00178866
        6031    -5.46739    -5.47056  0.00178836
        6032    -5.47317    -5.47056  0.00178807
        6033    -5.47887    -5.47056  0.00178777
        6034    -5.48504    -5.47057  0.00178748
        6035    -5.49092    -5.47057  0.00178718
        6036    -5.49707    -5.47057  0.00178689
        6037    -5.50241    -5.47058   0.0017866
        6038    -5.50811    -5.47059  0.00178632
        6039    -5.51384    -5.47059  0.00178604
        6040    -5.51973     -5.4706  0.00178576
        6041    -5.52531    -5.47061  0.00178549
        6042    -5.53054    -5.47062  0.00178522
        6043    -5.53556    -5.47063  0.00178496
        6044    -5.54035    -5.47064   0.0017847
        6045    -5.54518    -5.47065  0.00178445
        6046    -5.54944    -5.47067   0.0017842
        6047    -5.55356    -5.47068  0.00178396
        6048    -5.55752     -5.4707  0.00178372
        6049    -5.56116    -5.47071  0.00178349
        6050    -5.56431    -5.47073  0.00178326
        6051    -5.56695    -5.47074  0.00178304
        6052    -5.56877    -5.47076  0.00178281
        6053    -5.57036    -5.47078   0.0017826
        6054    -5.57171    -5.47079  0.00178238
        6055    -5.57266    -5.47081  0.00178216
        6056    -5.57411    -5.47083  0.00178195
        6057    -5.57439    -5.47084  0.00178174
        6058    -5.57456    -5.47086  0.00178153
        6059    -5.57415    -5.47088  0.00178131
        6060    -5.57316    -5.47089   0.0017811
        6061     -5.5713    -5.47091  0.00178088
        6062    -5.56948    -5.47093  0.00178066
        6063    -5.56739    -5.47094  0.00178044
        6064     -5.5646    -5.47096  0.00178022
        6065    -5.56172    -5.47097  0.00177998
        6066    -5.55815    -5.47099  0.00177975
        6067    -5.55452      -5.471  0.00177951
        6068    -5.54995    -5.47101  0.00177926
        6069    -5.54566    -5.47103  0.00177901
        6070    -5.54077    -5.47104  0.00177876
        6071    -5.53486    -5.47105  0.00177849
        6072    -5.53037    -5.47106  0.00177823
        6073    -5.52507    -5.47107  0.00177796
        6074    -5.51945    -5.47108  0.00177768
        6075    -5.51339    -5.47108   0.0017774
        6076    -5.50768    -5.47109  0.00177712
        6077    -5.50161    -5.47109  0.00177684
        6078    -5.49522     -5.4711  0.00177655
        6079    -5.48915     -5.4711  0.00177626
        6080    -5.48343     -5.4711  0.00177597
        6081    -5.47796     -5.4711  0.00177568
        6082    -5.47261     -5.4711  0.00177538
        6083    -5.46713     -5.4711  0.00177509
        6084    -5.46169     -5.4711   0.0017748
        6085    -5.45723     -5.4711  0.00177451
        6086    -5.45257     -5.4711  0.00177422
        6087    -5.44818    -5.47109  0.00177393
        6088    -5.44364    -5.47109  0.00177365
        6089    -5.43985    -5.47108  0.00177337
        6090    -5.43638    -5.47108  0.00177308
        6091    -5.43278    -5.47107   0.0017728
        6092    -5.42952    -5.47106  0.00177253
        6093    -5.42688    -5.47106  0.00177225
        6094    -5.42457    -5.47105  0.00177198
        6095    -5.42212    -5.47104   0.0017717
        6096    -5.42074    -5.47103  0.00177143
        6097    -5.41876    -5.47102  0.00177116
        6098    -5.41736    -5.47102  0.00177089
        6099    -5.41669    -5.47101  0.00177062
        6100    -5.41582      -5.471  0.00177036
        6101    -5.41549    -5.47099  0.00177009
        6102    -5.41538    -5.47098  0.00176982
        6103    -5.41548    -5.47097  0.00176956
        6104    -5.41623    -5.47096  0.00176929
        6105     -5.4167    -5.47095  0.00176902
        6106    -5.41718    -5.47094  0.00176876
        6107    -5.41826    -5.47093  0.00176849
        6108    -5.41918    -5.47093  0.00176822
        6109    -5.41993    -5.47092  0.00176795
        6110    -5.42127    -5.47091  0.00176768
        6111    -5.42197     -5.4709  0.00176741
        6112    -5.42399    -5.47089  0.00176713
        6113    -5.42569    -5.47089  0.00176686
        6114    -5.42735    -5.47088  0.00176658
        6115    -5.42898    -5.47087  0.00176631
        6116    -5.43088    -5.47087  0.00176603
        6117     -5.4329    -5.47086  0.00176575
        6118    -5.43489    -5.47085  0.00176548
        6119    -5.43715    -5.47085   0.0017652
        6120    -5.43969    -5.47084  0.00176492
        6121    -5.44235    -5.47084  0.00176463
        6122    -5.44527    -5.47083  0.00176435
        6123    -5.44756    -5.47083  0.00176407
        6124    -5.45085    -5.47083  0.00176378
        6125    -5.45454    -5.47082  0.00176349
        6126    -5.45787    -5.47082  0.00176321
        6127    -5.46067    -5.47082  0.00176292
        6128    -5.46368    -5.47082  0.00176263
        6129    -5.46657    -5.47082  0.00176235
        6130    -5.46964    -5.47082  0.00176206
        6131    -5.47225    -5.47082  0.00176177
        6132     -5.4759    -5.47082  0.00176148
        6133    -5.47904    -5.47082   0.0017612
        6134    -5.48197    -5.47082  0.00176091
        6135    -5.48465    -5.47083  0.00176063
        6136    -5.48781    -5.47083  0.00176034
        6137    -5.49038    -5.47083  0.00176006
        6138    -5.49294    -5.47083  0.00175977
        6139    -5.49501    -5.47084  0.00175949
        6140    -5.49732    -5.47084  0.00175921
        6141    -5.49925    -5.47085  0.00175893
        6142    -5.50048    -5.47085  0.00175865
        6143     -5.5019    -5.47086  0.00175837
        6144     -5.5032    -5.47086  0.00175809
        6145    -5.50375    -5.47087  0.00175781
        6146    -5.50385    -5.47087  0.00175754
        6147    -5.50394    -5.47088  0.00175726
        6148    -5.50388    -5.47088  0.00175698
        6149    -5.50334    -5.47089   0.0017567
        6150    -5.50204    -5.47089  0.00175643
        6151    -5.50132     -5.4709  0.00175615
        6152    -5.49969     -5.4709  0.00175587
        6153    -5.49821    -5.47091  0.00175559
        6154    -5.49643    -5.47091  0.00175531
        6155    -5.49406    -5.47092  0.00175503
        6156    -5.49172    -5.47092  0.00175474
        6157    -5.48896    -5.47092  0.00175446
        6158    -5.48567    -5.47093  0.00175418
        6159    -5.48261    -5.47093   0.0017539
        6160     -5.4795    -5.47093  0.00175361
        6161    -5.47545    -5.47093  0.00175333
        6162    -5.47141    -5.47093  0.00175304
        6163    -5.46724    -5.47093  0.00175276
        6164    -5.46343    -5.47093  0.00175247
        6165    -5.45954    -5.47093  0.00175219
        6166    -5.45516    -5.47092  0.00175191
        6167    -5.45123    -5.47092  0.00175163
        6168    -5.44686    -5.47092  0.00175135
        6169    -5.44254    -5.47091  0.00175107
        6170    -5.43891    -5.47091  0.00175079
        6171    -5.43538     -5.4709  0.00175052
        6172    -5.43169    -5.47089  0.00175025
        6173    -5.42816    -5.47089  0.00174998
        6174    -5.42481    -5.47088  0.00174971
        6175    -5.42198    -5.47087  0.00174944
        6176    -5.41909    -5.47086  0.00174918
        6177    -5.41629    -5.47085  0.00174892
        6178    -5.41376    -5.47085  0.00174866
        6179    -5.41181    -5.47084   0.0017484
        6180    -5.41031    -5.47083  0.00174815
        6181    -5.40897    -5.47082  0.00174789
        6182    -5.40763    -5.47081  0.00174764
        6183    -5.40661     -5.4708  0.00174739
        6184    -5.40622    -5.47079  0.00174714
        6185     -5.4063    -5.47077  0.00174689
        6186     -5.4061    -5.47076  0.00174664
        6187    -5.40667    -5.47075  0.00174638
        6188    -5.40757    -5.47074  0.00174613
        6189    -5.40878    -5.47073  0.00174588
        6190    -5.41015    -5.47072  0.00174562
        6191    -5.41229    -5.47071  0.00174537
        6192    -5.41413    -5.47071  0.00174511
        6193    -5.41642     -5.4707  0.00174485
        6194    -5.41901    -5.47069  0.00174459
        6195     -5.4216    -5.47068  0.00174432
        6196    -5.42448    -5.47067  0.00174406
        6197     -5.4281    -5.47067  0.00174379
        6198    -5.43171    -5.47066  0.00174352
        6199    -5.43576    -5.47065  0.00174325
        6200    -5.44009    -5.47065  0.00174297
        6201    -5.44409    -5.47064   0.0017427
        6202    -5.44913    -5.47064  0.00174242
        6203    -5.45413    -5.47064  0.00174214
        6204    -5.45955    -5.47064  0.00174186
        6205    -5.46539    -5.47064  0.00174158
        6206    -5.47102    -5.47064   0.0017413
        6207    -5.47734    -5.47064  0.00174102
        6208    -5.48373    -5.47064  0.00174074
        6209    -5.49048    -5.47064  0.00174046
        6210    -5.49743    -5.47065  0.00174019
        6211    -5.50423    -5.47065  0.00173992
        6212    -5.51133    -5.47066  0.00173965
        6213    -5.51899    -5.47067  0.00173939
        6214    -5.52659    -5.47068  0.00173913
        6215    -5.53454    -5.47069  0.00173888
        6216    -5.54206     -5.4707  0.00173864
        6217    -5.54956    -5.47071  0.00173841
        6218    -5.55701    -5.47072  0.00173818
        6219     -5.5642    -5.47074  0.00173797
        6220    -5.57156    -5.47076  0.00173776
        6221    -5.57829    -5.47077  0.00173757
        6222    -5.58527    -5.47079  0.00173739
        6223    -5.59199    -5.47081  0.00173722
        6224    -5.59842    -5.47083  0.00173706
        6225    -5.60424    -5.47085  0.00173691
        6226     -5.6103    -5.47087  0.00173678
        6227    -5.61523     -5.4709  0.00173665
        6228    -5.62035    -5.47092  0.00173654
        6229    -5.62488    -5.47095  0.00173644
        6230    -5.62881    -5.47097  0.00173635
        6231    -5.63226      -5.471  0.00173626
        6232    -5.63538    -5.47102  0.00173618
        6233    -5.63754    -5.47105  0.00173611
        6234     -5.6398    -5.47108  0.00173604
        6235    -5.64109    -5.47111  0.00173598
        6236    -5.64186    -5.47113  0.00173591
        6237     -5.6418    -5.47116  0.00173585
        6238    -5.64167    -5.47119  0.00173579
        6239    -5.64028    -5.47121  0.00173572
        6240    -5.63913    -5.47124  0.00173565
        6241    -5.63734    -5.47127  0.00173558
        6242     -5.6352    -5.47129   0.0017355
        6243    -5.63183    -5.47132  0.00173541
        6244    -5.62935    -5.47135  0.00173532
        6245    -5.62611    -5.47137  0.00173522
        6246    -5.62229    -5.47139  0.00173511
        6247    -5.61774    -5.47142  0.00173499
        6248    -5.61309    -5.47144  0.00173486
        6249     -5.6082    -5.47146  0.00173472
        6250    -5.60248    -5.47148  0.00173457
        6251    -5.59641     -5.4715  0.00173441
        6252    -5.59031    -5.47152  0.00173423
        6253    -5.58435    -5.47154  0.00173405
        6254    -5.57734    -5.47156  0.00173385
        6255    -5.56945    -5.47157  0.00173365
        6256    -5.56221    -5.47159  0.00173343
        6257    -5.55413     -5.4716   0.0017332
        6258    -5.54599    -5.47161  0.00173297
        6259     -5.5381    -5.47162  0.00173272
        6260     -5.5296    -5.47163  0.00173247
        6261    -5.52064    -5.47164  0.00173221
        6262    -5.51215    -5.47165  0.00173195
        6263    -5.50312    -5.47165  0.00173168
        6264    -5.49431    -5.47166  0.00173141
        6265    -5.48545    -5.47166  0.00173113
        6266    -5.47657    -5.47166  0.00173085
        6267    -5.46771    -5.47166  0.00173058
        6268    -5.45933    -5.47166   0.0017303
        6269    -5.45057    -5.47165  0.00173003
        6270    -5.44192    -5.47165  0.00172976
        6271    -5.43357    -5.47164   0.0017295
        6272     -5.4257    -5.47163  0.00172924
        6273    -5.41729    -5.47163  0.00172898
        6274    -5.40944    -5.47162  0.00172873
        6275    -5.40173     -5.4716   0.0017285
        6276    -5.39451    -5.47159  0.00172826
        6277     -5.3875    -5.47158  0.00172804
        6278    -5.38106    -5.47156  0.00172782
        6279    -5.37537    -5.47155  0.00172762
        6280     -5.3694    -5.47153  0.00172742
        6281    -5.36424    -5.47152  0.00172723
        6282    -5.35991     -5.4715  0.00172704
        6283      -5.356    -5.47148  0.00172687
        6284    -5.35267    -5.47146   0.0017267
        6285    -5.34979    -5.47144  0.00172653
        6286    -5.34782    -5.47142  0.00172637
        6287    -5.34646     -5.4714  0.00172621
        6288    -5.34528    -5.47138  0.00172605
        6289     -5.3447    -5.47136  0.00172589
        6290    -5.34504    -5.47134  0.00172574
        6291    -5.34581    -5.47132  0.00172558
        6292    -5.34701     -5.4713  0.00172541
        6293    -5.34876    -5.47128  0.00172525
        6294    -5.35149    -5.47126  0.00172508
        6295    -5.35456    -5.47124  0.00172491
        6296    -5.35825    -5.47123  0.00172473
        6297    -5.36236    -5.47121  0.00172454
        6298     -5.3667    -5.47119  0.00172435
        6299    -5.37078    -5.47118  0.00172415
        6300    -5.37546    -5.47116  0.00172394
        6301    -5.38054    -5.47115  0.00172372
        6302    -5.38614    -5.47113   0.0017235
        6303    -5.39175    -5.47112  0.00172328
        6304    -5.39762    -5.47111  0.00172304
        6305    -5.40373     -5.4711   0.0017228
        6306    -5.40926    -5.47109  0.00172256
        6307    -5.41523    -5.47108  0.00172231
        6308    -5.42085    -5.47107  0.00172205
        6309    -5.42653    -5.47107  0.00172179
        6310    -5.43209    -5.47106  0.00172153
        6311    -5.43748    -5.47105  0.00172127
        6312    -5.44252    -5.47105    0.001721
        6313    -5.44734    -5.47105  0.00172073
        6314    -5.45191    -5.47104  0.00172046
        6315    -5.45604    -5.47104  0.00172019
        6316    -5.46034    -5.47104  0.00171992
        6317    -5.46386    -5.47104  0.00171965
        6318    -5.46735    -5.47104  0.00171938
        6319    -5.47049    -5.47104   0.0017191
        6320    -5.47268    -5.47104  0.00171883
        6321    -5.47541    -5.47104  0.00171856
        6322    -5.47778    -5.47104  0.00171829
        6323    -5.47902    -5.47104  0.00171802
        6324    -5.47991    -5.47104  0.00171775
        6325    -5.48088    -5.47104  0.00171748
        6326     -5.4815    -5.47104   0.0017172
        6327    -5.48178    -5.47105  0.00171693
        6328    -5.48202    -5.47105  0.00171666
        6329    -5.48178    -5.47105  0.00171639
        6330    -5.48108    -5.47105  0.00171612
        6331    -5.47993    -5.47105  0.00171585
        6332    -5.47895    -5.47105  0.00171558
        6333    -5.47755    -5.47105  0.00171531
        6334     -5.4756    -5.47106  0.00171504
        6335     -5.4731    -5.47106  0.00171477
        6336    -5.47068    -5.47106   0.0017145
        6337    -5.46775    -5.47106  0.00171423
        6338    -5.46539    -5.47105  0.00171396
        6339    -5.46253    -5.47105  0.00171369
        6340    -5.45936    -5.47105  0.00171342
        6341    -5.45604    -5.47105  0.00171315
        6342    -5.45288    -5.47105  0.00171288
        6343    -5.44958    -5.47104  0.00171262
        6344    -5.44572    -5.47104  0.00171235
        6345    -5.44206    -5.47103  0.00171209
        6346    -5.43801    -5.47103  0.00171183
        6347    -5.43373    -5.47102  0.00171157
        6348     -5.4297    -5.47102  0.00171131
        6349    -5.42606    -5.47101  0.00171105
        6350    -5.42224      -5.471   0.0017108
        6351    -5.41825    -5.47099  0.00171055
        6352    -5.41425    -5.47098  0.00171031
        6353    -5.41027    -5.47097  0.00171006
        6354    -5.40647    -5.47096  0.00170982
        6355    -5.40256    -5.47095  0.00170959
        6356    -5.39902    -5.47094  0.00170936
        6357    -5.39526    -5.47093  0.00170913
        6358    -5.39221    -5.47092  0.00170891
        6359    -5.38883    -5.47091  0.00170869
        6360    -5.38514    -5.47089  0.00170847
        6361    -5.38205    -5.47088  0.00170826
        6362    -5.37869    -5.47086  0.00170805
        6363    -5.37583    -5.47085  0.00170785
        6364    -5.37317    -5.47083  0.00170765
        6365    -5.37088    -5.47082  0.00170745
        6366    -5.36883     -5.4708  0.00170726
        6367    -5.36686    -5.47078  0.00170707
        6368    -5.36455    -5.47077  0.00170688
        6369    -5.36324    -5.47075   0.0017067
        6370    -5.36175    -5.47073  0.00170652
        6371    -5.36081    -5.47072  0.00170634
        6372    -5.36043     -5.4707  0.00170616
        6373    -5.35971    -5.47068  0.00170598
        6374    -5.35938    -5.47066   0.0017058
        6375    -5.35943    -5.47065  0.00170562
        6376    -5.35926    -5.47063  0.00170544
        6377    -5.35975    -5.47061  0.00170526
        6378    -5.35983     -5.4706  0.00170509
        6379      -5.361    -5.47058  0.00170491
        6380    -5.36247    -5.47056  0.00170472
        6381    -5.36409    -5.47054  0.00170454
        6382    -5.36521    -5.47053  0.00170435
        6383    -5.36688    -5.47051  0.00170416
        6384    -5.36891     -5.4705  0.00170397
        6385    -5.37054    -5.47048  0.00170377
        6386    -5.37219    -5.47046  0.00170357
        6387    -5.37367    -5.47045  0.00170338
        6388    -5.37511    -5.47043  0.00170317
        6389    -5.37635    -5.47042  0.00170297
        6390    -5.37749    -5.47041  0.00170277
        6391    -5.37868    -5.47039  0.00170256
        6392    -5.37942    -5.47038  0.00170235
        6393    -5.38016    -5.47036  0.00170215
        6394    -5.38072    -5.47035  0.00170194
        6395    -5.38107    -5.47033  0.00170173
        6396    -5.38165    -5.47032  0.00170152
        6397    -5.38184    -5.47031  0.00170131
        6398    -5.38192    -5.47029   0.0017011
        6399    -5.38189    -5.47028  0.00170089
        6400    -5.38113    -5.47027  0.00170068
        6401    -5.37978    -5.47025  0.00170047
        6402    -5.37829    -5.47024  0.00170027
        6403    -5.37651    -5.47022  0.00170007
        6404    -5.37428    -5.47021  0.00169987
        6405    -5.37193    -5.47019  0.00169967
        6406    -5.36945    -5.47018  0.00169948
        6407    -5.36657    -5.47016  0.00169929
        6408    -5.36389    -5.47014  0.00169911
        6409    -5.36085    -5.47013  0.00169893
        6410    -5.35793    -5.47011  0.00169875
        6411    -5.35425    -5.47009  0.00169858
        6412    -5.35076    -5.47007  0.00169842
        6413     -5.3472    -5.47005  0.00169826
        6414    -5.34347    -5.47003  0.00169811
        6415    -5.33961    -5.47001  0.00169797
        6416    -5.33584    -5.46999  0.00169783
        6417    -5.33265    -5.46997   0.0016977
        6418    -5.32889    -5.46995  0.00169758
        6419    -5.32583    -5.46993  0.00169747
        6420    -5.32306     -5.4699  0.00169736
        6421     -5.3208    -5.46988  0.00169725
        6422    -5.31922    -5.46986  0.00169715
        6423    -5.31748    -5.46983  0.00169705
        6424    -5.31605    -5.46981  0.00169695
        6425    -5.31528    -5.46978  0.00169686
        6426    -5.31518    -5.46976  0.00169677
        6427    -5.31607    -5.46974  0.00169667
        6428    -5.31615    -5.46971  0.00169658
        6429    -5.31766    -5.46969  0.00169648
        6430    -5.31986    -5.46967  0.00169637
        6431    -5.32241    -5.46964  0.00169626
        6432    -5.32576    -5.46962  0.00169615
        6433    -5.32925     -5.4696  0.00169602
        6434    -5.33317    -5.46958  0.00169589
        6435    -5.33748    -5.46956  0.00169575
        6436    -5.34228    -5.46954  0.00169561
        6437    -5.34739    -5.46952  0.00169545
        6438    -5.35291     -5.4695  0.00169528
        6439     -5.3579    -5.46948  0.00169511
        6440    -5.36368    -5.46947  0.00169492
        6441    -5.36929    -5.46945  0.00169473
        6442    -5.37517    -5.46944  0.00169453
        6443    -5.38157    -5.46942  0.00169432
        6444    -5.38757    -5.46941  0.00169411
        6445    -5.39327     -5.4694  0.00169389
        6446    -5.39942    -5.46939  0.00169366
        6447    -5.40538    -5.46938  0.00169343
        6448    -5.41142    -5.46937  0.00169319
        6449    -5.41753    -5.46936  0.00169294
        6450    -5.42324    -5.46935   0.0016927
        6451    -5.42839    -5.46935  0.00169245
        6452    -5.43369    -5.46934  0.00169219
        6453     -5.4384    -5.46934  0.00169194
        6454    -5.44385    -5.46933  0.00169168
        6455    -5.44883    -5.46933  0.00169142
        6456    -5.45376    -5.46933  0.00169116
        6457     -5.4585    -5.46933   0.0016909
        6458    -5.46288    -5.46932  0.00169064
        6459    -5.46704    -5.46932  0.00169038
        6460    -5.47113    -5.46932  0.00169011
        6461    -5.47483    -5.46933  0.00168985
        6462    -5.47769    -5.46933  0.00168959
        6463    -5.48077    -5.46933  0.00168933
        6464     -5.4836    -5.46933  0.00168907
        6465    -5.48633    -5.46933  0.00168881
        6466    -5.48852    -5.46934  0.00168855
        6467    -5.49077    -5.46934   0.0016883
        6468    -5.49294    -5.46934  0.00168804
        6469    -5.49473    -5.46935  0.00168778
        6470    -5.49569    -5.46935  0.00168753
        6471    -5.49691    -5.46936  0.00168727
        6472    -5.49792    -5.46936  0.00168702
        6473    -5.49892    -5.46936  0.00168676
        6474     -5.4999    -5.46937  0.00168651
        6475    -5.50043    -5.46937  0.00168625
        6476    -5.50084    -5.46938    0.001686
        6477    -5.50115    -5.46938  0.00168575
        6478    -5.50198    -5.46939  0.00168549
        6479    -5.50245    -5.46939  0.00168524
        6480    -5.50318     -5.4694  0.00168499
        6481    -5.50389     -5.4694  0.00168474
        6482    -5.50368    -5.46941  0.00168449
        6483    -5.50394    -5.46941  0.00168424
        6484    -5.50423    -5.46942  0.00168398
        6485     -5.5044    -5.46943  0.00168373
        6486    -5.50506    -5.46943  0.00168348
        6487    -5.50518    -5.46944  0.00168323
        6488    -5.50565    -5.46944  0.00168298
        6489    -5.50603    -5.46945  0.00168273
        6490    -5.50632    -5.46945  0.00168248
        6491    -5.50712    -5.46946  0.00168223
        6492    -5.50813    -5.46947  0.00168198
        6493    -5.50889    -5.46947  0.00168174
        6494    -5.50925    -5.46948  0.00168149
        6495    -5.51025    -5.46948  0.00168124
        6496    -5.51099    -5.46949  0.00168099
        6497    -5.51207     -5.4695  0.00168075
        6498    -5.51273     -5.4695   0.0016805
        6499    -5.51403    -5.46951  0.00168026
        6500     -5.5155    -5.46952  0.00168002
        6501    -5.51656    -5.46952  0.00167977
        6502    -5.51748    -5.46953  0.00167953
        6503     -5.5192    -5.46954  0.00167929
        6504    -5.52066    -5.46955  0.00167905
        6505     -5.5217    -5.46956  0.00167881
        6506    -5.52263    -5.46956  0.00167857
        6507    -5.52498    -5.46957  0.00167834
        6508    -5.52633    -5.46958   0.0016781
        6509    -5.52744    -5.46959  0.00167787
        6510    -5.52847     -5.4696  0.00167763
        6511    -5.52988    -5.46961   0.0016774
        6512    -5.53151    -5.46962  0.00167717
        6513    -5.53293    -5.46963  0.00167694
        6514    -5.53474    -5.46964  0.00167671
        6515    -5.53663    -5.46965  0.00167649
        6516    -5.53936    -5.46966  0.00167626
        6517    -5.54142    -5.46967  0.00167604
        6518    -5.54326    -5.46968  0.00167582
        6519    -5.54577    -5.46969  0.00167561
        6520    -5.54834     -5.4697  0.00167539
        6521     -5.5505    -5.46972  0.00167518
        6522    -5.55254    -5.46973  0.00167497
        6523     -5.5549    -5.46974  0.00167477
        6524    -5.55786    -5.46976  0.00167457
        6525    -5.56005    -5.46977  0.00167437
        6526    -5.56219    -5.46978  0.00167417
        6527    -5.56501     -5.4698  0.00167398
        6528    -5.56683    -5.46981  0.00167379
        6529    -5.56899    -5.46983   0.0016736
        6530    -5.57101    -5.46984  0.00167341
        6531    -5.57226    -5.46986  0.00167323
        6532    -5.57392    -5.46988  0.00167305
        6533    -5.57478    -5.46989  0.00167287
        6534    -5.57631    -5.46991   0.0016727
        6535    -5.57714    -5.46992  0.00167252
        6536    -5.57755    -5.46994  0.00167235
        6537    -5.57815    -5.46996  0.00167217
        6538    -5.57816    -5.46997    0.001672
        6539    -5.57757    -5.46999  0.00167182
        6540    -5.57685    -5.47001  0.00167165
        6541    -5.57598    -5.47002  0.00167147
        6542    -5.57451    -5.47004  0.00167129
        6543    -5.57336    -5.47005  0.00167111
        6544    -5.57147    -5.47007  0.00167093
        6545    -5.56947    -5.47009  0.00167074
        6546    -5.56706     -5.4701  0.00167055
        6547     -5.5644    -5.47011  0.00167036
        6548    -5.56213    -5.47013  0.00167016
        6549     -5.5592    -5.47014  0.00166996
        6550    -5.55623    -5.47016  0.00166976
        6551    -5.55309    -5.47017  0.00166955
        6552     -5.5498    -5.47018  0.00166934
        6553    -5.54577    -5.47019  0.00166913
        6554    -5.54208     -5.4702  0.00166891
        6555    -5.53799    -5.47021  0.00166869
        6556    -5.53397    -5.47022  0.00166846
        6557    -5.52989    -5.47023  0.00166823
        6558     -5.5265    -5.47024    0.001668
        6559    -5.52216    -5.47025  0.00166776
        6560    -5.51793    -5.47026  0.00166752
        6561    -5.51399    -5.47026  0.00166728
        6562    -5.51047    -5.47027  0.00166704
        6563    -5.50634    -5.47027  0.00166679
        6564    -5.50282    -5.47028  0.00166655
        6565    -5.49854    -5.47028   0.0016663
        6566    -5.49459    -5.47029  0.00166605
        6567     -5.4908    -5.47029   0.0016658
        6568    -5.48646    -5.47029  0.00166555
        6569    -5.48216    -5.47029  0.00166529
        6570    -5.47809     -5.4703  0.00166504
        6571    -5.47411     -5.4703  0.00166479
        6572    -5.47025     -5.4703  0.00166454
        6573    -5.46668     -5.4703  0.00166428
        6574    -5.46342    -5.47029  0.00166403
        6575    -5.46021    -5.47029  0.00166378
        6576    -5.45754    -5.47029  0.00166352
        6577    -5.45468    -5.47029  0.00166327
        6578    -5.45242    -5.47029  0.00166302
        6579    -5.45048    -5.47028  0.00166277
        6580    -5.44861    -5.47028  0.00166252
        6581    -5.44697    -5.47028  0.00166227
        6582    -5.44604    -5.47027  0.00166203
        6583    -5.44556    -5.47027  0.00166178
        6584    -5.44552    -5.47026  0.00166153
        6585    -5.44595    -5.47026  0.00166128
        6586    -5.44684    -5.47026  0.00166103
        6587    -5.44864    -5.47025  0.00166078
        6588    -5.45074    -5.47025  0.00166053
        6589    -5.45312    -5.47025  0.00166028
        6590    -5.45546    -5.47025  0.00166003
        6591    -5.45863    -5.47024  0.00165978
        6592    -5.46228    -5.47024  0.00165953
        6593    -5.46593    -5.47024  0.00165928
        6594    -5.46982    -5.47024  0.00165903
        6595    -5.47421    -5.47024  0.00165878
        6596    -5.47813    -5.47024  0.00165853
        6597    -5.48275    -5.47025  0.00165828
        6598    -5.48678    -5.47025  0.00165803
        6599    -5.49094    -5.47025  0.00165778
        6600    -5.49457    -5.47026  0.00165753
        6601    -5.49866    -5.47026  0.00165729
        6602    -5.50212    -5.47027  0.00165704
        6603    -5.50596    -5.47027   0.0016568
        6604    -5.50952    -5.47028  0.00165656
        6605    -5.51246    -5.47028  0.00165632
        6606    -5.51536    -5.47029  0.00165608
        6607    -5.51744     -5.4703  0.00165585
        6608    -5.51927     -5.4703  0.00165561
        6609    -5.52098    -5.47031  0.00165538
        6610    -5.52195    -5.47032  0.00165515
        6611    -5.52264    -5.47033  0.00165492
        6612    -5.52288    -5.47034  0.00165469
        6613    -5.52267    -5.47034  0.00165446
        6614    -5.52202    -5.47035  0.00165422
        6615    -5.52139    -5.47036  0.00165399
        6616    -5.51974    -5.47037  0.00165376
        6617    -5.51754    -5.47037  0.00165352
        6618    -5.51556    -5.47038  0.00165329
        6619    -5.51232    -5.47039  0.00165305
        6620     -5.5089    -5.47039  0.00165281
        6621    -5.50564     -5.4704  0.00165257
        6622    -5.50227     -5.4704  0.00165233
        6623    -5.49866    -5.47041  0.00165208
        6624    -5.49456    -5.47041  0.00165184
        6625    -5.49092    -5.47041  0.00165159
        6626      -5.487    -5.47042  0.00165135
        6627    -5.48272    -5.47042   0.0016511
        6628     -5.4784    -5.47042  0.00165085
        6629    -5.47394    -5.47042   0.0016506
        6630    -5.46954    -5.47042  0.00165035
        6631    -5.46523    -5.47042   0.0016501
        6632    -5.46105    -5.47042  0.00164985
        6633    -5.45765    -5.47042  0.00164961
        6634    -5.45416    -5.47041  0.00164936
        6635    -5.45075    -5.47041  0.00164911
        6636    -5.44806    -5.47041  0.00164887
        6637    -5.44536     -5.4704  0.00164862
        6638    -5.44282     -5.4704  0.00164838
        6639    -5.44016    -5.47039  0.00164814
        6640     -5.4377    -5.47039   0.0016479
        6641     -5.4365    -5.47038  0.00164766
        6642    -5.43522    -5.47038  0.00164742
        6643    -5.43445    -5.47037  0.00164718
        6644    -5.43434    -5.47037  0.00164694
        6645    -5.43414    -5.47036   0.0016467
        6646    -5.43445    -5.47036  0.00164646
        6647    -5.43526    -5.47035  0.00164622
        6648    -5.43624    -5.47035  0.00164598
        6649    -5.43769    -5.47034  0.00164574
        6650    -5.43914    -5.47034   0.0016455
        6651    -5.44087    -5.47033  0.00164526
        6652    -5.44317    -5.47033  0.00164502
        6653    -5.44571    -5.47033  0.00164478
        6654    -5.44816    -5.47032  0.00164453
        6655    -5.45158    -5.47032  0.00164429
        6656    -5.45456    -5.47032  0.00164404
        6657    -5.45801    -5.47031   0.0016438
        6658    -5.46144    -5.47031  0.00164355
        6659    -5.46497    -5.47031   0.0016433
        6660    -5.46845    -5.47031  0.00164306
        6661    -5.47229    -5.47031  0.00164281
        6662    -5.47558    -5.47031  0.00164256
        6663    -5.47874    -5.47031  0.00164232
        6664    -5.48251    -5.47032  0.00164207
        6665     -5.4861    -5.47032  0.00164183
        6666     -5.4901    -5.47032  0.00164158
        6667    -5.49313    -5.47033  0.00164134
        6668    -5.49623    -5.47033   0.0016411
        6669    -5.49982    -5.47033  0.00164086
        6670    -5.50299    -5.47034  0.00164062
        6671    -5.50572    -5.47034  0.00164038
        6672    -5.50844    -5.47035  0.00164015
        6673    -5.51068    -5.47036  0.00163991
        6674    -5.51333    -5.47036  0.00163968
        6675    -5.51519    -5.47037  0.00163945
        6676    -5.51667    -5.47038  0.00163922
        6677    -5.51854    -5.47038  0.00163899
        6678    -5.52018    -5.47039  0.00163876
        6679    -5.52174     -5.4704  0.00163853
        6680    -5.52305    -5.47041   0.0016383
        6681    -5.52443    -5.47041  0.00163808
        6682    -5.52542    -5.47042  0.00163786
        6683    -5.52587    -5.47043  0.00163763
        6684    -5.52609    -5.47044  0.00163741
        6685    -5.52624    -5.47045  0.00163718
        6686    -5.52617    -5.47046  0.00163696
        6687     -5.5256    -5.47046  0.00163674
        6688    -5.52514    -5.47047  0.00163651
        6689    -5.52496    -5.47048  0.00163629
        6690    -5.52385    -5.47049  0.00163606
        6691    -5.52291     -5.4705  0.00163584
        6692    -5.52169     -5.4705  0.00163561
        6693    -5.52037    -5.47051  0.00163538
        6694    -5.51879    -5.47052  0.00163515
        6695    -5.51761    -5.47053  0.00163492
        6696    -5.51546    -5.47053  0.00163469
        6697    -5.51418    -5.47054  0.00163446
        6698    -5.51229    -5.47054  0.00163423
        6699     -5.5107    -5.47055    0.001634
        6700    -5.50912    -5.47056  0.00163376
        6701    -5.50788    -5.47056  0.00163353
        6702    -5.50638    -5.47057   0.0016333
        6703    -5.50478    -5.47057  0.00163306
        6704    -5.50326    -5.47058  0.00163282
        6705    -5.50198    -5.47058  0.00163259
        6706    -5.50109    -5.47059  0.00163235
        6707    -5.49986    -5.47059  0.00163211
        6708    -5.49874     -5.4706  0.00163187
        6709    -5.49729     -5.4706  0.00163164
        6710    -5.49673     -5.4706   0.0016314
        6711    -5.49615    -5.47061  0.00163116
        6712    -5.49585    -5.47061  0.00163092
        6713    -5.49539    -5.47061  0.00163068
        6714    -5.49462    -5.47062  0.00163044
        6715    -5.49474    -5.47062   0.0016302
        6716    -5.49469    -5.47062  0.00162996
        6717    -5.49477    -5.47063  0.00162973
        6718    -5.49526    -5.47063  0.00162949
        6719    -5.49572    -5.47064  0.00162925
        6720    -5.49627    -5.47064  0.00162901
        6721    -5.49691    -5.47064  0.00162877
        6722    -5.49806    -5.47065  0.00162854
        6723    -5.49866    -5.47065   0.0016283
        6724    -5.49899    -5.47066  0.00162806
        6725    -5.49978    -5.47066  0.00162783
        6726     -5.5007    -5.47066  0.00162759
        6727    -5.50128    -5.47067  0.00162735
        6728    -5.50211    -5.47067  0.00162712
        6729    -5.50299    -5.47068  0.00162688
        6730    -5.50331    -5.47068  0.00162665
        6731    -5.50379    -5.47069  0.00162642
        6732    -5.50365    -5.47069  0.00162618
        6733    -5.50363     -5.4707  0.00162595
        6734    -5.50309     -5.4707  0.00162571
        6735    -5.50263    -5.47071  0.00162548
        6736    -5.50147    -5.47071  0.00162524
        6737    -5.50019    -5.47072  0.00162501
        6738    -5.49878    -5.47072  0.00162477
        6739    -5.49738    -5.47073  0.00162454
        6740    -5.49568    -5.47073   0.0016243
        6741    -5.49367    -5.47073  0.00162406
        6742    -5.49105    -5.47074  0.00162382
        6743    -5.48827    -5.47074  0.00162359
        6744    -5.48535    -5.47074  0.00162335
        6745    -5.48213    -5.47074  0.00162311
        6746    -5.47848    -5.47074  0.00162287
        6747    -5.47488    -5.47074  0.00162263
        6748    -5.47088    -5.47074  0.00162239
        6749    -5.46652    -5.47074  0.00162214
        6750    -5.46168    -5.47074  0.00162191
        6751    -5.45669    -5.47074  0.00162167
        6752     -5.4522    -5.47074  0.00162143
        6753    -5.44764    -5.47073  0.00162119
        6754    -5.44275    -5.47073  0.00162096
        6755    -5.43773    -5.47072  0.00162072
        6756    -5.43323    -5.47072  0.00162049
        6757     -5.4278    -5.47071  0.00162027
        6758    -5.42314    -5.47071  0.00162004
        6759      -5.419     -5.4707  0.00161982
        6760    -5.41468    -5.47069   0.0016196
        6761    -5.41128    -5.47068  0.00161939
        6762    -5.40734    -5.47067  0.00161917
        6763    -5.40395    -5.47066  0.00161896
        6764     -5.4013    -5.47065  0.00161876
        6765    -5.39958    -5.47064  0.00161855
        6766     -5.3979    -5.47063  0.00161835
        6767    -5.39689    -5.47062  0.00161815
        6768    -5.39626    -5.47061  0.00161794
        6769    -5.39678     -5.4706  0.00161774
        6770    -5.39722    -5.47059  0.00161754
        6771    -5.39834    -5.47058  0.00161734
        6772    -5.40027    -5.47057  0.00161713
        6773    -5.40239    -5.47056  0.00161692
        6774    -5.40511    -5.47055  0.00161671
        6775    -5.40811    -5.47054   0.0016165
        6776    -5.41149    -5.47053  0.00161629
        6777     -5.4149    -5.47052  0.00161607
        6778     -5.4189    -5.47051  0.00161585
        6779    -5.42313     -5.4705  0.00161562
        6780    -5.42784     -5.4705   0.0016154
        6781    -5.43238    -5.47049  0.00161517
        6782    -5.43698    -5.47049  0.00161494
        6783    -5.44235    -5.47048  0.00161471
        6784    -5.44677    -5.47048  0.00161447
        6785    -5.45141    -5.47048  0.00161424
        6786    -5.45561    -5.47048    0.001614
        6787    -5.45977    -5.47047  0.00161376
        6788    -5.46402    -5.47047  0.00161353
        6789     -5.4677    -5.47047  0.00161329
        6790    -5.47141    -5.47047  0.00161305
        6791    -5.47465    -5.47047  0.00161281
        6792    -5.47818    -5.47047  0.00161258
        6793    -5.48061    -5.47048  0.00161234
        6794    -5.48269    -5.47048   0.0016121
        6795    -5.48518    -5.47048  0.00161187
        6796    -5.48656    -5.47048  0.00161163
        6797     -5.4873    -5.47048   0.0016114
        6798    -5.48784    -5.47049  0.00161116
        6799    -5.48821    -5.47049  0.00161093
        6800    -5.48797    -5.47049  0.00161069
        6801    -5.48804    -5.47049  0.00161046
        6802    -5.48783     -5.4705  0.00161022
        6803    -5.48738     -5.4705  0.00160999
        6804    -5.48625     -5.4705  0.00160975
        6805     -5.4846     -5.4705  0.00160952
        6806    -5.48338    -5.47051  0.00160928
        6807    -5.48169    -5.47051  0.00160905
        6808    -5.48001    -5.47051  0.00160881
        6809    -5.47791    -5.47051  0.00160858
        6810    -5.47601    -5.47051  0.00160834
        6811    -5.47403    -5.47051   0.0016081
        6812    -5.47198    -5.47051  0.00160787
        6813    -5.46988    -5.47051  0.00160763
        6814    -5.46758    -5.47051   0.0016074
        6815    -5.46555    -5.47051  0.00160716
        6816    -5.46304    -5.47051  0.00160692
        6817    -5.46096    -5.47051  0.00160669
        6818    -5.45888    -5.47051  0.00160645
        6819    -5.45649     -5.4705  0.00160622
        6820     -5.4547     -5.4705  0.00160599
        6821    -5.45261     -5.4705  0.00160575
        6822    -5.45052     -5.4705  0.00160552
        6823    -5.44814    -5.47049  0.00160529
        6824    -5.44592    -5.47049  0.00160506
        6825    -5.44387    -5.47049  0.00160483
        6826    -5.44138    -5.47048   0.0016046
        6827    -5.43967    -5.47048  0.00160437
        6828    -5.43753    -5.47047  0.00160414
        6829    -5.43513    -5.47047  0.00160391
        6830    -5.43291    -5.47046  0.00160369
        6831    -5.43089    -5.47046  0.00160346
        6832    -5.42893    -5.47045  0.00160324
        6833    -5.42732    -5.47044  0.00160302
        6834    -5.42578    -5.47044   0.0016028
        6835    -5.42369    -5.47043  0.00160258
        6836    -5.42244    -5.47042  0.00160236
        6837    -5.42082    -5.47042  0.00160214
        6838    -5.41913    -5.47041  0.00160192
        6839    -5.41768     -5.4704  0.00160171
        6840    -5.41647    -5.47039  0.00160149
        6841     -5.4155    -5.47038  0.00160128
        6842    -5.41462    -5.47038  0.00160107
        6843    -5.41368    -5.47037  0.00160085
        6844    -5.41253    -5.47036  0.00160064
        6845    -5.41176    -5.47035  0.00160043
        6846    -5.41078    -5.47034  0.00160022
        6847    -5.40973    -5.47033  0.00160001
        6848    -5.40905    -5.47032   0.0015998
        6849    -5.40784    -5.47032   0.0015996
        6850     -5.4076    -5.47031  0.00159939
        6851    -5.40727     -5.4703  0.00159918
        6852    -5.40668    -5.47029  0.00159898
        6853    -5.40628    -5.47028  0.00159877
        6854    -5.40621    -5.47027  0.00159856
        6855    -5.40572    -5.47026  0.00159836
        6856    -5.40478    -5.47025  0.00159815
        6857    -5.40444    -5.47024  0.00159795
        6858    -5.40364    -5.47023  0.00159775
        6859    -5.40342    -5.47022  0.00159754
        6860    -5.40347    -5.47021  0.00159734
        6861    -5.40331     -5.4702  0.00159714
        6862    -5.40263    -5.47019  0.00159693
        6863    -5.40202    -5.47018  0.00159673
        6864    -5.40147    -5.47017  0.00159653
        6865     -5.4005    -5.47016  0.00159633
        6866    -5.39955    -5.47015  0.00159613
        6867    -5.39876    -5.47014  0.00159593
        6868    -5.39749    -5.47013  0.00159573
        6869    -5.39605    -5.47012  0.00159554
        6870    -5.39485    -5.47011  0.00159534
        6871    -5.39345     -5.4701  0.00159515
        6872    -5.39091    -5.47009  0.00159496
        6873    -5.38858    -5.47007  0.00159477
        6874      -5.386    -5.47006  0.00159459
        6875    -5.38286    -5.47005  0.00159441
        6876    -5.37959    -5.47004  0.00159423
        6877    -5.37651    -5.47002  0.00159405
        6878    -5.37315    -5.47001  0.00159389
        6879     -5.3686    -5.46999  0.00159372
        6880     -5.3647    -5.46998  0.00159356
        6881    -5.36052    -5.46996  0.00159341
        6882     -5.3561    -5.46995  0.00159327
        6883    -5.35097    -5.46993  0.00159313
        6884    -5.34592    -5.46991    0.001593
        6885    -5.34067    -5.46989  0.00159288
        6886    -5.33463    -5.46987  0.00159277
        6887    -5.32858    -5.46985  0.00159267
        6888    -5.32285    -5.46983  0.00159258
        6889    -5.31718    -5.46981   0.0015925
        6890    -5.31099    -5.46978  0.00159244
        6891    -5.30463    -5.46976  0.00159239
        6892    -5.29872    -5.46974  0.00159235
        6893    -5.29243    -5.46971  0.00159233
        6894    -5.28639    -5.46968  0.00159232
        6895    -5.28065    -5.46966  0.00159232
        6896    -5.27498    -5.46963  0.00159234
        6897    -5.26942     -5.4696  0.00159238
        6898    -5.26449    -5.46957  0.00159242
        6899    -5.25981    -5.46954  0.00159248
        6900    -5.25605    -5.46951  0.00159255
        6901    -5.25252    -5.46948  0.00159263
        6902     -5.2493    -5.46944  0.00159272
        6903    -5.24721    -5.46941  0.00159281
        6904    -5.24571    -5.46938  0.00159291
        6905    -5.24471    -5.46935  0.00159302
        6906    -5.24517    -5.46932  0.00159312
        6907     -5.2462    -5.46928  0.00159321
        6908    -5.24814    -5.46925   0.0015933
        6909    -5.25114    -5.46922  0.00159339
        6910    -5.25444    -5.46919  0.00159346
        6911    -5.25952    -5.46916  0.00159352
        6912    -5.26512    -5.46913  0.00159356
        6913    -5.27165     -5.4691  0.00159358
        6914    -5.27796    -5.46907  0.00159359
        6915    -5.28505    -5.46905  0.00159359
        6916    -5.29311    -5.46902  0.00159356
        6917    -5.30159      -5.469  0.00159351
        6918    -5.30996    -5.46897  0.00159345
        6919    -5.31902    -5.46895  0.00159336
        6920    -5.32808    -5.46893  0.00159326
        6921    -5.33734    -5.46891  0.00159315
        6922    -5.34644    -5.46889  0.00159301
        6923     -5.3559    -5.46888  0.00159287
        6924     -5.3646    -5.46886  0.00159271
        6925    -5.37294    -5.46885  0.00159254
        6926    -5.38134    -5.46884  0.00159236
        6927    -5.38959    -5.46882  0.00159217
        6928    -5.39722    -5.46881  0.00159197
        6929    -5.40436    -5.46881  0.00159177
        6930    -5.41159     -5.4688  0.00159156
        6931    -5.41859    -5.46879  0.00159135
        6932    -5.42461    -5.46878  0.00159113
        6933    -5.43025    -5.46878  0.00159091
        6934    -5.43564    -5.46877  0.00159069
        6935    -5.44036    -5.46877  0.00159047
        6936     -5.4453    -5.46877  0.00159024
        6937    -5.44957    -5.46876  0.00159002
        6938    -5.45408    -5.46876  0.00158979
        6939     -5.4584    -5.46876  0.00158956
        6940    -5.46238    -5.46876  0.00158933
        6941     -5.4656    -5.46876   0.0015891
        6942    -5.46867    -5.46876  0.00158887
        6943    -5.47161    -5.46876  0.00158864
        6944     -5.4737    -5.46876  0.00158842
        6945     -5.4754    -5.46876  0.00158819
        6946     -5.4775    -5.46876  0.00158796
        6947    -5.47912    -5.46876  0.00158773
        6948    -5.48103    -5.46876   0.0015875
        6949    -5.48265    -5.46877  0.00158728
        6950    -5.48432    -5.46877  0.00158705
        6951     -5.4856    -5.46877  0.00158682
        6952    -5.48712    -5.46877   0.0015866
        6953    -5.48831    -5.46878  0.00158637
        6954    -5.48962    -5.46878  0.00158615
        6955    -5.49064    -5.46878  0.00158592
        6956    -5.49151    -5.46879   0.0015857
        6957    -5.49257    -5.46879  0.00158547
        6958    -5.49396    -5.46879  0.00158525
        6959    -5.49555     -5.4688  0.00158502
        6960    -5.49644     -5.4688   0.0015848
        6961    -5.49828     -5.4688  0.00158458
        6962    -5.49956    -5.46881  0.00158436
        6963    -5.50088    -5.46881  0.00158414
        6964    -5.50237    -5.46882  0.00158392
        6965    -5.50359    -5.46882   0.0015837
        6966    -5.50526    -5.46883  0.00158348
        6967    -5.50693    -5.46883  0.00158326
        6968    -5.50841    -5.46884  0.00158304
        6969     -5.5094    -5.46885  0.00158283
        6970    -5.51123    -5.46885  0.00158261
        6971    -5.51252    -5.46886   0.0015824
        6972    -5.51402    -5.46886  0.00158218
        6973    -5.51509    -5.46887  0.00158197
        6974    -5.51587    -5.46888  0.00158176
        6975    -5.51665    -5.46888  0.00158155
        6976    -5.51772    -5.46889  0.00158134
        6977    -5.51785     -5.4689  0.00158112
        6978    -5.51809    -5.46891  0.00158091
        6979    -5.51783    -5.46891   0.0015807
        6980    -5.51736    -5.46892  0.00158049
        6981    -5.51683    -5.46893  0.00158028
        6982    -5.51623    -5.46893  0.00158007
        6983    -5.51527    -5.46894  0.00157986
        6984     -5.5144    -5.46895  0.00157964
        6985    -5.51318    -5.46895  0.00157943
        6986    -5.51115    -5.46896  0.00157922
        6987     -5.5094    -5.46896    0.001579
        6988    -5.50778    -5.46897  0.00157878
        6989     -5.5051    -5.46898  0.00157857
        6990    -5.50305    -5.46898  0.00157835
        6991    -5.50103    -5.46899  0.00157813
        6992    -5.49877    -5.46899  0.00157791
        6993    -5.49676    -5.46899  0.00157769
        6994    -5.49425      -5.469  0.00157747
        6995    -5.49188      -5.469  0.00157724
        6996    -5.48908      -5.469  0.00157702
        6997    -5.48664    -5.46901   0.0015768
        6998    -5.48426    -5.46901  0.00157657
        6999    -5.48215    -5.46901  0.00157635
        7000    -5.48032    -5.46901  0.00157613
        7001    -5.47805    -5.46901   0.0015759
        7002    -5.47611    -5.46901  0.00157568
        7003    -5.47454    -5.46901  0.00157545
        7004    -5.47349    -5.46901  0.00157523
        7005    -5.47269    -5.46902    0.001575
        7006    -5.47171    -5.46902  0.00157478
        7007    -5.47129    -5.46902  0.00157455
        7008    -5.47101    -5.46902  0.00157433
        7009    -5.47087    -5.46902   0.0015741
        7010    -5.47148    -5.46902  0.00157388
        7011    -5.47223    -5.46902  0.00157365
        7012    -5.47311    -5.46902  0.00157343
        7013    -5.47414    -5.46902  0.00157321
        7014    -5.47604    -5.46902  0.00157298
        7015    -5.47806    -5.46902  0.00157276
        7016    -5.48018    -5.46902  0.00157254
        7017      -5.483    -5.46902  0.00157231
        7018    -5.48573    -5.46903  0.00157209
        7019    -5.48866    -5.46903  0.00157187
        7020    -5.49147    -5.46903  0.00157165
        7021    -5.49503    -5.46904  0.00157143
        7022    -5.49873    -5.46904  0.00157121
        7023    -5.50252    -5.46905  0.00157099
        7024    -5.50593    -5.46905  0.00157078
        7025    -5.50924    -5.46906  0.00157057
        7026    -5.51301    -5.46906  0.00157035
        7027    -5.51586    -5.46907  0.00157015
        7028    -5.51972    -5.46908  0.00156994
        7029    -5.52275    -5.46908  0.00156973
        7030    -5.52612    -5.46909  0.00156953
        7031    -5.52922     -5.4691  0.00156933
        7032      -5.532    -5.46911  0.00156913
        7033    -5.53474    -5.46912  0.00156894
        7034    -5.53711    -5.46913  0.00156875
        7035    -5.53879    -5.46914  0.00156855
        7036    -5.54067    -5.46915  0.00156836
        7037    -5.54302    -5.46916  0.00156818
        7038    -5.54462    -5.46917  0.00156799
        7039    -5.54546    -5.46918   0.0015678
        7040    -5.54596    -5.46919  0.00156762
        7041    -5.54613     -5.4692  0.00156743
        7042    -5.54625    -5.46921  0.00156725
        7043    -5.54603    -5.46922  0.00156707
        7044    -5.54575    -5.46924  0.00156688
        7045    -5.54481    -5.46925   0.0015667
        7046    -5.54308    -5.46926  0.00156651
        7047    -5.54146    -5.46927  0.00156632
        7048    -5.53995    -5.46928  0.00156613
        7049    -5.53768    -5.46929  0.00156594
        7050    -5.53539     -5.4693  0.00156574
        7051    -5.53281    -5.46931  0.00156555
        7052    -5.52935    -5.46931  0.00156535
        7053    -5.52609    -5.46932  0.00156515
        7054    -5.52229    -5.46933  0.00156494
        7055    -5.51827    -5.46934  0.00156474
        7056    -5.51407    -5.46934  0.00156453
        7057    -5.51045    -5.46935  0.00156432
        7058     -5.5061    -5.46935   0.0015641
        7059    -5.50148    -5.46936  0.00156389
        7060    -5.49693    -5.46936  0.00156367
        7061    -5.49217    -5.46937  0.00156345
        7062    -5.48754    -5.46937  0.00156323
        7063    -5.48276    -5.46937  0.00156301
        7064    -5.47832    -5.46937  0.00156279
        7065    -5.47409    -5.46937  0.00156257
        7066    -5.46935    -5.46937  0.00156235
        7067    -5.46504    -5.46937  0.00156213
        7068    -5.46074    -5.46937  0.00156191
        7069    -5.45692    -5.46937  0.00156169
        7070    -5.45361    -5.46937  0.00156147
        7071    -5.45009    -5.46936  0.00156125
        7072    -5.44697    -5.46936  0.00156103
        7073    -5.44399    -5.46936  0.00156082
        7074    -5.44147    -5.46935   0.0015606
        7075    -5.43896    -5.46935  0.00156039
        7076    -5.43708    -5.46934  0.00156017
        7077    -5.43523    -5.46934  0.00155996
        7078    -5.43432    -5.46933  0.00155975
        7079    -5.43299    -5.46933  0.00155954
        7080    -5.43244    -5.46932  0.00155933
        7081     -5.4319    -5.46932  0.00155911
        7082    -5.43151    -5.46931   0.0015589
        7083    -5.43109    -5.46931  0.00155869
        7084    -5.43182     -5.4693  0.00155848
        7085    -5.43248     -5.4693  0.00155827
        7086    -5.43304    -5.46929  0.00155806
        7087    -5.43406    -5.46929  0.00155785
        7088    -5.43583    -5.46928  0.00155763
        7089    -5.43679    -5.46928  0.00155742
        7090    -5.43827    -5.46927  0.00155721
        7091    -5.43994    -5.46927  0.00155699
        7092    -5.44133    -5.46927  0.00155678
        7093      -5.443    -5.46926  0.00155656
        7094    -5.44464    -5.46926  0.00155635
        7095    -5.44607    -5.46925  0.00155613
        7096    -5.44651    -5.46925  0.00155592
        7097    -5.44747    -5.46925   0.0015557
        7098    -5.44877    -5.46925  0.00155548
        7099    -5.44935    -5.46924  0.00155527
        7100    -5.45011    -5.46924  0.00155505
        7101    -5.45104    -5.46924  0.00155483
        7102    -5.45138    -5.46924  0.00155462
        7103    -5.45203    -5.46923   0.0015544
        7104    -5.45194    -5.46923  0.00155418
        7105    -5.45156    -5.46923  0.00155397
        7106    -5.45135    -5.46923  0.00155375
        7107    -5.45116    -5.46922  0.00155353
        7108    -5.45054    -5.46922  0.00155332
        7109    -5.45024    -5.46922   0.0015531
        7110    -5.44968    -5.46921  0.00155288
        7111    -5.44855    -5.46921  0.00155267
        7112    -5.44777    -5.46921  0.00155245
        7113    -5.44659    -5.46921  0.00155224
        7114    -5.44593     -5.4692  0.00155202
        7115    -5.44472     -5.4692  0.00155181
        7116    -5.44359     -5.4692  0.00155159
        7117    -5.44179    -5.46919  0.00155138
        7118     -5.4404    -5.46919  0.00155117
        7119    -5.43925    -5.46918  0.00155096
        7120    -5.43792    -5.46918  0.00155074
        7121    -5.43686    -5.46917  0.00155053
        7122    -5.43579    -5.46917  0.00155032
        7123     -5.4341    -5.46916  0.00155011
        7124    -5.43332    -5.46916   0.0015499
        7125     -5.4324    -5.46915   0.0015497
        7126    -5.43135    -5.46915  0.00154949
        7127    -5.43033    -5.46914  0.00154928
        7128    -5.42889    -5.46914  0.00154907
        7129    -5.42793    -5.46913  0.00154887
        7130    -5.42718    -5.46913  0.00154866
        7131    -5.42556    -5.46912  0.00154845
        7132    -5.42399    -5.46911  0.00154825
        7133    -5.42277    -5.46911  0.00154805
        7134    -5.42161     -5.4691  0.00154784
        7135    -5.42094    -5.46909  0.00154764
        7136    -5.42033    -5.46909  0.00154744
        7137      -5.419    -5.46908  0.00154724
        7138    -5.41802    -5.46907  0.00154704
        7139    -5.41707    -5.46907  0.00154684
        7140    -5.41617    -5.46906  0.00154664
        7141    -5.41499    -5.46905  0.00154644
        7142    -5.41415    -5.46904  0.00154624
        7143    -5.41379    -5.46904  0.00154605
        7144    -5.41316    -5.46903  0.00154585
        7145     -5.4127    -5.46902  0.00154565
        7146    -5.41196    -5.46901  0.00154546
        7147     -5.4114      -5.469  0.00154526
        7148    -5.41102      -5.469  0.00154507
        7149    -5.41066    -5.46899  0.00154487
        7150    -5.41033    -5.46898  0.00154468
        7151    -5.40958    -5.46897  0.00154449
        7152    -5.40977    -5.46896  0.00154429
        7153    -5.40969    -5.46895   0.0015441
        7154    -5.40935    -5.46895  0.00154391
        7155    -5.40891    -5.46894  0.00154371
        7156    -5.40866    -5.46893  0.00154352
        7157    -5.40862    -5.46892  0.00154333
        7158    -5.40849    -5.46891  0.00154313
        7159    -5.40829     -5.4689  0.00154294
        7160    -5.40861     -5.4689  0.00154275
        7161    -5.40872    -5.46889  0.00154256
        7162    -5.40923    -5.46888  0.00154236
        7163    -5.40894    -5.46887  0.00154217
        7164    -5.40907    -5.46886  0.00154198
        7165    -5.40978    -5.46885  0.00154179
        7166    -5.41032    -5.46885  0.00154159
        7167    -5.41085    -5.46884   0.0015414
        7168    -5.41228    -5.46883   0.0015412
        7169    -5.41295    -5.46882  0.00154101
        7170    -5.41439    -5.46881  0.00154081
        7171    -5.41584    -5.46881  0.00154062
        7172     -5.4176     -5.4688  0.00154042
        7173    -5.41937    -5.46879  0.00154022
        7174      -5.421    -5.46879  0.00154002
        7175    -5.42292    -5.46878  0.00153982
        7176    -5.42545    -5.46877  0.00153961
        7177    -5.42781    -5.46877  0.00153941
        7178    -5.43015    -5.46876   0.0015392
        7179    -5.43275    -5.46876    0.001539
        7180    -5.43545    -5.46875  0.00153879
        7181    -5.43809    -5.46875  0.00153858
        7182     -5.4411    -5.46874  0.00153837
        7183    -5.44431    -5.46874  0.00153816
        7184    -5.44755    -5.46874  0.00153795
        7185    -5.45065    -5.46874  0.00153774
        7186    -5.45403    -5.46873  0.00153753
        7187    -5.45693    -5.46873  0.00153731
        7188    -5.45992    -5.46873   0.0015371
        7189    -5.46283    -5.46873  0.00153689
        7190    -5.46502    -5.46873  0.00153667
        7191    -5.46755    -5.46873  0.00153646
        7192    -5.46961    -5.46873  0.00153625
        7193    -5.47211    -5.46873  0.00153603
        7194    -5.47442    -5.46873  0.00153582
        7195    -5.47636    -5.46873  0.00153561
        7196    -5.47791    -5.46873  0.00153539
        7197    -5.47877    -5.46873  0.00153518
        7198    -5.47981    -5.46874  0.00153497
        7199    -5.48102    -5.46874  0.00153476
        7200    -5.48164    -5.46874  0.00153454
        7201    -5.48255    -5.46874  0.00153433
        7202     -5.4824    -5.46874  0.00153412
        7203    -5.48239    -5.46875  0.00153391
        7204    -5.48144    -5.46875   0.0015337
        7205    -5.48018    -5.46875  0.00153348
        7206    -5.47859    -5.46875  0.00153327
        7207    -5.47698    -5.46875  0.00153306
        7208    -5.47446    -5.46875  0.00153285
        7209    -5.47194    -5.46875  0.00153263
        7210    -5.46944    -5.46875  0.00153242
        7211    -5.46666    -5.46875  0.00153221
        7212    -5.46333    -5.46875    0.001532
        7213    -5.46036    -5.46875  0.00153178
        7214    -5.45674    -5.46875  0.00153157
        7215    -5.45308    -5.46875  0.00153136
        7216    -5.44957    -5.46874  0.00153115
        7217    -5.44518    -5.46874  0.00153094
        7218    -5.44162    -5.46874  0.00153074
        7219    -5.43725    -5.46873  0.00153053
        7220    -5.43302    -5.46873  0.00153033
        7221    -5.42913    -5.46872  0.00153012
        7222    -5.42485    -5.46872  0.00152992
        7223    -5.42113    -5.46871  0.00152973
        7224     -5.4171     -5.4687  0.00152953
        7225    -5.41326    -5.46869  0.00152934
        7226    -5.40994    -5.46869  0.00152915
        7227    -5.40703    -5.46868  0.00152896
        7228    -5.40409    -5.46867  0.00152878
        7229    -5.40162    -5.46866  0.00152859
        7230    -5.39916    -5.46865  0.00152841
        7231    -5.39719    -5.46864  0.00152823
        7232    -5.39542    -5.46863  0.00152805
        7233    -5.39414    -5.46862  0.00152788
        7234    -5.39321    -5.46861   0.0015277
        7235    -5.39276     -5.4686  0.00152753
        7236    -5.39247    -5.46859  0.00152735
        7237    -5.39264    -5.46858  0.00152718
        7238    -5.39307    -5.46857    0.001527
        7239     -5.3936    -5.46856  0.00152683
        7240    -5.39435    -5.46855  0.00152665
        7241    -5.39512    -5.46854  0.00152647
        7242     -5.3962    -5.46853  0.00152629
        7243    -5.39754    -5.46852  0.00152612
        7244    -5.39822    -5.46851  0.00152594
        7245    -5.39941     -5.4685  0.00152575
        7246    -5.40078    -5.46849  0.00152557
        7247    -5.40185    -5.46848  0.00152539
        7248    -5.40352    -5.46847  0.00152521
        7249     -5.4047    -5.46846  0.00152502
        7250    -5.40599    -5.46845  0.00152483
        7251    -5.40739    -5.46844  0.00152465
        7252    -5.40827    -5.46844  0.00152446
        7253     -5.4094    -5.46843  0.00152427
        7254    -5.41047    -5.46842  0.00152408
        7255    -5.41164    -5.46841  0.00152389
        7256    -5.41321     -5.4684   0.0015237
        7257    -5.41399     -5.4684  0.00152351
        7258    -5.41488    -5.46839  0.00152332
        7259     -5.4159    -5.46838  0.00152312
        7260     -5.4169    -5.46838  0.00152293
        7261    -5.41834    -5.46837  0.00152274
        7262    -5.41903    -5.46836  0.00152254
        7263    -5.42033    -5.46835  0.00152235
        7264    -5.42134    -5.46835  0.00152215
        7265    -5.42221    -5.46834  0.00152196
        7266    -5.42311    -5.46834  0.00152176
        7267    -5.42418    -5.46833  0.00152156
        7268    -5.42512    -5.46832  0.00152136
        7269    -5.42654    -5.46832  0.00152117
        7270    -5.42753    -5.46831  0.00152097
        7271    -5.42838    -5.46831  0.00152077
        7272     -5.4294     -5.4683  0.00152057
        7273    -5.43073     -5.4683  0.00152037
        7274    -5.43162    -5.46829  0.00152017
        7275    -5.43296    -5.46829  0.00151997
        7276    -5.43384    -5.46828  0.00151976
        7277    -5.43501    -5.46828  0.00151956
        7278    -5.43616    -5.46827  0.00151936
        7279    -5.43714    -5.46827  0.00151916
        7280    -5.43764    -5.46826  0.00151895
        7281     -5.4384    -5.46826  0.00151875
        7282    -5.44002    -5.46826  0.00151855
        7283    -5.44099    -5.46825  0.00151834
        7284    -5.44176    -5.46825  0.00151814
        7285    -5.44261    -5.46825  0.00151793
        7286    -5.44324    -5.46824  0.00151773
        7287    -5.44396    -5.46824  0.00151753
        7288     -5.4446    -5.46824  0.00151732
        7289    -5.44485    -5.46823  0.00151712
        7290    -5.44518    -5.46823  0.00151691
        7291    -5.44497    -5.46823  0.00151671
        7292    -5.44498    -5.46822   0.0015165
        7293    -5.44446    -5.46822   0.0015163
        7294    -5.44461    -5.46822  0.00151609
        7295    -5.44391    -5.46821  0.00151589
        7296    -5.44359    -5.46821  0.00151569
        7297    -5.44304    -5.46821  0.00151548
        7298    -5.44257     -5.4682  0.00151528
        7299    -5.44217     -5.4682  0.00151507
        7300    -5.44156     -5.4682  0.00151487
        7301     -5.4409    -5.46819  0.00151467
        7302    -5.44034    -5.46819  0.00151447
        7303    -5.43973    -5.46818  0.00151426
        7304     -5.4391    -5.46818  0.00151406
        7305     -5.4386    -5.46818  0.00151386
        7306    -5.43809    -5.46817  0.00151366
        7307    -5.43759    -5.46817  0.00151346
        7308    -5.43695    -5.46816  0.00151326
        7309     -5.4365    -5.46816  0.00151305
        7310    -5.43594    -5.46815  0.00151285
        7311    -5.43573    -5.46815  0.00151265
        7312    -5.43499    -5.46815  0.00151245
        7313    -5.43478    -5.46814  0.00151225
        7314     -5.4342    -5.46814  0.00151205
        7315    -5.43371    -5.46813  0.00151185
        7316    -5.43392    -5.46813  0.00151166
        7317    -5.43454    -5.46812  0.00151146
        7318    -5.43452    -5.46812  0.00151126
        7319    -5.43505    -5.46811  0.00151106
        7320    -5.43569    -5.46811  0.00151086
        7321    -5.43627     -5.4681  0.00151066
        7322    -5.43681     -5.4681  0.00151046
        7323    -5.43728     -5.4681  0.00151026
        7324    -5.43769    -5.46809  0.00151005
        7325    -5.43861    -5.46809  0.00150985
        7326    -5.43946    -5.46808  0.00150965
        7327    -5.44035    -5.46808  0.00150945
        7328    -5.44084    -5.46808  0.00150925
        7329    -5.44181    -5.46807  0.00150905
        7330    -5.44311    -5.46807  0.00150885
        7331    -5.44397    -5.46807  0.00150864
        7332    -5.44528    -5.46806  0.00150844
        7333    -5.44644    -5.46806  0.00150824
        7334    -5.44729    -5.46806  0.00150804
        7335    -5.44798    -5.46805  0.00150783
        7336    -5.44879    -5.46805  0.00150763
        7337    -5.45004    -5.46805  0.00150743
        7338    -5.45127    -5.46805  0.00150722
        7339    -5.45157    -5.46804  0.00150702
        7340    -5.45185    -5.46804  0.00150682
        7341    -5.45287    -5.46804  0.00150661
        7342    -5.45326    -5.46804  0.00150641
        7343    -5.45425    -5.46804   0.0015062
        7344    -5.45568    -5.46804    0.001506
        7345    -5.45619    -5.46803   0.0015058
        7346     -5.4567    -5.46803  0.00150559
        7347     -5.4572    -5.46803  0.00150539
        7348     -5.4583    -5.46803  0.00150518
        7349    -5.45955    -5.46803  0.00150498
        7350    -5.46005    -5.46803  0.00150477
        7351    -5.46085    -5.46803  0.00150457
        7352     -5.4618    -5.46803  0.00150436
        7353     -5.4629    -5.46802  0.00150416
        7354    -5.46415    -5.46802  0.00150396
        7355    -5.46494    -5.46802  0.00150375
        7356    -5.46557    -5.46802  0.00150355
        7357    -5.46664    -5.46802  0.00150334
        7358    -5.46741    -5.46802  0.00150314
        7359    -5.46815    -5.46802  0.00150293
        7360    -5.46888    -5.46802  0.00150273
        7361    -5.46958    -5.46802  0.00150253
        7362    -5.46996    -5.46802  0.00150232
        7363     -5.4703    -5.46802  0.00150212
        7364    -5.47092    -5.46802  0.00150191
        7365    -5.47134    -5.46802  0.00150171
        7366    -5.47202    -5.46803  0.00150151
        7367     -5.4725    -5.46803   0.0015013
        7368    -5.47322    -5.46803   0.0015011
        7369    -5.47328    -5.46803   0.0015009
        7370    -5.47357    -5.46803  0.00150069
        7371    -5.47364    -5.46803  0.00150049
        7372    -5.47362    -5.46803  0.00150029
        7373    -5.47336    -5.46803  0.00150008
        7374     -5.4733    -5.46803  0.00149988
        7375    -5.47327    -5.46803  0.00149968
        7376    -5.47297    -5.46803  0.00149947
        7377    -5.47239    -5.46803  0.00149927
        7378    -5.47182    -5.46803  0.00149907
        7379    -5.47124    -5.46803  0.00149886
        7380    -5.47079    -5.46803  0.00149866
        7381    -5.46956    -5.46803  0.00149846
        7382     -5.4689    -5.46803  0.00149825
        7383    -5.46758    -5.46803  0.00149805
        7384    -5.46604    -5.46803  0.00149785
        7385    -5.46474    -5.46803  0.00149765
        7386     -5.4629    -5.46803  0.00149744
        7387    -5.46129    -5.46803  0.00149724
        7388    -5.45852    -5.46803  0.00149704
        7389    -5.45582    -5.46803  0.00149684
        7390    -5.45256    -5.46803  0.00149664
        7391    -5.44921    -5.46802  0.00149644
        7392     -5.4453    -5.46802  0.00149624
        7393    -5.44117    -5.46802  0.00149604
        7394    -5.43741    -5.46801  0.00149584
        7395    -5.43359    -5.46801  0.00149565
        7396    -5.42912      -5.468  0.00149545
        7397    -5.42478      -5.468  0.00149526
        7398       -5.42    -5.46799  0.00149507
        7399    -5.41511    -5.46798  0.00149489
        7400    -5.40983    -5.46798  0.00149471
        7401    -5.40452    -5.46797  0.00149453
        7402    -5.39967    -5.46796  0.00149436
        7403    -5.39457    -5.46795  0.00149419
        7404    -5.38987    -5.46794  0.00149402
        7405    -5.38501    -5.46793  0.00149386
        7406     -5.3808    -5.46792  0.00149371
        7407    -5.37654     -5.4679  0.00149356
        7408    -5.37287    -5.46789  0.00149341
        7409    -5.36908    -5.46788  0.00149327
        7410    -5.36582    -5.46786  0.00149313
        7411    -5.36297    -5.46785    0.001493
        7412     -5.3604    -5.46783  0.00149287
        7413    -5.35859    -5.46782  0.00149274
        7414    -5.35725     -5.4678  0.00149261
        7415    -5.35639    -5.46779  0.00149248
        7416     -5.3557    -5.46777  0.00149236
        7417    -5.35579    -5.46776  0.00149224
        7418    -5.35619    -5.46774  0.00149211
        7419    -5.35689    -5.46773  0.00149198
        7420      -5.358    -5.46771  0.00149186
        7421    -5.35951     -5.4677  0.00149173
        7422    -5.36154    -5.46769  0.00149159
        7423    -5.36375    -5.46767  0.00149146
        7424    -5.36642    -5.46766  0.00149132
        7425     -5.3695    -5.46764  0.00149118
        7426    -5.37267    -5.46763  0.00149103
        7427    -5.37589    -5.46762  0.00149088
        7428    -5.37943    -5.46761  0.00149073
        7429    -5.38294     -5.4676  0.00149057
        7430    -5.38624    -5.46759  0.00149041
        7431    -5.39052    -5.46758  0.00149025
        7432    -5.39422    -5.46757  0.00149008
        7433    -5.39791    -5.46756  0.00148991
        7434    -5.40158    -5.46755  0.00148973
        7435    -5.40502    -5.46754  0.00148956
        7436    -5.40913    -5.46753  0.00148938
        7437    -5.41251    -5.46752   0.0014892
        7438    -5.41559    -5.46752  0.00148901
        7439    -5.41895    -5.46751  0.00148883
        7440    -5.42164     -5.4675  0.00148864
        7441    -5.42411     -5.4675  0.00148845
        7442    -5.42693    -5.46749  0.00148826
        7443    -5.42948    -5.46749  0.00148807
        7444    -5.43158    -5.46748  0.00148788
        7445    -5.43308    -5.46748  0.00148768
        7446    -5.43425    -5.46747  0.00148749
        7447    -5.43493    -5.46747   0.0014873
        7448    -5.43572    -5.46746   0.0014871
        7449    -5.43587    -5.46746  0.00148691
        7450    -5.43565    -5.46746  0.00148672
        7451    -5.43462    -5.46745  0.00148652
        7452    -5.43415    -5.46745  0.00148633
        7453    -5.43272    -5.46744  0.00148614
        7454    -5.43156    -5.46744  0.00148595
        7455    -5.43021    -5.46743  0.00148576
        7456    -5.42764    -5.46743  0.00148557
        7457    -5.42523    -5.46742  0.00148538
        7458    -5.42283    -5.46742  0.00148519
        7459    -5.41942    -5.46741  0.00148501
        7460    -5.41698     -5.4674  0.00148482
        7461    -5.41342     -5.4674  0.00148464
        7462    -5.40966    -5.46739  0.00148446
        7463    -5.40604    -5.46738  0.00148429
        7464    -5.40244    -5.46737  0.00148411
        7465    -5.39813    -5.46736  0.00148394
        7466    -5.39419    -5.46735  0.00148378
        7467     -5.3899    -5.46734  0.00148361
        7468    -5.38545    -5.46733  0.00148346
        7469    -5.38131    -5.46732   0.0014833
        7470    -5.37736    -5.46731  0.00148315
        7471    -5.37288    -5.46729  0.00148301
        7472    -5.36926    -5.46728  0.00148287
        7473    -5.36531    -5.46727  0.00148273
        7474    -5.36166    -5.46725   0.0014826
        7475    -5.35835    -5.46724  0.00148247
        7476    -5.35509    -5.46722  0.00148235
        7477    -5.35131    -5.46721  0.00148223
        7478    -5.34837    -5.46719  0.00148212
        7479    -5.34524    -5.46718  0.00148201
        7480    -5.34329    -5.46716  0.00148191
        7481    -5.34162    -5.46714   0.0014818
        7482    -5.33995    -5.46713   0.0014817
        7483    -5.33857    -5.46711   0.0014816
        7484    -5.33734    -5.46709  0.00148151
        7485    -5.33625    -5.46707  0.00148141
        7486    -5.33575    -5.46706  0.00148132
        7487    -5.33553    -5.46704  0.00148123
        7488    -5.33572    -5.46702  0.00148113
        7489    -5.33632      -5.467  0.00148104
        7490    -5.33654    -5.46699  0.00148094
        7491    -5.33684    -5.46697  0.00148085
        7492    -5.33778    -5.46695  0.00148075
        7493    -5.33921    -5.46693  0.00148065
        7494    -5.34003    -5.46692  0.00148055
        7495    -5.34144     -5.4669  0.00148045
        7496    -5.34296    -5.46688  0.00148034
        7497    -5.34442    -5.46687  0.00148023
        7498     -5.3458    -5.46685  0.00148012
        7499    -5.34754    -5.46684  0.00148001
        7500    -5.34933    -5.46682   0.0014799
        7501    -5.35083     -5.4668  0.00147978
        7502    -5.35281    -5.46679  0.00147966
        7503    -5.35524    -5.46677  0.00147954
        7504    -5.35676    -5.46676  0.00147941
        7505    -5.35859    -5.46675  0.00147929
        7506    -5.36055    -5.46673  0.00147916
        7507    -5.36282    -5.46672  0.00147903
        7508    -5.36447     -5.4667  0.00147889
        7509    -5.36628    -5.46669  0.00147876
        7510    -5.36826    -5.46668  0.00147862
        7511    -5.37026    -5.46666  0.00147848
        7512    -5.37184    -5.46665  0.00147833
        7513    -5.37346    -5.46664  0.00147819
        7514    -5.37514    -5.46663  0.00147804
        7515    -5.37718    -5.46662  0.00147789
        7516    -5.37945     -5.4666  0.00147774
        7517    -5.38119    -5.46659  0.00147759
        7518    -5.38362    -5.46658  0.00147743
        7519    -5.38569    -5.46657  0.00147728
        7520    -5.38784    -5.46656  0.00147712
        7521    -5.39068    -5.46655  0.00147695
        7522    -5.39358    -5.46654  0.00147679
        7523    -5.39578    -5.46653  0.00147662
        7524    -5.39831    -5.46652  0.00147646
        7525    -5.40071    -5.46651  0.00147628
        7526     -5.4034     -5.4665  0.00147611
        7527    -5.40561     -5.4665  0.00147594
        7528    -5.40837    -5.46649  0.00147576
        7529    -5.41088    -5.46648  0.00147559
        7530    -5.41313    -5.46647  0.00147541
        7531    -5.41509    -5.46647  0.00147523
        7532    -5.41674    -5.46646  0.00147504
        7533    -5.41835    -5.46645  0.00147486
        7534    -5.42005    -5.46645  0.00147468
        7535    -5.42123    -5.46644   0.0014745
        7536    -5.42234    -5.46644  0.00147431
        7537     -5.4235    -5.46643  0.00147413
        7538    -5.42411    -5.46643  0.00147394
        7539    -5.42447    -5.46642  0.00147376
        7540    -5.42457    -5.46641  0.00147357
        7541    -5.42458    -5.46641  0.00147339
        7542    -5.42449     -5.4664   0.0014732
        7543    -5.42386     -5.4664  0.00147302
        7544     -5.4233    -5.46639  0.00147283
        7545    -5.42222    -5.46639  0.00147265
        7546    -5.42124    -5.46638  0.00147247
        7547    -5.42021    -5.46637  0.00147229
        7548    -5.41853    -5.46637   0.0014721
        7549    -5.41668    -5.46636  0.00147192
        7550    -5.41467    -5.46635  0.00147174
        7551    -5.41281    -5.46635  0.00147157
        7552    -5.41066    -5.46634  0.00147139
        7553    -5.40868    -5.46633  0.00147122
        7554    -5.40659    -5.46632  0.00147104
        7555    -5.40425    -5.46632  0.00147087
        7556    -5.40198    -5.46631   0.0014707
        7557    -5.39902     -5.4663  0.00147053
        7558    -5.39599    -5.46629  0.00147037
        7559    -5.39307    -5.46628   0.0014702
        7560    -5.39025    -5.46627  0.00147004
        7561    -5.38725    -5.46626  0.00146989
        7562    -5.38424    -5.46625  0.00146973
        7563    -5.38153    -5.46624  0.00146958
        7564    -5.37899    -5.46623  0.00146943
        7565    -5.37633    -5.46621  0.00146929
        7566    -5.37403     -5.4662  0.00146914
        7567    -5.37104    -5.46619    0.001469
        7568    -5.36844    -5.46618  0.00146886
        7569    -5.36642    -5.46616  0.00146873
        7570    -5.36454    -5.46615   0.0014686
        7571    -5.36162    -5.46614  0.00146847
        7572    -5.35921    -5.46612  0.00146834
        7573    -5.35763    -5.46611  0.00146822
        7574    -5.35601    -5.46609   0.0014681
        7575    -5.35514    -5.46608  0.00146798
        7576    -5.35461    -5.46606  0.00146786
        7577    -5.35382    -5.46605  0.00146774
        7578    -5.35404    -5.46603  0.00146762
        7579    -5.35406    -5.46602   0.0014675
        7580    -5.35423      -5.466  0.00146738
        7581    -5.35621    -5.46599  0.00146726
        7582    -5.35806    -5.46598  0.00146713
        7583    -5.35993    -5.46596  0.00146701
        7584    -5.36272    -5.46595  0.00146687
        7585    -5.36553    -5.46593  0.00146674
        7586    -5.36862    -5.46592   0.0014666
        7587    -5.37244    -5.46591  0.00146646
        7588     -5.3768     -5.4659  0.00146632
        7589    -5.38167    -5.46589  0.00146616
        7590     -5.3873    -5.46588  0.00146601
        7591    -5.39244    -5.46587  0.00146585
        7592    -5.39855    -5.46586  0.00146568
        7593    -5.40362    -5.46585  0.00146551
        7594    -5.40955    -5.46584  0.00146534
        7595    -5.41479    -5.46584  0.00146516
        7596    -5.42064    -5.46583  0.00146498
        7597    -5.42659    -5.46582  0.00146479
        7598    -5.43245    -5.46582  0.00146461
        7599    -5.43878    -5.46582  0.00146442
        7600    -5.44432    -5.46581  0.00146423
        7601    -5.44964    -5.46581  0.00146404
        7602    -5.45517    -5.46581  0.00146385
        7603    -5.45996    -5.46581  0.00146365
        7604    -5.46383    -5.46581  0.00146346
        7605    -5.46799    -5.46581  0.00146327
        7606    -5.47164    -5.46581  0.00146308
        7607    -5.47523    -5.46581  0.00146289
        7608     -5.4783    -5.46581  0.00146269
        7609    -5.48083    -5.46581   0.0014625
        7610    -5.48269    -5.46582  0.00146231
        7611      -5.484    -5.46582  0.00146212
        7612      -5.486    -5.46582  0.00146193
        7613    -5.48717    -5.46582  0.00146174
        7614    -5.48811    -5.46583  0.00146155
        7615    -5.48855    -5.46583  0.00146137
        7616    -5.48895    -5.46583  0.00146118
        7617    -5.48766    -5.46584  0.00146099
        7618     -5.4865    -5.46584   0.0014608
        7619    -5.48565    -5.46584  0.00146061
        7620    -5.48392    -5.46584  0.00146042
        7621    -5.48268    -5.46585  0.00146023
        7622     -5.4815    -5.46585  0.00146004
        7623     -5.4798    -5.46585  0.00145985
        7624     -5.4779    -5.46585  0.00145966
        7625    -5.47537    -5.46585  0.00145947
        7626    -5.47283    -5.46585  0.00145928
        7627    -5.47016    -5.46585  0.00145909
        7628    -5.46752    -5.46585  0.00145889
        7629    -5.46403    -5.46585   0.0014587
        7630    -5.46122    -5.46585  0.00145851
        7631    -5.45821    -5.46585  0.00145832
        7632      -5.455    -5.46585  0.00145813
        7633    -5.45192    -5.46585  0.00145794
        7634    -5.44838    -5.46585  0.00145775
        7635    -5.44561    -5.46584  0.00145756
        7636    -5.44255    -5.46584  0.00145738
        7637    -5.43937    -5.46584  0.00145719
        7638    -5.43639    -5.46583    0.001457
        7639    -5.43375    -5.46583  0.00145682
        7640    -5.43088    -5.46583  0.00145663
        7641    -5.42807    -5.46582  0.00145645
        7642    -5.42518    -5.46582  0.00145627
        7643    -5.42252    -5.46581  0.00145609
        7644    -5.42024     -5.4658  0.00145591
        7645     -5.4182     -5.4658  0.00145574
        7646    -5.41626    -5.46579  0.00145556
        7647    -5.41395    -5.46578  0.00145539
        7648    -5.41205    -5.46578  0.00145521
        7649     -5.4104    -5.46577  0.00145504
        7650    -5.40856    -5.46576  0.00145487
        7651    -5.40669    -5.46575   0.0014547
        7652    -5.40477    -5.46575  0.00145453
        7653    -5.40343    -5.46574  0.00145436
        7654    -5.40207    -5.46573   0.0014542
        7655    -5.40068    -5.46572  0.00145403
        7656    -5.39972    -5.46571  0.00145387
        7657    -5.39859     -5.4657  0.00145371
        7658    -5.39789     -5.4657  0.00145354
        7659    -5.39732    -5.46569  0.00145338
        7660    -5.39628    -5.46568  0.00145322
        7661    -5.39596    -5.46567  0.00145306
        7662    -5.39517    -5.46566   0.0014529
        7663     -5.3951    -5.46565  0.00145274
        7664    -5.39469    -5.46564  0.00145258
        7665    -5.39453    -5.46563  0.00145242
        7666    -5.39417    -5.46562  0.00145226
        7667     -5.3945    -5.46561   0.0014521
        7668    -5.39462     -5.4656  0.00145194
        7669    -5.39496    -5.46559  0.00145178
        7670    -5.39477    -5.46559  0.00145162
        7671    -5.39525    -5.46558  0.00145146
        7672    -5.39565    -5.46557   0.0014513
        7673    -5.39625    -5.46556  0.00145114
        7674    -5.39648    -5.46555  0.00145097
        7675    -5.39647    -5.46554  0.00145081
        7676    -5.39714    -5.46553  0.00145065
        7677    -5.39775    -5.46552  0.00145049
        7678    -5.39861    -5.46551  0.00145033
        7679    -5.39974    -5.46551  0.00145016
        7680    -5.40084     -5.4655     0.00145
        7681    -5.40238    -5.46549  0.00144983
        7682    -5.40392    -5.46548  0.00144967
        7683    -5.40549    -5.46547   0.0014495
        7684    -5.40739    -5.46547  0.00144933
        7685    -5.40932    -5.46546  0.00144916
        7686    -5.41115    -5.46545  0.00144899
        7687    -5.41392    -5.46544  0.00144882
        7688    -5.41627    -5.46544  0.00144864
        7689    -5.41896    -5.46543  0.00144847
        7690    -5.42212    -5.46543  0.00144829
        7691    -5.42527    -5.46542  0.00144811
        7692    -5.42855    -5.46542  0.00144793
        7693    -5.43163    -5.46541  0.00144775
        7694    -5.43507    -5.46541  0.00144756
        7695    -5.43839     -5.4654  0.00144738
        7696    -5.44187     -5.4654   0.0014472
        7697    -5.44547     -5.4654  0.00144701
        7698    -5.44839     -5.4654  0.00144682
        7699    -5.45137    -5.46539  0.00144664
        7700    -5.45451    -5.46539  0.00144645
        7701    -5.45764    -5.46539  0.00144626
        7702    -5.46028    -5.46539  0.00144607
        7703    -5.46315    -5.46539  0.00144589
        7704    -5.46548    -5.46539   0.0014457
        7705     -5.4674    -5.46539  0.00144551
        7706    -5.46906    -5.46539  0.00144532
        7707    -5.47028    -5.46539  0.00144514
        7708    -5.47092    -5.46539  0.00144495
        7709    -5.47157    -5.46539  0.00144476
        7710    -5.47254    -5.46539  0.00144458
        7711    -5.47233     -5.4654  0.00144439
        7712    -5.47186     -5.4654   0.0014442
        7713    -5.47175     -5.4654  0.00144401
        7714    -5.47155     -5.4654  0.00144383
        7715    -5.47085     -5.4654  0.00144364
        7716    -5.46936     -5.4654  0.00144345
        7717    -5.46787     -5.4654  0.00144327
        7718    -5.46641     -5.4654  0.00144308
        7719    -5.46532     -5.4654  0.00144289
        7720    -5.46402     -5.4654  0.00144271
        7721    -5.46179     -5.4654  0.00144252
        7722    -5.46032     -5.4654  0.00144233
        7723    -5.45936     -5.4654  0.00144215
        7724    -5.45862     -5.4654  0.00144196
        7725    -5.45754     -5.4654  0.00144177
        7726    -5.45644    -5.46539  0.00144159
        7727     -5.4552    -5.46539   0.0014414
        7728     -5.4546    -5.46539  0.00144121
        7729    -5.45404    -5.46539  0.00144103
        7730     -5.4537    -5.46539  0.00144084
        7731    -5.45342    -5.46539  0.00144066
        7732     -5.4535    -5.46539  0.00144047
        7733    -5.45395    -5.46538  0.00144029
        7734    -5.45445    -5.46538   0.0014401
        7735    -5.45513    -5.46538  0.00143992
        7736    -5.45613    -5.46538  0.00143973
        7737    -5.45756    -5.46538  0.00143954
        7738    -5.45865    -5.46538  0.00143936
        7739    -5.45996    -5.46538  0.00143917
        7740    -5.46146    -5.46538  0.00143899
        7741    -5.46266    -5.46538   0.0014388
        7742    -5.46428    -5.46538  0.00143861
        7743    -5.46568    -5.46538  0.00143843
        7744    -5.46683    -5.46538  0.00143824
        7745    -5.46786    -5.46538  0.00143806
        7746    -5.46872    -5.46538  0.00143787
        7747    -5.46925    -5.46538  0.00143769
        7748    -5.46989    -5.46538   0.0014375
        7749    -5.46985    -5.46538  0.00143732
        7750    -5.46944    -5.46538  0.00143713
        7751    -5.46864    -5.46538  0.00143695
        7752    -5.46836    -5.46538  0.00143676
        7753    -5.46755    -5.46538  0.00143657
        7754    -5.46635    -5.46538  0.00143639
        7755    -5.46538    -5.46538   0.0014362
        7756    -5.46436    -5.46538  0.00143602
        7757    -5.46299    -5.46538  0.00143583
        7758    -5.46068    -5.46538  0.00143565
        7759    -5.45851    -5.46538  0.00143546
        7760    -5.45605    -5.46538  0.00143528
        7761    -5.45362    -5.46538   0.0014351
        7762    -5.45095    -5.46537  0.00143491
        7763    -5.44819    -5.46537  0.00143473
        7764    -5.44569    -5.46537  0.00143455
        7765     -5.4433    -5.46537  0.00143436
        7766    -5.44137    -5.46536  0.00143418
        7767    -5.43914    -5.46536    0.001434
        7768    -5.43635    -5.46536  0.00143382
        7769    -5.43437    -5.46535  0.00143364
        7770    -5.43292    -5.46535  0.00143346
        7771    -5.43067    -5.46534  0.00143329
        7772    -5.42883    -5.46534  0.00143311
        7773    -5.42682    -5.46533  0.00143293
        7774    -5.42511    -5.46533  0.00143276
        7775    -5.42417    -5.46532  0.00143259
        7776    -5.42221    -5.46532  0.00143241
        7777    -5.42089    -5.46531  0.00143224
        7778    -5.41963    -5.46531  0.00143207
        7779    -5.41859     -5.4653   0.0014319
        7780    -5.41778     -5.4653  0.00143172
        7781    -5.41721    -5.46529  0.00143155
        7782     -5.4172    -5.46528  0.00143138
        7783    -5.41715    -5.46528  0.00143121
        7784    -5.41721    -5.46527  0.00143104
        7785    -5.41739    -5.46526  0.00143087
        7786    -5.41799    -5.46526   0.0014307
        7787    -5.41948    -5.46525  0.00143053
        7788    -5.42093    -5.46525  0.00143036
        7789    -5.42279    -5.46524  0.00143018
        7790    -5.42506    -5.46524  0.00143001
        7791    -5.42774    -5.46523  0.00142983
        7792    -5.43109    -5.46523  0.00142966
        7793    -5.43392    -5.46522  0.00142948
        7794    -5.43679    -5.46522   0.0014293
        7795    -5.43984    -5.46522  0.00142912
        7796    -5.44335    -5.46521  0.00142894
        7797    -5.44729    -5.46521  0.00142876
        7798    -5.45134    -5.46521  0.00142858
        7799    -5.45532    -5.46521  0.00142839
        7800     -5.4589    -5.46521  0.00142821
        7801    -5.46296    -5.46521  0.00142803
        7802    -5.46687    -5.46521  0.00142784
        7803     -5.4709    -5.46521  0.00142766
        7804    -5.47489    -5.46521  0.00142748
        7805    -5.47819    -5.46521   0.0014273
        7806     -5.4817    -5.46521  0.00142712
        7807    -5.48508    -5.46522  0.00142694
        7808    -5.48771    -5.46522  0.00142676
        7809    -5.49079    -5.46522  0.00142658
        7810    -5.49353    -5.46522   0.0014264
        7811    -5.49637    -5.46523  0.00142622
        7812    -5.49901    -5.46523  0.00142605
        7813    -5.50081    -5.46524  0.00142587
        7814    -5.50254    -5.46524   0.0014257
        7815    -5.50449    -5.46525  0.00142552
        7816    -5.50573    -5.46525  0.00142535
        7817    -5.50673    -5.46526  0.00142518
        7818    -5.50778    -5.46526  0.00142501
        7819    -5.50902    -5.46527  0.00142483
        7820    -5.50955    -5.46527  0.00142466
        7821    -5.50983    -5.46528  0.00142449
        7822     -5.5094    -5.46529  0.00142432
        7823    -5.50947    -5.46529  0.00142415
        7824    -5.50914     -5.4653  0.00142398
        7825    -5.50856     -5.4653  0.00142381
        7826    -5.50759    -5.46531  0.00142364
        7827    -5.50609    -5.46531  0.00142346
        7828    -5.50465    -5.46532  0.00142329
        7829    -5.50284    -5.46532  0.00142312
        7830    -5.50096    -5.46533  0.00142294
        7831    -5.49873    -5.46533  0.00142277
        7832    -5.49645    -5.46534  0.00142259
        7833    -5.49413    -5.46534  0.00142241
        7834    -5.49194    -5.46534  0.00142224
        7835    -5.48899    -5.46535  0.00142206
        7836    -5.48618    -5.46535  0.00142188
        7837    -5.48355    -5.46535   0.0014217
        7838    -5.48049    -5.46535  0.00142152
        7839    -5.47719    -5.46535  0.00142134
        7840    -5.47364    -5.46536  0.00142116
        7841    -5.47002    -5.46536  0.00142098
        7842     -5.4671    -5.46536   0.0014208
        7843    -5.46355    -5.46536  0.00142062
        7844    -5.45951    -5.46536  0.00142043
        7845    -5.45563    -5.46535  0.00142025
        7846     -5.4525    -5.46535  0.00142007
        7847    -5.44955    -5.46535  0.00141989
        7848    -5.44603    -5.46535  0.00141972
        7849    -5.44285    -5.46535  0.00141954
        7850    -5.43912    -5.46534  0.00141936
        7851    -5.43545    -5.46534  0.00141919
        7852     -5.4326    -5.46533  0.00141901
        7853    -5.42996    -5.46533  0.00141884
        7854    -5.42663    -5.46532  0.00141866
        7855    -5.42412    -5.46532  0.00141849
        7856    -5.42061    -5.46531  0.00141832
        7857    -5.41762    -5.46531  0.00141816
        7858    -5.41466     -5.4653  0.00141799
        7859     -5.4119    -5.46529  0.00141783
        7860    -5.40888    -5.46529  0.00141767
        7861    -5.40587    -5.46528   0.0014175
        7862    -5.40334    -5.46527  0.00141735
        7863    -5.40066    -5.46526  0.00141719
        7864    -5.39784    -5.46525  0.00141704
        7865    -5.39576    -5.46525  0.00141688
        7866    -5.39246    -5.46524  0.00141673
        7867     -5.3896    -5.46523  0.00141659
        7868    -5.38687    -5.46522  0.00141644
        7869    -5.38427    -5.46521   0.0014163
        7870    -5.38119     -5.4652  0.00141616
        7871    -5.37809    -5.46519  0.00141602
        7872    -5.37526    -5.46517  0.00141589
        7873    -5.37242    -5.46516  0.00141576
        7874    -5.36942    -5.46515  0.00141563
        7875    -5.36671    -5.46514   0.0014155
        7876    -5.36386    -5.46512  0.00141538
        7877    -5.36086    -5.46511  0.00141527
        7878    -5.35743     -5.4651  0.00141515
        7879    -5.35449    -5.46508  0.00141504
        7880    -5.35158    -5.46507  0.00141494
        7881    -5.34826    -5.46505  0.00141483
        7882    -5.34515    -5.46504  0.00141474
        7883    -5.34255    -5.46502  0.00141464
        7884    -5.33971    -5.46501  0.00141455
        7885    -5.33725    -5.46499  0.00141447
        7886    -5.33455    -5.46497  0.00141438
        7887    -5.33222    -5.46496   0.0014143
        7888    -5.32996    -5.46494  0.00141423
        7889    -5.32793    -5.46492  0.00141416
        7890    -5.32597    -5.46491  0.00141409
        7891    -5.32331    -5.46489  0.00141402
        7892    -5.32041    -5.46487  0.00141396
        7893    -5.31846    -5.46485   0.0014139
        7894    -5.31656    -5.46483  0.00141385
        7895    -5.31485    -5.46481   0.0014138
        7896    -5.31272    -5.46479  0.00141375
        7897    -5.31061    -5.46477   0.0014137
        7898    -5.30867    -5.46475  0.00141366
        7899    -5.30673    -5.46473  0.00141363
        7900    -5.30481    -5.46471  0.00141359
        7901    -5.30289    -5.46469  0.00141356
        7902    -5.30082    -5.46467  0.00141353
        7903    -5.29891    -5.46465  0.00141351
        7904    -5.29717    -5.46463  0.00141349
        7905    -5.29529    -5.46461  0.00141347
        7906    -5.29375    -5.46459  0.00141346
        7907     -5.2921    -5.46457  0.00141345
        7908    -5.29096    -5.46454  0.00141344
        7909    -5.28945    -5.46452  0.00141344
        7910    -5.28774     -5.4645  0.00141344
        7911     -5.2863    -5.46448  0.00141344
        7912    -5.28501    -5.46445  0.00141344
        7913    -5.28435    -5.46443  0.00141344
        7914    -5.28374    -5.46441  0.00141345
        7915    -5.28351    -5.46439  0.00141346
        7916    -5.28339    -5.46436  0.00141346
        7917    -5.28355    -5.46434  0.00141347
        7918    -5.28356    -5.46432  0.00141347
        7919    -5.28404    -5.46429  0.00141348
        7920    -5.28486    -5.46427  0.00141348
        7921    -5.28602    -5.46425  0.00141348
        7922    -5.28769    -5.46423  0.00141348
        7923    -5.28971    -5.46421  0.00141347
        7924    -5.29178    -5.46418  0.00141346
        7925    -5.29449    -5.46416  0.00141345
        7926    -5.29691    -5.46414  0.00141343
        7927    -5.29978    -5.46412   0.0014134
        7928    -5.30323     -5.4641  0.00141337
        7929    -5.30708    -5.46408  0.00141333
        7930    -5.31128    -5.46406  0.00141328
        7931    -5.31564    -5.46404  0.00141323
        7932    -5.31954    -5.46402  0.00141317
        7933    -5.32382    -5.46401   0.0014131
        7934    -5.32784    -5.46399  0.00141302
        7935    -5.33232    -5.46397  0.00141294
        7936    -5.33661    -5.46396  0.00141286
        7937    -5.34082    -5.46394  0.00141276
        7938    -5.34493    -5.46393  0.00141266
        7939    -5.34874    -5.46391  0.00141256
        7940    -5.35252     -5.4639  0.00141245
        7941    -5.35596    -5.46388  0.00141234
        7942    -5.35902    -5.46387  0.00141222
        7943    -5.36215    -5.46386   0.0014121
        7944    -5.36487    -5.46385  0.00141198
        7945    -5.36763    -5.46383  0.00141186
        7946    -5.37043    -5.46382  0.00141173
        7947    -5.37267    -5.46381   0.0014116
        7948    -5.37449     -5.4638  0.00141146
        7949    -5.37546    -5.46379  0.00141133
        7950    -5.37695    -5.46378  0.00141119
        7951    -5.37791    -5.46377  0.00141106
        7952    -5.37882    -5.46376  0.00141092
        7953    -5.37924    -5.46374  0.00141078
        7954     -5.3795    -5.46373  0.00141065
        7955    -5.37964    -5.46372  0.00141051
        7956    -5.38041    -5.46371  0.00141037
        7957    -5.38005     -5.4637  0.00141023
        7958    -5.38055    -5.46369  0.00141009
        7959    -5.38086    -5.46368  0.00140995
        7960    -5.38072    -5.46367  0.00140982
        7961    -5.38106    -5.46366  0.00140968
        7962     -5.3813    -5.46365  0.00140954
        7963    -5.38193    -5.46364   0.0014094
        7964    -5.38281    -5.46363  0.00140926
        7965    -5.38336    -5.46362  0.00140912
        7966    -5.38405    -5.46361  0.00140898
        7967    -5.38519     -5.4636  0.00140883
        7968     -5.3865    -5.46359  0.00140869
        7969    -5.38784    -5.46358  0.00140855
        7970    -5.38921    -5.46357   0.0014084
        7971    -5.39031    -5.46356  0.00140825
        7972    -5.39205    -5.46355   0.0014081
        7973    -5.39381    -5.46354  0.00140796
        7974     -5.3959    -5.46354   0.0014078
        7975    -5.39753    -5.46353  0.00140765
        7976    -5.39991    -5.46352   0.0014075
        7977    -5.40241    -5.46351  0.00140734
        7978    -5.40517    -5.46351  0.00140718
        7979    -5.40784     -5.4635  0.00140703
        7980    -5.40996    -5.46349  0.00140687
        7981    -5.41256    -5.46349   0.0014067
        7982    -5.41546    -5.46348  0.00140654
        7983    -5.41847    -5.46347  0.00140638
        7984    -5.42082    -5.46347  0.00140621
        7985    -5.42354    -5.46346  0.00140604
        7986    -5.42598    -5.46346  0.00140587
        7987    -5.42874    -5.46345   0.0014057
        7988    -5.43104    -5.46345  0.00140553
        7989    -5.43315    -5.46345  0.00140536
        7990     -5.4346    -5.46344  0.00140519
        7991    -5.43629    -5.46344  0.00140502
        7992    -5.43776    -5.46344  0.00140485
        7993    -5.43883    -5.46343  0.00140468
        7994     -5.4395    -5.46343   0.0014045
        7995    -5.44024    -5.46343  0.00140433
        7996    -5.44118    -5.46342  0.00140416
        7997    -5.44188    -5.46342  0.00140399
        7998     -5.4422    -5.46342  0.00140381
        7999    -5.44139    -5.46342  0.00140364
        8000    -5.44097    -5.46341  0.00140347
        8001    -5.44019    -5.46341  0.00140329
        8002    -5.43953    -5.46341  0.00140312
        8003    -5.43825     -5.4634  0.00140295
        8004    -5.43711     -5.4634  0.00140278
        8005    -5.43583     -5.4634  0.00140261
        8006    -5.43428    -5.46339  0.00140244
        8007    -5.43292    -5.46339  0.00140227
        8008    -5.43132    -5.46339   0.0014021
        8009    -5.42933    -5.46338  0.00140193
        8010    -5.42758    -5.46338  0.00140176
        8011    -5.42533    -5.46337  0.00140159
        8012    -5.42318    -5.46337  0.00140143
        8013    -5.42114    -5.46336  0.00140126
        8014    -5.41878    -5.46336   0.0014011
        8015      -5.417    -5.46335  0.00140094
        8016    -5.41429    -5.46334  0.00140078
        8017    -5.41218    -5.46334  0.00140062
        8018     -5.4099    -5.46333  0.00140046
        8019    -5.40747    -5.46332   0.0014003
        8020    -5.40532    -5.46332  0.00140014
        8021    -5.40317    -5.46331  0.00139999
        8022    -5.40115     -5.4633  0.00139984
        8023    -5.39898    -5.46329  0.00139968
        8024     -5.3959    -5.46329  0.00139953
        8025    -5.39373    -5.46328  0.00139939
        8026    -5.39155    -5.46327  0.00139924
        8027    -5.38953    -5.46326   0.0013991
        8028    -5.38752    -5.46325  0.00139895
        8029    -5.38523    -5.46324  0.00139881
        8030    -5.38327    -5.46323  0.00139868
        8031    -5.38075    -5.46322  0.00139854
        8032    -5.37875    -5.46321   0.0013984
        8033    -5.37711     -5.4632  0.00139827
        8034    -5.37527    -5.46319  0.00139814
        8035    -5.37277    -5.46318  0.00139801
        8036    -5.37026    -5.46316  0.00139789
        8037    -5.36896    -5.46315  0.00139776
        8038    -5.36799    -5.46314  0.00139764
        8039    -5.36707    -5.46313  0.00139751
        8040    -5.36621    -5.46312  0.00139739
        8041    -5.36574    -5.46311  0.00139727
        8042    -5.36523    -5.46309  0.00139715
        8043    -5.36485    -5.46308  0.00139703
        8044    -5.36504    -5.46307  0.00139691
        8045    -5.36553    -5.46306  0.00139679
        8046    -5.36676    -5.46304  0.00139667
        8047    -5.36737    -5.46303  0.00139654
        8048    -5.36841    -5.46302  0.00139642
        8049    -5.37046    -5.46301  0.00139629
        8050    -5.37245      -5.463  0.00139616
        8051    -5.37435    -5.46299  0.00139603
        8052    -5.37643    -5.46298   0.0013959
        8053    -5.37867    -5.46297  0.00139577
        8054    -5.38102    -5.46296  0.00139563
        8055    -5.38344    -5.46295  0.00139549
        8056    -5.38591    -5.46294  0.00139535
        8057    -5.38853    -5.46293  0.00139521
        8058    -5.39157    -5.46292  0.00139507
        8059    -5.39394    -5.46291  0.00139492
        8060    -5.39607     -5.4629  0.00139477
        8061    -5.39791    -5.46289  0.00139462
        8062    -5.40007    -5.46289  0.00139447
        8063    -5.40146    -5.46288  0.00139432
        8064    -5.40327    -5.46287  0.00139416
        8065    -5.40475    -5.46286  0.00139401
        8066    -5.40634    -5.46286  0.00139386
        8067    -5.40789    -5.46285   0.0013937
        8068    -5.40896    -5.46284  0.00139354
        8069     -5.4097    -5.46284  0.00139339
        8070    -5.41044    -5.46283  0.00139323
        8071    -5.41073    -5.46282  0.00139307
        8072     -5.4106    -5.46282  0.00139291
        8073    -5.41098    -5.46281  0.00139275
        8074    -5.41099     -5.4628   0.0013926
        8075    -5.41111     -5.4628  0.00139244
        8076    -5.41136    -5.46279  0.00139228
        8077    -5.41208    -5.46278  0.00139212
        8078    -5.41271    -5.46278  0.00139196
        8079    -5.41326    -5.46277  0.00139181
        8080    -5.41378    -5.46277  0.00139165
        8081    -5.41444    -5.46276  0.00139149
        8082    -5.41513    -5.46275  0.00139133
        8083    -5.41601    -5.46275  0.00139117
        8084    -5.41682    -5.46274  0.00139101
        8085    -5.41817    -5.46274  0.00139085
        8086    -5.41993    -5.46273  0.00139068
        8087    -5.42167    -5.46273  0.00139052
        8088    -5.42385    -5.46272  0.00139036
        8089    -5.42662    -5.46272  0.00139019
        8090    -5.42938    -5.46271  0.00139003
        8091    -5.43228    -5.46271  0.00138986
        8092    -5.43592    -5.46271  0.00138969
        8093    -5.44044     -5.4627  0.00138952
        8094    -5.44431     -5.4627  0.00138935
        8095    -5.44872     -5.4627  0.00138918
        8096    -5.45365     -5.4627  0.00138901
        8097    -5.45846     -5.4627  0.00138884
        8098    -5.46343     -5.4627  0.00138867
        8099    -5.46837     -5.4627   0.0013885
        8100    -5.47356     -5.4627  0.00138833
        8101    -5.47821     -5.4627  0.00138816
        8102    -5.48288     -5.4627  0.00138799
        8103    -5.48784    -5.46271  0.00138782
        8104    -5.49305    -5.46271  0.00138765
        8105    -5.49772    -5.46272  0.00138749
        8106    -5.50287    -5.46272  0.00138733
        8107    -5.50757    -5.46273  0.00138717
        8108    -5.51222    -5.46273  0.00138701
        8109    -5.51666    -5.46274  0.00138685
        8110    -5.52099    -5.46275   0.0013867
        8111    -5.52521    -5.46275  0.00138655
        8112    -5.52867    -5.46276  0.00138641
        8113    -5.53212    -5.46277  0.00138626
        8114    -5.53539    -5.46278  0.00138612
        8115    -5.53784    -5.46279  0.00138598
        8116    -5.53994     -5.4628  0.00138584
        8117     -5.5415    -5.46281   0.0013857
        8118    -5.54314    -5.46282  0.00138557
        8119    -5.54425    -5.46283  0.00138543
        8120    -5.54466    -5.46284   0.0013853
        8121    -5.54515    -5.46285  0.00138517
        8122    -5.54511    -5.46286  0.00138503
        8123    -5.54515    -5.46287   0.0013849
        8124    -5.54407    -5.46288  0.00138477
        8125    -5.54265    -5.46289  0.00138463
        8126    -5.54133     -5.4629  0.00138449
        8127    -5.53955    -5.46291  0.00138435
        8128    -5.53686    -5.46292  0.00138421
        8129    -5.53402    -5.46293  0.00138407
        8130    -5.53153    -5.46293  0.00138393
        8131    -5.52847    -5.46294  0.00138378
        8132    -5.52519    -5.46295  0.00138363
        8133    -5.52139    -5.46296  0.00138348
        8134    -5.51817    -5.46296  0.00138333
        8135    -5.51402    -5.46297  0.00138317
        8136    -5.50988    -5.46298  0.00138301
        8137    -5.50607    -5.46298  0.00138285
        8138      -5.502    -5.46299  0.00138269
        8139    -5.49741    -5.46299  0.00138253
        8140    -5.49245    -5.46299  0.00138236
        8141     -5.4882      -5.463   0.0013822
        8142    -5.48378      -5.463  0.00138203
        8143    -5.47935      -5.463  0.00138186
        8144    -5.47524      -5.463  0.00138169
        8145    -5.47085      -5.463  0.00138152
        8146    -5.46636      -5.463  0.00138135
        8147    -5.46178      -5.463  0.00138118
        8148    -5.45712      -5.463  0.00138101
        8149    -5.45316      -5.463  0.00138085
        8150      -5.449      -5.463  0.00138068
        8151    -5.44496      -5.463  0.00138051
        8152    -5.44134      -5.463  0.00138034
        8153    -5.43802    -5.46299  0.00138018
        8154    -5.43454    -5.46299  0.00138001
        8155    -5.43108    -5.46298  0.00137985
        8156    -5.42779    -5.46298  0.00137969
        8157    -5.42529    -5.46298  0.00137952
        8158    -5.42239    -5.46297  0.00137936
        8159    -5.42059    -5.46297   0.0013792
        8160     -5.4181    -5.46296  0.00137905
        8161    -5.41568    -5.46295  0.00137889
        8162    -5.41394    -5.46295  0.00137873
        8163    -5.41228    -5.46294  0.00137858
        8164    -5.41146    -5.46294  0.00137842
        8165    -5.41013    -5.46293  0.00137827
        8166    -5.40919    -5.46292  0.00137812
        8167    -5.40789    -5.46292  0.00137797
        8168    -5.40713    -5.46291  0.00137781
        8169    -5.40691     -5.4629  0.00137766
        8170    -5.40676     -5.4629  0.00137751
        8171    -5.40698    -5.46289  0.00137736
        8172    -5.40756    -5.46288  0.00137721
        8173    -5.40833    -5.46288  0.00137705
        8174    -5.40913    -5.46287   0.0013769
        8175    -5.40978    -5.46286  0.00137675
        8176    -5.41059    -5.46286   0.0013766
        8177    -5.41166    -5.46285  0.00137644
        8178    -5.41299    -5.46284  0.00137629
        8179    -5.41425    -5.46284  0.00137613
        8180    -5.41618    -5.46283  0.00137597
        8181    -5.41814    -5.46283  0.00137582
        8182    -5.41936    -5.46282  0.00137566
        8183    -5.42057    -5.46282   0.0013755
        8184    -5.42235    -5.46281  0.00137534
        8185    -5.42378    -5.46281  0.00137518
        8186    -5.42499     -5.4628  0.00137502
        8187    -5.42625     -5.4628  0.00137486
        8188     -5.4268    -5.46279   0.0013747
        8189    -5.42768    -5.46279  0.00137454
        8190    -5.42826    -5.46278  0.00137438
        8191    -5.42929    -5.46278  0.00137422
        8192    -5.43001    -5.46278  0.00137405
        8193    -5.43054    -5.46277  0.00137389
        8194     -5.4306    -5.46277  0.00137373
        8195    -5.42987    -5.46276  0.00137357
        8196    -5.42956    -5.46276  0.00137341
        8197    -5.42861    -5.46276  0.00137325
        8198    -5.42795    -5.46275  0.00137308
        8199    -5.42711    -5.46275  0.00137292
        8200    -5.42626    -5.46274  0.00137276
        8201    -5.42557    -5.46274   0.0013726
        8202    -5.42474    -5.46273  0.00137244
        8203    -5.42318    -5.46273  0.00137229
        8204    -5.42198    -5.46272  0.00137213
        8205    -5.42053    -5.46272  0.00137197
        8206    -5.41918    -5.46271  0.00137181
        8207    -5.41792    -5.46271  0.00137166
        8208    -5.41619     -5.4627   0.0013715
        8209     -5.4146     -5.4627  0.00137135
        8210    -5.41272    -5.46269  0.00137119
        8211    -5.41148    -5.46268  0.00137104
        8212    -5.40954    -5.46268  0.00137089
        8213    -5.40797    -5.46267  0.00137074
        8214    -5.40679    -5.46266  0.00137059
        8215    -5.40571    -5.46266  0.00137044
        8216     -5.4046    -5.46265  0.00137029
        8217    -5.40391    -5.46264  0.00137014
        8218    -5.40305    -5.46264  0.00136999
        8219    -5.40218    -5.46263  0.00136985
        8220    -5.40161    -5.46262   0.0013697
        8221    -5.40119    -5.46261  0.00136955
        8222    -5.40107    -5.46261  0.00136941
        8223     -5.4011     -5.4626  0.00136926
        8224    -5.40082    -5.46259  0.00136912
        8225    -5.40069    -5.46258  0.00136897
        8226    -5.40099    -5.46258  0.00136882
        8227    -5.40128    -5.46257  0.00136868
        8228      -5.402    -5.46256  0.00136853
        8229    -5.40284    -5.46255  0.00136838
        8230    -5.40348    -5.46255  0.00136824
        8231    -5.40453    -5.46254  0.00136809
        8232    -5.40582    -5.46253  0.00136794
        8233    -5.40674    -5.46253  0.00136779
        8234    -5.40774    -5.46252  0.00136764
        8235    -5.40879    -5.46251  0.00136749
        8236    -5.41006    -5.46251  0.00136734
        8237    -5.41137     -5.4625  0.00136719
        8238    -5.41317    -5.46249  0.00136703
        8239     -5.4141    -5.46249  0.00136688
        8240     -5.4158    -5.46248  0.00136673
        8241    -5.41691    -5.46248  0.00136657
        8242    -5.41848    -5.46247  0.00136642
        8243    -5.42021    -5.46247  0.00136626
        8244    -5.42177    -5.46246   0.0013661
        8245    -5.42363    -5.46246  0.00136595
        8246    -5.42517    -5.46245  0.00136579
        8247    -5.42668    -5.46245  0.00136563
        8248    -5.42787    -5.46244  0.00136547
        8249    -5.42857    -5.46244  0.00136531
        8250    -5.42984    -5.46244  0.00136515
        8251    -5.43062    -5.46243  0.00136499
        8252     -5.4315    -5.46243  0.00136483
        8253    -5.43279    -5.46243  0.00136467
        8254    -5.43402    -5.46242  0.00136451
        8255    -5.43519    -5.46242  0.00136435
        8256    -5.43583    -5.46242  0.00136419
        8257    -5.43656    -5.46241  0.00136403
        8258    -5.43736    -5.46241  0.00136386
        8259    -5.43792    -5.46241   0.0013637
        8260     -5.4384     -5.4624  0.00136354
        8261    -5.43939     -5.4624  0.00136338
        8262    -5.43968     -5.4624  0.00136321
        8263    -5.44032    -5.46239  0.00136305
        8264    -5.44071    -5.46239  0.00136289
        8265    -5.44099    -5.46239  0.00136273
        8266    -5.44087    -5.46239  0.00136257
        8267    -5.44079    -5.46238   0.0013624
        8268    -5.44031    -5.46238  0.00136224
        8269    -5.44018    -5.46238  0.00136208
        8270    -5.43996    -5.46238  0.00136192
        8271     -5.4398    -5.46237  0.00136175
        8272    -5.43912    -5.46237  0.00136159
        8273    -5.43839    -5.46237  0.00136143
        8274    -5.43777    -5.46237  0.00136127
        8275    -5.43667    -5.46236  0.00136111
        8276    -5.43588    -5.46236  0.00136095
        8277    -5.43496    -5.46236  0.00136079
        8278    -5.43425    -5.46235  0.00136063
        8279    -5.43376    -5.46235  0.00136047
        8280    -5.43338    -5.46235  0.00136031
        8281    -5.43328    -5.46234  0.00136015
        8282    -5.43288    -5.46234  0.00135999
        8283    -5.43295    -5.46233  0.00135983
        8284    -5.43322    -5.46233  0.00135967
        8285    -5.43385    -5.46233  0.00135951
        8286     -5.4344    -5.46232  0.00135935
        8287    -5.43564    -5.46232  0.00135919
        8288    -5.43665    -5.46232  0.00135903
        8289    -5.43789    -5.46231  0.00135887
        8290     -5.4395    -5.46231  0.00135871
        8291    -5.44145    -5.46231  0.00135855
        8292    -5.44344    -5.46231  0.00135838
        8293    -5.44574    -5.46231  0.00135822
        8294    -5.44726     -5.4623  0.00135806
        8295    -5.44949     -5.4623   0.0013579
        8296    -5.45164     -5.4623  0.00135773
        8297    -5.45443     -5.4623  0.00135757
        8298    -5.45692     -5.4623  0.00135741
        8299    -5.45923     -5.4623  0.00135724
        8300    -5.46147     -5.4623  0.00135708
        8301    -5.46393     -5.4623  0.00135692
        8302    -5.46627     -5.4623  0.00135675
        8303    -5.46817     -5.4623  0.00135659
        8304    -5.47022     -5.4623  0.00135643
        8305    -5.47193     -5.4623  0.00135626
        8306    -5.47406     -5.4623   0.0013561
        8307    -5.47554    -5.46231  0.00135594
        8308    -5.47666    -5.46231  0.00135578
        8309    -5.47788    -5.46231  0.00135561
        8310    -5.47934    -5.46231  0.00135545
        8311    -5.47954    -5.46231  0.00135529
        8312    -5.48029    -5.46231  0.00135513
        8313    -5.48054    -5.46232  0.00135497
        8314     -5.4803    -5.46232  0.00135481
        8315    -5.48048    -5.46232  0.00135465
        8316    -5.48033    -5.46232  0.00135449
        8317    -5.47987    -5.46233  0.00135432
        8318     -5.4791    -5.46233  0.00135416
        8319    -5.47864    -5.46233    0.001354
        8320    -5.47745    -5.46233  0.00135384
        8321     -5.4766    -5.46233  0.00135368
        8322    -5.47548    -5.46233  0.00135352
        8323    -5.47382    -5.46234  0.00135335
        8324    -5.47238    -5.46234  0.00135319
        8325    -5.47072    -5.46234  0.00135303
        8326     -5.4693    -5.46234  0.00135287
        8327    -5.46813    -5.46234  0.00135271
        8328    -5.46647    -5.46234  0.00135254
        8329    -5.46478    -5.46234  0.00135238
        8330    -5.46293    -5.46234  0.00135222
        8331    -5.46137    -5.46234  0.00135206
        8332    -5.45981    -5.46234  0.00135189
        8333    -5.45841    -5.46234  0.00135173
        8334    -5.45674    -5.46234  0.00135157
        8335    -5.45509    -5.46234  0.00135141
        8336     -5.4538    -5.46234  0.00135125
        8337     -5.4521    -5.46234  0.00135109
        8338    -5.45076    -5.46233  0.00135092
        8339    -5.44934    -5.46233  0.00135076
        8340      -5.448    -5.46233   0.0013506
        8341    -5.44689    -5.46233  0.00135044
        8342    -5.44541    -5.46233  0.00135028
        8343    -5.44433    -5.46233  0.00135012
        8344    -5.44364    -5.46232  0.00134996
        8345    -5.44213    -5.46232   0.0013498
        8346    -5.44102    -5.46232  0.00134964
        8347    -5.44044    -5.46232  0.00134948
        8348    -5.44009    -5.46231  0.00134932
        8349    -5.43982    -5.46231  0.00134916
        8350    -5.43915    -5.46231  0.00134901
        8351    -5.43899     -5.4623  0.00134885
        8352    -5.43871     -5.4623  0.00134869
        8353    -5.43755     -5.4623  0.00134853
        8354    -5.43747     -5.4623  0.00134837
        8355    -5.43692    -5.46229  0.00134821
        8356    -5.43667    -5.46229  0.00134806
        8357    -5.43638    -5.46229   0.0013479
        8358     -5.4359    -5.46228  0.00134774
        8359    -5.43599    -5.46228  0.00134758
        8360    -5.43602    -5.46228  0.00134743
        8361    -5.43525    -5.46227  0.00134727
        8362    -5.43457    -5.46227  0.00134711
        8363     -5.4337    -5.46227  0.00134696
        8364    -5.43309    -5.46226   0.0013468
        8365    -5.43276    -5.46226  0.00134664
        8366    -5.43182    -5.46226  0.00134649
        8367    -5.43121    -5.46225  0.00134633
        8368    -5.43063    -5.46225  0.00134617
        8369    -5.43014    -5.46225  0.00134602
        8370     -5.4299    -5.46224  0.00134586
        8371    -5.42904    -5.46224  0.00134571
        8372    -5.42926    -5.46223  0.00134555
        8373    -5.42969    -5.46223   0.0013454
        8374    -5.43005    -5.46223  0.00134524
        8375    -5.43113    -5.46222  0.00134509
        8376    -5.43205    -5.46222  0.00134493
        8377    -5.43282    -5.46222  0.00134478
        8378     -5.4342    -5.46221  0.00134462
        8379    -5.43591    -5.46221  0.00134446
        8380    -5.43735    -5.46221  0.00134431
        8381     -5.4391     -5.4622  0.00134415
        8382    -5.44192     -5.4622  0.00134399
        8383    -5.44427     -5.4622  0.00134383
        8384    -5.44765     -5.4622  0.00134367
        8385    -5.45112     -5.4622  0.00134351
        8386    -5.45481    -5.46219  0.00134335
        8387    -5.45852    -5.46219  0.00134319
        8388    -5.46254    -5.46219  0.00134303
        8389    -5.46682    -5.46219  0.00134287
        8390    -5.47088     -5.4622  0.00134271
        8391    -5.47515     -5.4622  0.00134255
        8392    -5.47958     -5.4622   0.0013424
        8393    -5.48355     -5.4622  0.00134224
        8394    -5.48793     -5.4622  0.00134208
        8395    -5.49194    -5.46221  0.00134193
        8396    -5.49617    -5.46221  0.00134177
        8397    -5.49998    -5.46222  0.00134162
        8398    -5.50426    -5.46222  0.00134147
        8399    -5.50763    -5.46223  0.00134132
        8400    -5.51144    -5.46223  0.00134117
        8401    -5.51506    -5.46224  0.00134103
        8402     -5.5185    -5.46225  0.00134089
        8403    -5.52158    -5.46225  0.00134075
        8404    -5.52476    -5.46226  0.00134061
        8405    -5.52727    -5.46227  0.00134047
        8406    -5.52927    -5.46228  0.00134033
        8407    -5.53167    -5.46228   0.0013402
        8408    -5.53386    -5.46229  0.00134007
        8409    -5.53555     -5.4623  0.00133994
        8410    -5.53705    -5.46231  0.00133981
        8411    -5.53869    -5.46232  0.00133968
        8412    -5.53971    -5.46233  0.00133955
        8413     -5.5409    -5.46234  0.00133942
        8414    -5.54196    -5.46235   0.0013393
        8415    -5.54294    -5.46236  0.00133917
        8416    -5.54339    -5.46237  0.00133905
        8417    -5.54424    -5.46238  0.00133893
        8418    -5.54478    -5.46239   0.0013388
        8419    -5.54502     -5.4624  0.00133868
        8420    -5.54544    -5.46241  0.00133856
        8421    -5.54591    -5.46242  0.00133843
        8422    -5.54661    -5.46243  0.00133831
        8423    -5.54726    -5.46244  0.00133819
        8424    -5.54817    -5.46245  0.00133807
        8425    -5.54951    -5.46246  0.00133795
        8426    -5.55098    -5.46247  0.00133783
        8427    -5.55214    -5.46248  0.00133772
        8428     -5.5536    -5.46249   0.0013376
        8429    -5.55519     -5.4625  0.00133749
        8430    -5.55691    -5.46251  0.00133738
        8431    -5.55906    -5.46252  0.00133727
        8432    -5.56101    -5.46253  0.00133716
        8433    -5.56273    -5.46255  0.00133705
        8434    -5.56511    -5.46256  0.00133695
        8435    -5.56737    -5.46257  0.00133685
        8436    -5.56962    -5.46258  0.00133675
        8437    -5.57138     -5.4626  0.00133666
        8438    -5.57322    -5.46261  0.00133656
        8439    -5.57525    -5.46262  0.00133647
        8440    -5.57683    -5.46264  0.00133638
        8441    -5.57807    -5.46265  0.00133629
        8442    -5.57939    -5.46266  0.00133621
        8443    -5.58106    -5.46268  0.00133612
        8444    -5.58243    -5.46269  0.00133604
        8445    -5.58303    -5.46271  0.00133596
        8446    -5.58371    -5.46272  0.00133587
        8447    -5.58386    -5.46273  0.00133579
        8448    -5.58344    -5.46275  0.00133571
        8449    -5.58213    -5.46276  0.00133563
        8450    -5.58082    -5.46278  0.00133554
        8451    -5.57905    -5.46279  0.00133546
        8452    -5.57679     -5.4628  0.00133537
        8453    -5.57374    -5.46282  0.00133527
        8454    -5.56975    -5.46283  0.00133517
        8455    -5.56588    -5.46284  0.00133507
        8456    -5.56153    -5.46285  0.00133497
        8457    -5.55656    -5.46286  0.00133485
        8458     -5.5519    -5.46288  0.00133474
        8459    -5.54623    -5.46289  0.00133462
        8460    -5.54001    -5.46289  0.00133449
        8461    -5.53346     -5.4629  0.00133436
        8462    -5.52615    -5.46291  0.00133422
        8463    -5.51921    -5.46292  0.00133408
        8464    -5.51193    -5.46292  0.00133393
        8465     -5.5044    -5.46293  0.00133379
        8466    -5.49652    -5.46293  0.00133363
        8467    -5.48853    -5.46293  0.00133348
        8468    -5.48171    -5.46294  0.00133332
        8469    -5.47507    -5.46294  0.00133317
        8470    -5.46855    -5.46294  0.00133301
        8471    -5.46267    -5.46294  0.00133285
        8472    -5.45659    -5.46294   0.0013327
        8473    -5.45127    -5.46294  0.00133254
        8474     -5.4463    -5.46293  0.00133238
        8475    -5.44157    -5.46293  0.00133223
        8476    -5.43771    -5.46293  0.00133208
        8477    -5.43443    -5.46293  0.00133192
        8478    -5.43172    -5.46292  0.00133177
        8479    -5.42958    -5.46292  0.00133162
        8480    -5.42842    -5.46291  0.00133147
        8481    -5.42732    -5.46291  0.00133132
        8482    -5.42639    -5.46291  0.00133117
        8483    -5.42618     -5.4629  0.00133102
        8484    -5.42636     -5.4629  0.00133087
        8485    -5.42672    -5.46289  0.00133072
        8486    -5.42738    -5.46289  0.00133057
        8487    -5.42858    -5.46288  0.00133042
        8488    -5.42985    -5.46288  0.00133027
        8489    -5.43175    -5.46288  0.00133011
        8490     -5.4338    -5.46287  0.00132996
        8491    -5.43492    -5.46287  0.00132981
        8492    -5.43736    -5.46287  0.00132966
        8493    -5.43915    -5.46286   0.0013295
        8494    -5.44134    -5.46286  0.00132935
        8495    -5.44345    -5.46286  0.00132919
        8496    -5.44551    -5.46286  0.00132904
        8497    -5.44811    -5.46286  0.00132888
        8498    -5.45065    -5.46285  0.00132873
        8499    -5.45284    -5.46285  0.00132857
        8500    -5.45543    -5.46285  0.00132842
        8501    -5.45889    -5.46285  0.00132826
        8502    -5.46171    -5.46285   0.0013281
        8503     -5.4648    -5.46285  0.00132795
        8504    -5.46725    -5.46285  0.00132779
        8505    -5.46996    -5.46285  0.00132764
        8506    -5.47309    -5.46285  0.00132748
        8507    -5.47617    -5.46286  0.00132733
        8508    -5.47964    -5.46286  0.00132717
        8509    -5.48335    -5.46286  0.00132702
        8510    -5.48712    -5.46286  0.00132686
        8511    -5.49048    -5.46287  0.00132671
        8512    -5.49387    -5.46287  0.00132656
        8513    -5.49757    -5.46287  0.00132641
        8514     -5.5014    -5.46288  0.00132626
        8515    -5.50534    -5.46288  0.00132612
        8516    -5.50907    -5.46289  0.00132597
        8517    -5.51225     -5.4629  0.00132583
        8518    -5.51517     -5.4629  0.00132569
        8519    -5.51825    -5.46291  0.00132555
        8520    -5.52103    -5.46291  0.00132541
        8521    -5.52409    -5.46292  0.00132527
        8522     -5.5265    -5.46293  0.00132514
        8523      -5.529    -5.46294  0.00132501
        8524    -5.53127    -5.46295  0.00132488
        8525    -5.53301    -5.46295  0.00132475
        8526    -5.53495    -5.46296  0.00132462
        8527    -5.53679    -5.46297  0.00132449
        8528    -5.53823    -5.46298  0.00132436
        8529     -5.5391    -5.46299  0.00132424
        8530    -5.54016      -5.463  0.00132412
        8531    -5.54081    -5.46301  0.00132399
        8532    -5.54104    -5.46302  0.00132387
        8533    -5.54086    -5.46302  0.00132374
        8534    -5.54073    -5.46303  0.00132362
        8535    -5.54049    -5.46304   0.0013235
        8536    -5.53986    -5.46305  0.00132337
        8537    -5.53867    -5.46306  0.00132325
        8538     -5.5374    -5.46307  0.00132312
        8539    -5.53574    -5.46308  0.00132299
        8540    -5.53416    -5.46309  0.00132286
        8541    -5.53281    -5.46309  0.00132273
        8542    -5.53094     -5.4631   0.0013226
        8543    -5.52856    -5.46311  0.00132247
        8544    -5.52597    -5.46312  0.00132234
        8545     -5.5235    -5.46312   0.0013222
        8546    -5.52086    -5.46313  0.00132206
        8547    -5.51728    -5.46314  0.00132192
        8548    -5.51416    -5.46314  0.00132178
        8549     -5.5112    -5.46315  0.00132164
        8550    -5.50782    -5.46315   0.0013215
        8551    -5.50479    -5.46316  0.00132135
        8552    -5.50108    -5.46316   0.0013212
        8553    -5.49686    -5.46317  0.00132105
        8554    -5.49291    -5.46317   0.0013209
        8555    -5.48927    -5.46317  0.00132075
        8556    -5.48551    -5.46318   0.0013206
        8557    -5.48196    -5.46318  0.00132045
        8558    -5.47867    -5.46318   0.0013203
        8559     -5.4755    -5.46318  0.00132014
        8560    -5.47236    -5.46318  0.00131999
        8561    -5.46911    -5.46318  0.00131983
        8562    -5.46564    -5.46318  0.00131968
        8563    -5.46305    -5.46318  0.00131953
        8564    -5.46059    -5.46318  0.00131937
        8565    -5.45892    -5.46318  0.00131922
        8566    -5.45758    -5.46318  0.00131906
        8567     -5.4563    -5.46318  0.00131891
        8568     -5.4554    -5.46318  0.00131876
        8569    -5.45502    -5.46318   0.0013186
        8570    -5.45518    -5.46318  0.00131845
        8571    -5.45557    -5.46318   0.0013183
        8572    -5.45618    -5.46318  0.00131814
        8573     -5.4573    -5.46318  0.00131799
        8574    -5.45845    -5.46318  0.00131784
        8575    -5.45963    -5.46318  0.00131768
        8576    -5.46156    -5.46318  0.00131753
        8577    -5.46405    -5.46318  0.00131738
        8578    -5.46678    -5.46318  0.00131722
        8579    -5.46956    -5.46318  0.00131707
        8580    -5.47251    -5.46318  0.00131692
        8581    -5.47589    -5.46318  0.00131676
        8582    -5.47923    -5.46318  0.00131661
        8583    -5.48202    -5.46318  0.00131646
        8584    -5.48501    -5.46319  0.00131631
        8585     -5.4877    -5.46319  0.00131616
        8586    -5.49127    -5.46319  0.00131601
        8587    -5.49419     -5.4632  0.00131586
        8588    -5.49718     -5.4632  0.00131571
        8589    -5.50022     -5.4632  0.00131557
        8590    -5.50285    -5.46321  0.00131542
        8591    -5.50533    -5.46321  0.00131528
        8592    -5.50722    -5.46322  0.00131513
        8593    -5.50955    -5.46322  0.00131499
        8594    -5.51186    -5.46323  0.00131485
        8595    -5.51368    -5.46324  0.00131471
        8596    -5.51518    -5.46324  0.00131457
        8597    -5.51679    -5.46325  0.00131443
        8598    -5.51882    -5.46325   0.0013143
        8599    -5.52021    -5.46326  0.00131416
        8600    -5.52126    -5.46327  0.00131403
        8601    -5.52168    -5.46327  0.00131389
        8602    -5.52238    -5.46328  0.00131376
        8603    -5.52291    -5.46329  0.00131362
        8604    -5.52297     -5.4633  0.00131349
        8605    -5.52347     -5.4633  0.00131335
        8606    -5.52323    -5.46331  0.00131322
        8607    -5.52269    -5.46332  0.00131308
        8608    -5.52232    -5.46332  0.00131295
        8609    -5.52244    -5.46333  0.00131282
        8610    -5.52184    -5.46334  0.00131268
        8611    -5.52129    -5.46334  0.00131255
        8612    -5.52035    -5.46335  0.00131241
        8613    -5.51993    -5.46336  0.00131227
        8614    -5.51945    -5.46336  0.00131214
        8615    -5.51877    -5.46337    0.001312
        8616    -5.51804    -5.46338  0.00131186
        8617     -5.5179    -5.46338  0.00131173
        8618    -5.51669    -5.46339  0.00131159
        8619    -5.51594    -5.46339  0.00131145
        8620    -5.51491     -5.4634  0.00131131
        8621    -5.51377    -5.46341  0.00131117
        8622    -5.51282    -5.46341  0.00131103
        8623    -5.51225    -5.46342  0.00131089
        8624    -5.51161    -5.46342  0.00131075
        8625    -5.51077    -5.46343  0.00131061
        8626    -5.51049    -5.46343  0.00131047
        8627    -5.51003    -5.46344  0.00131033
        8628    -5.51001    -5.46344  0.00131019
        8629    -5.50969    -5.46345  0.00131005
        8630    -5.51057    -5.46346  0.00130991
        8631    -5.51086    -5.46346  0.00130977
        8632    -5.51162    -5.46347  0.00130963
        8633    -5.51223    -5.46347  0.00130949
        8634    -5.51286    -5.46348  0.00130935
        8635     -5.5141    -5.46348  0.00130921
        8636    -5.51521    -5.46349  0.00130908
        8637    -5.51632     -5.4635  0.00130894
        8638    -5.51772     -5.4635   0.0013088
        8639    -5.51942    -5.46351  0.00130867
        8640     -5.5211    -5.46352  0.00130853
        8641    -5.52274    -5.46352   0.0013084
        8642    -5.52465    -5.46353  0.00130827
        8643     -5.5268    -5.46354  0.00130814
        8644    -5.52872    -5.46354  0.00130801
        8645    -5.53099    -5.46355  0.00130788
        8646      -5.533    -5.46356  0.00130775
        8647    -5.53517    -5.46357  0.00130763
        8648    -5.53702    -5.46358   0.0013075
        8649    -5.53928    -5.46359  0.00130738
        8650    -5.54117    -5.46359  0.00130726
        8651    -5.54342     -5.4636  0.00130714
        8652     -5.5448    -5.46361  0.00130702
        8653    -5.54647    -5.46362  0.00130691
        8654    -5.54828    -5.46363  0.00130679
        8655    -5.54944    -5.46364  0.00130668
        8656    -5.55023    -5.46365  0.00130657
        8657    -5.55125    -5.46366  0.00130646
        8658    -5.55142    -5.46367  0.00130634
        8659    -5.55209    -5.46368  0.00130623
        8660     -5.5525    -5.46369  0.00130612
        8661    -5.55221     -5.4637  0.00130601
        8662     -5.5521    -5.46371   0.0013059
        8663    -5.55175    -5.46372  0.00130579
        8664    -5.55055    -5.46373  0.00130568
        8665    -5.54988    -5.46374  0.00130556
        8666    -5.54854    -5.46375  0.00130545
        8667    -5.54715    -5.46376  0.00130534
        8668     -5.5456    -5.46377  0.00130522
        8669    -5.54404    -5.46378   0.0013051
        8670    -5.54206    -5.46379  0.00130498
        8671    -5.53938     -5.4638  0.00130486
        8672    -5.53693    -5.46381  0.00130474
        8673    -5.53413    -5.46382  0.00130461
        8674    -5.53191    -5.46382  0.00130449
        8675    -5.52955    -5.46383  0.00130436
        8676    -5.52827    -5.46384  0.00130423
        8677    -5.52569    -5.46385   0.0013041
        8678    -5.52363    -5.46385  0.00130396
        8679    -5.52152    -5.46386  0.00130383
        8680    -5.51952    -5.46387   0.0013037
        8681    -5.51764    -5.46387  0.00130356
        8682    -5.51606    -5.46388  0.00130343
        8683    -5.51387    -5.46388  0.00130329
        8684    -5.51245    -5.46389  0.00130315
        8685    -5.51119     -5.4639  0.00130301
        8686    -5.51026     -5.4639  0.00130287
        8687     -5.5089    -5.46391  0.00130273
        8688    -5.50815    -5.46391  0.00130259
        8689    -5.50818    -5.46392  0.00130245
        8690    -5.50807    -5.46392  0.00130231
        8691    -5.50765    -5.46393  0.00130217
        8692    -5.50783    -5.46393  0.00130203
        8693    -5.50783    -5.46394  0.00130189
        8694     -5.5081    -5.46394  0.00130175
        8695    -5.50846    -5.46395  0.00130161
        8696    -5.50859    -5.46395  0.00130147
        8697    -5.50925    -5.46396  0.00130133
        8698    -5.50934    -5.46396   0.0013012
        8699    -5.51006    -5.46397  0.00130106
        8700    -5.51079    -5.46397  0.00130092
        8701    -5.51152    -5.46398  0.00130078
        8702    -5.51221    -5.46398  0.00130064
        8703    -5.51317    -5.46399   0.0013005
        8704    -5.51347    -5.46399  0.00130037
        8705    -5.51446      -5.464  0.00130023
        8706    -5.51462    -5.46401   0.0013001
        8707    -5.51454    -5.46401  0.00129996
        8708    -5.51497    -5.46402  0.00129982
        8709    -5.51471    -5.46402  0.00129969
        8710    -5.51464    -5.46403  0.00129955
        8711    -5.51448    -5.46404  0.00129941
        8712    -5.51345    -5.46404  0.00129928
        8713    -5.51324    -5.46405  0.00129914
        8714    -5.51292    -5.46405    0.001299
        8715     -5.5122    -5.46406  0.00129887
        8716     -5.5117    -5.46406  0.00129873
        8717    -5.51111    -5.46407  0.00129859
        8718     -5.5106    -5.46407  0.00129845
        8719    -5.50955    -5.46408  0.00129831
        8720    -5.50829    -5.46408  0.00129818
        8721    -5.50742    -5.46409  0.00129804
        8722    -5.50649    -5.46409   0.0012979
        8723    -5.50582     -5.4641  0.00129776
        8724    -5.50526     -5.4641  0.00129762
        8725     -5.5036    -5.46411  0.00129748
        8726    -5.50221    -5.46411  0.00129733
        8727    -5.50126    -5.46412  0.00129719
        8728    -5.50028    -5.46412  0.00129705
        8729    -5.49975    -5.46413  0.00129691
        8730    -5.49861    -5.46413  0.00129677
        8731    -5.49747    -5.46413  0.00129662
        8732    -5.49635    -5.46414  0.00129648
        8733    -5.49525    -5.46414  0.00129634
        8734    -5.49417    -5.46414  0.00129619
        8735    -5.49299    -5.46415  0.00129605
        8736    -5.49171    -5.46415   0.0012959
        8737    -5.49034    -5.46415  0.00129576
        8738    -5.48995    -5.46416  0.00129561
        8739    -5.48905    -5.46416  0.00129547
        8740    -5.48824    -5.46416  0.00129532
        8741    -5.48785    -5.46416  0.00129518
        8742    -5.48727    -5.46417  0.00129503
        8743    -5.48668    -5.46417  0.00129489
        8744    -5.48652    -5.46417  0.00129474
        8745    -5.48606    -5.46417   0.0012946
        8746    -5.48592    -5.46418  0.00129445
        8747    -5.48577    -5.46418   0.0012943
        8748    -5.48624    -5.46418  0.00129416
        8749    -5.48642    -5.46418  0.00129401
        8750     -5.4872    -5.46419  0.00129387
        8751    -5.48768    -5.46419  0.00129372
        8752     -5.4883    -5.46419  0.00129358
        8753    -5.48936     -5.4642  0.00129343
        8754    -5.49053     -5.4642  0.00129329
        8755    -5.49196     -5.4642  0.00129315
        8756    -5.49317    -5.46421    0.001293
        8757    -5.49446    -5.46421  0.00129286
        8758    -5.49623    -5.46421  0.00129272
        8759    -5.49789    -5.46422  0.00129257
        8760    -5.49954    -5.46422  0.00129243
        8761    -5.50117    -5.46422  0.00129229
        8762    -5.50245    -5.46423  0.00129215
        8763    -5.50336    -5.46423  0.00129201
        8764    -5.50478    -5.46424  0.00129187
        8765    -5.50577    -5.46424  0.00129174
        8766    -5.50648    -5.46425   0.0012916
        8767    -5.50672    -5.46425  0.00129146
        8768    -5.50754    -5.46426  0.00129132
        8769    -5.50816    -5.46426  0.00129118
        8770    -5.50916    -5.46427  0.00129105
        8771    -5.50933    -5.46427  0.00129091
        8772    -5.50955    -5.46428  0.00129077
        8773     -5.5089    -5.46428  0.00129064
        8774    -5.50723    -5.46429   0.0012905
        8775    -5.50604    -5.46429  0.00129036
        8776    -5.50455     -5.4643  0.00129022
        8777    -5.50293     -5.4643  0.00129008
        8778      -5.501    -5.46431  0.00128994
        8779    -5.49892    -5.46431   0.0012898
        8780    -5.49684    -5.46431  0.00128966
        8781    -5.49446    -5.46432  0.00128952
        8782    -5.49118    -5.46432  0.00128937
        8783    -5.48775    -5.46432  0.00128923
        8784    -5.48448    -5.46432  0.00128908
        8785    -5.48108    -5.46433  0.00128894
        8786    -5.47619    -5.46433  0.00128879
        8787    -5.47149    -5.46433  0.00128865
        8788    -5.46623    -5.46433   0.0012885
        8789    -5.46149    -5.46433  0.00128835
        8790    -5.45622    -5.46433  0.00128821
        8791    -5.45058    -5.46433  0.00128806
        8792    -5.44489    -5.46432  0.00128792
        8793    -5.43904    -5.46432  0.00128777
        8794    -5.43333    -5.46432  0.00128763
        8795    -5.42704    -5.46431  0.00128749
        8796    -5.42064    -5.46431  0.00128736
        8797    -5.41416     -5.4643  0.00128722
        8798    -5.40748     -5.4643  0.00128709
        8799    -5.40122    -5.46429  0.00128697
        8800    -5.39452    -5.46428  0.00128684
        8801    -5.38801    -5.46427  0.00128673
        8802    -5.38158    -5.46426  0.00128661
        8803    -5.37525    -5.46425  0.00128651
        8804    -5.36905    -5.46424  0.00128641
        8805    -5.36318    -5.46423  0.00128631
        8806    -5.35751    -5.46422  0.00128622
        8807    -5.35178    -5.46421  0.00128614
        8808    -5.34663    -5.46419  0.00128606
        8809    -5.34223    -5.46418  0.00128599
        8810    -5.33756    -5.46416  0.00128593
        8811     -5.3334    -5.46415  0.00128587
        8812    -5.32994    -5.46413  0.00128581
        8813    -5.32644    -5.46412  0.00128576
        8814    -5.32367     -5.4641  0.00128571
        8815     -5.3212    -5.46409  0.00128567
        8816     -5.3192    -5.46407  0.00128563
        8817    -5.31769    -5.46405  0.00128559
        8818    -5.31665    -5.46404  0.00128555
        8819    -5.31582    -5.46402  0.00128552
        8820    -5.31639      -5.464  0.00128548
        8821    -5.31715    -5.46399  0.00128544
        8822    -5.31841    -5.46397   0.0012854
        8823    -5.32015    -5.46395  0.00128536
        8824    -5.32251    -5.46394  0.00128531
        8825    -5.32519    -5.46392  0.00128526
        8826    -5.32785    -5.46391  0.00128521
        8827    -5.33109    -5.46389  0.00128515
        8828    -5.33549    -5.46388  0.00128509
        8829    -5.33935    -5.46386  0.00128502
        8830    -5.34312    -5.46385  0.00128495
        8831    -5.34751    -5.46384  0.00128487
        8832     -5.3522    -5.46382  0.00128479
        8833    -5.35686    -5.46381   0.0012847
        8834     -5.3622     -5.4638  0.00128461
        8835    -5.36775    -5.46379  0.00128451
        8836    -5.37377    -5.46378   0.0012844
        8837    -5.37948    -5.46377  0.00128429
        8838    -5.38529    -5.46376  0.00128418
        8839    -5.39164    -5.46375  0.00128406
        8840    -5.39789    -5.46374  0.00128393
        8841    -5.40476    -5.46374  0.00128381
        8842    -5.41116    -5.46373  0.00128367
        8843    -5.41707    -5.46373  0.00128354
        8844    -5.42261    -5.46372   0.0012834
        8845     -5.4285    -5.46372  0.00128326
        8846    -5.43428    -5.46371  0.00128312
        8847    -5.44053    -5.46371  0.00128298
        8848      -5.446    -5.46371  0.00128284
        8849    -5.45115    -5.46371  0.00128269
        8850    -5.45655    -5.46371  0.00128255
        8851    -5.46174    -5.46371   0.0012824
        8852    -5.46656    -5.46371  0.00128226
        8853    -5.47129    -5.46371  0.00128212
        8854    -5.47563    -5.46371  0.00128197
        8855    -5.48001    -5.46371  0.00128183
        8856    -5.48369    -5.46371  0.00128168
        8857     -5.4871    -5.46372  0.00128154
        8858    -5.49041    -5.46372   0.0012814
        8859     -5.4933    -5.46372  0.00128126
        8860    -5.49594    -5.46373  0.00128112
        8861    -5.49878    -5.46373  0.00128098
        8862    -5.50062    -5.46373  0.00128085
        8863    -5.50237    -5.46374  0.00128071
        8864    -5.50495    -5.46374  0.00128057
        8865    -5.50657    -5.46375  0.00128044
        8866    -5.50813    -5.46375   0.0012803
        8867    -5.50919    -5.46376  0.00128017
        8868    -5.51009    -5.46376  0.00128003
        8869    -5.51097    -5.46377   0.0012799
        8870    -5.51141    -5.46377  0.00127977
        8871    -5.51219    -5.46378  0.00127964
        8872    -5.51316    -5.46379   0.0012795
        8873    -5.51358    -5.46379  0.00127937
        8874    -5.51424     -5.4638  0.00127924
        8875    -5.51485     -5.4638  0.00127911
        8876    -5.51557    -5.46381  0.00127898
        8877    -5.51552    -5.46381  0.00127885
        8878    -5.51606    -5.46382  0.00127872
        8879    -5.51662    -5.46383  0.00127859
        8880    -5.51705    -5.46383  0.00127846
        8881     -5.5172    -5.46384  0.00127833
        8882     -5.5183    -5.46384   0.0012782
        8883    -5.51899    -5.46385  0.00127807
        8884    -5.51928    -5.46386  0.00127794
        8885    -5.52023    -5.46386  0.00127781
        8886    -5.52048    -5.46387  0.00127768
        8887    -5.52108    -5.46388  0.00127756
        8888    -5.52142    -5.46388  0.00127743
        8889    -5.52211    -5.46389   0.0012773
        8890    -5.52283     -5.4639  0.00127718
        8891    -5.52327     -5.4639  0.00127705
        8892    -5.52386    -5.46391  0.00127692
        8893    -5.52491    -5.46392   0.0012768
        8894    -5.52565    -5.46392  0.00127667
        8895     -5.5262    -5.46393  0.00127655
        8896     -5.5267    -5.46394  0.00127643
        8897     -5.5273    -5.46394   0.0012763
        8898    -5.52752    -5.46395  0.00127618
        8899     -5.5278    -5.46396  0.00127606
        8900    -5.52842    -5.46397  0.00127593
        8901    -5.52862    -5.46397  0.00127581
        8902    -5.52854    -5.46398  0.00127569
        8903    -5.52891    -5.46399  0.00127556
        8904    -5.52882    -5.46399  0.00127544
        8905    -5.52811      -5.464  0.00127532
        8906    -5.52752    -5.46401   0.0012752
        8907    -5.52689    -5.46402  0.00127507
        8908    -5.52591    -5.46402  0.00127495
        8909    -5.52503    -5.46403  0.00127482
        8910    -5.52394    -5.46404   0.0012747
        8911    -5.52248    -5.46404  0.00127457
        8912    -5.52065    -5.46405  0.00127444
        8913    -5.51876    -5.46406  0.00127432
        8914    -5.51665    -5.46406  0.00127419
        8915    -5.51388    -5.46407  0.00127406
        8916    -5.51134    -5.46407  0.00127392
        8917    -5.50845    -5.46408  0.00127379
        8918    -5.50535    -5.46408  0.00127366
        8919    -5.50236    -5.46409  0.00127352
        8920    -5.49888    -5.46409  0.00127338
        8921    -5.49522    -5.46409  0.00127325
        8922    -5.49125     -5.4641  0.00127311
        8923    -5.48714     -5.4641  0.00127297
        8924    -5.48304     -5.4641  0.00127283
        8925    -5.47899     -5.4641  0.00127269
        8926     -5.4747     -5.4641  0.00127254
        8927    -5.46974     -5.4641   0.0012724
        8928    -5.46565    -5.46411  0.00127226
        8929    -5.46124     -5.4641  0.00127212
        8930    -5.45731     -5.4641  0.00127197
        8931    -5.45298     -5.4641  0.00127183
        8932    -5.44873     -5.4641  0.00127169
        8933     -5.4446     -5.4641  0.00127155
        8934    -5.44077     -5.4641  0.00127141
        8935    -5.43696    -5.46409  0.00127127
        8936    -5.43323    -5.46409  0.00127113
        8937    -5.43019    -5.46409    0.001271
        8938    -5.42683    -5.46408  0.00127086
        8939    -5.42407    -5.46408  0.00127073
        8940    -5.42119    -5.46407   0.0012706
        8941    -5.41896    -5.46407  0.00127046
        8942    -5.41724    -5.46406  0.00127033
        8943    -5.41576    -5.46406   0.0012702
        8944    -5.41451    -5.46405  0.00127007
        8945    -5.41365    -5.46405  0.00126994
        8946    -5.41334    -5.46404  0.00126981
        8947    -5.41386    -5.46403  0.00126968
        8948    -5.41475    -5.46403  0.00126955
        8949     -5.4157    -5.46402  0.00126942
        8950    -5.41713    -5.46402  0.00126929
        8951    -5.41858    -5.46401  0.00126916
        8952    -5.42077    -5.46401  0.00126903
        8953    -5.42276      -5.464  0.00126889
        8954    -5.42469      -5.464  0.00126876
        8955    -5.42803      -5.464  0.00126862
        8956    -5.43078    -5.46399  0.00126849
        8957    -5.43398    -5.46399  0.00126835
        8958    -5.43713    -5.46399  0.00126821
        8959    -5.44035    -5.46398  0.00126807
        8960    -5.44363    -5.46398  0.00126793
        8961    -5.44708    -5.46398  0.00126779
        8962    -5.45038    -5.46398  0.00126765
        8963    -5.45351    -5.46398  0.00126751
        8964    -5.45704    -5.46398  0.00126737
        8965     -5.4602    -5.46397  0.00126723
        8966    -5.46268    -5.46397  0.00126709
        8967    -5.46506    -5.46397  0.00126695
        8968    -5.46793    -5.46398  0.00126681
        8969    -5.47067    -5.46398  0.00126667
        8970    -5.47402    -5.46398  0.00126653
        8971    -5.47632    -5.46398  0.00126638
        8972    -5.47846    -5.46398  0.00126624
        8973    -5.48058    -5.46398   0.0012661
        8974    -5.48237    -5.46398  0.00126597
        8975    -5.48382    -5.46399  0.00126583
        8976    -5.48509    -5.46399  0.00126569
        8977      -5.486    -5.46399  0.00126555
        8978    -5.48671    -5.46399  0.00126541
        8979    -5.48767      -5.464  0.00126527
        8980    -5.48856      -5.464  0.00126513
        8981    -5.48863      -5.464    0.001265
        8982    -5.48894      -5.464  0.00126486
        8983    -5.48842    -5.46401  0.00126472
        8984    -5.48858    -5.46401  0.00126458
        8985    -5.48822    -5.46401  0.00126445
        8986    -5.48778    -5.46402  0.00126431
        8987    -5.48682    -5.46402  0.00126417
        8988    -5.48563    -5.46402  0.00126403
        8989    -5.48392    -5.46402  0.00126389
        8990    -5.48245    -5.46402  0.00126375
        8991    -5.48092    -5.46403  0.00126361
        8992    -5.47859    -5.46403  0.00126347
        8993    -5.47682    -5.46403  0.00126333
        8994    -5.47457    -5.46403  0.00126319
        8995      -5.472    -5.46403  0.00126305
        8996    -5.46853    -5.46403  0.00126291
        8997    -5.46582    -5.46403  0.00126277
        8998    -5.46225    -5.46403  0.00126263
        8999    -5.45919    -5.46403  0.00126249
        9000    -5.45606    -5.46403  0.00126235
        9001    -5.45288    -5.46403  0.00126221
        9002     -5.4497    -5.46403  0.00126207
        9003    -5.44639    -5.46403  0.00126194
        9004    -5.44312    -5.46402   0.0012618
        9005    -5.44009    -5.46402  0.00126166
        9006    -5.43733    -5.46402  0.00126152
        9007    -5.43426    -5.46401  0.00126139
        9008    -5.43184    -5.46401  0.00126125
        9009    -5.42917    -5.46401  0.00126112
        9010    -5.42706      -5.464  0.00126099
        9011    -5.42493      -5.464  0.00126085
        9012    -5.42311    -5.46399  0.00126072
        9013    -5.42177    -5.46399  0.00126059
        9014    -5.42003    -5.46398  0.00126046
        9015    -5.41973    -5.46398  0.00126033
        9016    -5.41935    -5.46397   0.0012602
        9017    -5.41997    -5.46397  0.00126007
        9018    -5.42053    -5.46396  0.00125994
        9019    -5.42193    -5.46396  0.00125981
        9020    -5.42388    -5.46396  0.00125968
        9021     -5.4262    -5.46395  0.00125954
        9022    -5.42798    -5.46395  0.00125941
        9023     -5.4307    -5.46394  0.00125928
        9024    -5.43388    -5.46394  0.00125914
        9025    -5.43736    -5.46394    0.001259
        9026    -5.44065    -5.46393  0.00125887
        9027    -5.44401    -5.46393  0.00125873
        9028    -5.44788    -5.46393  0.00125859
        9029    -5.45176    -5.46393  0.00125845
        9030    -5.45561    -5.46393  0.00125831
        9031    -5.46016    -5.46393  0.00125818
        9032    -5.46462    -5.46393  0.00125804
        9033    -5.46895    -5.46393   0.0012579
        9034    -5.47343    -5.46393  0.00125776
        9035    -5.47772    -5.46393  0.00125762
        9036    -5.48179    -5.46393  0.00125748
        9037    -5.48593    -5.46394  0.00125735
        9038    -5.48994    -5.46394  0.00125721
        9039    -5.49413    -5.46394  0.00125707
        9040     -5.4977    -5.46395  0.00125694
        9041    -5.50096    -5.46395  0.00125681
        9042    -5.50417    -5.46395  0.00125668
        9043    -5.50749    -5.46396  0.00125655
        9044    -5.51059    -5.46396  0.00125642
        9045    -5.51333    -5.46397  0.00125629
        9046    -5.51598    -5.46398  0.00125617
        9047    -5.51839    -5.46398  0.00125604
        9048    -5.52072    -5.46399  0.00125592
        9049    -5.52265    -5.46399   0.0012558
        9050    -5.52448      -5.464  0.00125568
        9051    -5.52515    -5.46401  0.00125556
        9052    -5.52617    -5.46401  0.00125544
        9053    -5.52662    -5.46402  0.00125532
        9054     -5.5271    -5.46403   0.0012552
        9055    -5.52715    -5.46404  0.00125508
        9056    -5.52677    -5.46404  0.00125496
        9057    -5.52567    -5.46405  0.00125484
        9058    -5.52502    -5.46406  0.00125472
        9059    -5.52424    -5.46406   0.0012546
        9060    -5.52256    -5.46407  0.00125447
        9061    -5.52148    -5.46408  0.00125435
        9062     -5.5201    -5.46408  0.00125423
        9063    -5.51796    -5.46409   0.0012541
        9064    -5.51566    -5.46409  0.00125398
        9065     -5.5129     -5.4641  0.00125385
        9066    -5.51014     -5.4641  0.00125372
        9067    -5.50677    -5.46411   0.0012536
        9068    -5.50265    -5.46411  0.00125346
        9069    -5.49869    -5.46412  0.00125333
        9070     -5.4946    -5.46412   0.0012532
        9071    -5.49039    -5.46412  0.00125306
        9072    -5.48549    -5.46413  0.00125293
        9073    -5.48019    -5.46413  0.00125279
        9074    -5.47484    -5.46413  0.00125265
        9075    -5.46899    -5.46413  0.00125251
        9076    -5.46344    -5.46413  0.00125238
        9077    -5.45776    -5.46413  0.00125224
        9078    -5.45168    -5.46413   0.0012521
        9079    -5.44599    -5.46412  0.00125197
        9080    -5.44028    -5.46412  0.00125183
        9081    -5.43488    -5.46412   0.0012517
        9082    -5.42924    -5.46411  0.00125156
        9083    -5.42324    -5.46411  0.00125144
        9084    -5.41768    -5.46411  0.00125131
        9085    -5.41214     -5.4641  0.00125118
        9086    -5.40727    -5.46409  0.00125106
        9087    -5.40236    -5.46409  0.00125094
        9088    -5.39773    -5.46408  0.00125083
        9089    -5.39311    -5.46407  0.00125071
        9090    -5.38885    -5.46406   0.0012506
        9091    -5.38541    -5.46405  0.00125049
        9092    -5.38237    -5.46405  0.00125039
        9093    -5.37973    -5.46404  0.00125029
        9094    -5.37692    -5.46403  0.00125019
        9095    -5.37469    -5.46402  0.00125009
        9096    -5.37335    -5.46401  0.00124999
        9097    -5.37229      -5.464  0.00124989
        9098    -5.37212    -5.46399   0.0012498
        9099    -5.37161    -5.46398   0.0012497
        9100    -5.37195    -5.46397   0.0012496
        9101    -5.37269    -5.46396  0.00124951
        9102    -5.37409    -5.46395  0.00124941
        9103    -5.37553    -5.46394  0.00124931
        9104    -5.37729    -5.46393  0.00124921
        9105    -5.37873    -5.46392   0.0012491
        9106    -5.38089    -5.46391    0.001249
        9107    -5.38284     -5.4639   0.0012489
        9108    -5.38529    -5.46389  0.00124879
        9109    -5.38808    -5.46388  0.00124868
        9110    -5.39118    -5.46387  0.00124857
        9111     -5.3941    -5.46387  0.00124845
        9112    -5.39714    -5.46386  0.00124834
        9113    -5.40102    -5.46385  0.00124822
        9114    -5.40422    -5.46385   0.0012481
        9115    -5.40777    -5.46384  0.00124798
        9116    -5.41121    -5.46383  0.00124786
        9117    -5.41424    -5.46383  0.00124773
        9118    -5.41804    -5.46382   0.0012476
        9119    -5.42185    -5.46382  0.00124748
        9120    -5.42538    -5.46382  0.00124735
        9121    -5.42891    -5.46381  0.00124721
        9122    -5.43229    -5.46381  0.00124708
        9123    -5.43568     -5.4638  0.00124695
        9124    -5.43968     -5.4638  0.00124682
        9125    -5.44338     -5.4638  0.00124668
        9126    -5.44664     -5.4638  0.00124655
        9127    -5.45005     -5.4638  0.00124641
        9128    -5.45362     -5.4638  0.00124627
        9129    -5.45749    -5.46379  0.00124614
        9130    -5.46091    -5.46379    0.001246
        9131    -5.46432    -5.46379  0.00124587
        9132    -5.46773    -5.46379  0.00124573
        9133    -5.47098     -5.4638  0.00124559
        9134     -5.4745     -5.4638  0.00124546
        9135      -5.478     -5.4638  0.00124532
        9136    -5.48145     -5.4638  0.00124519
        9137    -5.48485     -5.4638  0.00124505
        9138    -5.48803    -5.46381  0.00124492
        9139    -5.49143    -5.46381  0.00124479
        9140    -5.49458    -5.46381  0.00124465
        9141    -5.49747    -5.46382  0.00124452
        9142    -5.50022    -5.46382  0.00124439
        9143    -5.50296    -5.46382  0.00124427
        9144    -5.50539    -5.46383  0.00124414
        9145    -5.50792    -5.46383  0.00124401
        9146    -5.50994    -5.46384  0.00124389
        9147    -5.51189    -5.46384  0.00124376
        9148    -5.51358    -5.46385  0.00124364
        9149    -5.51517    -5.46385  0.00124351
        9150    -5.51603    -5.46386  0.00124339
        9151    -5.51645    -5.46387  0.00124327
        9152    -5.51717    -5.46387  0.00124315
        9153    -5.51758    -5.46388  0.00124302
        9154    -5.51706    -5.46388   0.0012429
        9155    -5.51713    -5.46389  0.00124278
        9156    -5.51657    -5.46389  0.00124266
        9157    -5.51568     -5.4639  0.00124253
        9158    -5.51431    -5.46391  0.00124241
        9159    -5.51277    -5.46391  0.00124229
        9160    -5.51092    -5.46392  0.00124216
        9161    -5.50847    -5.46392  0.00124204
        9162    -5.50603    -5.46393  0.00124191
        9163    -5.50287    -5.46393  0.00124178
        9164    -5.49946    -5.46393  0.00124165
        9165    -5.49612    -5.46394  0.00124152
        9166    -5.49256    -5.46394  0.00124139
        9167    -5.48822    -5.46394  0.00124126
        9168    -5.48448    -5.46395  0.00124112
        9169    -5.48061    -5.46395  0.00124099
        9170    -5.47603    -5.46395  0.00124085
        9171    -5.47215    -5.46395  0.00124072
        9172    -5.46793    -5.46395  0.00124058
        9173    -5.46402    -5.46395  0.00124045
        9174    -5.45999    -5.46395  0.00124031
        9175    -5.45573    -5.46395  0.00124018
        9176    -5.45127    -5.46395  0.00124004
        9177    -5.44741    -5.46395  0.00123991
        9178    -5.44342    -5.46394  0.00123978
        9179     -5.4401    -5.46394  0.00123964
        9180    -5.43657    -5.46394  0.00123951
        9181    -5.43332    -5.46393  0.00123938
        9182    -5.43144    -5.46393  0.00123925
        9183      -5.429    -5.46393  0.00123912
        9184    -5.42708    -5.46392    0.001239
        9185    -5.42571    -5.46392  0.00123887
        9186     -5.4249    -5.46391  0.00123874
        9187    -5.42469    -5.46391  0.00123861
        9188    -5.42448    -5.46391  0.00123848
        9189    -5.42428     -5.4639  0.00123836
        9190     -5.4244     -5.4639  0.00123823
        9191    -5.42575    -5.46389   0.0012381
        9192    -5.42727    -5.46389  0.00123797
        9193    -5.42955    -5.46389  0.00123785
        9194    -5.43214    -5.46388  0.00123772
        9195    -5.43532    -5.46388  0.00123758
        9196    -5.43846    -5.46388  0.00123745
        9197    -5.44245    -5.46387  0.00123732
        9198     -5.4465    -5.46387  0.00123719
        9199    -5.45134    -5.46387  0.00123705
        9200    -5.45648    -5.46387  0.00123692
        9201    -5.46172    -5.46387  0.00123679
        9202    -5.46703    -5.46387  0.00123665
        9203    -5.47267    -5.46387  0.00123652
        9204    -5.47859    -5.46387  0.00123638
        9205    -5.48401    -5.46387  0.00123625
        9206    -5.48932    -5.46388  0.00123612
        9207    -5.49509    -5.46388  0.00123599
        9208    -5.50097    -5.46388  0.00123586
        9209    -5.50661    -5.46389  0.00123574
        9210    -5.51229    -5.46389  0.00123561
        9211    -5.51795     -5.4639  0.00123549
        9212    -5.52281    -5.46391  0.00123538
        9213    -5.52758    -5.46391  0.00123526
        9214    -5.53178    -5.46392  0.00123515
        9215    -5.53613    -5.46393  0.00123504
        9216    -5.53999    -5.46394  0.00123493
        9217    -5.54335    -5.46395  0.00123483
        9218    -5.54662    -5.46395  0.00123473
        9219    -5.54903    -5.46396  0.00123463
        9220    -5.55178    -5.46397  0.00123453
        9221    -5.55363    -5.46398  0.00123444
        9222    -5.55534    -5.46399  0.00123434
        9223    -5.55674      -5.464  0.00123425
        9224    -5.55737    -5.46401  0.00123416
        9225    -5.55799    -5.46402  0.00123407
        9226    -5.55708    -5.46403  0.00123397
        9227    -5.55646    -5.46404  0.00123388
        9228    -5.55524    -5.46405  0.00123379
        9229    -5.55327    -5.46406  0.00123369
        9230    -5.55072    -5.46407  0.00123359
        9231    -5.54836    -5.46408  0.00123349
        9232    -5.54606    -5.46409  0.00123339
        9233    -5.54309     -5.4641  0.00123329
        9234    -5.53963    -5.46411  0.00123318
        9235    -5.53556    -5.46412  0.00123307
        9236    -5.53183    -5.46412  0.00123296
        9237     -5.5274    -5.46413  0.00123284
        9238    -5.52308    -5.46414  0.00123273
        9239      -5.518    -5.46414  0.00123261
        9240    -5.51356    -5.46415  0.00123249
        9241    -5.50861    -5.46415  0.00123236
        9242    -5.50364    -5.46416  0.00123224
        9243    -5.49854    -5.46416  0.00123211
        9244    -5.49367    -5.46416  0.00123198
        9245    -5.48877    -5.46417  0.00123185
        9246    -5.48419    -5.46417  0.00123172
        9247    -5.47982    -5.46417  0.00123159
        9248    -5.47646    -5.46417  0.00123145
        9249    -5.47263    -5.46417  0.00123132
        9250    -5.46884    -5.46417  0.00123119
        9251    -5.46646    -5.46417  0.00123105
        9252    -5.46402    -5.46417  0.00123092
        9253    -5.46199    -5.46417  0.00123079
        9254    -5.46024    -5.46417  0.00123066
        9255    -5.45834    -5.46417  0.00123052
        9256    -5.45765    -5.46417  0.00123039
        9257    -5.45696    -5.46417  0.00123026
        9258    -5.45674    -5.46417  0.00123012
        9259    -5.45758    -5.46417  0.00122999
        9260    -5.45842    -5.46417  0.00122986
        9261    -5.45955    -5.46417  0.00122973
        9262    -5.46155    -5.46417  0.00122959
        9263    -5.46365    -5.46417  0.00122946
        9264    -5.46629    -5.46417  0.00122933
        9265    -5.46928    -5.46417   0.0012292
        9266    -5.47231    -5.46417  0.00122906
        9267    -5.47595    -5.46417  0.00122893
        9268    -5.47971    -5.46417   0.0012288
        9269    -5.48373    -5.46417  0.00122867
        9270    -5.48782    -5.46418  0.00122854
        9271     -5.4924    -5.46418  0.00122841
        9272    -5.49714    -5.46418  0.00122828
        9273    -5.50233    -5.46419  0.00122816
        9274    -5.50716    -5.46419  0.00122803
        9275    -5.51193     -5.4642  0.00122791
        9276    -5.51675     -5.4642  0.00122779
        9277    -5.52145    -5.46421  0.00122768
        9278    -5.52645    -5.46422  0.00122756
        9279    -5.53129    -5.46422  0.00122745
        9280    -5.53623    -5.46423  0.00122734
        9281    -5.54096    -5.46424  0.00122724
        9282    -5.54591    -5.46425  0.00122714
        9283    -5.55046    -5.46426  0.00122704
        9284    -5.55594    -5.46427  0.00122695
        9285    -5.56038    -5.46428  0.00122686
        9286    -5.56452    -5.46429  0.00122678
        9287    -5.56894     -5.4643   0.0012267
        9288    -5.57272    -5.46431  0.00122662
        9289    -5.57645    -5.46432  0.00122655
        9290    -5.58011    -5.46433  0.00122648
        9291    -5.58325    -5.46435  0.00122641
        9292    -5.58644    -5.46436  0.00122635
        9293    -5.58954    -5.46437  0.00122629
        9294    -5.59222    -5.46439  0.00122624
        9295    -5.59432     -5.4644  0.00122619
        9296    -5.59599    -5.46442  0.00122614
        9297    -5.59781    -5.46443  0.00122609
        9298    -5.59904    -5.46445  0.00122604
        9299     -5.6001    -5.46446    0.001226
        9300    -5.60055    -5.46447  0.00122595
        9301    -5.60113    -5.46449  0.00122591
        9302    -5.60048     -5.4645  0.00122586
        9303    -5.60043    -5.46452  0.00122582
        9304    -5.60007    -5.46453  0.00122577
        9305    -5.59896    -5.46455  0.00122573
        9306    -5.59787    -5.46456  0.00122568
        9307    -5.59711    -5.46458  0.00122563
        9308     -5.5955    -5.46459  0.00122558
        9309    -5.59413     -5.4646  0.00122553
        9310    -5.59243    -5.46462  0.00122547
        9311    -5.59073    -5.46463  0.00122541
        9312    -5.58861    -5.46464  0.00122536
        9313    -5.58613    -5.46466  0.00122529
        9314    -5.58332    -5.46467  0.00122523
        9315    -5.58054    -5.46468  0.00122516
        9316    -5.57799    -5.46469  0.00122509
        9317      -5.576    -5.46471  0.00122502
        9318    -5.57373    -5.46472  0.00122494
        9319    -5.57182    -5.46473  0.00122486
        9320    -5.57076    -5.46474  0.00122478
        9321    -5.56983    -5.46475   0.0012247
        9322    -5.56859    -5.46476  0.00122462
        9323    -5.56799    -5.46477  0.00122454
        9324    -5.56711    -5.46479  0.00122446
        9325    -5.56718     -5.4648  0.00122438
        9326    -5.56757    -5.46481   0.0012243
        9327    -5.56859    -5.46482  0.00122422
        9328    -5.56959    -5.46483  0.00122414
        9329    -5.57055    -5.46484  0.00122406
        9330    -5.57234    -5.46485  0.00122398
        9331    -5.57369    -5.46486   0.0012239
        9332    -5.57547    -5.46488  0.00122383
        9333     -5.5773    -5.46489  0.00122376
        9334    -5.57959     -5.4649  0.00122369
        9335    -5.58121    -5.46491  0.00122362
        9336    -5.58331    -5.46493  0.00122356
        9337    -5.58491    -5.46494  0.00122349
        9338    -5.58551    -5.46495  0.00122343
        9339    -5.58686    -5.46496  0.00122337
        9340    -5.58754    -5.46498  0.00122331
        9341    -5.58722    -5.46499  0.00122325
        9342    -5.58675      -5.465  0.00122319
        9343    -5.58596    -5.46502  0.00122312
        9344    -5.58513    -5.46503  0.00122306
        9345    -5.58304    -5.46504  0.00122299
        9346    -5.58091    -5.46505  0.00122293
        9347    -5.57873    -5.46507  0.00122286
        9348    -5.57488    -5.46508  0.00122278
        9349    -5.57134    -5.46509   0.0012227
        9350     -5.5665     -5.4651  0.00122262
        9351    -5.56161    -5.46511  0.00122253
        9352    -5.55658    -5.46512  0.00122244
        9353    -5.55192    -5.46513  0.00122235
        9354    -5.54679    -5.46514  0.00122225
        9355    -5.54125    -5.46515  0.00122214
        9356    -5.53596    -5.46515  0.00122204
        9357     -5.5301    -5.46516  0.00122193
        9358    -5.52476    -5.46517  0.00122181
        9359     -5.5191    -5.46517  0.00122169
        9360     -5.5139    -5.46518  0.00122157
        9361    -5.50845    -5.46518  0.00122145
        9362    -5.50352    -5.46519  0.00122133
        9363    -5.49898    -5.46519   0.0012212
        9364    -5.49497    -5.46519  0.00122108
        9365    -5.49119     -5.4652  0.00122095
        9366    -5.48764     -5.4652  0.00122082
        9367    -5.48384     -5.4652  0.00122069
        9368    -5.48067     -5.4652  0.00122057
        9369    -5.47782     -5.4652  0.00122044
        9370    -5.47466    -5.46521  0.00122031
        9371    -5.47162    -5.46521  0.00122018
        9372    -5.46943    -5.46521  0.00122005
        9373    -5.46689    -5.46521  0.00121992
        9374    -5.46488    -5.46521  0.00121979
        9375    -5.46204    -5.46521  0.00121966
        9376    -5.46034    -5.46521  0.00121953
        9377     -5.4581    -5.46521   0.0012194
        9378    -5.45596     -5.4652  0.00121927
        9379    -5.45405     -5.4652  0.00121914
        9380    -5.45256     -5.4652  0.00121901
        9381    -5.45029     -5.4652  0.00121888
        9382    -5.44892     -5.4652  0.00121875
        9383     -5.4471     -5.4652  0.00121862
        9384    -5.44592    -5.46519  0.00121849
        9385    -5.44447    -5.46519  0.00121837
        9386    -5.44338    -5.46519  0.00121824
        9387    -5.44251    -5.46519  0.00121811
        9388    -5.44248    -5.46519  0.00121798
        9389    -5.44268    -5.46518  0.00121786
        9390    -5.44237    -5.46518  0.00121773
        9391    -5.44276    -5.46518   0.0012176
        9392    -5.44294    -5.46518  0.00121747
        9393    -5.44306    -5.46517  0.00121735
        9394    -5.44386    -5.46517  0.00121722
        9395    -5.44564    -5.46517  0.00121709
        9396    -5.44643    -5.46517  0.00121696
        9397    -5.44834    -5.46517  0.00121683
        9398    -5.44998    -5.46516  0.00121671
        9399    -5.45211    -5.46516  0.00121658
        9400    -5.45425    -5.46516  0.00121645
        9401    -5.45625    -5.46516  0.00121632
        9402    -5.45901    -5.46516  0.00121619
        9403    -5.46174    -5.46516  0.00121606
        9404     -5.4643    -5.46516  0.00121593
        9405    -5.46728    -5.46516   0.0012158
        9406    -5.47037    -5.46516  0.00121567
        9407     -5.4734    -5.46516  0.00121554
        9408    -5.47621    -5.46516  0.00121542
        9409    -5.48016    -5.46516  0.00121529
        9410    -5.48341    -5.46517  0.00121516
        9411    -5.48657    -5.46517  0.00121503
        9412    -5.48946    -5.46517  0.00121491
        9413    -5.49208    -5.46517  0.00121478
        9414     -5.4953    -5.46518  0.00121466
        9415    -5.49897    -5.46518  0.00121453
        9416    -5.50216    -5.46518  0.00121441
        9417    -5.50529    -5.46519  0.00121429
        9418    -5.50851    -5.46519  0.00121417
        9419     -5.5121     -5.4652  0.00121405
        9420    -5.51512     -5.4652  0.00121393
        9421    -5.51847    -5.46521  0.00121382
        9422    -5.52137    -5.46521   0.0012137
        9423    -5.52381    -5.46522  0.00121359
        9424    -5.52591    -5.46523  0.00121348
        9425    -5.52843    -5.46523  0.00121337
        9426    -5.53043    -5.46524  0.00121326
        9427    -5.53192    -5.46525  0.00121315
        9428    -5.53303    -5.46525  0.00121304
        9429    -5.53406    -5.46526  0.00121294
        9430    -5.53517    -5.46527  0.00121283
        9431    -5.53619    -5.46528  0.00121273
        9432    -5.53669    -5.46528  0.00121262
        9433    -5.53712    -5.46529  0.00121252
        9434    -5.53748     -5.4653  0.00121241
        9435     -5.5375    -5.46531  0.00121231
        9436    -5.53702    -5.46532   0.0012122
        9437    -5.53728    -5.46532   0.0012121
        9438    -5.53692    -5.46533  0.00121199
        9439    -5.53643    -5.46534  0.00121189
        9440     -5.5352    -5.46535  0.00121178
        9441    -5.53401    -5.46535  0.00121168
        9442    -5.53288    -5.46536  0.00121157
        9443    -5.53182    -5.46537  0.00121146
        9444    -5.53055    -5.46537  0.00121135
        9445    -5.52967    -5.46538  0.00121124
        9446    -5.52844    -5.46539  0.00121113
        9447    -5.52703    -5.46539  0.00121102
        9448    -5.52484     -5.4654  0.00121091
        9449    -5.52384    -5.46541   0.0012108
        9450    -5.52251    -5.46541  0.00121069
        9451    -5.52116    -5.46542  0.00121057
        9452    -5.51979    -5.46542  0.00121046
        9453    -5.51869    -5.46543  0.00121034
        9454    -5.51696    -5.46544  0.00121023
        9455    -5.51519    -5.46544  0.00121011
        9456    -5.51384    -5.46545  0.00120999
        9457    -5.51258    -5.46545  0.00120988
        9458    -5.51082    -5.46546  0.00120976
        9459    -5.50916    -5.46546  0.00120964
        9460    -5.50743    -5.46546  0.00120952
        9461    -5.50624    -5.46547   0.0012094
        9462    -5.50438    -5.46547  0.00120928
        9463    -5.50215    -5.46548  0.00120916
        9464    -5.50016    -5.46548  0.00120903
        9465    -5.49766    -5.46548  0.00120891
        9466    -5.49556    -5.46549  0.00120879
        9467    -5.49326    -5.46549  0.00120866
        9468    -5.49138    -5.46549  0.00120854
        9469    -5.48857    -5.46549  0.00120841
        9470    -5.48605     -5.4655  0.00120829
        9471      -5.484     -5.4655  0.00120816
        9472    -5.48107     -5.4655  0.00120803
        9473    -5.47863     -5.4655  0.00120791
        9474    -5.47655     -5.4655  0.00120778
        9475    -5.47486     -5.4655  0.00120765
        9476    -5.47267     -5.4655  0.00120753
        9477    -5.47075    -5.46551   0.0012074
        9478    -5.46913    -5.46551  0.00120727
        9479    -5.46767    -5.46551  0.00120714
        9480     -5.4664    -5.46551  0.00120702
        9481    -5.46578    -5.46551  0.00120689
        9482    -5.46525    -5.46551  0.00120676
        9483     -5.4648    -5.46551  0.00120664
        9484    -5.46416    -5.46551  0.00120651
        9485    -5.46394    -5.46551  0.00120638
        9486    -5.46445    -5.46551  0.00120625
        9487    -5.46448    -5.46551  0.00120613
        9488    -5.46495    -5.46551    0.001206
        9489      -5.466    -5.46551  0.00120587
        9490    -5.46749    -5.46551  0.00120575
        9491    -5.46878    -5.46551  0.00120562
        9492    -5.47077    -5.46551  0.00120549
        9493      -5.473    -5.46551  0.00120537
        9494    -5.47513    -5.46551  0.00120524
        9495    -5.47775    -5.46551  0.00120511
        9496    -5.48052    -5.46551  0.00120499
        9497    -5.48388    -5.46551  0.00120486
        9498    -5.48672    -5.46552  0.00120474
        9499    -5.48977    -5.46552  0.00120461
        9500    -5.49271    -5.46552  0.00120449
        9501    -5.49564    -5.46552  0.00120437
        9502     -5.4984    -5.46553  0.00120424
        9503    -5.50065    -5.46553  0.00120412
        9504    -5.50403    -5.46554    0.001204
        9505    -5.50685    -5.46554  0.00120388
        9506    -5.50925    -5.46554  0.00120377
        9507    -5.51151    -5.46555  0.00120365
        9508    -5.51376    -5.46555  0.00120353
        9509    -5.51601    -5.46556  0.00120342
        9510    -5.51823    -5.46557  0.00120331
        9511    -5.52013    -5.46557  0.00120319
        9512      -5.522    -5.46558  0.00120308
        9513    -5.52384    -5.46558  0.00120297
        9514    -5.52521    -5.46559  0.00120286
        9515    -5.52654     -5.4656  0.00120275
        9516    -5.52725     -5.4656  0.00120264
        9517     -5.5281    -5.46561  0.00120253
        9518    -5.52833    -5.46562  0.00120242
        9519      -5.529    -5.46562  0.00120232
        9520    -5.52848    -5.46563  0.00120221
        9521    -5.52857    -5.46564   0.0012021
        9522    -5.52822    -5.46564  0.00120199
        9523    -5.52882    -5.46565  0.00120188
        9524    -5.52825    -5.46565  0.00120178
        9525    -5.52773    -5.46566  0.00120167
        9526    -5.52743    -5.46567  0.00120156
        9527    -5.52736    -5.46567  0.00120145
        9528    -5.52708    -5.46568  0.00120134
        9529    -5.52659    -5.46569  0.00120123
        9530    -5.52547    -5.46569  0.00120112
        9531    -5.52479     -5.4657  0.00120101
        9532    -5.52426    -5.46571   0.0012009
        9533    -5.52344    -5.46571  0.00120079
        9534    -5.52204    -5.46572  0.00120068
        9535     -5.5216    -5.46572  0.00120057
        9536    -5.52108    -5.46573  0.00120046
        9537    -5.52063    -5.46574  0.00120034
        9538    -5.51983    -5.46574  0.00120023
        9539    -5.51928    -5.46575  0.00120012
        9540    -5.51932    -5.46575  0.00120001
        9541    -5.51935    -5.46576  0.00119989
        9542    -5.51969    -5.46576  0.00119978
        9543    -5.51988    -5.46577  0.00119967
        9544     -5.5207    -5.46577  0.00119956
        9545    -5.52156    -5.46578  0.00119945
        9546     -5.5226    -5.46579  0.00119934
        9547    -5.52353    -5.46579  0.00119923
        9548    -5.52481     -5.4658  0.00119912
        9549    -5.52614    -5.46581  0.00119901
        9550    -5.52795    -5.46581   0.0011989
        9551    -5.52995    -5.46582  0.00119879
        9552    -5.53167    -5.46583  0.00119869
        9553    -5.53371    -5.46583  0.00119858
        9554    -5.53605    -5.46584  0.00119848
        9555    -5.53852    -5.46585  0.00119838
        9556     -5.5411    -5.46586  0.00119828
        9557    -5.54393    -5.46586  0.00119818
        9558    -5.54667    -5.46587  0.00119808
        9559    -5.54991    -5.46588  0.00119799
        9560    -5.55317    -5.46589   0.0011979
        9561    -5.55628     -5.4659  0.00119781
        9562    -5.55949    -5.46591  0.00119773
        9563    -5.56175    -5.46592  0.00119764
        9564    -5.56482    -5.46593  0.00119756
        9565    -5.56747    -5.46594  0.00119749
        9566    -5.56984    -5.46595  0.00119741
        9567    -5.57189    -5.46596  0.00119734
        9568    -5.57375    -5.46597  0.00119726
        9569     -5.5754    -5.46598  0.00119719
        9570    -5.57727      -5.466  0.00119712
        9571     -5.5786    -5.46601  0.00119706
        9572    -5.57905    -5.46602  0.00119699
        9573    -5.57938    -5.46603  0.00119692
        9574    -5.57927    -5.46604  0.00119686
        9575    -5.57961    -5.46606  0.00119679
        9576    -5.57979    -5.46607  0.00119673
        9577    -5.57903    -5.46608  0.00119666
        9578    -5.57796    -5.46609  0.00119659
        9579    -5.57685     -5.4661  0.00119652
        9580     -5.5748    -5.46611  0.00119645
        9581    -5.57301    -5.46612  0.00119638
        9582     -5.5709    -5.46614   0.0011963
        9583    -5.56829    -5.46615  0.00119623
        9584    -5.56534    -5.46616  0.00119615
        9585    -5.56221    -5.46617  0.00119606
        9586    -5.55845    -5.46618  0.00119598
        9587    -5.55467    -5.46619  0.00119589
        9588    -5.55042    -5.46619  0.00119579
        9589    -5.54647     -5.4662   0.0011957
        9590    -5.54192    -5.46621   0.0011956
        9591    -5.53693    -5.46622   0.0011955
        9592    -5.53136    -5.46622  0.00119539
        9593    -5.52584    -5.46623  0.00119529
        9594    -5.52038    -5.46624  0.00119517
        9595    -5.51439    -5.46624  0.00119506
        9596    -5.50805    -5.46625  0.00119494
        9597    -5.50166    -5.46625  0.00119482
        9598    -5.49451    -5.46625   0.0011947
        9599    -5.48783    -5.46625  0.00119458
        9600    -5.48089    -5.46626  0.00119446
        9601    -5.47417    -5.46626  0.00119433
        9602    -5.46709    -5.46626  0.00119421
        9603    -5.46015    -5.46626  0.00119409
        9604    -5.45247    -5.46626  0.00119396
        9605    -5.44574    -5.46625  0.00119384
        9606    -5.43939    -5.46625  0.00119372
        9607     -5.4327    -5.46625   0.0011936
        9608    -5.42586    -5.46624  0.00119348
        9609    -5.41995    -5.46624  0.00119337
        9610     -5.4138    -5.46623  0.00119326
        9611    -5.40817    -5.46623  0.00119315
        9612    -5.40235    -5.46622  0.00119304
        9613    -5.39725    -5.46621  0.00119294
        9614    -5.39183     -5.4662  0.00119284
        9615    -5.38701     -5.4662  0.00119274
        9616    -5.38233    -5.46619  0.00119265
        9617     -5.3784    -5.46618  0.00119256
        9618     -5.3746    -5.46617  0.00119248
        9619    -5.37108    -5.46616  0.00119239
        9620    -5.36797    -5.46615  0.00119231
        9621    -5.36494    -5.46614  0.00119224
        9622    -5.36168    -5.46613  0.00119216
        9623    -5.35906    -5.46612  0.00119209
        9624     -5.3566    -5.46611  0.00119202
        9625    -5.35412    -5.46609  0.00119195
        9626    -5.35189    -5.46608  0.00119189
        9627    -5.34958    -5.46607  0.00119183
        9628    -5.34761    -5.46606  0.00119177
        9629    -5.34551    -5.46604  0.00119171
        9630    -5.34294    -5.46603  0.00119165
        9631     -5.3405    -5.46602   0.0011916
        9632    -5.33815    -5.46601  0.00119155
        9633    -5.33559    -5.46599   0.0011915
        9634     -5.3331    -5.46598  0.00119146
        9635    -5.33068    -5.46596  0.00119142
        9636    -5.32863    -5.46595  0.00119138
        9637    -5.32604    -5.46594  0.00119135
        9638    -5.32306    -5.46592  0.00119131
        9639    -5.32032    -5.46591  0.00119129
        9640    -5.31722    -5.46589  0.00119126
        9641    -5.31391    -5.46587  0.00119124
        9642    -5.31089    -5.46586  0.00119123
        9643     -5.3077    -5.46584  0.00119122
        9644    -5.30483    -5.46583  0.00119121
        9645    -5.30199    -5.46581  0.00119121
        9646    -5.29891    -5.46579  0.00119121
        9647    -5.29561    -5.46577  0.00119122
        9648    -5.29287    -5.46576  0.00119123
        9649    -5.28997    -5.46574  0.00119125
        9650    -5.28783    -5.46572  0.00119126
        9651    -5.28542     -5.4657  0.00119129
        9652    -5.28382    -5.46568  0.00119131
        9653      -5.282    -5.46566  0.00119134
        9654    -5.28029    -5.46564  0.00119137
        9655      -5.279    -5.46562  0.00119141
        9656    -5.27831     -5.4656  0.00119144
        9657    -5.27779    -5.46558  0.00119148
        9658     -5.2773    -5.46557  0.00119151
        9659    -5.27671    -5.46555  0.00119155
        9660     -5.2771    -5.46553  0.00119159
        9661    -5.27786    -5.46551  0.00119162
        9662    -5.27901    -5.46549  0.00119165
        9663    -5.28012    -5.46547  0.00119168
        9664    -5.28178    -5.46545  0.00119171
        9665    -5.28431    -5.46543  0.00119174
        9666    -5.28695    -5.46541  0.00119176
        9667    -5.28985    -5.46539  0.00119177
        9668    -5.29362    -5.46538  0.00119178
        9669    -5.29763    -5.46536  0.00119178
        9670    -5.30219    -5.46534  0.00119178
        9671    -5.30697    -5.46533  0.00119177
        9672    -5.31211    -5.46531  0.00119175
        9673     -5.3176    -5.46529  0.00119173
        9674    -5.32356    -5.46528  0.00119169
        9675    -5.32968    -5.46527  0.00119165
        9676    -5.33623    -5.46525   0.0011916
        9677    -5.34273    -5.46524  0.00119155
        9678    -5.34915    -5.46523  0.00119148
        9679    -5.35623    -5.46522  0.00119142
        9680    -5.36349    -5.46521  0.00119134
        9681    -5.37134     -5.4652  0.00119125
        9682    -5.37871    -5.46519  0.00119117
        9683    -5.38572    -5.46518  0.00119107
        9684    -5.39387    -5.46517  0.00119097
        9685     -5.4016    -5.46517  0.00119087
        9686    -5.40889    -5.46516  0.00119076
        9687    -5.41664    -5.46515  0.00119064
        9688    -5.42422    -5.46515  0.00119053
        9689    -5.43205    -5.46515  0.00119041
        9690    -5.43951    -5.46514  0.00119029
        9691    -5.44749    -5.46514  0.00119017
        9692    -5.45506    -5.46514  0.00119005
        9693     -5.4619    -5.46514  0.00118992
        9694    -5.46906    -5.46514   0.0011898
        9695    -5.47621    -5.46514  0.00118968
        9696    -5.48303    -5.46514  0.00118956
        9697    -5.48966    -5.46515  0.00118944
        9698    -5.49593    -5.46515  0.00118932
        9699    -5.50183    -5.46515   0.0011892
        9700    -5.50749    -5.46516  0.00118909
        9701    -5.51335    -5.46516  0.00118898
        9702    -5.51894    -5.46517  0.00118887
        9703     -5.5238    -5.46517  0.00118876
        9704    -5.52882    -5.46518  0.00118866
        9705    -5.53398    -5.46519  0.00118855
        9706    -5.53838     -5.4652  0.00118846
        9707     -5.5423     -5.4652  0.00118836
        9708    -5.54634    -5.46521  0.00118827
        9709    -5.54974    -5.46522  0.00118818
        9710    -5.55294    -5.46523  0.00118809
        9711    -5.55564    -5.46524    0.001188
        9712    -5.55753    -5.46525  0.00118792
        9713    -5.55938    -5.46526  0.00118784
        9714    -5.56088    -5.46527  0.00118775
        9715    -5.56158    -5.46528  0.00118767
        9716     -5.5624    -5.46529  0.00118759
        9717    -5.56303     -5.4653  0.00118751
        9718    -5.56334    -5.46531  0.00118743
        9719    -5.56333    -5.46532  0.00118735
        9720    -5.56288    -5.46533  0.00118727
        9721    -5.56244    -5.46534  0.00118719
        9722    -5.56157    -5.46535  0.00118711
        9723    -5.56076    -5.46536  0.00118703
        9724    -5.55911    -5.46537  0.00118695
        9725    -5.55754    -5.46538  0.00118686
        9726    -5.55579    -5.46539  0.00118678
        9727     -5.5537     -5.4654  0.00118669
        9728    -5.55146     -5.4654   0.0011866
        9729    -5.54969    -5.46541  0.00118651
        9730     -5.5469    -5.46542  0.00118642
        9731    -5.54477    -5.46543  0.00118633
        9732    -5.54256    -5.46544  0.00118623
        9733    -5.53984    -5.46545  0.00118613
        9734    -5.53662    -5.46545  0.00118603
        9735    -5.53368    -5.46546  0.00118593
        9736    -5.53073    -5.46547  0.00118583
        9737    -5.52777    -5.46547  0.00118573
        9738    -5.52481    -5.46548  0.00118562
        9739    -5.52232    -5.46548  0.00118551
        9740       -5.52    -5.46549   0.0011854
        9741    -5.51756     -5.4655  0.00118529
        9742    -5.51483     -5.4655  0.00118518
        9743    -5.51183    -5.46551  0.00118507
        9744    -5.50929    -5.46551  0.00118496
        9745    -5.50617    -5.46551  0.00118484
        9746    -5.50322    -5.46552  0.00118473
        9747    -5.50088    -5.46552  0.00118461
        9748    -5.49809    -5.46552   0.0011845
        9749    -5.49561    -5.46553  0.00118438
        9750    -5.49312    -5.46553  0.00118426
        9751    -5.49016    -5.46553  0.00118414
        9752    -5.48719    -5.46554  0.00118402
        9753    -5.48495    -5.46554   0.0011839
        9754    -5.48193    -5.46554  0.00118378
        9755    -5.47904    -5.46554  0.00118366
        9756    -5.47642    -5.46554  0.00118354
        9757    -5.47377    -5.46554  0.00118342
        9758    -5.47154    -5.46554   0.0011833
        9759    -5.46837    -5.46554  0.00118318
        9760    -5.46546    -5.46554  0.00118306
        9761    -5.46222    -5.46554  0.00118294
        9762    -5.45835    -5.46554  0.00118281
        9763     -5.4555    -5.46554  0.00118269
        9764    -5.45232    -5.46554  0.00118257
        9765    -5.44928    -5.46554  0.00118245
        9766    -5.44575    -5.46554  0.00118233
        9767    -5.44298    -5.46553  0.00118222
        9768    -5.43989    -5.46553   0.0011821
        9769    -5.43681    -5.46553  0.00118198
        9770    -5.43389    -5.46553  0.00118186
        9771    -5.43054    -5.46552  0.00118175
        9772    -5.42737    -5.46552  0.00118163
        9773    -5.42457    -5.46551  0.00118152
        9774    -5.42139    -5.46551  0.00118141
        9775     -5.4189     -5.4655   0.0011813
        9776    -5.41593     -5.4655  0.00118119
        9777     -5.4137    -5.46549  0.00118108
        9778    -5.41088    -5.46549  0.00118097
        9779    -5.40824    -5.46548  0.00118086
        9780    -5.40641    -5.46548  0.00118076
        9781    -5.40467    -5.46547  0.00118065
        9782    -5.40287    -5.46546  0.00118055
        9783     -5.4012    -5.46546  0.00118045
        9784    -5.40087    -5.46545  0.00118035
        9785    -5.40024    -5.46544  0.00118024
        9786    -5.40037    -5.46544  0.00118014
        9787     -5.4002    -5.46543  0.00118004
        9788     -5.4008    -5.46542  0.00117994
        9789     -5.4014    -5.46542  0.00117984
        9790    -5.40183    -5.46541  0.00117973
        9791    -5.40284     -5.4654  0.00117963
        9792    -5.40425     -5.4654  0.00117953
        9793    -5.40619    -5.46539  0.00117942
        9794    -5.40833    -5.46539  0.00117932
        9795    -5.41064    -5.46538  0.00117921
        9796    -5.41294    -5.46538   0.0011791
        9797    -5.41521    -5.46537  0.00117899
        9798    -5.41709    -5.46537  0.00117888
        9799    -5.41964    -5.46536  0.00117877
        9800     -5.4216    -5.46536  0.00117866
        9801    -5.42385    -5.46535  0.00117854
        9802    -5.42638    -5.46535  0.00117843
        9803    -5.42826    -5.46534  0.00117832
        9804    -5.43084    -5.46534   0.0011782
        9805    -5.43318    -5.46534  0.00117809
        9806    -5.43575    -5.46533  0.00117797
        9807    -5.43732    -5.46533  0.00117785
        9808    -5.43942    -5.46533  0.00117774
        9809    -5.44113    -5.46533  0.00117762
        9810    -5.44307    -5.46532   0.0011775
        9811     -5.4454    -5.46532  0.00117738
        9812    -5.44753    -5.46532  0.00117726
        9813    -5.44932    -5.46532  0.00117715
        9814    -5.45096    -5.46532  0.00117703
        9815    -5.45275    -5.46532  0.00117691
        9816    -5.45442    -5.46531  0.00117679
        9817    -5.45644    -5.46531  0.00117667
        9818    -5.45809    -5.46531  0.00117655
        9819    -5.45999    -5.46531  0.00117643
        9820    -5.46215    -5.46531  0.00117631
        9821    -5.46431    -5.46531  0.00117619
        9822    -5.46693    -5.46531  0.00117607
        9823    -5.46911    -5.46531  0.00117595
        9824    -5.47162    -5.46531  0.00117583
        9825    -5.47448    -5.46531  0.00117571
        9826    -5.47737    -5.46532  0.00117559
        9827     -5.4809    -5.46532  0.00117547
        9828    -5.48431    -5.46532  0.00117536
        9829    -5.48759    -5.46532  0.00117524
        9830    -5.49087    -5.46532  0.00117512
        9831    -5.49489    -5.46533  0.00117501
        9832    -5.49918    -5.46533  0.00117489
        9833    -5.50326    -5.46533  0.00117478
        9834    -5.50724    -5.46534  0.00117467
        9835    -5.51111    -5.46534  0.00117456
        9836    -5.51529    -5.46535  0.00117445
        9837    -5.51929    -5.46535  0.00117434
        9838    -5.52323    -5.46536  0.00117424
        9839    -5.52768    -5.46537  0.00117413
        9840    -5.53157    -5.46537  0.00117403
        9841    -5.53546    -5.46538  0.00117394
        9842    -5.53917    -5.46539  0.00117384
        9843    -5.54253     -5.4654  0.00117375
        9844    -5.54565     -5.4654  0.00117366
        9845    -5.54852    -5.46541  0.00117357
        9846     -5.5511    -5.46542  0.00117348
        9847    -5.55385    -5.46543   0.0011734
        9848    -5.55581    -5.46544  0.00117331
        9849    -5.55775    -5.46545  0.00117323
        9850    -5.55917    -5.46546  0.00117315
        9851    -5.56007    -5.46547  0.00117307
        9852    -5.56044    -5.46548  0.00117299
        9853    -5.56087    -5.46549  0.00117291
        9854    -5.56031     -5.4655  0.00117283
        9855    -5.55979    -5.46551  0.00117275
        9856    -5.55826    -5.46552  0.00117267
        9857    -5.55664    -5.46552  0.00117259
        9858    -5.55476    -5.46553  0.00117251
        9859    -5.55294    -5.46554  0.00117242
        9860    -5.55029    -5.46555  0.00117233
        9861    -5.54741    -5.46556  0.00117224
        9862    -5.54447    -5.46557  0.00117215
        9863    -5.54119    -5.46557  0.00117206
        9864    -5.53775    -5.46558  0.00117196
        9865    -5.53385    -5.46559  0.00117186
        9866    -5.52937     -5.4656  0.00117176
        9867    -5.52448     -5.4656  0.00117166
        9868    -5.51921    -5.46561  0.00117155
        9869    -5.51298    -5.46561  0.00117144
        9870    -5.50778    -5.46562  0.00117133
        9871    -5.50259    -5.46562  0.00117122
        9872    -5.49727    -5.46562  0.00117111
        9873    -5.49094    -5.46563  0.00117099
        9874      -5.485    -5.46563  0.00117087
        9875    -5.47871    -5.46563  0.00117076
        9876    -5.47285    -5.46563  0.00117064
        9877      -5.467    -5.46563  0.00117052
        9878    -5.46161    -5.46563   0.0011704
        9879    -5.45567    -5.46563  0.00117028
        9880    -5.44994    -5.46563  0.00117017
        9881    -5.44428    -5.46562  0.00117005
        9882    -5.43811    -5.46562  0.00116993
        9883    -5.43266    -5.46562  0.00116982
        9884    -5.42762    -5.46561  0.00116971
        9885    -5.42225    -5.46561   0.0011696
        9886    -5.41671    -5.46561  0.00116949
        9887    -5.41116     -5.4656  0.00116938
        9888    -5.40619    -5.46559  0.00116928
        9889    -5.40107    -5.46559  0.00116918
        9890    -5.39623    -5.46558  0.00116908
        9891    -5.39153    -5.46557  0.00116899
        9892    -5.38712    -5.46556   0.0011689
        9893    -5.38284    -5.46556  0.00116881
        9894      -5.379    -5.46555  0.00116873
        9895    -5.37482    -5.46554  0.00116864
        9896    -5.37108    -5.46553  0.00116856
        9897     -5.3673    -5.46552  0.00116849
        9898    -5.36378    -5.46551  0.00116842
        9899    -5.35946     -5.4655  0.00116835
        9900     -5.3557    -5.46549  0.00116828
        9901    -5.35265    -5.46548  0.00116822
        9902    -5.34954    -5.46546  0.00116816
        9903    -5.34622    -5.46545   0.0011681
        9904     -5.3433    -5.46544  0.00116805
        9905    -5.34032    -5.46543    0.001168
        9906    -5.33758    -5.46541  0.00116795
        9907    -5.33448     -5.4654  0.00116791
        9908    -5.33178    -5.46539  0.00116787
        9909    -5.32901    -5.46537  0.00116783
        9910    -5.32679    -5.46536   0.0011678
        9911    -5.32452    -5.46535  0.00116777
        9912    -5.32174    -5.46533  0.00116774
        9913    -5.31982    -5.46532  0.00116772
        9914    -5.31771     -5.4653  0.00116769
        9915    -5.31602    -5.46529  0.00116767
        9916     -5.3137    -5.46527  0.00116765
        9917    -5.31212    -5.46526  0.00116764
        9918    -5.31082    -5.46524  0.00116762
        9919    -5.30953    -5.46522  0.00116761
        9920    -5.30885    -5.46521   0.0011676
        9921    -5.30804    -5.46519  0.00116759
        9922    -5.30697    -5.46518  0.00116758
        9923    -5.30624    -5.46516  0.00116757
        9924    -5.30617    -5.46514  0.00116757
        9925    -5.30526    -5.46513  0.00116756
        9926    -5.30504    -5.46511  0.00116755
        9927    -5.30505     -5.4651  0.00116755
        9928     -5.3056    -5.46508  0.00116754
        9929    -5.30626    -5.46506  0.00116753
        9930    -5.30703    -5.46505  0.00116752
        9931    -5.30805    -5.46503  0.00116751
        9932    -5.30949    -5.46502   0.0011675
        9933    -5.31134      -5.465  0.00116749
        9934    -5.31315    -5.46499  0.00116747
        9935    -5.31521    -5.46497  0.00116745
        9936    -5.31783    -5.46496  0.00116742
        9937    -5.32068    -5.46494   0.0011674
        9938    -5.32407    -5.46493  0.00116737
        9939    -5.32738    -5.46491  0.00116733
        9940    -5.33044     -5.4649  0.00116729
        9941    -5.33369    -5.46489  0.00116725
        9942    -5.33728    -5.46487   0.0011672
        9943    -5.34133    -5.46486  0.00116715
        9944    -5.34553    -5.46485  0.00116709
        9945    -5.34957    -5.46484  0.00116703
        9946    -5.35448    -5.46483  0.00116697
        9947    -5.35845    -5.46482   0.0011669
        9948    -5.36296    -5.46481  0.00116683
        9949    -5.36786     -5.4648  0.00116675
        9950    -5.37252    -5.46479  0.00116667
        9951    -5.37724    -5.46478  0.00116659
        9952     -5.3817    -5.46477   0.0011665
        9953    -5.38681    -5.46476  0.00116641
        9954    -5.39133    -5.46475  0.00116632
        9955    -5.39602    -5.46475  0.00116622
        9956    -5.40057    -5.46474  0.00116612
        9957    -5.40588    -5.46474  0.00116602
        9958    -5.41043    -5.46473  0.00116591
        9959    -5.41497    -5.46472  0.00116581
        9960    -5.41965    -5.46472   0.0011657
        9961     -5.4246    -5.46472  0.00116559
        9962    -5.42924    -5.46471  0.00116548
        9963    -5.43384    -5.46471  0.00116536
        9964     -5.4387    -5.46471  0.00116525
        9965    -5.44338     -5.4647  0.00116514
        9966    -5.44802     -5.4647  0.00116502
        9967    -5.45291     -5.4647   0.0011649
        9968    -5.45729     -5.4647  0.00116479
        9969    -5.46206     -5.4647  0.00116467
        9970    -5.46615     -5.4647  0.00116455
        9971    -5.47032     -5.4647  0.00116444
        9972     -5.4744     -5.4647  0.00116432
        9973    -5.47853     -5.4647   0.0011642
        9974    -5.48255    -5.46471  0.00116409
        9975    -5.48646    -5.46471  0.00116397
        9976    -5.49052    -5.46471  0.00116386
        9977    -5.49414    -5.46471  0.00116375
        9978    -5.49713    -5.46472  0.00116364
        9979    -5.50023    -5.46472  0.00116352
        9980    -5.50313    -5.46472  0.00116341
        9981    -5.50641    -5.46473  0.00116331
        9982    -5.50838    -5.46473   0.0011632
        9983    -5.51052    -5.46474  0.00116309
        9984    -5.51282    -5.46474  0.00116298
        9985     -5.5148    -5.46475  0.00116288
        9986    -5.51568    -5.46475  0.00116277
        9987    -5.51694    -5.46476  0.00116267
        9988    -5.51735    -5.46476  0.00116256
        9989    -5.51764    -5.46477  0.00116246
        9990    -5.51733    -5.46477  0.00116235
        9991    -5.51611    -5.46478  0.00116225
        9992    -5.51515    -5.46478  0.00116214
        9993    -5.51278    -5.46479  0.00116204
        9994    -5.51005    -5.46479  0.00116193
        9995    -5.50708     -5.4648  0.00116182
        9996    -5.50372     -5.4648  0.00116171
        9997    -5.50012     -5.4648   0.0011616
        9998    -5.49551    -5.46481  0.00116149
        9999    -5.49037    -5.46481  0.00116138
       10000    -5.48529    -5.46481  0.00116126
