#     BLOCK:  ACTUAL_PE:     PE_AVE:      ERROR:
           1    -6.79299    -6.79299           0
           2    -6.79267    -6.79283 0.000113254
           3    -6.79213    -6.79259 0.000203305
           4    -6.79139    -6.79229 0.000302997
           5    -6.79042    -6.79192 0.000412948
           6    -6.78924    -6.79147 0.000532854
           7    -6.78785    -6.79095 0.000662363
           8    -6.78622    -6.79036 0.000801196
           9    -6.78437     -6.7897 0.000949163
          10    -6.78229    -6.78896  0.00110615
          11    -6.77997    -6.78814  0.00127213
          12     -6.7774    -6.78724  0.00144711
          13    -6.77428    -6.78625  0.00164398
          14     -6.7712    -6.78517  0.00184476
          15     -6.7677    -6.78401  0.00205696
          16    -6.76362    -6.78273  0.00228929
          17    -6.75925    -6.78135  0.00253728
          18    -6.75474    -6.77987  0.00279403
          19    -6.74991     -6.7783  0.00305975
          20    -6.74461    -6.77661  0.00333831
          21    -6.73927    -6.77483  0.00362212
          22    -6.73312    -6.77294  0.00392243
          23    -6.72661    -6.77092  0.00423772
          24    -6.71971    -6.76879    0.004567
          25    -6.71225    -6.76653  0.00491244
          26    -6.70453    -6.76414  0.00527057
          27    -6.69637    -6.76163  0.00564152
          28    -6.68745    -6.75898  0.00603017
          29    -6.67836     -6.7562  0.00643129
          30    -6.66832    -6.75327  0.00685172
          31    -6.65822    -6.75021  0.00728462
          32    -6.64712    -6.74699  0.00773656
          33    -6.63592    -6.74362  0.00820158
          34    -6.62414    -6.74011  0.00868068
          35    -6.61205    -6.73645   0.0091714
          36    -6.59948    -6.73264  0.00967365
          37    -6.58582    -6.72868   0.0101936
          38    -6.57134    -6.72453   0.0107333
          39    -6.55633    -6.72022   0.0112914
          40    -6.54001    -6.71572    0.011874
          41    -6.52343    -6.71103   0.0124763
          42     -6.5061    -6.70615   0.0130986
          43    -6.48849    -6.70109   0.0137372
          44    -6.46996    -6.69583   0.0143944
          45    -6.45066    -6.69038   0.0150703
          46    -6.43105    -6.68475    0.015762
          47    -6.41112    -6.67892   0.0164668
          48    -6.38996     -6.6729   0.0171889
          49    -6.36805    -6.66668   0.0179287
          50    -6.34525    -6.66025   0.0186872
          51    -6.32187    -6.65362   0.0194631
          52    -6.29763    -6.64677    0.020257
          53    -6.27242    -6.63971   0.0210703
          54    -6.24702    -6.63244   0.0218991
          55    -6.22087    -6.62496   0.0227435
          56    -6.19477    -6.61727   0.0235991
          57    -6.16816    -6.60939   0.0244651
          58     -6.1405    -6.60131   0.0253438
          59    -6.11229    -6.59302   0.0262346
          60    -6.08451    -6.58455   0.0271318
          61    -6.05569    -6.57588    0.028038
          62    -6.02698    -6.56702   0.0289498
          63    -5.99827      -6.558   0.0298647
          64     -5.9701    -6.54881   0.0307784
          65    -5.94116    -6.53946   0.0316928
          66    -5.91289    -6.52997   0.0326035
          67    -5.88353    -6.52032   0.0335141
          68    -5.85497    -6.51053     0.03442
          69     -5.8271    -6.50063   0.0353175
          70    -5.79924    -6.49061   0.0362065
          71    -5.77144    -6.48048   0.0370863
          72    -5.74466    -6.47026   0.0379532
          73    -5.71776    -6.45995    0.038808
          74    -5.69123    -6.44956   0.0396495
          75    -5.66558    -6.43911   0.0404754
          76    -5.64131    -6.42861   0.0412816
          77    -5.61697    -6.41807   0.0420697
          78    -5.59366     -6.4075   0.0428375
          79    -5.57127    -6.39692   0.0435834
          80    -5.54926    -6.38632   0.0443079
          81    -5.52826    -6.37573   0.0450095
          82    -5.50847    -6.36515   0.0456863
          83    -5.48904     -6.3546   0.0463392
          84    -5.47075    -6.34408    0.046967
          85     -5.4532    -6.33359   0.0475695
          86    -5.43717    -6.32317   0.0481448
          87    -5.42256    -6.31282   0.0486916
          88    -5.40877    -6.30255   0.0492101
          89    -5.39615    -6.29236   0.0496999
          90    -5.38455    -6.28227   0.0501608
          91     -5.3749     -6.2723   0.0505909
          92    -5.36569    -6.26245   0.0509918
          93    -5.35843    -6.25273   0.0513616
          94    -5.35115    -6.24314    0.051703
          95    -5.34578    -6.23369   0.0520145
          96     -5.3411    -6.22439   0.0522971
          97    -5.33766    -6.21525   0.0525508
          98    -5.33511    -6.20627   0.0527765
          99    -5.33356    -6.19746   0.0529745
         100    -5.33308    -6.18881   0.0531452
         101    -5.33377    -6.18035    0.053289
         102    -5.33523    -6.17206   0.0534068
         103    -5.33725    -6.16396   0.0534998
         104    -5.33959    -6.15603   0.0535694
         105    -5.34291    -6.14829    0.053616
         106    -5.34624    -6.14072   0.0536414
         107    -5.34994    -6.13333   0.0536468
         108    -5.35423    -6.12611   0.0536329
         109    -5.35905    -6.11908   0.0536005
         110     -5.3634    -6.11221   0.0535517
         111    -5.36859    -6.10551   0.0534866
         112    -5.37335    -6.09897   0.0534071
         113    -5.37808    -6.09259   0.0533141
         114    -5.38273    -6.08636   0.0532088
         115    -5.38727    -6.08029   0.0530923
         116    -5.39121    -6.07435   0.0529659
         117    -5.39529    -6.06854   0.0528302
         118    -5.39948    -6.06287   0.0526859
         119    -5.40346    -6.05733   0.0525337
         120    -5.40679    -6.05191   0.0523749
         121    -5.41005     -6.0466     0.05221
         122     -5.4131    -6.04141   0.0520396
         123    -5.41594    -6.03633   0.0518644
         124    -5.41858    -6.03134   0.0516849
         125    -5.42133    -6.02646   0.0515013
         126    -5.42406    -6.02168    0.051314
         127    -5.42633      -6.017   0.0511236
         128    -5.42814     -6.0124   0.0509308
         129    -5.42998    -6.00788   0.0507357
         130    -5.43124    -6.00344   0.0505389
         131    -5.43302    -5.99909   0.0503404
         132     -5.4347    -5.99481   0.0501402
         133    -5.43647    -5.99062   0.0499387
         134    -5.43773    -5.98649   0.0497362
         135    -5.43894    -5.98243   0.0495328
         136    -5.43996    -5.97845    0.049329
         137     -5.4411    -5.97452   0.0491246
         138    -5.44207    -5.97067   0.0489199
         139    -5.44331    -5.96687   0.0487149
         140    -5.44453    -5.96314   0.0485096
         141    -5.44603    -5.95947    0.048304
         142    -5.44721    -5.95587   0.0480983
         143    -5.44836    -5.95232   0.0478927
         144    -5.44993    -5.94883    0.047687
         145    -5.45072    -5.94539   0.0474817
         146    -5.45147    -5.94201   0.0472769
         147    -5.45263    -5.93868   0.0470723
         148     -5.4536     -5.9354   0.0468682
         149    -5.45422    -5.93217   0.0466648
         150    -5.45525    -5.92899   0.0464619
         151    -5.45622    -5.92586   0.0462596
         152    -5.45685    -5.92278    0.046058
         153    -5.45773    -5.91974   0.0458572
         154    -5.45873    -5.91674    0.045657
         155    -5.45924    -5.91379   0.0454578
         156    -5.45988    -5.91088   0.0452594
         157     -5.4602    -5.90801   0.0450621
         158    -5.46083    -5.90518   0.0448656
         159    -5.46178    -5.90239   0.0446701
         160    -5.46229    -5.89964   0.0444755
         161      -5.463    -5.89693   0.0442818
         162    -5.46481    -5.89426   0.0440888
         163    -5.46578    -5.89163   0.0438966
         164    -5.46666    -5.88904   0.0437053
         165    -5.46777    -5.88649    0.043515
         166    -5.46896    -5.88397   0.0433255
         167    -5.47053     -5.8815   0.0431367
         168    -5.47216    -5.87906   0.0429487
         169    -5.47325    -5.87666   0.0427616
         170    -5.47484     -5.8743   0.0425754
         171    -5.47541    -5.87196   0.0423902
         172    -5.47674    -5.86967    0.042206
         173    -5.47836    -5.86741   0.0420226
         174    -5.47919    -5.86517   0.0418403
         175    -5.48042    -5.86298   0.0416589
         176    -5.48141    -5.86081   0.0414786
         177    -5.48274    -5.85867   0.0412992
         178    -5.48378    -5.85657   0.0411209
         179    -5.48451    -5.85449   0.0409437
         180    -5.48476    -5.85243   0.0407677
         181    -5.48482     -5.8504    0.040593
         182    -5.48497    -5.84839   0.0404196
         183    -5.48476    -5.84641   0.0402475
         184    -5.48432    -5.84444   0.0400769
         185    -5.48351    -5.84249   0.0399077
         186    -5.48247    -5.84055   0.0397401
         187    -5.48137    -5.83863   0.0395739
         188    -5.47992    -5.83672   0.0394094
         189    -5.47873    -5.83483   0.0392464
         190    -5.47691    -5.83295    0.039085
         191    -5.47508    -5.83107   0.0389253
         192    -5.47311    -5.82921   0.0387672
         193    -5.47133    -5.82735   0.0386106
         194     -5.4684     -5.8255   0.0384559
         195    -5.46632    -5.82366   0.0383028
         196    -5.46373    -5.82182   0.0381513
         197    -5.46143       -5.82   0.0380015
         198    -5.45942    -5.81817   0.0378532
         199    -5.45789    -5.81636   0.0377063
         200    -5.45534    -5.81456   0.0375609
         201    -5.45361    -5.81276   0.0374169
         202    -5.45181    -5.81098   0.0372743
         203    -5.44994     -5.8092   0.0371331
         204    -5.44774    -5.80743   0.0369934
         205    -5.44597    -5.80566   0.0368549
         206    -5.44448    -5.80391   0.0367177
         207    -5.44299    -5.80217   0.0365817
         208    -5.44211    -5.80043   0.0364467
         209    -5.44065    -5.79871    0.036313
         210    -5.43952      -5.797   0.0361803
         211    -5.43858     -5.7953   0.0360487
         212    -5.43814    -5.79362    0.035918
         213    -5.43806    -5.79195   0.0357881
         214     -5.4382     -5.7903   0.0356591
         215    -5.43857    -5.78866   0.0355307
         216    -5.43858    -5.78704   0.0354032
         217     -5.4396    -5.78544   0.0352762
         218    -5.44028    -5.78386   0.0351499
         219     -5.4414    -5.78229   0.0350242
         220    -5.44265    -5.78075    0.034899
         221    -5.44436    -5.77923   0.0347742
         222    -5.44652    -5.77773   0.0346499
         223    -5.44884    -5.77625   0.0345259
         224    -5.45164     -5.7748   0.0344021
         225     -5.4549    -5.77338   0.0342786
         226    -5.45832    -5.77199   0.0341553
         227     -5.4625    -5.77062    0.034032
         228    -5.46607    -5.76929   0.0339089
         229    -5.47022    -5.76798    0.033786
         230    -5.47492    -5.76671   0.0336631
         231    -5.47895    -5.76546   0.0335405
         232    -5.48438    -5.76425   0.0334178
         233    -5.48954    -5.76307   0.0332951
         234    -5.49528    -5.76193   0.0331725
         235    -5.50096    -5.76082   0.0330499
         236     -5.5064    -5.75974   0.0329275
         237      -5.512    -5.75869   0.0328051
         238    -5.51743    -5.75768   0.0326829
         239     -5.5228     -5.7567    0.032561
         240    -5.52792    -5.75574   0.0324392
         241    -5.53337    -5.75482   0.0323178
         242    -5.53851    -5.75393   0.0321966
         243    -5.54361    -5.75306   0.0320757
         244    -5.54865    -5.75222   0.0319552
         245    -5.55316    -5.75141   0.0318351
         246    -5.55773    -5.75062   0.0317154
         247    -5.56127    -5.74986   0.0315963
         248      -5.565    -5.74911   0.0314777
         249    -5.56801    -5.74838   0.0313596
         250    -5.57058    -5.74767   0.0312423
         251    -5.57334    -5.74698   0.0311255
         252    -5.57628     -5.7463   0.0310094
         253    -5.57805    -5.74564   0.0308939
         254    -5.58016    -5.74499   0.0307792
         255    -5.58203    -5.74435   0.0306651
         256    -5.58351    -5.74372   0.0305518
         257    -5.58492     -5.7431   0.0304391
         258    -5.58642    -5.74249   0.0303272
         259    -5.58728    -5.74189    0.030216
         260    -5.58779     -5.7413   0.0301056
         261    -5.58814    -5.74071    0.029996
         262    -5.58833    -5.74013   0.0298871
         263    -5.58838    -5.73956   0.0297791
         264    -5.58814    -5.73898   0.0296718
         265    -5.58764    -5.73841   0.0295653
         266    -5.58763    -5.73784   0.0294596
         267    -5.58737    -5.73728   0.0293547
         268    -5.58718    -5.73672   0.0292505
         269     -5.5869    -5.73616    0.029147
         270    -5.58671    -5.73561   0.0290443
         271      -5.586    -5.73506   0.0289424
         272    -5.58508    -5.73451   0.0288413
         273    -5.58442    -5.73396   0.0287408
         274    -5.58385    -5.73341   0.0286412
         275    -5.58264    -5.73286   0.0285423
         276    -5.58138    -5.73231   0.0284441
         277    -5.58055    -5.73176   0.0283467
         278    -5.57921    -5.73121   0.0282501
         279     -5.5786    -5.73067   0.0281541
         280    -5.57794    -5.73012   0.0280588
         281    -5.57724    -5.72958   0.0279643
         282    -5.57635    -5.72904   0.0278704
         283     -5.5751    -5.72849   0.0277772
         284    -5.57349    -5.72795   0.0276848
         285    -5.57229     -5.7274    0.027593
         286    -5.57072    -5.72685    0.027502
         287    -5.56938     -5.7263   0.0274116
         288    -5.56812    -5.72575   0.0273219
         289    -5.56649     -5.7252    0.027233
         290    -5.56446    -5.72465   0.0271447
         291     -5.5631    -5.72409   0.0270571
         292    -5.56133    -5.72354   0.0269702
         293    -5.55978    -5.72298   0.0268839
         294    -5.55766    -5.72241   0.0267983
         295    -5.55528    -5.72185   0.0267135
         296    -5.55323    -5.72128   0.0266293
         297    -5.55077     -5.7207   0.0265458
         298    -5.54835    -5.72013   0.0264631
         299     -5.5458    -5.71954    0.026381
         300    -5.54269    -5.71895   0.0262996
         301    -5.53961    -5.71836    0.026219
         302    -5.53672    -5.71776   0.0261391
         303    -5.53358    -5.71715   0.0260599
         304    -5.53018    -5.71653   0.0259814
         305    -5.52685    -5.71591   0.0259037
         306    -5.52419    -5.71528   0.0258266
         307    -5.52055    -5.71465   0.0257503
         308    -5.51729    -5.71401   0.0256746
         309    -5.51368    -5.71336   0.0255997
         310    -5.50972     -5.7127   0.0255256
         311    -5.50572    -5.71204   0.0254522
         312     -5.5026    -5.71137   0.0253794
         313    -5.49901    -5.71069   0.0253074
         314    -5.49495       -5.71   0.0252361
         315    -5.49134    -5.70931   0.0251656
         316    -5.48772    -5.70861   0.0250957
         317     -5.4841     -5.7079   0.0250265
         318    -5.48049    -5.70718    0.024958
         319    -5.47687    -5.70646   0.0248902
         320    -5.47325    -5.70573   0.0248231
         321    -5.46963      -5.705   0.0247567
         322      -5.466    -5.70425   0.0246909
         323    -5.46176     -5.7035   0.0246259
         324    -5.45827    -5.70275   0.0245615
         325     -5.4546    -5.70198   0.0244978
         326    -5.45092    -5.70121   0.0244348
         327    -5.44737    -5.70044   0.0243724
         328    -5.44365    -5.69965   0.0243106
         329    -5.44051    -5.69887   0.0242495
         330     -5.4366    -5.69807    0.024189
         331    -5.43313    -5.69727   0.0241292
         332    -5.42905    -5.69646     0.02407
         333    -5.42556    -5.69565   0.0240115
         334    -5.42148    -5.69483   0.0239536
         335    -5.41773      -5.694   0.0238964
         336    -5.41356    -5.69317   0.0238399
         337     -5.4099    -5.69233   0.0237839
         338    -5.40601    -5.69148   0.0237287
         339    -5.40176    -5.69062    0.023674
         340    -5.39808    -5.68976     0.02362
         341    -5.39468     -5.6889   0.0235666
         342    -5.39175    -5.68803   0.0235137
         343    -5.38914    -5.68716   0.0234613
         344    -5.38643    -5.68628   0.0234094
         345    -5.38379    -5.68541    0.023358
         346    -5.38139    -5.68453    0.023307
         347    -5.37955    -5.68365   0.0232564
         348    -5.37752    -5.68277   0.0232062
         349    -5.37578    -5.68189   0.0231563
         350    -5.37464    -5.68101   0.0231068
         351    -5.37395    -5.68014   0.0230575
         352    -5.37326    -5.67927   0.0230085
         353    -5.37319     -5.6784   0.0229597
         354    -5.37358    -5.67754   0.0229109
         355    -5.37399    -5.67668   0.0228624
         356      -5.375    -5.67584   0.0228138
         357    -5.37571      -5.675   0.0227654
         358    -5.37733    -5.67416    0.022717
         359    -5.37877    -5.67334   0.0226686
         360    -5.38049    -5.67253   0.0226202
         361    -5.38246    -5.67172   0.0225719
         362    -5.38452    -5.67093   0.0225234
         363    -5.38697    -5.67015    0.022475
         364    -5.38962    -5.66938   0.0224264
         365      -5.392    -5.66862   0.0223779
         366    -5.39547    -5.66787   0.0223292
         367    -5.39908    -5.66714   0.0222803
         368    -5.40282    -5.66642   0.0222314
         369    -5.40605    -5.66572   0.0221823
         370    -5.40907    -5.66502   0.0221332
         371    -5.41276    -5.66434    0.022084
         372    -5.41635    -5.66367   0.0220347
         373    -5.42041    -5.66302   0.0219853
         374    -5.42372    -5.66238   0.0219358
         375    -5.42747    -5.66176   0.0218862
         376     -5.4309    -5.66114   0.0218366
         377    -5.43443    -5.66054    0.021787
         378     -5.4376    -5.65995   0.0217373
         379    -5.44116    -5.65937   0.0216876
         380    -5.44479    -5.65881   0.0216379
         381    -5.44862    -5.65826   0.0215882
         382     -5.4519    -5.65772   0.0215384
         383    -5.45476    -5.65719   0.0214887
         384    -5.45781    -5.65667    0.021439
         385    -5.46073    -5.65616   0.0213893
         386    -5.46307    -5.65566   0.0213398
         387    -5.46586    -5.65517   0.0212903
         388    -5.46836    -5.65469   0.0212408
         389     -5.4701    -5.65421   0.0211915
         390    -5.47198    -5.65375   0.0211424
         391    -5.47444    -5.65329   0.0210933
         392    -5.47643    -5.65284   0.0210443
         393    -5.47822    -5.65239   0.0209954
         394    -5.47982    -5.65195   0.0209467
         395    -5.48136    -5.65152   0.0208981
         396    -5.48253    -5.65109   0.0208497
         397    -5.48362    -5.65067   0.0208014
         398    -5.48372    -5.65025   0.0207534
         399    -5.48403    -5.64984   0.0207056
         400    -5.48363    -5.64942    0.020658
         401    -5.48373    -5.64901   0.0206106
         402    -5.48325     -5.6486   0.0205635
         403    -5.48236    -5.64818   0.0205166
         404    -5.48119    -5.64777   0.0204699
         405    -5.48006    -5.64736   0.0204236
         406    -5.47898    -5.64694   0.0203775
         407     -5.4775    -5.64652   0.0203317
         408    -5.47533    -5.64611   0.0202862
         409     -5.4728    -5.64568    0.020241
         410    -5.47053    -5.64525   0.0201961
         411    -5.46811    -5.64482   0.0201516
         412    -5.46525    -5.64439   0.0201074
         413    -5.46231    -5.64395   0.0200636
         414    -5.45947     -5.6435     0.02002
         415    -5.45647    -5.64305   0.0199769
         416    -5.45412     -5.6426    0.019934
         417    -5.45153    -5.64214   0.0198915
         418    -5.44906    -5.64168   0.0198492
         419    -5.44703    -5.64121   0.0198073
         420    -5.44489    -5.64074   0.0197657
         421    -5.44296    -5.64027   0.0197243
         422     -5.4414     -5.6398   0.0196832
         423    -5.43992    -5.63933   0.0196423
         424    -5.43869    -5.63886   0.0196017
         425     -5.4371    -5.63838   0.0195613
         426    -5.43648    -5.63791   0.0195211
         427    -5.43577    -5.63744   0.0194812
         428    -5.43525    -5.63696   0.0194414
         429    -5.43503    -5.63649   0.0194018
         430    -5.43462    -5.63602   0.0193623
         431    -5.43461    -5.63556    0.019323
         432    -5.43449    -5.63509   0.0192839
         433    -5.43454    -5.63463   0.0192449
         434    -5.43442    -5.63417   0.0192061
         435    -5.43439    -5.63371   0.0191675
         436    -5.43428    -5.63325   0.0191289
         437    -5.43375    -5.63279   0.0190906
         438    -5.43356    -5.63234   0.0190525
         439    -5.43307    -5.63188   0.0190145
         440    -5.43257    -5.63143   0.0189766
         441    -5.43087    -5.63098   0.0189391
         442     -5.4299    -5.63052   0.0189017
         443    -5.42848    -5.63006   0.0188645
         444    -5.42706    -5.62961   0.0188276
         445    -5.42565    -5.62915   0.0187908
         446     -5.4238    -5.62869   0.0187543
         447    -5.42184    -5.62823   0.0187181
         448    -5.41933    -5.62776   0.0186821
         449    -5.41749    -5.62729   0.0186464
         450    -5.41514    -5.62682   0.0186109
         451    -5.41259    -5.62634   0.0185757
         452    -5.41002    -5.62587   0.0185408
         453    -5.40758    -5.62538   0.0185061
         454    -5.40545     -5.6249   0.0184717
         455    -5.40319    -5.62441   0.0184375
         456    -5.40095    -5.62392   0.0184036
         457    -5.39891    -5.62343   0.0183699
         458    -5.39691    -5.62294   0.0183364
         459    -5.39482    -5.62244   0.0183032
         460     -5.3922    -5.62194   0.0182703
         461    -5.39055    -5.62144   0.0182375
         462    -5.38913    -5.62093    0.018205
         463    -5.38705    -5.62043   0.0181727
         464    -5.38566    -5.61992   0.0181406
         465    -5.38421    -5.61942   0.0181086
         466    -5.38272    -5.61891   0.0180769
         467    -5.38134     -5.6184   0.0180453
         468    -5.38008    -5.61789    0.018014
         469    -5.37941    -5.61738   0.0179827
         470    -5.37918    -5.61687   0.0179516
         471     -5.3779    -5.61637   0.0179207
         472    -5.37738    -5.61586   0.0178898
         473    -5.37689    -5.61536   0.0178592
         474    -5.37657    -5.61485   0.0178286
         475    -5.37644    -5.61435   0.0177981
         476    -5.37604    -5.61385   0.0177678
         477    -5.37658    -5.61335   0.0177375
         478     -5.3773    -5.61286   0.0177072
         479    -5.37818    -5.61237    0.017677
         480    -5.37863    -5.61188   0.0176469
         481    -5.37967     -5.6114   0.0176168
         482    -5.38098    -5.61092   0.0175868
         483    -5.38225    -5.61045   0.0175567
         484    -5.38374    -5.60998   0.0175267
         485    -5.38542    -5.60952   0.0174967
         486    -5.38636    -5.60906   0.0174667
         487    -5.38804     -5.6086   0.0174367
         488    -5.38923    -5.60815   0.0174068
         489    -5.38989    -5.60771   0.0173769
         490    -5.39074    -5.60726   0.0173471
         491    -5.39192    -5.60682   0.0173173
         492    -5.39279    -5.60639   0.0172876
         493    -5.39363    -5.60596   0.0172579
         494    -5.39443    -5.60553   0.0172283
         495    -5.39456     -5.6051   0.0171987
         496    -5.39432    -5.60468   0.0171693
         497    -5.39488    -5.60426     0.01714
         498    -5.39521    -5.60384   0.0171107
         499    -5.39421    -5.60342   0.0170815
         500    -5.39386      -5.603   0.0170525
         501    -5.39235    -5.60258   0.0170237
         502    -5.39102    -5.60216    0.016995
         503    -5.38912    -5.60173   0.0169665
         504    -5.38741    -5.60131   0.0169381
         505     -5.3853    -5.60088     0.01691
         506    -5.38279    -5.60045   0.0168821
         507    -5.38004    -5.60001   0.0168544
         508    -5.37721    -5.59958   0.0168269
         509    -5.37417    -5.59913   0.0167997
         510    -5.37034    -5.59868   0.0167727
         511    -5.36709    -5.59823    0.016746
         512    -5.36353    -5.59777   0.0167196
         513    -5.35999    -5.59731   0.0166934
         514    -5.35574    -5.59684   0.0166675
         515    -5.35187    -5.59636    0.016642
         516    -5.34778    -5.59588   0.0166167
         517    -5.34338    -5.59539   0.0165917
         518    -5.33972     -5.5949    0.016567
         519    -5.33609     -5.5944   0.0165426
         520     -5.3322     -5.5939   0.0165185
         521    -5.32807    -5.59339   0.0164946
         522    -5.32447    -5.59287   0.0164711
         523    -5.32112    -5.59235   0.0164478
         524    -5.31712    -5.59183   0.0164248
         525    -5.31338     -5.5913   0.0164021
         526     -5.3093    -5.59076   0.0163796
         527     -5.3058    -5.59022   0.0163575
         528    -5.30241    -5.58967   0.0163356
         529    -5.29959    -5.58913   0.0163139
         530    -5.29642    -5.58857   0.0162925
         531    -5.29321    -5.58802   0.0162713
         532    -5.29025    -5.58746   0.0162503
         533    -5.28754    -5.58689   0.0162296
         534    -5.28463    -5.58633    0.016209
         535    -5.28197    -5.58576   0.0161887
         536    -5.27986    -5.58519   0.0161686
         537     -5.2774    -5.58462   0.0161486
         538    -5.27491    -5.58404   0.0161289
         539    -5.27329    -5.58346   0.0161092
         540    -5.27151    -5.58289   0.0160898
         541    -5.27003    -5.58231   0.0160704
         542    -5.26827    -5.58173   0.0160512
         543    -5.26683    -5.58115   0.0160321
         544    -5.26545    -5.58057   0.0160131
         545    -5.26443    -5.57999   0.0159943
         546    -5.26409    -5.57941   0.0159754
         547    -5.26295    -5.57883   0.0159567
         548    -5.26268    -5.57825    0.015938
         549    -5.26283    -5.57768   0.0159193
         550    -5.26327    -5.57711   0.0159006
         551    -5.26416    -5.57654   0.0158819
         552    -5.26473    -5.57597   0.0158632
         553    -5.26591    -5.57541   0.0158444
         554    -5.26724    -5.57486   0.0158256
         555    -5.26932    -5.57431   0.0158066
         556    -5.27199    -5.57376   0.0157876
         557    -5.27405    -5.57323   0.0157684
         558    -5.27715    -5.57269   0.0157491
         559    -5.28021    -5.57217   0.0157296
         560    -5.28292    -5.57166     0.01571
         561    -5.28588    -5.57115   0.0156902
         562    -5.28892    -5.57064   0.0156703
         563    -5.29263    -5.57015   0.0156503
         564      -5.297    -5.56967     0.01563
         565    -5.30125    -5.56919   0.0156096
         566    -5.30566    -5.56872   0.0155889
         567    -5.31008    -5.56827   0.0155681
         568    -5.31479    -5.56782   0.0155471
         569    -5.31977    -5.56739   0.0155259
         570    -5.32531    -5.56696   0.0155045
         571    -5.33018    -5.56655   0.0154828
         572    -5.33605    -5.56614    0.015461
         573    -5.34092    -5.56575    0.015439
         574    -5.34661    -5.56537   0.0154169
         575    -5.35173      -5.565   0.0153945
         576    -5.35674    -5.56464    0.015372
         577    -5.36208    -5.56428   0.0153494
         578    -5.36775    -5.56394   0.0153266
         579     -5.3739    -5.56362   0.0153037
         580    -5.37961     -5.5633   0.0152806
         581    -5.38534    -5.56299   0.0152573
         582    -5.39064     -5.5627    0.015234
         583    -5.39656    -5.56241   0.0152105
         584    -5.40175    -5.56214    0.015187
         585    -5.40741    -5.56187   0.0151633
         586    -5.41325    -5.56162   0.0151396
         587    -5.41897    -5.56138   0.0151157
         588    -5.42487    -5.56114   0.0150918
         589     -5.4311    -5.56092   0.0150678
         590    -5.43675    -5.56071   0.0150437
         591    -5.44259    -5.56051   0.0150196
         592    -5.44814    -5.56032   0.0149954
         593    -5.45446    -5.56014   0.0149712
         594    -5.46033    -5.55998   0.0149469
         595     -5.4659    -5.55982   0.0149226
         596    -5.47144    -5.55967   0.0148983
         597     -5.4771    -5.55953    0.014874
         598    -5.48239     -5.5594   0.0148497
         599    -5.48806    -5.55928   0.0148254
         600    -5.49347    -5.55917   0.0148011
         601    -5.49892    -5.55907   0.0147768
         602    -5.50422    -5.55898   0.0147525
         603    -5.50965     -5.5589   0.0147283
         604    -5.51445    -5.55883   0.0147041
         605     -5.5189    -5.55876   0.0146799
         606    -5.52327     -5.5587   0.0146558
         607    -5.52771    -5.55865   0.0146318
         608    -5.53129    -5.55861   0.0146078
         609    -5.53506    -5.55857   0.0145839
         610    -5.53811    -5.55853     0.01456
         611    -5.54088    -5.55851   0.0145362
         612    -5.54382    -5.55848   0.0145125
         613    -5.54588    -5.55846   0.0144888
         614    -5.54811    -5.55844   0.0144652
         615    -5.54978    -5.55843   0.0144417
         616    -5.55133    -5.55842   0.0144182
         617    -5.55263    -5.55841   0.0143949
         618    -5.55429     -5.5584   0.0143716
         619    -5.55513     -5.5584   0.0143484
         620    -5.55591    -5.55839   0.0143252
         621    -5.55696    -5.55839   0.0143022
         622    -5.55723    -5.55839   0.0142792
         623    -5.55766    -5.55839   0.0142563
         624    -5.55779    -5.55839   0.0142334
         625    -5.55842    -5.55839   0.0142106
         626     -5.5588    -5.55839   0.0141879
         627    -5.55805    -5.55839   0.0141653
         628    -5.55783    -5.55839   0.0141427
         629    -5.55726    -5.55838   0.0141203
         630    -5.55695    -5.55838   0.0140979
         631    -5.55693    -5.55838   0.0140755
         632    -5.55658    -5.55838   0.0140532
         633    -5.55622    -5.55837    0.014031
         634      -5.556    -5.55837   0.0140089
         635    -5.55577    -5.55837   0.0139868
         636    -5.55538    -5.55836   0.0139649
         637    -5.55514    -5.55836   0.0139429
         638    -5.55473    -5.55835   0.0139211
         639    -5.55432    -5.55834   0.0138993
         640    -5.55389    -5.55834   0.0138776
         641     -5.5539    -5.55833   0.0138559
         642    -5.55344    -5.55832   0.0138344
         643    -5.55281    -5.55831   0.0138128
         644    -5.55216     -5.5583   0.0137914
         645    -5.55149    -5.55829     0.01377
         646    -5.55081    -5.55828   0.0137487
         647    -5.55071    -5.55827   0.0137275
         648       -5.55    -5.55826   0.0137063
         649    -5.54943    -5.55824   0.0136852
         650    -5.54857    -5.55823   0.0136641
         651    -5.54803    -5.55821   0.0136431
         652    -5.54781     -5.5582   0.0136222
         653    -5.54732    -5.55818   0.0136014
         654    -5.54643    -5.55816   0.0135806
         655    -5.54618    -5.55814   0.0135599
         656    -5.54569    -5.55813   0.0135392
         657    -5.54497    -5.55811   0.0135186
         658    -5.54462    -5.55808   0.0134981
         659    -5.54404    -5.55806   0.0134776
         660    -5.54429    -5.55804   0.0134572
         661    -5.54416    -5.55802   0.0134369
         662    -5.54425      -5.558   0.0134166
         663     -5.5444    -5.55798   0.0133964
         664     -5.5449    -5.55796   0.0133762
         665    -5.54499    -5.55794   0.0133561
         666    -5.54556    -5.55792   0.0133361
         667    -5.54555     -5.5579   0.0133161
         668    -5.54553    -5.55789   0.0132962
         669    -5.54581    -5.55787   0.0132763
         670    -5.54606    -5.55785   0.0132565
         671    -5.54658    -5.55783   0.0132368
         672    -5.54659    -5.55782   0.0132171
         673    -5.54684     -5.5578   0.0131974
         674    -5.54673    -5.55778   0.0131779
         675    -5.54654    -5.55777   0.0131584
         676    -5.54643    -5.55775   0.0131389
         677    -5.54609    -5.55773   0.0131195
         678    -5.54537    -5.55771   0.0131002
         679    -5.54518     -5.5577   0.0130809
         680    -5.54462    -5.55768   0.0130617
         681    -5.54429    -5.55766   0.0130425
         682    -5.54391    -5.55764   0.0130234
         683    -5.54288    -5.55762   0.0130043
         684    -5.54227    -5.55759   0.0129854
         685    -5.54193    -5.55757   0.0129664
         686    -5.54129    -5.55755   0.0129475
         687    -5.54049    -5.55752   0.0129287
         688    -5.53971     -5.5575   0.0129099
         689    -5.53942    -5.55747   0.0128912
         690    -5.53918    -5.55744   0.0128726
         691    -5.53884    -5.55742    0.012854
         692    -5.53873    -5.55739   0.0128354
         693    -5.53856    -5.55736   0.0128169
         694    -5.53803    -5.55733   0.0127985
         695    -5.53791    -5.55731   0.0127801
         696    -5.53761    -5.55728   0.0127618
         697    -5.53773    -5.55725   0.0127435
         698    -5.53813    -5.55722   0.0127253
         699    -5.53837     -5.5572   0.0127071
         700    -5.53891    -5.55717    0.012689
         701    -5.53927    -5.55714   0.0126709
         702    -5.53992    -5.55712   0.0126529
         703    -5.54056     -5.5571   0.0126349
         704    -5.54177    -5.55707    0.012617
         705     -5.5431    -5.55705   0.0125991
         706    -5.54468    -5.55704   0.0125813
         707    -5.54591    -5.55702   0.0125635
         708    -5.54706    -5.55701   0.0125457
         709    -5.54904      -5.557    0.012528
         710    -5.55075    -5.55699   0.0125104
         711    -5.55235    -5.55698   0.0124928
         712    -5.55364    -5.55698   0.0124753
         713    -5.55522    -5.55697   0.0124578
         714    -5.55646    -5.55697   0.0124403
         715    -5.55795    -5.55697   0.0124229
         716    -5.55982    -5.55698   0.0124056
         717    -5.56144    -5.55698   0.0123883
         718    -5.56234    -5.55699    0.012371
         719     -5.5634      -5.557   0.0123538
         720    -5.56416    -5.55701   0.0123367
         721     -5.5652    -5.55702   0.0123196
         722    -5.56607    -5.55703   0.0123025
         723    -5.56689    -5.55705   0.0122855
         724    -5.56691    -5.55706   0.0122685
         725    -5.56672    -5.55707   0.0122516
         726    -5.56662    -5.55709   0.0122347
         727    -5.56615     -5.5571   0.0122179
         728    -5.56502    -5.55711   0.0122011
         729    -5.56413    -5.55712   0.0121844
         730    -5.56303    -5.55713   0.0121677
         731    -5.56233    -5.55714   0.0121511
         732    -5.56083    -5.55714   0.0121345
         733      -5.559    -5.55714   0.0121179
         734    -5.55744    -5.55714   0.0121014
         735    -5.55528    -5.55714    0.012085
         736    -5.55388    -5.55714   0.0120685
         737     -5.5513    -5.55713   0.0120522
         738    -5.54921    -5.55712   0.0120358
         739    -5.54674     -5.5571   0.0120196
         740    -5.54359    -5.55709   0.0120033
         741      -5.541    -5.55706   0.0119872
         742    -5.53839    -5.55704    0.011971
         743    -5.53638    -5.55701   0.0119549
         744    -5.53364    -5.55698   0.0119389
         745    -5.53125    -5.55695   0.0119229
         746    -5.52864    -5.55691    0.011907
         747    -5.52612    -5.55687   0.0118911
         748    -5.52372    -5.55682   0.0118753
         749    -5.52161    -5.55677   0.0118596
         750    -5.51982    -5.55673   0.0118439
         751    -5.51837    -5.55667   0.0118282
         752    -5.51697    -5.55662   0.0118126
         753    -5.51548    -5.55657    0.011797
         754    -5.51453    -5.55651   0.0117815
         755    -5.51397    -5.55646    0.011766
         756    -5.51366     -5.5564   0.0117506
         757    -5.51344    -5.55634   0.0117352
         758    -5.51302    -5.55628   0.0117199
         759    -5.51344    -5.55623   0.0117046
         760    -5.51425    -5.55617   0.0116893
         761    -5.51467    -5.55612   0.0116741
         762    -5.51544    -5.55606   0.0116589
         763    -5.51608    -5.55601   0.0116437
         764    -5.51733    -5.55596   0.0116286
         765    -5.51856    -5.55591   0.0116135
         766    -5.52004    -5.55587   0.0115984
         767     -5.5216    -5.55582   0.0115834
         768     -5.5229    -5.55578   0.0115684
         769    -5.52391    -5.55574   0.0115534
         770    -5.52568     -5.5557   0.0115385
         771     -5.5268    -5.55566   0.0115236
         772    -5.52787    -5.55562   0.0115087
         773    -5.52902    -5.55559   0.0114939
         774    -5.53022    -5.55556   0.0114791
         775    -5.53147    -5.55553   0.0114643
         776    -5.53275     -5.5555   0.0114496
         777    -5.53375    -5.55547   0.0114349
         778    -5.53402    -5.55544   0.0114202
         779    -5.53446    -5.55541   0.0114056
         780    -5.53491    -5.55539    0.011391
         781    -5.53523    -5.55536   0.0113764
         782    -5.53526    -5.55534   0.0113619
         783    -5.53563    -5.55531   0.0113474
         784    -5.53543    -5.55529    0.011333
         785    -5.53512    -5.55526   0.0113186
         786    -5.53457    -5.55523   0.0113042
         787    -5.53437    -5.55521   0.0112899
         788    -5.53365    -5.55518   0.0112756
         789    -5.53332    -5.55515   0.0112613
         790    -5.53279    -5.55512   0.0112471
         791    -5.53206     -5.5551   0.0112329
         792     -5.5316    -5.55507   0.0112188
         793    -5.53068    -5.55503   0.0112047
         794    -5.53036      -5.555   0.0111906
         795    -5.53006    -5.55497   0.0111766
         796    -5.52917    -5.55494   0.0111626
         797    -5.52863    -5.55491   0.0111486
         798    -5.52828    -5.55487   0.0111347
         799    -5.52709    -5.55484   0.0111208
         800    -5.52703     -5.5548    0.011107
         801    -5.52691    -5.55477   0.0110931
         802    -5.52718    -5.55473   0.0110794
         803    -5.52695     -5.5547   0.0110656
         804    -5.52743    -5.55467   0.0110519
         805    -5.52728    -5.55463   0.0110382
         806    -5.52725     -5.5546   0.0110246
         807    -5.52734    -5.55456    0.011011
         808    -5.52816    -5.55453   0.0109974
         809    -5.52866     -5.5545   0.0109839
         810    -5.52927    -5.55447   0.0109703
         811    -5.53031    -5.55444   0.0109569
         812    -5.53116    -5.55441   0.0109434
         813     -5.5321    -5.55438     0.01093
         814    -5.53345    -5.55436   0.0109166
         815    -5.53517    -5.55433   0.0109032
         816    -5.53622    -5.55431   0.0108899
         817    -5.53747    -5.55429   0.0108766
         818    -5.53892    -5.55427   0.0108633
         819    -5.54025    -5.55425     0.01085
         820    -5.54145    -5.55424   0.0108368
         821    -5.54312    -5.55423   0.0108236
         822    -5.54463    -5.55421   0.0108105
         823    -5.54598     -5.5542   0.0107973
         824    -5.54762     -5.5542   0.0107842
         825    -5.54938    -5.55419   0.0107712
         826    -5.55035    -5.55419   0.0107581
         827    -5.55159    -5.55418   0.0107451
         828    -5.55295    -5.55418   0.0107321
         829    -5.55426    -5.55418   0.0107192
         830    -5.55553    -5.55418   0.0107063
         831    -5.55647    -5.55419   0.0106934
         832    -5.55767    -5.55419   0.0106805
         833    -5.55884     -5.5542   0.0106677
         834    -5.56014     -5.5542   0.0106549
         835    -5.56111    -5.55421   0.0106422
         836    -5.56253    -5.55422   0.0106294
         837    -5.56393    -5.55423   0.0106167
         838    -5.56564    -5.55425   0.0106041
         839    -5.56691    -5.55426   0.0105915
         840    -5.56803    -5.55428   0.0105789
         841    -5.56916    -5.55429   0.0105663
         842    -5.57046    -5.55431   0.0105538
         843    -5.57148    -5.55433   0.0105413
         844    -5.57252    -5.55436   0.0105288
         845    -5.57359    -5.55438   0.0105164
         846    -5.57469     -5.5544    0.010504
         847    -5.57612    -5.55443   0.0104916
         848    -5.57713    -5.55446   0.0104793
         849    -5.57816    -5.55448   0.0104669
         850    -5.57968    -5.55451   0.0104547
         851    -5.58122    -5.55454   0.0104424
         852    -5.58217    -5.55458   0.0104302
         853     -5.5836    -5.55461   0.0104181
         854    -5.58505    -5.55465   0.0104059
         855    -5.58635    -5.55468   0.0103938
         856    -5.58857    -5.55472   0.0103817
         857    -5.59004    -5.55476   0.0103697
         858    -5.59166    -5.55481   0.0103577
         859    -5.59296    -5.55485   0.0103458
         860     -5.5944     -5.5549   0.0103338
         861    -5.59613    -5.55495   0.0103219
         862    -5.59752    -5.55499   0.0103101
         863    -5.59889    -5.55505   0.0102983
         864    -5.59991     -5.5551   0.0102865
         865    -5.60119    -5.55515   0.0102747
         866    -5.60211    -5.55521    0.010263
         867    -5.60268    -5.55526   0.0102513
         868    -5.60378    -5.55532   0.0102396
         869    -5.60465    -5.55537    0.010228
         870    -5.60605    -5.55543   0.0102164
         871    -5.60705    -5.55549   0.0102049
         872     -5.6075    -5.55555   0.0101933
         873    -5.60799    -5.55561   0.0101818
         874    -5.60852    -5.55567   0.0101704
         875    -5.60878    -5.55573   0.0101589
         876    -5.60906    -5.55579   0.0101475
         877    -5.60919    -5.55585   0.0101361
         878    -5.60903    -5.55591   0.0101248
         879    -5.60917    -5.55597   0.0101134
         880    -5.60885    -5.55603   0.0101021
         881    -5.60821    -5.55609   0.0100908
         882    -5.60741    -5.55615   0.0100795
         883    -5.60659    -5.55621   0.0100683
         884    -5.60528    -5.55626   0.0100571
         885    -5.60411    -5.55632   0.0100458
         886    -5.60214    -5.55637   0.0100346
         887     -5.6006    -5.55642   0.0100234
         888    -5.59902    -5.55647   0.0100123
         889    -5.59696    -5.55651   0.0100011
         890    -5.59471    -5.55656  0.00998997
         891    -5.59198     -5.5566  0.00997884
         892    -5.58937    -5.55663  0.00996772
         893    -5.58673    -5.55667  0.00995661
         894    -5.58421     -5.5567  0.00994552
         895    -5.58182    -5.55673  0.00993445
         896     -5.5791    -5.55675  0.00992339
         897    -5.57575    -5.55677  0.00991235
         898    -5.57176    -5.55679  0.00990133
         899    -5.56806     -5.5568  0.00989032
         900    -5.56463    -5.55681  0.00987934
         901    -5.56102    -5.55681  0.00986838
         902    -5.55662    -5.55681  0.00985743
         903    -5.55234    -5.55681  0.00984652
         904    -5.54787     -5.5568  0.00983563
         905    -5.54275    -5.55678  0.00982478
         906    -5.53774    -5.55676  0.00981395
         907    -5.53268    -5.55674  0.00980317
         908    -5.52695     -5.5567  0.00979243
         909    -5.52086    -5.55666  0.00978174
         910    -5.51544    -5.55662  0.00977109
         911    -5.50935    -5.55657   0.0097605
         912    -5.50301    -5.55651  0.00974998
         913    -5.49642    -5.55644  0.00973952
         914    -5.48943    -5.55637  0.00972914
         915    -5.48246    -5.55629  0.00971884
         916    -5.47507     -5.5562  0.00970864
         917    -5.46755     -5.5561  0.00969853
         918    -5.45959      -5.556  0.00968854
         919    -5.45149    -5.55588  0.00967866
         920     -5.4431    -5.55576  0.00966892
         921    -5.43411    -5.55563  0.00965932
         922    -5.42513    -5.55549  0.00964988
         923    -5.41602    -5.55534  0.00964061
         924    -5.40588    -5.55517  0.00963153
         925    -5.39564      -5.555  0.00962266
         926    -5.38515    -5.55482  0.00961402
         927    -5.37461    -5.55462  0.00960562
         928    -5.36388    -5.55442  0.00959746
         929      -5.353     -5.5542  0.00958958
         930    -5.34172    -5.55397  0.00958199
         931     -5.3304    -5.55373  0.00957471
         932    -5.31938    -5.55348  0.00956774
         933    -5.30827    -5.55322  0.00956109
         934     -5.2976    -5.55295  0.00955477
         935    -5.28699    -5.55266  0.00954878
         936    -5.27666    -5.55237  0.00954313
         937    -5.26729    -5.55206   0.0095378
         938    -5.25805    -5.55175  0.00953278
         939    -5.24856    -5.55143  0.00952809
         940    -5.24041    -5.55109   0.0095237
         941    -5.23306    -5.55076  0.00951957
         942    -5.22626    -5.55041   0.0095157
         943    -5.22036    -5.55006  0.00951204
         944    -5.21496    -5.54971  0.00950859
         945    -5.21007    -5.54935  0.00950532
         946    -5.20574    -5.54898   0.0095022
         947    -5.20317    -5.54862  0.00949918
         948    -5.20176    -5.54825  0.00949621
         949    -5.20061    -5.54789  0.00949326
         950     -5.2003    -5.54752  0.00949032
         951    -5.20083    -5.54716  0.00948734
         952      -5.202    -5.54679   0.0094843
         953    -5.20441    -5.54643  0.00948115
         954    -5.20742    -5.54608  0.00947787
         955      -5.211    -5.54573  0.00947444
         956    -5.21451    -5.54538  0.00947086
         957    -5.21973    -5.54504  0.00946707
         958    -5.22495    -5.54471  0.00946309
         959    -5.23118    -5.54438  0.00945886
         960    -5.23749    -5.54406  0.00945441
         961    -5.24456    -5.54375  0.00944971
         962    -5.25221    -5.54345  0.00944474
         963    -5.25992    -5.54315  0.00943952
         964     -5.2675    -5.54287  0.00943406
         965    -5.27579    -5.54259  0.00942834
         966    -5.28475    -5.54232  0.00942236
         967    -5.29356    -5.54206  0.00941613
         968    -5.30233    -5.54182  0.00940966
         969    -5.31102    -5.54158  0.00940296
         970    -5.32004    -5.54135  0.00939604
         971     -5.3289    -5.54113  0.00938891
         972    -5.33787    -5.54092  0.00938158
         973    -5.34648    -5.54072  0.00937407
         974    -5.35545    -5.54053  0.00936637
         975    -5.36432    -5.54035  0.00935851
         976    -5.37338    -5.54018  0.00935048
         977     -5.3823    -5.54002  0.00934231
         978    -5.39064    -5.53987  0.00933401
         979    -5.39868    -5.53972  0.00932559
         980    -5.40671    -5.53959  0.00931706
         981    -5.41488    -5.53946  0.00930843
         982    -5.42244    -5.53934  0.00929971
         983    -5.43027    -5.53923  0.00929091
         984    -5.43761    -5.53913  0.00928204
         985     -5.4452    -5.53903  0.00927311
         986    -5.45214    -5.53894  0.00926412
         987    -5.45885    -5.53886  0.00925509
         988    -5.46503    -5.53879  0.00924603
         989    -5.47111    -5.53872  0.00923693
         990    -5.47722    -5.53866  0.00922781
         991    -5.48291     -5.5386  0.00921867
         992    -5.48831    -5.53855  0.00920952
         993    -5.49341     -5.5385  0.00920035
         994    -5.49834    -5.53846  0.00919119
         995    -5.50308    -5.53843  0.00918202
         996    -5.50703     -5.5384  0.00917285
         997    -5.51063    -5.53837   0.0091637
         998    -5.51447    -5.53834  0.00915455
         999    -5.51749    -5.53832  0.00914541
        1000    -5.52015    -5.53831  0.00913628
        1001    -5.52259    -5.53829  0.00912716
        1002    -5.52406    -5.53828  0.00911807
        1003    -5.52592    -5.53826  0.00910898
        1004    -5.52696    -5.53825  0.00909992
        1005    -5.52812    -5.53824  0.00909087
        1006    -5.52878    -5.53823  0.00908184
        1007     -5.5285    -5.53822  0.00907282
        1008    -5.52791    -5.53821  0.00906383
        1009    -5.52747     -5.5382  0.00905485
        1010    -5.52583    -5.53819   0.0090459
        1011    -5.52496    -5.53818  0.00903696
        1012    -5.52367    -5.53816  0.00902804
        1013    -5.52181    -5.53815  0.00901914
        1014    -5.51999    -5.53813  0.00901026
        1015    -5.51792    -5.53811  0.00900141
        1016    -5.51544    -5.53809  0.00899258
        1017    -5.51303    -5.53806  0.00898377
        1018    -5.51007    -5.53803  0.00897499
        1019    -5.50748      -5.538  0.00896623
        1020    -5.50419    -5.53797   0.0089575
        1021     -5.5008    -5.53793   0.0089488
        1022    -5.49687    -5.53789  0.00894013
        1023    -5.49301    -5.53785   0.0089315
        1024    -5.48859     -5.5378  0.00892291
        1025    -5.48304    -5.53775  0.00891436
        1026    -5.47816    -5.53769  0.00890587
        1027    -5.47352    -5.53763  0.00889741
        1028    -5.46821    -5.53756  0.00888901
        1029    -5.46285    -5.53749  0.00888067
        1030    -5.45747    -5.53741  0.00887239
        1031    -5.45148    -5.53733  0.00886418
        1032    -5.44581    -5.53724  0.00885603
        1033    -5.43988    -5.53714  0.00884796
        1034    -5.43404    -5.53704  0.00883996
        1035     -5.4271    -5.53694  0.00883206
        1036    -5.42137    -5.53683  0.00882424
        1037    -5.41537    -5.53671  0.00881651
        1038    -5.40931    -5.53659  0.00880887
        1039    -5.40353    -5.53646  0.00880132
        1040    -5.39866    -5.53633  0.00879385
        1041     -5.3928    -5.53619  0.00878649
        1042    -5.38796    -5.53605  0.00877921
        1043     -5.3834     -5.5359  0.00877201
        1044    -5.37904    -5.53575  0.00876489
        1045    -5.37475     -5.5356  0.00875786
        1046    -5.37131    -5.53544   0.0087509
        1047    -5.36787    -5.53528    0.008744
        1048    -5.36504    -5.53512  0.00873717
        1049     -5.3627    -5.53495  0.00873038
        1050    -5.36132    -5.53479  0.00872363
        1051       -5.36    -5.53462  0.00871692
        1052    -5.35995    -5.53445  0.00871021
        1053    -5.35968    -5.53429  0.00870352
        1054    -5.36037    -5.53412  0.00869683
        1055    -5.36113    -5.53396  0.00869013
        1056    -5.36253     -5.5338  0.00868342
        1057    -5.36441    -5.53364  0.00867668
        1058    -5.36675    -5.53348  0.00866992
        1059    -5.36937    -5.53332  0.00866311
        1060    -5.37224    -5.53317  0.00865627
        1061    -5.37563    -5.53302  0.00864939
        1062    -5.37936    -5.53288  0.00864245
        1063    -5.38355    -5.53274  0.00863547
        1064    -5.38741     -5.5326  0.00862843
        1065    -5.39226    -5.53247  0.00862133
        1066    -5.39671    -5.53234  0.00861419
        1067    -5.40193    -5.53222  0.00860698
        1068    -5.40684     -5.5321  0.00859972
        1069      -5.412    -5.53199  0.00859241
        1070    -5.41753    -5.53188  0.00858505
        1071    -5.42266    -5.53178  0.00857764
        1072    -5.42796    -5.53168  0.00857018
        1073    -5.43326    -5.53159  0.00856269
        1074    -5.43869    -5.53151  0.00855515
        1075    -5.44391    -5.53142  0.00854758
        1076    -5.44892    -5.53135  0.00853998
        1077    -5.45476    -5.53128  0.00853235
        1078    -5.46037    -5.53121  0.00852469
        1079    -5.46556    -5.53115    0.008517
        1080    -5.47035    -5.53109   0.0085093
        1081    -5.47531    -5.53104  0.00850159
        1082     -5.4797      -5.531  0.00849386
        1083    -5.48411    -5.53095  0.00848613
        1084    -5.48793    -5.53091  0.00847839
        1085    -5.49192    -5.53088  0.00847066
        1086    -5.49608    -5.53084  0.00846292
        1087    -5.50024    -5.53082  0.00845518
        1088    -5.50397    -5.53079  0.00844744
        1089    -5.50755    -5.53077  0.00843971
        1090     -5.5113    -5.53075  0.00843199
        1091    -5.51477    -5.53074  0.00842427
        1092     -5.5178    -5.53073  0.00841657
        1093    -5.52069    -5.53072  0.00840887
        1094    -5.52316    -5.53071  0.00840119
        1095    -5.52594    -5.53071  0.00839352
        1096     -5.5286     -5.5307  0.00838586
        1097    -5.53158     -5.5307  0.00837821
        1098    -5.53444    -5.53071  0.00837058
        1099    -5.53642    -5.53071  0.00836297
        1100    -5.53888    -5.53072  0.00835537
        1101     -5.5406    -5.53073  0.00834778
        1102     -5.5422    -5.53074  0.00834022
        1103    -5.54397    -5.53075  0.00833266
        1104    -5.54531    -5.53076  0.00832513
        1105    -5.54665    -5.53078   0.0083176
        1106    -5.54755    -5.53079   0.0083101
        1107     -5.5486    -5.53081  0.00830261
        1108    -5.54965    -5.53083  0.00829513
        1109    -5.55038    -5.53084  0.00828767
        1110    -5.55125    -5.53086  0.00828022
        1111    -5.55224    -5.53088  0.00827279
        1112    -5.55289     -5.5309  0.00826538
        1113    -5.55305    -5.53092  0.00825798
        1114    -5.55332    -5.53094  0.00825059
        1115    -5.55307    -5.53096  0.00824321
        1116    -5.55277    -5.53098  0.00823585
        1117    -5.55164      -5.531   0.0082285
        1118    -5.55074    -5.53102  0.00822115
        1119    -5.54961    -5.53103  0.00821382
        1120     -5.5481    -5.53105   0.0082065
        1121    -5.54652    -5.53106   0.0081992
        1122    -5.54456    -5.53108   0.0081919
        1123    -5.54268    -5.53109  0.00818461
        1124    -5.54044    -5.53109  0.00817733
        1125    -5.53798     -5.5311  0.00817006
        1126    -5.53532     -5.5311  0.00816281
        1127    -5.53262    -5.53111  0.00815557
        1128     -5.5296     -5.5311  0.00814834
        1129     -5.5258     -5.5311  0.00814112
        1130    -5.52217    -5.53109  0.00813392
        1131    -5.51885    -5.53108  0.00812674
        1132    -5.51526    -5.53107  0.00811957
        1133    -5.51126    -5.53105  0.00811242
        1134    -5.50719    -5.53103  0.00810529
        1135    -5.50334      -5.531  0.00809819
        1136    -5.49974    -5.53098  0.00809111
        1137     -5.4964    -5.53095  0.00808405
        1138    -5.49289    -5.53091  0.00807701
        1139     -5.4886    -5.53088  0.00807001
        1140    -5.48385    -5.53083  0.00806303
        1141    -5.48017    -5.53079  0.00805609
        1142     -5.4762    -5.53074  0.00804918
        1143     -5.4721    -5.53069   0.0080423
        1144    -5.46787    -5.53064  0.00803546
        1145    -5.46368    -5.53058  0.00802865
        1146    -5.45953    -5.53052  0.00802189
        1147    -5.45602    -5.53045  0.00801515
        1148    -5.45226    -5.53038  0.00800846
        1149    -5.44824    -5.53031  0.00800181
        1150    -5.44443    -5.53024   0.0079952
        1151    -5.44158    -5.53016  0.00798863
        1152    -5.43788    -5.53008  0.00798209
        1153    -5.43425       -5.53   0.0079756
        1154    -5.43083    -5.52991  0.00796915
        1155    -5.42765    -5.52982  0.00796275
        1156    -5.42424    -5.52973  0.00795638
        1157    -5.42139    -5.52964  0.00795006
        1158    -5.41833    -5.52954  0.00794377
        1159    -5.41508    -5.52944  0.00793753
        1160     -5.4121    -5.52934  0.00793133
        1161    -5.40986    -5.52924  0.00792517
        1162    -5.40687    -5.52913  0.00791905
        1163    -5.40465    -5.52902  0.00791296
        1164    -5.40276    -5.52892  0.00790691
        1165    -5.40046    -5.52881  0.00790089
        1166    -5.39898    -5.52869   0.0078949
        1167    -5.39727    -5.52858  0.00788894
        1168    -5.39596    -5.52847    0.007883
        1169    -5.39521    -5.52835  0.00787708
        1170    -5.39475    -5.52824  0.00787118
        1171    -5.39381    -5.52813  0.00786529
        1172    -5.39408    -5.52801  0.00785941
        1173    -5.39375     -5.5279  0.00785355
        1174    -5.39464    -5.52778  0.00784768
        1175    -5.39553    -5.52767   0.0078418
        1176    -5.39657    -5.52756  0.00783593
        1177    -5.39821    -5.52745  0.00783004
        1178    -5.39967    -5.52734  0.00782415
        1179    -5.40153    -5.52723  0.00781824
        1180    -5.40347    -5.52713  0.00781231
        1181    -5.40576    -5.52703  0.00780638
        1182    -5.40881    -5.52693  0.00780041
        1183    -5.41108    -5.52683  0.00779443
        1184     -5.4142    -5.52673  0.00778843
        1185    -5.41705    -5.52664  0.00778241
        1186    -5.41931    -5.52655  0.00777637
        1187    -5.42274    -5.52646  0.00777031
        1188    -5.42536    -5.52638  0.00776424
        1189    -5.42757    -5.52629  0.00775815
        1190    -5.43011    -5.52621  0.00775205
        1191    -5.43235    -5.52614  0.00774595
        1192    -5.43442    -5.52606  0.00773983
        1193    -5.43661    -5.52598  0.00773371
        1194    -5.43846    -5.52591  0.00772758
        1195    -5.43996    -5.52584  0.00772144
        1196    -5.44157    -5.52577  0.00771531
        1197     -5.4427     -5.5257  0.00770918
        1198    -5.44364    -5.52563  0.00770304
        1199    -5.44412    -5.52556  0.00769692
        1200    -5.44459    -5.52549   0.0076908
        1201    -5.44569    -5.52543  0.00768469
        1202    -5.44638    -5.52536  0.00767857
        1203    -5.44636     -5.5253  0.00767247
        1204    -5.44672    -5.52523  0.00766638
        1205    -5.44703    -5.52517  0.00766029
        1206    -5.44699     -5.5251  0.00765421
        1207    -5.44723    -5.52504  0.00764814
        1208    -5.44685    -5.52497  0.00764208
        1209    -5.44694    -5.52491  0.00763604
        1210     -5.4472    -5.52484     0.00763
        1211     -5.4478    -5.52478  0.00762396
        1212    -5.44783    -5.52472  0.00761793
        1213    -5.44777    -5.52465  0.00761192
        1214    -5.44761    -5.52459  0.00760591
        1215    -5.44751    -5.52453  0.00759992
        1216    -5.44732    -5.52446  0.00759393
        1217    -5.44766     -5.5244  0.00758795
        1218    -5.44836    -5.52434  0.00758198
        1219    -5.44867    -5.52427  0.00757602
        1220    -5.44965    -5.52421  0.00757005
        1221    -5.44994    -5.52415   0.0075641
        1222    -5.45073    -5.52409  0.00755815
        1223    -5.45187    -5.52403   0.0075522
        1224     -5.4526    -5.52398  0.00754625
        1225    -5.45382    -5.52392  0.00754031
        1226    -5.45431    -5.52386  0.00753437
        1227    -5.45512    -5.52381  0.00752844
        1228     -5.4558    -5.52375  0.00752251
        1229    -5.45709     -5.5237  0.00751659
        1230    -5.45764    -5.52364  0.00751067
        1231    -5.45848    -5.52359  0.00750475
        1232    -5.45963    -5.52354  0.00749884
        1233    -5.46047    -5.52349  0.00749293
        1234    -5.46114    -5.52344  0.00748703
        1235    -5.46211    -5.52339  0.00748114
        1236    -5.46292    -5.52334  0.00747524
        1237    -5.46371    -5.52329  0.00746935
        1238    -5.46448    -5.52324  0.00746347
        1239    -5.46555    -5.52319  0.00745759
        1240    -5.46599    -5.52315  0.00745172
        1241    -5.46732     -5.5231  0.00744585
        1242    -5.46789    -5.52306  0.00743999
        1243    -5.46904    -5.52302  0.00743413
        1244    -5.46971    -5.52297  0.00742828
        1245    -5.47082    -5.52293  0.00742243
        1246    -5.47145    -5.52289  0.00741659
        1247    -5.47281    -5.52285  0.00741075
        1248    -5.47369    -5.52281  0.00740492
        1249    -5.47422    -5.52277  0.00739909
        1250    -5.47487    -5.52273  0.00739327
        1251    -5.47501    -5.52269  0.00738746
        1252    -5.47556    -5.52266  0.00738165
        1253    -5.47649    -5.52262  0.00737586
        1254    -5.47705    -5.52258  0.00737006
        1255    -5.47753    -5.52255  0.00736428
        1256    -5.47732    -5.52251   0.0073585
        1257    -5.47747    -5.52248  0.00735274
        1258    -5.47767    -5.52244  0.00734698
        1259    -5.47745     -5.5224  0.00734123
        1260    -5.47756    -5.52237  0.00733549
        1261    -5.47663    -5.52233  0.00732976
        1262    -5.47662     -5.5223  0.00732404
        1263     -5.4757    -5.52226  0.00731834
        1264    -5.47508    -5.52222  0.00731264
        1265     -5.4743    -5.52218  0.00730696
        1266    -5.47335    -5.52215  0.00730129
        1267    -5.47223    -5.52211  0.00729563
        1268    -5.47033    -5.52207  0.00728999
        1269    -5.46886    -5.52202  0.00728437
        1270    -5.46707    -5.52198  0.00727876
        1271    -5.46512    -5.52194  0.00727317
        1272      -5.463    -5.52189   0.0072676
        1273    -5.46057    -5.52184  0.00726205
        1274    -5.45815    -5.52179  0.00725653
        1275    -5.45575    -5.52174  0.00725102
        1276    -5.45337    -5.52169  0.00724553
        1277    -5.45088    -5.52163  0.00724007
        1278    -5.44815    -5.52157  0.00723464
        1279    -5.44564    -5.52151  0.00722922
        1280    -5.44247    -5.52145  0.00722384
        1281    -5.43956    -5.52139  0.00721848
        1282    -5.43663    -5.52132  0.00721315
        1283    -5.43415    -5.52125  0.00720785
        1284    -5.43109    -5.52118  0.00720258
        1285    -5.42793    -5.52111  0.00719734
        1286    -5.42484    -5.52104  0.00719213
        1287    -5.42183    -5.52096  0.00718696
        1288    -5.41924    -5.52088  0.00718181
        1289    -5.41754     -5.5208  0.00717669
        1290    -5.41524    -5.52072  0.00717159
        1291    -5.41296    -5.52063  0.00716652
        1292    -5.41057    -5.52055  0.00716148
        1293      -5.409    -5.52046  0.00715646
        1294     -5.4075    -5.52038  0.00715146
        1295    -5.40623    -5.52029  0.00714649
        1296    -5.40568     -5.5202  0.00714152
        1297    -5.40463    -5.52011  0.00713657
        1298     -5.4034    -5.52002  0.00713164
        1299    -5.40335    -5.51993  0.00712671
        1300    -5.40298    -5.51984   0.0071218
        1301    -5.40273    -5.51975  0.00711689
        1302    -5.40292    -5.51966  0.00711199
        1303    -5.40368    -5.51957  0.00710709
        1304    -5.40471    -5.51948  0.00710219
        1305    -5.40616     -5.5194  0.00709727
        1306     -5.4083    -5.51931  0.00709235
        1307    -5.41053    -5.51923  0.00708741
        1308    -5.41299    -5.51915  0.00708246
        1309    -5.41473    -5.51907   0.0070775
        1310    -5.41667    -5.51899  0.00707253
        1311    -5.41936    -5.51891  0.00706754
        1312     -5.4222    -5.51884  0.00706254
        1313    -5.42515    -5.51877  0.00705752
        1314    -5.42834     -5.5187  0.00705248
        1315    -5.43099    -5.51863  0.00704744
        1316    -5.43383    -5.51857  0.00704238
        1317    -5.43713    -5.51851   0.0070373
        1318    -5.44011    -5.51845  0.00703221
        1319    -5.44349    -5.51839  0.00702711
        1320     -5.4468    -5.51834    0.007022
        1321    -5.44957    -5.51828  0.00701687
        1322    -5.45237    -5.51823  0.00701174
        1323    -5.45488    -5.51819  0.00700661
        1324    -5.45708    -5.51814  0.00700147
        1325    -5.45911     -5.5181  0.00699632
        1326    -5.46094    -5.51805  0.00699118
        1327    -5.46273    -5.51801  0.00698604
        1328    -5.46401    -5.51797  0.00698089
        1329    -5.46568    -5.51793  0.00697575
        1330    -5.46653    -5.51789  0.00697061
        1331    -5.46777    -5.51785  0.00696548
        1332     -5.4685    -5.51782  0.00696035
        1333    -5.46887    -5.51778  0.00695522
        1334    -5.46934    -5.51774   0.0069501
        1335    -5.46964    -5.51771  0.00694499
        1336    -5.46962    -5.51767  0.00693989
        1337     -5.4696    -5.51764  0.00693479
        1338    -5.46961     -5.5176   0.0069297
        1339    -5.46966    -5.51756  0.00692462
        1340    -5.46949    -5.51753  0.00691954
        1341     -5.4685    -5.51749  0.00691448
        1342    -5.46838    -5.51746  0.00690942
        1343    -5.46765    -5.51742  0.00690438
        1344    -5.46709    -5.51738  0.00689934
        1345    -5.46657    -5.51734  0.00689431
        1346    -5.46582     -5.5173   0.0068893
        1347    -5.46576    -5.51727  0.00688429
        1348    -5.46613    -5.51723  0.00687929
        1349    -5.46557    -5.51719   0.0068743
        1350    -5.46547    -5.51715  0.00686931
        1351    -5.46539    -5.51711  0.00686433
        1352    -5.46595    -5.51708  0.00685936
        1353    -5.46626    -5.51704  0.00685439
        1354    -5.46723      -5.517  0.00684943
        1355    -5.46873    -5.51697  0.00684447
        1356       -5.47    -5.51693  0.00683951
        1357    -5.47119     -5.5169  0.00683455
        1358    -5.47247    -5.51686   0.0068296
        1359    -5.47473    -5.51683  0.00682464
        1360    -5.47662     -5.5168  0.00681969
        1361    -5.47858    -5.51678  0.00681473
        1362    -5.48062    -5.51675  0.00680978
        1363    -5.48317    -5.51672  0.00680483
        1364    -5.48562     -5.5167  0.00679988
        1365    -5.48902    -5.51668  0.00679493
        1366     -5.4923    -5.51666  0.00678998
        1367    -5.49621    -5.51665  0.00678503
        1368    -5.50012    -5.51664  0.00678008
        1369    -5.50433    -5.51663  0.00677513
        1370    -5.50822    -5.51662  0.00677019
        1371    -5.51268    -5.51662  0.00676525
        1372    -5.51679    -5.51662  0.00676032
        1373    -5.52084    -5.51662   0.0067554
        1374    -5.52542    -5.51663  0.00675048
        1375    -5.52961    -5.51664  0.00674558
        1376    -5.53399    -5.51665  0.00674069
        1377    -5.53855    -5.51667  0.00673581
        1378    -5.54357    -5.51669  0.00673095
        1379    -5.54814    -5.51671  0.00672611
        1380    -5.55254    -5.51673  0.00672129
        1381     -5.5569    -5.51676  0.00671648
        1382    -5.56122     -5.5168   0.0067117
        1383    -5.56547    -5.51683  0.00670694
        1384    -5.57025    -5.51687   0.0067022
        1385    -5.57417    -5.51691  0.00669749
        1386     -5.5783    -5.51696  0.00669281
        1387    -5.58245      -5.517  0.00668815
        1388    -5.58646    -5.51705  0.00668352
        1389    -5.59002    -5.51711  0.00667891
        1390    -5.59371    -5.51716  0.00667433
        1391    -5.59691    -5.51722  0.00666978
        1392    -5.59991    -5.51728  0.00666525
        1393    -5.60315    -5.51734  0.00666076
        1394     -5.6057     -5.5174  0.00665628
        1395    -5.60831    -5.51747  0.00665183
        1396     -5.6108    -5.51753   0.0066474
        1397    -5.61288     -5.5176  0.00664299
        1398     -5.6139    -5.51767  0.00663859
        1399    -5.61568    -5.51774  0.00663422
        1400    -5.61669    -5.51781  0.00662986
        1401    -5.61721    -5.51788   0.0066255
        1402    -5.61769    -5.51795  0.00662116
        1403    -5.61796    -5.51803  0.00661683
        1404    -5.61725     -5.5181  0.00661249
        1405    -5.61617    -5.51817  0.00660815
        1406    -5.61501    -5.51823  0.00660381
        1407     -5.6136     -5.5183  0.00659946
        1408     -5.6115    -5.51837  0.00659511
        1409    -5.60929    -5.51843  0.00659074
        1410    -5.60683     -5.5185  0.00658637
        1411    -5.60337    -5.51856  0.00658198
        1412    -5.59997    -5.51861  0.00657757
        1413    -5.59647    -5.51867  0.00657314
        1414    -5.59183    -5.51872   0.0065687
        1415    -5.58743    -5.51877  0.00656423
        1416    -5.58221    -5.51881  0.00655975
        1417    -5.57666    -5.51885  0.00655525
        1418    -5.57123    -5.51889  0.00655073
        1419    -5.56521    -5.51892   0.0065462
        1420    -5.55907    -5.51895  0.00654165
        1421    -5.55269    -5.51898  0.00653709
        1422     -5.5458      -5.519  0.00653252
        1423     -5.5389    -5.51901  0.00652794
        1424    -5.53141    -5.51902  0.00652336
        1425    -5.52429    -5.51902  0.00651879
        1426    -5.51682    -5.51902  0.00651421
        1427    -5.50951    -5.51901  0.00650965
        1428    -5.50256      -5.519   0.0065051
        1429     -5.4957    -5.51899  0.00650057
        1430    -5.48929    -5.51896  0.00649606
        1431    -5.48247    -5.51894  0.00649157
        1432    -5.47588    -5.51891  0.00648711
        1433    -5.47002    -5.51888  0.00648267
        1434    -5.46388    -5.51884  0.00647826
        1435    -5.45792    -5.51879  0.00647389
        1436     -5.4531    -5.51875  0.00646954
        1437    -5.44852     -5.5187  0.00646522
        1438    -5.44421    -5.51865  0.00646093
        1439    -5.44078    -5.51859  0.00645667
        1440    -5.43763    -5.51854  0.00645243
        1441    -5.43447    -5.51848  0.00644822
        1442    -5.43159    -5.51842  0.00644403
        1443    -5.42973    -5.51836  0.00643986
        1444      -5.428     -5.5183   0.0064357
        1445    -5.42666    -5.51823  0.00643156
        1446    -5.42571    -5.51817  0.00642743
        1447    -5.42559     -5.5181   0.0064233
        1448    -5.42538    -5.51804  0.00641919
        1449     -5.4255    -5.51798  0.00641508
        1450    -5.42595    -5.51791  0.00641097
        1451    -5.42641    -5.51785  0.00640686
        1452    -5.42746    -5.51779  0.00640275
        1453    -5.42879    -5.51773  0.00639863
        1454    -5.43068    -5.51767  0.00639451
        1455    -5.43267    -5.51761  0.00639038
        1456    -5.43489    -5.51755  0.00638625
        1457    -5.43672     -5.5175  0.00638211
        1458    -5.43966    -5.51744  0.00637795
        1459    -5.44263    -5.51739  0.00637379
        1460    -5.44531    -5.51734  0.00636961
        1461    -5.44829    -5.51729  0.00636543
        1462    -5.45123    -5.51725  0.00636123
        1463    -5.45443    -5.51721  0.00635703
        1464     -5.4577    -5.51717  0.00635282
        1465    -5.46102    -5.51713   0.0063486
        1466    -5.46452    -5.51709  0.00634437
        1467    -5.46771    -5.51706  0.00634013
        1468    -5.47057    -5.51703  0.00633589
        1469    -5.47384      -5.517  0.00633165
        1470    -5.47642    -5.51697   0.0063274
        1471     -5.4798    -5.51694  0.00632315
        1472    -5.48291    -5.51692   0.0063189
        1473    -5.48557     -5.5169  0.00631464
        1474    -5.48837    -5.51688  0.00631039
        1475    -5.49069    -5.51686  0.00630614
        1476    -5.49297    -5.51685  0.00630188
        1477     -5.4952    -5.51683  0.00629763
        1478    -5.49692    -5.51682  0.00629339
        1479    -5.49873    -5.51681  0.00628915
        1480    -5.50063    -5.51679  0.00628491
        1481    -5.50203    -5.51678  0.00628067
        1482    -5.50277    -5.51677  0.00627644
        1483    -5.50347    -5.51677  0.00627221
        1484    -5.50385    -5.51676  0.00626799
        1485    -5.50406    -5.51675  0.00626378
        1486    -5.50457    -5.51674  0.00625957
        1487    -5.50451    -5.51673  0.00625536
        1488    -5.50434    -5.51672  0.00625116
        1489    -5.50439    -5.51672  0.00624697
        1490    -5.50407    -5.51671  0.00624279
        1491    -5.50416     -5.5167   0.0062386
        1492    -5.50393    -5.51669  0.00623443
        1493    -5.50399    -5.51668  0.00623026
        1494    -5.50392    -5.51667  0.00622609
        1495    -5.50417    -5.51666  0.00622194
        1496    -5.50416    -5.51666  0.00621778
        1497    -5.50435    -5.51665  0.00621363
        1498    -5.50429    -5.51664  0.00620949
        1499     -5.5049    -5.51663  0.00620535
        1500    -5.50512    -5.51662  0.00620122
        1501    -5.50553    -5.51662  0.00619709
        1502    -5.50585    -5.51661  0.00619297
        1503    -5.50605     -5.5166  0.00618886
        1504    -5.50629     -5.5166  0.00618475
        1505    -5.50608    -5.51659  0.00618064
        1506    -5.50663    -5.51658  0.00617654
        1507    -5.50672    -5.51658  0.00617244
        1508    -5.50723    -5.51657  0.00616835
        1509    -5.50755    -5.51656  0.00616427
        1510    -5.50766    -5.51656  0.00616019
        1511    -5.50786    -5.51655  0.00615612
        1512    -5.50798    -5.51655  0.00615205
        1513    -5.50802    -5.51654  0.00614798
        1514    -5.50796    -5.51654  0.00614392
        1515    -5.50737    -5.51653  0.00613987
        1516    -5.50728    -5.51652  0.00613583
        1517    -5.50711    -5.51652  0.00613178
        1518     -5.5067    -5.51651  0.00612775
        1519    -5.50637     -5.5165  0.00612372
        1520    -5.50583     -5.5165  0.00611969
        1521     -5.5057    -5.51649  0.00611567
        1522    -5.50478    -5.51648  0.00611166
        1523    -5.50415    -5.51647  0.00610765
        1524    -5.50337    -5.51647  0.00610365
        1525    -5.50308    -5.51646  0.00609965
        1526    -5.50253    -5.51645  0.00609566
        1527     -5.5022    -5.51644  0.00609168
        1528     -5.5015    -5.51643   0.0060877
        1529    -5.50092    -5.51642  0.00608373
        1530    -5.50077    -5.51641  0.00607976
        1531    -5.50093     -5.5164   0.0060758
        1532    -5.50141    -5.51639  0.00607184
        1533    -5.50146    -5.51638  0.00606789
        1534    -5.50247    -5.51637  0.00606394
        1535    -5.50292    -5.51636  0.00605999
        1536     -5.5039    -5.51635  0.00605605
        1537    -5.50493    -5.51634  0.00605212
        1538    -5.50633    -5.51634  0.00604819
        1539    -5.50764    -5.51633  0.00604426
        1540    -5.50945    -5.51633  0.00604034
        1541    -5.51131    -5.51632  0.00603642
        1542    -5.51381    -5.51632   0.0060325
        1543    -5.51617    -5.51632  0.00602859
        1544    -5.51823    -5.51632  0.00602469
        1545    -5.52011    -5.51633  0.00602079
        1546    -5.52239    -5.51633   0.0060169
        1547     -5.5252    -5.51634  0.00601301
        1548    -5.52865    -5.51634  0.00600913
        1549    -5.53107    -5.51635  0.00600526
        1550    -5.53362    -5.51636  0.00600139
        1551    -5.53582    -5.51638  0.00599754
        1552    -5.53855    -5.51639  0.00599369
        1553    -5.54148    -5.51641  0.00598985
        1554    -5.54413    -5.51643  0.00598603
        1555    -5.54646    -5.51645  0.00598221
        1556    -5.54891    -5.51647   0.0059784
        1557    -5.55086    -5.51649   0.0059746
        1558    -5.55318    -5.51651  0.00597081
        1559    -5.55497    -5.51654  0.00596703
        1560    -5.55634    -5.51656  0.00596326
        1561    -5.55744    -5.51659   0.0059595
        1562    -5.55812    -5.51661  0.00595574
        1563    -5.55867    -5.51664  0.00595199
        1564    -5.55879    -5.51667  0.00594825
        1565    -5.55849     -5.5167  0.00594451
        1566    -5.55791    -5.51672  0.00594077
        1567    -5.55707    -5.51675  0.00593704
        1568    -5.55598    -5.51677   0.0059333
        1569    -5.55466     -5.5168  0.00592957
        1570    -5.55341    -5.51682  0.00592584
        1571    -5.55211    -5.51684  0.00592211
        1572    -5.55018    -5.51686  0.00591838
        1573    -5.54824    -5.51688  0.00591465
        1574      -5.546     -5.5169  0.00591092
        1575    -5.54364    -5.51692  0.00590719
        1576    -5.54163    -5.51693  0.00590347
        1577    -5.53925    -5.51695  0.00589974
        1578    -5.53635    -5.51696  0.00589601
        1579    -5.53357    -5.51697  0.00589229
        1580    -5.53138    -5.51698  0.00588857
        1581    -5.52935    -5.51699  0.00588485
        1582    -5.52688    -5.51699  0.00588113
        1583      -5.524      -5.517  0.00587742
        1584    -5.52177      -5.517  0.00587371
        1585    -5.51977      -5.517     0.00587
        1586    -5.51724      -5.517   0.0058663
        1587    -5.51481      -5.517   0.0058626
        1588    -5.51264      -5.517  0.00585891
        1589    -5.51043      -5.517  0.00585523
        1590    -5.50866    -5.51699  0.00585155
        1591    -5.50672    -5.51698  0.00584787
        1592    -5.50522    -5.51698   0.0058442
        1593    -5.50403    -5.51697  0.00584054
        1594    -5.50299    -5.51696  0.00583688
        1595    -5.50226    -5.51695  0.00583323
        1596     -5.5002    -5.51694  0.00582959
        1597    -5.49936    -5.51693  0.00582595
        1598    -5.49898    -5.51692  0.00582231
        1599    -5.49877    -5.51691  0.00581868
        1600    -5.49841    -5.51689  0.00581506
        1601    -5.49835    -5.51688  0.00581144
        1602    -5.49844    -5.51687  0.00580782
        1603    -5.49866    -5.51686  0.00580421
        1604      -5.499    -5.51685   0.0058006
        1605    -5.49929    -5.51684    0.005797
        1606    -5.49998    -5.51683   0.0057934
        1607     -5.5006    -5.51682   0.0057898
        1608    -5.50111    -5.51681  0.00578621
        1609    -5.50152     -5.5168  0.00578262
        1610    -5.50209    -5.51679  0.00577903
        1611    -5.50266    -5.51678  0.00577545
        1612    -5.50336    -5.51677  0.00577188
        1613    -5.50448    -5.51676   0.0057683
        1614    -5.50524    -5.51676  0.00576473
        1615    -5.50562    -5.51675  0.00576117
        1616    -5.50607    -5.51674  0.00575761
        1617    -5.50656    -5.51674  0.00575405
        1618    -5.50664    -5.51673   0.0057505
        1619    -5.50675    -5.51673  0.00574695
        1620    -5.50642    -5.51672   0.0057434
        1621    -5.50595    -5.51671  0.00573987
        1622    -5.50579    -5.51671  0.00573633
        1623    -5.50532     -5.5167   0.0057328
        1624    -5.50455    -5.51669  0.00572928
        1625    -5.50391    -5.51668  0.00572576
        1626    -5.50282    -5.51667  0.00572224
        1627    -5.50201    -5.51667  0.00571873
        1628    -5.50043    -5.51666  0.00571523
        1629    -5.49914    -5.51664  0.00571173
        1630    -5.49768    -5.51663  0.00570824
        1631    -5.49576    -5.51662  0.00570475
        1632    -5.49427    -5.51661  0.00570127
        1633    -5.49217    -5.51659   0.0056978
        1634    -5.48976    -5.51658  0.00569434
        1635    -5.48734    -5.51656  0.00569088
        1636    -5.48567    -5.51654  0.00568743
        1637    -5.48311    -5.51652    0.005684
        1638    -5.48071     -5.5165  0.00568057
        1639    -5.47786    -5.51647  0.00567715
        1640    -5.47474    -5.51645  0.00567375
        1641    -5.47211    -5.51642  0.00567035
        1642    -5.46891    -5.51639  0.00566697
        1643    -5.46562    -5.51636  0.00566361
        1644    -5.46193    -5.51633  0.00566026
        1645    -5.45833    -5.51629  0.00565693
        1646    -5.45481    -5.51625  0.00565362
        1647     -5.4511    -5.51622  0.00565032
        1648     -5.4472    -5.51617  0.00564705
        1649    -5.44345    -5.51613   0.0056438
        1650    -5.43984    -5.51608  0.00564057
        1651     -5.4358    -5.51603  0.00563736
        1652    -5.43225    -5.51598  0.00563417
        1653    -5.42906    -5.51593  0.00563101
        1654    -5.42534    -5.51588  0.00562787
        1655    -5.42202    -5.51582  0.00562476
        1656    -5.41896    -5.51576  0.00562167
        1657    -5.41557     -5.5157   0.0056186
        1658    -5.41202    -5.51564  0.00561556
        1659    -5.40909    -5.51557  0.00561254
        1660    -5.40588    -5.51551  0.00560955
        1661      -5.403    -5.51544  0.00560658
        1662    -5.40077    -5.51537  0.00560363
        1663    -5.39843     -5.5153   0.0056007
        1664    -5.39645    -5.51523  0.00559779
        1665    -5.39453    -5.51516   0.0055949
        1666    -5.39235    -5.51508  0.00559203
        1667    -5.39068    -5.51501  0.00558917
        1668     -5.3895    -5.51493  0.00558633
        1669    -5.38836    -5.51486  0.00558349
        1670    -5.38769    -5.51478  0.00558067
        1671    -5.38762    -5.51471  0.00557785
        1672     -5.3871    -5.51463  0.00557503
        1673    -5.38624    -5.51455  0.00557223
        1674    -5.38609    -5.51448  0.00556943
        1675    -5.38572     -5.5144  0.00556663
        1676    -5.38571    -5.51432  0.00556384
        1677     -5.3859    -5.51425  0.00556105
        1678    -5.38566    -5.51417  0.00555827
        1679    -5.38558    -5.51409  0.00555548
        1680    -5.38533    -5.51402  0.00555271
        1681    -5.38536    -5.51394  0.00554993
        1682    -5.38518    -5.51386  0.00554716
        1683    -5.38495    -5.51379  0.00554439
        1684    -5.38465    -5.51371  0.00554163
        1685    -5.38458    -5.51363  0.00553887
        1686    -5.38428    -5.51356  0.00553612
        1687    -5.38404    -5.51348  0.00553337
        1688    -5.38342     -5.5134  0.00553062
        1689    -5.38242    -5.51332  0.00552789
        1690    -5.38182    -5.51325  0.00552517
        1691    -5.38041    -5.51317  0.00552246
        1692    -5.38003    -5.51309  0.00551976
        1693    -5.37858    -5.51301  0.00551707
        1694    -5.37806    -5.51293  0.00551439
        1695    -5.37759    -5.51285  0.00551171
        1696    -5.37691    -5.51277  0.00550905
        1697    -5.37559    -5.51269  0.00550639
        1698    -5.37488    -5.51261  0.00550375
        1699    -5.37466    -5.51253  0.00550111
        1700    -5.37438    -5.51245  0.00549847
        1701    -5.37498    -5.51236  0.00549583
        1702    -5.37542    -5.51228  0.00549319
        1703    -5.37635     -5.5122  0.00549055
        1704    -5.37764    -5.51213  0.00548789
        1705    -5.37962    -5.51205  0.00548522
        1706    -5.38139    -5.51197  0.00548254
        1707    -5.38373     -5.5119  0.00547985
        1708     -5.3865    -5.51182  0.00547713
        1709    -5.38984    -5.51175  0.00547439
        1710    -5.39377    -5.51168  0.00547162
        1711    -5.39768    -5.51162  0.00546883
        1712    -5.40262    -5.51155  0.00546601
        1713    -5.40814    -5.51149  0.00546315
        1714    -5.41377    -5.51143  0.00546026
        1715     -5.4192    -5.51138  0.00545734
        1716    -5.42548    -5.51133  0.00545439
        1717    -5.43196    -5.51128  0.00545141
        1718    -5.43864    -5.51124   0.0054484
        1719    -5.44578     -5.5112  0.00544536
        1720     -5.4535    -5.51117   0.0054423
        1721     -5.4613    -5.51114  0.00543922
        1722    -5.46899    -5.51112  0.00543611
        1723    -5.47712     -5.5111  0.00543299
        1724    -5.48534    -5.51108  0.00542986
        1725    -5.49375    -5.51107  0.00542672
        1726    -5.50183    -5.51107  0.00542358
        1727    -5.50998    -5.51107  0.00542044
        1728     -5.5177    -5.51107  0.00541731
        1729    -5.52524    -5.51108  0.00541418
        1730    -5.53271    -5.51109  0.00541106
        1731    -5.54005    -5.51111  0.00540796
        1732    -5.54769    -5.51113  0.00540488
        1733    -5.55469    -5.51115  0.00540182
        1734    -5.56086    -5.51118  0.00539878
        1735    -5.56696    -5.51121  0.00539577
        1736    -5.57234    -5.51125  0.00539277
        1737     -5.5773    -5.51129   0.0053898
        1738    -5.58184    -5.51133  0.00538686
        1739    -5.58669    -5.51137  0.00538393
        1740    -5.59097    -5.51142  0.00538103
        1741    -5.59405    -5.51147  0.00537815
        1742    -5.59701    -5.51151  0.00537529
        1743    -5.59939    -5.51156  0.00537244
        1744    -5.60165    -5.51162  0.00536961
        1745    -5.60351    -5.51167  0.00536679
        1746    -5.60511    -5.51172  0.00536398
        1747    -5.60647    -5.51178  0.00536119
        1748    -5.60655    -5.51183  0.00535839
        1749    -5.60686    -5.51189   0.0053556
        1750    -5.60651    -5.51194  0.00535282
        1751    -5.60582    -5.51199  0.00535003
        1752    -5.60449    -5.51205  0.00534724
        1753    -5.60346     -5.5121  0.00534444
        1754    -5.60151    -5.51215  0.00534164
        1755    -5.59988     -5.5122  0.00533883
        1756    -5.59812    -5.51225  0.00533601
        1757    -5.59611     -5.5123  0.00533319
        1758    -5.59371    -5.51234  0.00533035
        1759    -5.59078    -5.51239  0.00532751
        1760     -5.5881    -5.51243  0.00532466
        1761    -5.58493    -5.51247  0.00532179
        1762    -5.58206    -5.51251  0.00531892
        1763    -5.57828    -5.51255  0.00531603
        1764    -5.57468    -5.51258  0.00531313
        1765    -5.57083    -5.51262  0.00531023
        1766     -5.5672    -5.51265  0.00530731
        1767    -5.56336    -5.51268  0.00530438
        1768    -5.55993     -5.5127  0.00530145
        1769    -5.55588    -5.51273  0.00529851
        1770    -5.55167    -5.51275  0.00529556
        1771    -5.54794    -5.51277  0.00529261
        1772    -5.54393    -5.51279  0.00528965
        1773    -5.54027     -5.5128  0.00528669
        1774    -5.53622    -5.51281  0.00528373
        1775      -5.533    -5.51283  0.00528076
        1776     -5.5291    -5.51284   0.0052778
        1777     -5.5253    -5.51284  0.00527483
        1778    -5.52144    -5.51285  0.00527187
        1779    -5.51798    -5.51285  0.00526891
        1780    -5.51492    -5.51285  0.00526595
        1781    -5.51152    -5.51285  0.00526299
        1782    -5.50838    -5.51285  0.00526004
        1783    -5.50564    -5.51284  0.00525709
        1784    -5.50255    -5.51284  0.00525414
        1785    -5.50002    -5.51283  0.00525121
        1786    -5.49728    -5.51282  0.00524827
        1787    -5.49509    -5.51281  0.00524534
        1788    -5.49284     -5.5128  0.00524242
        1789    -5.49083    -5.51279  0.00523951
        1790    -5.48861    -5.51278   0.0052366
        1791    -5.48647    -5.51276  0.00523369
        1792    -5.48501    -5.51275   0.0052308
        1793    -5.48303    -5.51273  0.00522791
        1794    -5.48128    -5.51271  0.00522502
        1795    -5.47959    -5.51269  0.00522214
        1796    -5.47813    -5.51267  0.00521927
        1797    -5.47629    -5.51265   0.0052164
        1798    -5.47467    -5.51263  0.00521355
        1799    -5.47356    -5.51261  0.00521069
        1800    -5.47162    -5.51259  0.00520785
        1801    -5.47035    -5.51256  0.00520501
        1802    -5.46868    -5.51254  0.00520218
        1803    -5.46768    -5.51251  0.00519935
        1804    -5.46688    -5.51249  0.00519653
        1805    -5.46538    -5.51246  0.00519372
        1806    -5.46484    -5.51244  0.00519091
        1807    -5.46388    -5.51241  0.00518811
        1808    -5.46312    -5.51238  0.00518531
        1809    -5.46224    -5.51236  0.00518252
        1810     -5.4617    -5.51233  0.00517973
        1811    -5.46057     -5.5123  0.00517695
        1812    -5.45961    -5.51227  0.00517417
        1813     -5.4582    -5.51224   0.0051714
        1814    -5.45741    -5.51221  0.00516864
        1815    -5.45647    -5.51218  0.00516588
        1816    -5.45584    -5.51215  0.00516313
        1817    -5.45461    -5.51212  0.00516039
        1818    -5.45414    -5.51208  0.00515765
        1819    -5.45247    -5.51205  0.00515492
        1820    -5.45187    -5.51202  0.00515219
        1821    -5.45083    -5.51198  0.00514947
        1822    -5.44981    -5.51195  0.00514676
        1823    -5.44913    -5.51192  0.00514405
        1824    -5.44864    -5.51188  0.00514135
        1825     -5.4479    -5.51185  0.00513865
        1826    -5.44721    -5.51181  0.00513596
        1827    -5.44659    -5.51178  0.00513327
        1828    -5.44573    -5.51174  0.00513059
        1829    -5.44495     -5.5117  0.00512791
        1830    -5.44456    -5.51167  0.00512524
        1831     -5.4444    -5.51163  0.00512258
        1832    -5.44431    -5.51159  0.00511991
        1833     -5.4443    -5.51156  0.00511725
        1834    -5.44421    -5.51152  0.00511459
        1835    -5.44462    -5.51148  0.00511193
        1836    -5.44417    -5.51145  0.00510928
        1837    -5.44451    -5.51141  0.00510663
        1838    -5.44471    -5.51137  0.00510398
        1839    -5.44474    -5.51134  0.00510133
        1840    -5.44444     -5.5113  0.00509869
        1841    -5.44499    -5.51126  0.00509605
        1842    -5.44485    -5.51123  0.00509341
        1843    -5.44476    -5.51119  0.00509077
        1844    -5.44454    -5.51116  0.00508814
        1845    -5.44402    -5.51112  0.00508551
        1846    -5.44287    -5.51108  0.00508289
        1847    -5.44184    -5.51105  0.00508028
        1848     -5.4406    -5.51101  0.00507767
        1849    -5.43899    -5.51097  0.00507508
        1850    -5.43776    -5.51093  0.00507249
        1851      -5.436    -5.51089  0.00506991
        1852      -5.434    -5.51085  0.00506734
        1853    -5.43193     -5.5108  0.00506479
        1854    -5.42947    -5.51076  0.00506224
        1855    -5.42664    -5.51071  0.00505972
        1856    -5.42376    -5.51067  0.00505721
        1857    -5.42069    -5.51062  0.00505472
        1858     -5.4173    -5.51057  0.00505225
        1859    -5.41359    -5.51052   0.0050498
        1860    -5.41066    -5.51046  0.00504737
        1861    -5.40731    -5.51041  0.00504496
        1862    -5.40417    -5.51035  0.00504257
        1863    -5.40081    -5.51029  0.00504021
        1864     -5.3971    -5.51023  0.00503787
        1865    -5.39322    -5.51017  0.00503556
        1866    -5.38918     -5.5101  0.00503328
        1867    -5.38516    -5.51004  0.00503103
        1868    -5.38163    -5.50997   0.0050288
        1869    -5.37754     -5.5099  0.00502661
        1870    -5.37398    -5.50982  0.00502445
        1871    -5.37003    -5.50975  0.00502232
        1872    -5.36663    -5.50967  0.00502022
        1873    -5.36318     -5.5096  0.00501815
        1874    -5.35982    -5.50952  0.00501611
        1875    -5.35703    -5.50943  0.00501409
        1876    -5.35358    -5.50935  0.00501211
        1877    -5.35055    -5.50927  0.00501015
        1878    -5.34747    -5.50918  0.00500822
        1879    -5.34434    -5.50909  0.00500633
        1880    -5.34101      -5.509  0.00500446
        1881    -5.33822    -5.50891  0.00500262
        1882    -5.33536    -5.50882  0.00500082
        1883    -5.33319    -5.50873  0.00499903
        1884    -5.33154    -5.50863  0.00499726
        1885    -5.32951    -5.50854  0.00499551
        1886    -5.32738    -5.50844  0.00499379
        1887     -5.3247    -5.50834  0.00499209
        1888    -5.32252    -5.50825  0.00499042
        1889    -5.32069    -5.50815  0.00498876
        1890    -5.31859    -5.50805  0.00498713
        1891    -5.31682    -5.50795  0.00498552
        1892    -5.31479    -5.50784  0.00498393
        1893    -5.31247    -5.50774  0.00498237
        1894    -5.31079    -5.50764  0.00498082
        1895    -5.30868    -5.50753   0.0049793
        1896    -5.30704    -5.50743  0.00497779
        1897    -5.30527    -5.50732  0.00497631
        1898    -5.30323    -5.50721  0.00497485
        1899    -5.30105     -5.5071  0.00497342
        1900     -5.2995    -5.50699    0.004972
        1901    -5.29722    -5.50688  0.00497061
        1902    -5.29512    -5.50677  0.00496924
        1903    -5.29318    -5.50666   0.0049679
        1904    -5.29172    -5.50655  0.00496657
        1905    -5.29012    -5.50643  0.00496526
        1906    -5.28883    -5.50632  0.00496397
        1907    -5.28711     -5.5062   0.0049627
        1908    -5.28569    -5.50609  0.00496144
        1909    -5.28413    -5.50597   0.0049602
        1910    -5.28332    -5.50586  0.00495898
        1911     -5.2816    -5.50574  0.00495777
        1912    -5.28001    -5.50562  0.00495658
        1913    -5.27826     -5.5055  0.00495542
        1914    -5.27633    -5.50538  0.00495427
        1915    -5.27467    -5.50526  0.00495315
        1916    -5.27267    -5.50514  0.00495205
        1917    -5.27062    -5.50502  0.00495098
        1918    -5.26883    -5.50489  0.00494993
        1919    -5.26668    -5.50477  0.00494891
        1920    -5.26463    -5.50464  0.00494791
        1921    -5.26192    -5.50452  0.00494695
        1922    -5.26005    -5.50439  0.00494601
        1923    -5.25766    -5.50426   0.0049451
        1924    -5.25507    -5.50413  0.00494423
        1925    -5.25303      -5.504  0.00494338
        1926    -5.25064    -5.50387  0.00494256
        1927    -5.24822    -5.50374  0.00494178
        1928    -5.24563     -5.5036  0.00494103
        1929    -5.24258    -5.50347  0.00494032
        1930    -5.24044    -5.50333  0.00493964
        1931    -5.23804     -5.5032  0.00493899
        1932    -5.23614    -5.50306  0.00493837
        1933    -5.23342    -5.50292  0.00493778
        1934    -5.23157    -5.50278  0.00493722
        1935    -5.22956    -5.50264  0.00493669
        1936    -5.22803    -5.50249  0.00493618
        1937    -5.22655    -5.50235  0.00493568
        1938    -5.22516    -5.50221  0.00493521
        1939     -5.2239    -5.50207  0.00493475
        1940    -5.22326    -5.50192   0.0049343
        1941    -5.22312    -5.50178  0.00493385
        1942    -5.22276    -5.50163   0.0049334
        1943    -5.22327    -5.50149  0.00493294
        1944    -5.22406    -5.50135  0.00493246
        1945    -5.22532    -5.50121  0.00493197
        1946    -5.22706    -5.50107  0.00493145
        1947     -5.2293    -5.50093  0.00493089
        1948     -5.2322    -5.50079  0.00493029
        1949    -5.23576    -5.50065  0.00492963
        1950    -5.23876    -5.50052  0.00492893
        1951    -5.24301    -5.50039  0.00492817
        1952    -5.24803    -5.50026  0.00492734
        1953     -5.2532    -5.50013  0.00492645
        1954    -5.25864    -5.50001  0.00492547
        1955    -5.26477    -5.49989  0.00492442
        1956    -5.27063    -5.49977   0.0049233
        1957     -5.2774    -5.49966   0.0049221
        1958    -5.28441    -5.49955  0.00492081
        1959    -5.29103    -5.49944  0.00491945
        1960    -5.29826    -5.49934  0.00491801
        1961    -5.30559    -5.49924  0.00491649
        1962    -5.31358    -5.49914   0.0049149
        1963    -5.32113    -5.49905  0.00491323
        1964     -5.3285    -5.49897   0.0049115
        1965    -5.33534    -5.49888   0.0049097
        1966    -5.34238     -5.4988  0.00490785
        1967    -5.34972    -5.49873  0.00490594
        1968    -5.35646    -5.49865  0.00490398
        1969    -5.36346    -5.49859  0.00490197
        1970    -5.36951    -5.49852  0.00489992
        1971    -5.37596    -5.49846  0.00489783
        1972    -5.38189     -5.4984   0.0048957
        1973    -5.38761    -5.49834  0.00489354
        1974    -5.39343    -5.49829  0.00489135
        1975     -5.3989    -5.49824  0.00488914
        1976     -5.4045    -5.49819  0.00488689
        1977    -5.40978    -5.49815  0.00488462
        1978    -5.41492    -5.49811  0.00488234
        1979    -5.41949    -5.49807  0.00488003
        1980    -5.42425    -5.49803  0.00487771
        1981    -5.42909    -5.49799  0.00487537
        1982    -5.43387    -5.49796  0.00487302
        1983    -5.43802    -5.49793  0.00487065
        1984     -5.4426     -5.4979  0.00486828
        1985    -5.44704    -5.49788  0.00486589
        1986    -5.45178    -5.49785   0.0048635
        1987    -5.45625    -5.49783   0.0048611
        1988     -5.4609    -5.49781  0.00485869
        1989    -5.46543     -5.4978  0.00485627
        1990    -5.46968    -5.49778  0.00485385
        1991    -5.47425    -5.49777  0.00485143
        1992    -5.47853    -5.49776    0.004849
        1993    -5.48309    -5.49776  0.00484657
        1994    -5.48716    -5.49775  0.00484415
        1995    -5.49162    -5.49775  0.00484172
        1996    -5.49599    -5.49775  0.00483929
        1997    -5.50039    -5.49775  0.00483687
        1998    -5.50494    -5.49775  0.00483445
        1999     -5.5084    -5.49776  0.00483204
        2000    -5.51193    -5.49776  0.00482963
        2001     -5.5152    -5.49777  0.00482722
        2002    -5.51802    -5.49778  0.00482482
        2003    -5.52128    -5.49779  0.00482242
        2004    -5.52372    -5.49781  0.00482004
        2005    -5.52609    -5.49782  0.00481765
        2006    -5.52789    -5.49784  0.00481527
        2007    -5.52911    -5.49785   0.0048129
        2008    -5.53018    -5.49787  0.00481053
        2009    -5.53064    -5.49788  0.00480816
        2010    -5.53062     -5.4979   0.0048058
        2011    -5.53013    -5.49792  0.00480344
        2012    -5.52946    -5.49793  0.00480107
        2013    -5.52771    -5.49795  0.00479871
        2014     -5.5258    -5.49796  0.00479635
        2015    -5.52389    -5.49797  0.00479399
        2016    -5.52139    -5.49799  0.00479162
        2017    -5.51802      -5.498  0.00478926
        2018    -5.51441      -5.498  0.00478689
        2019    -5.51075    -5.49801  0.00478452
        2020    -5.50646    -5.49801  0.00478216
        2021    -5.50144    -5.49802  0.00477979
        2022    -5.49632    -5.49801  0.00477743
        2023    -5.49131    -5.49801  0.00477507
        2024    -5.48615    -5.49801  0.00477271
        2025     -5.4809      -5.498  0.00477036
        2026    -5.47575    -5.49799  0.00476802
        2027     -5.4703    -5.49797  0.00476569
        2028    -5.46537    -5.49796  0.00476336
        2029    -5.46041    -5.49794  0.00476105
        2030    -5.45547    -5.49792  0.00475875
        2031    -5.45105    -5.49789  0.00475647
        2032    -5.44675    -5.49787  0.00475419
        2033    -5.44215    -5.49784  0.00475193
        2034    -5.43867    -5.49781  0.00474968
        2035    -5.43513    -5.49778  0.00474745
        2036    -5.43246    -5.49775  0.00474523
        2037    -5.43038    -5.49772  0.00474301
        2038    -5.42817    -5.49768  0.00474081
        2039    -5.42673    -5.49765  0.00473861
        2040    -5.42546    -5.49761  0.00473642
        2041    -5.42481    -5.49758  0.00473423
        2042    -5.42492    -5.49754  0.00473205
        2043    -5.42501    -5.49751  0.00472987
        2044    -5.42568    -5.49747  0.00472768
        2045    -5.42703    -5.49744   0.0047255
        2046    -5.42829     -5.4974  0.00472331
        2047    -5.43001    -5.49737  0.00472111
        2048    -5.43187    -5.49734  0.00471892
        2049    -5.43381    -5.49731  0.00471672
        2050    -5.43623    -5.49728  0.00471451
        2051    -5.43865    -5.49725   0.0047123
        2052    -5.44101    -5.49722  0.00471008
        2053    -5.44372    -5.49719  0.00470786
        2054    -5.44629    -5.49717  0.00470563
        2055    -5.44927    -5.49715   0.0047034
        2056    -5.45201    -5.49712  0.00470116
        2057    -5.45433     -5.4971  0.00469892
        2058    -5.45665    -5.49708  0.00469668
        2059    -5.45863    -5.49706  0.00469444
        2060    -5.46024    -5.49705  0.00469219
        2061    -5.46161    -5.49703  0.00468995
        2062    -5.46256    -5.49701   0.0046877
        2063    -5.46323      -5.497  0.00468546
        2064     -5.4639    -5.49698  0.00468322
        2065    -5.46427    -5.49696  0.00468098
        2066    -5.46493    -5.49695  0.00467874
        2067    -5.46496    -5.49693   0.0046765
        2068    -5.46393    -5.49692  0.00467426
        2069    -5.46303     -5.4969  0.00467203
        2070    -5.46198    -5.49688  0.00466981
        2071    -5.46063    -5.49687  0.00466758
        2072     -5.4593    -5.49685  0.00466537
        2073    -5.45709    -5.49683  0.00466316
        2074    -5.45477    -5.49681  0.00466095
        2075    -5.45252    -5.49679  0.00465875
        2076    -5.44959    -5.49677  0.00465657
        2077    -5.44707    -5.49674  0.00465439
        2078    -5.44453    -5.49672  0.00465221
        2079    -5.44093    -5.49669  0.00465005
        2080    -5.43766    -5.49666   0.0046479
        2081     -5.4343    -5.49663  0.00464577
        2082    -5.43042     -5.4966  0.00464364
        2083    -5.42681    -5.49657  0.00464154
        2084    -5.42336    -5.49653  0.00463944
        2085     -5.4204    -5.49649  0.00463736
        2086    -5.41691    -5.49646  0.00463529
        2087    -5.41369    -5.49642  0.00463324
        2088    -5.41076    -5.49638  0.00463121
        2089    -5.40773    -5.49633  0.00462918
        2090    -5.40567    -5.49629  0.00462717
        2091    -5.40326    -5.49625  0.00462517
        2092    -5.40114     -5.4962  0.00462318
        2093    -5.39934    -5.49615  0.00462121
        2094    -5.39833    -5.49611  0.00461924
        2095    -5.39724    -5.49606  0.00461727
        2096    -5.39638    -5.49601  0.00461532
        2097    -5.39592    -5.49596  0.00461336
        2098     -5.3957    -5.49592  0.00461141
        2099    -5.39618    -5.49587  0.00460946
        2100    -5.39676    -5.49582   0.0046075
        2101    -5.39817    -5.49578  0.00460555
        2102     -5.3998    -5.49573  0.00460358
        2103    -5.40207    -5.49569  0.00460161
        2104    -5.40421    -5.49564  0.00459963
        2105    -5.40663     -5.4956  0.00459763
        2106    -5.41022    -5.49556  0.00459563
        2107    -5.41327    -5.49552  0.00459362
        2108    -5.41666    -5.49548  0.00459159
        2109    -5.42004    -5.49545  0.00458955
        2110    -5.42368    -5.49541   0.0045875
        2111    -5.42723    -5.49538  0.00458544
        2112    -5.43096    -5.49535  0.00458337
        2113    -5.43438    -5.49532  0.00458129
        2114    -5.43791    -5.49529  0.00457921
        2115     -5.4412    -5.49527  0.00457711
        2116    -5.44422    -5.49524  0.00457501
        2117    -5.44739    -5.49522  0.00457291
        2118    -5.45039     -5.4952   0.0045708
        2119    -5.45258    -5.49518  0.00456869
        2120    -5.45483    -5.49516  0.00456657
        2121    -5.45714    -5.49514  0.00456445
        2122    -5.45917    -5.49513  0.00456233
        2123    -5.46075    -5.49511  0.00456021
        2124    -5.46232    -5.49509  0.00455809
        2125    -5.46328    -5.49508  0.00455597
        2126    -5.46346    -5.49506  0.00455385
        2127    -5.46407    -5.49505  0.00455174
        2128    -5.46375    -5.49504  0.00454962
        2129    -5.46326    -5.49502  0.00454751
        2130    -5.46277    -5.49501   0.0045454
        2131    -5.46213    -5.49499  0.00454329
        2132    -5.46136    -5.49497  0.00454119
        2133    -5.46004    -5.49496  0.00453909
        2134    -5.45849    -5.49494  0.00453699
        2135    -5.45674    -5.49492   0.0045349
        2136    -5.45499     -5.4949  0.00453282
        2137    -5.45251    -5.49488  0.00453074
        2138    -5.45025    -5.49486  0.00452867
        2139    -5.44827    -5.49484  0.00452661
        2140     -5.4463    -5.49482  0.00452455
        2141    -5.44408     -5.4948   0.0045225
        2142    -5.44228    -5.49477  0.00452045
        2143    -5.44048    -5.49475  0.00451841
        2144    -5.43947    -5.49472  0.00451638
        2145    -5.43855    -5.49469  0.00451435
        2146    -5.43804    -5.49467  0.00451232
        2147    -5.43707    -5.49464   0.0045103
        2148    -5.43641    -5.49461  0.00450828
        2149    -5.43608    -5.49459  0.00450627
        2150    -5.43606    -5.49456  0.00450425
        2151    -5.43592    -5.49453  0.00450224
        2152    -5.43667     -5.4945  0.00450023
        2153    -5.43832    -5.49448  0.00449821
        2154      -5.439    -5.49445   0.0044962
        2155    -5.44079    -5.49443  0.00449418
        2156     -5.4426     -5.4944  0.00449216
        2157    -5.44467    -5.49438  0.00449014
        2158    -5.44635    -5.49436  0.00448811
        2159    -5.44835    -5.49434  0.00448609
        2160    -5.45046    -5.49432  0.00448405
        2161    -5.45234     -5.4943  0.00448202
        2162    -5.45408    -5.49428  0.00447999
        2163    -5.45505    -5.49426  0.00447795
        2164    -5.45581    -5.49424  0.00447592
        2165    -5.45664    -5.49423  0.00447388
        2166    -5.45737    -5.49421  0.00447185
        2167    -5.45783    -5.49419  0.00446982
        2168    -5.45817    -5.49418  0.00446779
        2169    -5.45778    -5.49416  0.00446576
        2170    -5.45728    -5.49414  0.00446373
        2171    -5.45638    -5.49412  0.00446171
        2172      -5.456    -5.49411  0.00445969
        2173    -5.45421    -5.49409  0.00445768
        2174     -5.4533    -5.49407  0.00445567
        2175    -5.45194    -5.49405  0.00445366
        2176    -5.45063    -5.49403  0.00445166
        2177    -5.44893    -5.49401  0.00444966
        2178    -5.44781    -5.49399  0.00444767
        2179    -5.44607    -5.49397  0.00444568
        2180    -5.44483    -5.49394   0.0044437
        2181     -5.4438    -5.49392  0.00444172
        2182    -5.44242     -5.4939  0.00443975
        2183    -5.44131    -5.49387  0.00443778
        2184    -5.43975    -5.49385  0.00443582
        2185    -5.43866    -5.49382  0.00443386
        2186     -5.4382     -5.4938  0.00443191
        2187    -5.43717    -5.49377  0.00442995
        2188     -5.4371    -5.49375  0.00442801
        2189    -5.43752    -5.49372  0.00442606
        2190    -5.43782    -5.49369  0.00442411
        2191    -5.43831    -5.49367  0.00442216
        2192     -5.4385    -5.49364  0.00442022
        2193    -5.43884    -5.49362  0.00441827
        2194    -5.43962    -5.49359  0.00441633
        2195    -5.44066    -5.49357  0.00441438
        2196    -5.44178    -5.49355  0.00441243
        2197    -5.44237    -5.49352  0.00441049
        2198     -5.4427     -5.4935  0.00440854
        2199    -5.44382    -5.49348  0.00440659
        2200    -5.44493    -5.49346  0.00440465
        2201    -5.44619    -5.49343   0.0044027
        2202    -5.44666    -5.49341  0.00440075
        2203     -5.4477    -5.49339   0.0043988
        2204    -5.44823    -5.49337  0.00439685
        2205    -5.44932    -5.49335   0.0043949
        2206    -5.45003    -5.49333  0.00439296
        2207    -5.45068    -5.49331  0.00439101
        2208    -5.45081    -5.49329  0.00438906
        2209    -5.45118    -5.49327  0.00438712
        2210    -5.45134    -5.49326  0.00438517
        2211    -5.45204    -5.49324  0.00438323
        2212    -5.45239    -5.49322  0.00438128
        2213    -5.45254     -5.4932  0.00437934
        2214    -5.45296    -5.49318   0.0043774
        2215    -5.45213    -5.49316  0.00437547
        2216    -5.45249    -5.49314  0.00437353
        2217    -5.45269    -5.49313   0.0043716
        2218    -5.45272    -5.49311  0.00436966
        2219    -5.45291    -5.49309  0.00436773
        2220    -5.45355    -5.49307   0.0043658
        2221    -5.45299    -5.49305  0.00436387
        2222    -5.45337    -5.49304  0.00436194
        2223    -5.45391    -5.49302  0.00436002
        2224    -5.45373      -5.493  0.00435809
        2225    -5.45373    -5.49298  0.00435617
        2226    -5.45378    -5.49297  0.00435425
        2227    -5.45417    -5.49295  0.00435233
        2228     -5.4546    -5.49293  0.00435041
        2229    -5.45509    -5.49291  0.00434849
        2230    -5.45549     -5.4929  0.00434657
        2231    -5.45624    -5.49288  0.00434466
        2232    -5.45766    -5.49287  0.00434274
        2233    -5.45839    -5.49285  0.00434082
        2234    -5.45918    -5.49283   0.0043389
        2235    -5.46004    -5.49282  0.00433699
        2236    -5.46081    -5.49281  0.00433507
        2237    -5.46165    -5.49279  0.00433315
        2238    -5.46299    -5.49278  0.00433124
        2239    -5.46455    -5.49277  0.00432932
        2240    -5.46601    -5.49275  0.00432741
        2241    -5.46721    -5.49274  0.00432549
        2242      -5.468    -5.49273  0.00432358
        2243    -5.46897    -5.49272  0.00432166
        2244    -5.47026    -5.49271  0.00431975
        2245    -5.47126     -5.4927  0.00431783
        2246    -5.47255    -5.49269  0.00431592
        2247    -5.47398    -5.49268  0.00431401
        2248    -5.47477    -5.49268   0.0043121
        2249    -5.47582    -5.49267  0.00431018
        2250    -5.47725    -5.49266  0.00430827
        2251    -5.47845    -5.49266  0.00430637
        2252     -5.4797    -5.49265  0.00430446
        2253    -5.48067    -5.49264  0.00430255
        2254    -5.48075    -5.49264  0.00430064
        2255    -5.48129    -5.49263  0.00429874
        2256    -5.48166    -5.49263  0.00429684
        2257    -5.48231    -5.49262  0.00429494
        2258    -5.48215    -5.49262  0.00429304
        2259    -5.48195    -5.49262  0.00429114
        2260    -5.48092    -5.49261  0.00428924
        2261    -5.48045     -5.4926  0.00428735
        2262    -5.47959     -5.4926  0.00428546
        2263    -5.47868    -5.49259  0.00428357
        2264    -5.47754    -5.49259  0.00428168
        2265     -5.4756    -5.49258   0.0042798
        2266    -5.47437    -5.49257  0.00427792
        2267    -5.47219    -5.49256  0.00427604
        2268    -5.46999    -5.49255  0.00427416
        2269    -5.46795    -5.49254   0.0042723
        2270    -5.46607    -5.49253  0.00427043
        2271    -5.46438    -5.49252  0.00426857
        2272    -5.46201     -5.4925  0.00426671
        2273    -5.45927    -5.49249  0.00426486
        2274    -5.45605    -5.49247  0.00426301
        2275    -5.45343    -5.49246  0.00426117
        2276    -5.45054    -5.49244  0.00425934
        2277    -5.44817    -5.49242  0.00425751
        2278    -5.44558     -5.4924  0.00425569
        2279    -5.44297    -5.49238  0.00425388
        2280    -5.44052    -5.49235  0.00425208
        2281    -5.43825    -5.49233  0.00425028
        2282    -5.43649     -5.4923  0.00424849
        2283    -5.43498    -5.49228   0.0042467
        2284    -5.43359    -5.49225  0.00424492
        2285    -5.43325    -5.49223  0.00424314
        2286    -5.43232     -5.4922  0.00424136
        2287    -5.43204    -5.49218  0.00423959
        2288    -5.43181    -5.49215  0.00423782
        2289     -5.4324    -5.49212  0.00423605
        2290    -5.43306     -5.4921  0.00423428
        2291    -5.43396    -5.49207  0.00423251
        2292    -5.43568    -5.49205  0.00423073
        2293    -5.43837    -5.49202  0.00422895
        2294    -5.44067      -5.492  0.00422717
        2295    -5.44329    -5.49198  0.00422538
        2296    -5.44651    -5.49196  0.00422358
        2297       -5.45    -5.49194  0.00422178
        2298    -5.45312    -5.49193  0.00421998
        2299    -5.45626    -5.49191  0.00421817
        2300    -5.45998     -5.4919  0.00421636
        2301    -5.46453    -5.49188  0.00421455
        2302    -5.46865    -5.49187  0.00421273
        2303    -5.47211    -5.49187  0.00421091
        2304    -5.47549    -5.49186  0.00420909
        2305    -5.47901    -5.49185  0.00420726
        2306    -5.48188    -5.49185  0.00420544
        2307    -5.48496    -5.49185  0.00420362
        2308    -5.48803    -5.49184   0.0042018
        2309    -5.49108    -5.49184  0.00419998
        2310    -5.49271    -5.49184  0.00419816
        2311    -5.49455    -5.49184  0.00419634
        2312    -5.49553    -5.49185  0.00419453
        2313    -5.49609    -5.49185  0.00419272
        2314    -5.49667    -5.49185  0.00419091
        2315    -5.49636    -5.49185   0.0041891
        2316    -5.49593    -5.49185  0.00418729
        2317    -5.49524    -5.49186  0.00418548
        2318    -5.49413    -5.49186  0.00418367
        2319    -5.49249    -5.49186  0.00418187
        2320    -5.49063    -5.49186  0.00418007
        2321    -5.48827    -5.49185  0.00417827
        2322      -5.485    -5.49185  0.00417647
        2323    -5.48174    -5.49185  0.00417467
        2324    -5.47836    -5.49184  0.00417288
        2325    -5.47461    -5.49183  0.00417109
        2326    -5.47037    -5.49182  0.00416931
        2327    -5.46626    -5.49181  0.00416753
        2328    -5.46262     -5.4918  0.00416576
        2329    -5.45858    -5.49179    0.004164
        2330    -5.45448    -5.49177  0.00416224
        2331    -5.45003    -5.49175  0.00416049
        2332    -5.44618    -5.49173  0.00415876
        2333    -5.44234    -5.49171  0.00415703
        2334    -5.43824    -5.49169  0.00415531
        2335    -5.43405    -5.49166   0.0041536
        2336    -5.43025    -5.49164  0.00415191
        2337    -5.42609    -5.49161  0.00415023
        2338    -5.42206    -5.49158  0.00414856
        2339     -5.4186    -5.49155   0.0041469
        2340    -5.41498    -5.49152  0.00414526
        2341    -5.41151    -5.49148  0.00414363
        2342    -5.40878    -5.49145  0.00414201
        2343    -5.40591    -5.49141   0.0041404
        2344    -5.40274    -5.49137  0.00413881
        2345    -5.40017    -5.49133  0.00413723
        2346    -5.39775    -5.49129  0.00413566
        2347    -5.39519    -5.49125   0.0041341
        2348    -5.39307    -5.49121  0.00413255
        2349    -5.39157    -5.49117  0.00413101
        2350    -5.38947    -5.49113  0.00412947
        2351    -5.38708    -5.49108  0.00412795
        2352    -5.38547    -5.49104  0.00412644
        2353     -5.3842    -5.49099  0.00412494
        2354    -5.38329    -5.49095  0.00412344
        2355    -5.38215     -5.4909  0.00412195
        2356    -5.38112    -5.49085  0.00412046
        2357    -5.38082    -5.49081  0.00411898
        2358    -5.38068    -5.49076   0.0041175
        2359    -5.38088    -5.49071  0.00411602
        2360    -5.38129    -5.49067  0.00411453
        2361    -5.38195    -5.49062  0.00411305
        2362    -5.38347    -5.49057  0.00411156
        2363    -5.38498    -5.49053  0.00411006
        2364    -5.38753    -5.49049  0.00410855
        2365    -5.39052    -5.49044  0.00410703
        2366    -5.39425     -5.4904   0.0041055
        2367    -5.39811    -5.49036  0.00410395
        2368    -5.40206    -5.49033  0.00410238
        2369    -5.40594    -5.49029  0.00410081
        2370    -5.41045    -5.49026  0.00409921
        2371    -5.41526    -5.49023  0.00409761
        2372    -5.42016     -5.4902  0.00409599
        2373    -5.42541    -5.49017  0.00409435
        2374     -5.4308    -5.49014   0.0040927
        2375     -5.4366    -5.49012  0.00409104
        2376    -5.44213     -5.4901  0.00408937
        2377    -5.44781    -5.49008  0.00408769
        2378    -5.45391    -5.49007    0.004086
        2379    -5.45916    -5.49006   0.0040843
        2380    -5.46444    -5.49005   0.0040826
        2381    -5.46972    -5.49004  0.00408089
        2382    -5.47512    -5.49003  0.00407919
        2383    -5.47986    -5.49003  0.00407748
        2384    -5.48482    -5.49002  0.00407577
        2385    -5.48894    -5.49002  0.00407406
        2386    -5.49356    -5.49002  0.00407235
        2387    -5.49745    -5.49003  0.00407064
        2388    -5.50091    -5.49003  0.00406894
        2389    -5.50455    -5.49004  0.00406724
        2390    -5.50744    -5.49005  0.00406555
        2391    -5.51079    -5.49005  0.00406386
        2392    -5.51324    -5.49006  0.00406217
        2393     -5.5148    -5.49007  0.00406049
        2394    -5.51605    -5.49009   0.0040588
        2395    -5.51762     -5.4901  0.00405713
        2396    -5.51889    -5.49011  0.00405545
        2397    -5.52002    -5.49012  0.00405378
        2398     -5.5204    -5.49013  0.00405211
        2399    -5.52125    -5.49015  0.00405044
        2400    -5.52122    -5.49016  0.00404877
        2401    -5.52092    -5.49017  0.00404711
        2402    -5.52051    -5.49019  0.00404544
        2403    -5.51954     -5.4902  0.00404378
        2404    -5.51894    -5.49021  0.00404211
        2405    -5.51796    -5.49022  0.00404045
        2406    -5.51706    -5.49023  0.00403878
        2407    -5.51567    -5.49024  0.00403712
        2408    -5.51393    -5.49025  0.00403545
        2409    -5.51141    -5.49026  0.00403379
        2410    -5.50995    -5.49027  0.00403212
        2411    -5.50774    -5.49028  0.00403046
        2412    -5.50585    -5.49028  0.00402879
        2413    -5.50338    -5.49029  0.00402713
        2414    -5.50141    -5.49029  0.00402546
        2415    -5.49874     -5.4903  0.00402379
        2416    -5.49612     -5.4903  0.00402213
        2417    -5.49327     -5.4903  0.00402047
        2418    -5.49095     -5.4903   0.0040188
        2419    -5.48765     -5.4903  0.00401714
        2420    -5.48504     -5.4903  0.00401548
        2421    -5.48177    -5.49029  0.00401383
        2422    -5.47874    -5.49029  0.00401217
        2423     -5.4749    -5.49028  0.00401052
        2424    -5.47192    -5.49028  0.00400887
        2425    -5.46844    -5.49027  0.00400723
        2426    -5.46477    -5.49026  0.00400559
        2427    -5.46138    -5.49024  0.00400396
        2428    -5.45811    -5.49023  0.00400233
        2429    -5.45438    -5.49022  0.00400071
        2430    -5.45064     -5.4902   0.0039991
        2431    -5.44751    -5.49018  0.00399749
        2432    -5.44396    -5.49016  0.00399589
        2433     -5.4412    -5.49014   0.0039943
        2434    -5.43833    -5.49012  0.00399272
        2435    -5.43493     -5.4901  0.00399114
        2436    -5.43161    -5.49008  0.00398958
        2437    -5.42837    -5.49005  0.00398802
        2438    -5.42554    -5.49002  0.00398647
        2439    -5.42267       -5.49  0.00398493
        2440    -5.41991    -5.48997   0.0039834
        2441    -5.41727    -5.48994  0.00398188
        2442     -5.4149    -5.48991  0.00398037
        2443    -5.41219    -5.48987  0.00397887
        2444    -5.40989    -5.48984  0.00397737
        2445    -5.40724    -5.48981  0.00397589
        2446    -5.40513    -5.48977  0.00397442
        2447    -5.40325    -5.48974  0.00397295
        2448    -5.40189     -5.4897  0.00397149
        2449    -5.39982    -5.48967  0.00397004
        2450    -5.39808    -5.48963  0.00396859
        2451    -5.39621    -5.48959  0.00396716
        2452     -5.3942    -5.48955  0.00396573
        2453    -5.39188    -5.48951  0.00396431
        2454    -5.38985    -5.48947   0.0039629
        2455    -5.38825    -5.48943   0.0039615
        2456    -5.38633    -5.48939  0.00396011
        2457    -5.38453    -5.48934  0.00395873
        2458    -5.38255     -5.4893  0.00395736
        2459    -5.38101    -5.48926    0.003956
        2460    -5.37915    -5.48921  0.00395464
        2461    -5.37728    -5.48917   0.0039533
        2462    -5.37542    -5.48912  0.00395196
        2463    -5.37357    -5.48907  0.00395063
        2464    -5.37114    -5.48903  0.00394932
        2465    -5.36907    -5.48898  0.00394802
        2466    -5.36737    -5.48893  0.00394672
        2467    -5.36606    -5.48888  0.00394544
        2468    -5.36365    -5.48883  0.00394417
        2469    -5.36169    -5.48878  0.00394291
        2470    -5.36033    -5.48872  0.00394165
        2471    -5.35886    -5.48867  0.00394041
        2472    -5.35792    -5.48862  0.00393917
        2473    -5.35691    -5.48857  0.00393794
        2474    -5.35664    -5.48851   0.0039367
        2475    -5.35653    -5.48846  0.00393548
        2476    -5.35676    -5.48841  0.00393425
        2477    -5.35796    -5.48835  0.00393301
        2478     -5.3591     -5.4883  0.00393177
        2479    -5.36081    -5.48825  0.00393052
        2480    -5.36236     -5.4882  0.00392926
        2481    -5.36451    -5.48815  0.00392799
        2482    -5.36741     -5.4881  0.00392671
        2483    -5.37077    -5.48805  0.00392542
        2484    -5.37442    -5.48801   0.0039241
        2485     -5.3782    -5.48796  0.00392277
        2486    -5.38298    -5.48792  0.00392142
        2487    -5.38798    -5.48788  0.00392005
        2488    -5.39316    -5.48784  0.00391866
        2489    -5.39906    -5.48781  0.00391725
        2490     -5.4052    -5.48777  0.00391581
        2491    -5.41105    -5.48774  0.00391436
        2492      -5.417    -5.48771   0.0039129
        2493    -5.42285    -5.48769  0.00391141
        2494    -5.42883    -5.48766  0.00390992
        2495    -5.43458    -5.48764  0.00390841
        2496     -5.4405    -5.48762  0.00390689
        2497    -5.44652    -5.48761  0.00390536
        2498      -5.452    -5.48759  0.00390382
        2499    -5.45733    -5.48758  0.00390228
        2500    -5.46218    -5.48757  0.00390073
        2501    -5.46651    -5.48756  0.00389918
        2502    -5.47014    -5.48756  0.00389762
        2503    -5.47395    -5.48755  0.00389607
        2504     -5.4767    -5.48755  0.00389452
        2505     -5.4796    -5.48754  0.00389296
        2506    -5.48158    -5.48754  0.00389141
        2507    -5.48308    -5.48754  0.00388986
        2508    -5.48441    -5.48754  0.00388831
        2509    -5.48482    -5.48754  0.00388676
        2510    -5.48476    -5.48754  0.00388521
        2511    -5.48455    -5.48753  0.00388366
        2512    -5.48345    -5.48753  0.00388212
        2513    -5.48254    -5.48753  0.00388057
        2514    -5.48139    -5.48753  0.00387903
        2515    -5.47987    -5.48753  0.00387749
        2516     -5.4777    -5.48752  0.00387595
        2517    -5.47493    -5.48752  0.00387441
        2518    -5.47218    -5.48751  0.00387288
        2519     -5.4689     -5.4875  0.00387135
        2520    -5.46542    -5.48749  0.00386982
        2521     -5.4621    -5.48748   0.0038683
        2522    -5.45822    -5.48747  0.00386679
        2523    -5.45459    -5.48746  0.00386527
        2524    -5.45125    -5.48745  0.00386377
        2525    -5.44766    -5.48743  0.00386227
        2526    -5.44447    -5.48741  0.00386078
        2527    -5.44158    -5.48739   0.0038593
        2528    -5.43888    -5.48737  0.00385782
        2529    -5.43628    -5.48735  0.00385634
        2530    -5.43426    -5.48733  0.00385488
        2531    -5.43242    -5.48731  0.00385341
        2532    -5.43062    -5.48729  0.00385196
        2533    -5.42891    -5.48727  0.00385051
        2534    -5.42789    -5.48724  0.00384906
        2535    -5.42728    -5.48722  0.00384761
        2536    -5.42739     -5.4872  0.00384617
        2537    -5.42777    -5.48717  0.00384472
        2538    -5.42779    -5.48715  0.00384328
        2539    -5.42895    -5.48713  0.00384183
        2540    -5.43062     -5.4871  0.00384039
        2541    -5.43233    -5.48708  0.00383893
        2542    -5.43433    -5.48706  0.00383748
        2543    -5.43645    -5.48704  0.00383602
        2544     -5.4394    -5.48702  0.00383456
        2545    -5.44208    -5.48701  0.00383309
        2546    -5.44519    -5.48699  0.00383162
        2547    -5.44796    -5.48697  0.00383015
        2548    -5.45077    -5.48696  0.00382867
        2549     -5.4539    -5.48695  0.00382719
        2550     -5.4567    -5.48693  0.00382571
        2551    -5.45973    -5.48692  0.00382423
        2552    -5.46281    -5.48691  0.00382274
        2553     -5.4656    -5.48691  0.00382125
        2554    -5.46851     -5.4869  0.00381976
        2555    -5.47092    -5.48689  0.00381827
        2556    -5.47326    -5.48689  0.00381678
        2557    -5.47474    -5.48688  0.00381529
        2558    -5.47732    -5.48688   0.0038138
        2559    -5.47872    -5.48688  0.00381231
        2560    -5.47939    -5.48687  0.00381083
        2561    -5.47979    -5.48687  0.00380934
        2562    -5.48037    -5.48687  0.00380785
        2563    -5.48069    -5.48687  0.00380637
        2564    -5.48047    -5.48686  0.00380488
        2565    -5.47973    -5.48686   0.0038034
        2566    -5.47957    -5.48686  0.00380192
        2567     -5.4785    -5.48685  0.00380044
        2568    -5.47777    -5.48685  0.00379896
        2569    -5.47712    -5.48685  0.00379749
        2570    -5.47629    -5.48684  0.00379601
        2571    -5.47532    -5.48684  0.00379454
        2572    -5.47425    -5.48683  0.00379306
        2573    -5.47343    -5.48683  0.00379159
        2574    -5.47274    -5.48682  0.00379012
        2575    -5.47253    -5.48682  0.00378866
        2576    -5.47206    -5.48681  0.00378719
        2577    -5.47197    -5.48681  0.00378572
        2578    -5.47273     -5.4868  0.00378426
        2579    -5.47284    -5.48679   0.0037828
        2580    -5.47366    -5.48679  0.00378133
        2581    -5.47475    -5.48678  0.00377987
        2582    -5.47595    -5.48678  0.00377841
        2583     -5.4777    -5.48678  0.00377695
        2584    -5.47983    -5.48677  0.00377549
        2585    -5.48188    -5.48677  0.00377403
        2586    -5.48398    -5.48677  0.00377257
        2587    -5.48657    -5.48677  0.00377111
        2588    -5.48961    -5.48677  0.00376965
        2589    -5.49233    -5.48677   0.0037682
        2590    -5.49503    -5.48678  0.00376674
        2591    -5.49798    -5.48678  0.00376529
        2592    -5.50116    -5.48679  0.00376384
        2593    -5.50427    -5.48679   0.0037624
        2594    -5.50728     -5.4868  0.00376096
        2595    -5.51065    -5.48681  0.00375952
        2596     -5.5136    -5.48682  0.00375809
        2597    -5.51673    -5.48683  0.00375666
        2598    -5.52004    -5.48685  0.00375523
        2599    -5.52247    -5.48686  0.00375381
        2600    -5.52551    -5.48687   0.0037524
        2601    -5.52902    -5.48689  0.00375099
        2602    -5.53284    -5.48691  0.00374959
        2603    -5.53605    -5.48693   0.0037482
        2604     -5.5394    -5.48695  0.00374681
        2605    -5.54304    -5.48697  0.00374543
        2606    -5.54666    -5.48699  0.00374407
        2607    -5.55025    -5.48702  0.00374271
        2608    -5.55335    -5.48704  0.00374136
        2609    -5.55669    -5.48707  0.00374002
        2610    -5.55968     -5.4871  0.00373869
        2611    -5.56289    -5.48712  0.00373737
        2612    -5.56618    -5.48716  0.00373607
        2613    -5.56982    -5.48719  0.00373477
        2614     -5.5726    -5.48722  0.00373348
        2615    -5.57512    -5.48725  0.00373221
        2616    -5.57781    -5.48729  0.00373094
        2617    -5.58006    -5.48732  0.00372968
        2618    -5.58231    -5.48736  0.00372844
        2619    -5.58426     -5.4874   0.0037272
        2620     -5.5868    -5.48743  0.00372597
        2621    -5.58842    -5.48747  0.00372474
        2622    -5.58971    -5.48751  0.00372353
        2623    -5.59127    -5.48755  0.00372232
        2624    -5.59219    -5.48759  0.00372111
        2625    -5.59338    -5.48763  0.00371991
        2626    -5.59392    -5.48767  0.00371872
        2627    -5.59441    -5.48771  0.00371752
        2628    -5.59486    -5.48775  0.00371633
        2629    -5.59495    -5.48779  0.00371514
        2630    -5.59513    -5.48784  0.00371395
        2631    -5.59511    -5.48788  0.00371277
        2632    -5.59471    -5.48792  0.00371158
        2633    -5.59409    -5.48796  0.00371039
        2634    -5.59353      -5.488   0.0037092
        2635    -5.59259    -5.48804    0.003708
        2636    -5.59095    -5.48808   0.0037068
        2637    -5.58904    -5.48811  0.00370559
        2638    -5.58732    -5.48815  0.00370438
        2639    -5.58516    -5.48819  0.00370316
        2640    -5.58271    -5.48822  0.00370193
        2641    -5.57996    -5.48826  0.00370069
        2642    -5.57719    -5.48829  0.00369944
        2643    -5.57381    -5.48832  0.00369818
        2644    -5.57008    -5.48836  0.00369691
        2645    -5.56572    -5.48839  0.00369563
        2646    -5.56102    -5.48841  0.00369434
        2647    -5.55612    -5.48844  0.00369303
        2648    -5.55118    -5.48846  0.00369171
        2649     -5.5459    -5.48848  0.00369038
        2650    -5.53984     -5.4885  0.00368904
        2651    -5.53376    -5.48852  0.00368769
        2652    -5.52753    -5.48853  0.00368632
        2653    -5.52072    -5.48855  0.00368495
        2654    -5.51379    -5.48856  0.00368358
        2655    -5.50679    -5.48856   0.0036822
        2656    -5.49898    -5.48857  0.00368081
        2657    -5.49115    -5.48857  0.00367943
        2658    -5.48334    -5.48857  0.00367804
        2659    -5.47574    -5.48856  0.00367666
        2660    -5.46764    -5.48855  0.00367529
        2661    -5.45998    -5.48854  0.00367393
        2662    -5.45205    -5.48853  0.00367257
        2663    -5.44433    -5.48851  0.00367123
        2664    -5.43688    -5.48849   0.0036699
        2665    -5.42973    -5.48847  0.00366859
        2666    -5.42231    -5.48845   0.0036673
        2667    -5.41541    -5.48842  0.00366603
        2668    -5.40877    -5.48839  0.00366477
        2669    -5.40256    -5.48836  0.00366354
        2670    -5.39727    -5.48832  0.00366233
        2671    -5.39126    -5.48829  0.00366114
        2672    -5.38606    -5.48825  0.00365997
        2673    -5.38062    -5.48821  0.00365882
        2674    -5.37588    -5.48817  0.00365769
        2675    -5.37137    -5.48812  0.00365659
        2676    -5.36772    -5.48808   0.0036555
        2677    -5.36403    -5.48803  0.00365442
        2678    -5.36104    -5.48798  0.00365337
        2679    -5.35891    -5.48794  0.00365232
        2680    -5.35628    -5.48789  0.00365129
        2681    -5.35434    -5.48784  0.00365027
        2682    -5.35278    -5.48779  0.00364925
        2683    -5.35204    -5.48774  0.00364824
        2684    -5.35136    -5.48768  0.00364724
        2685    -5.35086    -5.48763  0.00364624
        2686    -5.35052    -5.48758  0.00364524
        2687    -5.35048    -5.48753  0.00364424
        2688    -5.35071    -5.48748  0.00364324
        2689    -5.35135    -5.48743  0.00364223
        2690    -5.35252    -5.48738  0.00364122
        2691    -5.35343    -5.48733  0.00364021
        2692    -5.35454    -5.48728  0.00363919
        2693    -5.35595    -5.48723  0.00363817
        2694    -5.35719    -5.48718  0.00363714
        2695    -5.35946    -5.48714   0.0036361
        2696    -5.36106    -5.48709  0.00363505
        2697    -5.36259    -5.48704  0.00363399
        2698    -5.36463      -5.487  0.00363293
        2699    -5.36672    -5.48695  0.00363186
        2700    -5.36882    -5.48691  0.00363078
        2701    -5.37124    -5.48687  0.00362968
        2702    -5.37305    -5.48682  0.00362859
        2703    -5.37515    -5.48678  0.00362748
        2704    -5.37707    -5.48674  0.00362636
        2705    -5.37881     -5.4867  0.00362524
        2706    -5.38051    -5.48666  0.00362412
        2707    -5.38231    -5.48662  0.00362298
        2708    -5.38391    -5.48659  0.00362184
        2709    -5.38575    -5.48655   0.0036207
        2710    -5.38739    -5.48651  0.00361955
        2711    -5.38972    -5.48648  0.00361839
        2712    -5.39139    -5.48644  0.00361722
        2713      -5.393    -5.48641  0.00361605
        2714    -5.39441    -5.48637  0.00361488
        2715    -5.39531    -5.48634   0.0036137
        2716    -5.39662    -5.48631  0.00361252
        2717    -5.39819    -5.48628  0.00361134
        2718    -5.39927    -5.48624  0.00361015
        2719    -5.40003    -5.48621  0.00360896
        2720    -5.40108    -5.48618  0.00360777
        2721    -5.40213    -5.48615  0.00360658
        2722    -5.40333    -5.48612  0.00360538
        2723     -5.4047    -5.48609  0.00360418
        2724    -5.40549    -5.48606  0.00360298
        2725    -5.40678    -5.48603  0.00360178
        2726    -5.40827      -5.486  0.00360057
        2727    -5.40997    -5.48597  0.00359936
        2728    -5.41128    -5.48595  0.00359814
        2729    -5.41313    -5.48592  0.00359692
        2730    -5.41492    -5.48589   0.0035957
        2731    -5.41681    -5.48587  0.00359447
        2732     -5.4188    -5.48584  0.00359324
        2733     -5.4206    -5.48582    0.003592
        2734    -5.42251     -5.4858  0.00359076
        2735    -5.42515    -5.48577  0.00358952
        2736     -5.4276    -5.48575  0.00358827
        2737    -5.43062    -5.48573  0.00358702
        2738    -5.43316    -5.48571  0.00358576
        2739    -5.43521     -5.4857   0.0035845
        2740    -5.43782    -5.48568  0.00358323
        2741    -5.44098    -5.48566  0.00358196
        2742     -5.4444    -5.48565  0.00358068
        2743     -5.4473    -5.48563  0.00357941
        2744    -5.45074    -5.48562  0.00357812
        2745    -5.45364    -5.48561  0.00357684
        2746    -5.45691     -5.4856  0.00357555
        2747    -5.46038    -5.48559  0.00357426
        2748    -5.46359    -5.48558  0.00357297
        2749    -5.46683    -5.48557  0.00357168
        2750    -5.47025    -5.48557  0.00357038
        2751    -5.47337    -5.48556  0.00356909
        2752    -5.47604    -5.48556  0.00356779
        2753    -5.47976    -5.48556   0.0035665
        2754    -5.48315    -5.48556   0.0035652
        2755    -5.48667    -5.48556  0.00356391
        2756     -5.4897    -5.48556  0.00356262
        2757    -5.49284    -5.48556  0.00356133
        2758    -5.49577    -5.48557  0.00356004
        2759    -5.49926    -5.48557  0.00355875
        2760    -5.50267    -5.48558  0.00355746
        2761    -5.50586    -5.48558  0.00355618
        2762    -5.50866    -5.48559  0.00355491
        2763    -5.51214     -5.4856  0.00355363
        2764    -5.51507    -5.48561  0.00355236
        2765    -5.51806    -5.48562   0.0035511
        2766    -5.52034    -5.48564  0.00354984
        2767    -5.52282    -5.48565  0.00354858
        2768    -5.52548    -5.48567  0.00354733
        2769    -5.52819    -5.48568  0.00354608
        2770    -5.53017     -5.4857  0.00354483
        2771    -5.53188    -5.48571  0.00354359
        2772    -5.53391    -5.48573  0.00354236
        2773    -5.53521    -5.48575  0.00354113
        2774    -5.53699    -5.48577   0.0035399
        2775    -5.53817    -5.48579  0.00353867
        2776    -5.53952    -5.48581  0.00353745
        2777    -5.54087    -5.48582  0.00353623
        2778    -5.54193    -5.48585  0.00353502
        2779      -5.543    -5.48587   0.0035338
        2780    -5.54377    -5.48589  0.00353259
        2781    -5.54424    -5.48591  0.00353139
        2782    -5.54486    -5.48593  0.00353018
        2783    -5.54472    -5.48595  0.00352898
        2784    -5.54534    -5.48597  0.00352777
        2785     -5.5455    -5.48599  0.00352657
        2786    -5.54551    -5.48601  0.00352537
        2787    -5.54567    -5.48604  0.00352417
        2788    -5.54506    -5.48606  0.00352297
        2789     -5.5449    -5.48608  0.00352177
        2790    -5.54413     -5.4861  0.00352057
        2791    -5.54395    -5.48612  0.00351937
        2792    -5.54316    -5.48614  0.00351817
        2793    -5.54206    -5.48616  0.00351696
        2794     -5.5411    -5.48618  0.00351576
        2795    -5.53877     -5.4862  0.00351455
        2796    -5.53689    -5.48622  0.00351334
        2797    -5.53485    -5.48623  0.00351213
        2798    -5.53281    -5.48625  0.00351091
        2799    -5.53062    -5.48627  0.00350969
        2800    -5.52798    -5.48628  0.00350847
        2801    -5.52552    -5.48629  0.00350725
        2802    -5.52232    -5.48631  0.00350602
        2803    -5.51978    -5.48632  0.00350479
        2804    -5.51713    -5.48633  0.00350356
        2805     -5.5141    -5.48634  0.00350232
        2806    -5.51146    -5.48635  0.00350109
        2807    -5.50832    -5.48636  0.00349985
        2808      -5.505    -5.48636  0.00349861
        2809    -5.50243    -5.48637  0.00349737
        2810    -5.49943    -5.48637  0.00349612
        2811    -5.49648    -5.48638  0.00349488
        2812    -5.49344    -5.48638  0.00349364
        2813     -5.4905    -5.48638   0.0034924
        2814    -5.48814    -5.48638  0.00349116
        2815    -5.48548    -5.48638  0.00348992
        2816    -5.48283    -5.48638  0.00348868
        2817    -5.48036    -5.48638  0.00348744
        2818    -5.47826    -5.48638   0.0034862
        2819    -5.47622    -5.48637  0.00348497
        2820    -5.47442    -5.48637  0.00348374
        2821    -5.47285    -5.48636   0.0034825
        2822    -5.47213    -5.48636  0.00348127
        2823    -5.47119    -5.48635  0.00348005
        2824    -5.47079    -5.48635  0.00347882
        2825    -5.47045    -5.48634  0.00347759
        2826    -5.47033    -5.48634  0.00347636
        2827    -5.47041    -5.48633  0.00347514
        2828    -5.47066    -5.48632  0.00347392
        2829    -5.47153    -5.48632  0.00347269
        2830    -5.47255    -5.48631  0.00347147
        2831    -5.47323    -5.48631  0.00347024
        2832    -5.47417    -5.48631  0.00346902
        2833    -5.47474     -5.4863   0.0034678
        2834    -5.47583     -5.4863  0.00346658
        2835    -5.47696    -5.48629  0.00346536
        2836    -5.47799    -5.48629  0.00346414
        2837    -5.47888    -5.48629  0.00346292
        2838     -5.4798    -5.48629   0.0034617
        2839    -5.48147    -5.48629  0.00346048
        2840     -5.4827    -5.48628  0.00345926
        2841    -5.48378    -5.48628  0.00345804
        2842    -5.48486    -5.48628  0.00345682
        2843    -5.48578    -5.48628  0.00345561
        2844    -5.48685    -5.48628  0.00345439
        2845    -5.48821    -5.48628  0.00345318
        2846    -5.48928    -5.48628  0.00345197
        2847     -5.4902    -5.48629  0.00345075
        2848    -5.49188    -5.48629  0.00344954
        2849    -5.49281    -5.48629  0.00344833
        2850    -5.49406    -5.48629  0.00344712
        2851    -5.49532     -5.4863  0.00344592
        2852    -5.49615     -5.4863  0.00344471
        2853    -5.49699     -5.4863   0.0034435
        2854     -5.4983    -5.48631   0.0034423
        2855    -5.49918    -5.48631   0.0034411
        2856    -5.50037    -5.48632   0.0034399
        2857    -5.50142    -5.48632   0.0034387
        2858    -5.50233    -5.48633   0.0034375
        2859    -5.50354    -5.48633   0.0034363
        2860     -5.5046    -5.48634  0.00343511
        2861    -5.50641    -5.48635  0.00343391
        2862    -5.50716    -5.48635  0.00343272
        2863    -5.50834    -5.48636  0.00343153
        2864    -5.50996    -5.48637  0.00343034
        2865    -5.51079    -5.48638  0.00342915
        2866     -5.5122    -5.48639  0.00342797
        2867    -5.51343     -5.4864  0.00342679
        2868    -5.51418    -5.48641  0.00342561
        2869    -5.51505    -5.48642  0.00342443
        2870    -5.51544    -5.48643  0.00342325
        2871    -5.51701    -5.48644  0.00342207
        2872    -5.51751    -5.48645   0.0034209
        2873    -5.51844    -5.48646  0.00341973
        2874    -5.51952    -5.48647  0.00341856
        2875    -5.52074    -5.48648  0.00341739
        2876    -5.52197     -5.4865  0.00341622
        2877    -5.52306    -5.48651  0.00341506
        2878    -5.52402    -5.48652   0.0034139
        2879      -5.525    -5.48653  0.00341274
        2880    -5.52541    -5.48655  0.00341158
        2881    -5.52617    -5.48656  0.00341042
        2882    -5.52743    -5.48658  0.00340927
        2883     -5.5289    -5.48659  0.00340812
        2884    -5.53027    -5.48661  0.00340697
        2885     -5.5317    -5.48662  0.00340582
        2886    -5.53335    -5.48664  0.00340468
        2887    -5.53475    -5.48665  0.00340354
        2888    -5.53561    -5.48667  0.00340241
        2889    -5.53684    -5.48669  0.00340127
        2890    -5.53811    -5.48671  0.00340014
        2891    -5.53974    -5.48672  0.00339902
        2892     -5.5411    -5.48674  0.00339789
        2893     -5.5428    -5.48676  0.00339677
        2894    -5.54468    -5.48678  0.00339566
        2895    -5.54611     -5.4868  0.00339455
        2896    -5.54754    -5.48682  0.00339344
        2897     -5.5494    -5.48685  0.00339234
        2898    -5.55123    -5.48687  0.00339124
        2899    -5.55271    -5.48689  0.00339015
        2900    -5.55442    -5.48691  0.00338906
        2901     -5.5559    -5.48694  0.00338797
        2902    -5.55788    -5.48696  0.00338689
        2903    -5.55897    -5.48699  0.00338582
        2904    -5.56023    -5.48701  0.00338475
        2905    -5.56087    -5.48704  0.00338368
        2906    -5.56163    -5.48706  0.00338261
        2907    -5.56265    -5.48709  0.00338154
        2908    -5.56284    -5.48712  0.00338048
        2909    -5.56296    -5.48714  0.00337942
        2910    -5.56252    -5.48717  0.00337836
        2911    -5.56168    -5.48719   0.0033773
        2912    -5.56116    -5.48722  0.00337623
        2913    -5.56005    -5.48724  0.00337516
        2914     -5.5585    -5.48727  0.00337409
        2915    -5.55681    -5.48729  0.00337302
        2916    -5.55481    -5.48732  0.00337194
        2917    -5.55281    -5.48734  0.00337086
        2918    -5.55036    -5.48736  0.00336978
        2919    -5.54777    -5.48738  0.00336869
        2920    -5.54473     -5.4874  0.00336759
        2921    -5.54126    -5.48742  0.00336649
        2922    -5.53768    -5.48744  0.00336538
        2923    -5.53355    -5.48745  0.00336426
        2924    -5.52948    -5.48747  0.00336314
        2925    -5.52507    -5.48748  0.00336202
        2926    -5.52031    -5.48749  0.00336089
        2927    -5.51555     -5.4875  0.00335975
        2928    -5.51066    -5.48751  0.00335862
        2929    -5.50552    -5.48751  0.00335748
        2930    -5.50046    -5.48752  0.00335633
        2931     -5.4955    -5.48752  0.00335519
        2932    -5.49038    -5.48752  0.00335404
        2933    -5.48528    -5.48752   0.0033529
        2934    -5.47976    -5.48752  0.00335176
        2935     -5.4746    -5.48751  0.00335062
        2936    -5.47013    -5.48751  0.00334948
        2937    -5.46499     -5.4875  0.00334835
        2938    -5.46072    -5.48749  0.00334723
        2939    -5.45611    -5.48748   0.0033461
        2940    -5.45177    -5.48747  0.00334499
        2941    -5.44815    -5.48745  0.00334388
        2942    -5.44419    -5.48744  0.00334277
        2943    -5.44019    -5.48742  0.00334168
        2944    -5.43643    -5.48741  0.00334058
        2945     -5.4323    -5.48739   0.0033395
        2946    -5.42855    -5.48737  0.00333843
        2947     -5.4244    -5.48735  0.00333736
        2948    -5.42076    -5.48732  0.00333631
        2949     -5.4173     -5.4873  0.00333526
        2950    -5.41372    -5.48727  0.00333422
        2951    -5.41015    -5.48725   0.0033332
        2952    -5.40691    -5.48722  0.00333218
        2953    -5.40353    -5.48719  0.00333117
        2954    -5.40017    -5.48716  0.00333017
        2955    -5.39669    -5.48713  0.00332919
        2956    -5.39341     -5.4871  0.00332821
        2957    -5.39004    -5.48707  0.00332725
        2958    -5.38705    -5.48703   0.0033263
        2959    -5.38371      -5.487  0.00332536
        2960     -5.3802    -5.48696  0.00332443
        2961    -5.37746    -5.48693  0.00332351
        2962    -5.37491    -5.48689   0.0033226
        2963    -5.37229    -5.48685  0.00332171
        2964    -5.37054    -5.48681  0.00332082
        2965    -5.36862    -5.48677  0.00331994
        2966    -5.36717    -5.48673  0.00331906
        2967    -5.36561    -5.48669   0.0033182
        2968    -5.36502    -5.48665  0.00331733
        2969    -5.36435    -5.48661  0.00331647
        2970    -5.36378    -5.48657  0.00331561
        2971    -5.36375    -5.48653  0.00331475
        2972    -5.36427    -5.48648  0.00331389
        2973    -5.36548    -5.48644  0.00331303
        2974    -5.36646     -5.4864  0.00331216
        2975    -5.36809    -5.48636  0.00331128
        2976     -5.3702    -5.48632   0.0033104
        2977    -5.37261    -5.48629  0.00330951
        2978    -5.37528    -5.48625  0.00330861
        2979    -5.37802    -5.48621   0.0033077
        2980    -5.38125    -5.48618  0.00330677
        2981    -5.38477    -5.48614  0.00330584
        2982    -5.38808    -5.48611   0.0033049
        2983     -5.3916    -5.48608  0.00330394
        2984     -5.3956    -5.48605  0.00330297
        2985    -5.39881    -5.48602  0.00330199
        2986    -5.40227    -5.48599  0.00330101
        2987    -5.40563    -5.48596  0.00330001
        2988    -5.40857    -5.48594  0.00329901
        2989    -5.41197    -5.48591    0.003298
        2990     -5.4149    -5.48589  0.00329698
        2991    -5.41779    -5.48587  0.00329596
        2992    -5.42018    -5.48585  0.00329493
        2993    -5.42266    -5.48582   0.0032939
        2994    -5.42461     -5.4858  0.00329286
        2995    -5.42711    -5.48578  0.00329182
        2996    -5.42863    -5.48576  0.00329077
        2997    -5.42978    -5.48575  0.00328973
        2998    -5.43101    -5.48573  0.00328868
        2999    -5.43145    -5.48571  0.00328764
        3000     -5.4323    -5.48569  0.00328659
        3001    -5.43282    -5.48567  0.00328554
        3002    -5.43273    -5.48566  0.00328449
        3003     -5.4331    -5.48564  0.00328345
        3004    -5.43304    -5.48562   0.0032824
        3005    -5.43318     -5.4856  0.00328135
        3006    -5.43294    -5.48559  0.00328031
        3007    -5.43323    -5.48557  0.00327926
        3008    -5.43334    -5.48555  0.00327822
        3009    -5.43297    -5.48553  0.00327718
        3010    -5.43229    -5.48552  0.00327614
        3011    -5.43239     -5.4855   0.0032751
        3012    -5.43161    -5.48548  0.00327406
        3013    -5.43105    -5.48546  0.00327302
        3014    -5.43115    -5.48545  0.00327198
        3015    -5.43103    -5.48543  0.00327095
        3016    -5.43145    -5.48541  0.00326991
        3017    -5.43152    -5.48539  0.00326888
        3018    -5.43215    -5.48537  0.00326784
        3019    -5.43273    -5.48536  0.00326681
        3020    -5.43252    -5.48534  0.00326577
        3021    -5.43347    -5.48532  0.00326474
        3022    -5.43452     -5.4853   0.0032637
        3023    -5.43551    -5.48529  0.00326266
        3024    -5.43583    -5.48527  0.00326162
        3025    -5.43623    -5.48526  0.00326058
        3026    -5.43685    -5.48524  0.00325955
        3027    -5.43813    -5.48522  0.00325851
        3028    -5.43884    -5.48521  0.00325747
        3029    -5.44004    -5.48519  0.00325643
        3030    -5.44173    -5.48518  0.00325538
        3031    -5.44283    -5.48517  0.00325434
        3032     -5.4444    -5.48515  0.00325329
        3033    -5.44553    -5.48514  0.00325225
        3034    -5.44758    -5.48513   0.0032512
        3035     -5.4489    -5.48511  0.00325015
        3036    -5.45024     -5.4851   0.0032491
        3037    -5.45085    -5.48509  0.00324805
        3038    -5.45273    -5.48508    0.003247
        3039    -5.45405    -5.48507  0.00324594
        3040    -5.45545    -5.48506  0.00324489
        3041    -5.45664    -5.48505  0.00324384
        3042    -5.45823    -5.48504  0.00324278
        3043    -5.46026    -5.48504  0.00324173
        3044    -5.46197    -5.48503  0.00324067
        3045    -5.46353    -5.48502  0.00323961
        3046    -5.46601    -5.48501  0.00323856
        3047    -5.46853    -5.48501   0.0032375
        3048    -5.47108      -5.485  0.00323644
        3049    -5.47428      -5.485  0.00323538
        3050    -5.47767      -5.485  0.00323432
        3051    -5.48081      -5.485  0.00323326
        3052    -5.48429      -5.485   0.0032322
        3053    -5.48795      -5.485  0.00323114
        3054    -5.49149      -5.485  0.00323009
        3055    -5.49518      -5.485  0.00322903
        3056    -5.49916    -5.48501  0.00322798
        3057    -5.50371    -5.48501  0.00322693
        3058     -5.5085    -5.48502  0.00322588
        3059    -5.51276    -5.48503  0.00322484
        3060    -5.51676    -5.48504   0.0032238
        3061    -5.52183    -5.48505  0.00322277
        3062    -5.52643    -5.48507  0.00322175
        3063    -5.53128    -5.48508  0.00322073
        3064     -5.5359     -5.4851  0.00321972
        3065    -5.54057    -5.48512  0.00321872
        3066     -5.5442    -5.48514  0.00321773
        3067     -5.5481    -5.48516  0.00321675
        3068    -5.55197    -5.48518  0.00321577
        3069    -5.55532     -5.4852   0.0032148
        3070    -5.55857    -5.48522  0.00321385
        3071    -5.56125    -5.48525   0.0032129
        3072    -5.56379    -5.48528  0.00321195
        3073    -5.56572     -5.4853  0.00321101
        3074    -5.56763    -5.48533  0.00321008
        3075    -5.56981    -5.48536  0.00320915
        3076    -5.57102    -5.48538  0.00320823
        3077    -5.57218    -5.48541  0.00320731
        3078     -5.5728    -5.48544   0.0032064
        3079    -5.57275    -5.48547  0.00320548
        3080     -5.5723     -5.4855  0.00320456
        3081    -5.57191    -5.48552  0.00320365
        3082    -5.57098    -5.48555  0.00320273
        3083    -5.56994    -5.48558   0.0032018
        3084    -5.56835    -5.48561  0.00320088
        3085    -5.56591    -5.48563  0.00319995
        3086    -5.56473    -5.48566  0.00319901
        3087    -5.56209    -5.48568  0.00319807
        3088    -5.55876    -5.48571  0.00319712
        3089    -5.55503    -5.48573  0.00319617
        3090    -5.55106    -5.48575   0.0031952
        3091     -5.5467    -5.48577  0.00319423
        3092    -5.54182    -5.48579  0.00319325
        3093    -5.53642     -5.4858  0.00319226
        3094    -5.53142    -5.48582  0.00319126
        3095    -5.52531    -5.48583  0.00319026
        3096    -5.51918    -5.48584  0.00318924
        3097    -5.51333    -5.48585  0.00318823
        3098    -5.50644    -5.48586   0.0031872
        3099    -5.49973    -5.48586  0.00318618
        3100    -5.49232    -5.48586  0.00318515
        3101    -5.48455    -5.48586  0.00318412
        3102    -5.47676    -5.48586   0.0031831
        3103    -5.46899    -5.48586  0.00318208
        3104    -5.46128    -5.48585  0.00318106
        3105    -5.45309    -5.48584  0.00318005
        3106    -5.44523    -5.48582  0.00317906
        3107    -5.43715    -5.48581  0.00317807
        3108    -5.42921    -5.48579   0.0031771
        3109    -5.42148    -5.48577  0.00317615
        3110    -5.41433    -5.48575  0.00317521
        3111    -5.40722    -5.48572  0.00317429
        3112    -5.40128    -5.48569  0.00317339
        3113    -5.39489    -5.48567   0.0031725
        3114    -5.38889    -5.48563  0.00317163
        3115    -5.38421     -5.4856  0.00317078
        3116    -5.37999    -5.48557  0.00316995
        3117    -5.37628    -5.48553  0.00316912
        3118    -5.37279     -5.4855  0.00316831
        3119    -5.37061    -5.48546  0.00316751
        3120    -5.36912    -5.48542  0.00316672
        3121     -5.3682    -5.48538  0.00316592
        3122    -5.36813    -5.48535  0.00316513
        3123     -5.3683    -5.48531  0.00316434
        3124    -5.36945    -5.48527  0.00316355
        3125    -5.37094    -5.48524  0.00316274
        3126    -5.37291     -5.4852  0.00316194
        3127    -5.37563    -5.48517  0.00316112
        3128    -5.37966    -5.48513  0.00316029
        3129    -5.38377     -5.4851  0.00315945
        3130    -5.38806    -5.48507  0.00315859
        3131     -5.3931    -5.48504  0.00315772
        3132    -5.39841    -5.48501  0.00315683
        3133    -5.40454    -5.48499  0.00315593
        3134    -5.41114    -5.48496  0.00315501
        3135    -5.41742    -5.48494  0.00315407
        3136    -5.42394    -5.48492  0.00315313
        3137    -5.43066     -5.4849  0.00315217
        3138    -5.43767    -5.48489   0.0031512
        3139    -5.44464    -5.48488  0.00315022
        3140    -5.45137    -5.48486  0.00314924
        3141    -5.45872    -5.48486  0.00314825
        3142    -5.46576    -5.48485  0.00314725
        3143    -5.47275    -5.48485  0.00314625
        3144    -5.47996    -5.48485  0.00314525
        3145     -5.4863    -5.48485  0.00314425
        3146    -5.49356    -5.48485  0.00314325
        3147    -5.50051    -5.48485  0.00314226
        3148    -5.50697    -5.48486  0.00314127
        3149    -5.51322    -5.48487  0.00314028
        3150    -5.51911    -5.48488  0.00313931
        3151    -5.52507    -5.48489  0.00313834
        3152    -5.53018    -5.48491  0.00313737
        3153    -5.53551    -5.48492  0.00313642
        3154    -5.53997    -5.48494  0.00313547
        3155    -5.54462    -5.48496  0.00313454
        3156    -5.54962    -5.48498  0.00313361
        3157     -5.5536      -5.485  0.00313269
        3158    -5.55746    -5.48502  0.00313178
        3159    -5.56091    -5.48505  0.00313088
        3160    -5.56424    -5.48507  0.00312999
        3161    -5.56776     -5.4851  0.00312911
        3162      -5.571    -5.48513  0.00312824
        3163    -5.57398    -5.48516  0.00312738
        3164    -5.57683    -5.48518  0.00312652
        3165    -5.57866    -5.48521  0.00312568
        3166    -5.58065    -5.48524  0.00312483
        3167    -5.58206    -5.48527    0.003124
        3168    -5.58287    -5.48531  0.00312316
        3169    -5.58384    -5.48534  0.00312233
        3170     -5.5851    -5.48537  0.00312151
        3171     -5.5856     -5.4854  0.00312068
        3172    -5.58516    -5.48543  0.00311986
        3173    -5.58468    -5.48546  0.00311903
        3174    -5.58445    -5.48549   0.0031182
        3175    -5.58356    -5.48552  0.00311737
        3176     -5.5817    -5.48555  0.00311654
        3177    -5.58006    -5.48558   0.0031157
        3178    -5.57803    -5.48561  0.00311486
        3179    -5.57529    -5.48564    0.003114
        3180    -5.57139    -5.48567  0.00311314
        3181    -5.56798    -5.48569  0.00311227
        3182    -5.56446    -5.48572  0.00311139
        3183    -5.56022    -5.48574   0.0031105
        3184    -5.55572    -5.48576   0.0031096
        3185    -5.55112    -5.48579  0.00310869
        3186    -5.54613     -5.4858  0.00310778
        3187    -5.54047    -5.48582  0.00310685
        3188    -5.53416    -5.48584  0.00310591
        3189    -5.52769    -5.48585  0.00310496
        3190    -5.52093    -5.48586  0.00310401
        3191    -5.51394    -5.48587  0.00310305
        3192    -5.50662    -5.48588  0.00310208
        3193    -5.49931    -5.48588  0.00310112
        3194    -5.49194    -5.48588  0.00310015
        3195    -5.48442    -5.48588  0.00309917
        3196    -5.47712    -5.48588  0.00309821
        3197    -5.47014    -5.48587  0.00309724
        3198    -5.46323    -5.48587  0.00309628
        3199    -5.45679    -5.48586  0.00309533
        3200    -5.45013    -5.48585  0.00309438
        3201     -5.4444    -5.48583  0.00309344
        3202    -5.43935    -5.48582  0.00309251
        3203    -5.43506     -5.4858  0.00309158
        3204    -5.43127    -5.48579  0.00309066
        3205    -5.42803    -5.48577  0.00308975
        3206    -5.42583    -5.48575  0.00308885
        3207    -5.42406    -5.48573  0.00308794
        3208     -5.4235    -5.48571  0.00308704
        3209    -5.42353    -5.48569  0.00308614
        3210    -5.42413    -5.48567  0.00308524
        3211    -5.42541    -5.48565  0.00308433
        3212     -5.4272    -5.48564  0.00308343
        3213    -5.42957    -5.48562  0.00308252
        3214    -5.43278     -5.4856   0.0030816
        3215    -5.43572    -5.48559  0.00308068
        3216    -5.43997    -5.48557  0.00307976
        3217    -5.44413    -5.48556  0.00307883
        3218    -5.44796    -5.48555  0.00307789
        3219    -5.45171    -5.48554  0.00307695
        3220    -5.45653    -5.48553  0.00307601
        3221    -5.46146    -5.48552  0.00307507
        3222    -5.46629    -5.48551  0.00307412
        3223    -5.47099    -5.48551  0.00307317
        3224    -5.47581    -5.48551  0.00307221
        3225    -5.48072    -5.48551  0.00307126
        3226    -5.48539    -5.48551  0.00307031
        3227    -5.49023    -5.48551  0.00306936
        3228    -5.49478    -5.48551  0.00306841
        3229    -5.49902    -5.48551  0.00306746
        3230    -5.50337    -5.48552  0.00306652
        3231    -5.50708    -5.48553  0.00306558
        3232    -5.51105    -5.48553  0.00306464
        3233    -5.51511    -5.48554   0.0030637
        3234    -5.51835    -5.48555  0.00306277
        3235    -5.52153    -5.48556  0.00306185
        3236     -5.5245    -5.48558  0.00306092
        3237    -5.52786    -5.48559  0.00306001
        3238    -5.53041     -5.4856  0.00305909
        3239    -5.53261    -5.48562  0.00305818
        3240     -5.5343    -5.48563  0.00305728
        3241    -5.53626    -5.48565  0.00305637
        3242    -5.53832    -5.48566  0.00305547
        3243    -5.53975    -5.48568  0.00305458
        3244    -5.54071     -5.4857  0.00305368
        3245    -5.54195    -5.48572  0.00305279
        3246    -5.54287    -5.48573   0.0030519
        3247    -5.54334    -5.48575  0.00305101
        3248    -5.54457    -5.48577  0.00305013
        3249    -5.54506    -5.48579  0.00304924
        3250    -5.54587    -5.48581  0.00304836
        3251     -5.5455    -5.48582  0.00304748
        3252    -5.54517    -5.48584  0.00304659
        3253    -5.54564    -5.48586  0.00304571
        3254    -5.54571    -5.48588  0.00304483
        3255    -5.54556     -5.4859  0.00304395
        3256    -5.54563    -5.48592  0.00304307
        3257    -5.54565    -5.48593  0.00304219
        3258    -5.54548    -5.48595  0.00304132
        3259    -5.54482    -5.48597  0.00304044
        3260    -5.54476    -5.48599  0.00303956
        3261    -5.54455    -5.48601  0.00303868
        3262     -5.5445    -5.48602   0.0030378
        3263    -5.54418    -5.48604  0.00303692
        3264    -5.54391    -5.48606  0.00303604
        3265    -5.54399    -5.48608  0.00303516
        3266     -5.5437     -5.4861  0.00303429
        3267    -5.54363    -5.48611  0.00303341
        3268     -5.5438    -5.48613  0.00303253
        3269    -5.54376    -5.48615  0.00303165
        3270    -5.54427    -5.48617  0.00303078
        3271    -5.54456    -5.48618  0.00302991
        3272     -5.5451     -5.4862  0.00302903
        3273    -5.54587    -5.48622  0.00302816
        3274    -5.54656    -5.48624  0.00302729
        3275    -5.54778    -5.48626  0.00302643
        3276    -5.54873    -5.48628  0.00302556
        3277    -5.54958     -5.4863   0.0030247
        3278    -5.55089    -5.48632  0.00302384
        3279    -5.55161    -5.48634  0.00302299
        3280    -5.55245    -5.48636  0.00302213
        3281    -5.55311    -5.48638  0.00302128
        3282    -5.55386     -5.4864  0.00302043
        3283    -5.55439    -5.48642  0.00301958
        3284    -5.55499    -5.48644  0.00301873
        3285    -5.55533    -5.48646  0.00301789
        3286     -5.5557    -5.48648  0.00301704
        3287     -5.5558     -5.4865   0.0030162
        3288    -5.55546    -5.48652  0.00301535
        3289    -5.55558    -5.48654  0.00301451
        3290    -5.55509    -5.48656  0.00301367
        3291    -5.55537    -5.48658  0.00301282
        3292    -5.55444    -5.48661  0.00301198
        3293    -5.55396    -5.48663  0.00301113
        3294    -5.55318    -5.48665  0.00301029
        3295    -5.55226    -5.48667  0.00300944
        3296     -5.5512    -5.48669  0.00300859
        3297     -5.5503     -5.4867  0.00300774
        3298    -5.54883    -5.48672  0.00300689
        3299    -5.54769    -5.48674  0.00300603
        3300    -5.54673    -5.48676  0.00300517
        3301    -5.54478    -5.48678  0.00300432
        3302    -5.54258    -5.48679  0.00300345
        3303     -5.5409    -5.48681  0.00300259
        3304      -5.539    -5.48683  0.00300172
        3305    -5.53718    -5.48684  0.00300085
        3306    -5.53532    -5.48686  0.00299998
        3307    -5.53341    -5.48687  0.00299911
        3308    -5.53162    -5.48688  0.00299823
        3309    -5.52982     -5.4869  0.00299735
        3310    -5.52771    -5.48691  0.00299647
        3311     -5.5256    -5.48692  0.00299559
        3312    -5.52366    -5.48693  0.00299471
        3313     -5.5219    -5.48694  0.00299382
        3314    -5.51974    -5.48695  0.00299293
        3315    -5.51794    -5.48696  0.00299204
        3316    -5.51591    -5.48697  0.00299116
        3317    -5.51382    -5.48698  0.00299026
        3318    -5.51184    -5.48699  0.00298937
        3319    -5.50999    -5.48699  0.00298848
        3320    -5.50828      -5.487  0.00298759
        3321    -5.50704    -5.48701  0.00298669
        3322    -5.50628    -5.48701   0.0029858
        3323    -5.50557    -5.48702  0.00298491
        3324    -5.50477    -5.48702  0.00298401
        3325    -5.50482    -5.48703  0.00298312
        3326    -5.50467    -5.48703  0.00298223
        3327    -5.50464    -5.48704  0.00298134
        3328    -5.50473    -5.48704  0.00298045
        3329    -5.50573    -5.48705  0.00297956
        3330    -5.50658    -5.48706  0.00297867
        3331    -5.50788    -5.48706  0.00297778
        3332    -5.50918    -5.48707  0.00297689
        3333    -5.51169    -5.48708  0.00297601
        3334    -5.51389    -5.48708  0.00297513
        3335    -5.51622    -5.48709  0.00297425
        3336    -5.51912     -5.4871  0.00297337
        3337    -5.52225    -5.48711   0.0029725
        3338    -5.52529    -5.48712  0.00297163
        3339    -5.52866    -5.48714  0.00297077
        3340    -5.53172    -5.48715  0.00296991
        3341    -5.53474    -5.48716  0.00296905
        3342    -5.53798    -5.48718   0.0029682
        3343    -5.54216     -5.4872  0.00296736
        3344    -5.54586    -5.48721  0.00296653
        3345    -5.54906    -5.48723   0.0029657
        3346     -5.5529    -5.48725  0.00296487
        3347     -5.5563    -5.48727  0.00296406
        3348    -5.55967    -5.48729  0.00296325
        3349    -5.56298    -5.48732  0.00296246
        3350    -5.56618    -5.48734  0.00296166
        3351    -5.56894    -5.48736  0.00296088
        3352    -5.57125    -5.48739   0.0029601
        3353    -5.57352    -5.48742  0.00295933
        3354    -5.57499    -5.48744  0.00295856
        3355    -5.57534    -5.48747   0.0029578
        3356    -5.57577    -5.48749  0.00295703
        3357    -5.57626    -5.48752  0.00295627
        3358    -5.57608    -5.48755  0.00295551
        3359    -5.57582    -5.48757  0.00295475
        3360    -5.57459     -5.4876  0.00295398
        3361     -5.5733    -5.48762  0.00295321
        3362    -5.57168    -5.48765  0.00295244
        3363    -5.56944    -5.48767  0.00295166
        3364    -5.56736     -5.4877  0.00295088
        3365    -5.56457    -5.48772  0.00295009
        3366    -5.56229    -5.48774   0.0029493
        3367    -5.55996    -5.48776   0.0029485
        3368    -5.55715    -5.48778   0.0029477
        3369    -5.55359     -5.4878  0.00294689
        3370    -5.55037    -5.48782  0.00294607
        3371    -5.54721    -5.48784  0.00294525
        3372    -5.54338    -5.48786  0.00294442
        3373    -5.53982    -5.48787  0.00294359
        3374    -5.53625    -5.48789  0.00294275
        3375    -5.53237     -5.4879  0.00294191
        3376    -5.52897    -5.48791  0.00294106
        3377    -5.52606    -5.48792  0.00294021
        3378    -5.52242    -5.48793  0.00293936
        3379    -5.51928    -5.48794   0.0029385
        3380    -5.51648    -5.48795  0.00293765
        3381    -5.51341    -5.48796  0.00293679
        3382    -5.51037    -5.48796  0.00293593
        3383    -5.50719    -5.48797  0.00293507
        3384    -5.50372    -5.48798   0.0029342
        3385    -5.50068    -5.48798  0.00293334
        3386    -5.49686    -5.48798  0.00293247
        3387    -5.49421    -5.48798  0.00293161
        3388    -5.49134    -5.48798  0.00293074
        3389    -5.48824    -5.48798  0.00292988
        3390    -5.48518    -5.48798  0.00292901
        3391    -5.48201    -5.48798  0.00292815
        3392    -5.47856    -5.48798  0.00292729
        3393    -5.47465    -5.48798  0.00292643
        3394    -5.47028    -5.48797  0.00292557
        3395    -5.46573    -5.48796  0.00292472
        3396    -5.46115    -5.48796  0.00292386
        3397    -5.45684    -5.48795  0.00292302
        3398    -5.45205    -5.48794  0.00292218
        3399    -5.44676    -5.48792  0.00292134
        3400    -5.44114    -5.48791  0.00292052
        3401    -5.43627    -5.48789   0.0029197
        3402    -5.43108    -5.48788  0.00291889
        3403    -5.42547    -5.48786  0.00291809
        3404    -5.41975    -5.48784   0.0029173
        3405     -5.4138    -5.48782  0.00291652
        3406    -5.40782    -5.48779  0.00291576
        3407    -5.40153    -5.48777  0.00291501
        3408    -5.39561    -5.48774  0.00291428
        3409    -5.38978    -5.48771  0.00291357
        3410    -5.38412    -5.48768  0.00291287
        3411    -5.37866    -5.48765   0.0029122
        3412    -5.37349    -5.48762  0.00291153
        3413    -5.36941    -5.48758  0.00291089
        3414    -5.36527    -5.48755  0.00291026
        3415    -5.36114    -5.48751  0.00290964
        3416    -5.35767    -5.48747  0.00290904
        3417    -5.35477    -5.48743  0.00290844
        3418    -5.35309    -5.48739  0.00290786
        3419    -5.35176    -5.48735  0.00290728
        3420    -5.35097    -5.48731   0.0029067
        3421    -5.35119    -5.48727  0.00290612
        3422    -5.35184    -5.48724  0.00290554
        3423    -5.35307     -5.4872  0.00290496
        3424    -5.35502    -5.48716  0.00290437
        3425    -5.35723    -5.48712  0.00290377
        3426     -5.3612    -5.48708  0.00290315
        3427    -5.36538    -5.48705  0.00290252
        3428     -5.3702    -5.48701  0.00290188
        3429    -5.37546    -5.48698  0.00290121
        3430    -5.38158    -5.48695  0.00290053
        3431    -5.38853    -5.48692  0.00289983
        3432    -5.39548    -5.48689   0.0028991
        3433    -5.40271    -5.48687  0.00289836
        3434    -5.41078    -5.48685   0.0028976
        3435    -5.41902    -5.48683  0.00289683
        3436    -5.42756    -5.48681  0.00289603
        3437    -5.43619     -5.4868  0.00289523
        3438    -5.44532    -5.48678  0.00289441
        3439      -5.454    -5.48677  0.00289359
        3440    -5.46356    -5.48677  0.00289275
        3441    -5.47275    -5.48676  0.00289192
        3442    -5.48242    -5.48676  0.00289108
        3443    -5.49149    -5.48676  0.00289024
        3444    -5.50038    -5.48677   0.0028894
        3445    -5.50844    -5.48677  0.00288857
        3446     -5.5179    -5.48678  0.00288774
        3447    -5.52676    -5.48679  0.00288693
        3448    -5.53575    -5.48681  0.00288613
        3449    -5.54407    -5.48683  0.00288534
        3450    -5.55215    -5.48684  0.00288456
        3451    -5.56057    -5.48687  0.00288381
        3452    -5.56823    -5.48689  0.00288307
        3453    -5.57542    -5.48691  0.00288235
        3454    -5.58241    -5.48694  0.00288165
        3455    -5.58888    -5.48697  0.00288096
        3456    -5.59511      -5.487   0.0028803
        3457    -5.60094    -5.48704  0.00287965
        3458    -5.60635    -5.48707  0.00287903
        3459    -5.61149    -5.48711  0.00287842
        3460    -5.61605    -5.48714  0.00287783
        3461    -5.61973    -5.48718  0.00287725
        3462    -5.62342    -5.48722  0.00287669
        3463    -5.62699    -5.48726  0.00287614
        3464    -5.62967     -5.4873  0.00287561
        3465    -5.63239    -5.48734  0.00287508
        3466     -5.6338    -5.48739  0.00287456
        3467    -5.63572    -5.48743  0.00287405
        3468    -5.63712    -5.48747  0.00287355
        3469      -5.638    -5.48752  0.00287305
        3470    -5.63809    -5.48756  0.00287255
        3471    -5.63847     -5.4876  0.00287205
        3472    -5.63809    -5.48765  0.00287155
        3473    -5.63805    -5.48769  0.00287105
        3474    -5.63731    -5.48773  0.00287054
        3475    -5.63619    -5.48778  0.00287004
        3476    -5.63517    -5.48782  0.00286952
        3477    -5.63383    -5.48786  0.00286901
        3478     -5.6328     -5.4879  0.00286848
        3479    -5.63164    -5.48794  0.00286796
        3480    -5.63039    -5.48798  0.00286742
        3481    -5.62889    -5.48802  0.00286689
        3482    -5.62719    -5.48806  0.00286634
        3483    -5.62454     -5.4881  0.00286579
        3484    -5.62277    -5.48814  0.00286522
        3485    -5.62114    -5.48818  0.00286466
        3486    -5.61965    -5.48822  0.00286408
        3487    -5.61771    -5.48826   0.0028635
        3488    -5.61578    -5.48829  0.00286291
        3489    -5.61417    -5.48833  0.00286232
        3490    -5.61212    -5.48836  0.00286172
        3491    -5.61007     -5.4884  0.00286111
        3492    -5.60819    -5.48843   0.0028605
        3493    -5.60705    -5.48847  0.00285988
        3494     -5.6053     -5.4885  0.00285926
        3495    -5.60337    -5.48853  0.00285863
        3496    -5.60186    -5.48857    0.002858
        3497    -5.60059     -5.4886  0.00285736
        3498    -5.59866    -5.48863  0.00285671
        3499    -5.59634    -5.48866  0.00285606
        3500    -5.59407    -5.48869  0.00285541
        3501    -5.59229    -5.48872  0.00285474
        3502    -5.59009    -5.48875  0.00285408
        3503    -5.58744    -5.48878   0.0028534
        3504    -5.58479     -5.4888  0.00285272
        3505    -5.58137    -5.48883  0.00285203
        3506    -5.57809    -5.48886  0.00285133
        3507    -5.57495    -5.48888  0.00285062
        3508    -5.57148     -5.4889   0.0028499
        3509      -5.568    -5.48893  0.00284918
        3510    -5.56375    -5.48895  0.00284845
        3511    -5.55964    -5.48897  0.00284771
        3512    -5.55615    -5.48899  0.00284696
        3513    -5.55146      -5.489  0.00284621
        3514    -5.54727    -5.48902  0.00284545
        3515    -5.54282    -5.48904  0.00284468
        3516     -5.5386    -5.48905   0.0028439
        3517    -5.53401    -5.48906  0.00284312
        3518    -5.52923    -5.48908  0.00284234
        3519    -5.52489    -5.48909  0.00284155
        3520    -5.52026    -5.48909  0.00284075
        3521    -5.51581     -5.4891  0.00283996
        3522    -5.51096    -5.48911  0.00283916
        3523    -5.50633    -5.48911  0.00283836
        3524     -5.5021    -5.48912  0.00283755
        3525    -5.49768    -5.48912  0.00283675
        3526     -5.4937    -5.48912  0.00283595
        3527    -5.49017    -5.48912  0.00283514
        3528    -5.48651    -5.48912  0.00283434
        3529    -5.48318    -5.48912  0.00283354
        3530    -5.48018    -5.48912  0.00283273
        3531    -5.47739    -5.48911  0.00283193
        3532    -5.47497    -5.48911  0.00283113
        3533    -5.47215     -5.4891  0.00283034
        3534    -5.46956     -5.4891  0.00282954
        3535     -5.4675    -5.48909  0.00282875
        3536    -5.46461    -5.48908  0.00282796
        3537    -5.46287    -5.48908  0.00282717
        3538     -5.4612    -5.48907  0.00282638
        3539    -5.45991    -5.48906  0.00282559
        3540    -5.45885    -5.48905  0.00282481
        3541    -5.45786    -5.48904  0.00282402
        3542    -5.45724    -5.48903  0.00282324
        3543    -5.45684    -5.48903  0.00282246
        3544    -5.45649    -5.48902  0.00282168
        3545    -5.45694    -5.48901  0.00282089
        3546    -5.45713      -5.489  0.00282011
        3547     -5.4575    -5.48899  0.00281933
        3548    -5.45818    -5.48898  0.00281855
        3549    -5.45887    -5.48897  0.00281777
        3550    -5.45939    -5.48896  0.00281699
        3551     -5.4611    -5.48896  0.00281621
        3552     -5.4626    -5.48895  0.00281542
        3553    -5.46375    -5.48894  0.00281464
        3554    -5.46496    -5.48894  0.00281386
        3555    -5.46652    -5.48893  0.00281307
        3556    -5.46826    -5.48892  0.00281229
        3557    -5.46986    -5.48892   0.0028115
        3558     -5.4713    -5.48891  0.00281071
        3559    -5.47299    -5.48891  0.00280993
        3560    -5.47388     -5.4889  0.00280914
        3561    -5.47499     -5.4889  0.00280836
        3562    -5.47601     -5.4889  0.00280757
        3563    -5.47706    -5.48889  0.00280678
        3564    -5.47828    -5.48889    0.002806
        3565    -5.47876    -5.48889  0.00280521
        3566    -5.47954    -5.48888  0.00280443
        3567    -5.48002    -5.48888  0.00280364
        3568    -5.48033    -5.48888  0.00280286
        3569    -5.48047    -5.48888  0.00280207
        3570    -5.48016    -5.48888  0.00280129
        3571    -5.47984    -5.48887  0.00280051
        3572    -5.47937    -5.48887  0.00279972
        3573    -5.47862    -5.48887  0.00279894
        3574    -5.47759    -5.48886  0.00279816
        3575    -5.47722    -5.48886  0.00279738
        3576    -5.47616    -5.48886   0.0027966
        3577    -5.47534    -5.48885  0.00279582
        3578    -5.47449    -5.48885  0.00279504
        3579    -5.47347    -5.48884  0.00279426
        3580    -5.47248    -5.48884  0.00279349
        3581    -5.47138    -5.48884  0.00279271
        3582    -5.47066    -5.48883  0.00279194
        3583    -5.46974    -5.48883  0.00279116
        3584    -5.46925    -5.48882  0.00279039
        3585    -5.46922    -5.48881  0.00278961
        3586    -5.46893    -5.48881  0.00278884
        3587     -5.4693     -5.4888  0.00278807
        3588    -5.46914     -5.4888   0.0027873
        3589    -5.46954    -5.48879  0.00278653
        3590    -5.47066    -5.48879  0.00278576
        3591     -5.4713    -5.48878  0.00278498
        3592    -5.47253    -5.48878  0.00278421
        3593    -5.47436    -5.48877  0.00278344
        3594    -5.47619    -5.48877  0.00278267
        3595    -5.47755    -5.48877   0.0027819
        3596    -5.47966    -5.48876  0.00278112
        3597    -5.48235    -5.48876  0.00278035
        3598    -5.48544    -5.48876  0.00277958
        3599    -5.48803    -5.48876  0.00277881
        3600    -5.49115    -5.48876  0.00277803
        3601    -5.49476    -5.48876  0.00277726
        3602    -5.49839    -5.48877  0.00277649
        3603    -5.50185    -5.48877  0.00277573
        3604    -5.50617    -5.48878  0.00277496
        3605     -5.5101    -5.48878   0.0027742
        3606    -5.51376    -5.48879  0.00277343
        3607    -5.51785     -5.4888  0.00277268
        3608    -5.52204    -5.48881  0.00277192
        3609    -5.52629    -5.48882  0.00277118
        3610    -5.53025    -5.48883  0.00277043
        3611    -5.53373    -5.48884  0.00276969
        3612     -5.5367    -5.48885  0.00276896
        3613    -5.53971    -5.48887  0.00276823
        3614    -5.54259    -5.48888   0.0027675
        3615    -5.54469     -5.4889  0.00276678
        3616    -5.54718    -5.48891  0.00276606
        3617    -5.54884    -5.48893  0.00276535
        3618    -5.55024    -5.48895  0.00276463
        3619    -5.55134    -5.48896  0.00276392
        3620    -5.55169    -5.48898  0.00276321
        3621    -5.55156      -5.489   0.0027625
        3622    -5.55124    -5.48902   0.0027618
        3623    -5.55042    -5.48903  0.00276108
        3624    -5.54924    -5.48905  0.00276037
        3625    -5.54726    -5.48907  0.00275966
        3626    -5.54462    -5.48908  0.00275894
        3627    -5.54178     -5.4891  0.00275822
        3628    -5.53845    -5.48911  0.00275749
        3629    -5.53449    -5.48912  0.00275676
        3630    -5.52961    -5.48913  0.00275602
        3631    -5.52473    -5.48914  0.00275528
        3632    -5.51974    -5.48915  0.00275453
        3633    -5.51434    -5.48916  0.00275379
        3634    -5.50768    -5.48916  0.00275303
        3635    -5.50158    -5.48917  0.00275228
        3636    -5.49488    -5.48917  0.00275152
        3637    -5.48776    -5.48917  0.00275076
        3638    -5.48026    -5.48917  0.00275001
        3639    -5.47256    -5.48916  0.00274926
        3640    -5.46456    -5.48915  0.00274851
        3641     -5.4563    -5.48914  0.00274777
        3642    -5.44856    -5.48913  0.00274704
        3643    -5.44063    -5.48912  0.00274632
        3644    -5.43301     -5.4891  0.00274561
        3645    -5.42511    -5.48909  0.00274491
        3646    -5.41727    -5.48907  0.00274423
        3647    -5.40969    -5.48905  0.00274356
        3648    -5.40223    -5.48902  0.00274291
        3649    -5.39507      -5.489  0.00274228
        3650    -5.38793    -5.48897  0.00274167
        3651    -5.38144    -5.48894  0.00274108
        3652    -5.37441    -5.48891  0.00274051
        3653    -5.36776    -5.48887  0.00273996
        3654    -5.36105    -5.48884  0.00273943
        3655    -5.35535     -5.4888  0.00273892
        3656    -5.34977    -5.48877  0.00273844
        3657    -5.34401    -5.48873  0.00273798
        3658    -5.33914    -5.48868  0.00273753
        3659    -5.33442    -5.48864  0.00273711
        3660    -5.32955     -5.4886  0.00273671
        3661    -5.32531    -5.48855  0.00273632
        3662    -5.32171    -5.48851  0.00273595
        3663    -5.31815    -5.48846   0.0027356
        3664    -5.31465    -5.48841  0.00273527
        3665    -5.31198    -5.48837  0.00273494
        3666    -5.30955    -5.48832  0.00273463
        3667    -5.30752    -5.48827  0.00273433
        3668     -5.3056    -5.48822  0.00273404
        3669    -5.30427    -5.48817  0.00273375
        3670    -5.30293    -5.48812  0.00273348
        3671    -5.30279    -5.48807   0.0027332
        3672    -5.30297    -5.48802  0.00273292
        3673    -5.30316    -5.48797  0.00273264
        3674    -5.30381    -5.48792  0.00273235
        3675    -5.30479    -5.48787  0.00273206
        3676    -5.30684    -5.48782  0.00273176
        3677    -5.30919    -5.48777  0.00273145
        3678    -5.31274    -5.48772  0.00273112
        3679    -5.31656    -5.48768  0.00273078
        3680    -5.32019    -5.48763  0.00273042
        3681     -5.3245    -5.48759  0.00273003
        3682    -5.32901    -5.48754  0.00272963
        3683    -5.33415     -5.4875  0.00272921
        3684    -5.33883    -5.48746  0.00272877
        3685    -5.34391    -5.48742   0.0027283
        3686    -5.34967    -5.48738  0.00272782
        3687    -5.35561    -5.48735  0.00272731
        3688    -5.36185    -5.48731  0.00272679
        3689    -5.36804    -5.48728  0.00272624
        3690    -5.37399    -5.48725  0.00272567
        3691    -5.37998    -5.48722  0.00272509
        3692    -5.38597    -5.48719  0.00272449
        3693    -5.39222    -5.48717  0.00272387
        3694    -5.39856    -5.48714  0.00272324
        3695    -5.40466    -5.48712   0.0027226
        3696    -5.41034     -5.4871  0.00272194
        3697    -5.41604    -5.48708  0.00272127
        3698    -5.42205    -5.48707  0.00272059
        3699    -5.42743    -5.48705   0.0027199
        3700    -5.43295    -5.48703  0.00271921
        3701    -5.43845    -5.48702   0.0027185
        3702    -5.44361    -5.48701   0.0027178
        3703    -5.44846      -5.487  0.00271708
        3704    -5.45298    -5.48699  0.00271636
        3705     -5.4578    -5.48698  0.00271564
        3706    -5.46203    -5.48698  0.00271492
        3707    -5.46568    -5.48697  0.00271419
        3708    -5.46937    -5.48696  0.00271346
        3709    -5.47281    -5.48696  0.00271273
        3710     -5.4765    -5.48696    0.002712
        3711    -5.47998    -5.48696  0.00271127
        3712    -5.48405    -5.48696  0.00271054
        3713    -5.48752    -5.48696  0.00270981
        3714    -5.49177    -5.48696  0.00270908
        3715    -5.49561    -5.48696  0.00270836
        3716    -5.49953    -5.48696  0.00270763
        3717    -5.50353    -5.48697   0.0027069
        3718    -5.50733    -5.48697  0.00270618
        3719    -5.51155    -5.48698  0.00270546
        3720     -5.5159    -5.48699  0.00270475
        3721    -5.52024      -5.487  0.00270403
        3722    -5.52487    -5.48701  0.00270333
        3723    -5.52994    -5.48702  0.00270263
        3724      -5.535    -5.48703  0.00270193
        3725    -5.54004    -5.48704  0.00270124
        3726    -5.54551    -5.48706  0.00270056
        3727    -5.55108    -5.48708  0.00269989
        3728    -5.55644     -5.4871  0.00269923
        3729    -5.56217    -5.48712  0.00269858
        3730     -5.5672    -5.48714  0.00269795
        3731    -5.57255    -5.48716  0.00269732
        3732    -5.57821    -5.48719  0.00269671
        3733    -5.58338    -5.48721  0.00269611
        3734    -5.58866    -5.48724  0.00269552
        3735      -5.594    -5.48727  0.00269495
        3736    -5.59952     -5.4873   0.0026944
        3737    -5.60491    -5.48733  0.00269386
        3738    -5.60982    -5.48736  0.00269334
        3739    -5.61469    -5.48739  0.00269284
        3740    -5.61919    -5.48743  0.00269235
        3741    -5.62313    -5.48747  0.00269187
        3742    -5.62725     -5.4875  0.00269141
        3743    -5.63108    -5.48754  0.00269097
        3744    -5.63443    -5.48758  0.00269053
        3745     -5.6367    -5.48762  0.00269011
        3746    -5.63921    -5.48766  0.00268969
        3747     -5.6415     -5.4877  0.00268929
        3748    -5.64326    -5.48774  0.00268889
        3749    -5.64476    -5.48779   0.0026885
        3750      -5.646    -5.48783  0.00268812
        3751    -5.64698    -5.48787  0.00268773
        3752    -5.64691    -5.48791  0.00268735
        3753    -5.64671    -5.48796  0.00268697
        3754    -5.64638      -5.488  0.00268658
        3755    -5.64484    -5.48804  0.00268619
        3756    -5.64347    -5.48808   0.0026858
        3757    -5.64151    -5.48812  0.00268539
        3758    -5.63881    -5.48816  0.00268498
        3759    -5.63643     -5.4882  0.00268455
        3760    -5.63363    -5.48824  0.00268412
        3761    -5.62965    -5.48828  0.00268367
        3762    -5.62543    -5.48831   0.0026832
        3763    -5.62096    -5.48835  0.00268272
        3764    -5.61565    -5.48838  0.00268222
        3765     -5.6106    -5.48842   0.0026817
        3766    -5.60551    -5.48845  0.00268117
        3767    -5.59979    -5.48848  0.00268062
        3768    -5.59362     -5.4885  0.00268006
        3769    -5.58748    -5.48853  0.00267948
        3770    -5.58109    -5.48855  0.00267888
        3771    -5.57433    -5.48858  0.00267826
        3772    -5.56737     -5.4886  0.00267763
        3773    -5.56054    -5.48862  0.00267699
        3774    -5.55327    -5.48863  0.00267634
        3775    -5.54573    -5.48865  0.00267567
        3776    -5.53811    -5.48866    0.002675
        3777    -5.53028    -5.48867  0.00267431
        3778    -5.52227    -5.48868  0.00267362
        3779    -5.51472    -5.48869  0.00267292
        3780    -5.50674    -5.48869  0.00267222
        3781    -5.49866     -5.4887  0.00267151
        3782    -5.49112     -5.4887   0.0026708
        3783    -5.48337     -5.4887   0.0026701
        3784    -5.47559    -5.48869  0.00266939
        3785     -5.4681    -5.48869   0.0026687
        3786    -5.46153    -5.48868    0.002668
        3787    -5.45483    -5.48867  0.00266731
        3788    -5.44832    -5.48866  0.00266663
        3789    -5.44187    -5.48865  0.00266595
        3790    -5.43607    -5.48863  0.00266528
        3791    -5.42929    -5.48862  0.00266463
        3792     -5.4235     -5.4886  0.00266398
        3793    -5.41779    -5.48858  0.00266334
        3794    -5.41278    -5.48856  0.00266272
        3795    -5.40756    -5.48854   0.0026621
        3796    -5.40259    -5.48852   0.0026615
        3797    -5.39817     -5.4885   0.0026609
        3798    -5.39415    -5.48847  0.00266032
        3799    -5.39039    -5.48844  0.00265974
        3800    -5.38657    -5.48842  0.00265918
        3801    -5.38331    -5.48839  0.00265862
        3802     -5.3803    -5.48836  0.00265807
        3803    -5.37694    -5.48833  0.00265754
        3804    -5.37367     -5.4883  0.00265701
        3805     -5.3708    -5.48827  0.00265649
        3806    -5.36833    -5.48824  0.00265598
        3807    -5.36639    -5.48821  0.00265547
        3808    -5.36438    -5.48818  0.00265498
        3809    -5.36274    -5.48814  0.00265448
        3810    -5.36087    -5.48811    0.002654
        3811    -5.35967    -5.48808  0.00265351
        3812    -5.35836    -5.48804  0.00265304
        3813    -5.35739    -5.48801  0.00265256
        3814     -5.3572    -5.48797  0.00265209
        3815    -5.35642    -5.48794  0.00265162
        3816    -5.35622     -5.4879  0.00265115
        3817    -5.35556    -5.48787  0.00265068
        3818      -5.355    -5.48783  0.00265021
        3819    -5.35513     -5.4878  0.00264975
        3820    -5.35474    -5.48776  0.00264928
        3821    -5.35499    -5.48773  0.00264882
        3822    -5.35527     -5.4877  0.00264835
        3823    -5.35526    -5.48766  0.00264788
        3824    -5.35493    -5.48763  0.00264742
        3825    -5.35471    -5.48759  0.00264695
        3826    -5.35488    -5.48756  0.00264649
        3827    -5.35498    -5.48752  0.00264603
        3828    -5.35512    -5.48749  0.00264556
        3829    -5.35485    -5.48745   0.0026451
        3830    -5.35429    -5.48742  0.00264463
        3831    -5.35374    -5.48738  0.00264417
        3832    -5.35349    -5.48735  0.00264371
        3833    -5.35277    -5.48731  0.00264326
        3834    -5.35172    -5.48728   0.0026428
        3835    -5.35035    -5.48724  0.00264236
        3836    -5.34864    -5.48721  0.00264192
        3837     -5.3469    -5.48717  0.00264148
        3838    -5.34513    -5.48713  0.00264105
        3839    -5.34275    -5.48709  0.00264063
        3840     -5.3402    -5.48706  0.00264022
        3841    -5.33794    -5.48702  0.00263982
        3842     -5.3351    -5.48698  0.00263943
        3843    -5.33228    -5.48694  0.00263905
        3844    -5.32981     -5.4869  0.00263868
        3845    -5.32724    -5.48686  0.00263832
        3846    -5.32445    -5.48681  0.00263797
        3847    -5.32115    -5.48677  0.00263764
        3848    -5.31781    -5.48673  0.00263731
        3849    -5.31521    -5.48668  0.00263701
        3850    -5.31216    -5.48664  0.00263671
        3851    -5.30927    -5.48659  0.00263643
        3852    -5.30612    -5.48654  0.00263616
        3853    -5.30316     -5.4865  0.00263591
        3854    -5.30088    -5.48645  0.00263566
        3855    -5.29791     -5.4864  0.00263543
        3856    -5.29532    -5.48635  0.00263521
        3857    -5.29313     -5.4863  0.00263501
        3858    -5.29073    -5.48625  0.00263481
        3859    -5.28889     -5.4862  0.00263462
        3860    -5.28684    -5.48615  0.00263445
        3861    -5.28504    -5.48609  0.00263428
        3862     -5.2829    -5.48604  0.00263412
        3863    -5.28114    -5.48599  0.00263398
        3864    -5.27918    -5.48593  0.00263384
        3865     -5.2776    -5.48588  0.00263371
        3866    -5.27581    -5.48583  0.00263359
        3867    -5.27439    -5.48577  0.00263347
        3868    -5.27319    -5.48572  0.00263337
        3869    -5.27161    -5.48566  0.00263327
        3870    -5.27055    -5.48561  0.00263317
        3871    -5.26941    -5.48555  0.00263309
        3872    -5.26848    -5.48549    0.002633
        3873    -5.26792    -5.48544  0.00263292
        3874    -5.26698    -5.48538  0.00263285
        3875    -5.26613    -5.48532  0.00263277
        3876    -5.26521    -5.48527  0.00263271
        3877    -5.26439    -5.48521  0.00263264
        3878    -5.26339    -5.48515  0.00263259
        3879    -5.26282     -5.4851  0.00263253
        3880     -5.2624    -5.48504  0.00263248
        3881    -5.26214    -5.48498  0.00263243
        3882    -5.26238    -5.48492  0.00263237
        3883    -5.26281    -5.48487  0.00263232
        3884    -5.26347    -5.48481  0.00263226
        3885    -5.26453    -5.48475  0.00263219
        3886    -5.26539     -5.4847  0.00263212
        3887    -5.26636    -5.48464  0.00263204
        3888    -5.26748    -5.48458  0.00263196
        3889    -5.26888    -5.48453  0.00263186
        3890    -5.27134    -5.48447  0.00263176
        3891     -5.2732    -5.48442  0.00263164
        3892    -5.27597    -5.48437  0.00263151
        3893    -5.27888    -5.48431  0.00263136
        3894    -5.28194    -5.48426   0.0026312
        3895    -5.28557    -5.48421  0.00263102
        3896    -5.28916    -5.48416  0.00263082
        3897    -5.29299    -5.48411   0.0026306
        3898    -5.29735    -5.48406  0.00263036
        3899    -5.30131    -5.48402  0.00263011
        3900    -5.30605    -5.48397  0.00262983
        3901    -5.31018    -5.48393  0.00262953
        3902    -5.31565    -5.48388  0.00262921
        3903     -5.3206    -5.48384  0.00262887
        3904    -5.32562     -5.4838  0.00262851
        3905    -5.33067    -5.48376  0.00262813
        3906    -5.33605    -5.48372  0.00262773
        3907    -5.34141    -5.48369  0.00262731
        3908    -5.34675    -5.48365  0.00262687
        3909     -5.3522    -5.48362  0.00262641
        3910    -5.35667    -5.48359  0.00262594
        3911    -5.36183    -5.48356  0.00262545
        3912    -5.36629    -5.48353  0.00262495
        3913    -5.37111     -5.4835  0.00262444
        3914    -5.37582    -5.48347  0.00262391
        3915    -5.37998    -5.48344  0.00262338
        3916    -5.38479    -5.48342  0.00262283
        3917    -5.38919    -5.48339  0.00262227
        3918    -5.39364    -5.48337   0.0026217
        3919    -5.39769    -5.48335  0.00262112
        3920    -5.40135    -5.48333  0.00262054
        3921    -5.40553    -5.48331  0.00261994
        3922    -5.40934    -5.48329  0.00261934
        3923    -5.41323    -5.48327  0.00261874
        3924    -5.41676    -5.48325  0.00261812
        3925    -5.42038    -5.48324  0.00261751
        3926    -5.42351    -5.48322  0.00261688
        3927    -5.42691    -5.48321  0.00261626
        3928    -5.43043     -5.4832  0.00261563
        3929    -5.43331    -5.48318  0.00261499
        3930    -5.43693    -5.48317  0.00261435
        3931    -5.44053    -5.48316  0.00261371
        3932    -5.44365    -5.48315  0.00261306
        3933    -5.44719    -5.48314  0.00261242
        3934    -5.45039    -5.48313  0.00261176
        3935    -5.45372    -5.48312  0.00261111
        3936    -5.45714    -5.48312  0.00261046
        3937    -5.46021    -5.48311   0.0026098
        3938    -5.46307    -5.48311  0.00260914
        3939    -5.46599     -5.4831  0.00260848
        3940    -5.46913     -5.4831  0.00260782
        3941    -5.47201     -5.4831  0.00260716
        3942    -5.47477    -5.48309   0.0026065
        3943    -5.47739    -5.48309  0.00260584
        3944    -5.47972    -5.48309  0.00260518
        3945    -5.48174    -5.48309  0.00260452
        3946    -5.48388    -5.48309  0.00260386
        3947    -5.48614    -5.48309   0.0026032
        3948     -5.4882    -5.48309  0.00260254
        3949    -5.48975     -5.4831  0.00260188
        3950    -5.49078     -5.4831  0.00260123
        3951    -5.49205     -5.4831  0.00260057
        3952    -5.49308     -5.4831  0.00259991
        3953    -5.49389    -5.48311  0.00259926
        3954    -5.49418    -5.48311   0.0025986
        3955      -5.495    -5.48311  0.00259794
        3956    -5.49546    -5.48311  0.00259729
        3957    -5.49542    -5.48312  0.00259664
        3958    -5.49534    -5.48312  0.00259598
        3959     -5.4951    -5.48312  0.00259533
        3960    -5.49441    -5.48313  0.00259467
        3961    -5.49389    -5.48313  0.00259402
        3962    -5.49298    -5.48313  0.00259337
        3963    -5.49214    -5.48313  0.00259271
        3964    -5.49127    -5.48314  0.00259206
        3965    -5.49039    -5.48314  0.00259141
        3966    -5.48922    -5.48314  0.00259075
        3967    -5.48825    -5.48314   0.0025901
        3968    -5.48737    -5.48314  0.00258945
        3969    -5.48659    -5.48314   0.0025888
        3970     -5.4858    -5.48314  0.00258814
        3971    -5.48547    -5.48314  0.00258749
        3972    -5.48472    -5.48314  0.00258684
        3973    -5.48462    -5.48314  0.00258619
        3974    -5.48503    -5.48314  0.00258554
        3975    -5.48537    -5.48315  0.00258489
        3976    -5.48623    -5.48315  0.00258424
        3977    -5.48656    -5.48315  0.00258359
        3978    -5.48742    -5.48315  0.00258294
        3979    -5.48866    -5.48315  0.00258229
        3980    -5.49011    -5.48315  0.00258164
        3981    -5.49192    -5.48315  0.00258099
        3982    -5.49287    -5.48316  0.00258035
        3983    -5.49446    -5.48316   0.0025797
        3984    -5.49683    -5.48316  0.00257906
        3985     -5.4995    -5.48317  0.00257841
        3986    -5.50202    -5.48317  0.00257777
        3987    -5.50468    -5.48318  0.00257713
        3988    -5.50761    -5.48318  0.00257649
        3989    -5.51021    -5.48319  0.00257585
        3990    -5.51338     -5.4832  0.00257522
        3991    -5.51665    -5.48321  0.00257459
        3992    -5.52019    -5.48321  0.00257396
        3993    -5.52414    -5.48322  0.00257333
        3994     -5.5279    -5.48324  0.00257271
        3995    -5.53148    -5.48325   0.0025721
        3996    -5.53518    -5.48326  0.00257149
        3997    -5.53963    -5.48328  0.00257088
        3998    -5.54361    -5.48329  0.00257028
        3999    -5.54818    -5.48331  0.00256969
        4000    -5.55275    -5.48332  0.00256911
        4001    -5.55716    -5.48334  0.00256853
        4002    -5.56141    -5.48336  0.00256797
        4003     -5.5658    -5.48338  0.00256741
        4004    -5.57075     -5.4834  0.00256686
        4005    -5.57581    -5.48343  0.00256632
        4006    -5.58094    -5.48345   0.0025658
        4007    -5.58581    -5.48348  0.00256528
        4008    -5.59038     -5.4835  0.00256478
        4009    -5.59536    -5.48353  0.00256429
        4010    -5.60087    -5.48356  0.00256382
        4011    -5.60518    -5.48359  0.00256336
        4012    -5.60946    -5.48362  0.00256291
        4013     -5.6132    -5.48365  0.00256248
        4014    -5.61741    -5.48369  0.00256206
        4015    -5.62098    -5.48372  0.00256165
        4016    -5.62403    -5.48376  0.00256125
        4017     -5.6271    -5.48379  0.00256086
        4018     -5.6291    -5.48383  0.00256048
        4019    -5.63077    -5.48387   0.0025601
        4020    -5.63191     -5.4839  0.00255973
        4021    -5.63297    -5.48394  0.00255936
        4022    -5.63332    -5.48398  0.00255899
        4023    -5.63296    -5.48401  0.00255863
        4024    -5.63174    -5.48405  0.00255825
        4025    -5.63026    -5.48409  0.00255788
        4026    -5.62884    -5.48412  0.00255749
        4027    -5.62642    -5.48416   0.0025571
        4028    -5.62365    -5.48419   0.0025567
        4029    -5.62068    -5.48423  0.00255629
        4030     -5.6165    -5.48426  0.00255587
        4031    -5.61234    -5.48429  0.00255543
        4032    -5.60747    -5.48432  0.00255498
        4033     -5.6027    -5.48435  0.00255451
        4034    -5.59775    -5.48438  0.00255404
        4035    -5.59235    -5.48441  0.00255354
        4036    -5.58625    -5.48443  0.00255304
        4037    -5.57964    -5.48445  0.00255251
        4038    -5.57315    -5.48448  0.00255197
        4039    -5.56742     -5.4845  0.00255142
        4040      -5.561    -5.48452  0.00255086
        4041     -5.5542    -5.48453  0.00255029
        4042    -5.54738    -5.48455  0.00254971
        4043     -5.5404    -5.48456  0.00254911
        4044    -5.53376    -5.48458  0.00254851
        4045    -5.52703    -5.48459   0.0025479
        4046    -5.52009    -5.48459  0.00254729
        4047    -5.51341     -5.4846  0.00254667
        4048    -5.50747    -5.48461  0.00254605
        4049    -5.50185    -5.48461  0.00254542
        4050    -5.49579    -5.48461  0.00254479
        4051    -5.49008    -5.48462  0.00254417
        4052    -5.48503    -5.48462  0.00254354
        4053    -5.47975    -5.48461  0.00254291
        4054    -5.47424    -5.48461  0.00254229
        4055    -5.46912    -5.48461  0.00254166
        4056    -5.46438     -5.4846  0.00254104
        4057    -5.46004     -5.4846  0.00254042
        4058    -5.45578    -5.48459   0.0025398
        4059    -5.45161    -5.48458  0.00253919
        4060    -5.44798    -5.48457  0.00253858
        4061    -5.44412    -5.48456  0.00253798
        4062    -5.44109    -5.48455  0.00253737
        4063    -5.43872    -5.48454  0.00253678
        4064     -5.4358    -5.48453  0.00253618
        4065    -5.43306    -5.48452  0.00253559
        4066    -5.43079     -5.4845    0.002535
        4067    -5.42823    -5.48449  0.00253441
        4068    -5.42641    -5.48447  0.00253383
        4069    -5.42472    -5.48446  0.00253325
        4070    -5.42269    -5.48445  0.00253267
        4071    -5.42091    -5.48443   0.0025321
        4072    -5.41982    -5.48441  0.00253153
        4073    -5.41819     -5.4844  0.00253096
        4074    -5.41678    -5.48438  0.00253039
        4075    -5.41526    -5.48436  0.00252983
        4076    -5.41363    -5.48435  0.00252927
        4077    -5.41233    -5.48433  0.00252871
        4078    -5.41076    -5.48431  0.00252815
        4079    -5.40936    -5.48429   0.0025276
        4080    -5.40814    -5.48427  0.00252705
        4081    -5.40695    -5.48425   0.0025265
        4082    -5.40593    -5.48424  0.00252595
        4083    -5.40448    -5.48422  0.00252541
        4084    -5.40276     -5.4842  0.00252487
        4085    -5.40123    -5.48418  0.00252433
        4086    -5.40004    -5.48416   0.0025238
        4087     -5.3992    -5.48413  0.00252327
        4088    -5.39796    -5.48411  0.00252274
        4089    -5.39678    -5.48409  0.00252221
        4090    -5.39581    -5.48407  0.00252169
        4091    -5.39459    -5.48405  0.00252117
        4092     -5.3939    -5.48403  0.00252065
        4093    -5.39313      -5.484  0.00252013
        4094    -5.39242    -5.48398  0.00251961
        4095    -5.39223    -5.48396   0.0025191
        4096    -5.39135    -5.48394  0.00251858
        4097    -5.39069    -5.48391  0.00251807
        4098    -5.39039    -5.48389  0.00251756
        4099     -5.3906    -5.48387  0.00251705
        4100     -5.3904    -5.48385  0.00251654
        4101    -5.38994    -5.48382  0.00251603
        4102    -5.38982     -5.4838  0.00251552
        4103    -5.38929    -5.48378  0.00251501
        4104    -5.38923    -5.48375   0.0025145
        4105     -5.3895    -5.48373    0.002514
        4106    -5.38934    -5.48371  0.00251349
        4107    -5.38934    -5.48368  0.00251298
        4108    -5.38907    -5.48366  0.00251248
        4109    -5.38942    -5.48364  0.00251197
        4110     -5.3898    -5.48362  0.00251146
        4111    -5.38929    -5.48359  0.00251096
        4112    -5.38941    -5.48357  0.00251045
        4113    -5.38911    -5.48355  0.00250994
        4114     -5.3893    -5.48352  0.00250944
        4115    -5.38909     -5.4835  0.00250893
        4116    -5.38924    -5.48348  0.00250843
        4117    -5.38991    -5.48346  0.00250792
        4118    -5.39035    -5.48343  0.00250742
        4119    -5.39088    -5.48341  0.00250691
        4120     -5.3915    -5.48339   0.0025064
        4121    -5.39222    -5.48337  0.00250589
        4122    -5.39275    -5.48334  0.00250538
        4123    -5.39325    -5.48332  0.00250486
        4124    -5.39417     -5.4833  0.00250435
        4125    -5.39521    -5.48328  0.00250383
        4126    -5.39637    -5.48326  0.00250332
        4127    -5.39751    -5.48324   0.0025028
        4128     -5.3986    -5.48322  0.00250227
        4129     -5.4001     -5.4832  0.00250175
        4130    -5.40154    -5.48318  0.00250122
        4131    -5.40351    -5.48316  0.00250069
        4132    -5.40539    -5.48314  0.00250015
        4133    -5.40686    -5.48312  0.00249962
        4134     -5.4085     -5.4831  0.00249908
        4135    -5.41028    -5.48308  0.00249854
        4136    -5.41218    -5.48307  0.00249799
        4137    -5.41419    -5.48305  0.00249744
        4138    -5.41565    -5.48303  0.00249689
        4139    -5.41717    -5.48302  0.00249634
        4140    -5.41855      -5.483  0.00249579
        4141    -5.41933    -5.48299  0.00249523
        4142     -5.4204    -5.48297  0.00249467
        4143    -5.42112    -5.48296  0.00249412
        4144    -5.42166    -5.48294  0.00249356
        4145    -5.42274    -5.48293    0.002493
        4146      -5.423    -5.48291  0.00249244
        4147    -5.42336     -5.4829  0.00249188
        4148    -5.42351    -5.48289  0.00249132
        4149    -5.42299    -5.48287  0.00249076
        4150    -5.42258    -5.48286   0.0024902
        4151    -5.42183    -5.48284  0.00248965
        4152     -5.4209    -5.48283  0.00248909
        4153    -5.41996    -5.48281  0.00248854
        4154    -5.41857     -5.4828  0.00248799
        4155    -5.41675    -5.48278  0.00248744
        4156    -5.41542    -5.48276  0.00248689
        4157    -5.41368    -5.48275  0.00248635
        4158    -5.41185    -5.48273  0.00248581
        4159    -5.40994    -5.48271  0.00248528
        4160    -5.40856     -5.4827  0.00248474
        4161    -5.40649    -5.48268  0.00248421
        4162     -5.4045    -5.48266  0.00248369
        4163    -5.40228    -5.48264  0.00248317
        4164    -5.39982    -5.48262  0.00248265
        4165    -5.39742     -5.4826  0.00248214
        4166    -5.39476    -5.48258  0.00248163
        4167    -5.39244    -5.48256  0.00248113
        4168    -5.38968    -5.48253  0.00248063
        4169    -5.38661    -5.48251  0.00248015
        4170    -5.38353    -5.48249  0.00247966
        4171    -5.38027    -5.48246  0.00247919
        4172    -5.37742    -5.48244  0.00247872
        4173    -5.37406    -5.48241  0.00247827
        4174    -5.37048    -5.48238  0.00247782
        4175    -5.36638    -5.48236  0.00247738
        4176     -5.3622    -5.48233  0.00247695
        4177     -5.3578     -5.4823  0.00247654
        4178    -5.35318    -5.48227  0.00247614
        4179    -5.34849    -5.48223  0.00247575
        4180    -5.34362     -5.4822  0.00247538
        4181    -5.33795    -5.48217  0.00247503
        4182    -5.33274    -5.48213   0.0024747
        4183    -5.32725    -5.48209  0.00247438
        4184    -5.32167    -5.48206  0.00247409
        4185    -5.31603    -5.48202  0.00247382
        4186     -5.3104    -5.48198  0.00247357
        4187    -5.30496    -5.48193  0.00247334
        4188    -5.29962    -5.48189  0.00247313
        4189    -5.29413    -5.48184  0.00247294
        4190    -5.28917     -5.4818  0.00247278
        4191    -5.28465    -5.48175  0.00247264
        4192    -5.27956     -5.4817  0.00247252
        4193    -5.27504    -5.48165  0.00247242
        4194    -5.27145     -5.4816  0.00247234
        4195    -5.26869    -5.48155  0.00247227
        4196    -5.26621     -5.4815  0.00247221
        4197    -5.26513    -5.48145  0.00247216
        4198    -5.26382     -5.4814  0.00247212
        4199    -5.26306    -5.48135  0.00247208
        4200    -5.26333    -5.48129  0.00247203
        4201    -5.26466    -5.48124  0.00247198
        4202    -5.26613    -5.48119  0.00247192
        4203    -5.26851    -5.48114  0.00247185
        4204    -5.27193    -5.48109  0.00247177
        4205    -5.27515    -5.48104  0.00247166
        4206    -5.27951    -5.48099  0.00247154
        4207    -5.28466    -5.48095  0.00247139
        4208    -5.29055     -5.4809  0.00247122
        4209      -5.297    -5.48086  0.00247102
        4210     -5.3041    -5.48082  0.00247079
        4211    -5.31118    -5.48078  0.00247053
        4212    -5.31926    -5.48074  0.00247024
        4213    -5.32707     -5.4807  0.00246992
        4214     -5.3356    -5.48067  0.00246958
        4215    -5.34421    -5.48064   0.0024692
        4216    -5.35284    -5.48061   0.0024688
        4217    -5.36176    -5.48058  0.00246838
        4218    -5.37045    -5.48055  0.00246793
        4219     -5.3792    -5.48053  0.00246747
        4220    -5.38841     -5.4805  0.00246698
        4221    -5.39761    -5.48049  0.00246647
        4222    -5.40661    -5.48047  0.00246595
        4223    -5.41554    -5.48045  0.00246541
        4224    -5.42454    -5.48044  0.00246486
        4225    -5.43373    -5.48043  0.00246431
        4226     -5.4422    -5.48042  0.00246374
        4227    -5.45085    -5.48041  0.00246317
        4228     -5.4595    -5.48041  0.00246259
        4229     -5.4671     -5.4804  0.00246201
        4230    -5.47484     -5.4804  0.00246143
        4231    -5.48317     -5.4804  0.00246085
        4232    -5.49072    -5.48041  0.00246026
        4233     -5.4984    -5.48041  0.00245969
        4234    -5.50559    -5.48042  0.00245911
        4235    -5.51304    -5.48042  0.00245855
        4236    -5.51983    -5.48043  0.00245798
        4237    -5.52656    -5.48044  0.00245743
        4238    -5.53323    -5.48046  0.00245688
        4239    -5.53966    -5.48047  0.00245634
        4240    -5.54585    -5.48049  0.00245581
        4241    -5.55164     -5.4805  0.00245529
        4242    -5.55702    -5.48052  0.00245477
        4243    -5.56228    -5.48054  0.00245427
        4244     -5.5671    -5.48056  0.00245378
        4245    -5.57148    -5.48058  0.00245329
        4246    -5.57617     -5.4806  0.00245282
        4247    -5.58055    -5.48063  0.00245235
        4248    -5.58447    -5.48065   0.0024519
        4249    -5.58746    -5.48068  0.00245145
        4250    -5.59148     -5.4807  0.00245101
        4251    -5.59397    -5.48073  0.00245058
        4252    -5.59613    -5.48076  0.00245015
        4253    -5.59781    -5.48078  0.00244973
        4254    -5.60021    -5.48081  0.00244932
        4255    -5.60137    -5.48084   0.0024489
        4256    -5.60267    -5.48087   0.0024485
        4257    -5.60349     -5.4809  0.00244809
        4258    -5.60355    -5.48093  0.00244769
        4259     -5.6036    -5.48096  0.00244728
        4260    -5.60426    -5.48098  0.00244688
        4261    -5.60402    -5.48101  0.00244647
        4262    -5.60334    -5.48104  0.00244607
        4263    -5.60194    -5.48107  0.00244566
        4264    -5.60118     -5.4811  0.00244525
        4265    -5.59971    -5.48113  0.00244483
        4266     -5.5986    -5.48115  0.00244441
        4267    -5.59695    -5.48118  0.00244399
        4268    -5.59462    -5.48121  0.00244356
        4269    -5.59222    -5.48123  0.00244313
        4270    -5.58944    -5.48126  0.00244269
        4271    -5.58646    -5.48128  0.00244224
        4272    -5.58341    -5.48131  0.00244179
        4273    -5.57985    -5.48133  0.00244132
        4274     -5.5767    -5.48135  0.00244085
        4275    -5.57319    -5.48137  0.00244038
        4276    -5.56888     -5.4814  0.00243989
        4277    -5.56513    -5.48141   0.0024394
        4278    -5.56056    -5.48143   0.0024389
        4279    -5.55641    -5.48145  0.00243839
        4280     -5.5516    -5.48147  0.00243788
        4281    -5.54704    -5.48148  0.00243736
        4282    -5.54214     -5.4815  0.00243683
        4283    -5.53674    -5.48151  0.00243629
        4284    -5.53176    -5.48152  0.00243575
        4285    -5.52598    -5.48153  0.00243521
        4286    -5.52033    -5.48154  0.00243466
        4287    -5.51466    -5.48155   0.0024341
        4288    -5.50838    -5.48155  0.00243354
        4289    -5.50255    -5.48156  0.00243298
        4290    -5.49585    -5.48156  0.00243241
        4291    -5.48903    -5.48156  0.00243185
        4292    -5.48196    -5.48156  0.00243128
        4293    -5.47573    -5.48156  0.00243072
        4294    -5.46885    -5.48156  0.00243015
        4295     -5.4627    -5.48156  0.00242959
        4296    -5.45581    -5.48155  0.00242903
        4297    -5.44926    -5.48154  0.00242848
        4298    -5.44278    -5.48153  0.00242793
        4299    -5.43656    -5.48152  0.00242739
        4300    -5.42987    -5.48151  0.00242685
        4301    -5.42366     -5.4815  0.00242633
        4302    -5.41797    -5.48148  0.00242581
        4303    -5.41297    -5.48147  0.00242529
        4304     -5.4075    -5.48145  0.00242479
        4305     -5.4022    -5.48143   0.0024243
        4306    -5.39799    -5.48141  0.00242381
        4307    -5.39341    -5.48139  0.00242334
        4308    -5.38953    -5.48137  0.00242287
        4309    -5.38593    -5.48135  0.00242241
        4310    -5.38262    -5.48133  0.00242195
        4311    -5.37977     -5.4813  0.00242151
        4312    -5.37755    -5.48128  0.00242106
        4313    -5.37581    -5.48125  0.00242063
        4314    -5.37456    -5.48123  0.00242019
        4315    -5.37395     -5.4812  0.00241976
        4316    -5.37352    -5.48118  0.00241933
        4317    -5.37372    -5.48115  0.00241889
        4318    -5.37408    -5.48113  0.00241846
        4319    -5.37549     -5.4811  0.00241802
        4320    -5.37642    -5.48108  0.00241759
        4321    -5.37852    -5.48106  0.00241714
        4322    -5.38099    -5.48103  0.00241669
        4323    -5.38367    -5.48101  0.00241624
        4324    -5.38651    -5.48099  0.00241578
        4325    -5.38964    -5.48097  0.00241531
        4326    -5.39333    -5.48095  0.00241484
        4327    -5.39754    -5.48093  0.00241436
        4328    -5.40134    -5.48091  0.00241387
        4329    -5.40543    -5.48089  0.00241338
        4330    -5.41025    -5.48088  0.00241287
        4331     -5.4147    -5.48086  0.00241237
        4332    -5.41919    -5.48085  0.00241185
        4333    -5.42415    -5.48083  0.00241133
        4334    -5.42848    -5.48082   0.0024108
        4335    -5.43231    -5.48081  0.00241027
        4336    -5.43651     -5.4808  0.00240974
        4337    -5.44075    -5.48079   0.0024092
        4338    -5.44501    -5.48078  0.00240866
        4339    -5.44866    -5.48078  0.00240812
        4340     -5.4526    -5.48077  0.00240757
        4341    -5.45649    -5.48076  0.00240702
        4342    -5.45972    -5.48076  0.00240647
        4343    -5.46289    -5.48075  0.00240592
        4344    -5.46613    -5.48075  0.00240537
        4345    -5.46869    -5.48075  0.00240482
        4346      -5.471    -5.48075  0.00240427
        4347    -5.47307    -5.48074  0.00240371
        4348    -5.47445    -5.48074  0.00240316
        4349    -5.47589    -5.48074  0.00240261
        4350     -5.4774    -5.48074  0.00240206
        4351    -5.47839    -5.48074  0.00240151
        4352    -5.47947    -5.48074  0.00240095
        4353    -5.48004    -5.48074   0.0024004
        4354    -5.48087    -5.48074  0.00239985
        4355    -5.48168    -5.48074   0.0023993
        4356    -5.48158    -5.48074  0.00239875
        4357    -5.48163    -5.48074   0.0023982
        4358    -5.48155    -5.48074  0.00239765
        4359    -5.48106    -5.48074   0.0023971
        4360    -5.48017    -5.48074  0.00239655
        4361    -5.47982    -5.48074    0.002396
        4362     -5.4791    -5.48074  0.00239545
        4363    -5.47849    -5.48074   0.0023949
        4364    -5.47801    -5.48074  0.00239435
        4365    -5.47721    -5.48074   0.0023938
        4366    -5.47612    -5.48074  0.00239326
        4367    -5.47505    -5.48074  0.00239271
        4368    -5.47476    -5.48073  0.00239216
        4369    -5.47389    -5.48073  0.00239161
        4370    -5.47382    -5.48073  0.00239107
        4371     -5.4732    -5.48073  0.00239052
        4372    -5.47276    -5.48073  0.00238997
        4373    -5.47221    -5.48073  0.00238943
        4374     -5.4714    -5.48072  0.00238888
        4375    -5.47153    -5.48072  0.00238834
        4376    -5.47153    -5.48072  0.00238779
        4377    -5.47124    -5.48072  0.00238725
        4378    -5.47094    -5.48071   0.0023867
        4379    -5.47078    -5.48071  0.00238616
        4380    -5.47104    -5.48071  0.00238562
        4381     -5.4711    -5.48071  0.00238507
        4382     -5.4708    -5.48071  0.00238453
        4383    -5.47011     -5.4807  0.00238399
        4384    -5.46933     -5.4807  0.00238344
        4385    -5.46904     -5.4807   0.0023829
        4386    -5.46847     -5.4807  0.00238236
        4387    -5.46791    -5.48069  0.00238182
        4388    -5.46764    -5.48069  0.00238128
        4389    -5.46661    -5.48069  0.00238074
        4390    -5.46572    -5.48068   0.0023802
        4391    -5.46479    -5.48068  0.00237966
        4392    -5.46279    -5.48068  0.00237912
        4393    -5.46136    -5.48067  0.00237858
        4394     -5.4593    -5.48067  0.00237805
        4395    -5.45693    -5.48066  0.00237751
        4396    -5.45455    -5.48065  0.00237698
        4397    -5.45158    -5.48065  0.00237645
        4398    -5.44893    -5.48064  0.00237592
        4399    -5.44619    -5.48063  0.00237539
        4400    -5.44306    -5.48062  0.00237487
        4401    -5.44003    -5.48062  0.00237434
        4402    -5.43712    -5.48061  0.00237383
        4403    -5.43483    -5.48059  0.00237331
        4404    -5.43166    -5.48058   0.0023728
        4405    -5.42857    -5.48057  0.00237229
        4406    -5.42574    -5.48056  0.00237178
        4407    -5.42245    -5.48055  0.00237128
        4408    -5.41994    -5.48053  0.00237078
        4409     -5.4181    -5.48052  0.00237029
        4410     -5.4162     -5.4805  0.00236979
        4411    -5.41504    -5.48049   0.0023693
        4412    -5.41372    -5.48047  0.00236881
        4413    -5.41244    -5.48046  0.00236833
        4414    -5.41256    -5.48044  0.00236784
        4415    -5.41245    -5.48043  0.00236735
        4416    -5.41212    -5.48041  0.00236687
        4417    -5.41248     -5.4804  0.00236638
        4418    -5.41353    -5.48038   0.0023659
        4419    -5.41527    -5.48037  0.00236541
        4420    -5.41694    -5.48035  0.00236491
        4421    -5.41868    -5.48034  0.00236442
        4422    -5.42062    -5.48033  0.00236392
        4423    -5.42334    -5.48031  0.00236343
        4424    -5.42636     -5.4803  0.00236292
        4425    -5.42996    -5.48029  0.00236242
        4426    -5.43351    -5.48028  0.00236191
        4427    -5.43713    -5.48027  0.00236139
        4428    -5.44092    -5.48026  0.00236088
        4429    -5.44547    -5.48025  0.00236036
        4430    -5.44999    -5.48024  0.00235983
        4431    -5.45415    -5.48024  0.00235931
        4432    -5.45851    -5.48023  0.00235878
        4433    -5.46305    -5.48023  0.00235825
        4434    -5.46729    -5.48023  0.00235772
        4435    -5.47135    -5.48023  0.00235719
        4436    -5.47568    -5.48022  0.00235666
        4437    -5.47963    -5.48022  0.00235613
        4438    -5.48396    -5.48022   0.0023556
        4439    -5.48819    -5.48023  0.00235507
        4440    -5.49216    -5.48023  0.00235454
        4441    -5.49602    -5.48023  0.00235401
        4442    -5.49975    -5.48024  0.00235349
        4443    -5.50351    -5.48024  0.00235296
        4444    -5.50621    -5.48025  0.00235244
        4445    -5.50893    -5.48025  0.00235192
        4446    -5.51271    -5.48026   0.0023514
        4447    -5.51589    -5.48027  0.00235089
        4448    -5.51891    -5.48028  0.00235037
        4449    -5.52149    -5.48029  0.00234986
        4450    -5.52377     -5.4803  0.00234936
        4451    -5.52651    -5.48031  0.00234885
        4452    -5.52881    -5.48032  0.00234835
        4453    -5.53114    -5.48033  0.00234785
        4454    -5.53335    -5.48034  0.00234735
        4455     -5.5353    -5.48035  0.00234686
        4456    -5.53716    -5.48037  0.00234637
        4457    -5.53894    -5.48038  0.00234588
        4458    -5.54034    -5.48039  0.00234539
        4459    -5.54275    -5.48041   0.0023449
        4460    -5.54449    -5.48042  0.00234442
        4461    -5.54574    -5.48044  0.00234394
        4462    -5.54679    -5.48045  0.00234346
        4463    -5.54825    -5.48047  0.00234299
        4464    -5.54965    -5.48048  0.00234251
        4465    -5.55082     -5.4805  0.00234204
        4466    -5.55191    -5.48051  0.00234157
        4467    -5.55258    -5.48053   0.0023411
        4468    -5.55372    -5.48055  0.00234064
        4469    -5.55469    -5.48056  0.00234017
        4470    -5.55516    -5.48058  0.00233971
        4471    -5.55478     -5.4806  0.00233924
        4472     -5.5549    -5.48061  0.00233878
        4473    -5.55472    -5.48063  0.00233832
        4474    -5.55452    -5.48065  0.00233785
        4475    -5.55353    -5.48066  0.00233739
        4476    -5.55263    -5.48068  0.00233692
        4477    -5.55092    -5.48069  0.00233645
        4478    -5.54838    -5.48071  0.00233598
        4479    -5.54608    -5.48072   0.0023355
        4480    -5.54327    -5.48074  0.00233502
        4481    -5.54027    -5.48075  0.00233454
        4482    -5.53681    -5.48076  0.00233405
        4483    -5.53322    -5.48078  0.00233356
        4484    -5.52938    -5.48079  0.00233306
        4485    -5.52548     -5.4808  0.00233257
        4486    -5.52157    -5.48081  0.00233206
        4487     -5.5174    -5.48081  0.00233156
        4488    -5.51271    -5.48082  0.00233105
        4489    -5.50845    -5.48083  0.00233054
        4490    -5.50379    -5.48083  0.00233002
        4491    -5.49951    -5.48084  0.00232951
        4492    -5.49537    -5.48084  0.00232899
        4493    -5.49187    -5.48084  0.00232848
        4494     -5.4877    -5.48084  0.00232796
        4495    -5.48456    -5.48084  0.00232744
        4496    -5.48128    -5.48084  0.00232692
        4497    -5.47833    -5.48084  0.00232641
        4498    -5.47606    -5.48084  0.00232589
        4499    -5.47401    -5.48084  0.00232537
        4500    -5.47221    -5.48084  0.00232486
        4501    -5.47066    -5.48084  0.00232434
        4502    -5.47012    -5.48083  0.00232383
        4503    -5.47028    -5.48083  0.00232331
        4504    -5.47023    -5.48083   0.0023228
        4505    -5.47084    -5.48083  0.00232228
        4506    -5.47226    -5.48083  0.00232177
        4507     -5.4731    -5.48082  0.00232125
        4508     -5.4744    -5.48082  0.00232074
        4509    -5.47612    -5.48082  0.00232022
        4510    -5.47794    -5.48082  0.00231971
        4511    -5.48058    -5.48082   0.0023192
        4512    -5.48281    -5.48082  0.00231868
        4513    -5.48535    -5.48082  0.00231817
        4514    -5.48803    -5.48082  0.00231765
        4515    -5.49067    -5.48083  0.00231714
        4516    -5.49369    -5.48083  0.00231663
        4517    -5.49647    -5.48083  0.00231612
        4518    -5.49959    -5.48084  0.00231561
        4519    -5.50243    -5.48084   0.0023151
        4520    -5.50481    -5.48085   0.0023146
        4521    -5.50763    -5.48085  0.00231409
        4522    -5.51027    -5.48086  0.00231359
        4523    -5.51272    -5.48087  0.00231309
        4524     -5.5154    -5.48087  0.00231259
        4525    -5.51816    -5.48088   0.0023121
        4526    -5.52084    -5.48089   0.0023116
        4527    -5.52342     -5.4809  0.00231111
        4528    -5.52575    -5.48091  0.00231062
        4529    -5.52796    -5.48092  0.00231013
        4530    -5.53036    -5.48093  0.00230965
        4531    -5.53248    -5.48094  0.00230917
        4532    -5.53477    -5.48095  0.00230869
        4533    -5.53631    -5.48097  0.00230821
        4534    -5.53784    -5.48098  0.00230774
        4535    -5.53877    -5.48099  0.00230726
        4536    -5.54043    -5.48101  0.00230679
        4537    -5.54087    -5.48102  0.00230632
        4538    -5.54205    -5.48103  0.00230585
        4539    -5.54258    -5.48105  0.00230538
        4540    -5.54308    -5.48106  0.00230492
        4541    -5.54354    -5.48107  0.00230445
        4542    -5.54395    -5.48109  0.00230398
        4543     -5.5437     -5.4811  0.00230352
        4544     -5.5434    -5.48111  0.00230305
        4545    -5.54289    -5.48113  0.00230259
        4546    -5.54217    -5.48114  0.00230212
        4547    -5.54109    -5.48115  0.00230165
        4548    -5.54009    -5.48117  0.00230118
        4549    -5.53829    -5.48118  0.00230071
        4550    -5.53688    -5.48119  0.00230024
        4551    -5.53495     -5.4812  0.00229976
        4552    -5.53282    -5.48122  0.00229928
        4553    -5.53123    -5.48123   0.0022988
        4554    -5.52869    -5.48124  0.00229832
        4555    -5.52609    -5.48125  0.00229784
        4556    -5.52313    -5.48126  0.00229735
        4557    -5.51982    -5.48126  0.00229686
        4558    -5.51646    -5.48127  0.00229637
        4559     -5.5135    -5.48128  0.00229588
        4560    -5.51019    -5.48129  0.00229539
        4561    -5.50638    -5.48129  0.00229489
        4562    -5.50237     -5.4813  0.00229439
        4563    -5.49756     -5.4813  0.00229389
        4564    -5.49301     -5.4813  0.00229339
        4565    -5.48829     -5.4813  0.00229289
        4566     -5.4834     -5.4813  0.00229239
        4567    -5.47897     -5.4813  0.00229188
        4568     -5.4741     -5.4813  0.00229138
        4569    -5.46913     -5.4813  0.00229088
        4570     -5.4644     -5.4813  0.00229038
        4571    -5.45919    -5.48129  0.00228989
        4572    -5.45385    -5.48128   0.0022894
        4573    -5.44858    -5.48128  0.00228891
        4574     -5.4436    -5.48127  0.00228842
        4575    -5.43942    -5.48126  0.00228794
        4576    -5.43552    -5.48125  0.00228746
        4577     -5.4312    -5.48124  0.00228699
        4578    -5.42774    -5.48123  0.00228652
        4579    -5.42461    -5.48122  0.00228605
        4580    -5.42202     -5.4812  0.00228559
        4581    -5.41987    -5.48119  0.00228513
        4582    -5.41927    -5.48118  0.00228467
        4583    -5.41844    -5.48116  0.00228421
        4584    -5.41802    -5.48115  0.00228376
        4585    -5.41876    -5.48113   0.0022833
        4586    -5.42007    -5.48112  0.00228284
        4587    -5.42164    -5.48111  0.00228238
        4588    -5.42478     -5.4811  0.00228191
        4589    -5.42843    -5.48108  0.00228145
        4590    -5.43177    -5.48107  0.00228097
        4591    -5.43598    -5.48106   0.0022805
        4592    -5.44083    -5.48105  0.00228002
        4593    -5.44612    -5.48105  0.00227953
        4594    -5.45149    -5.48104  0.00227905
        4595    -5.45748    -5.48104  0.00227856
        4596    -5.46386    -5.48103  0.00227806
        4597    -5.47059    -5.48103  0.00227757
        4598    -5.47729    -5.48103  0.00227708
        4599    -5.48375    -5.48103  0.00227658
        4600    -5.49069    -5.48103  0.00227609
        4601    -5.49773    -5.48104  0.00227559
        4602    -5.50423    -5.48104  0.00227511
        4603     -5.5109    -5.48105  0.00227462
        4604    -5.51725    -5.48105  0.00227414
        4605    -5.52371    -5.48106  0.00227367
        4606    -5.52933    -5.48107   0.0022732
        4607    -5.53501    -5.48109  0.00227273
        4608    -5.53981     -5.4811  0.00227227
        4609    -5.54449    -5.48111  0.00227182
        4610    -5.54903    -5.48113  0.00227138
        4611    -5.55375    -5.48114  0.00227094
        4612    -5.55757    -5.48116  0.00227051
        4613    -5.56173    -5.48118  0.00227008
        4614    -5.56532     -5.4812  0.00226966
        4615    -5.56897    -5.48121  0.00226925
        4616    -5.57253    -5.48123  0.00226885
        4617    -5.57527    -5.48125  0.00226845
        4618    -5.57857    -5.48128  0.00226805
        4619    -5.58125     -5.4813  0.00226767
        4620    -5.58437    -5.48132  0.00226729
        4621    -5.58675    -5.48134  0.00226691
        4622    -5.58885    -5.48137  0.00226654
        4623    -5.59084    -5.48139  0.00226617
        4624    -5.59288    -5.48141  0.00226581
        4625    -5.59498    -5.48144  0.00226545
        4626    -5.59713    -5.48146   0.0022651
        4627    -5.59934    -5.48149  0.00226475
        4628    -5.60085    -5.48151  0.00226441
        4629    -5.60195    -5.48154  0.00226407
        4630    -5.60369    -5.48157  0.00226374
        4631    -5.60516    -5.48159  0.00226341
        4632    -5.60617    -5.48162  0.00226308
        4633    -5.60718    -5.48165  0.00226275
        4634    -5.60785    -5.48167  0.00226243
        4635    -5.60834     -5.4817   0.0022621
        4636    -5.60861    -5.48173  0.00226178
        4637    -5.60881    -5.48176  0.00226146
        4638    -5.60861    -5.48178  0.00226114
        4639    -5.60921    -5.48181  0.00226082
        4640    -5.60864    -5.48184  0.00226049
        4641    -5.60764    -5.48187  0.00226017
        4642    -5.60621    -5.48189  0.00225984
        4643    -5.60494    -5.48192  0.00225951
        4644    -5.60323    -5.48195  0.00225917
        4645    -5.60108    -5.48197  0.00225883
        4646    -5.59835      -5.482  0.00225849
        4647    -5.59533    -5.48202  0.00225813
        4648    -5.59219    -5.48204  0.00225777
        4649     -5.5894    -5.48207   0.0022574
        4650     -5.5856    -5.48209  0.00225703
        4651    -5.58171    -5.48211  0.00225664
        4652    -5.57775    -5.48213  0.00225625
        4653    -5.57419    -5.48215  0.00225585
        4654    -5.57028    -5.48217  0.00225545
        4655    -5.56574    -5.48219  0.00225504
        4656    -5.56073     -5.4822  0.00225462
        4657     -5.5565    -5.48222  0.00225419
        4658    -5.55183    -5.48224  0.00225375
        4659     -5.5466    -5.48225  0.00225331
        4660    -5.54158    -5.48226  0.00225286
        4661    -5.53678    -5.48227  0.00225241
        4662    -5.53162    -5.48228  0.00225195
        4663    -5.52657    -5.48229  0.00225149
        4664    -5.52132     -5.4823  0.00225102
        4665    -5.51637    -5.48231  0.00225055
        4666    -5.51126    -5.48232  0.00225008
        4667    -5.50585    -5.48232   0.0022496
        4668    -5.50078    -5.48233  0.00224912
        4669    -5.49543    -5.48233  0.00224864
        4670    -5.49029    -5.48233  0.00224816
        4671    -5.48504    -5.48233  0.00224768
        4672    -5.48016    -5.48233   0.0022472
        4673    -5.47535    -5.48233  0.00224672
        4674    -5.47048    -5.48233  0.00224624
        4675      -5.466    -5.48232  0.00224576
        4676    -5.46132    -5.48232  0.00224529
        4677    -5.45645    -5.48231  0.00224481
        4678    -5.45171    -5.48231  0.00224434
        4679    -5.44739     -5.4823  0.00224388
        4680    -5.44307    -5.48229  0.00224341
        4681     -5.4392    -5.48228  0.00224295
        4682    -5.43533    -5.48227   0.0022425
        4683    -5.43164    -5.48226  0.00224204
        4684    -5.42766    -5.48225  0.00224159
        4685    -5.42478    -5.48224  0.00224115
        4686    -5.42164    -5.48222  0.00224071
        4687    -5.41871    -5.48221  0.00224027
        4688    -5.41613     -5.4822  0.00223984
        4689    -5.41288    -5.48218  0.00223941
        4690    -5.41046    -5.48217  0.00223898
        4691    -5.40797    -5.48215  0.00223856
        4692    -5.40663    -5.48213  0.00223814
        4693    -5.40508    -5.48212  0.00223773
        4694    -5.40408     -5.4821  0.00223731
        4695    -5.40331    -5.48208   0.0022369
        4696    -5.40247    -5.48207  0.00223649
        4697    -5.40155    -5.48205  0.00223607
        4698     -5.4016    -5.48203  0.00223566
        4699    -5.40168    -5.48202  0.00223525
        4700    -5.40134      -5.482  0.00223484
        4701    -5.40158    -5.48198  0.00223443
        4702     -5.4018    -5.48196  0.00223402
        4703    -5.40209    -5.48195  0.00223361
        4704    -5.40198    -5.48193   0.0022332
        4705    -5.40159    -5.48191  0.00223279
        4706    -5.40178     -5.4819  0.00223238
        4707    -5.40222    -5.48188  0.00223197
        4708    -5.40258    -5.48186  0.00223156
        4709    -5.40223    -5.48184  0.00223115
        4710    -5.40203    -5.48183  0.00223075
        4711    -5.40198    -5.48181  0.00223034
        4712    -5.40173    -5.48179  0.00222993
        4713     -5.4013    -5.48178  0.00222952
        4714     -5.3999    -5.48176  0.00222911
        4715     -5.3986    -5.48174  0.00222871
        4716    -5.39725    -5.48172  0.00222831
        4717    -5.39645    -5.48171  0.00222791
        4718    -5.39487    -5.48169  0.00222752
        4719    -5.39297    -5.48167  0.00222712
        4720    -5.39109    -5.48165  0.00222673
        4721    -5.38924    -5.48163  0.00222635
        4722    -5.38701    -5.48161  0.00222597
        4723    -5.38459    -5.48159  0.00222559
        4724    -5.38277    -5.48157  0.00222522
        4725    -5.38022    -5.48155  0.00222485
        4726    -5.37836    -5.48153  0.00222449
        4727    -5.37647     -5.4815  0.00222413
        4728    -5.37489    -5.48148  0.00222377
        4729    -5.37367    -5.48146  0.00222342
        4730    -5.37254    -5.48143  0.00222307
        4731    -5.37154    -5.48141  0.00222272
        4732    -5.37085    -5.48139  0.00222237
        4733    -5.37049    -5.48136  0.00222202
        4734    -5.37049    -5.48134  0.00222168
        4735    -5.37117    -5.48132  0.00222133
        4736    -5.37132    -5.48129  0.00222098
        4737    -5.37307    -5.48127  0.00222063
        4738    -5.37429    -5.48125  0.00222028
        4739    -5.37663    -5.48123  0.00221992
        4740    -5.37873    -5.48121  0.00221956
        4741    -5.38086    -5.48118  0.00221919
        4742    -5.38361    -5.48116  0.00221882
        4743    -5.38678    -5.48114  0.00221844
        4744    -5.38989    -5.48112  0.00221805
        4745    -5.39352    -5.48111  0.00221766
        4746    -5.39732    -5.48109  0.00221727
        4747    -5.40143    -5.48107  0.00221686
        4748    -5.40594    -5.48106  0.00221645
        4749    -5.41024    -5.48104  0.00221604
        4750    -5.41428    -5.48103  0.00221561
        4751    -5.41866    -5.48101  0.00221519
        4752    -5.42243      -5.481  0.00221475
        4753    -5.42694    -5.48099  0.00221432
        4754    -5.43127    -5.48098  0.00221388
        4755    -5.43555    -5.48097  0.00221343
        4756    -5.43948    -5.48096  0.00221298
        4757    -5.44318    -5.48095  0.00221253
        4758    -5.44666    -5.48095  0.00221208
        4759    -5.45066    -5.48094  0.00221162
        4760    -5.45428    -5.48093  0.00221117
        4761    -5.45797    -5.48093  0.00221071
        4762    -5.46141    -5.48093  0.00221025
        4763    -5.46521    -5.48092  0.00220979
        4764    -5.46861    -5.48092  0.00220932
        4765    -5.47222    -5.48092  0.00220886
        4766    -5.47558    -5.48092   0.0022084
        4767    -5.47868    -5.48092  0.00220793
        4768    -5.48182    -5.48092  0.00220747
        4769    -5.48453    -5.48092  0.00220701
        4770    -5.48666    -5.48092  0.00220655
        4771    -5.48941    -5.48092  0.00220608
        4772    -5.49231    -5.48092  0.00220562
        4773     -5.4943    -5.48093  0.00220516
        4774    -5.49642    -5.48093   0.0022047
        4775    -5.49821    -5.48093  0.00220424
        4776    -5.49996    -5.48094  0.00220379
        4777     -5.5015    -5.48094  0.00220333
        4778    -5.50343    -5.48095  0.00220287
        4779    -5.50482    -5.48095  0.00220242
        4780    -5.50553    -5.48096  0.00220196
        4781    -5.50659    -5.48096  0.00220151
        4782     -5.5071    -5.48097  0.00220106
        4783    -5.50705    -5.48097   0.0022006
        4784    -5.50688    -5.48098  0.00220015
        4785    -5.50675    -5.48098   0.0021997
        4786     -5.5068    -5.48099  0.00219924
        4787    -5.50568    -5.48099  0.00219879
        4788    -5.50414      -5.481  0.00219833
        4789    -5.50234      -5.481  0.00219788
        4790    -5.50013    -5.48101  0.00219743
        4791    -5.49797    -5.48101  0.00219697
        4792    -5.49572    -5.48101  0.00219651
        4793     -5.4931    -5.48102  0.00219606
        4794    -5.49056    -5.48102   0.0021956
        4795    -5.48783    -5.48102  0.00219514
        4796     -5.4846    -5.48102  0.00219468
        4797    -5.48046    -5.48102  0.00219423
        4798    -5.47708    -5.48102  0.00219377
        4799    -5.47387    -5.48102  0.00219331
        4800    -5.47026    -5.48101  0.00219286
        4801    -5.46703    -5.48101   0.0021924
        4802    -5.46405    -5.48101  0.00219195
        4803    -5.46029      -5.481   0.0021915
        4804    -5.45623      -5.481  0.00219105
        4805     -5.4525    -5.48099   0.0021906
        4806    -5.44837    -5.48099  0.00219015
        4807    -5.44493    -5.48098  0.00218971
        4808    -5.44175    -5.48097  0.00218927
        4809     -5.4384    -5.48096  0.00218883
        4810    -5.43491    -5.48095   0.0021884
        4811    -5.43176    -5.48094  0.00218797
        4812    -5.42882    -5.48093  0.00218754
        4813    -5.42595    -5.48092  0.00218711
        4814    -5.42378    -5.48091  0.00218669
        4815    -5.42172     -5.4809  0.00218627
        4816    -5.41962    -5.48088  0.00218586
        4817     -5.4178    -5.48087  0.00218544
        4818    -5.41657    -5.48086  0.00218503
        4819    -5.41532    -5.48084  0.00218462
        4820    -5.41464    -5.48083  0.00218421
        4821    -5.41439    -5.48082   0.0021838
        4822    -5.41394     -5.4808  0.00218339
        4823    -5.41403    -5.48079  0.00218298
        4824    -5.41419    -5.48077  0.00218257
        4825    -5.41456    -5.48076  0.00218216
        4826    -5.41509    -5.48075  0.00218175
        4827    -5.41578    -5.48073  0.00218134
        4828     -5.4169    -5.48072  0.00218093
        4829    -5.41811    -5.48071  0.00218052
        4830     -5.4191    -5.48069   0.0021801
        4831    -5.41984    -5.48068  0.00217969
        4832    -5.42091    -5.48067  0.00217927
        4833    -5.42259    -5.48066  0.00217885
        4834    -5.42351    -5.48065  0.00217844
        4835    -5.42486    -5.48063  0.00217802
        4836    -5.42558    -5.48062   0.0021776
        4837     -5.4264    -5.48061  0.00217717
        4838    -5.42763     -5.4806  0.00217675
        4839    -5.42821    -5.48059  0.00217633
        4840    -5.42949    -5.48058   0.0021759
        4841    -5.43042    -5.48057  0.00217548
        4842    -5.43101    -5.48056  0.00217505
        4843    -5.43215    -5.48055  0.00217463
        4844    -5.43326    -5.48054   0.0021742
        4845    -5.43418    -5.48053  0.00217377
        4846    -5.43506    -5.48052  0.00217335
        4847    -5.43531    -5.48051  0.00217292
        4848    -5.43615     -5.4805  0.00217249
        4849     -5.4368    -5.48049  0.00217206
        4850    -5.43743    -5.48048  0.00217163
        4851    -5.43803    -5.48047   0.0021712
        4852    -5.43921    -5.48047  0.00217077
        4853    -5.43975    -5.48046  0.00217034
        4854    -5.44026    -5.48045  0.00216991
        4855    -5.44027    -5.48044  0.00216947
        4856    -5.44084    -5.48043  0.00216904
        4857    -5.44135    -5.48042  0.00216861
        4858    -5.44149    -5.48042  0.00216818
        4859    -5.44141    -5.48041  0.00216775
        4860    -5.44201     -5.4804  0.00216732
        4861    -5.44161    -5.48039  0.00216689
        4862    -5.44172    -5.48038  0.00216645
        4863    -5.44129    -5.48038  0.00216602
        4864    -5.44135    -5.48037  0.00216559
        4865    -5.44085    -5.48036  0.00216516
        4866    -5.44085    -5.48035  0.00216473
        4867    -5.44014    -5.48034   0.0021643
        4868    -5.43947    -5.48034  0.00216388
        4869    -5.43809    -5.48033  0.00216345
        4870    -5.43781    -5.48032  0.00216302
        4871     -5.4373    -5.48031   0.0021626
        4872    -5.43624     -5.4803  0.00216217
        4873     -5.4354    -5.48029  0.00216175
        4874    -5.43388    -5.48028  0.00216133
        4875     -5.4326    -5.48027   0.0021609
        4876    -5.43171    -5.48026  0.00216048
        4877    -5.42987    -5.48025  0.00216007
        4878    -5.42814    -5.48024  0.00215965
        4879    -5.42683    -5.48023  0.00215923
        4880    -5.42534    -5.48022  0.00215882
        4881    -5.42383    -5.48021  0.00215841
        4882    -5.42199     -5.4802    0.002158
        4883    -5.42045    -5.48018  0.00215759
        4884    -5.41949    -5.48017  0.00215719
        4885    -5.41838    -5.48016  0.00215678
        4886    -5.41665    -5.48014  0.00215638
        4887    -5.41476    -5.48013  0.00215598
        4888    -5.41362    -5.48012  0.00215558
        4889    -5.41216     -5.4801  0.00215519
        4890    -5.41053    -5.48009  0.00215479
        4891    -5.40904    -5.48008   0.0021544
        4892    -5.40693    -5.48006  0.00215401
        4893    -5.40511    -5.48005  0.00215363
        4894    -5.40342    -5.48003  0.00215324
        4895    -5.40142    -5.48001  0.00215286
        4896     -5.3991       -5.48  0.00215249
        4897    -5.39754    -5.47998  0.00215211
        4898    -5.39583    -5.47996  0.00215174
        4899    -5.39443    -5.47995  0.00215137
        4900    -5.39245    -5.47993  0.00215101
        4901    -5.39111    -5.47991  0.00215065
        4902    -5.38981    -5.47989  0.00215029
        4903    -5.38797    -5.47987  0.00214993
        4904    -5.38695    -5.47985  0.00214957
        4905    -5.38557    -5.47983  0.00214922
        4906    -5.38415    -5.47981  0.00214887
        4907    -5.38268    -5.47979  0.00214853
        4908     -5.3815    -5.47977  0.00214818
        4909    -5.38046    -5.47975  0.00214784
        4910    -5.37973    -5.47973   0.0021475
        4911    -5.37947    -5.47971  0.00214716
        4912    -5.37908    -5.47969  0.00214682
        4913    -5.37901    -5.47967  0.00214648
        4914    -5.37913    -5.47965  0.00214614
        4915    -5.37897    -5.47963   0.0021458
        4916    -5.37928    -5.47961  0.00214546
        4917    -5.37946    -5.47959  0.00214512
        4918    -5.38025    -5.47957  0.00214478
        4919    -5.38073    -5.47955  0.00214444
        4920    -5.38179    -5.47953   0.0021441
        4921    -5.38297    -5.47951  0.00214375
        4922     -5.3841    -5.47949   0.0021434
        4923    -5.38515    -5.47947  0.00214305
        4924    -5.38671    -5.47945   0.0021427
        4925    -5.38785    -5.47944  0.00214235
        4926    -5.38962    -5.47942  0.00214199
        4927    -5.39078     -5.4794  0.00214163
        4928    -5.39178    -5.47938  0.00214127
        4929    -5.39334    -5.47936  0.00214091
        4930    -5.39471    -5.47935  0.00214054
        4931    -5.39586    -5.47933  0.00214017
        4932    -5.39664    -5.47931   0.0021398
        4933    -5.39764     -5.4793  0.00213943
        4934    -5.39886    -5.47928  0.00213906
        4935    -5.39938    -5.47926  0.00213869
        4936    -5.40026    -5.47925  0.00213832
        4937    -5.40089    -5.47923  0.00213794
        4938    -5.40128    -5.47922  0.00213757
        4939    -5.40173     -5.4792  0.00213719
        4940    -5.40225    -5.47918  0.00213682
        4941    -5.40268    -5.47917  0.00213644
        4942    -5.40259    -5.47915  0.00213607
        4943    -5.40273    -5.47914  0.00213569
        4944    -5.40312    -5.47912  0.00213531
        4945     -5.4033    -5.47911  0.00213494
        4946    -5.40314    -5.47909  0.00213456
        4947     -5.4031    -5.47908  0.00213418
        4948    -5.40288    -5.47906  0.00213381
        4949    -5.40279    -5.47905  0.00213343
        4950    -5.40254    -5.47903  0.00213306
        4951    -5.40243    -5.47902  0.00213268
        4952    -5.40158      -5.479  0.00213231
        4953    -5.40165    -5.47898  0.00213194
        4954    -5.40129    -5.47897  0.00213156
        4955    -5.40111    -5.47895  0.00213119
        4956    -5.40097    -5.47894  0.00213082
        4957    -5.40102    -5.47892  0.00213045
        4958    -5.40097    -5.47891  0.00213007
        4959    -5.40143    -5.47889   0.0021297
        4960    -5.40166    -5.47887  0.00212933
        4961    -5.40196    -5.47886  0.00212896
        4962    -5.40232    -5.47884  0.00212858
        4963    -5.40277    -5.47883  0.00212821
        4964    -5.40285    -5.47881  0.00212784
        4965    -5.40332     -5.4788  0.00212746
        4966    -5.40449    -5.47878  0.00212709
        4967     -5.4053    -5.47877  0.00212671
        4968    -5.40576    -5.47875  0.00212633
        4969    -5.40692    -5.47874  0.00212595
        4970    -5.40819    -5.47872  0.00212557
        4971    -5.40941    -5.47871  0.00212519
        4972    -5.41059     -5.4787  0.00212481
        4973    -5.41157    -5.47868  0.00212442
        4974    -5.41281    -5.47867  0.00212404
        4975    -5.41386    -5.47866  0.00212365
        4976    -5.41563    -5.47864  0.00212326
        4977    -5.41795    -5.47863  0.00212287
        4978    -5.41978    -5.47862  0.00212248
        4979    -5.42187    -5.47861  0.00212208
        4980    -5.42405     -5.4786  0.00212168
        4981    -5.42664    -5.47859  0.00212128
        4982    -5.42902    -5.47858  0.00212088
        4983    -5.43118    -5.47857  0.00212048
        4984    -5.43343    -5.47856  0.00212007
        4985    -5.43575    -5.47855  0.00211966
        4986    -5.43844    -5.47854  0.00211925
        4987     -5.4415    -5.47853  0.00211884
        4988    -5.44414    -5.47853  0.00211843
        4989    -5.44698    -5.47852  0.00211801
        4990       -5.45    -5.47852   0.0021176
        4991    -5.45259    -5.47851  0.00211718
        4992    -5.45549    -5.47851  0.00211676
        4993    -5.45823     -5.4785  0.00211634
        4994     -5.4611     -5.4785  0.00211592
        4995     -5.4644     -5.4785   0.0021155
        4996     -5.4672    -5.47849  0.00211507
        4997    -5.46996    -5.47849  0.00211465
        4998     -5.4731    -5.47849  0.00211423
        4999    -5.47587    -5.47849   0.0021138
        5000    -5.47809    -5.47849  0.00211338
        5001    -5.47977    -5.47849  0.00211296
        5002    -5.48194    -5.47849  0.00211254
        5003    -5.48474    -5.47849  0.00211212
        5004    -5.48679    -5.47849  0.00211169
        5005    -5.48915     -5.4785  0.00211127
        5006    -5.49059     -5.4785  0.00211085
        5007    -5.49201     -5.4785  0.00211043
        5008    -5.49368     -5.4785  0.00211001
        5009    -5.49515    -5.47851  0.00210959
        5010    -5.49595    -5.47851  0.00210918
        5011    -5.49681    -5.47851  0.00210876
        5012    -5.49756    -5.47852  0.00210834
        5013    -5.49759    -5.47852  0.00210792
        5014    -5.49763    -5.47853  0.00210751
        5015    -5.49753    -5.47853  0.00210709
        5016    -5.49666    -5.47853  0.00210667
        5017    -5.49546    -5.47854  0.00210626
        5018    -5.49406    -5.47854  0.00210584
        5019    -5.49262    -5.47854  0.00210542
        5020    -5.49081    -5.47855    0.002105
        5021    -5.48849    -5.47855  0.00210459
        5022    -5.48564    -5.47855  0.00210417
        5023    -5.48227    -5.47855  0.00210375
        5024    -5.47896    -5.47855  0.00210333
        5025    -5.47513    -5.47855  0.00210291
        5026    -5.47107    -5.47855  0.00210249
        5027    -5.46619    -5.47854  0.00210208
        5028    -5.46095    -5.47854  0.00210166
        5029    -5.45536    -5.47854  0.00210125
        5030    -5.44928    -5.47853  0.00210084
        5031    -5.44303    -5.47852  0.00210043
        5032    -5.43589    -5.47852  0.00210003
        5033    -5.42877    -5.47851  0.00209964
        5034    -5.42172    -5.47849  0.00209925
        5035    -5.41459    -5.47848  0.00209887
        5036    -5.40742    -5.47847   0.0020985
        5037    -5.40086    -5.47845  0.00209814
        5038    -5.39311    -5.47844   0.0020978
        5039    -5.38543    -5.47842  0.00209746
        5040    -5.37771     -5.4784  0.00209714
        5041    -5.36997    -5.47838  0.00209683
        5042    -5.36271    -5.47835  0.00209654
        5043    -5.35537    -5.47833  0.00209627
        5044    -5.34768     -5.4783  0.00209601
        5045    -5.33999    -5.47827  0.00209578
        5046    -5.33248    -5.47825  0.00209556
        5047    -5.32564    -5.47822  0.00209536
        5048     -5.3189    -5.47818  0.00209519
        5049    -5.31229    -5.47815  0.00209503
        5050    -5.30614    -5.47812  0.00209489
        5051    -5.30033    -5.47808  0.00209477
        5052    -5.29458    -5.47805  0.00209467
        5053    -5.28937    -5.47801  0.00209459
        5054    -5.28426    -5.47797  0.00209453
        5055    -5.27987    -5.47793  0.00209448
        5056    -5.27606    -5.47789  0.00209445
        5057    -5.27269    -5.47785  0.00209442
        5058    -5.26977    -5.47781  0.00209441
        5059    -5.26715    -5.47777  0.00209441
        5060    -5.26513    -5.47773  0.00209442
        5061    -5.26355    -5.47768  0.00209444
        5062    -5.26212    -5.47764  0.00209445
        5063    -5.26111     -5.4776  0.00209448
        5064    -5.26037    -5.47755   0.0020945
        5065    -5.26078    -5.47751  0.00209453
        5066    -5.26158    -5.47747  0.00209455
        5067    -5.26274    -5.47743  0.00209456
        5068    -5.26393    -5.47738  0.00209457
        5069    -5.26543    -5.47734  0.00209458
        5070    -5.26736     -5.4773  0.00209457
        5071    -5.26939    -5.47726  0.00209456
        5072    -5.27179    -5.47722  0.00209454
        5073    -5.27407    -5.47718  0.00209451
        5074    -5.27664    -5.47714  0.00209447
        5075    -5.27918     -5.4771  0.00209442
        5076    -5.28194    -5.47706  0.00209436
        5077    -5.28504    -5.47703  0.00209429
        5078    -5.28739    -5.47699  0.00209421
        5079    -5.29001    -5.47695  0.00209412
        5080    -5.29272    -5.47691  0.00209402
        5081    -5.29533    -5.47688  0.00209392
        5082    -5.29783    -5.47684   0.0020938
        5083    -5.30018    -5.47681  0.00209368
        5084    -5.30252    -5.47677  0.00209355
        5085    -5.30438    -5.47674  0.00209341
        5086     -5.3062    -5.47671  0.00209327
        5087    -5.30813    -5.47667  0.00209312
        5088    -5.30985    -5.47664  0.00209296
        5089    -5.31091    -5.47661   0.0020928
        5090     -5.3116    -5.47658  0.00209264
        5091     -5.3121    -5.47654  0.00209248
        5092     -5.3127    -5.47651  0.00209232
        5093    -5.31326    -5.47648  0.00209215
        5094    -5.31319    -5.47645  0.00209199
        5095     -5.3131    -5.47642  0.00209182
        5096    -5.31361    -5.47638  0.00209166
        5097    -5.31352    -5.47635  0.00209149
        5098    -5.31315    -5.47632  0.00209133
        5099    -5.31266    -5.47629  0.00209116
        5100    -5.31237    -5.47626    0.002091
        5101    -5.31138    -5.47622  0.00209084
        5102    -5.31046    -5.47619  0.00209068
        5103    -5.31008    -5.47616  0.00209052
        5104    -5.30948    -5.47613  0.00209037
        5105    -5.30839    -5.47609  0.00209022
        5106    -5.30771    -5.47606  0.00209007
        5107     -5.3067    -5.47603  0.00208992
        5108    -5.30567    -5.47599  0.00208978
        5109    -5.30388    -5.47596  0.00208964
        5110    -5.30315    -5.47593  0.00208951
        5111    -5.30243    -5.47589  0.00208937
        5112    -5.30129    -5.47586  0.00208924
        5113     -5.3002    -5.47582  0.00208912
        5114    -5.29915    -5.47579    0.002089
        5115    -5.29803    -5.47575  0.00208888
        5116      -5.297    -5.47572  0.00208876
        5117    -5.29606    -5.47568  0.00208865
        5118    -5.29601    -5.47565  0.00208853
        5119     -5.2955    -5.47561  0.00208842
        5120    -5.29514    -5.47558  0.00208831
        5121    -5.29541    -5.47554   0.0020882
        5122    -5.29573    -5.47551  0.00208809
        5123    -5.29671    -5.47547  0.00208797
        5124    -5.29762    -5.47544  0.00208785
        5125    -5.29816     -5.4754  0.00208773
        5126     -5.2991    -5.47537  0.00208761
        5127     -5.3003    -5.47534  0.00208748
        5128    -5.30176     -5.4753  0.00208735
        5129     -5.3041    -5.47527  0.00208721
        5130    -5.30625    -5.47524  0.00208706
        5131    -5.30851     -5.4752  0.00208691
        5132    -5.31057    -5.47517  0.00208675
        5133    -5.31347    -5.47514  0.00208658
        5134    -5.31661    -5.47511   0.0020864
        5135    -5.31949    -5.47508  0.00208621
        5136    -5.32286    -5.47505  0.00208602
        5137     -5.3261    -5.47502  0.00208581
        5138    -5.32993    -5.47499   0.0020856
        5139    -5.33402    -5.47496  0.00208537
        5140     -5.3382    -5.47494  0.00208514
        5141    -5.34228    -5.47491  0.00208489
        5142    -5.34655    -5.47489  0.00208464
        5143    -5.35053    -5.47486  0.00208437
        5144    -5.35434    -5.47484   0.0020841
        5145     -5.3581    -5.47482  0.00208382
        5146    -5.36181    -5.47479  0.00208353
        5147    -5.36634    -5.47477  0.00208323
        5148    -5.37016    -5.47475  0.00208292
        5149    -5.37418    -5.47473  0.00208261
        5150    -5.37791    -5.47471  0.00208229
        5151    -5.38121     -5.4747  0.00208196
        5152    -5.38422    -5.47468  0.00208163
        5153    -5.38738    -5.47466   0.0020813
        5154    -5.39084    -5.47465  0.00208096
        5155    -5.39401    -5.47463  0.00208061
        5156    -5.39702    -5.47461  0.00208027
        5157    -5.39897     -5.4746  0.00207991
        5158    -5.40139    -5.47459  0.00207956
        5159    -5.40367    -5.47457   0.0020792
        5160    -5.40612    -5.47456  0.00207884
        5161     -5.4083    -5.47455  0.00207848
        5162    -5.41021    -5.47453  0.00207811
        5163    -5.41217    -5.47452  0.00207774
        5164    -5.41449    -5.47451  0.00207737
        5165    -5.41628     -5.4745    0.002077
        5166    -5.41799    -5.47449  0.00207663
        5167    -5.41948    -5.47448  0.00207626
        5168    -5.42136    -5.47447  0.00207588
        5169    -5.42289    -5.47446   0.0020755
        5170    -5.42439    -5.47445  0.00207512
        5171    -5.42554    -5.47444  0.00207474
        5172    -5.42667    -5.47443  0.00207436
        5173    -5.42838    -5.47442  0.00207398
        5174    -5.42946    -5.47441   0.0020736
        5175    -5.43068     -5.4744  0.00207321
        5176    -5.43203    -5.47439  0.00207283
        5177    -5.43306    -5.47439  0.00207244
        5178    -5.43423    -5.47438  0.00207206
        5179    -5.43537    -5.47437  0.00207167
        5180     -5.4365    -5.47436  0.00207129
        5181    -5.43745    -5.47436   0.0020709
        5182    -5.43837    -5.47435  0.00207051
        5183    -5.43925    -5.47434  0.00207012
        5184    -5.44056    -5.47434  0.00206973
        5185    -5.44122    -5.47433  0.00206934
        5186    -5.44214    -5.47432  0.00206895
        5187    -5.44331    -5.47432  0.00206856
        5188    -5.44428    -5.47431  0.00206817
        5189    -5.44505    -5.47431  0.00206778
        5190    -5.44622     -5.4743  0.00206739
        5191    -5.44672     -5.4743    0.002067
        5192    -5.44732    -5.47429  0.00206661
        5193    -5.44786    -5.47429  0.00206622
        5194    -5.44835    -5.47428  0.00206582
        5195    -5.44893    -5.47428  0.00206543
        5196    -5.44931    -5.47427  0.00206504
        5197    -5.44965    -5.47427  0.00206465
        5198    -5.45054    -5.47426  0.00206426
        5199    -5.45095    -5.47426  0.00206386
        5200    -5.45133    -5.47425  0.00206347
        5201    -5.45108    -5.47425  0.00206308
        5202    -5.45141    -5.47424  0.00206269
        5203    -5.45174    -5.47424   0.0020623
        5204    -5.45162    -5.47423   0.0020619
        5205    -5.45225    -5.47423  0.00206151
        5206     -5.4526    -5.47423  0.00206112
        5207    -5.45237    -5.47422  0.00206073
        5208    -5.45216    -5.47422  0.00206034
        5209    -5.45214    -5.47421  0.00205995
        5210    -5.45232    -5.47421  0.00205956
        5211    -5.45284    -5.47421  0.00205916
        5212    -5.45357     -5.4742  0.00205877
        5213    -5.45375     -5.4742  0.00205838
        5214    -5.45445    -5.47419  0.00205799
        5215    -5.45553    -5.47419   0.0020576
        5216    -5.45667    -5.47419  0.00205721
        5217    -5.45744    -5.47418  0.00205682
        5218    -5.45814    -5.47418  0.00205642
        5219    -5.45892    -5.47418  0.00205603
        5220    -5.46025    -5.47417  0.00205564
        5221    -5.46165    -5.47417  0.00205525
        5222    -5.46255    -5.47417  0.00205485
        5223    -5.46414    -5.47417  0.00205446
        5224    -5.46521    -5.47417  0.00205407
        5225    -5.46699    -5.47417  0.00205368
        5226    -5.46855    -5.47416  0.00205328
        5227    -5.47022    -5.47416  0.00205289
        5228    -5.47152    -5.47416   0.0020525
        5229    -5.47338    -5.47416  0.00205211
        5230    -5.47639    -5.47416  0.00205171
        5231    -5.47859    -5.47416  0.00205132
        5232    -5.48073    -5.47417  0.00205093
        5233    -5.48312    -5.47417  0.00205054
        5234    -5.48514    -5.47417  0.00205015
        5235    -5.48696    -5.47417  0.00204976
        5236    -5.48976    -5.47417  0.00204937
        5237    -5.49234    -5.47418  0.00204898
        5238    -5.49484    -5.47418  0.00204859
        5239    -5.49742    -5.47419  0.00204821
        5240    -5.50022    -5.47419  0.00204782
        5241    -5.50338     -5.4742  0.00204744
        5242    -5.50644     -5.4742  0.00204706
        5243    -5.50956    -5.47421  0.00204668
        5244    -5.51256    -5.47422   0.0020463
        5245     -5.5153    -5.47422  0.00204593
        5246    -5.51792    -5.47423  0.00204555
        5247    -5.52071    -5.47424  0.00204518
        5248    -5.52412    -5.47425  0.00204481
        5249    -5.52708    -5.47426  0.00204445
        5250    -5.53033    -5.47427  0.00204409
        5251    -5.53312    -5.47428  0.00204373
        5252    -5.53633     -5.4743  0.00204337
        5253    -5.53965    -5.47431  0.00204302
        5254    -5.54291    -5.47432  0.00204268
        5255    -5.54581    -5.47433  0.00204233
        5256    -5.54847    -5.47435  0.00204199
        5257    -5.55164    -5.47436  0.00204166
        5258    -5.55409    -5.47438  0.00204133
        5259    -5.55686    -5.47439    0.002041
        5260    -5.55917    -5.47441  0.00204067
        5261     -5.5616    -5.47443  0.00204035
        5262    -5.56338    -5.47444  0.00204004
        5263    -5.56525    -5.47446  0.00203972
        5264    -5.56626    -5.47448  0.00203941
        5265    -5.56763     -5.4745   0.0020391
        5266    -5.56901    -5.47451  0.00203879
        5267    -5.56964    -5.47453  0.00203848
        5268     -5.5698    -5.47455  0.00203817
        5269    -5.56946    -5.47457  0.00203787
        5270    -5.56938    -5.47459  0.00203756
        5271    -5.56877     -5.4746  0.00203725
        5272    -5.56779    -5.47462  0.00203694
        5273    -5.56627    -5.47464  0.00203663
        5274    -5.56421    -5.47466  0.00203631
        5275     -5.5619    -5.47467    0.002036
        5276    -5.55906    -5.47469  0.00203567
        5277    -5.55614     -5.4747  0.00203535
        5278    -5.55284    -5.47472  0.00203501
        5279    -5.54888    -5.47473  0.00203468
        5280    -5.54474    -5.47475  0.00203433
        5281    -5.54073    -5.47476  0.00203399
        5282    -5.53673    -5.47477  0.00203364
        5283     -5.5314    -5.47478  0.00203328
        5284    -5.52616    -5.47479  0.00203292
        5285    -5.52072     -5.4748  0.00203255
        5286    -5.51512    -5.47481  0.00203218
        5287    -5.50941    -5.47481  0.00203181
        5288    -5.50394    -5.47482  0.00203143
        5289    -5.49783    -5.47482  0.00203105
        5290     -5.4916    -5.47483  0.00203067
        5291    -5.48558    -5.47483  0.00203029
        5292    -5.47983    -5.47483   0.0020299
        5293    -5.47453    -5.47483  0.00202952
        5294    -5.46928    -5.47483  0.00202914
        5295    -5.46426    -5.47483  0.00202876
        5296    -5.45967    -5.47482  0.00202837
        5297    -5.45508    -5.47482  0.00202799
        5298    -5.45143    -5.47482  0.00202762
        5299    -5.44738    -5.47481  0.00202724
        5300    -5.44357     -5.4748  0.00202687
        5301    -5.44046     -5.4748   0.0020265
        5302    -5.43821    -5.47479  0.00202612
        5303    -5.43592    -5.47478  0.00202576
        5304    -5.43421    -5.47478  0.00202539
        5305    -5.43291    -5.47477  0.00202502
        5306    -5.43173    -5.47476  0.00202466
        5307    -5.43109    -5.47475  0.00202429
        5308    -5.43176    -5.47474  0.00202393
        5309    -5.43219    -5.47474  0.00202356
        5310    -5.43253    -5.47473   0.0020232
        5311    -5.43335    -5.47472  0.00202283
        5312    -5.43464    -5.47471  0.00202246
        5313    -5.43607    -5.47471   0.0020221
        5314    -5.43761     -5.4747  0.00202173
        5315    -5.43955    -5.47469  0.00202136
        5316    -5.44201    -5.47469  0.00202099
        5317    -5.44467    -5.47468  0.00202061
        5318    -5.44736    -5.47467  0.00202024
        5319    -5.45051    -5.47467  0.00201987
        5320    -5.45365    -5.47467  0.00201949
        5321    -5.45662    -5.47466  0.00201911
        5322    -5.46014    -5.47466  0.00201874
        5323    -5.46347    -5.47466  0.00201836
        5324    -5.46702    -5.47466  0.00201798
        5325     -5.4708    -5.47466   0.0020176
        5326    -5.47329    -5.47466  0.00201722
        5327    -5.47704    -5.47466  0.00201684
        5328    -5.48039    -5.47466  0.00201646
        5329    -5.48408    -5.47466  0.00201609
        5330    -5.48795    -5.47466  0.00201571
        5331    -5.49171    -5.47466  0.00201533
        5332    -5.49518    -5.47467  0.00201496
        5333    -5.49928    -5.47467  0.00201459
        5334    -5.50263    -5.47468  0.00201422
        5335     -5.5063    -5.47468  0.00201385
        5336    -5.51012    -5.47469  0.00201348
        5337    -5.51394     -5.4747  0.00201312
        5338     -5.5179    -5.47471  0.00201276
        5339    -5.52185    -5.47472   0.0020124
        5340    -5.52562    -5.47472  0.00201205
        5341    -5.52936    -5.47473  0.00201169
        5342    -5.53351    -5.47475  0.00201135
        5343    -5.53716    -5.47476  0.00201101
        5344    -5.54075    -5.47477  0.00201067
        5345    -5.54396    -5.47478  0.00201033
        5346    -5.54723     -5.4748     0.00201
        5347    -5.55132    -5.47481  0.00200968
        5348     -5.5547    -5.47483  0.00200936
        5349    -5.55795    -5.47484  0.00200904
        5350    -5.56122    -5.47486  0.00200873
        5351    -5.56404    -5.47487  0.00200842
        5352      -5.567    -5.47489  0.00200812
        5353    -5.56993    -5.47491  0.00200783
        5354    -5.57253    -5.47493  0.00200753
        5355    -5.57509    -5.47495  0.00200725
        5356    -5.57713    -5.47497  0.00200696
        5357    -5.57895    -5.47498  0.00200668
        5358    -5.58055      -5.475   0.0020064
        5359     -5.5819    -5.47502  0.00200613
        5360    -5.58286    -5.47504  0.00200586
        5361    -5.58356    -5.47506  0.00200558
        5362     -5.5846    -5.47508  0.00200531
        5363    -5.58417    -5.47511  0.00200504
        5364    -5.58407    -5.47513  0.00200477
        5365    -5.58384    -5.47515   0.0020045
        5366    -5.58272    -5.47517  0.00200423
        5367    -5.58163    -5.47519  0.00200395
        5368    -5.58086    -5.47521  0.00200367
        5369    -5.57904    -5.47522   0.0020034
        5370     -5.5777    -5.47524  0.00200311
        5371    -5.57546    -5.47526  0.00200283
        5372    -5.57386    -5.47528  0.00200254
        5373    -5.57107     -5.4753  0.00200224
        5374    -5.56862    -5.47532  0.00200195
        5375     -5.5653    -5.47533  0.00200165
        5376    -5.56217    -5.47535  0.00200134
        5377    -5.55865    -5.47536  0.00200103
        5378    -5.55549    -5.47538  0.00200071
        5379     -5.5518    -5.47539  0.00200039
        5380    -5.54745    -5.47541  0.00200006
        5381    -5.54273    -5.47542  0.00199973
        5382    -5.53767    -5.47543  0.00199939
        5383    -5.53259    -5.47544  0.00199905
        5384    -5.52748    -5.47545   0.0019987
        5385    -5.52207    -5.47546  0.00199835
        5386    -5.51682    -5.47547  0.00199799
        5387    -5.51083    -5.47547  0.00199763
        5388    -5.50489    -5.47548  0.00199727
        5389    -5.49915    -5.47548   0.0019969
        5390    -5.49363    -5.47549  0.00199653
        5391    -5.48759    -5.47549  0.00199616
        5392     -5.4815    -5.47549  0.00199579
        5393    -5.47507    -5.47549  0.00199542
        5394    -5.46878    -5.47549  0.00199505
        5395    -5.46278    -5.47549  0.00199469
        5396    -5.45666    -5.47548  0.00199432
        5397    -5.45057    -5.47548  0.00199396
        5398    -5.44485    -5.47547  0.00199359
        5399    -5.43904    -5.47547  0.00199324
        5400    -5.43348    -5.47546  0.00199288
        5401    -5.42758    -5.47545  0.00199253
        5402    -5.42212    -5.47544  0.00199219
        5403    -5.41681    -5.47543  0.00199185
        5404    -5.41151    -5.47542  0.00199152
        5405     -5.4064     -5.4754  0.00199119
        5406     -5.4015    -5.47539  0.00199087
        5407     -5.3974    -5.47538  0.00199055
        5408    -5.39308    -5.47536  0.00199024
        5409    -5.38884    -5.47535  0.00198994
        5410    -5.38482    -5.47533  0.00198964
        5411     -5.3815    -5.47531  0.00198935
        5412    -5.37795    -5.47529  0.00198906
        5413    -5.37479    -5.47527  0.00198878
        5414    -5.37201    -5.47526  0.00198851
        5415    -5.36913    -5.47524  0.00198823
        5416    -5.36736    -5.47522  0.00198797
        5417    -5.36472     -5.4752   0.0019877
        5418    -5.36255    -5.47517  0.00198745
        5419    -5.35992    -5.47515  0.00198719
        5420    -5.35788    -5.47513  0.00198694
        5421    -5.35596    -5.47511   0.0019867
        5422    -5.35443    -5.47509  0.00198646
        5423    -5.35284    -5.47507  0.00198622
        5424    -5.35177    -5.47504  0.00198598
        5425    -5.35046    -5.47502  0.00198575
        5426    -5.34937      -5.475  0.00198552
        5427    -5.34819    -5.47497  0.00198529
        5428    -5.34693    -5.47495  0.00198507
        5429    -5.34591    -5.47493  0.00198484
        5430    -5.34529     -5.4749  0.00198462
        5431    -5.34406    -5.47488   0.0019844
        5432    -5.34331    -5.47485  0.00198418
        5433    -5.34294    -5.47483  0.00198397
        5434    -5.34328     -5.4748  0.00198375
        5435     -5.3432    -5.47478  0.00198353
        5436    -5.34366    -5.47476  0.00198331
        5437    -5.34442    -5.47473  0.00198309
        5438    -5.34583    -5.47471  0.00198287
        5439    -5.34781    -5.47469  0.00198264
        5440     -5.3507    -5.47466  0.00198241
        5441    -5.35397    -5.47464  0.00198217
        5442    -5.35793    -5.47462  0.00198192
        5443    -5.36278     -5.4746  0.00198166
        5444    -5.36791    -5.47458   0.0019814
        5445    -5.37395    -5.47456  0.00198112
        5446    -5.38071    -5.47454  0.00198083
        5447    -5.38862    -5.47453  0.00198053
        5448    -5.39674    -5.47451  0.00198022
        5449    -5.40548     -5.4745  0.00197989
        5450     -5.4146    -5.47449  0.00197956
        5451    -5.42391    -5.47448  0.00197922
        5452    -5.43436    -5.47447  0.00197887
        5453    -5.44452    -5.47447  0.00197852
        5454    -5.45567    -5.47446  0.00197816
        5455    -5.46696    -5.47446  0.00197779
        5456    -5.47831    -5.47446  0.00197743
        5457    -5.48933    -5.47447  0.00197707
        5458    -5.50039    -5.47447  0.00197671
        5459    -5.51112    -5.47448  0.00197636
        5460     -5.5216    -5.47449  0.00197602
        5461    -5.53207     -5.4745  0.00197569
        5462    -5.54157    -5.47451  0.00197536
        5463    -5.55096    -5.47452  0.00197505
        5464    -5.56034    -5.47454  0.00197475
        5465    -5.56847    -5.47456  0.00197447
        5466    -5.57654    -5.47457  0.00197419
        5467    -5.58436    -5.47459  0.00197393
        5468    -5.59102    -5.47462  0.00197369
        5469    -5.59756    -5.47464  0.00197345
        5470    -5.60367    -5.47466  0.00197323
        5471    -5.60844    -5.47469  0.00197303
        5472    -5.61325    -5.47471  0.00197283
        5473    -5.61658    -5.47474  0.00197264
        5474    -5.62011    -5.47476  0.00197246
        5475    -5.62279    -5.47479  0.00197228
        5476    -5.62479    -5.47482  0.00197211
        5477    -5.62644    -5.47485  0.00197195
        5478    -5.62746    -5.47487  0.00197178
        5479    -5.62847     -5.4749  0.00197162
        5480    -5.62873    -5.47493  0.00197146
        5481    -5.62828    -5.47496   0.0019713
        5482     -5.6282    -5.47499  0.00197114
        5483     -5.6273    -5.47501  0.00197098
        5484    -5.62608    -5.47504  0.00197081
        5485    -5.62454    -5.47507  0.00197064
        5486    -5.62273     -5.4751  0.00197046
        5487    -5.62066    -5.47512  0.00197028
        5488    -5.61837    -5.47515   0.0019701
        5489    -5.61617    -5.47517   0.0019699
        5490     -5.6138     -5.4752  0.00196971
        5491    -5.61113    -5.47522   0.0019695
        5492    -5.60878    -5.47525   0.0019693
        5493    -5.60572    -5.47527  0.00196908
        5494    -5.60257     -5.4753  0.00196886
        5495    -5.59951    -5.47532  0.00196863
        5496    -5.59671    -5.47534   0.0019684
        5497    -5.59388    -5.47536  0.00196816
        5498    -5.59119    -5.47538  0.00196791
        5499    -5.58821     -5.4754  0.00196766
        5500    -5.58494    -5.47542   0.0019674
        5501    -5.58141    -5.47544  0.00196714
        5502    -5.57883    -5.47546  0.00196687
        5503     -5.5757    -5.47548   0.0019666
        5504    -5.57278     -5.4755  0.00196632
        5505    -5.57008    -5.47551  0.00196604
        5506    -5.56776    -5.47553  0.00196575
        5507    -5.56507    -5.47555  0.00196546
        5508    -5.56261    -5.47556  0.00196517
        5509    -5.56039    -5.47558  0.00196487
        5510     -5.5581    -5.47559  0.00196457
        5511    -5.55559    -5.47561  0.00196427
        5512    -5.55271    -5.47562  0.00196396
        5513    -5.55052    -5.47564  0.00196365
        5514     -5.5478    -5.47565  0.00196334
        5515    -5.54577    -5.47566  0.00196303
        5516    -5.54335    -5.47567  0.00196271
        5517      -5.541    -5.47569  0.00196239
        5518    -5.53932     -5.4757  0.00196207
        5519     -5.5371    -5.47571  0.00196174
        5520    -5.53539    -5.47572  0.00196142
        5521    -5.53389    -5.47573  0.00196109
        5522    -5.53184    -5.47574  0.00196076
        5523    -5.53059    -5.47575  0.00196043
        5524    -5.52863    -5.47576   0.0019601
        5525    -5.52731    -5.47577  0.00195977
        5526    -5.52619    -5.47578  0.00195944
        5527     -5.5248    -5.47579   0.0019591
        5528    -5.52345    -5.47579  0.00195877
        5529    -5.52258     -5.4758  0.00195843
        5530    -5.52129    -5.47581  0.00195809
        5531    -5.52033    -5.47582  0.00195775
        5532    -5.51909    -5.47583  0.00195742
        5533    -5.51757    -5.47584  0.00195708
        5534    -5.51576    -5.47584  0.00195674
        5535    -5.51474    -5.47585   0.0019564
        5536    -5.51312    -5.47586  0.00195605
        5537    -5.51212    -5.47586  0.00195571
        5538    -5.51099    -5.47587  0.00195537
        5539    -5.50987    -5.47588  0.00195503
        5540    -5.50846    -5.47588  0.00195468
        5541    -5.50751    -5.47589  0.00195434
        5542    -5.50658    -5.47589  0.00195399
        5543     -5.5055     -5.4759  0.00195365
        5544    -5.50397     -5.4759   0.0019533
        5545    -5.50276    -5.47591  0.00195296
        5546    -5.50155    -5.47591  0.00195261
        5547     -5.5002    -5.47592  0.00195226
        5548      -5.499    -5.47592  0.00195191
        5549    -5.49765    -5.47592  0.00195157
        5550    -5.49646    -5.47593  0.00195122
        5551    -5.49526    -5.47593  0.00195087
        5552    -5.49406    -5.47593  0.00195052
        5553    -5.49316    -5.47594  0.00195017
        5554     -5.4921    -5.47594  0.00194982
        5555    -5.49104    -5.47594  0.00194947
        5556    -5.48982    -5.47595  0.00194912
        5557     -5.4889    -5.47595  0.00194878
        5558    -5.48737    -5.47595  0.00194843
        5559      -5.486    -5.47595  0.00194808
        5560    -5.48538    -5.47595  0.00194773
        5561    -5.48433    -5.47596  0.00194738
        5562    -5.48314    -5.47596  0.00194703
        5563    -5.48183    -5.47596  0.00194668
        5564    -5.48042    -5.47596  0.00194633
        5565    -5.47966    -5.47596  0.00194598
        5566    -5.47897    -5.47596  0.00194563
        5567    -5.47776    -5.47596  0.00194528
        5568     -5.4768    -5.47596  0.00194493
        5569    -5.47552    -5.47596  0.00194458
        5570    -5.47559    -5.47596  0.00194423
        5571    -5.47567    -5.47596  0.00194388
        5572    -5.47579    -5.47596  0.00194353
        5573    -5.47581    -5.47596  0.00194319
        5574     -5.4759    -5.47596  0.00194284
        5575    -5.47668    -5.47596  0.00194249
        5576    -5.47757    -5.47596  0.00194214
        5577    -5.47843    -5.47596  0.00194179
        5578    -5.48016    -5.47596  0.00194144
        5579    -5.48219    -5.47596   0.0019411
        5580    -5.48465    -5.47596  0.00194075
        5581    -5.48695    -5.47597   0.0019404
        5582    -5.48954    -5.47597  0.00194006
        5583     -5.4924    -5.47597  0.00193971
        5584    -5.49552    -5.47598  0.00193937
        5585     -5.4986    -5.47598  0.00193902
        5586    -5.50206    -5.47598  0.00193868
        5587    -5.50558    -5.47599  0.00193834
        5588    -5.51006      -5.476    0.001938
        5589     -5.5147      -5.476  0.00193767
        5590     -5.5192    -5.47601  0.00193734
        5591    -5.52366    -5.47602  0.00193701
        5592    -5.52778    -5.47603  0.00193669
        5593    -5.53227    -5.47604  0.00193637
        5594    -5.53696    -5.47605  0.00193605
        5595    -5.54123    -5.47606  0.00193574
        5596    -5.54596    -5.47607  0.00193543
        5597    -5.55051    -5.47609  0.00193513
        5598    -5.55518     -5.4761  0.00193484
        5599    -5.56025    -5.47612  0.00193455
        5600    -5.56494    -5.47613  0.00193427
        5601    -5.56938    -5.47615    0.001934
        5602    -5.57415    -5.47617  0.00193373
        5603    -5.57835    -5.47618  0.00193347
        5604    -5.58284     -5.4762  0.00193322
        5605    -5.58688    -5.47622  0.00193298
        5606    -5.59028    -5.47624  0.00193274
        5607    -5.59364    -5.47626  0.00193251
        5608    -5.59649    -5.47629  0.00193228
        5609    -5.59942    -5.47631  0.00193206
        5610    -5.60258    -5.47633  0.00193185
        5611    -5.60503    -5.47635  0.00193164
        5612    -5.60724    -5.47638  0.00193144
        5613    -5.60918     -5.4764  0.00193124
        5614    -5.61114    -5.47642  0.00193105
        5615    -5.61298    -5.47645  0.00193085
        5616    -5.61422    -5.47647  0.00193067
        5617    -5.61531     -5.4765  0.00193048
        5618     -5.6152    -5.47652   0.0019303
        5619    -5.61555    -5.47655  0.00193011
        5620    -5.61589    -5.47657  0.00192993
        5621    -5.61517     -5.4766  0.00192974
        5622    -5.61505    -5.47662  0.00192955
        5623    -5.61464    -5.47665  0.00192937
        5624    -5.61334    -5.47667  0.00192918
        5625    -5.61205    -5.47669  0.00192898
        5626    -5.61064    -5.47672  0.00192879
        5627    -5.60867    -5.47674  0.00192859
        5628    -5.60676    -5.47676  0.00192838
        5629    -5.60478    -5.47679  0.00192818
        5630    -5.60228    -5.47681  0.00192796
        5631     -5.5993    -5.47683  0.00192774
        5632    -5.59632    -5.47685  0.00192752
        5633    -5.59335    -5.47687  0.00192729
        5634    -5.58981    -5.47689  0.00192705
        5635    -5.58681    -5.47691   0.0019268
        5636    -5.58315    -5.47693  0.00192655
        5637    -5.57992    -5.47695   0.0019263
        5638     -5.5767    -5.47697  0.00192604
        5639    -5.57352    -5.47698  0.00192577
        5640    -5.56978      -5.477   0.0019255
        5641    -5.56688    -5.47702  0.00192523
        5642    -5.56423    -5.47703  0.00192495
        5643    -5.56049    -5.47705  0.00192466
        5644    -5.55733    -5.47706  0.00192437
        5645    -5.55432    -5.47707  0.00192408
        5646    -5.55206    -5.47709  0.00192379
        5647     -5.5498     -5.4771  0.00192349
        5648    -5.54755    -5.47711  0.00192319
        5649    -5.54573    -5.47713  0.00192289
        5650    -5.54375    -5.47714  0.00192258
        5651     -5.5422    -5.47715  0.00192228
        5652    -5.54061    -5.47716  0.00192197
        5653    -5.53896    -5.47717  0.00192166
        5654    -5.53708    -5.47718  0.00192135
        5655    -5.53541    -5.47719  0.00192104
        5656    -5.53409     -5.4772  0.00192073
        5657    -5.53232    -5.47721  0.00192041
        5658    -5.53071    -5.47722  0.00192009
        5659    -5.52893    -5.47723  0.00191978
        5660    -5.52741    -5.47724  0.00191946
        5661    -5.52614    -5.47725  0.00191914
        5662     -5.5248    -5.47726  0.00191882
        5663    -5.52323    -5.47726   0.0019185
        5664    -5.52096    -5.47727  0.00191817
        5665    -5.51889    -5.47728  0.00191785
        5666     -5.5167    -5.47729  0.00191752
        5667    -5.51456    -5.47729   0.0019172
        5668    -5.51229     -5.4773  0.00191687
        5669    -5.50975     -5.4773  0.00191654
        5670    -5.50693    -5.47731  0.00191621
        5671    -5.50414    -5.47731  0.00191587
        5672    -5.50139    -5.47732  0.00191554
        5673    -5.49851    -5.47732  0.00191521
        5674    -5.49553    -5.47733  0.00191487
        5675    -5.49305    -5.47733  0.00191454
        5676    -5.48971    -5.47733   0.0019142
        5677    -5.48658    -5.47733  0.00191387
        5678    -5.48338    -5.47733  0.00191353
        5679    -5.47934    -5.47733  0.00191319
        5680    -5.47569    -5.47733  0.00191285
        5681    -5.47214    -5.47733  0.00191252
        5682    -5.46854    -5.47733  0.00191218
        5683    -5.46475    -5.47733  0.00191185
        5684    -5.46063    -5.47733  0.00191151
        5685    -5.45694    -5.47732  0.00191118
        5686    -5.45278    -5.47732  0.00191085
        5687    -5.44952    -5.47731  0.00191052
        5688    -5.44643    -5.47731  0.00191019
        5689    -5.44243     -5.4773  0.00190986
        5690    -5.43906    -5.47729  0.00190954
        5691    -5.43526    -5.47729  0.00190922
        5692    -5.43088    -5.47728   0.0019089
        5693    -5.42728    -5.47727  0.00190859
        5694    -5.42387    -5.47726  0.00190827
        5695    -5.42065    -5.47725  0.00190797
        5696    -5.41762    -5.47724  0.00190766
        5697    -5.41432    -5.47723  0.00190736
        5698    -5.41091    -5.47722  0.00190706
        5699    -5.40738    -5.47721  0.00190676
        5700    -5.40419    -5.47719  0.00190647
        5701    -5.40088    -5.47718  0.00190618
        5702    -5.39744    -5.47717   0.0019059
        5703    -5.39401    -5.47715  0.00190562
        5704    -5.39091    -5.47714  0.00190535
        5705    -5.38827    -5.47712  0.00190508
        5706    -5.38474     -5.4771  0.00190481
        5707    -5.38167    -5.47709  0.00190455
        5708    -5.37907    -5.47707   0.0019043
        5709    -5.37587    -5.47705  0.00190404
        5710    -5.37239    -5.47703   0.0019038
        5711    -5.36923    -5.47702  0.00190356
        5712    -5.36626      -5.477  0.00190332
        5713     -5.3635    -5.47698   0.0019031
        5714    -5.36064    -5.47696  0.00190287
        5715    -5.35757    -5.47693  0.00190265
        5716    -5.35445    -5.47691  0.00190244
        5717    -5.35144    -5.47689  0.00190223
        5718    -5.34827    -5.47687  0.00190203
        5719    -5.34601    -5.47685  0.00190184
        5720     -5.3436    -5.47682  0.00190165
        5721    -5.34166     -5.4768  0.00190146
        5722    -5.33958    -5.47678  0.00190128
        5723    -5.33811    -5.47675  0.00190111
        5724    -5.33648    -5.47673  0.00190093
        5725    -5.33453     -5.4767  0.00190076
        5726    -5.33283    -5.47668   0.0019006
        5727    -5.33181    -5.47665  0.00190043
        5728    -5.33051    -5.47663  0.00190027
        5729     -5.3292     -5.4766  0.00190011
        5730    -5.32709    -5.47657  0.00189996
        5731    -5.32579    -5.47655  0.00189981
        5732    -5.32375    -5.47652  0.00189967
        5733    -5.32184    -5.47649  0.00189953
        5734    -5.31971    -5.47647  0.00189939
        5735    -5.31703    -5.47644  0.00189927
        5736    -5.31424    -5.47641  0.00189914
        5737     -5.3116    -5.47638  0.00189903
        5738    -5.30835    -5.47635  0.00189893
        5739    -5.30493    -5.47632  0.00189883
        5740    -5.30134    -5.47629  0.00189874
        5741    -5.29743    -5.47626  0.00189867
        5742    -5.29321    -5.47623  0.00189861
        5743    -5.28854     -5.4762  0.00189856
        5744    -5.28359    -5.47616  0.00189852
        5745    -5.27854    -5.47613   0.0018985
        5746    -5.27311    -5.47609   0.0018985
        5747     -5.2681    -5.47606  0.00189852
        5748    -5.26232    -5.47602  0.00189855
        5749    -5.25689    -5.47598   0.0018986
        5750    -5.25108    -5.47594  0.00189867
        5751    -5.24524     -5.4759  0.00189877
        5752    -5.23881    -5.47586  0.00189889
        5753    -5.23304    -5.47582  0.00189902
        5754    -5.22694    -5.47578  0.00189919
        5755     -5.2213    -5.47573  0.00189937
        5756    -5.21632    -5.47569  0.00189958
        5757     -5.2113    -5.47564   0.0018998
        5758    -5.20689    -5.47559  0.00190004
        5759    -5.20239    -5.47555  0.00190031
        5760    -5.19813     -5.4755  0.00190059
        5761    -5.19447    -5.47545  0.00190088
        5762    -5.19114     -5.4754  0.00190119
        5763    -5.18833    -5.47535  0.00190152
        5764    -5.18608     -5.4753  0.00190185
        5765    -5.18485    -5.47525  0.00190219
        5766    -5.18408     -5.4752  0.00190253
        5767    -5.18361    -5.47515  0.00190287
        5768    -5.18345     -5.4751  0.00190321
        5769    -5.18361    -5.47505  0.00190355
        5770    -5.18498      -5.475  0.00190388
        5771    -5.18707    -5.47495  0.00190421
        5772    -5.18987     -5.4749  0.00190452
        5773    -5.19272    -5.47485  0.00190482
        5774     -5.1962     -5.4748   0.0019051
        5775    -5.20024    -5.47475  0.00190536
        5776     -5.2045    -5.47471  0.00190561
        5777    -5.20937    -5.47466  0.00190583
        5778    -5.21418    -5.47462  0.00190603
        5779    -5.21979    -5.47457  0.00190621
        5780    -5.22523    -5.47453  0.00190637
        5781    -5.23104    -5.47449  0.00190651
        5782    -5.23597    -5.47444  0.00190662
        5783    -5.24103     -5.4744  0.00190672
        5784    -5.24602    -5.47437   0.0019068
        5785     -5.2512    -5.47433  0.00190686
        5786    -5.25656    -5.47429   0.0019069
        5787    -5.26159    -5.47425  0.00190693
        5788     -5.2666    -5.47422  0.00190693
        5789    -5.27111    -5.47418  0.00190693
        5790    -5.27542    -5.47415  0.00190691
        5791    -5.27966    -5.47411  0.00190687
        5792    -5.28324    -5.47408  0.00190683
        5793    -5.28676    -5.47405  0.00190677
        5794    -5.28992    -5.47402  0.00190671
        5795    -5.29364    -5.47399  0.00190663
        5796    -5.29641    -5.47395  0.00190655
        5797    -5.29945    -5.47392  0.00190646
        5798    -5.30217    -5.47389  0.00190636
        5799    -5.30457    -5.47387  0.00190626
        5800    -5.30698    -5.47384  0.00190615
        5801    -5.30955    -5.47381  0.00190603
        5802    -5.31169    -5.47378   0.0019059
        5803    -5.31326    -5.47375  0.00190578
        5804    -5.31578    -5.47373  0.00190564
        5805    -5.31774     -5.4737   0.0019055
        5806    -5.31947    -5.47367  0.00190536
        5807    -5.32126    -5.47365  0.00190521
        5808    -5.32313    -5.47362  0.00190506
        5809    -5.32448    -5.47359  0.00190491
        5810    -5.32593    -5.47357  0.00190475
        5811    -5.32687    -5.47354  0.00190459
        5812    -5.32807    -5.47352  0.00190442
        5813    -5.32939    -5.47349  0.00190426
        5814    -5.33052    -5.47347  0.00190409
        5815    -5.33209    -5.47344  0.00190392
        5816    -5.33363    -5.47342  0.00190374
        5817    -5.33499     -5.4734  0.00190356
        5818    -5.33649    -5.47337  0.00190338
        5819    -5.33767    -5.47335   0.0019032
        5820    -5.33899    -5.47333  0.00190301
        5821    -5.34014     -5.4733  0.00190282
        5822    -5.34143    -5.47328  0.00190263
        5823    -5.34269    -5.47326  0.00190243
        5824    -5.34379    -5.47324  0.00190224
        5825    -5.34455    -5.47321  0.00190204
        5826    -5.34545    -5.47319  0.00190184
        5827    -5.34616    -5.47317  0.00190164
        5828    -5.34639    -5.47315  0.00190143
        5829    -5.34704    -5.47313  0.00190123
        5830    -5.34765    -5.47311  0.00190103
        5831    -5.34852    -5.47308  0.00190082
        5832    -5.34949    -5.47306  0.00190061
        5833    -5.35042    -5.47304   0.0019004
        5834     -5.3513    -5.47302  0.00190019
        5835    -5.35197      -5.473  0.00189998
        5836    -5.35305    -5.47298  0.00189977
        5837    -5.35362    -5.47296  0.00189955
        5838    -5.35399    -5.47294  0.00189933
        5839    -5.35491    -5.47292  0.00189912
        5840    -5.35503     -5.4729   0.0018989
        5841    -5.35525    -5.47288  0.00189868
        5842    -5.35604    -5.47286  0.00189846
        5843    -5.35634    -5.47284  0.00189824
        5844     -5.3563    -5.47282  0.00189802
        5845    -5.35684     -5.4728   0.0018978
        5846    -5.35705    -5.47278  0.00189758
        5847    -5.35755    -5.47276  0.00189736
        5848    -5.35788    -5.47274  0.00189713
        5849    -5.35776    -5.47272  0.00189691
        5850    -5.35779     -5.4727  0.00189669
        5851    -5.35798    -5.47268  0.00189647
        5852    -5.35834    -5.47266  0.00189624
        5853    -5.35781    -5.47264  0.00189602
        5854    -5.35823    -5.47262   0.0018958
        5855    -5.35868     -5.4726  0.00189557
        5856    -5.35947    -5.47258  0.00189535
        5857    -5.35986    -5.47256  0.00189512
        5858     -5.3603    -5.47255  0.00189489
        5859     -5.3614    -5.47253  0.00189467
        5860     -5.3615    -5.47251  0.00189444
        5861     -5.3621    -5.47249  0.00189421
        5862    -5.36291    -5.47247  0.00189398
        5863    -5.36345    -5.47245  0.00189375
        5864    -5.36449    -5.47243  0.00189351
        5865    -5.36511    -5.47241  0.00189328
        5866     -5.3659     -5.4724  0.00189304
        5867    -5.36654    -5.47238  0.00189281
        5868    -5.36718    -5.47236  0.00189257
        5869    -5.36796    -5.47234  0.00189233
        5870    -5.36869    -5.47233  0.00189209
        5871    -5.36923    -5.47231  0.00189185
        5872    -5.36956    -5.47229  0.00189161
        5873    -5.37056    -5.47227  0.00189136
        5874    -5.37086    -5.47226  0.00189112
        5875    -5.37137    -5.47224  0.00189088
        5876    -5.37206    -5.47222  0.00189063
        5877    -5.37217     -5.4722  0.00189039
        5878    -5.37171    -5.47219  0.00189014
        5879    -5.37172    -5.47217   0.0018899
        5880    -5.37161    -5.47215  0.00188965
        5881    -5.37124    -5.47214  0.00188941
        5882     -5.3709    -5.47212  0.00188917
        5883    -5.37032     -5.4721  0.00188893
        5884    -5.36982    -5.47208  0.00188869
        5885    -5.36896    -5.47207  0.00188845
        5886    -5.36791    -5.47205  0.00188821
        5887    -5.36776    -5.47203  0.00188797
        5888    -5.36717    -5.47201  0.00188773
        5889     -5.3671      -5.472   0.0018875
        5890    -5.36665    -5.47198  0.00188726
        5891    -5.36631    -5.47196  0.00188703
        5892    -5.36596    -5.47194  0.00188679
        5893    -5.36623    -5.47192  0.00188656
        5894     -5.3661    -5.47191  0.00188632
        5895    -5.36604    -5.47189  0.00188609
        5896    -5.36668    -5.47187  0.00188585
        5897    -5.36758    -5.47185  0.00188561
        5898    -5.36875    -5.47183  0.00188538
        5899    -5.37006    -5.47182  0.00188514
        5900    -5.37182     -5.4718  0.00188489
        5901    -5.37371    -5.47178  0.00188465
        5902    -5.37544    -5.47177   0.0018844
        5903     -5.3782    -5.47175  0.00188414
        5904    -5.38137    -5.47174  0.00188389
        5905     -5.3845    -5.47172  0.00188363
        5906    -5.38724    -5.47171  0.00188336
        5907    -5.39049    -5.47169  0.00188309
        5908    -5.39377    -5.47168  0.00188282
        5909    -5.39766    -5.47167  0.00188254
        5910    -5.40183    -5.47166  0.00188226
        5911    -5.40564    -5.47164  0.00188198
        5912    -5.40967    -5.47163  0.00188169
        5913     -5.4136    -5.47162   0.0018814
        5914     -5.4174    -5.47162   0.0018811
        5915    -5.42134    -5.47161   0.0018808
        5916     -5.4254     -5.4716   0.0018805
        5917    -5.42941    -5.47159  0.00188019
        5918    -5.43364    -5.47159  0.00187989
        5919    -5.43748    -5.47158  0.00187958
        5920    -5.44091    -5.47157  0.00187927
        5921    -5.44465    -5.47157  0.00187896
        5922    -5.44871    -5.47157  0.00187864
        5923    -5.45154    -5.47156  0.00187833
        5924    -5.45435    -5.47156  0.00187801
        5925    -5.45726    -5.47156   0.0018777
        5926    -5.45997    -5.47156  0.00187738
        5927    -5.46156    -5.47155  0.00187707
        5928    -5.46321    -5.47155  0.00187675
        5929    -5.46508    -5.47155  0.00187644
        5930      -5.467    -5.47155  0.00187612
        5931    -5.46881    -5.47155   0.0018758
        5932    -5.47035    -5.47155  0.00187549
        5933    -5.47116    -5.47155  0.00187517
        5934    -5.47184    -5.47155  0.00187485
        5935    -5.47208    -5.47155  0.00187454
        5936    -5.47262    -5.47155  0.00187422
        5937    -5.47271    -5.47155  0.00187391
        5938    -5.47234    -5.47155  0.00187359
        5939    -5.47196    -5.47155  0.00187328
        5940     -5.4705    -5.47155  0.00187296
        5941    -5.46856    -5.47155  0.00187265
        5942    -5.46673    -5.47155  0.00187233
        5943    -5.46486    -5.47155  0.00187202
        5944    -5.46234    -5.47155   0.0018717
        5945    -5.45992    -5.47154  0.00187139
        5946    -5.45713    -5.47154  0.00187107
        5947    -5.45337    -5.47154  0.00187076
        5948    -5.44999    -5.47154  0.00187045
        5949    -5.44594    -5.47153  0.00187014
        5950    -5.44105    -5.47153  0.00186983
        5951     -5.4361    -5.47152  0.00186953
        5952    -5.43063    -5.47151  0.00186923
        5953     -5.4245    -5.47151  0.00186893
        5954    -5.41847     -5.4715  0.00186864
        5955    -5.41212    -5.47149  0.00186835
        5956    -5.40531    -5.47148  0.00186807
        5957    -5.39806    -5.47146   0.0018678
        5958    -5.39057    -5.47145  0.00186753
        5959    -5.38272    -5.47143  0.00186728
        5960    -5.37441    -5.47142  0.00186704
        5961    -5.36673     -5.4714  0.00186681
        5962      -5.359    -5.47138  0.00186659
        5963    -5.35053    -5.47136  0.00186639
        5964    -5.34303    -5.47134   0.0018662
        5965    -5.33508    -5.47132  0.00186602
        5966    -5.32796    -5.47129  0.00186587
        5967    -5.32069    -5.47127  0.00186572
        5968    -5.31441    -5.47124   0.0018656
        5969    -5.30875    -5.47121  0.00186548
        5970    -5.30259    -5.47119  0.00186538
        5971     -5.2972    -5.47116   0.0018653
        5972     -5.2925    -5.47113  0.00186523
        5973    -5.28901     -5.4711  0.00186516
        5974    -5.28602    -5.47107  0.00186511
        5975    -5.28387    -5.47103  0.00186506
        5976    -5.28273      -5.471  0.00186501
        5977    -5.28231    -5.47097  0.00186497
        5978     -5.2829    -5.47094  0.00186492
        5979    -5.28434    -5.47091  0.00186487
        5980    -5.28629    -5.47088  0.00186481
        5981    -5.28961    -5.47085  0.00186475
        5982    -5.29332    -5.47082  0.00186467
        5983    -5.29829    -5.47079  0.00186458
        5984    -5.30307    -5.47076  0.00186448
        5985    -5.30835    -5.47073  0.00186437
        5986     -5.3139    -5.47071  0.00186424
        5987    -5.31981    -5.47068   0.0018641
        5988    -5.32614    -5.47066  0.00186395
        5989    -5.33314    -5.47064  0.00186378
        5990    -5.33983    -5.47061  0.00186359
        5991    -5.34678    -5.47059   0.0018634
        5992    -5.35347    -5.47057  0.00186319
        5993    -5.36031    -5.47055  0.00186297
        5994    -5.36744    -5.47054  0.00186274
        5995    -5.37451    -5.47052   0.0018625
        5996    -5.38089    -5.47051  0.00186224
        5997    -5.38763    -5.47049  0.00186199
        5998    -5.39486    -5.47048  0.00186172
        5999    -5.40137    -5.47047  0.00186144
        6000    -5.40775    -5.47046  0.00186116
        6001    -5.41414    -5.47045  0.00186088
        6002     -5.4204    -5.47044  0.00186058
        6003    -5.42621    -5.47043  0.00186029
        6004    -5.43218    -5.47043  0.00185999
        6005    -5.43784    -5.47042  0.00185969
        6006     -5.4432    -5.47042  0.00185938
        6007    -5.44855    -5.47041  0.00185908
        6008    -5.45404    -5.47041  0.00185877
        6009    -5.45921    -5.47041  0.00185846
        6010    -5.46375    -5.47041  0.00185815
        6011    -5.46842    -5.47041  0.00185784
        6012    -5.47259    -5.47041  0.00185754
        6013    -5.47702    -5.47041  0.00185723
        6014    -5.48078    -5.47041  0.00185692
        6015    -5.48419    -5.47041  0.00185661
        6016    -5.48827    -5.47042   0.0018563
        6017    -5.49153    -5.47042    0.001856
        6018    -5.49469    -5.47042   0.0018557
        6019    -5.49776    -5.47043  0.00185539
        6020    -5.50057    -5.47043  0.00185509
        6021    -5.50297    -5.47044  0.00185479
        6022     -5.5051    -5.47044  0.00185449
        6023    -5.50771    -5.47045  0.00185419
        6024    -5.50915    -5.47046   0.0018539
        6025    -5.51029    -5.47046   0.0018536
        6026     -5.5113    -5.47047  0.00185331
        6027    -5.51141    -5.47048  0.00185301
        6028    -5.51184    -5.47048  0.00185272
        6029    -5.51212    -5.47049  0.00185242
        6030    -5.51227     -5.4705  0.00185213
        6031    -5.51167     -5.4705  0.00185183
        6032    -5.51079    -5.47051  0.00185154
        6033    -5.51008    -5.47052  0.00185124
        6034    -5.50879    -5.47052  0.00185095
        6035    -5.50739    -5.47053  0.00185065
        6036    -5.50604    -5.47054  0.00185035
        6037    -5.50385    -5.47054  0.00185006
        6038    -5.50188    -5.47055  0.00184976
        6039    -5.49894    -5.47055  0.00184946
        6040    -5.49597    -5.47056  0.00184915
        6041    -5.49297    -5.47056  0.00184885
        6042    -5.48981    -5.47056  0.00184855
        6043    -5.48637    -5.47056  0.00184824
        6044    -5.48311    -5.47057  0.00184794
        6045    -5.47962    -5.47057  0.00184764
        6046    -5.47622    -5.47057  0.00184733
        6047    -5.47323    -5.47057  0.00184702
        6048    -5.46993    -5.47057  0.00184672
        6049    -5.46665    -5.47057  0.00184641
        6050    -5.46402    -5.47057  0.00184611
        6051    -5.46102    -5.47057   0.0018458
        6052    -5.45812    -5.47056   0.0018455
        6053    -5.45506    -5.47056   0.0018452
        6054    -5.45247    -5.47056   0.0018449
        6055    -5.44963    -5.47056  0.00184459
        6056    -5.44716    -5.47055  0.00184429
        6057    -5.44495    -5.47055  0.00184399
        6058    -5.44287    -5.47054  0.00184369
        6059    -5.44111    -5.47054   0.0018434
        6060    -5.43939    -5.47053   0.0018431
        6061    -5.43847    -5.47053   0.0018428
        6062    -5.43808    -5.47052  0.00184251
        6063    -5.43748    -5.47052  0.00184221
        6064    -5.43758    -5.47051  0.00184192
        6065    -5.43824    -5.47051  0.00184162
        6066    -5.43947     -5.4705  0.00184132
        6067    -5.44094     -5.4705  0.00184103
        6068    -5.44267    -5.47049  0.00184073
        6069    -5.44508    -5.47049  0.00184043
        6070     -5.4477    -5.47048  0.00184013
        6071    -5.45081    -5.47048  0.00183983
        6072    -5.45393    -5.47048  0.00183953
        6073    -5.45672    -5.47047  0.00183923
        6074    -5.46081    -5.47047  0.00183893
        6075    -5.46464    -5.47047  0.00183862
        6076    -5.46893    -5.47047  0.00183832
        6077    -5.47392    -5.47047  0.00183802
        6078    -5.47821    -5.47047  0.00183772
        6079     -5.4822    -5.47048  0.00183741
        6080    -5.48615    -5.47048  0.00183711
        6081    -5.49031    -5.47048  0.00183682
        6082    -5.49403    -5.47049  0.00183652
        6083    -5.49787    -5.47049  0.00183622
        6084    -5.50134     -5.4705  0.00183593
        6085    -5.50485     -5.4705  0.00183563
        6086    -5.50806    -5.47051  0.00183534
        6087    -5.51079    -5.47051  0.00183505
        6088    -5.51302    -5.47052  0.00183476
        6089    -5.51549    -5.47053  0.00183448
        6090    -5.51697    -5.47054  0.00183419
        6091     -5.5182    -5.47054  0.00183391
        6092    -5.51919    -5.47055  0.00183362
        6093    -5.51963    -5.47056  0.00183334
        6094    -5.51923    -5.47057  0.00183306
        6095    -5.51906    -5.47058  0.00183277
        6096    -5.51807    -5.47058  0.00183249
        6097    -5.51765    -5.47059  0.00183221
        6098    -5.51647     -5.4706  0.00183192
        6099    -5.51486    -5.47061  0.00183163
        6100    -5.51285    -5.47061  0.00183135
        6101    -5.51079    -5.47062  0.00183106
        6102    -5.50826    -5.47063  0.00183077
        6103    -5.50606    -5.47063  0.00183048
        6104    -5.50316    -5.47064  0.00183019
        6105    -5.50053    -5.47064  0.00182989
        6106    -5.49804    -5.47065   0.0018296
        6107    -5.49574    -5.47065   0.0018293
        6108     -5.4935    -5.47065  0.00182901
        6109     -5.4909    -5.47066  0.00182871
        6110    -5.48858    -5.47066  0.00182842
        6111     -5.4858    -5.47066  0.00182812
        6112    -5.48424    -5.47066  0.00182782
        6113    -5.48269    -5.47067  0.00182752
        6114    -5.48133    -5.47067  0.00182722
        6115    -5.48015    -5.47067  0.00182693
        6116     -5.4793    -5.47067  0.00182663
        6117    -5.47847    -5.47067  0.00182633
        6118    -5.47781    -5.47067  0.00182603
        6119    -5.47716    -5.47067  0.00182573
        6120    -5.47651    -5.47068  0.00182544
        6121    -5.47599    -5.47068  0.00182514
        6122      -5.475    -5.47068  0.00182484
        6123    -5.47473    -5.47068  0.00182454
        6124    -5.47517    -5.47068  0.00182424
        6125    -5.47572    -5.47068  0.00182395
        6126    -5.47591    -5.47068  0.00182365
        6127     -5.4762    -5.47068  0.00182335
        6128    -5.47657    -5.47068  0.00182305
        6129    -5.47734    -5.47068  0.00182276
        6130     -5.4782    -5.47068  0.00182246
        6131      -5.479    -5.47069  0.00182216
        6132    -5.47974    -5.47069  0.00182187
        6133    -5.48027    -5.47069  0.00182157
        6134     -5.4812    -5.47069  0.00182127
        6135    -5.48221    -5.47069  0.00182098
        6136    -5.48316    -5.47069  0.00182068
        6137    -5.48418     -5.4707  0.00182039
        6138    -5.48558     -5.4707  0.00182009
        6139    -5.48672     -5.4707   0.0018198
        6140    -5.48806     -5.4707   0.0018195
        6141    -5.48912    -5.47071  0.00181921
        6142    -5.49033    -5.47071  0.00181892
        6143    -5.49167    -5.47071  0.00181862
        6144    -5.49281    -5.47072  0.00181833
        6145    -5.49417    -5.47072  0.00181804
        6146    -5.49543    -5.47073  0.00181775
        6147    -5.49624    -5.47073  0.00181746
        6148    -5.49717    -5.47073  0.00181717
        6149    -5.49745    -5.47074  0.00181688
        6150    -5.49777    -5.47074  0.00181659
        6151    -5.49767    -5.47075   0.0018163
        6152     -5.4974    -5.47075  0.00181601
        6153    -5.49693    -5.47076  0.00181571
        6154    -5.49549    -5.47076  0.00181542
        6155    -5.49456    -5.47076  0.00181513
        6156     -5.4929    -5.47077  0.00181484
        6157    -5.49019    -5.47077  0.00181455
        6158    -5.48718    -5.47077  0.00181426
        6159      -5.484    -5.47078  0.00181396
        6160     -5.4805    -5.47078  0.00181367
        6161    -5.47682    -5.47078  0.00181338
        6162    -5.47221    -5.47078  0.00181308
        6163    -5.46698    -5.47078  0.00181279
        6164     -5.4619    -5.47078  0.00181249
        6165    -5.45593    -5.47077   0.0018122
        6166    -5.44939    -5.47077  0.00181191
        6167    -5.44261    -5.47077  0.00181162
        6168    -5.43638    -5.47076  0.00181134
        6169    -5.42863    -5.47075  0.00181106
        6170     -5.4206    -5.47075  0.00181078
        6171    -5.41265    -5.47074  0.00181051
        6172    -5.40498    -5.47072  0.00181025
        6173    -5.39703    -5.47071     0.00181
        6174    -5.38886     -5.4707  0.00180975
        6175    -5.38053    -5.47069  0.00180952
        6176    -5.37254    -5.47067   0.0018093
        6177    -5.36452    -5.47065  0.00180908
        6178    -5.35637    -5.47063  0.00180889
        6179    -5.34921    -5.47061   0.0018087
        6180    -5.34219    -5.47059  0.00180853
        6181    -5.33521    -5.47057  0.00180837
        6182    -5.32848    -5.47055  0.00180822
        6183     -5.3222    -5.47052  0.00180809
        6184    -5.31627     -5.4705  0.00180797
        6185    -5.31086    -5.47047  0.00180786
        6186    -5.30632    -5.47045  0.00180776
        6187    -5.30223    -5.47042  0.00180767
        6188    -5.29935    -5.47039  0.00180759
        6189    -5.29649    -5.47036  0.00180752
        6190    -5.29382    -5.47034  0.00180745
        6191    -5.29238    -5.47031  0.00180739
        6192    -5.29127    -5.47028  0.00180733
        6193    -5.29094    -5.47025  0.00180727
        6194     -5.2912    -5.47022  0.00180721
        6195    -5.29205    -5.47019  0.00180714
        6196    -5.29359    -5.47016  0.00180708
        6197    -5.29581    -5.47013    0.001807
        6198    -5.29821    -5.47011  0.00180693
        6199    -5.30091    -5.47008  0.00180684
        6200    -5.30448    -5.47005  0.00180675
        6201    -5.30783    -5.47003  0.00180664
        6202    -5.31196       -5.47  0.00180653
        6203    -5.31593    -5.46998  0.00180641
        6204    -5.32046    -5.46995  0.00180628
        6205     -5.3249    -5.46993  0.00180614
        6206    -5.33013    -5.46991  0.00180599
        6207    -5.33474    -5.46988  0.00180583
        6208    -5.33992    -5.46986  0.00180566
        6209    -5.34547    -5.46984  0.00180548
        6210    -5.35075    -5.46982  0.00180529
        6211    -5.35606    -5.46981   0.0018051
        6212    -5.36119    -5.46979  0.00180489
        6213    -5.36614    -5.46977  0.00180468
        6214    -5.37103    -5.46976  0.00180446
        6215    -5.37629    -5.46974  0.00180423
        6216    -5.38144    -5.46973  0.00180399
        6217    -5.38647    -5.46971  0.00180375
        6218    -5.39136     -5.4697  0.00180351
        6219    -5.39578    -5.46969  0.00180326
        6220    -5.40004    -5.46968    0.001803
        6221    -5.40425    -5.46967  0.00180274
        6222    -5.40797    -5.46966  0.00180248
        6223    -5.41209    -5.46965  0.00180221
        6224    -5.41583    -5.46964  0.00180195
        6225    -5.41889    -5.46963  0.00180167
        6226    -5.42202    -5.46962   0.0018014
        6227    -5.42461    -5.46962  0.00180113
        6228    -5.42756    -5.46961  0.00180085
        6229    -5.43012     -5.4696  0.00180057
        6230    -5.43227     -5.4696  0.00180029
        6231    -5.43357    -5.46959  0.00180001
        6232    -5.43553    -5.46959  0.00179973
        6233    -5.43725    -5.46958  0.00179945
        6234    -5.43874    -5.46958  0.00179917
        6235    -5.43985    -5.46957  0.00179889
        6236    -5.44059    -5.46957  0.00179861
        6237    -5.44052    -5.46956  0.00179832
        6238    -5.44056    -5.46956  0.00179804
        6239    -5.44042    -5.46955  0.00179776
        6240    -5.44042    -5.46955  0.00179748
        6241    -5.44058    -5.46954  0.00179719
        6242     -5.4403    -5.46954  0.00179691
        6243    -5.43915    -5.46953  0.00179663
        6244    -5.43882    -5.46953  0.00179635
        6245    -5.43827    -5.46952  0.00179607
        6246    -5.43722    -5.46952  0.00179579
        6247    -5.43629    -5.46951  0.00179551
        6248    -5.43552    -5.46951  0.00179523
        6249    -5.43492     -5.4695  0.00179495
        6250    -5.43362     -5.4695  0.00179467
        6251    -5.43345    -5.46949   0.0017944
        6252    -5.43263    -5.46948  0.00179412
        6253    -5.43255    -5.46948  0.00179384
        6254    -5.43263    -5.46947  0.00179356
        6255    -5.43245    -5.46947  0.00179329
        6256    -5.43248    -5.46946  0.00179301
        6257    -5.43306    -5.46946  0.00179273
        6258    -5.43331    -5.46945  0.00179246
        6259    -5.43432    -5.46944  0.00179218
        6260    -5.43505    -5.46944   0.0017919
        6261    -5.43674    -5.46943  0.00179162
        6262    -5.43895    -5.46943  0.00179134
        6263    -5.44186    -5.46942  0.00179106
        6264    -5.44472    -5.46942  0.00179078
        6265      -5.448    -5.46942   0.0017905
        6266      -5.452    -5.46941  0.00179021
        6267    -5.45628    -5.46941  0.00178993
        6268    -5.46142    -5.46941  0.00178964
        6269    -5.46637    -5.46941  0.00178936
        6270    -5.47216    -5.46941  0.00178907
        6271    -5.47815    -5.46941  0.00178879
        6272    -5.48448    -5.46941  0.00178851
        6273    -5.49064    -5.46942  0.00178822
        6274    -5.49765    -5.46942  0.00178794
        6275    -5.50472    -5.46943  0.00178767
        6276    -5.51225    -5.46943   0.0017874
        6277    -5.51912    -5.46944  0.00178713
        6278    -5.52635    -5.46945  0.00178687
        6279    -5.53388    -5.46946  0.00178661
        6280    -5.54046    -5.46947  0.00178636
        6281    -5.54769    -5.46949  0.00178612
        6282    -5.55433     -5.4695  0.00178589
        6283    -5.56109    -5.46951  0.00178566
        6284    -5.56779    -5.46953  0.00178545
        6285    -5.57423    -5.46955  0.00178524
        6286    -5.57964    -5.46956  0.00178504
        6287    -5.58521    -5.46958  0.00178486
        6288    -5.59108     -5.4696  0.00178468
        6289    -5.59602    -5.46962  0.00178451
        6290    -5.60124    -5.46964  0.00178434
        6291    -5.60628    -5.46966  0.00178419
        6292     -5.6104    -5.46969  0.00178405
        6293    -5.61389    -5.46971  0.00178391
        6294    -5.61738    -5.46973  0.00178378
        6295    -5.62056    -5.46976  0.00178366
        6296    -5.62345    -5.46978  0.00178355
        6297    -5.62683    -5.46981  0.00178344
        6298    -5.62918    -5.46983  0.00178333
        6299    -5.63143    -5.46986  0.00178323
        6300    -5.63315    -5.46988  0.00178314
        6301    -5.63525    -5.46991  0.00178305
        6302    -5.63654    -5.46994  0.00178296
        6303    -5.63824    -5.46996  0.00178288
        6304     -5.6393    -5.46999   0.0017828
        6305    -5.64003    -5.47002  0.00178272
        6306     -5.6409    -5.47004  0.00178264
        6307    -5.64117    -5.47007  0.00178257
        6308    -5.64189     -5.4701  0.00178249
        6309    -5.64172    -5.47012  0.00178242
        6310    -5.64202    -5.47015  0.00178234
        6311     -5.6422    -5.47018  0.00178227
        6312    -5.64241    -5.47021   0.0017822
        6313    -5.64206    -5.47023  0.00178212
        6314    -5.64116    -5.47026  0.00178205
        6315    -5.64091    -5.47029  0.00178197
        6316    -5.64027    -5.47031  0.00178189
        6317    -5.63985    -5.47034  0.00178181
        6318     -5.6395    -5.47037  0.00178173
        6319    -5.63908     -5.4704  0.00178165
        6320    -5.63829    -5.47042  0.00178156
        6321    -5.63698    -5.47045  0.00178148
        6322    -5.63576    -5.47047  0.00178139
        6323    -5.63433     -5.4705  0.00178129
        6324    -5.63314    -5.47053   0.0017812
        6325    -5.63176    -5.47055   0.0017811
        6326    -5.63032    -5.47058    0.001781
        6327    -5.62943     -5.4706  0.00178089
        6328    -5.62864    -5.47063  0.00178078
        6329     -5.6272    -5.47065  0.00178067
        6330    -5.62524    -5.47068  0.00178056
        6331    -5.62414     -5.4707  0.00178044
        6332    -5.62298    -5.47072  0.00178033
        6333     -5.6213    -5.47075   0.0017802
        6334    -5.61956    -5.47077  0.00178008
        6335     -5.6176    -5.47079  0.00177995
        6336    -5.61588    -5.47082  0.00177981
        6337     -5.6147    -5.47084  0.00177968
        6338    -5.61284    -5.47086  0.00177954
        6339    -5.61076    -5.47088  0.00177939
        6340    -5.60846    -5.47091  0.00177925
        6341    -5.60641    -5.47093  0.00177909
        6342    -5.60429    -5.47095  0.00177894
        6343    -5.60196    -5.47097  0.00177878
        6344    -5.59958    -5.47099  0.00177861
        6345    -5.59731    -5.47101  0.00177844
        6346    -5.59501    -5.47103  0.00177827
        6347    -5.59283    -5.47105  0.00177809
        6348    -5.59079    -5.47107  0.00177791
        6349    -5.58845    -5.47109  0.00177773
        6350    -5.58612     -5.4711  0.00177754
        6351    -5.58427    -5.47112  0.00177735
        6352    -5.58157    -5.47114  0.00177716
        6353    -5.57952    -5.47116  0.00177696
        6354     -5.5771    -5.47117  0.00177676
        6355    -5.57506    -5.47119  0.00177655
        6356    -5.57343    -5.47121  0.00177635
        6357     -5.5713    -5.47122  0.00177614
        6358    -5.56959    -5.47124  0.00177592
        6359    -5.56816    -5.47125  0.00177571
        6360    -5.56732    -5.47127   0.0017755
        6361    -5.56571    -5.47128  0.00177528
        6362     -5.5644     -5.4713  0.00177506
        6363    -5.56354    -5.47131  0.00177484
        6364    -5.56267    -5.47133  0.00177462
        6365    -5.56239    -5.47134   0.0017744
        6366    -5.56164    -5.47135  0.00177418
        6367    -5.56117    -5.47137  0.00177395
        6368    -5.56096    -5.47138  0.00177373
        6369      -5.561     -5.4714  0.00177351
        6370    -5.56143    -5.47141  0.00177329
        6371    -5.56132    -5.47142  0.00177306
        6372    -5.56098    -5.47144  0.00177284
        6373    -5.56098    -5.47145  0.00177262
        6374    -5.56069    -5.47147   0.0017724
        6375    -5.56057    -5.47148  0.00177217
        6376    -5.56075    -5.47149  0.00177195
        6377    -5.56075    -5.47151  0.00177173
        6378    -5.56057    -5.47152   0.0017715
        6379    -5.56048    -5.47154  0.00177128
        6380    -5.56019    -5.47155  0.00177106
        6381    -5.55981    -5.47156  0.00177084
        6382    -5.55936    -5.47158  0.00177061
        6383    -5.55926    -5.47159  0.00177039
        6384    -5.55846     -5.4716  0.00177016
        6385    -5.55695    -5.47162  0.00176994
        6386    -5.55595    -5.47163  0.00176971
        6387    -5.55574    -5.47164  0.00176948
        6388    -5.55496    -5.47166  0.00176925
        6389    -5.55361    -5.47167  0.00176902
        6390    -5.55228    -5.47168  0.00176879
        6391    -5.55084     -5.4717  0.00176855
        6392    -5.54927    -5.47171  0.00176832
        6393    -5.54742    -5.47172  0.00176808
        6394     -5.5459    -5.47173  0.00176784
        6395    -5.54439    -5.47174   0.0017676
        6396    -5.54215    -5.47175  0.00176736
        6397    -5.53992    -5.47176  0.00176712
        6398    -5.53739    -5.47177  0.00176687
        6399    -5.53503    -5.47178  0.00176662
        6400    -5.53191    -5.47179  0.00176637
        6401    -5.52939     -5.4718  0.00176612
        6402    -5.52672    -5.47181  0.00176586
        6403    -5.52434    -5.47182  0.00176561
        6404    -5.52133    -5.47183  0.00176535
        6405    -5.51771    -5.47183  0.00176509
        6406    -5.51405    -5.47184  0.00176482
        6407    -5.51037    -5.47185  0.00176456
        6408    -5.50666    -5.47185  0.00176429
        6409    -5.50246    -5.47186  0.00176402
        6410    -5.49792    -5.47186  0.00176375
        6411     -5.4938    -5.47186  0.00176348
        6412    -5.48905    -5.47187  0.00176321
        6413    -5.48443    -5.47187  0.00176293
        6414    -5.47918    -5.47187  0.00176266
        6415    -5.47421    -5.47187  0.00176238
        6416    -5.46834    -5.47187  0.00176211
        6417    -5.46309    -5.47187  0.00176184
        6418    -5.45785    -5.47187  0.00176156
        6419    -5.45236    -5.47186  0.00176129
        6420    -5.44662    -5.47186  0.00176102
        6421    -5.44111    -5.47185  0.00176075
        6422     -5.4348    -5.47185  0.00176049
        6423    -5.42923    -5.47184  0.00176023
        6424    -5.42366    -5.47183  0.00175997
        6425    -5.41845    -5.47183  0.00175971
        6426    -5.41269    -5.47182  0.00175947
        6427     -5.4075    -5.47181  0.00175922
        6428     -5.4023     -5.4718  0.00175898
        6429    -5.39697    -5.47178  0.00175874
        6430    -5.39171    -5.47177  0.00175851
        6431    -5.38668    -5.47176  0.00175829
        6432    -5.38179    -5.47175  0.00175807
        6433    -5.37751    -5.47173  0.00175786
        6434    -5.37327    -5.47172  0.00175765
        6435    -5.36985     -5.4717  0.00175745
        6436    -5.36683    -5.47168  0.00175726
        6437    -5.36393    -5.47167  0.00175706
        6438    -5.36252    -5.47165  0.00175687
        6439    -5.36079    -5.47163  0.00175668
        6440    -5.35936    -5.47161   0.0017565
        6441    -5.35839     -5.4716  0.00175631
        6442    -5.35771    -5.47158  0.00175613
        6443    -5.35777    -5.47156  0.00175594
        6444    -5.35794    -5.47154  0.00175576
        6445    -5.35881    -5.47153  0.00175557
        6446     -5.3602    -5.47151  0.00175539
        6447    -5.36104    -5.47149   0.0017552
        6448    -5.36249    -5.47148  0.00175501
        6449    -5.36424    -5.47146  0.00175481
        6450    -5.36684    -5.47144  0.00175462
        6451    -5.36938    -5.47143  0.00175442
        6452    -5.37211    -5.47141  0.00175421
        6453    -5.37519     -5.4714    0.001754
        6454    -5.37888    -5.47138  0.00175379
        6455    -5.38152    -5.47137  0.00175357
        6456    -5.38508    -5.47135  0.00175335
        6457    -5.38879    -5.47134  0.00175313
        6458     -5.3922    -5.47133   0.0017529
        6459    -5.39595    -5.47132  0.00175267
        6460    -5.39958    -5.47131  0.00175243
        6461    -5.40401     -5.4713  0.00175219
        6462    -5.40836    -5.47129  0.00175195
        6463    -5.41277    -5.47128   0.0017517
        6464    -5.41771    -5.47127  0.00175145
        6465    -5.42302    -5.47126  0.00175119
        6466    -5.42853    -5.47126  0.00175093
        6467    -5.43406    -5.47125  0.00175067
        6468    -5.43988    -5.47124  0.00175041
        6469     -5.4458    -5.47124  0.00175014
        6470    -5.45175    -5.47124  0.00174988
        6471    -5.45783    -5.47124  0.00174961
        6472    -5.46351    -5.47123  0.00174934
        6473    -5.46888    -5.47123  0.00174907
        6474    -5.47417    -5.47123   0.0017488
        6475      -5.479    -5.47124  0.00174853
        6476    -5.48392    -5.47124  0.00174826
        6477    -5.48813    -5.47124  0.00174799
        6478    -5.49171    -5.47124  0.00174772
        6479    -5.49479    -5.47125  0.00174746
        6480    -5.49748    -5.47125  0.00174719
        6481    -5.49931    -5.47126  0.00174693
        6482    -5.50088    -5.47126  0.00174666
        6483    -5.50233    -5.47127   0.0017464
        6484    -5.50262    -5.47127  0.00174614
        6485    -5.50312    -5.47127  0.00174588
        6486    -5.50249    -5.47128  0.00174561
        6487    -5.50139    -5.47128  0.00174535
        6488    -5.50043    -5.47129  0.00174509
        6489    -5.49892    -5.47129  0.00174482
        6490    -5.49689     -5.4713  0.00174456
        6491    -5.49424     -5.4713  0.00174429
        6492    -5.49134     -5.4713  0.00174403
        6493    -5.48838    -5.47131  0.00174376
        6494    -5.48528    -5.47131  0.00174349
        6495    -5.48163    -5.47131  0.00174323
        6496    -5.47855    -5.47131  0.00174296
        6497     -5.4752    -5.47131  0.00174269
        6498    -5.47193    -5.47131  0.00174242
        6499    -5.46894    -5.47131  0.00174215
        6500    -5.46538    -5.47131  0.00174189
        6501    -5.46251    -5.47131  0.00174162
        6502    -5.45993    -5.47131  0.00174135
        6503    -5.45767    -5.47131  0.00174108
        6504    -5.45653     -5.4713  0.00174082
        6505    -5.45533     -5.4713  0.00174055
        6506    -5.45441     -5.4713  0.00174029
        6507    -5.45453     -5.4713  0.00174002
        6508    -5.45436    -5.47129  0.00173976
        6509    -5.45451    -5.47129  0.00173949
        6510    -5.45574    -5.47129  0.00173923
        6511    -5.45699    -5.47129  0.00173896
        6512    -5.45872    -5.47128  0.00173869
        6513     -5.4612    -5.47128  0.00173843
        6514    -5.46351    -5.47128  0.00173816
        6515    -5.46638    -5.47128  0.00173789
        6516    -5.47009    -5.47128  0.00173763
        6517    -5.47385    -5.47128  0.00173736
        6518    -5.47762    -5.47128  0.00173709
        6519    -5.48288    -5.47128  0.00173683
        6520    -5.48762    -5.47129  0.00173656
        6521    -5.49255    -5.47129   0.0017363
        6522    -5.49719    -5.47129  0.00173604
        6523    -5.50254     -5.4713  0.00173578
        6524    -5.50766     -5.4713  0.00173552
        6525    -5.51295    -5.47131  0.00173527
        6526    -5.51839    -5.47132  0.00173502
        6527    -5.52346    -5.47132  0.00173477
        6528    -5.52875    -5.47133  0.00173453
        6529    -5.53377    -5.47134  0.00173429
        6530    -5.53862    -5.47135  0.00173405
        6531     -5.5436    -5.47136  0.00173382
        6532    -5.54837    -5.47138   0.0017336
        6533    -5.55274    -5.47139  0.00173338
        6534    -5.55672     -5.4714  0.00173316
        6535    -5.56011    -5.47142  0.00173295
        6536    -5.56366    -5.47143  0.00173274
        6537    -5.56646    -5.47144  0.00173254
        6538    -5.56923    -5.47146  0.00173234
        6539    -5.57167    -5.47147  0.00173214
        6540    -5.57347    -5.47149  0.00173194
        6541    -5.57477    -5.47151  0.00173175
        6542    -5.57571    -5.47152  0.00173156
        6543    -5.57705    -5.47154  0.00173137
        6544    -5.57757    -5.47155  0.00173118
        6545    -5.57743    -5.47157  0.00173099
        6546    -5.57753    -5.47159   0.0017308
        6547    -5.57696     -5.4716  0.00173061
        6548    -5.57603    -5.47162  0.00173042
        6549    -5.57475    -5.47163  0.00173023
        6550    -5.57297    -5.47165  0.00173004
        6551    -5.57144    -5.47166  0.00172984
        6552    -5.56958    -5.47168  0.00172964
        6553    -5.56679    -5.47169  0.00172944
        6554    -5.56413    -5.47171  0.00172923
        6555    -5.56071    -5.47172  0.00172902
        6556    -5.55745    -5.47174  0.00172881
        6557    -5.55362    -5.47175  0.00172859
        6558    -5.54966    -5.47176  0.00172836
        6559    -5.54562    -5.47177  0.00172814
        6560    -5.54134    -5.47178  0.00172791
        6561     -5.5367    -5.47179  0.00172767
        6562    -5.53232     -5.4718  0.00172743
        6563    -5.52777    -5.47181  0.00172719
        6564    -5.52261    -5.47182  0.00172694
        6565    -5.51747    -5.47182   0.0017267
        6566    -5.51238    -5.47183  0.00172644
        6567    -5.50705    -5.47184  0.00172619
        6568    -5.50226    -5.47184  0.00172593
        6569    -5.49653    -5.47184  0.00172567
        6570    -5.49078    -5.47185  0.00172541
        6571    -5.48549    -5.47185  0.00172515
        6572    -5.47992    -5.47185  0.00172489
        6573    -5.47454    -5.47185  0.00172463
        6574    -5.46908    -5.47185  0.00172437
        6575    -5.46401    -5.47185   0.0017241
        6576    -5.45844    -5.47185  0.00172384
        6577    -5.45359    -5.47184  0.00172358
        6578    -5.44873    -5.47184  0.00172332
        6579     -5.4437    -5.47184  0.00172307
        6580    -5.43899    -5.47183  0.00172281
        6581    -5.43413    -5.47183  0.00172256
        6582    -5.42975    -5.47182  0.00172231
        6583    -5.42555    -5.47181  0.00172206
        6584    -5.42107     -5.4718  0.00172182
        6585    -5.41676     -5.4718  0.00172158
        6586    -5.41278    -5.47179  0.00172134
        6587    -5.40926    -5.47178  0.00172111
        6588    -5.40575    -5.47177  0.00172087
        6589    -5.40253    -5.47176  0.00172064
        6590    -5.39975    -5.47175  0.00172042
        6591    -5.39664    -5.47173  0.00172019
        6592    -5.39364    -5.47172  0.00171997
        6593    -5.39132    -5.47171  0.00171976
        6594    -5.38847     -5.4717  0.00171954
        6595    -5.38597    -5.47168  0.00171933
        6596     -5.3829    -5.47167  0.00171912
        6597     -5.3803    -5.47166  0.00171892
        6598    -5.37739    -5.47164  0.00171872
        6599    -5.37477    -5.47163  0.00171852
        6600    -5.37211    -5.47161  0.00171832
        6601    -5.36927     -5.4716  0.00171813
        6602    -5.36636    -5.47158  0.00171795
        6603    -5.36324    -5.47157  0.00171777
        6604     -5.3605    -5.47155  0.00171759
        6605    -5.35708    -5.47153  0.00171742
        6606    -5.35435    -5.47151  0.00171725
        6607     -5.3514     -5.4715  0.00171708
        6608    -5.34868    -5.47148  0.00171692
        6609     -5.3456    -5.47146  0.00171677
        6610    -5.34217    -5.47144  0.00171662
        6611    -5.33842    -5.47142  0.00171648
        6612     -5.3348     -5.4714  0.00171635
        6613    -5.33194    -5.47138  0.00171622
        6614    -5.32851    -5.47135  0.00171609
        6615    -5.32513    -5.47133  0.00171597
        6616    -5.32198    -5.47131  0.00171586
        6617    -5.31879    -5.47129  0.00171576
        6618     -5.3159    -5.47126  0.00171566
        6619    -5.31333    -5.47124  0.00171557
        6620    -5.31066    -5.47122  0.00171548
        6621    -5.30837    -5.47119   0.0017154
        6622     -5.3065    -5.47117  0.00171532
        6623    -5.30492    -5.47114  0.00171524
        6624    -5.30291    -5.47112  0.00171517
        6625    -5.30168    -5.47109   0.0017151
        6626     -5.3008    -5.47106  0.00171504
        6627    -5.30029    -5.47104  0.00171497
        6628    -5.30061    -5.47101  0.00171491
        6629    -5.30101    -5.47099  0.00171484
        6630    -5.30133    -5.47096  0.00171477
        6631    -5.30263    -5.47094   0.0017147
        6632    -5.30414    -5.47091  0.00171463
        6633      -5.306    -5.47089  0.00171455
        6634    -5.30832    -5.47086  0.00171446
        6635     -5.3108    -5.47084  0.00171438
        6636     -5.3137    -5.47081  0.00171428
        6637    -5.31685    -5.47079  0.00171418
        6638    -5.32021    -5.47077  0.00171407
        6639     -5.3239    -5.47075  0.00171396
        6640    -5.32759    -5.47072  0.00171383
        6641    -5.33126     -5.4707   0.0017137
        6642    -5.33517    -5.47068  0.00171357
        6643    -5.33871    -5.47066  0.00171343
        6644     -5.3426    -5.47064  0.00171328
        6645    -5.34667    -5.47063  0.00171312
        6646    -5.35076    -5.47061  0.00171296
        6647    -5.35471    -5.47059  0.00171279
        6648    -5.35896    -5.47057  0.00171261
        6649    -5.36305    -5.47056  0.00171243
        6650    -5.36638    -5.47054  0.00171225
        6651    -5.37076    -5.47053  0.00171205
        6652    -5.37482    -5.47051  0.00171186
        6653    -5.37888     -5.4705  0.00171165
        6654    -5.38247    -5.47048  0.00171145
        6655    -5.38652    -5.47047  0.00171124
        6656    -5.39025    -5.47046  0.00171102
        6657    -5.39459    -5.47045   0.0017108
        6658    -5.39846    -5.47044  0.00171058
        6659    -5.40202    -5.47043  0.00171036
        6660    -5.40586    -5.47042  0.00171013
        6661    -5.40937    -5.47041  0.00170989
        6662    -5.41329     -5.4704  0.00170966
        6663    -5.41718    -5.47039  0.00170942
        6664    -5.42069    -5.47038  0.00170918
        6665    -5.42429    -5.47038  0.00170894
        6666    -5.42794    -5.47037  0.00170869
        6667    -5.43105    -5.47037  0.00170845
        6668    -5.43479    -5.47036   0.0017082
        6669    -5.43824    -5.47036  0.00170795
        6670     -5.4417    -5.47035   0.0017077
        6671    -5.44423    -5.47035  0.00170745
        6672    -5.44659    -5.47034   0.0017072
        6673     -5.4492    -5.47034  0.00170694
        6674    -5.45131    -5.47034  0.00170669
        6675    -5.45349    -5.47033  0.00170644
        6676    -5.45469    -5.47033  0.00170618
        6677    -5.45595    -5.47033  0.00170593
        6678    -5.45758    -5.47033  0.00170567
        6679    -5.45851    -5.47033  0.00170542
        6680    -5.45965    -5.47033  0.00170516
        6681    -5.46025    -5.47032  0.00170491
        6682    -5.46061    -5.47032  0.00170466
        6683    -5.46151    -5.47032   0.0017044
        6684    -5.46145    -5.47032  0.00170415
        6685    -5.46119    -5.47032  0.00170389
        6686    -5.46077    -5.47032  0.00170364
        6687    -5.46006    -5.47032  0.00170338
        6688    -5.45954    -5.47031  0.00170313
        6689    -5.45879    -5.47031  0.00170288
        6690    -5.45799    -5.47031  0.00170262
        6691    -5.45764    -5.47031  0.00170237
        6692    -5.45703    -5.47031  0.00170212
        6693    -5.45648     -5.4703  0.00170186
        6694     -5.4559     -5.4703  0.00170161
        6695    -5.45546     -5.4703  0.00170136
        6696    -5.45521     -5.4703   0.0017011
        6697    -5.45502     -5.4703  0.00170085
        6698    -5.45524    -5.47029   0.0017006
        6699    -5.45604    -5.47029  0.00170035
        6700    -5.45683    -5.47029  0.00170009
        6701    -5.45794    -5.47029  0.00169984
        6702    -5.45951    -5.47029  0.00169959
        6703    -5.46186    -5.47028  0.00169934
        6704    -5.46377    -5.47028  0.00169908
        6705    -5.46613    -5.47028  0.00169883
        6706    -5.46892    -5.47028  0.00169858
        6707    -5.47197    -5.47028  0.00169832
        6708    -5.47493    -5.47028  0.00169807
        6709    -5.47838    -5.47028  0.00169782
        6710    -5.48166    -5.47029  0.00169756
        6711    -5.48488    -5.47029  0.00169731
        6712    -5.48876    -5.47029  0.00169706
        6713    -5.49263    -5.47029  0.00169681
        6714    -5.49569     -5.4703  0.00169656
        6715    -5.49895     -5.4703  0.00169632
        6716    -5.50236    -5.47031  0.00169607
        6717    -5.50527    -5.47031  0.00169583
        6718    -5.50764    -5.47032  0.00169558
        6719    -5.51018    -5.47032  0.00169534
        6720    -5.51226    -5.47033   0.0016951
        6721    -5.51429    -5.47034  0.00169486
        6722    -5.51593    -5.47034  0.00169462
        6723    -5.51716    -5.47035  0.00169438
        6724    -5.51827    -5.47036  0.00169415
        6725    -5.51847    -5.47036  0.00169391
        6726    -5.51821    -5.47037  0.00169367
        6727    -5.51732    -5.47038  0.00169344
        6728    -5.51594    -5.47039   0.0016932
        6729    -5.51438    -5.47039  0.00169296
        6730    -5.51217     -5.4704  0.00169272
        6731    -5.51038     -5.4704  0.00169248
        6732     -5.5072    -5.47041  0.00169224
        6733    -5.50341    -5.47041  0.00169199
        6734    -5.49947    -5.47042  0.00169175
        6735    -5.49465    -5.47042   0.0016915
        6736    -5.49002    -5.47043  0.00169125
        6737    -5.48488    -5.47043    0.001691
        6738    -5.47954    -5.47043  0.00169075
        6739    -5.47376    -5.47043   0.0016905
        6740    -5.46803    -5.47043  0.00169025
        6741    -5.46134    -5.47043     0.00169
        6742     -5.4548    -5.47043  0.00168975
        6743    -5.44802    -5.47042   0.0016895
        6744     -5.4412    -5.47042  0.00168926
        6745    -5.43426    -5.47041  0.00168901
        6746    -5.42785    -5.47041  0.00168878
        6747    -5.42129     -5.4704  0.00168854
        6748    -5.41449    -5.47039  0.00168831
        6749     -5.4087    -5.47038  0.00168809
        6750    -5.40323    -5.47037  0.00168787
        6751    -5.39767    -5.47036  0.00168765
        6752    -5.39267    -5.47035  0.00168744
        6753    -5.38825    -5.47034  0.00168723
        6754    -5.38429    -5.47032  0.00168703
        6755    -5.38052    -5.47031  0.00168683
        6756    -5.37784     -5.4703  0.00168664
        6757    -5.37552    -5.47028  0.00168645
        6758    -5.37384    -5.47027  0.00168626
        6759    -5.37205    -5.47025  0.00168607
        6760    -5.37149    -5.47024  0.00168589
        6761    -5.37094    -5.47023   0.0016857
        6762    -5.37052    -5.47021  0.00168552
        6763    -5.37081     -5.4702  0.00168533
        6764    -5.37133    -5.47018  0.00168514
        6765    -5.37221    -5.47017  0.00168496
        6766    -5.37357    -5.47015  0.00168477
        6767    -5.37494    -5.47014  0.00168458
        6768    -5.37688    -5.47012  0.00168439
        6769    -5.37924    -5.47011  0.00168419
        6770    -5.38167     -5.4701  0.00168399
        6771    -5.38432    -5.47009  0.00168379
        6772     -5.3867    -5.47007  0.00168359
        6773    -5.38986    -5.47006  0.00168338
        6774    -5.39257    -5.47005  0.00168317
        6775    -5.39573    -5.47004  0.00168296
        6776      -5.399    -5.47003  0.00168274
        6777    -5.40253    -5.47002  0.00168252
        6778    -5.40569    -5.47001   0.0016823
        6779    -5.40923       -5.47  0.00168208
        6780    -5.41282    -5.46999  0.00168185
        6781    -5.41646    -5.46998  0.00168162
        6782    -5.42011    -5.46998  0.00168139
        6783    -5.42378    -5.46997  0.00168116
        6784    -5.42728    -5.46996  0.00168092
        6785    -5.43106    -5.46996  0.00168068
        6786    -5.43494    -5.46995  0.00168044
        6787    -5.43831    -5.46995   0.0016802
        6788    -5.44206    -5.46994  0.00167996
        6789     -5.4451    -5.46994  0.00167972
        6790    -5.44894    -5.46994  0.00167947
        6791    -5.45205    -5.46993  0.00167923
        6792    -5.45533    -5.46993  0.00167898
        6793     -5.4583    -5.46993  0.00167873
        6794    -5.46141    -5.46993  0.00167849
        6795     -5.4645    -5.46993  0.00167824
        6796    -5.46681    -5.46993  0.00167799
        6797    -5.46893    -5.46993  0.00167775
        6798    -5.47071    -5.46993   0.0016775
        6799    -5.47289    -5.46993  0.00167725
        6800    -5.47519    -5.46993  0.00167701
        6801    -5.47698    -5.46993  0.00167676
        6802    -5.47843    -5.46993  0.00167651
        6803    -5.47939    -5.46993  0.00167627
        6804    -5.48076    -5.46993  0.00167602
        6805    -5.48196    -5.46994  0.00167578
        6806    -5.48254    -5.46994  0.00167553
        6807    -5.48358    -5.46994  0.00167529
        6808    -5.48447    -5.46994  0.00167504
        6809    -5.48448    -5.46994   0.0016748
        6810    -5.48437    -5.46995  0.00167455
        6811    -5.48432    -5.46995  0.00167431
        6812    -5.48419    -5.46995  0.00167406
        6813    -5.48414    -5.46995  0.00167382
        6814    -5.48389    -5.46995  0.00167358
        6815    -5.48362    -5.46996  0.00167333
        6816    -5.48317    -5.46996  0.00167309
        6817    -5.48319    -5.46996  0.00167284
        6818    -5.48292    -5.46996   0.0016726
        6819    -5.48283    -5.46996  0.00167235
        6820    -5.48279    -5.46997  0.00167211
        6821    -5.48236    -5.46997  0.00167187
        6822    -5.48275    -5.46997  0.00167162
        6823    -5.48231    -5.46997  0.00167138
        6824    -5.48135    -5.46997  0.00167113
        6825     -5.4814    -5.46997  0.00167089
        6826    -5.48169    -5.46998  0.00167065
        6827    -5.48177    -5.46998   0.0016704
        6828    -5.48225    -5.46998  0.00167016
        6829    -5.48283    -5.46998  0.00166991
        6830    -5.48336    -5.46998  0.00166967
        6831    -5.48428    -5.46999  0.00166943
        6832    -5.48528    -5.46999  0.00166919
        6833    -5.48606    -5.46999  0.00166894
        6834    -5.48706    -5.46999   0.0016687
        6835    -5.48812       -5.47  0.00166846
        6836    -5.48925       -5.47  0.00166822
        6837    -5.49058       -5.47  0.00166798
        6838    -5.49181       -5.47  0.00166773
        6839    -5.49309    -5.47001  0.00166749
        6840    -5.49425    -5.47001  0.00166725
        6841    -5.49546    -5.47002  0.00166701
        6842    -5.49655    -5.47002  0.00166678
        6843    -5.49782    -5.47002  0.00166654
        6844    -5.49914    -5.47003   0.0016663
        6845    -5.50034    -5.47003  0.00166606
        6846     -5.5019    -5.47004  0.00166582
        6847     -5.5035    -5.47004  0.00166559
        6848    -5.50516    -5.47005  0.00166535
        6849    -5.50704    -5.47005  0.00166512
        6850    -5.50899    -5.47006  0.00166488
        6851    -5.51059    -5.47006  0.00166465
        6852    -5.51228    -5.47007  0.00166442
        6853    -5.51438    -5.47008  0.00166419
        6854    -5.51676    -5.47008  0.00166396
        6855    -5.51896    -5.47009  0.00166373
        6856    -5.52161     -5.4701  0.00166351
        6857    -5.52411    -5.47011  0.00166328
        6858    -5.52722    -5.47011  0.00166306
        6859    -5.52959    -5.47012  0.00166284
        6860    -5.53257    -5.47013  0.00166263
        6861    -5.53587    -5.47014  0.00166241
        6862    -5.53917    -5.47015   0.0016622
        6863    -5.54308    -5.47016  0.00166199
        6864    -5.54667    -5.47017  0.00166179
        6865    -5.55053    -5.47018  0.00166159
        6866    -5.55435     -5.4702  0.00166139
        6867     -5.5587    -5.47021   0.0016612
        6868     -5.5625    -5.47022  0.00166101
        6869    -5.56678    -5.47024  0.00166083
        6870    -5.57104    -5.47025  0.00166065
        6871    -5.57511    -5.47027  0.00166048
        6872    -5.57865    -5.47028  0.00166031
        6873    -5.58252     -5.4703  0.00166015
        6874    -5.58607    -5.47032  0.00165999
        6875    -5.58957    -5.47033  0.00165984
        6876    -5.59267    -5.47035   0.0016597
        6877    -5.59518    -5.47037  0.00165956
        6878    -5.59811    -5.47039  0.00165942
        6879    -5.60051    -5.47041  0.00165928
        6880     -5.6025    -5.47043  0.00165915
        6881     -5.6042    -5.47045  0.00165903
        6882    -5.60526    -5.47047   0.0016589
        6883    -5.60611    -5.47049  0.00165878
        6884    -5.60581     -5.4705  0.00165865
        6885    -5.60539    -5.47052  0.00165853
        6886    -5.60439    -5.47054   0.0016584
        6887    -5.60279    -5.47056  0.00165827
        6888    -5.60012    -5.47058  0.00165814
        6889    -5.59743     -5.4706    0.001658
        6890    -5.59366    -5.47062  0.00165785
        6891    -5.58974    -5.47064   0.0016577
        6892    -5.58491    -5.47065  0.00165755
        6893    -5.57934    -5.47067  0.00165738
        6894    -5.57305    -5.47068  0.00165721
        6895    -5.56623     -5.4707  0.00165702
        6896    -5.55905    -5.47071  0.00165683
        6897    -5.55187    -5.47072  0.00165664
        6898    -5.54353    -5.47073  0.00165643
        6899    -5.53482    -5.47074  0.00165621
        6900    -5.52612    -5.47075  0.00165599
        6901    -5.51672    -5.47076  0.00165577
        6902      -5.507    -5.47076  0.00165554
        6903    -5.49748    -5.47076   0.0016553
        6904    -5.48823    -5.47077  0.00165506
        6905    -5.47904    -5.47077  0.00165482
        6906    -5.46997    -5.47077  0.00165458
        6907    -5.46094    -5.47077  0.00165435
        6908    -5.45235    -5.47076  0.00165411
        6909    -5.44364    -5.47076  0.00165387
        6910    -5.43581    -5.47076  0.00165364
        6911    -5.42845    -5.47075  0.00165341
        6912    -5.42148    -5.47074  0.00165319
        6913    -5.41556    -5.47073  0.00165297
        6914    -5.41012    -5.47073  0.00165275
        6915    -5.40537    -5.47072  0.00165254
        6916    -5.40073    -5.47071  0.00165233
        6917    -5.39697     -5.4707  0.00165213
        6918    -5.39397    -5.47068  0.00165193
        6919    -5.39202    -5.47067  0.00165173
        6920    -5.39144    -5.47066  0.00165153
        6921    -5.39086    -5.47065  0.00165133
        6922    -5.39085    -5.47064  0.00165113
        6923    -5.39186    -5.47063  0.00165093
        6924    -5.39308    -5.47062  0.00165073
        6925    -5.39495     -5.4706  0.00165053
        6926    -5.39803    -5.47059  0.00165033
        6927     -5.4012    -5.47058  0.00165012
        6928    -5.40534    -5.47057  0.00164991
        6929    -5.41008    -5.47057  0.00164969
        6930    -5.41492    -5.47056  0.00164947
        6931    -5.41982    -5.47055  0.00164925
        6932    -5.42546    -5.47054  0.00164903
        6933    -5.43121    -5.47054   0.0016488
        6934    -5.43731    -5.47053  0.00164857
        6935    -5.44281    -5.47053  0.00164833
        6936    -5.44903    -5.47053   0.0016481
        6937    -5.45547    -5.47052  0.00164786
        6938    -5.46194    -5.47052  0.00164763
        6939    -5.46795    -5.47052  0.00164739
        6940    -5.47363    -5.47052  0.00164715
        6941    -5.47999    -5.47052  0.00164691
        6942    -5.48597    -5.47053  0.00164668
        6943    -5.49213    -5.47053  0.00164644
        6944    -5.49831    -5.47053  0.00164621
        6945    -5.50419    -5.47054  0.00164598
        6946    -5.50975    -5.47054  0.00164576
        6947    -5.51483    -5.47055  0.00164553
        6948    -5.52002    -5.47056  0.00164531
        6949    -5.52547    -5.47057  0.00164509
        6950     -5.5298    -5.47057  0.00164488
        6951    -5.53436    -5.47058  0.00164467
        6952    -5.53884    -5.47059  0.00164446
        6953     -5.5431     -5.4706  0.00164426
        6954    -5.54726    -5.47061  0.00164406
        6955    -5.55058    -5.47063  0.00164386
        6956    -5.55395    -5.47064  0.00164367
        6957    -5.55737    -5.47065  0.00164348
        6958    -5.56023    -5.47066  0.00164329
        6959    -5.56267    -5.47068  0.00164311
        6960    -5.56546    -5.47069  0.00164293
        6961    -5.56782     -5.4707  0.00164275
        6962    -5.56932    -5.47072  0.00164258
        6963    -5.57114    -5.47073  0.00164241
        6964    -5.57255    -5.47075  0.00164223
        6965    -5.57414    -5.47076  0.00164207
        6966    -5.57486    -5.47078   0.0016419
        6967    -5.57561    -5.47079  0.00164173
        6968    -5.57564    -5.47081  0.00164156
        6969    -5.57541    -5.47082   0.0016414
        6970    -5.57539    -5.47084  0.00164123
        6971    -5.57466    -5.47085  0.00164106
        6972    -5.57401    -5.47087  0.00164089
        6973    -5.57282    -5.47088  0.00164072
        6974    -5.57126     -5.4709  0.00164055
        6975    -5.56996    -5.47091  0.00164038
        6976    -5.56831    -5.47092   0.0016402
        6977    -5.56618    -5.47094  0.00164002
        6978     -5.5645    -5.47095  0.00163984
        6979    -5.56177    -5.47096  0.00163966
        6980    -5.55905    -5.47098  0.00163947
        6981    -5.55682    -5.47099  0.00163929
        6982    -5.55417      -5.471  0.00163909
        6983    -5.55156    -5.47101   0.0016389
        6984    -5.54886    -5.47102   0.0016387
        6985    -5.54622    -5.47103   0.0016385
        6986    -5.54304    -5.47104   0.0016383
        6987    -5.54023    -5.47105   0.0016381
        6988    -5.53779    -5.47106  0.00163789
        6989    -5.53495    -5.47107  0.00163768
        6990    -5.53143    -5.47108  0.00163747
        6991    -5.52827    -5.47109  0.00163726
        6992    -5.52456     -5.4711  0.00163704
        6993    -5.52106    -5.47111  0.00163682
        6994    -5.51702    -5.47111   0.0016366
        6995    -5.51303    -5.47112  0.00163638
        6996    -5.50972    -5.47112  0.00163615
        6997    -5.50603    -5.47113  0.00163593
        6998    -5.50168    -5.47113   0.0016357
        6999    -5.49758    -5.47114  0.00163547
        7000    -5.49362    -5.47114  0.00163524
        7001    -5.48952    -5.47114  0.00163501
        7002    -5.48529    -5.47114  0.00163478
        7003    -5.48145    -5.47115  0.00163454
        7004    -5.47786    -5.47115  0.00163431
        7005    -5.47411    -5.47115  0.00163408
        7006    -5.47056    -5.47115  0.00163384
        7007    -5.46724    -5.47115  0.00163361
        7008    -5.46433    -5.47115  0.00163338
        7009    -5.46174    -5.47114  0.00163314
        7010     -5.4595    -5.47114  0.00163291
        7011    -5.45734    -5.47114  0.00163268
        7012    -5.45634    -5.47114  0.00163245
        7013    -5.45548    -5.47114  0.00163222
        7014    -5.45491    -5.47113  0.00163199
        7015    -5.45466    -5.47113  0.00163176
        7016    -5.45503    -5.47113  0.00163153
        7017    -5.45541    -5.47113  0.00163129
        7018     -5.4567    -5.47112  0.00163106
        7019    -5.45797    -5.47112  0.00163083
        7020    -5.46027    -5.47112   0.0016306
        7021    -5.46281    -5.47112  0.00163037
        7022    -5.46571    -5.47112  0.00163014
        7023    -5.46938    -5.47112   0.0016299
        7024    -5.47272    -5.47112  0.00162967
        7025    -5.47691    -5.47112  0.00162944
        7026    -5.48099    -5.47112  0.00162921
        7027    -5.48521    -5.47112  0.00162898
        7028    -5.48953    -5.47113  0.00162875
        7029    -5.49375    -5.47113  0.00162852
        7030    -5.49782    -5.47113  0.00162829
        7031    -5.50201    -5.47114  0.00162807
        7032    -5.50598    -5.47114  0.00162784
        7033    -5.51043    -5.47115  0.00162762
        7034    -5.51412    -5.47115   0.0016274
        7035    -5.51793    -5.47116  0.00162718
        7036    -5.52153    -5.47117  0.00162697
        7037    -5.52488    -5.47118  0.00162676
        7038    -5.52766    -5.47118  0.00162654
        7039    -5.53062    -5.47119  0.00162633
        7040    -5.53343     -5.4712  0.00162613
        7041    -5.53533    -5.47121  0.00162592
        7042    -5.53736    -5.47122  0.00162572
        7043    -5.53846    -5.47123  0.00162552
        7044     -5.5397    -5.47124  0.00162531
        7045    -5.54093    -5.47125  0.00162511
        7046    -5.54079    -5.47126  0.00162491
        7047     -5.5414    -5.47127  0.00162471
        7048    -5.54082    -5.47128  0.00162451
        7049    -5.54073    -5.47129  0.00162431
        7050    -5.54039     -5.4713  0.00162411
        7051    -5.53952    -5.47131  0.00162391
        7052     -5.5386    -5.47132  0.00162371
        7053     -5.5378    -5.47133   0.0016235
        7054    -5.53655    -5.47134   0.0016233
        7055    -5.53444    -5.47135  0.00162309
        7056      -5.533    -5.47135  0.00162289
        7057    -5.53166    -5.47136  0.00162268
        7058       -5.53    -5.47137  0.00162247
        7059    -5.52821    -5.47138  0.00162226
        7060    -5.52646    -5.47139  0.00162205
        7061    -5.52465    -5.47139  0.00162184
        7062     -5.5231     -5.4714  0.00162163
        7063      -5.522    -5.47141  0.00162141
        7064    -5.52106    -5.47142   0.0016212
        7065    -5.51971    -5.47142  0.00162098
        7066    -5.51872    -5.47143  0.00162077
        7067    -5.51854    -5.47144  0.00162055
        7068     -5.5183    -5.47144  0.00162034
        7069    -5.51798    -5.47145  0.00162012
        7070    -5.51759    -5.47146   0.0016199
        7071    -5.51801    -5.47146  0.00161969
        7072     -5.5182    -5.47147  0.00161947
        7073    -5.51872    -5.47148  0.00161926
        7074    -5.52046    -5.47148  0.00161904
        7075    -5.52204    -5.47149  0.00161883
        7076    -5.52297     -5.4715  0.00161862
        7077    -5.52412     -5.4715  0.00161841
        7078    -5.52561    -5.47151   0.0016182
        7079    -5.52679    -5.47152  0.00161799
        7080    -5.52807    -5.47153  0.00161778
        7081    -5.52973    -5.47154  0.00161757
        7082     -5.5305    -5.47154  0.00161736
        7083    -5.53172    -5.47155  0.00161716
        7084    -5.53227    -5.47156  0.00161695
        7085    -5.53274    -5.47157  0.00161675
        7086    -5.53277    -5.47158  0.00161654
        7087    -5.53293    -5.47159  0.00161634
        7088     -5.5329     -5.4716  0.00161613
        7089    -5.53218     -5.4716  0.00161593
        7090    -5.53074    -5.47161  0.00161572
        7091    -5.52856    -5.47162  0.00161551
        7092    -5.52576    -5.47163   0.0016153
        7093    -5.52353    -5.47164  0.00161509
        7094    -5.52005    -5.47164  0.00161488
        7095    -5.51634    -5.47165  0.00161466
        7096    -5.51211    -5.47165  0.00161444
        7097    -5.50735    -5.47166  0.00161422
        7098    -5.50191    -5.47166    0.001614
        7099    -5.49624    -5.47167  0.00161378
        7100    -5.48975    -5.47167  0.00161355
        7101    -5.48292    -5.47167  0.00161333
        7102    -5.47546    -5.47167   0.0016131
        7103    -5.46771    -5.47167  0.00161287
        7104    -5.45926    -5.47167  0.00161265
        7105    -5.45059    -5.47167  0.00161242
        7106    -5.44177    -5.47166   0.0016122
        7107    -5.43269    -5.47166  0.00161198
        7108    -5.42297    -5.47165  0.00161177
        7109    -5.41404    -5.47164  0.00161157
        7110    -5.40459    -5.47163  0.00161137
        7111     -5.3953    -5.47162  0.00161118
        7112    -5.38595    -5.47161  0.00161099
        7113    -5.37721     -5.4716  0.00161082
        7114    -5.36764    -5.47158  0.00161066
        7115    -5.35988    -5.47157  0.00161051
        7116    -5.35187    -5.47155  0.00161037
        7117    -5.34383    -5.47153  0.00161025
        7118    -5.33656    -5.47151  0.00161013
        7119    -5.33012    -5.47149  0.00161003
        7120    -5.32392    -5.47147  0.00160994
        7121    -5.31817    -5.47145  0.00160985
        7122    -5.31318    -5.47143  0.00160978
        7123    -5.30942    -5.47141  0.00160972
        7124    -5.30555    -5.47138  0.00160966
        7125    -5.30248    -5.47136  0.00160961
        7126    -5.29944    -5.47133  0.00160956
        7127    -5.29795    -5.47131  0.00160952
        7128    -5.29664    -5.47129  0.00160948
        7129    -5.29578    -5.47126  0.00160944
        7130    -5.29598    -5.47124  0.00160941
        7131    -5.29661    -5.47121  0.00160937
        7132    -5.29794    -5.47119  0.00160932
        7133     -5.2995    -5.47116  0.00160928
        7134    -5.30156    -5.47114  0.00160923
        7135    -5.30456    -5.47112  0.00160917
        7136    -5.30755    -5.47109  0.00160911
        7137    -5.31113    -5.47107  0.00160904
        7138     -5.3151    -5.47105  0.00160896
        7139    -5.31944    -5.47103  0.00160888
        7140    -5.32291    -5.47101  0.00160879
        7141    -5.32744    -5.47099  0.00160869
        7142    -5.33286    -5.47097  0.00160858
        7143    -5.33823    -5.47095  0.00160846
        7144    -5.34382    -5.47093  0.00160833
        7145    -5.34915    -5.47091   0.0016082
        7146    -5.35526     -5.4709  0.00160806
        7147    -5.36152    -5.47088   0.0016079
        7148    -5.36759    -5.47087  0.00160774
        7149     -5.3736    -5.47085  0.00160758
        7150    -5.37998    -5.47084   0.0016074
        7151    -5.38625    -5.47083  0.00160722
        7152    -5.39241    -5.47082  0.00160703
        7153    -5.39918    -5.47081  0.00160684
        7154    -5.40548     -5.4708  0.00160664
        7155    -5.41207    -5.47079  0.00160644
        7156    -5.41845    -5.47078  0.00160623
        7157    -5.42418    -5.47078  0.00160602
        7158    -5.43015    -5.47077   0.0016058
        7159    -5.43603    -5.47077  0.00160559
        7160    -5.44196    -5.47076  0.00160537
        7161    -5.44749    -5.47076  0.00160515
        7162     -5.4529    -5.47076  0.00160492
        7163    -5.45818    -5.47076   0.0016047
        7164    -5.46363    -5.47075  0.00160448
        7165    -5.46938    -5.47075  0.00160425
        7166    -5.47468    -5.47076  0.00160403
        7167    -5.47996    -5.47076  0.00160381
        7168    -5.48508    -5.47076  0.00160358
        7169    -5.49001    -5.47076  0.00160336
        7170    -5.49476    -5.47076  0.00160314
        7171    -5.49947    -5.47077  0.00160292
        7172    -5.50368    -5.47077  0.00160271
        7173    -5.50738    -5.47078  0.00160249
        7174    -5.51133    -5.47078  0.00160228
        7175    -5.51462    -5.47079  0.00160207
        7176    -5.51815     -5.4708  0.00160186
        7177    -5.52101     -5.4708  0.00160165
        7178    -5.52396    -5.47081  0.00160144
        7179    -5.52684    -5.47082  0.00160124
        7180    -5.52875    -5.47083  0.00160104
        7181    -5.53075    -5.47084  0.00160083
        7182    -5.53285    -5.47084  0.00160064
        7183    -5.53549    -5.47085  0.00160044
        7184    -5.53718    -5.47086  0.00160024
        7185    -5.53867    -5.47087  0.00160005
        7186    -5.53953    -5.47088  0.00159985
        7187    -5.54037    -5.47089  0.00159966
        7188    -5.54134     -5.4709  0.00159947
        7189    -5.54247    -5.47091  0.00159928
        7190    -5.54285    -5.47092  0.00159908
        7191    -5.54356    -5.47093  0.00159889
        7192    -5.54446    -5.47094   0.0015987
        7193    -5.54467    -5.47095  0.00159851
        7194     -5.5451    -5.47096  0.00159833
        7195    -5.54547    -5.47097  0.00159814
        7196    -5.54563    -5.47098  0.00159795
        7197    -5.54592    -5.47099  0.00159776
        7198    -5.54573      -5.471  0.00159757
        7199    -5.54584    -5.47101  0.00159738
        7200    -5.54597    -5.47102   0.0015972
        7201    -5.54657    -5.47103  0.00159701
        7202    -5.54675    -5.47104  0.00159682
        7203    -5.54696    -5.47106  0.00159663
        7204    -5.54722    -5.47107  0.00159645
        7205    -5.54754    -5.47108  0.00159626
        7206     -5.5479    -5.47109  0.00159608
        7207    -5.54832     -5.4711  0.00159589
        7208    -5.54864    -5.47111  0.00159571
        7209    -5.54931    -5.47112  0.00159552
        7210    -5.54987    -5.47113  0.00159534
        7211    -5.55017    -5.47114  0.00159515
        7212    -5.55048    -5.47115  0.00159497
        7213    -5.55097    -5.47116  0.00159479
        7214    -5.55175    -5.47117  0.00159461
        7215    -5.55237    -5.47119  0.00159442
        7216    -5.55296     -5.4712  0.00159424
        7217    -5.55382    -5.47121  0.00159406
        7218    -5.55401    -5.47122  0.00159388
        7219    -5.55475    -5.47123  0.00159371
        7220    -5.55494    -5.47124  0.00159353
        7221    -5.55474    -5.47125  0.00159335
        7222    -5.55489    -5.47127  0.00159317
        7223    -5.55521    -5.47128  0.00159299
        7224    -5.55526    -5.47129  0.00159281
        7225    -5.55486     -5.4713  0.00159263
        7226    -5.55372    -5.47131  0.00159245
        7227    -5.55303    -5.47132  0.00159227
        7228     -5.5522    -5.47134  0.00159209
        7229    -5.55121    -5.47135  0.00159191
        7230    -5.55037    -5.47136  0.00159173
        7231    -5.54892    -5.47137  0.00159155
        7232    -5.54749    -5.47138  0.00159136
        7233    -5.54606    -5.47139  0.00159117
        7234    -5.54435     -5.4714  0.00159099
        7235    -5.54206    -5.47141   0.0015908
        7236    -5.53995    -5.47142   0.0015906
        7237    -5.53926    -5.47143  0.00159041
        7238    -5.53756    -5.47144  0.00159022
        7239    -5.53547    -5.47145  0.00159002
        7240    -5.53302    -5.47145  0.00158983
        7241    -5.53125    -5.47146  0.00158963
        7242    -5.52899    -5.47147  0.00158943
        7243    -5.52609    -5.47148  0.00158923
        7244    -5.52392    -5.47148  0.00158902
        7245    -5.52144    -5.47149  0.00158882
        7246    -5.51926     -5.4715  0.00158861
        7247    -5.51724     -5.4715  0.00158841
        7248    -5.51509    -5.47151   0.0015882
        7249    -5.51328    -5.47152  0.00158799
        7250    -5.51136    -5.47152  0.00158778
        7251    -5.50889    -5.47153  0.00158757
        7252    -5.50678    -5.47153  0.00158736
        7253    -5.50474    -5.47154  0.00158715
        7254    -5.50247    -5.47154  0.00158693
        7255    -5.50058    -5.47154  0.00158672
        7256    -5.49849    -5.47155  0.00158651
        7257    -5.49739    -5.47155  0.00158629
        7258     -5.4961    -5.47156  0.00158608
        7259     -5.4943    -5.47156  0.00158586
        7260    -5.49307    -5.47156  0.00158565
        7261    -5.49166    -5.47156  0.00158543
        7262    -5.49021    -5.47157  0.00158521
        7263    -5.48904    -5.47157    0.001585
        7264      -5.488    -5.47157  0.00158478
        7265    -5.48754    -5.47157  0.00158456
        7266    -5.48675    -5.47158  0.00158435
        7267    -5.48654    -5.47158  0.00158413
        7268    -5.48616    -5.47158  0.00158391
        7269    -5.48575    -5.47158   0.0015837
        7270    -5.48546    -5.47158  0.00158348
        7271    -5.48529    -5.47159  0.00158326
        7272    -5.48553    -5.47159  0.00158305
        7273    -5.48587    -5.47159  0.00158283
        7274      -5.486    -5.47159  0.00158261
        7275    -5.48652    -5.47159   0.0015824
        7276    -5.48713     -5.4716  0.00158218
        7277    -5.48749     -5.4716  0.00158197
        7278    -5.48808     -5.4716  0.00158175
        7279    -5.48886     -5.4716  0.00158153
        7280    -5.48938     -5.4716  0.00158132
        7281    -5.49025    -5.47161   0.0015811
        7282    -5.49083    -5.47161  0.00158089
        7283    -5.49113    -5.47161  0.00158067
        7284    -5.49188    -5.47162  0.00158046
        7285    -5.49218    -5.47162  0.00158025
        7286    -5.49292    -5.47162  0.00158003
        7287    -5.49364    -5.47162  0.00157982
        7288    -5.49404    -5.47163   0.0015796
        7289      -5.495    -5.47163  0.00157939
        7290    -5.49517    -5.47163  0.00157918
        7291    -5.49574    -5.47164  0.00157896
        7292     -5.4967    -5.47164  0.00157875
        7293    -5.49731    -5.47164  0.00157854
        7294    -5.49784    -5.47165  0.00157833
        7295    -5.49815    -5.47165  0.00157811
        7296    -5.49839    -5.47166   0.0015779
        7297    -5.49855    -5.47166  0.00157769
        7298    -5.49863    -5.47166  0.00157748
        7299    -5.49832    -5.47167  0.00157727
        7300    -5.49853    -5.47167  0.00157705
        7301    -5.49821    -5.47167  0.00157684
        7302     -5.4975    -5.47168  0.00157663
        7303    -5.49717    -5.47168  0.00157642
        7304    -5.49692    -5.47168  0.00157621
        7305    -5.49614    -5.47169  0.00157599
        7306     -5.4959    -5.47169  0.00157578
        7307    -5.49561    -5.47169  0.00157557
        7308    -5.49526     -5.4717  0.00157536
        7309    -5.49443     -5.4717  0.00157515
        7310    -5.49401     -5.4717  0.00157493
        7311    -5.49297    -5.47171  0.00157472
        7312    -5.49192    -5.47171  0.00157451
        7313    -5.49101    -5.47171  0.00157429
        7314    -5.49025    -5.47171  0.00157408
        7315    -5.48951    -5.47172  0.00157387
        7316    -5.48893    -5.47172  0.00157365
        7317    -5.48838    -5.47172  0.00157344
        7318    -5.48863    -5.47172  0.00157323
        7319     -5.4877    -5.47173  0.00157301
        7320    -5.48727    -5.47173   0.0015728
        7321    -5.48644    -5.47173  0.00157259
        7322    -5.48626    -5.47173  0.00157237
        7323    -5.48598    -5.47173  0.00157216
        7324    -5.48531    -5.47174  0.00157195
        7325    -5.48499    -5.47174  0.00157173
        7326    -5.48503    -5.47174  0.00157152
        7327    -5.48498    -5.47174  0.00157131
        7328    -5.48512    -5.47174  0.00157109
        7329    -5.48455    -5.47174  0.00157088
        7330    -5.48433    -5.47175  0.00157067
        7331    -5.48445    -5.47175  0.00157045
        7332    -5.48475    -5.47175  0.00157024
        7333    -5.48463    -5.47175  0.00157003
        7334    -5.48498    -5.47175  0.00156981
        7335    -5.48504    -5.47176   0.0015696
        7336    -5.48482    -5.47176  0.00156939
        7337    -5.48474    -5.47176  0.00156917
        7338    -5.48467    -5.47176  0.00156896
        7339    -5.48474    -5.47176  0.00156875
        7340    -5.48435    -5.47176  0.00156854
        7341    -5.48439    -5.47177  0.00156832
        7342    -5.48458    -5.47177  0.00156811
        7343    -5.48429    -5.47177   0.0015679
        7344    -5.48428    -5.47177  0.00156769
        7345    -5.48456    -5.47177  0.00156747
        7346    -5.48361    -5.47177  0.00156726
        7347    -5.48371    -5.47178  0.00156705
        7348    -5.48365    -5.47178  0.00156684
        7349    -5.48313    -5.47178  0.00156662
        7350    -5.48337    -5.47178  0.00156641
        7351    -5.48348    -5.47178   0.0015662
        7352    -5.48331    -5.47178  0.00156599
        7353    -5.48333    -5.47179  0.00156577
        7354    -5.48355    -5.47179  0.00156556
        7355    -5.48398    -5.47179  0.00156535
        7356    -5.48449    -5.47179  0.00156514
        7357    -5.48525    -5.47179  0.00156493
        7358    -5.48552    -5.47179  0.00156471
        7359     -5.4859     -5.4718   0.0015645
        7360    -5.48658     -5.4718  0.00156429
        7361    -5.48756     -5.4718  0.00156408
        7362    -5.48869     -5.4718  0.00156387
        7363     -5.4903     -5.4718  0.00156366
        7364    -5.49147    -5.47181  0.00156345
        7365    -5.49282    -5.47181  0.00156324
        7366    -5.49433    -5.47181  0.00156303
        7367    -5.49602    -5.47182  0.00156282
        7368    -5.49817    -5.47182  0.00156261
        7369    -5.50003    -5.47182  0.00156241
        7370    -5.50293    -5.47183   0.0015622
        7371     -5.5055    -5.47183  0.00156199
        7372    -5.50788    -5.47184  0.00156179
        7373    -5.51035    -5.47184  0.00156159
        7374    -5.51274    -5.47185  0.00156139
        7375    -5.51563    -5.47185  0.00156119
        7376    -5.51871    -5.47186  0.00156099
        7377    -5.52164    -5.47187  0.00156079
        7378    -5.52395    -5.47187  0.00156059
        7379    -5.52684    -5.47188   0.0015604
        7380    -5.52982    -5.47189  0.00156021
        7381    -5.53258     -5.4719  0.00156002
        7382    -5.53541    -5.47191  0.00155983
        7383    -5.53768    -5.47192  0.00155965
        7384    -5.54013    -5.47192  0.00155946
        7385    -5.54245    -5.47193  0.00155928
        7386    -5.54463    -5.47194   0.0015591
        7387    -5.54649    -5.47195  0.00155892
        7388     -5.5479    -5.47196  0.00155874
        7389    -5.54912    -5.47198  0.00155857
        7390    -5.55076    -5.47199  0.00155839
        7391    -5.55235      -5.472  0.00155822
        7392    -5.55268    -5.47201  0.00155805
        7393    -5.55325    -5.47202  0.00155788
        7394     -5.5542    -5.47203   0.0015577
        7395    -5.55461    -5.47204  0.00155753
        7396    -5.55449    -5.47205  0.00155736
        7397    -5.55382    -5.47206  0.00155719
        7398    -5.55291    -5.47207  0.00155702
        7399    -5.55236    -5.47208  0.00155685
        7400    -5.55094     -5.4721  0.00155667
        7401    -5.55003    -5.47211   0.0015565
        7402    -5.54842    -5.47212  0.00155632
        7403    -5.54701    -5.47213  0.00155615
        7404    -5.54506    -5.47214  0.00155597
        7405    -5.54318    -5.47215  0.00155579
        7406    -5.54093    -5.47216   0.0015556
        7407    -5.53847    -5.47216  0.00155542
        7408    -5.53583    -5.47217  0.00155523
        7409    -5.53331    -5.47218  0.00155505
        7410    -5.53004    -5.47219  0.00155485
        7411    -5.52634     -5.4722  0.00155466
        7412    -5.52298     -5.4722  0.00155447
        7413    -5.51925    -5.47221  0.00155427
        7414    -5.51622    -5.47222  0.00155407
        7415    -5.51286    -5.47222  0.00155387
        7416     -5.5083    -5.47223  0.00155367
        7417    -5.50482    -5.47223  0.00155347
        7418    -5.50155    -5.47223  0.00155326
        7419     -5.4979    -5.47224  0.00155306
        7420     -5.4942    -5.47224  0.00155285
        7421    -5.49063    -5.47224  0.00155264
        7422    -5.48767    -5.47224  0.00155244
        7423    -5.48427    -5.47225  0.00155223
        7424    -5.48226    -5.47225  0.00155202
        7425     -5.4797    -5.47225  0.00155181
        7426    -5.47765    -5.47225   0.0015516
        7427    -5.47613    -5.47225  0.00155139
        7428    -5.47454    -5.47225  0.00155118
        7429    -5.47288    -5.47225  0.00155098
        7430    -5.47116    -5.47225  0.00155077
        7431    -5.47013    -5.47225  0.00155056
        7432    -5.46918    -5.47225  0.00155035
        7433    -5.46878    -5.47225  0.00155014
        7434    -5.46845    -5.47225  0.00154993
        7435    -5.46819    -5.47225  0.00154972
        7436      -5.468    -5.47225  0.00154952
        7437    -5.46816    -5.47225  0.00154931
        7438    -5.46821    -5.47225   0.0015491
        7439     -5.4692    -5.47225  0.00154889
        7440    -5.47035    -5.47225  0.00154868
        7441    -5.47121    -5.47225  0.00154847
        7442    -5.47282    -5.47225  0.00154827
        7443    -5.47365    -5.47225  0.00154806
        7444     -5.4758    -5.47225  0.00154785
        7445    -5.47685    -5.47225  0.00154764
        7446     -5.4783    -5.47225  0.00154744
        7447    -5.48028    -5.47225  0.00154723
        7448    -5.48323    -5.47225  0.00154702
        7449    -5.48519    -5.47225  0.00154681
        7450    -5.48704    -5.47225  0.00154661
        7451    -5.48848    -5.47226   0.0015464
        7452     -5.4898    -5.47226   0.0015462
        7453    -5.49205    -5.47226  0.00154599
        7454     -5.4937    -5.47226  0.00154579
        7455    -5.49581    -5.47227  0.00154558
        7456    -5.49792    -5.47227  0.00154538
        7457    -5.49986    -5.47227  0.00154518
        7458    -5.50209    -5.47228  0.00154497
        7459     -5.5043    -5.47228  0.00154477
        7460    -5.50587    -5.47229  0.00154457
        7461      -5.508    -5.47229  0.00154437
        7462    -5.50933     -5.4723  0.00154417
        7463    -5.51107     -5.4723  0.00154398
        7464    -5.51243    -5.47231  0.00154378
        7465    -5.51359    -5.47231  0.00154358
        7466    -5.51511    -5.47232  0.00154338
        7467    -5.51701    -5.47232  0.00154319
        7468    -5.51897    -5.47233    0.001543
        7469    -5.52008    -5.47234   0.0015428
        7470    -5.52124    -5.47234  0.00154261
        7471    -5.52228    -5.47235  0.00154242
        7472    -5.52366    -5.47236  0.00154223
        7473    -5.52477    -5.47236  0.00154204
        7474    -5.52546    -5.47237  0.00154185
        7475    -5.52647    -5.47238  0.00154166
        7476    -5.52766    -5.47239  0.00154147
        7477    -5.52856    -5.47239  0.00154128
        7478    -5.52873     -5.4724  0.00154109
        7479    -5.52876    -5.47241  0.00154091
        7480    -5.52911    -5.47242  0.00154072
        7481    -5.52964    -5.47242  0.00154053
        7482    -5.52913    -5.47243  0.00154034
        7483    -5.52851    -5.47244  0.00154016
        7484    -5.52747    -5.47245  0.00153997
        7485    -5.52739    -5.47245  0.00153978
        7486    -5.52601    -5.47246  0.00153959
        7487    -5.52485    -5.47247   0.0015394
        7488    -5.52392    -5.47247  0.00153921
        7489    -5.52294    -5.47248  0.00153902
        7490    -5.52176    -5.47249  0.00153883
        7491    -5.52056    -5.47249  0.00153864
        7492    -5.51965     -5.4725  0.00153844
        7493    -5.51814    -5.47251  0.00153825
        7494    -5.51696    -5.47251  0.00153806
        7495    -5.51552    -5.47252  0.00153786
        7496    -5.51458    -5.47252  0.00153767
        7497    -5.51327    -5.47253  0.00153747
        7498    -5.51295    -5.47254  0.00153728
        7499    -5.51199    -5.47254  0.00153708
        7500    -5.51114    -5.47255  0.00153688
        7501    -5.51042    -5.47255  0.00153669
        7502     -5.5097    -5.47256  0.00153649
        7503    -5.50958    -5.47256  0.00153629
        7504    -5.50917    -5.47257   0.0015361
        7505    -5.50984    -5.47257   0.0015359
        7506    -5.51022    -5.47258   0.0015357
        7507    -5.51094    -5.47258  0.00153551
        7508    -5.51152    -5.47259  0.00153531
        7509    -5.51228    -5.47259  0.00153512
        7510     -5.5129     -5.4726  0.00153492
        7511    -5.51353     -5.4726  0.00153473
        7512    -5.51492    -5.47261  0.00153453
        7513    -5.51643    -5.47261  0.00153434
        7514    -5.51777    -5.47262  0.00153415
        7515    -5.51966    -5.47263  0.00153396
        7516     -5.5221    -5.47263  0.00153377
        7517    -5.52369    -5.47264  0.00153358
        7518    -5.52563    -5.47265  0.00153339
        7519    -5.52774    -5.47265   0.0015332
        7520    -5.52985    -5.47266  0.00153302
        7521    -5.53222    -5.47267  0.00153283
        7522    -5.53425    -5.47268  0.00153265
        7523    -5.53604    -5.47269  0.00153247
        7524    -5.53773    -5.47269  0.00153229
        7525    -5.53975     -5.4727  0.00153211
        7526    -5.54146    -5.47271  0.00153194
        7527    -5.54301    -5.47272  0.00153176
        7528    -5.54392    -5.47273  0.00153159
        7529    -5.54477    -5.47274  0.00153142
        7530    -5.54539    -5.47275  0.00153124
        7531    -5.54577    -5.47276  0.00153107
        7532     -5.5453    -5.47277   0.0015309
        7533    -5.54486    -5.47278  0.00153072
        7534    -5.54446    -5.47279  0.00153055
        7535    -5.54349     -5.4728  0.00153038
        7536    -5.54268    -5.47281   0.0015302
        7537    -5.54145    -5.47282  0.00153002
        7538    -5.53949    -5.47283  0.00152985
        7539     -5.5377    -5.47283  0.00152967
        7540    -5.53609    -5.47284  0.00152949
        7541    -5.53331    -5.47285  0.00152931
        7542    -5.53088    -5.47286  0.00152912
        7543    -5.52851    -5.47287  0.00152894
        7544    -5.52575    -5.47287  0.00152875
        7545    -5.52277    -5.47288  0.00152856
        7546    -5.51912    -5.47288  0.00152837
        7547    -5.51543    -5.47289  0.00152818
        7548    -5.51124     -5.4729  0.00152799
        7549    -5.50688     -5.4729  0.00152779
        7550    -5.50281     -5.4729  0.00152759
        7551    -5.49799    -5.47291   0.0015274
        7552    -5.49333    -5.47291   0.0015272
        7553    -5.48901    -5.47291  0.00152699
        7554    -5.48441    -5.47291  0.00152679
        7555    -5.47881    -5.47291  0.00152659
        7556    -5.47403    -5.47291  0.00152639
        7557    -5.46931    -5.47291  0.00152619
        7558    -5.46407    -5.47291  0.00152599
        7559    -5.45922    -5.47291  0.00152579
        7560    -5.45416    -5.47291  0.00152559
        7561    -5.44967    -5.47291  0.00152539
        7562    -5.44438     -5.4729  0.00152519
        7563    -5.43908     -5.4729  0.00152499
        7564    -5.43376    -5.47289   0.0015248
        7565      -5.428    -5.47289  0.00152461
        7566    -5.42301    -5.47288  0.00152442
        7567    -5.41791    -5.47287  0.00152424
        7568    -5.41239    -5.47286  0.00152406
        7569     -5.4074    -5.47286  0.00152388
        7570    -5.40234    -5.47285  0.00152371
        7571    -5.39723    -5.47284  0.00152354
        7572    -5.39225    -5.47283  0.00152338
        7573    -5.38726    -5.47281  0.00152322
        7574    -5.38289     -5.4728  0.00152306
        7575    -5.37855    -5.47279  0.00152291
        7576    -5.37428    -5.47278  0.00152277
        7577    -5.37039    -5.47276  0.00152263
        7578    -5.36691    -5.47275  0.00152249
        7579    -5.36326    -5.47274  0.00152236
        7580    -5.36006    -5.47272  0.00152223
        7581    -5.35734    -5.47271   0.0015221
        7582    -5.35466    -5.47269  0.00152198
        7583    -5.35309    -5.47267  0.00152186
        7584    -5.35161    -5.47266  0.00152175
        7585    -5.35037    -5.47264  0.00152163
        7586    -5.34953    -5.47263  0.00152152
        7587    -5.34896    -5.47261  0.00152141
        7588     -5.3488    -5.47259  0.00152129
        7589    -5.34922    -5.47258  0.00152118
        7590    -5.35036    -5.47256  0.00152106
        7591     -5.3513    -5.47254  0.00152095
        7592    -5.35281    -5.47253  0.00152083
        7593    -5.35502    -5.47251  0.00152071
        7594     -5.3573     -5.4725  0.00152058
        7595    -5.35979    -5.47248  0.00152045
        7596    -5.36308    -5.47247  0.00152032
        7597    -5.36667    -5.47246  0.00152019
        7598    -5.37024    -5.47244  0.00152005
        7599    -5.37497    -5.47243   0.0015199
        7600    -5.37933    -5.47242  0.00151975
        7601    -5.38342     -5.4724  0.00151959
        7602    -5.38827    -5.47239  0.00151943
        7603    -5.39295    -5.47238  0.00151927
        7604    -5.39817    -5.47237   0.0015191
        7605    -5.40286    -5.47236  0.00151893
        7606    -5.40729    -5.47236  0.00151875
        7607    -5.41218    -5.47235  0.00151858
        7608    -5.41706    -5.47234  0.00151839
        7609    -5.42237    -5.47233  0.00151821
        7610    -5.42703    -5.47233  0.00151802
        7611    -5.43209    -5.47232  0.00151783
        7612    -5.43648    -5.47232  0.00151764
        7613     -5.4411    -5.47231  0.00151744
        7614    -5.44564    -5.47231  0.00151725
        7615     -5.4492    -5.47231  0.00151705
        7616    -5.45345    -5.47231  0.00151686
        7617    -5.45733     -5.4723  0.00151666
        7618    -5.46159     -5.4723  0.00151646
        7619    -5.46565     -5.4723  0.00151626
        7620    -5.47042     -5.4723  0.00151606
        7621     -5.4747     -5.4723  0.00151586
        7622     -5.4788     -5.4723  0.00151566
        7623    -5.48273     -5.4723  0.00151547
        7624    -5.48681     -5.4723  0.00151527
        7625    -5.49118    -5.47231  0.00151507
        7626    -5.49571    -5.47231  0.00151488
        7627    -5.49965    -5.47231  0.00151468
        7628     -5.5033    -5.47232  0.00151449
        7629    -5.50757    -5.47232   0.0015143
        7630     -5.5117    -5.47233  0.00151411
        7631     -5.5157    -5.47233  0.00151392
        7632    -5.52001    -5.47234  0.00151373
        7633    -5.52418    -5.47235  0.00151355
        7634    -5.52865    -5.47235  0.00151337
        7635    -5.53342    -5.47236  0.00151319
        7636    -5.53771    -5.47237  0.00151302
        7637    -5.54182    -5.47238  0.00151285
        7638    -5.54559    -5.47239  0.00151268
        7639    -5.54929     -5.4724  0.00151252
        7640    -5.55308    -5.47241  0.00151236
        7641    -5.55692    -5.47242   0.0015122
        7642    -5.56066    -5.47243  0.00151204
        7643    -5.56428    -5.47244  0.00151189
        7644     -5.5679    -5.47246  0.00151175
        7645    -5.57107    -5.47247   0.0015116
        7646    -5.57453    -5.47248  0.00151147
        7647    -5.57751     -5.4725  0.00151133
        7648     -5.5803    -5.47251   0.0015112
        7649    -5.58273    -5.47253  0.00151107
        7650    -5.58496    -5.47254  0.00151094
        7651    -5.58713    -5.47256  0.00151082
        7652    -5.58907    -5.47257   0.0015107
        7653     -5.5908    -5.47259  0.00151058
        7654    -5.59259     -5.4726  0.00151047
        7655    -5.59417    -5.47262  0.00151035
        7656    -5.59566    -5.47263  0.00151024
        7657    -5.59633    -5.47265  0.00151013
        7658    -5.59648    -5.47267  0.00151002
        7659    -5.59656    -5.47268  0.00150991
        7660    -5.59657     -5.4727   0.0015098
        7661    -5.59652    -5.47271  0.00150969
        7662    -5.59642    -5.47273  0.00150958
        7663    -5.59626    -5.47275  0.00150947
        7664    -5.59515    -5.47276  0.00150935
        7665    -5.59429    -5.47278  0.00150924
        7666    -5.59355    -5.47279  0.00150912
        7667    -5.59233    -5.47281  0.00150901
        7668    -5.59107    -5.47283  0.00150889
        7669    -5.58965    -5.47284  0.00150877
        7670    -5.58791    -5.47286  0.00150865
        7671    -5.58571    -5.47287  0.00150852
        7672    -5.58322    -5.47288   0.0015084
        7673    -5.58075     -5.4729  0.00150826
        7674    -5.57877    -5.47291  0.00150813
        7675    -5.57608    -5.47293  0.00150799
        7676    -5.57346    -5.47294  0.00150785
        7677    -5.57168    -5.47295  0.00150771
        7678    -5.56909    -5.47296  0.00150757
        7679    -5.56647    -5.47298  0.00150742
        7680      -5.564    -5.47299  0.00150727
        7681    -5.56155      -5.473  0.00150712
        7682    -5.55959    -5.47301  0.00150697
        7683    -5.55678    -5.47302  0.00150681
        7684    -5.55451    -5.47303  0.00150665
        7685    -5.55263    -5.47304  0.00150649
        7686    -5.55057    -5.47305  0.00150633
        7687    -5.54864    -5.47306  0.00150616
        7688     -5.5467    -5.47307    0.001506
        7689    -5.54538    -5.47308  0.00150583
        7690    -5.54391    -5.47309  0.00150566
        7691     -5.5423     -5.4731   0.0015055
        7692    -5.54102    -5.47311  0.00150533
        7693    -5.54004    -5.47312  0.00150515
        7694    -5.53922    -5.47313  0.00150498
        7695     -5.5387    -5.47313  0.00150481
        7696      -5.538    -5.47314  0.00150464
        7697    -5.53771    -5.47315  0.00150447
        7698    -5.53736    -5.47316   0.0015043
        7699    -5.53708    -5.47317  0.00150412
        7700    -5.53654    -5.47318  0.00150395
        7701    -5.53617    -5.47318  0.00150378
        7702    -5.53564    -5.47319   0.0015036
        7703    -5.53508     -5.4732  0.00150343
        7704    -5.53462    -5.47321  0.00150326
        7705    -5.53408    -5.47322  0.00150308
        7706    -5.53313    -5.47322  0.00150291
        7707    -5.53267    -5.47323  0.00150273
        7708    -5.53161    -5.47324  0.00150256
        7709     -5.5307    -5.47325  0.00150238
        7710    -5.52932    -5.47325   0.0015022
        7711    -5.52837    -5.47326  0.00150202
        7712    -5.52679    -5.47327  0.00150185
        7713    -5.52486    -5.47328  0.00150167
        7714     -5.5235    -5.47328  0.00150149
        7715    -5.52165    -5.47329   0.0015013
        7716    -5.51885    -5.47329  0.00150112
        7717    -5.51632     -5.4733  0.00150094
        7718    -5.51392     -5.4733  0.00150075
        7719    -5.51104    -5.47331  0.00150057
        7720    -5.50861    -5.47331  0.00150038
        7721    -5.50541    -5.47332  0.00150019
        7722    -5.50208    -5.47332      0.0015
        7723    -5.49861    -5.47333  0.00149981
        7724    -5.49488    -5.47333  0.00149962
        7725    -5.49104    -5.47333  0.00149942
        7726    -5.48696    -5.47333  0.00149923
        7727    -5.48295    -5.47333  0.00149904
        7728    -5.47873    -5.47333  0.00149884
        7729    -5.47446    -5.47333  0.00149865
        7730    -5.47017    -5.47333  0.00149846
        7731    -5.46632    -5.47333  0.00149826
        7732    -5.46248    -5.47333  0.00149807
        7733    -5.45851    -5.47333  0.00149788
        7734    -5.45444    -5.47333  0.00149769
        7735     -5.4506    -5.47332   0.0014975
        7736     -5.4473    -5.47332  0.00149731
        7737    -5.44381    -5.47332  0.00149712
        7738    -5.44017    -5.47331  0.00149693
        7739    -5.43684    -5.47331  0.00149674
        7740    -5.43341     -5.4733  0.00149656
        7741     -5.4302     -5.4733  0.00149638
        7742    -5.42708    -5.47329  0.00149619
        7743    -5.42454    -5.47329  0.00149601
        7744     -5.4226    -5.47328  0.00149584
        7745    -5.42068    -5.47327  0.00149566
        7746    -5.41926    -5.47326  0.00149548
        7747    -5.41805    -5.47326  0.00149531
        7748    -5.41752    -5.47325  0.00149513
        7749    -5.41739    -5.47324  0.00149495
        7750     -5.4172    -5.47324  0.00149478
        7751    -5.41787    -5.47323   0.0014946
        7752     -5.4188    -5.47322  0.00149443
        7753    -5.41983    -5.47321  0.00149425
        7754    -5.42141    -5.47321  0.00149407
        7755    -5.42336     -5.4732  0.00149389
        7756    -5.42568     -5.4732  0.00149371
        7757    -5.42819    -5.47319  0.00149353
        7758    -5.43177    -5.47318  0.00149335
        7759    -5.43518    -5.47318  0.00149316
        7760    -5.43898    -5.47318  0.00149298
        7761    -5.44285    -5.47317  0.00149279
        7762     -5.4472    -5.47317   0.0014926
        7763    -5.45093    -5.47317  0.00149241
        7764    -5.45567    -5.47316  0.00149222
        7765    -5.46032    -5.47316  0.00149203
        7766    -5.46484    -5.47316  0.00149184
        7767    -5.46844    -5.47316  0.00149165
        7768    -5.47275    -5.47316  0.00149146
        7769    -5.47699    -5.47316  0.00149126
        7770    -5.48082    -5.47316  0.00149107
        7771    -5.48498    -5.47316  0.00149088
        7772    -5.48855    -5.47316  0.00149069
        7773    -5.49195    -5.47317   0.0014905
        7774    -5.49564    -5.47317  0.00149031
        7775      -5.499    -5.47317  0.00149012
        7776    -5.50218    -5.47318  0.00148994
        7777    -5.50517    -5.47318  0.00148975
        7778    -5.50797    -5.47319  0.00148957
        7779    -5.51044    -5.47319  0.00148938
        7780    -5.51319     -5.4732   0.0014892
        7781    -5.51561     -5.4732  0.00148902
        7782    -5.51726    -5.47321  0.00148884
        7783    -5.51905    -5.47321  0.00148866
        7784    -5.52085    -5.47322  0.00148848
        7785    -5.52249    -5.47322   0.0014883
        7786    -5.52399    -5.47323  0.00148812
        7787     -5.5252    -5.47324  0.00148795
        7788    -5.52658    -5.47324  0.00148777
        7789    -5.52813    -5.47325   0.0014876
        7790    -5.52924    -5.47326  0.00148743
        7791    -5.52993    -5.47327  0.00148725
        7792    -5.53079    -5.47327  0.00148708
        7793    -5.53167    -5.47328  0.00148691
        7794    -5.53152    -5.47329  0.00148674
        7795     -5.5317     -5.4733  0.00148656
        7796    -5.53161     -5.4733  0.00148639
        7797    -5.53214    -5.47331  0.00148622
        7798    -5.53226    -5.47332  0.00148605
        7799     -5.5321    -5.47333  0.00148588
        7800    -5.53197    -5.47333  0.00148571
        7801    -5.53233    -5.47334  0.00148553
        7802    -5.53152    -5.47335  0.00148536
        7803    -5.53106    -5.47336  0.00148519
        7804    -5.53019    -5.47336  0.00148502
        7805    -5.52924    -5.47337  0.00148485
        7806    -5.52789    -5.47338  0.00148467
        7807    -5.52677    -5.47338   0.0014845
        7808    -5.52589    -5.47339  0.00148432
        7809     -5.5245     -5.4734  0.00148415
        7810    -5.52291     -5.4734  0.00148397
        7811    -5.52174    -5.47341  0.00148379
        7812     -5.5207    -5.47342  0.00148362
        7813    -5.51965    -5.47342  0.00148344
        7814    -5.51799    -5.47343  0.00148326
        7815    -5.51649    -5.47343  0.00148308
        7816    -5.51562    -5.47344   0.0014829
        7817    -5.51462    -5.47344  0.00148272
        7818     -5.5126    -5.47345  0.00148254
        7819    -5.51168    -5.47345  0.00148236
        7820    -5.51064    -5.47346  0.00148217
        7821    -5.50981    -5.47346  0.00148199
        7822    -5.50915    -5.47347  0.00148181
        7823    -5.50778    -5.47347  0.00148163
        7824    -5.50689    -5.47348  0.00148144
        7825    -5.50585    -5.47348  0.00148126
        7826    -5.50482    -5.47348  0.00148108
        7827    -5.50362    -5.47349  0.00148089
        7828    -5.50269    -5.47349  0.00148071
        7829    -5.50246     -5.4735  0.00148052
        7830    -5.50081     -5.4735  0.00148034
        7831    -5.49953     -5.4735  0.00148015
        7832    -5.49829    -5.47351  0.00147997
        7833    -5.49693    -5.47351  0.00147978
        7834    -5.49573    -5.47351  0.00147959
        7835    -5.49392    -5.47351  0.00147941
        7836    -5.49194    -5.47352  0.00147922
        7837    -5.48994    -5.47352  0.00147903
        7838    -5.48775    -5.47352  0.00147885
        7839    -5.48597    -5.47352  0.00147866
        7840    -5.48339    -5.47352  0.00147847
        7841    -5.48061    -5.47352  0.00147828
        7842     -5.4775    -5.47353  0.00147809
        7843     -5.4748    -5.47353  0.00147791
        7844    -5.47134    -5.47352  0.00147772
        7845    -5.46892    -5.47352  0.00147753
        7846      -5.465    -5.47352  0.00147734
        7847    -5.46097    -5.47352  0.00147715
        7848    -5.45698    -5.47352  0.00147697
        7849    -5.45307    -5.47352  0.00147678
        7850    -5.44911    -5.47351   0.0014766
        7851    -5.44543    -5.47351  0.00147641
        7852    -5.44146    -5.47351  0.00147623
        7853    -5.43722     -5.4735  0.00147605
        7854    -5.43351     -5.4735  0.00147587
        7855     -5.4299    -5.47349  0.00147569
        7856    -5.42627    -5.47348  0.00147552
        7857    -5.42267    -5.47348  0.00147534
        7858    -5.41956    -5.47347  0.00147517
        7859    -5.41697    -5.47346    0.001475
        7860    -5.41419    -5.47346  0.00147483
        7861    -5.41184    -5.47345  0.00147467
        7862    -5.40963    -5.47344   0.0014745
        7863    -5.40803    -5.47343  0.00147434
        7864    -5.40647    -5.47342  0.00147417
        7865    -5.40524    -5.47342  0.00147401
        7866    -5.40435    -5.47341  0.00147385
        7867     -5.4035     -5.4734  0.00147369
        7868    -5.40374    -5.47339  0.00147353
        7869    -5.40401    -5.47338  0.00147337
        7870    -5.40474    -5.47337  0.00147321
        7871    -5.40486    -5.47336  0.00147305
        7872    -5.40617    -5.47335  0.00147288
        7873    -5.40727    -5.47335  0.00147272
        7874    -5.40875    -5.47334  0.00147256
        7875    -5.41057    -5.47333  0.00147239
        7876    -5.41166    -5.47332  0.00147222
        7877    -5.41319    -5.47331  0.00147206
        7878    -5.41528    -5.47331  0.00147189
        7879    -5.41775     -5.4733  0.00147172
        7880    -5.42056    -5.47329  0.00147155
        7881    -5.42294    -5.47329  0.00147137
        7882     -5.4247    -5.47328   0.0014712
        7883    -5.42642    -5.47327  0.00147103
        7884    -5.42884    -5.47327  0.00147085
        7885    -5.43101    -5.47326  0.00147067
        7886    -5.43306    -5.47326   0.0014705
        7887    -5.43484    -5.47325  0.00147032
        7888    -5.43631    -5.47325  0.00147014
        7889    -5.43776    -5.47324  0.00146996
        7890    -5.43933    -5.47324  0.00146978
        7891    -5.44026    -5.47324   0.0014696
        7892    -5.44114    -5.47323  0.00146942
        7893    -5.44242    -5.47323  0.00146924
        7894    -5.44257    -5.47322  0.00146906
        7895    -5.44281    -5.47322  0.00146888
        7896    -5.44283    -5.47322  0.00146869
        7897    -5.44234    -5.47321  0.00146851
        7898    -5.44178    -5.47321  0.00146833
        7899    -5.44087     -5.4732  0.00146815
        7900    -5.43991     -5.4732  0.00146797
        7901    -5.43907     -5.4732  0.00146779
        7902    -5.43837    -5.47319  0.00146761
        7903    -5.43735    -5.47319  0.00146744
        7904    -5.43604    -5.47318  0.00146726
        7905    -5.43401    -5.47318  0.00146708
        7906    -5.43187    -5.47317   0.0014669
        7907    -5.43009    -5.47317  0.00146673
        7908    -5.42854    -5.47316  0.00146655
        7909    -5.42664    -5.47315  0.00146638
        7910    -5.42485    -5.47315  0.00146621
        7911    -5.42288    -5.47314  0.00146604
        7912    -5.42076    -5.47314  0.00146587
        7913    -5.41896    -5.47313   0.0014657
        7914    -5.41687    -5.47312  0.00146553
        7915    -5.41496    -5.47311  0.00146536
        7916    -5.41339    -5.47311   0.0014652
        7917    -5.41156     -5.4731  0.00146503
        7918    -5.40948    -5.47309  0.00146487
        7919     -5.4079    -5.47308  0.00146471
        7920    -5.40668    -5.47307  0.00146455
        7921    -5.40475    -5.47307  0.00146439
        7922    -5.40317    -5.47306  0.00146423
        7923     -5.4015    -5.47305  0.00146407
        7924    -5.39986    -5.47304  0.00146392
        7925    -5.39856    -5.47303  0.00146376
        7926      -5.397    -5.47302  0.00146361
        7927     -5.3956    -5.47301  0.00146346
        7928    -5.39408      -5.473  0.00146331
        7929    -5.39256    -5.47299  0.00146316
        7930     -5.3909    -5.47298  0.00146301
        7931    -5.38939    -5.47297  0.00146286
        7932    -5.38833    -5.47296  0.00146272
        7933     -5.3871    -5.47295  0.00146257
        7934    -5.38647    -5.47294  0.00146243
        7935    -5.38551    -5.47293  0.00146229
        7936    -5.38392    -5.47291  0.00146214
        7937    -5.38261     -5.4729    0.001462
        7938    -5.38112    -5.47289  0.00146187
        7939    -5.37975    -5.47288  0.00146173
        7940    -5.37806    -5.47287  0.00146159
        7941    -5.37679    -5.47286  0.00146146
        7942    -5.37536    -5.47284  0.00146133
        7943    -5.37332    -5.47283   0.0014612
        7944    -5.37142    -5.47282  0.00146107
        7945    -5.37013    -5.47281  0.00146094
        7946    -5.36885    -5.47279  0.00146082
        7947    -5.36669    -5.47278  0.00146069
        7948    -5.36547    -5.47277  0.00146057
        7949     -5.3637    -5.47275  0.00146045
        7950    -5.36245    -5.47274  0.00146033
        7951    -5.36126    -5.47272  0.00146022
        7952    -5.35987    -5.47271   0.0014601
        7953    -5.35904     -5.4727  0.00145999
        7954    -5.35788    -5.47268  0.00145988
        7955    -5.35686    -5.47267  0.00145977
        7956    -5.35599    -5.47265  0.00145966
        7957    -5.35561    -5.47264  0.00145955
        7958    -5.35571    -5.47262  0.00145944
        7959    -5.35557    -5.47261  0.00145933
        7960    -5.35565    -5.47259  0.00145922
        7961    -5.35566    -5.47258  0.00145911
        7962    -5.35653    -5.47256    0.001459
        7963     -5.3575    -5.47255  0.00145889
        7964     -5.3586    -5.47253  0.00145878
        7965    -5.35982    -5.47252  0.00145866
        7966    -5.36163    -5.47251  0.00145854
        7967    -5.36343    -5.47249  0.00145843
        7968    -5.36537    -5.47248   0.0014583
        7969    -5.36807    -5.47247  0.00145818
        7970     -5.3709    -5.47245  0.00145805
        7971    -5.37403    -5.47244  0.00145792
        7972    -5.37699    -5.47243  0.00145779
        7973    -5.38068    -5.47242  0.00145765
        7974    -5.38509    -5.47241  0.00145751
        7975     -5.3896     -5.4724  0.00145736
        7976    -5.39405    -5.47239  0.00145721
        7977    -5.39903    -5.47238  0.00145706
        7978    -5.40391    -5.47237   0.0014569
        7979    -5.40974    -5.47236  0.00145674
        7980    -5.41528    -5.47235  0.00145658
        7981    -5.42051    -5.47235  0.00145641
        7982    -5.42632    -5.47234  0.00145624
        7983    -5.43207    -5.47234  0.00145606
        7984    -5.43791    -5.47233  0.00145589
        7985    -5.44394    -5.47233  0.00145571
        7986    -5.44894    -5.47233  0.00145553
        7987    -5.45456    -5.47232  0.00145535
        7988    -5.45984    -5.47232  0.00145517
        7989    -5.46524    -5.47232  0.00145499
        7990    -5.47117    -5.47232   0.0014548
        7991    -5.47685    -5.47232  0.00145462
        7992    -5.48242    -5.47232  0.00145444
        7993    -5.48756    -5.47232  0.00145426
        7994    -5.49238    -5.47233  0.00145408
        7995    -5.49688    -5.47233   0.0014539
        7996    -5.50163    -5.47233  0.00145373
        7997    -5.50572    -5.47234  0.00145355
        7998    -5.51002    -5.47234  0.00145338
        7999    -5.51407    -5.47235   0.0014532
        8000    -5.51771    -5.47235  0.00145303
        8001    -5.52182    -5.47236  0.00145286
        8002    -5.52488    -5.47237   0.0014527
        8003    -5.52808    -5.47237  0.00145253
        8004    -5.53051    -5.47238  0.00145237
        8005    -5.53276    -5.47239  0.00145221
        8006    -5.53467     -5.4724  0.00145205
        8007    -5.53625     -5.4724  0.00145189
        8008    -5.53763    -5.47241  0.00145173
        8009    -5.53836    -5.47242  0.00145157
        8010     -5.5392    -5.47243  0.00145141
        8011    -5.53925    -5.47244  0.00145126
        8012    -5.53882    -5.47245   0.0014511
        8013    -5.53822    -5.47245  0.00145094
        8014     -5.5373    -5.47246  0.00145078
        8015    -5.53655    -5.47247  0.00145062
        8016    -5.53491    -5.47248  0.00145046
        8017    -5.53303    -5.47249   0.0014503
        8018    -5.53121    -5.47249  0.00145014
        8019    -5.52934     -5.4725  0.00144998
        8020    -5.52698    -5.47251  0.00144981
        8021    -5.52478    -5.47251  0.00144965
        8022     -5.5229    -5.47252  0.00144948
        8023    -5.52062    -5.47253  0.00144931
        8024    -5.51827    -5.47253  0.00144914
        8025    -5.51573    -5.47254  0.00144897
        8026    -5.51301    -5.47254   0.0014488
        8027    -5.51015    -5.47255  0.00144863
        8028    -5.50747    -5.47255  0.00144845
        8029    -5.50452    -5.47255  0.00144828
        8030    -5.50209    -5.47256   0.0014481
        8031    -5.49943    -5.47256  0.00144792
        8032    -5.49685    -5.47256  0.00144775
        8033    -5.49467    -5.47257  0.00144757
        8034     -5.4923    -5.47257  0.00144739
        8035    -5.49018    -5.47257  0.00144721
        8036    -5.48817    -5.47257  0.00144703
        8037    -5.48614    -5.47258  0.00144685
        8038    -5.48422    -5.47258  0.00144668
        8039    -5.48258    -5.47258   0.0014465
        8040    -5.48107    -5.47258  0.00144632
        8041     -5.4797    -5.47258  0.00144614
        8042    -5.47817    -5.47258  0.00144596
        8043    -5.47723    -5.47258  0.00144578
        8044     -5.4763    -5.47258   0.0014456
        8045    -5.47523    -5.47258  0.00144542
        8046    -5.47493    -5.47258  0.00144524
        8047    -5.47511    -5.47258  0.00144506
        8048    -5.47472    -5.47258  0.00144488
        8049    -5.47499    -5.47258   0.0014447
        8050    -5.47545    -5.47258  0.00144452
        8051    -5.47568    -5.47258  0.00144434
        8052    -5.47657    -5.47258  0.00144416
        8053    -5.47723    -5.47258  0.00144398
        8054    -5.47767    -5.47259   0.0014438
        8055    -5.47954    -5.47259  0.00144362
        8056    -5.48104    -5.47259  0.00144345
        8057    -5.48277    -5.47259  0.00144327
        8058    -5.48458    -5.47259  0.00144309
        8059    -5.48676    -5.47259  0.00144291
        8060    -5.48932    -5.47259  0.00144273
        8061    -5.49285     -5.4726  0.00144256
        8062    -5.49568     -5.4726  0.00144238
        8063    -5.49899     -5.4726  0.00144221
        8064    -5.50219    -5.47261  0.00144203
        8065    -5.50555    -5.47261  0.00144186
        8066     -5.5092    -5.47262  0.00144169
        8067    -5.51284    -5.47262  0.00144152
        8068    -5.51597    -5.47263  0.00144135
        8069     -5.5195    -5.47263  0.00144118
        8070    -5.52384    -5.47264  0.00144102
        8071    -5.52776    -5.47264  0.00144085
        8072    -5.53154    -5.47265  0.00144069
        8073     -5.5356    -5.47266  0.00144054
        8074    -5.53976    -5.47267  0.00144038
        8075    -5.54383    -5.47268  0.00144023
        8076    -5.54718    -5.47269  0.00144008
        8077    -5.55053     -5.4727  0.00143994
        8078     -5.5534    -5.47271  0.00143979
        8079    -5.55635    -5.47272  0.00143965
        8080    -5.55921    -5.47273  0.00143951
        8081    -5.56224    -5.47274  0.00143938
        8082    -5.56465    -5.47275  0.00143924
        8083    -5.56611    -5.47276  0.00143911
        8084    -5.56705    -5.47277  0.00143898
        8085    -5.56849    -5.47278  0.00143885
        8086     -5.5689     -5.4728  0.00143872
        8087    -5.56887    -5.47281  0.00143859
        8088    -5.56866    -5.47282  0.00143847
        8089    -5.56782    -5.47283  0.00143834
        8090    -5.56632    -5.47284   0.0014382
        8091    -5.56462    -5.47285  0.00143807
        8092    -5.56225    -5.47287  0.00143794
        8093    -5.55965    -5.47288   0.0014378
        8094    -5.55638    -5.47289  0.00143766
        8095    -5.55244     -5.4729  0.00143751
        8096    -5.54798    -5.47291  0.00143737
        8097    -5.54302    -5.47291  0.00143721
        8098    -5.53788    -5.47292  0.00143706
        8099    -5.53227    -5.47293   0.0014369
        8100    -5.52622    -5.47294  0.00143674
        8101    -5.51945    -5.47294  0.00143657
        8102    -5.51231    -5.47295   0.0014364
        8103    -5.50511    -5.47295  0.00143623
        8104    -5.49731    -5.47295  0.00143606
        8105    -5.48909    -5.47296  0.00143588
        8106     -5.4811    -5.47296  0.00143571
        8107    -5.47279    -5.47296  0.00143553
        8108    -5.46436    -5.47296  0.00143535
        8109    -5.45586    -5.47295  0.00143518
        8110    -5.44765    -5.47295    0.001435
        8111    -5.43933    -5.47295  0.00143483
        8112     -5.4311    -5.47294  0.00143466
        8113    -5.42286    -5.47293   0.0014345
        8114    -5.41543    -5.47293  0.00143434
        8115    -5.40765    -5.47292  0.00143419
        8116    -5.40033    -5.47291  0.00143404
        8117    -5.39366     -5.4729  0.00143389
        8118    -5.38723    -5.47289  0.00143376
        8119    -5.38034    -5.47288  0.00143363
        8120    -5.37451    -5.47287   0.0014335
        8121    -5.36934    -5.47285  0.00143338
        8122    -5.36408    -5.47284  0.00143327
        8123    -5.35967    -5.47283  0.00143316
        8124     -5.3558    -5.47281  0.00143305
        8125     -5.3525     -5.4728  0.00143295
        8126    -5.35006    -5.47278  0.00143286
        8127    -5.34816    -5.47277  0.00143276
        8128    -5.34665    -5.47275  0.00143267
        8129    -5.34566    -5.47274  0.00143258
        8130     -5.3456    -5.47272  0.00143249
        8131    -5.34554     -5.4727   0.0014324
        8132    -5.34636    -5.47269  0.00143231
        8133     -5.3471    -5.47267  0.00143221
        8134    -5.34788    -5.47266  0.00143212
        8135     -5.3488    -5.47264  0.00143202
        8136    -5.35041    -5.47263  0.00143193
        8137    -5.35191    -5.47261  0.00143183
        8138    -5.35371     -5.4726  0.00143173
        8139    -5.35545    -5.47258  0.00143162
        8140    -5.35815    -5.47257  0.00143152
        8141    -5.36008    -5.47256  0.00143141
        8142    -5.36212    -5.47254   0.0014313
        8143    -5.36391    -5.47253  0.00143118
        8144    -5.36543    -5.47252  0.00143107
        8145    -5.36707     -5.4725  0.00143095
        8146    -5.36851    -5.47249  0.00143083
        8147    -5.36957    -5.47248  0.00143071
        8148     -5.3699    -5.47247  0.00143059
        8149    -5.37069    -5.47245  0.00143047
        8150    -5.37118    -5.47244  0.00143035
        8151    -5.37103    -5.47243  0.00143023
        8152    -5.37055    -5.47242  0.00143011
        8153    -5.37001     -5.4724  0.00142999
        8154    -5.36881    -5.47239  0.00142987
        8155    -5.36725    -5.47238  0.00142975
        8156    -5.36517    -5.47236  0.00142963
        8157    -5.36274    -5.47235  0.00142952
        8158     -5.3607    -5.47234  0.00142941
        8159    -5.35818    -5.47232  0.00142931
        8160    -5.35517    -5.47231   0.0014292
        8161    -5.35171    -5.47229   0.0014291
        8162    -5.34794    -5.47228  0.00142901
        8163    -5.34375    -5.47226  0.00142892
        8164    -5.33946    -5.47225  0.00142884
        8165    -5.33464    -5.47223  0.00142876
        8166    -5.32978    -5.47221   0.0014287
        8167    -5.32474    -5.47219  0.00142863
        8168    -5.31971    -5.47218  0.00142858
        8169    -5.31412    -5.47216  0.00142854
        8170    -5.30859    -5.47214   0.0014285
        8171    -5.30362    -5.47212  0.00142848
        8172    -5.29801    -5.47209  0.00142846
        8173    -5.29287    -5.47207  0.00142845
        8174    -5.28761    -5.47205  0.00142846
        8175    -5.28256    -5.47203  0.00142847
        8176     -5.2782      -5.472  0.00142849
        8177    -5.27334    -5.47198  0.00142853
        8178    -5.26877    -5.47195  0.00142857
        8179    -5.26434    -5.47193  0.00142862
        8180    -5.25994     -5.4719  0.00142868
        8181    -5.25527    -5.47188  0.00142875
        8182    -5.25067    -5.47185  0.00142883
        8183    -5.24688    -5.47182  0.00142892
        8184    -5.24349    -5.47179  0.00142902
        8185    -5.23975    -5.47177  0.00142912
        8186    -5.23611    -5.47174  0.00142924
        8187     -5.2329    -5.47171  0.00142936
        8188    -5.23089    -5.47168  0.00142949
        8189    -5.22827    -5.47165  0.00142963
        8190     -5.2267    -5.47162  0.00142976
        8191     -5.2247    -5.47159  0.00142991
        8192    -5.22332    -5.47156  0.00143005
        8193    -5.22241    -5.47153   0.0014302
        8194    -5.22183     -5.4715  0.00143035
        8195     -5.2216    -5.47147   0.0014305
        8196     -5.2217    -5.47144  0.00143065
        8197    -5.22139    -5.47141   0.0014308
        8198    -5.22202    -5.47138  0.00143095
        8199    -5.22284    -5.47134   0.0014311
        8200    -5.22414    -5.47131  0.00143124
        8201    -5.22607    -5.47128  0.00143138
        8202    -5.22787    -5.47126  0.00143151
        8203    -5.23042    -5.47123  0.00143164
        8204    -5.23297     -5.4712  0.00143176
        8205    -5.23534    -5.47117  0.00143187
        8206    -5.23827    -5.47114  0.00143198
        8207    -5.24144    -5.47111  0.00143208
        8208    -5.24453    -5.47108  0.00143217
        8209    -5.24721    -5.47106  0.00143226
        8210    -5.25127    -5.47103  0.00143233
        8211    -5.25563      -5.471   0.0014324
        8212    -5.25996    -5.47098  0.00143245
        8213    -5.26423    -5.47095   0.0014325
        8214    -5.26887    -5.47093  0.00143254
        8215    -5.27339     -5.4709  0.00143256
        8216    -5.27748    -5.47088  0.00143258
        8217    -5.28155    -5.47086  0.00143259
        8218    -5.28575    -5.47084   0.0014326
        8219    -5.28959    -5.47081  0.00143259
        8220    -5.29381    -5.47079  0.00143258
        8221    -5.29794    -5.47077  0.00143256
        8222    -5.30229    -5.47075  0.00143253
        8223    -5.30607    -5.47073   0.0014325
        8224    -5.31021    -5.47071  0.00143246
        8225    -5.31363    -5.47069  0.00143241
        8226    -5.31756    -5.47067  0.00143236
        8227    -5.32094    -5.47065   0.0014323
        8228      -5.325    -5.47064  0.00143223
        8229    -5.32855    -5.47062  0.00143216
        8230    -5.33192     -5.4706  0.00143209
        8231    -5.33513    -5.47059  0.00143201
        8232    -5.33868    -5.47057  0.00143192
        8233    -5.34168    -5.47055  0.00143184
        8234    -5.34493    -5.47054  0.00143174
        8235    -5.34861    -5.47052  0.00143165
        8236    -5.35261    -5.47051  0.00143154
        8237    -5.35666     -5.4705  0.00143144
        8238    -5.36109    -5.47048  0.00143133
        8239    -5.36578    -5.47047  0.00143121
        8240    -5.37059    -5.47046  0.00143109
        8241    -5.37539    -5.47045  0.00143096
        8242    -5.38109    -5.47044  0.00143083
        8243    -5.38633    -5.47043  0.00143069
        8244    -5.39261    -5.47042  0.00143055
        8245     -5.3984    -5.47041   0.0014304
        8246    -5.40475     -5.4704  0.00143025
        8247    -5.41131    -5.47039  0.00143009
        8248    -5.41852    -5.47039  0.00142993
        8249    -5.42558    -5.47038  0.00142977
        8250    -5.43321    -5.47038   0.0014296
        8251    -5.44016    -5.47037  0.00142944
        8252    -5.44761    -5.47037  0.00142926
        8253    -5.45491    -5.47037  0.00142909
        8254    -5.46232    -5.47037  0.00142892
        8255    -5.46892    -5.47037  0.00142875
        8256    -5.47587    -5.47037  0.00142857
        8257    -5.48271    -5.47037   0.0014284
        8258    -5.48971    -5.47037  0.00142823
        8259    -5.49639    -5.47037  0.00142806
        8260    -5.50274    -5.47038  0.00142789
        8261    -5.50936    -5.47038  0.00142773
        8262    -5.51546    -5.47039  0.00142757
        8263    -5.52151    -5.47039  0.00142741
        8264    -5.52702     -5.4704  0.00142725
        8265     -5.5329    -5.47041   0.0014271
        8266    -5.53809    -5.47042  0.00142695
        8267    -5.54334    -5.47043   0.0014268
        8268    -5.54788    -5.47044  0.00142666
        8269    -5.55217    -5.47045  0.00142652
        8270    -5.55619    -5.47046  0.00142639
        8271    -5.55979    -5.47047  0.00142626
        8272    -5.56327    -5.47048  0.00142613
        8273    -5.56662    -5.47049    0.001426
        8274     -5.5703     -5.4705  0.00142588
        8275    -5.57278    -5.47051  0.00142576
        8276    -5.57528    -5.47053  0.00142565
        8277     -5.5775    -5.47054  0.00142553
        8278    -5.57943    -5.47055  0.00142542
        8279    -5.58123    -5.47057  0.00142531
        8280    -5.58304    -5.47058  0.00142521
        8281    -5.58352    -5.47059   0.0014251
        8282    -5.58418    -5.47061  0.00142499
        8283    -5.58472    -5.47062  0.00142489
        8284    -5.58485    -5.47063  0.00142478
        8285    -5.58504    -5.47065  0.00142468
        8286    -5.58468    -5.47066  0.00142457
        8287    -5.58469    -5.47068  0.00142447
        8288    -5.58389    -5.47069  0.00142436
        8289    -5.58243     -5.4707  0.00142425
        8290    -5.58077    -5.47072  0.00142414
        8291    -5.57939    -5.47073  0.00142403
        8292    -5.57754    -5.47074  0.00142392
        8293      -5.576    -5.47075   0.0014238
        8294    -5.57461    -5.47077  0.00142368
        8295    -5.57295    -5.47078  0.00142357
        8296    -5.57103    -5.47079  0.00142345
        8297    -5.56931     -5.4708  0.00142332
        8298    -5.56706    -5.47082   0.0014232
        8299    -5.56458    -5.47083  0.00142307
        8300    -5.56251    -5.47084  0.00142294
        8301    -5.56099    -5.47085  0.00142281
        8302    -5.55884    -5.47086  0.00142268
        8303    -5.55667    -5.47087  0.00142255
        8304     -5.5545    -5.47088  0.00142241
        8305    -5.55232    -5.47089  0.00142228
        8306    -5.54987     -5.4709  0.00142214
        8307    -5.54774    -5.47091    0.001422
        8308    -5.54595    -5.47092  0.00142185
        8309    -5.54437    -5.47093  0.00142171
        8310    -5.54209    -5.47093  0.00142156
        8311    -5.54017    -5.47094  0.00142142
        8312    -5.53834    -5.47095  0.00142127
        8313    -5.53598    -5.47096  0.00142112
        8314    -5.53356    -5.47097  0.00142097
        8315    -5.53169    -5.47097  0.00142082
        8316    -5.53006    -5.47098  0.00142066
        8317    -5.52837    -5.47099  0.00142051
        8318    -5.52754    -5.47099  0.00142036
        8319    -5.52634      -5.471   0.0014202
        8320    -5.52553    -5.47101  0.00142004
        8321     -5.5248    -5.47101  0.00141989
        8322    -5.52384    -5.47102  0.00141973
        8323     -5.5228    -5.47103  0.00141958
        8324    -5.52195    -5.47103  0.00141942
        8325    -5.52084    -5.47104  0.00141926
        8326     -5.5202    -5.47104   0.0014191
        8327    -5.51942    -5.47105  0.00141894
        8328    -5.51863    -5.47106  0.00141878
        8329    -5.51765    -5.47106  0.00141862
        8330    -5.51678    -5.47107  0.00141847
        8331    -5.51509    -5.47107   0.0014183
        8332    -5.51361    -5.47108  0.00141814
        8333    -5.51202    -5.47108  0.00141798
        8334    -5.51106    -5.47109  0.00141782
        8335    -5.50981    -5.47109  0.00141766
        8336    -5.50764     -5.4711  0.00141749
        8337    -5.50545     -5.4711  0.00141733
        8338    -5.50352     -5.4711  0.00141717
        8339    -5.50093    -5.47111    0.001417
        8340    -5.49827    -5.47111  0.00141683
        8341    -5.49524    -5.47111  0.00141667
        8342    -5.49257    -5.47112   0.0014165
        8343    -5.49012    -5.47112  0.00141633
        8344    -5.48698    -5.47112  0.00141616
        8345    -5.48375    -5.47112  0.00141599
        8346    -5.47938    -5.47112  0.00141582
        8347    -5.47494    -5.47112  0.00141566
        8348    -5.47028    -5.47112  0.00141549
        8349    -5.46604    -5.47112  0.00141532
        8350    -5.46115    -5.47112  0.00141515
        8351    -5.45657    -5.47112  0.00141498
        8352    -5.45171    -5.47112  0.00141481
        8353    -5.44675    -5.47111  0.00141465
        8354    -5.44142    -5.47111  0.00141448
        8355    -5.43592    -5.47111  0.00141432
        8356     -5.4309     -5.4711  0.00141416
        8357    -5.42623     -5.4711    0.001414
        8358    -5.42123    -5.47109  0.00141384
        8359    -5.41713    -5.47108  0.00141369
        8360    -5.41294    -5.47108  0.00141353
        8361    -5.40825    -5.47107  0.00141339
        8362    -5.40385    -5.47106  0.00141324
        8363    -5.40055    -5.47105   0.0014131
        8364    -5.39718    -5.47104  0.00141295
        8365    -5.39439    -5.47104  0.00141281
        8366    -5.39189    -5.47103  0.00141268
        8367    -5.39032    -5.47102  0.00141254
        8368    -5.38896    -5.47101  0.00141241
        8369    -5.38796      -5.471  0.00141227
        8370    -5.38764    -5.47099  0.00141214
        8371    -5.38756    -5.47098  0.00141201
        8372    -5.38785    -5.47097  0.00141187
        8373    -5.38912    -5.47096  0.00141174
        8374    -5.39121    -5.47095   0.0014116
        8375    -5.39304    -5.47094  0.00141146
        8376     -5.3958    -5.47093  0.00141132
        8377    -5.39931    -5.47092  0.00141118
        8378    -5.40279    -5.47091  0.00141104
        8379    -5.40636     -5.4709  0.00141089
        8380    -5.41075     -5.4709  0.00141074
        8381    -5.41547    -5.47089  0.00141058
        8382    -5.42063    -5.47089  0.00141043
        8383    -5.42485    -5.47088  0.00141027
        8384    -5.42989    -5.47087  0.00141011
        8385    -5.43527    -5.47087  0.00140995
        8386    -5.44065    -5.47087  0.00140979
        8387    -5.44615    -5.47086  0.00140962
        8388    -5.45233    -5.47086  0.00140946
        8389    -5.45811    -5.47086  0.00140929
        8390    -5.46388    -5.47086  0.00140912
        8391    -5.46948    -5.47086  0.00140895
        8392    -5.47517    -5.47086  0.00140878
        8393    -5.48136    -5.47086  0.00140862
        8394    -5.48696    -5.47086  0.00140845
        8395    -5.49239    -5.47087  0.00140829
        8396    -5.49792    -5.47087  0.00140812
        8397    -5.50276    -5.47087  0.00140796
        8398    -5.50732    -5.47088   0.0014078
        8399    -5.51188    -5.47088  0.00140764
        8400     -5.5158    -5.47089  0.00140748
        8401    -5.51905    -5.47089  0.00140733
        8402    -5.52222     -5.4709  0.00140717
        8403    -5.52511    -5.47091  0.00140702
        8404    -5.52758    -5.47091  0.00140687
        8405    -5.53004    -5.47092  0.00140672
        8406    -5.53143    -5.47093  0.00140657
        8407    -5.53281    -5.47093  0.00140642
        8408    -5.53356    -5.47094  0.00140627
        8409    -5.53383    -5.47095  0.00140613
        8410     -5.5338    -5.47096  0.00140598
        8411    -5.53331    -5.47096  0.00140583
        8412     -5.5315    -5.47097  0.00140568
        8413     -5.5302    -5.47098  0.00140553
        8414    -5.52838    -5.47098  0.00140538
        8415    -5.52579    -5.47099  0.00140523
        8416    -5.52339      -5.471  0.00140508
        8417    -5.52091      -5.471  0.00140492
        8418    -5.51813    -5.47101  0.00140477
        8419    -5.51495    -5.47101  0.00140461
        8420    -5.51173    -5.47102  0.00140445
        8421     -5.5081    -5.47102  0.00140429
        8422    -5.50472    -5.47103  0.00140413
        8423    -5.50183    -5.47103  0.00140397
        8424    -5.49902    -5.47103  0.00140381
        8425    -5.49636    -5.47104  0.00140364
        8426    -5.49437    -5.47104  0.00140348
        8427    -5.49353    -5.47104  0.00140331
        8428    -5.49285    -5.47105  0.00140315
        8429    -5.49221    -5.47105  0.00140299
        8430    -5.49223    -5.47105  0.00140282
        8431    -5.49263    -5.47105  0.00140266
        8432    -5.49342    -5.47106  0.00140249
        8433     -5.4949    -5.47106  0.00140233
        8434    -5.49735    -5.47106  0.00140217
        8435    -5.50047    -5.47106  0.00140201
        8436    -5.50378    -5.47107  0.00140184
        8437    -5.50754    -5.47107  0.00140169
        8438    -5.51187    -5.47108  0.00140153
        8439    -5.51644    -5.47108  0.00140137
        8440    -5.52089    -5.47109  0.00140122
        8441    -5.52593     -5.4711  0.00140107
        8442    -5.53078     -5.4711  0.00140092
        8443    -5.53658    -5.47111  0.00140077
        8444    -5.54224    -5.47112  0.00140063
        8445    -5.54816    -5.47113   0.0014005
        8446    -5.55414    -5.47114  0.00140037
        8447    -5.56045    -5.47115  0.00140024
        8448     -5.5666    -5.47116  0.00140012
        8449    -5.57209    -5.47117  0.00140001
        8450     -5.5778    -5.47118   0.0013999
        8451    -5.58278     -5.4712  0.00139979
        8452    -5.58821    -5.47121   0.0013997
        8453    -5.59346    -5.47123  0.00139961
        8454    -5.59882    -5.47124  0.00139952
        8455    -5.60349    -5.47126  0.00139944
        8456    -5.60791    -5.47127  0.00139937
        8457    -5.61161    -5.47129   0.0013993
        8458    -5.61564    -5.47131  0.00139924
        8459    -5.61952    -5.47132  0.00139919
        8460    -5.62294    -5.47134  0.00139914
        8461    -5.62696    -5.47136  0.00139909
        8462    -5.62959    -5.47138  0.00139905
        8463    -5.63205     -5.4714  0.00139901
        8464    -5.63387    -5.47142  0.00139898
        8465     -5.6352    -5.47144  0.00139895
        8466    -5.63665    -5.47146  0.00139892
        8467    -5.63761    -5.47148  0.00139889
        8468    -5.63793     -5.4715  0.00139887
        8469    -5.63792    -5.47152  0.00139884
        8470    -5.63787    -5.47153  0.00139881
        8471    -5.63825    -5.47155  0.00139878
        8472    -5.63785    -5.47157  0.00139876
        8473    -5.63653    -5.47159  0.00139873
        8474    -5.63535    -5.47161   0.0013987
        8475    -5.63401    -5.47163  0.00139866
        8476    -5.63252    -5.47165  0.00139863
        8477    -5.63059    -5.47167  0.00139859
        8478    -5.62808    -5.47169  0.00139854
        8479    -5.62515    -5.47171   0.0013985
        8480     -5.6224    -5.47172  0.00139844
        8481    -5.61866    -5.47174  0.00139839
        8482    -5.61543    -5.47176  0.00139832
        8483    -5.61153    -5.47177  0.00139826
        8484    -5.60742    -5.47179  0.00139818
        8485    -5.60373    -5.47181   0.0013981
        8486    -5.59955    -5.47182  0.00139802
        8487    -5.59491    -5.47184  0.00139793
        8488    -5.59011    -5.47185  0.00139784
        8489    -5.58504    -5.47186  0.00139774
        8490    -5.57985    -5.47188  0.00139763
        8491      -5.575    -5.47189  0.00139752
        8492    -5.57053     -5.4719   0.0013974
        8493    -5.56509    -5.47191  0.00139728
        8494    -5.56019    -5.47192  0.00139715
        8495    -5.55525    -5.47193  0.00139702
        8496    -5.55045    -5.47194  0.00139689
        8497    -5.54533    -5.47195  0.00139675
        8498    -5.54006    -5.47196  0.00139661
        8499    -5.53542    -5.47196  0.00139647
        8500    -5.53097    -5.47197  0.00139632
        8501    -5.52596    -5.47198  0.00139617
        8502    -5.52101    -5.47198  0.00139602
        8503    -5.51613    -5.47199  0.00139586
        8504     -5.5115    -5.47199  0.00139571
        8505    -5.50651      -5.472  0.00139555
        8506    -5.50224      -5.472  0.00139539
        8507    -5.49824      -5.472  0.00139523
        8508    -5.49393    -5.47201  0.00139507
        8509    -5.49052    -5.47201   0.0013949
        8510    -5.48743    -5.47201  0.00139474
        8511    -5.48361    -5.47201  0.00139458
        8512    -5.48027    -5.47201  0.00139441
        8513    -5.47714    -5.47201  0.00139425
        8514    -5.47405    -5.47201  0.00139409
        8515    -5.47104    -5.47201  0.00139392
        8516    -5.46825    -5.47201  0.00139376
        8517    -5.46585    -5.47201   0.0013936
        8518    -5.46339    -5.47201  0.00139343
        8519    -5.46132    -5.47201  0.00139327
        8520    -5.45994    -5.47201  0.00139311
        8521    -5.45836    -5.47201  0.00139294
        8522    -5.45688    -5.47201  0.00139278
        8523    -5.45547      -5.472  0.00139262
        8524    -5.45446      -5.472  0.00139246
        8525    -5.45383      -5.472   0.0013923
        8526    -5.45342      -5.472  0.00139213
        8527    -5.45322    -5.47199  0.00139197
        8528    -5.45353    -5.47199  0.00139181
        8529    -5.45387    -5.47199  0.00139165
        8530    -5.45438    -5.47199  0.00139149
        8531    -5.45491    -5.47199  0.00139133
        8532    -5.45559    -5.47198  0.00139116
        8533    -5.45655    -5.47198    0.001391
        8534    -5.45748    -5.47198  0.00139084
        8535    -5.45853    -5.47198  0.00139068
        8536    -5.45968    -5.47198  0.00139052
        8537    -5.46031    -5.47198  0.00139035
        8538    -5.46194    -5.47198  0.00139019
        8539    -5.46365    -5.47197  0.00139003
        8540    -5.46514    -5.47197  0.00138987
        8541    -5.46669    -5.47197   0.0013897
        8542    -5.46801    -5.47197  0.00138954
        8543    -5.46984    -5.47197  0.00138938
        8544    -5.47158    -5.47197  0.00138922
        8545    -5.47339    -5.47197  0.00138905
        8546    -5.47526    -5.47197  0.00138889
        8547    -5.47704    -5.47197  0.00138873
        8548    -5.47872    -5.47197  0.00138857
        8549    -5.48076    -5.47198  0.00138841
        8550    -5.48317    -5.47198  0.00138824
        8551    -5.48562    -5.47198  0.00138808
        8552    -5.48796    -5.47198  0.00138792
        8553    -5.49018    -5.47198  0.00138776
        8554    -5.49243    -5.47198   0.0013876
        8555    -5.49485    -5.47199  0.00138744
        8556    -5.49711    -5.47199  0.00138728
        8557    -5.49967    -5.47199  0.00138712
        8558    -5.50189      -5.472  0.00138697
        8559    -5.50407      -5.472  0.00138681
        8560    -5.50603      -5.472  0.00138665
        8561    -5.50791    -5.47201   0.0013865
        8562    -5.50969    -5.47201  0.00138634
        8563    -5.51133    -5.47202  0.00138619
        8564    -5.51299    -5.47202  0.00138603
        8565    -5.51419    -5.47203  0.00138588
        8566    -5.51626    -5.47203  0.00138573
        8567    -5.51724    -5.47204  0.00138558
        8568    -5.51892    -5.47204  0.00138543
        8569    -5.51933    -5.47205  0.00138527
        8570    -5.51937    -5.47205  0.00138512
        8571    -5.51963    -5.47206  0.00138497
        8572    -5.51951    -5.47207  0.00138482
        8573    -5.51915    -5.47207  0.00138467
        8574    -5.51917    -5.47208  0.00138452
        8575    -5.51836    -5.47208  0.00138437
        8576    -5.51688    -5.47209  0.00138422
        8577    -5.51549    -5.47209  0.00138407
        8578    -5.51405     -5.4721  0.00138391
        8579    -5.51212     -5.4721  0.00138376
        8580    -5.51063    -5.47211  0.00138361
        8581    -5.50882    -5.47211  0.00138345
        8582    -5.50718    -5.47211   0.0013833
        8583    -5.50511    -5.47212  0.00138314
        8584    -5.50355    -5.47212  0.00138299
        8585    -5.50175    -5.47213  0.00138283
        8586    -5.49884    -5.47213  0.00138267
        8587    -5.49618    -5.47213  0.00138251
        8588    -5.49365    -5.47213  0.00138235
        8589    -5.49111    -5.47214  0.00138219
        8590    -5.48783    -5.47214  0.00138204
        8591    -5.48548    -5.47214  0.00138188
        8592    -5.48318    -5.47214  0.00138171
        8593    -5.48063    -5.47214  0.00138155
        8594    -5.47831    -5.47214  0.00138139
        8595    -5.47607    -5.47214  0.00138123
        8596    -5.47392    -5.47214  0.00138107
        8597    -5.47233    -5.47214  0.00138091
        8598    -5.47099    -5.47214  0.00138075
        8599    -5.46978    -5.47214  0.00138059
        8600    -5.46854    -5.47214  0.00138043
        8601    -5.46682    -5.47214  0.00138027
        8602    -5.46584    -5.47214  0.00138011
        8603    -5.46468    -5.47214  0.00137995
        8604     -5.4638    -5.47214  0.00137979
        8605    -5.46291    -5.47214  0.00137963
        8606    -5.46228    -5.47214  0.00137947
        8607    -5.46163    -5.47214  0.00137931
        8608    -5.46064    -5.47213  0.00137915
        8609    -5.46038    -5.47213  0.00137899
        8610    -5.45992    -5.47213  0.00137883
        8611    -5.45986    -5.47213  0.00137867
        8612    -5.45944    -5.47213  0.00137851
        8613    -5.45911    -5.47213  0.00137835
        8614    -5.45931    -5.47213  0.00137819
        8615    -5.45958    -5.47212  0.00137804
        8616    -5.45977    -5.47212  0.00137788
        8617    -5.46032    -5.47212  0.00137772
        8618    -5.46076    -5.47212  0.00137756
        8619    -5.46095    -5.47212   0.0013774
        8620    -5.46103    -5.47212  0.00137724
        8621     -5.4616    -5.47212  0.00137708
        8622    -5.46189    -5.47212  0.00137692
        8623    -5.46176    -5.47211  0.00137676
        8624    -5.46257    -5.47211   0.0013766
        8625     -5.4631    -5.47211  0.00137644
        8626    -5.46367    -5.47211  0.00137628
        8627    -5.46487    -5.47211  0.00137612
        8628    -5.46521    -5.47211  0.00137597
        8629    -5.46634    -5.47211  0.00137581
        8630    -5.46707    -5.47211  0.00137565
        8631    -5.46786    -5.47211  0.00137549
        8632    -5.46856    -5.47211  0.00137533
        8633     -5.4704    -5.47211  0.00137517
        8634    -5.47141    -5.47211  0.00137501
        8635    -5.47221    -5.47211  0.00137485
        8636    -5.47311    -5.47211  0.00137469
        8637    -5.47426    -5.47211  0.00137453
        8638    -5.47567    -5.47211  0.00137437
        8639    -5.47736    -5.47211  0.00137421
        8640    -5.47946    -5.47211  0.00137406
        8641    -5.48169    -5.47211   0.0013739
        8642    -5.48419    -5.47211  0.00137374
        8643    -5.48621    -5.47211  0.00137358
        8644     -5.4882    -5.47211  0.00137342
        8645    -5.49044    -5.47212  0.00137327
        8646     -5.4925    -5.47212  0.00137311
        8647     -5.4951    -5.47212  0.00137295
        8648    -5.49719    -5.47212   0.0013728
        8649    -5.50011    -5.47213  0.00137264
        8650    -5.50264    -5.47213  0.00137249
        8651    -5.50492    -5.47214  0.00137233
        8652    -5.50783    -5.47214  0.00137218
        8653    -5.51061    -5.47214  0.00137203
        8654    -5.51385    -5.47215  0.00137188
        8655    -5.51647    -5.47215  0.00137173
        8656    -5.51921    -5.47216  0.00137158
        8657    -5.52145    -5.47217  0.00137144
        8658    -5.52438    -5.47217  0.00137129
        8659    -5.52677    -5.47218  0.00137115
        8660    -5.52953    -5.47218  0.00137101
        8661    -5.53202    -5.47219  0.00137087
        8662    -5.53408     -5.4722  0.00137073
        8663      -5.536    -5.47221  0.00137059
        8664    -5.53731    -5.47221  0.00137045
        8665    -5.53952    -5.47222  0.00137031
        8666     -5.5408    -5.47223  0.00137018
        8667     -5.5422    -5.47224  0.00137004
        8668    -5.54341    -5.47224  0.00136991
        8669    -5.54442    -5.47225  0.00136978
        8670    -5.54553    -5.47226  0.00136965
        8671    -5.54553    -5.47227  0.00136951
        8672    -5.54623    -5.47228  0.00136938
        8673    -5.54641    -5.47229  0.00136925
        8674    -5.54623     -5.4723  0.00136912
        8675    -5.54614     -5.4723  0.00136899
        8676    -5.54538    -5.47231  0.00136886
        8677    -5.54486    -5.47232  0.00136872
        8678    -5.54368    -5.47233  0.00136859
        8679    -5.54259    -5.47234  0.00136846
        8680    -5.54146    -5.47235  0.00136832
        8681    -5.53936    -5.47235  0.00136819
        8682    -5.53722    -5.47236  0.00136805
        8683    -5.53534    -5.47237  0.00136791
        8684    -5.53313    -5.47237  0.00136777
        8685    -5.52983    -5.47238  0.00136763
        8686    -5.52726    -5.47239  0.00136749
        8687    -5.52451    -5.47239  0.00136734
        8688    -5.52161     -5.4724   0.0013672
        8689     -5.5187     -5.4724  0.00136705
        8690    -5.51549    -5.47241   0.0013669
        8691    -5.51199    -5.47241  0.00136675
        8692    -5.50866    -5.47242   0.0013666
        8693    -5.50506    -5.47242  0.00136645
        8694    -5.50135    -5.47243   0.0013663
        8695    -5.49738    -5.47243  0.00136614
        8696    -5.49364    -5.47243  0.00136599
        8697    -5.48952    -5.47243  0.00136583
        8698    -5.48564    -5.47243  0.00136568
        8699    -5.48171    -5.47244  0.00136552
        8700    -5.47775    -5.47244  0.00136536
        8701    -5.47393    -5.47244  0.00136521
        8702    -5.47026    -5.47244  0.00136505
        8703    -5.46617    -5.47244  0.00136489
        8704    -5.46226    -5.47243  0.00136474
        8705    -5.45855    -5.47243  0.00136458
        8706    -5.45491    -5.47243  0.00136442
        8707    -5.45105    -5.47243  0.00136427
        8708    -5.44744    -5.47243  0.00136412
        8709    -5.44319    -5.47242  0.00136396
        8710    -5.43997    -5.47242  0.00136381
        8711    -5.43704    -5.47241  0.00136366
        8712    -5.43411    -5.47241  0.00136351
        8713    -5.43117     -5.4724  0.00136336
        8714    -5.42855     -5.4724  0.00136322
        8715    -5.42624    -5.47239  0.00136307
        8716    -5.42365    -5.47239  0.00136293
        8717    -5.42139    -5.47238  0.00136278
        8718    -5.41975    -5.47238  0.00136264
        8719    -5.41752    -5.47237   0.0013625
        8720    -5.41532    -5.47236  0.00136236
        8721    -5.41403    -5.47236  0.00136222
        8722    -5.41231    -5.47235  0.00136208
        8723    -5.41211    -5.47234  0.00136194
        8724    -5.41116    -5.47234   0.0013618
        8725    -5.40991    -5.47233  0.00136166
        8726    -5.40896    -5.47232  0.00136153
        8727    -5.40831    -5.47231  0.00136139
        8728    -5.40794    -5.47231  0.00136126
        8729    -5.40756     -5.4723  0.00136112
        8730    -5.40686    -5.47229  0.00136098
        8731    -5.40673    -5.47229  0.00136085
        8732    -5.40612    -5.47228  0.00136071
        8733    -5.40579    -5.47227  0.00136058
        8734    -5.40602    -5.47226  0.00136045
        8735    -5.40636    -5.47225  0.00136031
        8736     -5.4068    -5.47225  0.00136018
        8737    -5.40735    -5.47224  0.00136004
        8738    -5.40814    -5.47223   0.0013599
        8739    -5.40825    -5.47223  0.00135977
        8740    -5.40905    -5.47222  0.00135963
        8741    -5.40976    -5.47221   0.0013595
        8742    -5.41097     -5.4722  0.00135936
        8743    -5.41176     -5.4722  0.00135922
        8744    -5.41257    -5.47219  0.00135908
        8745    -5.41384    -5.47218  0.00135894
        8746    -5.41481    -5.47218   0.0013588
        8747     -5.4159    -5.47217  0.00135866
        8748     -5.4168    -5.47216  0.00135852
        8749    -5.41721    -5.47216  0.00135838
        8750    -5.41833    -5.47215  0.00135824
        8751     -5.4194    -5.47215   0.0013581
        8752    -5.42011    -5.47214  0.00135796
        8753    -5.42094    -5.47213  0.00135781
        8754    -5.42188    -5.47213  0.00135767
        8755     -5.4228    -5.47212  0.00135753
        8756    -5.42341    -5.47212  0.00135738
        8757    -5.42389    -5.47211  0.00135724
        8758    -5.42439    -5.47211   0.0013571
        8759    -5.42509     -5.4721  0.00135695
        8760    -5.42541     -5.4721  0.00135681
        8761    -5.42626    -5.47209  0.00135666
        8762    -5.42736    -5.47208  0.00135652
        8763    -5.42812    -5.47208  0.00135637
        8764    -5.42946    -5.47208  0.00135623
        8765    -5.43076    -5.47207  0.00135608
        8766    -5.43204    -5.47207  0.00135593
        8767    -5.43359    -5.47206  0.00135578
        8768    -5.43542    -5.47206  0.00135564
        8769    -5.43691    -5.47205  0.00135549
        8770     -5.4385    -5.47205  0.00135534
        8771    -5.44048    -5.47205  0.00135519
        8772    -5.44239    -5.47204  0.00135504
        8773    -5.44468    -5.47204  0.00135489
        8774    -5.44687    -5.47204  0.00135474
        8775     -5.4491    -5.47203  0.00135458
        8776    -5.45196    -5.47203  0.00135443
        8777    -5.45438    -5.47203  0.00135428
        8778    -5.45679    -5.47203  0.00135413
        8779    -5.45873    -5.47203  0.00135397
        8780    -5.46078    -5.47202  0.00135382
        8781    -5.46339    -5.47202  0.00135366
        8782    -5.46562    -5.47202  0.00135351
        8783     -5.4676    -5.47202  0.00135336
        8784    -5.46962    -5.47202   0.0013532
        8785    -5.47121    -5.47202  0.00135305
        8786    -5.47248    -5.47202  0.00135289
        8787    -5.47357    -5.47202  0.00135274
        8788    -5.47477    -5.47202  0.00135259
        8789     -5.4756    -5.47202  0.00135243
        8790    -5.47665    -5.47202  0.00135228
        8791    -5.47774    -5.47202  0.00135213
        8792    -5.47767    -5.47203  0.00135197
        8793    -5.47777    -5.47203  0.00135182
        8794    -5.47774    -5.47203  0.00135166
        8795    -5.47698    -5.47203  0.00135151
        8796    -5.47578    -5.47203  0.00135136
        8797    -5.47476    -5.47203   0.0013512
        8798    -5.47362    -5.47203  0.00135105
        8799    -5.47193    -5.47203   0.0013509
        8800    -5.47028    -5.47203  0.00135074
        8801    -5.46796    -5.47203  0.00135059
        8802    -5.46572    -5.47203  0.00135044
        8803    -5.46342    -5.47203  0.00135028
        8804    -5.46065    -5.47202  0.00135013
        8805    -5.45771    -5.47202  0.00134998
        8806    -5.45387    -5.47202  0.00134983
        8807    -5.45067    -5.47202  0.00134968
        8808    -5.44735    -5.47202  0.00134953
        8809    -5.44411    -5.47201  0.00134938
        8810    -5.44034    -5.47201  0.00134923
        8811    -5.43698      -5.472  0.00134908
        8812    -5.43374      -5.472  0.00134893
        8813     -5.4302      -5.472  0.00134879
        8814    -5.42713    -5.47199  0.00134865
        8815     -5.4235    -5.47198   0.0013485
        8816    -5.41994    -5.47198  0.00134836
        8817    -5.41663    -5.47197  0.00134823
        8818    -5.41328    -5.47197  0.00134809
        8819    -5.41054    -5.47196  0.00134795
        8820    -5.40783    -5.47195  0.00134782
        8821    -5.40533    -5.47194  0.00134769
        8822    -5.40277    -5.47194  0.00134756
        8823    -5.40064    -5.47193  0.00134743
        8824    -5.39881    -5.47192   0.0013473
        8825    -5.39747    -5.47191  0.00134718
        8826    -5.39665     -5.4719  0.00134705
        8827    -5.39531    -5.47189  0.00134693
        8828    -5.39515    -5.47189   0.0013468
        8829    -5.39497    -5.47188  0.00134668
        8830    -5.39539    -5.47187  0.00134655
        8831    -5.39643    -5.47186  0.00134643
        8832    -5.39794    -5.47185   0.0013463
        8833    -5.40008    -5.47184  0.00134617
        8834     -5.4027    -5.47184  0.00134604
        8835     -5.4055    -5.47183  0.00134591
        8836    -5.40937    -5.47182  0.00134578
        8837    -5.41325    -5.47181  0.00134564
        8838    -5.41726    -5.47181  0.00134551
        8839     -5.4223     -5.4718  0.00134537
        8840    -5.42759     -5.4718  0.00134522
        8841     -5.4328    -5.47179  0.00134508
        8842    -5.43821    -5.47179  0.00134493
        8843    -5.44469    -5.47179  0.00134478
        8844    -5.45131    -5.47178  0.00134463
        8845    -5.45803    -5.47178  0.00134448
        8846     -5.4648    -5.47178  0.00134433
        8847     -5.4719    -5.47178  0.00134418
        8848    -5.47958    -5.47178  0.00134403
        8849    -5.48719    -5.47178  0.00134387
        8850    -5.49392    -5.47179  0.00134373
        8851    -5.50124    -5.47179  0.00134358
        8852    -5.50849    -5.47179  0.00134343
        8853    -5.51546     -5.4718  0.00134329
        8854    -5.52226     -5.4718  0.00134315
        8855    -5.52898    -5.47181  0.00134301
        8856    -5.53544    -5.47182  0.00134288
        8857    -5.54128    -5.47183  0.00134275
        8858    -5.54724    -5.47183  0.00134263
        8859    -5.55267    -5.47184  0.00134251
        8860      -5.558    -5.47185  0.00134239
        8861    -5.56246    -5.47186  0.00134228
        8862    -5.56679    -5.47187  0.00134217
        8863    -5.57055    -5.47189  0.00134206
        8864    -5.57417     -5.4719  0.00134196
        8865    -5.57706    -5.47191  0.00134186
        8866    -5.57955    -5.47192  0.00134177
        8867    -5.58133    -5.47193  0.00134167
        8868    -5.58335    -5.47195  0.00134158
        8869    -5.58441    -5.47196  0.00134149
        8870    -5.58589    -5.47197   0.0013414
        8871    -5.58723    -5.47198  0.00134131
        8872    -5.58752      -5.472  0.00134122
        8873    -5.58741    -5.47201  0.00134113
        8874     -5.5875    -5.47202  0.00134105
        8875    -5.58723    -5.47204  0.00134096
        8876    -5.58674    -5.47205  0.00134087
        8877    -5.58606    -5.47206  0.00134078
        8878    -5.58473    -5.47208  0.00134069
        8879    -5.58397    -5.47209   0.0013406
        8880    -5.58272     -5.4721   0.0013405
        8881    -5.58113    -5.47211  0.00134041
        8882    -5.57965    -5.47212  0.00134031
        8883    -5.57797    -5.47214  0.00134022
        8884    -5.57595    -5.47215  0.00134012
        8885    -5.57357    -5.47216  0.00134001
        8886    -5.57083    -5.47217  0.00133991
        8887    -5.56835    -5.47218   0.0013398
        8888    -5.56505    -5.47219  0.00133969
        8889    -5.56185     -5.4722  0.00133958
        8890    -5.55861    -5.47221  0.00133946
        8891    -5.55502    -5.47222  0.00133934
        8892     -5.5514    -5.47223  0.00133922
        8893    -5.54761    -5.47224   0.0013391
        8894    -5.54367    -5.47225  0.00133897
        8895    -5.53912    -5.47225  0.00133884
        8896    -5.53491    -5.47226  0.00133871
        8897    -5.53059    -5.47227  0.00133858
        8898    -5.52618    -5.47227  0.00133844
        8899    -5.52126    -5.47228   0.0013383
        8900     -5.5169    -5.47228  0.00133816
        8901    -5.51238    -5.47229  0.00133802
        8902    -5.50801    -5.47229  0.00133787
        8903    -5.50338     -5.4723  0.00133773
        8904    -5.49896     -5.4723  0.00133758
        8905    -5.49508     -5.4723  0.00133743
        8906    -5.49086     -5.4723  0.00133729
        8907    -5.48631    -5.47231  0.00133714
        8908    -5.48222    -5.47231  0.00133699
        8909    -5.47862    -5.47231  0.00133684
        8910    -5.47507    -5.47231  0.00133669
        8911    -5.47188    -5.47231  0.00133654
        8912    -5.46893    -5.47231  0.00133639
        8913    -5.46624    -5.47231  0.00133624
        8914    -5.46304    -5.47231  0.00133609
        8915    -5.46103     -5.4723  0.00133594
        8916    -5.45897     -5.4723  0.00133579
        8917    -5.45749     -5.4723  0.00133564
        8918    -5.45613     -5.4723  0.00133549
        8919    -5.45474     -5.4723  0.00133534
        8920    -5.45344     -5.4723   0.0013352
        8921    -5.45269    -5.47229  0.00133505
        8922    -5.45247    -5.47229   0.0013349
        8923    -5.45231    -5.47229  0.00133475
        8924     -5.4522    -5.47229   0.0013346
        8925     -5.4524    -5.47228  0.00133446
        8926      -5.452    -5.47228  0.00133431
        8927    -5.45217    -5.47228  0.00133416
        8928    -5.45214    -5.47228  0.00133401
        8929    -5.45293    -5.47228  0.00133387
        8930    -5.45347    -5.47227  0.00133372
        8931    -5.45404    -5.47227  0.00133357
        8932    -5.45445    -5.47227  0.00133342
        8933      -5.455    -5.47227  0.00133328
        8934    -5.45579    -5.47227  0.00133313
        8935    -5.45607    -5.47226  0.00133298
        8936    -5.45687    -5.47226  0.00133283
        8937     -5.4568    -5.47226  0.00133268
        8938    -5.45707    -5.47226  0.00133254
        8939    -5.45721    -5.47226  0.00133239
        8940     -5.4566    -5.47225  0.00133224
        8941    -5.45659    -5.47225  0.00133209
        8942    -5.45658    -5.47225  0.00133194
        8943    -5.45656    -5.47225   0.0013318
        8944    -5.45548    -5.47225  0.00133165
        8945     -5.4547    -5.47225   0.0013315
        8946    -5.45393    -5.47224  0.00133135
        8947    -5.45243    -5.47224  0.00133121
        8948     -5.4511    -5.47224  0.00133106
        8949    -5.44968    -5.47224  0.00133091
        8950    -5.44847    -5.47223  0.00133077
        8951    -5.44675    -5.47223  0.00133062
        8952     -5.4456    -5.47223  0.00133048
        8953    -5.44368    -5.47222  0.00133033
        8954    -5.44221    -5.47222  0.00133019
        8955    -5.44139    -5.47222  0.00133004
        8956    -5.43986    -5.47221   0.0013299
        8957    -5.43826    -5.47221  0.00132976
        8958    -5.43705    -5.47221  0.00132961
        8959     -5.4358     -5.4722  0.00132947
        8960    -5.43466     -5.4722  0.00132933
        8961    -5.43335    -5.47219  0.00132919
        8962    -5.43277    -5.47219  0.00132905
        8963    -5.43186    -5.47219  0.00132891
        8964    -5.43093    -5.47218  0.00132877
        8965    -5.43012    -5.47218  0.00132863
        8966    -5.43033    -5.47217  0.00132849
        8967    -5.43019    -5.47217  0.00132835
        8968    -5.43015    -5.47216  0.00132821
        8969    -5.43033    -5.47216  0.00132807
        8970    -5.43058    -5.47215  0.00132793
        8971    -5.42997    -5.47215  0.00132779
        8972    -5.42986    -5.47214  0.00132765
        8973    -5.42962    -5.47214  0.00132751
        8974    -5.42986    -5.47213  0.00132737
        8975    -5.42966    -5.47213  0.00132723
        8976    -5.42946    -5.47212  0.00132709
        8977    -5.42943    -5.47212  0.00132695
        8978    -5.42941    -5.47211  0.00132681
        8979     -5.4294    -5.47211  0.00132667
        8980    -5.42956    -5.47211  0.00132653
        8981    -5.42961     -5.4721  0.00132639
        8982    -5.43001     -5.4721  0.00132625
        8983    -5.42972    -5.47209  0.00132611
        8984    -5.43027    -5.47209  0.00132598
        8985    -5.43122    -5.47208  0.00132584
        8986    -5.43154    -5.47208   0.0013257
        8987    -5.43246    -5.47207  0.00132556
        8988    -5.43309    -5.47207  0.00132542
        8989    -5.43391    -5.47206  0.00132527
        8990    -5.43555    -5.47206  0.00132513
        8991    -5.43711    -5.47206  0.00132499
        8992    -5.43923    -5.47205  0.00132485
        8993    -5.44086    -5.47205  0.00132471
        8994    -5.44322    -5.47205  0.00132456
        8995    -5.44571    -5.47204  0.00132442
        8996    -5.44881    -5.47204  0.00132427
        8997    -5.45235    -5.47204  0.00132413
        8998    -5.45634    -5.47204  0.00132398
        8999    -5.46016    -5.47204  0.00132384
        9000    -5.46455    -5.47203  0.00132369
        9001    -5.46875    -5.47203  0.00132354
        9002    -5.47363    -5.47203   0.0013234
        9003    -5.47827    -5.47204  0.00132325
        9004    -5.48355    -5.47204   0.0013231
        9005    -5.48897    -5.47204  0.00132296
        9006    -5.49421    -5.47204  0.00132281
        9007    -5.49953    -5.47204  0.00132267
        9008    -5.50488    -5.47205  0.00132253
        9009      -5.511    -5.47205  0.00132239
        9010    -5.51648    -5.47206  0.00132225
        9011     -5.5219    -5.47206  0.00132211
        9012    -5.52721    -5.47207  0.00132198
        9013    -5.53194    -5.47207  0.00132185
        9014    -5.53665    -5.47208  0.00132173
        9015    -5.54118    -5.47209   0.0013216
        9016    -5.54564     -5.4721  0.00132148
        9017    -5.54943    -5.47211  0.00132136
        9018    -5.55358    -5.47212  0.00132124
        9019    -5.55794    -5.47212  0.00132113
        9020    -5.56098    -5.47213  0.00132102
        9021    -5.56392    -5.47215  0.00132092
        9022    -5.56706    -5.47216  0.00132081
        9023    -5.57012    -5.47217  0.00132071
        9024    -5.57265    -5.47218  0.00132061
        9025    -5.57496    -5.47219  0.00132051
        9026    -5.57739     -5.4722  0.00132042
        9027    -5.57905    -5.47221  0.00132032
        9028    -5.58011    -5.47222  0.00132023
        9029    -5.58121    -5.47224  0.00132014
        9030    -5.58283    -5.47225  0.00132005
        9031    -5.58422    -5.47226  0.00131996
        9032    -5.58528    -5.47227  0.00131988
        9033    -5.58632    -5.47229  0.00131979
        9034    -5.58766     -5.4723  0.00131971
        9035    -5.58947    -5.47231  0.00131962
        9036      -5.591    -5.47233  0.00131954
        9037    -5.59211    -5.47234  0.00131946
        9038    -5.59356    -5.47235  0.00131939
        9039    -5.59475    -5.47237  0.00131931
        9040    -5.59597    -5.47238  0.00131924
        9041    -5.59797    -5.47239  0.00131916
        9042    -5.59998    -5.47241  0.00131909
        9043    -5.60123    -5.47242  0.00131902
        9044    -5.60322    -5.47244  0.00131896
        9045    -5.60442    -5.47245  0.00131889
        9046    -5.60585    -5.47247  0.00131883
        9047    -5.60737    -5.47248  0.00131877
        9048    -5.60894     -5.4725  0.00131871
        9049    -5.61039    -5.47251  0.00131865
        9050    -5.61141    -5.47253  0.00131859
        9051    -5.61257    -5.47254  0.00131854
        9052    -5.61357    -5.47256  0.00131848
        9053    -5.61409    -5.47257  0.00131843
        9054    -5.61458    -5.47259  0.00131838
        9055    -5.61561     -5.4726  0.00131833
        9056    -5.61583    -5.47262  0.00131828
        9057    -5.61569    -5.47264  0.00131823
        9058    -5.61517    -5.47265  0.00131818
        9059    -5.61442    -5.47267  0.00131812
        9060     -5.6142    -5.47268  0.00131807
        9061    -5.61344     -5.4727  0.00131802
        9062    -5.61259    -5.47271  0.00131796
        9063    -5.61151    -5.47273   0.0013179
        9064    -5.60989    -5.47274  0.00131785
        9065    -5.60743    -5.47276  0.00131778
        9066    -5.60473    -5.47277  0.00131772
        9067    -5.60209    -5.47279  0.00131765
        9068    -5.59875     -5.4728  0.00131758
        9069    -5.59593    -5.47281   0.0013175
        9070    -5.59225    -5.47283  0.00131742
        9071    -5.58863    -5.47284  0.00131734
        9072    -5.58491    -5.47285  0.00131725
        9073    -5.58093    -5.47287  0.00131716
        9074    -5.57714    -5.47288  0.00131707
        9075    -5.57279    -5.47289  0.00131697
        9076    -5.56788     -5.4729  0.00131686
        9077    -5.56255    -5.47291  0.00131676
        9078    -5.55726    -5.47292  0.00131664
        9079    -5.55141    -5.47293  0.00131653
        9080    -5.54561    -5.47293  0.00131641
        9081     -5.5397    -5.47294  0.00131628
        9082    -5.53295    -5.47295  0.00131615
        9083    -5.52627    -5.47295  0.00131602
        9084    -5.51967    -5.47296  0.00131589
        9085    -5.51256    -5.47296  0.00131575
        9086    -5.50572    -5.47297  0.00131561
        9087    -5.49811    -5.47297  0.00131547
        9088     -5.4905    -5.47297  0.00131532
        9089    -5.48277    -5.47297  0.00131518
        9090    -5.47525    -5.47297  0.00131504
        9091    -5.46796    -5.47297  0.00131489
        9092    -5.46002    -5.47297  0.00131475
        9093    -5.45222    -5.47297   0.0013146
        9094    -5.44429    -5.47297  0.00131446
        9095     -5.4364    -5.47296  0.00131433
        9096     -5.4286    -5.47296  0.00131419
        9097     -5.4215    -5.47295  0.00131406
        9098    -5.41395    -5.47294  0.00131393
        9099    -5.40716    -5.47294   0.0013138
        9100    -5.40012    -5.47293  0.00131368
        9101    -5.39301    -5.47292  0.00131357
        9102    -5.38644    -5.47291  0.00131346
        9103       -5.38     -5.4729  0.00131336
        9104      -5.374    -5.47289  0.00131326
        9105    -5.36831    -5.47288  0.00131316
        9106     -5.3628    -5.47287  0.00131307
        9107    -5.35825    -5.47285  0.00131299
        9108    -5.35376    -5.47284  0.00131291
        9109    -5.34964    -5.47283  0.00131284
        9110     -5.3456    -5.47281  0.00131277
        9111    -5.34225     -5.4728   0.0013127
        9112      -5.339    -5.47278  0.00131264
        9113    -5.33599    -5.47277  0.00131258
        9114    -5.33399    -5.47275  0.00131252
        9115    -5.33208    -5.47274  0.00131247
        9116    -5.33102    -5.47272  0.00131242
        9117     -5.3305    -5.47271  0.00131237
        9118    -5.32976    -5.47269  0.00131232
        9119    -5.32954    -5.47268  0.00131227
        9120    -5.32998    -5.47266  0.00131222
        9121    -5.33017    -5.47264  0.00131217
        9122    -5.33144    -5.47263  0.00131211
        9123    -5.33228    -5.47261  0.00131206
        9124    -5.33372     -5.4726    0.001312
        9125     -5.3356    -5.47258  0.00131195
        9126    -5.33729    -5.47257  0.00131189
        9127    -5.33907    -5.47255  0.00131182
        9128    -5.34108    -5.47254  0.00131176
        9129    -5.34344    -5.47253  0.00131169
        9130    -5.34629    -5.47251  0.00131162
        9131    -5.34885     -5.4725  0.00131155
        9132    -5.35141    -5.47248  0.00131147
        9133    -5.35469    -5.47247  0.00131139
        9134    -5.35777    -5.47246  0.00131131
        9135    -5.36094    -5.47245  0.00131122
        9136    -5.36387    -5.47244  0.00131113
        9137    -5.36761    -5.47242  0.00131104
        9138    -5.37078    -5.47241  0.00131094
        9139    -5.37428     -5.4724  0.00131084
        9140    -5.37763    -5.47239  0.00131074
        9141    -5.38113    -5.47238  0.00131063
        9142    -5.38432    -5.47237  0.00131053
        9143    -5.38809    -5.47236  0.00131042
        9144    -5.39108    -5.47235   0.0013103
        9145     -5.3942    -5.47235  0.00131019
        9146    -5.39728    -5.47234  0.00131007
        9147    -5.40064    -5.47233  0.00130995
        9148    -5.40427    -5.47232  0.00130983
        9149    -5.40804    -5.47231   0.0013097
        9150    -5.41133    -5.47231  0.00130958
        9151    -5.41476     -5.4723  0.00130945
        9152    -5.41804     -5.4723  0.00130932
        9153    -5.42117    -5.47229  0.00130919
        9154    -5.42447    -5.47229  0.00130906
        9155    -5.42839    -5.47228  0.00130892
        9156    -5.43203    -5.47228  0.00130879
        9157    -5.43525    -5.47227  0.00130865
        9158    -5.43835    -5.47227  0.00130851
        9159    -5.44225    -5.47226  0.00130837
        9160    -5.44557    -5.47226  0.00130823
        9161    -5.44893    -5.47226  0.00130809
        9162    -5.45261    -5.47226  0.00130795
        9163    -5.45629    -5.47226  0.00130781
        9164    -5.45998    -5.47225  0.00130767
        9165     -5.4635    -5.47225  0.00130753
        9166    -5.46668    -5.47225  0.00130738
        9167    -5.46997    -5.47225  0.00130724
        9168    -5.47333    -5.47225   0.0013071
        9169     -5.4769    -5.47225  0.00130696
        9170    -5.48006    -5.47225  0.00130681
        9171    -5.48337    -5.47226  0.00130667
        9172    -5.48637    -5.47226  0.00130653
        9173    -5.48887    -5.47226  0.00130639
        9174    -5.49129    -5.47226  0.00130625
        9175    -5.49332    -5.47226  0.00130611
        9176    -5.49491    -5.47227  0.00130597
        9177     -5.4971    -5.47227  0.00130583
        9178     -5.4982    -5.47227  0.00130569
        9179    -5.49879    -5.47227  0.00130555
        9180    -5.49898    -5.47228  0.00130541
        9181    -5.49876    -5.47228  0.00130527
        9182    -5.49824    -5.47228  0.00130513
        9183    -5.49757    -5.47229  0.00130499
        9184    -5.49658    -5.47229  0.00130485
        9185    -5.49494    -5.47229  0.00130471
        9186     -5.4928    -5.47229  0.00130457
        9187     -5.4903    -5.47229  0.00130443
        9188      -5.487     -5.4723  0.00130429
        9189    -5.48333     -5.4723  0.00130415
        9190    -5.47918     -5.4723  0.00130401
        9191    -5.47455     -5.4723  0.00130387
        9192     -5.4693     -5.4723  0.00130373
        9193    -5.46379     -5.4723  0.00130358
        9194    -5.45772     -5.4723  0.00130344
        9195    -5.45145    -5.47229   0.0013033
        9196    -5.44486    -5.47229  0.00130317
        9197    -5.43754    -5.47229  0.00130303
        9198    -5.43062    -5.47228   0.0013029
        9199    -5.42262    -5.47228  0.00130277
        9200    -5.41527    -5.47227  0.00130264
        9201    -5.40742    -5.47226  0.00130252
        9202    -5.39957    -5.47226   0.0013024
        9203    -5.39194    -5.47225  0.00130229
        9204    -5.38458    -5.47224  0.00130218
        9205    -5.37754    -5.47223  0.00130208
        9206    -5.37074    -5.47222  0.00130198
        9207    -5.36435     -5.4722   0.0013019
        9208    -5.35813    -5.47219  0.00130181
        9209    -5.35243    -5.47218  0.00130174
        9210    -5.34682    -5.47217  0.00130167
        9211    -5.34178    -5.47215   0.0013016
        9212    -5.33734    -5.47214  0.00130154
        9213    -5.33322    -5.47212  0.00130149
        9214    -5.32958    -5.47211  0.00130144
        9215    -5.32644    -5.47209  0.00130139
        9216    -5.32411    -5.47207  0.00130135
        9217    -5.32214    -5.47206  0.00130131
        9218    -5.32052    -5.47204  0.00130128
        9219    -5.31926    -5.47202  0.00130124
        9220    -5.31895    -5.47201   0.0013012
        9221    -5.31867    -5.47199  0.00130117
        9222    -5.31933    -5.47197  0.00130113
        9223    -5.31969    -5.47196   0.0013011
        9224     -5.3214    -5.47194  0.00130106
        9225    -5.32234    -5.47193  0.00130102
        9226    -5.32413    -5.47191  0.00130098
        9227    -5.32632    -5.47189  0.00130093
        9228    -5.32887    -5.47188  0.00130088
        9229    -5.33192    -5.47186  0.00130083
        9230    -5.33498    -5.47185  0.00130077
        9231    -5.33878    -5.47183  0.00130071
        9232    -5.34224    -5.47182  0.00130065
        9233      -5.347    -5.47181  0.00130058
        9234    -5.35152    -5.47179   0.0013005
        9235    -5.35607    -5.47178  0.00130042
        9236    -5.36077    -5.47177  0.00130034
        9237    -5.36544    -5.47176  0.00130025
        9238    -5.37021    -5.47175  0.00130015
        9239    -5.37474    -5.47174  0.00130005
        9240    -5.37963    -5.47173  0.00129995
        9241    -5.38438    -5.47172  0.00129984
        9242    -5.39004    -5.47171  0.00129973
        9243    -5.39476     -5.4717  0.00129962
        9244    -5.40034    -5.47169   0.0012995
        9245    -5.40464    -5.47168  0.00129938
        9246    -5.40977    -5.47168  0.00129926
        9247    -5.41464    -5.47167  0.00129913
        9248    -5.41925    -5.47167    0.001299
        9249    -5.42389    -5.47166  0.00129887
        9250    -5.42823    -5.47166  0.00129874
        9251    -5.43243    -5.47165  0.00129861
        9252    -5.43677    -5.47165  0.00129847
        9253    -5.44095    -5.47164  0.00129834
        9254    -5.44496    -5.47164   0.0012982
        9255    -5.44848    -5.47164  0.00129806
        9256    -5.45168    -5.47164  0.00129792
        9257    -5.45529    -5.47164  0.00129779
        9258    -5.45824    -5.47163  0.00129765
        9259    -5.46131    -5.47163  0.00129751
        9260    -5.46416    -5.47163  0.00129737
        9261    -5.46636    -5.47163  0.00129723
        9262    -5.46863    -5.47163  0.00129709
        9263    -5.47038    -5.47163  0.00129695
        9264     -5.4722    -5.47163  0.00129681
        9265    -5.47364    -5.47163  0.00129667
        9266    -5.47529    -5.47163  0.00129653
        9267    -5.47549    -5.47163  0.00129639
        9268    -5.47637    -5.47163  0.00129625
        9269    -5.47716    -5.47163  0.00129611
        9270    -5.47773    -5.47163  0.00129597
        9271    -5.47837    -5.47163  0.00129583
        9272    -5.47836    -5.47164  0.00129569
        9273     -5.4777    -5.47164  0.00129555
        9274    -5.47687    -5.47164  0.00129541
        9275    -5.47664    -5.47164  0.00129527
        9276    -5.47598    -5.47164  0.00129513
        9277    -5.47476    -5.47164  0.00129499
        9278    -5.47377    -5.47164  0.00129485
        9279    -5.47319    -5.47164  0.00129471
        9280     -5.4723    -5.47164  0.00129457
        9281    -5.47128    -5.47164  0.00129443
        9282     -5.4703    -5.47164  0.00129429
        9283    -5.46926    -5.47164  0.00129415
        9284    -5.46832    -5.47164  0.00129401
        9285    -5.46766    -5.47164  0.00129388
        9286    -5.46685    -5.47164  0.00129374
        9287    -5.46622    -5.47164   0.0012936
        9288    -5.46639    -5.47164  0.00129346
        9289     -5.4666    -5.47163  0.00129332
        9290    -5.46658    -5.47163  0.00129318
        9291    -5.46738    -5.47163  0.00129304
        9292     -5.4684    -5.47163   0.0012929
        9293    -5.46935    -5.47163  0.00129276
        9294    -5.47081    -5.47163  0.00129262
        9295    -5.47188    -5.47163  0.00129248
        9296    -5.47346    -5.47163  0.00129234
        9297    -5.47494    -5.47163  0.00129221
        9298     -5.4766    -5.47163  0.00129207
        9299    -5.47904    -5.47164  0.00129193
        9300    -5.48103    -5.47164  0.00129179
        9301    -5.48333    -5.47164  0.00129165
        9302    -5.48591    -5.47164  0.00129151
        9303    -5.48892    -5.47164  0.00129138
        9304    -5.49188    -5.47164  0.00129124
        9305    -5.49463    -5.47165   0.0012911
        9306    -5.49806    -5.47165  0.00129097
        9307    -5.50096    -5.47165  0.00129083
        9308    -5.50422    -5.47165   0.0012907
        9309    -5.50706    -5.47166  0.00129057
        9310     -5.5104    -5.47166  0.00129043
        9311    -5.51346    -5.47167   0.0012903
        9312    -5.51729    -5.47167  0.00129017
        9313    -5.52067    -5.47168  0.00129005
        9314    -5.52405    -5.47168  0.00128992
        9315    -5.52711    -5.47169  0.00128979
        9316    -5.52956     -5.4717  0.00128967
        9317    -5.53318     -5.4717  0.00128955
        9318    -5.53617    -5.47171  0.00128943
        9319    -5.53897    -5.47172  0.00128931
        9320    -5.54188    -5.47172  0.00128919
        9321    -5.54458    -5.47173  0.00128908
        9322    -5.54767    -5.47174  0.00128897
        9323    -5.55054    -5.47175  0.00128886
        9324    -5.55334    -5.47176  0.00128875
        9325    -5.55591    -5.47177  0.00128864
        9326    -5.55884    -5.47178  0.00128854
        9327    -5.56153    -5.47178  0.00128844
        9328    -5.56397    -5.47179  0.00128834
        9329      -5.566     -5.4718  0.00128824
        9330    -5.56792    -5.47181  0.00128814
        9331    -5.57017    -5.47183  0.00128805
        9332    -5.57171    -5.47184  0.00128795
        9333    -5.57357    -5.47185  0.00128786
        9334    -5.57532    -5.47186  0.00128777
        9335    -5.57709    -5.47187  0.00128768
        9336    -5.57858    -5.47188  0.00128759
        9337    -5.58039    -5.47189  0.00128751
        9338    -5.58162     -5.4719  0.00128742
        9339    -5.58257    -5.47192  0.00128734
        9340    -5.58354    -5.47193  0.00128726
        9341    -5.58454    -5.47194  0.00128718
        9342    -5.58465    -5.47195   0.0012871
        9343    -5.58539    -5.47196  0.00128702
        9344     -5.5857    -5.47198  0.00128693
        9345    -5.58634    -5.47199  0.00128686
        9346    -5.58715      -5.472  0.00128678
        9347    -5.58694    -5.47201   0.0012867
        9348     -5.5869    -5.47203  0.00128662
        9349    -5.58688    -5.47204  0.00128654
        9350      -5.586    -5.47205  0.00128646
        9351    -5.58589    -5.47206  0.00128638
        9352    -5.58491    -5.47207   0.0012863
        9353    -5.58395    -5.47209  0.00128622
        9354    -5.58317     -5.4721  0.00128613
        9355    -5.58196    -5.47211  0.00128605
        9356    -5.58123    -5.47212  0.00128597
        9357    -5.58037    -5.47213  0.00128588
        9358    -5.57923    -5.47214  0.00128579
        9359    -5.57781    -5.47216  0.00128571
        9360    -5.57688    -5.47217  0.00128562
        9361    -5.57521    -5.47218  0.00128553
        9362    -5.57386    -5.47219  0.00128544
        9363    -5.57163     -5.4722  0.00128534
        9364    -5.56958    -5.47221  0.00128525
        9365    -5.56711    -5.47222  0.00128515
        9366    -5.56496    -5.47223  0.00128505
        9367    -5.56315    -5.47224  0.00128495
        9368    -5.56017    -5.47225  0.00128485
        9369    -5.55754    -5.47226  0.00128474
        9370     -5.5551    -5.47227  0.00128464
        9371    -5.55271    -5.47228  0.00128453
        9372    -5.54946    -5.47228  0.00128442
        9373    -5.54643    -5.47229   0.0012843
        9374    -5.54316     -5.4723  0.00128419
        9375    -5.53981    -5.47231  0.00128407
        9376    -5.53608    -5.47231  0.00128395
        9377    -5.53288    -5.47232  0.00128383
        9378    -5.52933    -5.47233  0.00128371
        9379    -5.52526    -5.47233  0.00128359
        9380    -5.52176    -5.47234  0.00128346
        9381    -5.51882    -5.47234  0.00128333
        9382    -5.51509    -5.47235   0.0012832
        9383    -5.51133    -5.47235  0.00128307
        9384    -5.50727    -5.47235  0.00128294
        9385     -5.5041    -5.47236  0.00128281
        9386    -5.50018    -5.47236  0.00128268
        9387    -5.49687    -5.47236  0.00128254
        9388    -5.49359    -5.47237  0.00128241
        9389    -5.49004    -5.47237  0.00128227
        9390    -5.48654    -5.47237  0.00128214
        9391      -5.484    -5.47237    0.001282
        9392    -5.48093    -5.47237  0.00128187
        9393    -5.47734    -5.47237  0.00128173
        9394    -5.47446    -5.47237  0.00128159
        9395    -5.47138    -5.47237  0.00128146
        9396    -5.46813    -5.47237  0.00128132
        9397    -5.46547    -5.47237  0.00128118
        9398    -5.46282    -5.47237  0.00128105
        9399    -5.46034    -5.47237  0.00128091
        9400    -5.45821    -5.47237  0.00128078
        9401    -5.45597    -5.47236  0.00128064
        9402    -5.45441    -5.47236  0.00128051
        9403    -5.45294    -5.47236  0.00128037
        9404    -5.45111    -5.47236  0.00128024
        9405       -5.45    -5.47236   0.0012801
        9406    -5.44901    -5.47235  0.00127997
        9407    -5.44861    -5.47235  0.00127984
        9408    -5.44805    -5.47235   0.0012797
        9409    -5.44809    -5.47235  0.00127957
        9410    -5.44799    -5.47234  0.00127944
        9411    -5.44881    -5.47234   0.0012793
        9412    -5.44949    -5.47234  0.00127917
        9413    -5.45078    -5.47234  0.00127904
        9414    -5.45254    -5.47233   0.0012789
        9415     -5.4546    -5.47233  0.00127877
        9416    -5.45665    -5.47233  0.00127863
        9417    -5.45929    -5.47233   0.0012785
        9418     -5.4619    -5.47233  0.00127836
        9419    -5.46492    -5.47233  0.00127823
        9420    -5.46817    -5.47233  0.00127809
        9421    -5.47164    -5.47233  0.00127796
        9422      -5.475    -5.47233  0.00127782
        9423     -5.4793    -5.47233  0.00127768
        9424    -5.48283    -5.47233  0.00127755
        9425    -5.48741    -5.47233  0.00127742
        9426    -5.49164    -5.47233  0.00127728
        9427     -5.4961    -5.47234  0.00127715
        9428    -5.50032    -5.47234  0.00127702
        9429    -5.50488    -5.47234  0.00127689
        9430     -5.5093    -5.47235  0.00127676
        9431    -5.51341    -5.47235  0.00127663
        9432    -5.51765    -5.47235   0.0012765
        9433    -5.52201    -5.47236  0.00127638
        9434    -5.52692    -5.47237  0.00127626
        9435    -5.53072    -5.47237  0.00127613
        9436     -5.5352    -5.47238  0.00127602
        9437     -5.5393    -5.47239   0.0012759
        9438    -5.54347    -5.47239  0.00127579
        9439     -5.5477     -5.4724  0.00127568
        9440    -5.55124    -5.47241  0.00127557
        9441    -5.55514    -5.47242  0.00127547
        9442     -5.5582    -5.47243  0.00127536
        9443    -5.56163    -5.47244  0.00127526
        9444    -5.56529    -5.47245  0.00127517
        9445    -5.56826    -5.47246  0.00127507
        9446    -5.57117    -5.47247  0.00127498
        9447    -5.57462    -5.47248  0.00127489
        9448    -5.57831    -5.47249   0.0012748
        9449    -5.58148     -5.4725  0.00127472
        9450     -5.5846    -5.47251  0.00127464
        9451    -5.58751    -5.47252  0.00127456
        9452    -5.58976    -5.47254  0.00127449
        9453    -5.59316    -5.47255  0.00127442
        9454    -5.59603    -5.47256  0.00127435
        9455    -5.59913    -5.47258  0.00127429
        9456      -5.602    -5.47259  0.00127423
        9457    -5.60446     -5.4726  0.00127417
        9458    -5.60695    -5.47262  0.00127411
        9459    -5.60932    -5.47263  0.00127406
        9460    -5.61168    -5.47265  0.00127401
        9461    -5.61388    -5.47266  0.00127396
        9462    -5.61557    -5.47268  0.00127392
        9463    -5.61691    -5.47269  0.00127387
        9464    -5.61831    -5.47271  0.00127383
        9465    -5.61914    -5.47272  0.00127379
        9466    -5.61953    -5.47274  0.00127375
        9467    -5.61976    -5.47275  0.00127371
        9468    -5.62041    -5.47277  0.00127367
        9469    -5.61994    -5.47279  0.00127363
        9470    -5.61953     -5.4728  0.00127359
        9471    -5.61872    -5.47282  0.00127355
        9472    -5.61764    -5.47283  0.00127351
        9473    -5.61582    -5.47285  0.00127346
        9474    -5.61323    -5.47286  0.00127341
        9475    -5.61034    -5.47288  0.00127336
        9476    -5.60682    -5.47289  0.00127331
        9477    -5.60297     -5.4729  0.00127325
        9478    -5.59849    -5.47292  0.00127318
        9479    -5.59414    -5.47293  0.00127311
        9480    -5.58887    -5.47294  0.00127304
        9481    -5.58329    -5.47295  0.00127295
        9482    -5.57743    -5.47297  0.00127287
        9483    -5.57129    -5.47298  0.00127278
        9484     -5.5643    -5.47299  0.00127268
        9485    -5.55695    -5.47299  0.00127257
        9486    -5.54971      -5.473  0.00127247
        9487    -5.54157    -5.47301  0.00127235
        9488    -5.53393    -5.47302  0.00127223
        9489    -5.52593    -5.47302  0.00127211
        9490     -5.5173    -5.47303  0.00127199
        9491    -5.50855    -5.47303  0.00127186
        9492    -5.49972    -5.47303  0.00127173
        9493    -5.49087    -5.47303   0.0012716
        9494    -5.48219    -5.47304  0.00127146
        9495    -5.47343    -5.47304  0.00127133
        9496    -5.46508    -5.47303  0.00127119
        9497    -5.45657    -5.47303  0.00127106
        9498    -5.44855    -5.47303  0.00127093
        9499    -5.44013    -5.47303   0.0012708
        9500    -5.43301    -5.47302  0.00127067
        9501    -5.42582    -5.47302  0.00127055
        9502     -5.4183    -5.47301  0.00127043
        9503    -5.41119    -5.47301  0.00127031
        9504    -5.40434      -5.473   0.0012702
        9505     -5.3973    -5.47299  0.00127009
        9506    -5.39067    -5.47298  0.00126999
        9507    -5.38398    -5.47297  0.00126989
        9508    -5.37813    -5.47296  0.00126979
        9509    -5.37205    -5.47295   0.0012697
        9510    -5.36664    -5.47294  0.00126962
        9511    -5.36158    -5.47293  0.00126954
        9512    -5.35688    -5.47292  0.00126947
        9513    -5.35193     -5.4729   0.0012694
        9514    -5.34718    -5.47289  0.00126933
        9515     -5.3431    -5.47288  0.00126927
        9516    -5.33893    -5.47286  0.00126922
        9517    -5.33484    -5.47285  0.00126917
        9518    -5.33129    -5.47283  0.00126912
        9519    -5.32816    -5.47282  0.00126908
        9520      -5.325     -5.4728  0.00126904
        9521    -5.32183    -5.47279    0.001269
        9522    -5.31928    -5.47277  0.00126897
        9523     -5.3172    -5.47275  0.00126895
        9524    -5.31531    -5.47274  0.00126892
        9525    -5.31362    -5.47272   0.0012689
        9526    -5.31244     -5.4727  0.00126888
        9527    -5.31162    -5.47269  0.00126885
        9528    -5.31056    -5.47267  0.00126884
        9529    -5.31093    -5.47265  0.00126882
        9530    -5.31181    -5.47264  0.00126879
        9531    -5.31258    -5.47262  0.00126877
        9532     -5.3137     -5.4726  0.00126875
        9533    -5.31514    -5.47259  0.00126872
        9534     -5.3169    -5.47257   0.0012687
        9535     -5.3188    -5.47255  0.00126867
        9536    -5.32115    -5.47254  0.00126863
        9537    -5.32392    -5.47252  0.00126859
        9538    -5.32665    -5.47251  0.00126855
        9539    -5.32916    -5.47249  0.00126851
        9540    -5.33236    -5.47248  0.00126846
        9541    -5.33577    -5.47246  0.00126841
        9542    -5.33984    -5.47245  0.00126835
        9543    -5.34379    -5.47244  0.00126829
        9544    -5.34777    -5.47242  0.00126823
        9545    -5.35237    -5.47241  0.00126816
        9546    -5.35697     -5.4724  0.00126808
        9547    -5.36187    -5.47239    0.001268
        9548     -5.3666    -5.47238  0.00126792
        9549    -5.37161    -5.47236  0.00126783
        9550    -5.37672    -5.47235  0.00126773
        9551    -5.38102    -5.47235  0.00126764
        9552    -5.38599    -5.47234  0.00126754
        9553    -5.39118    -5.47233  0.00126743
        9554    -5.39655    -5.47232  0.00126732
        9555    -5.40208    -5.47231  0.00126721
        9556    -5.40713    -5.47231   0.0012671
        9557    -5.41214     -5.4723  0.00126698
        9558    -5.41813    -5.47229  0.00126686
        9559     -5.4228    -5.47229  0.00126674
        9560    -5.42808    -5.47228  0.00126662
        9561    -5.43256    -5.47228  0.00126649
        9562    -5.43697    -5.47228  0.00126636
        9563    -5.44112    -5.47227  0.00126624
        9564    -5.44498    -5.47227  0.00126611
        9565     -5.4485    -5.47227  0.00126598
        9566    -5.45165    -5.47227  0.00126585
        9567    -5.45441    -5.47226  0.00126571
        9568    -5.45645    -5.47226  0.00126558
        9569    -5.45895    -5.47226  0.00126545
        9570    -5.45994    -5.47226  0.00126532
        9571    -5.46152    -5.47226  0.00126519
        9572    -5.46142    -5.47226  0.00126506
        9573    -5.46176    -5.47226  0.00126493
        9574    -5.46118    -5.47225  0.00126479
        9575    -5.46076    -5.47225  0.00126466
        9576    -5.45962    -5.47225  0.00126453
        9577    -5.45778    -5.47225   0.0012644
        9578    -5.45574    -5.47225  0.00126427
        9579    -5.45383    -5.47225  0.00126414
        9580    -5.45149    -5.47224  0.00126401
        9581    -5.44878    -5.47224  0.00126388
        9582     -5.4456    -5.47224  0.00126375
        9583    -5.44245    -5.47224  0.00126362
        9584    -5.43923    -5.47223  0.00126349
        9585      -5.436    -5.47223  0.00126337
        9586    -5.43312    -5.47223  0.00126324
        9587    -5.43032    -5.47222  0.00126312
        9588    -5.42707    -5.47222    0.001263
        9589    -5.42414    -5.47221  0.00126287
        9590    -5.42158    -5.47221  0.00126275
        9591    -5.41912     -5.4722  0.00126263
        9592    -5.41724    -5.47219  0.00126252
        9593    -5.41549    -5.47219   0.0012624
        9594    -5.41404    -5.47218  0.00126228
        9595    -5.41289    -5.47218  0.00126216
        9596    -5.41219    -5.47217  0.00126205
        9597    -5.41117    -5.47216  0.00126193
        9598    -5.41088    -5.47216  0.00126182
        9599     -5.4116    -5.47215   0.0012617
        9600    -5.41208    -5.47214  0.00126159
        9601      -5.412    -5.47214  0.00126147
        9602    -5.41238    -5.47213  0.00126135
        9603    -5.41302    -5.47213  0.00126124
        9604    -5.41419    -5.47212  0.00126112
        9605    -5.41464    -5.47211    0.001261
        9606    -5.41479    -5.47211  0.00126089
        9607    -5.41564     -5.4721  0.00126077
        9608    -5.41611     -5.4721  0.00126065
        9609    -5.41675    -5.47209  0.00126053
        9610    -5.41709    -5.47208  0.00126041
        9611    -5.41693    -5.47208   0.0012603
        9612    -5.41686    -5.47207  0.00126018
        9613     -5.4167    -5.47207  0.00126006
        9614    -5.41598    -5.47206  0.00125994
        9615    -5.41515    -5.47206  0.00125983
        9616     -5.4142    -5.47205  0.00125971
        9617    -5.41253    -5.47204  0.00125959
        9618     -5.4106    -5.47204  0.00125948
        9619    -5.40857    -5.47203  0.00125937
        9620     -5.4063    -5.47202  0.00125925
        9621    -5.40414    -5.47202  0.00125914
        9622    -5.40165    -5.47201  0.00125903
        9623    -5.39886      -5.472  0.00125892
        9624    -5.39643    -5.47199  0.00125882
        9625    -5.39333    -5.47199  0.00125871
        9626    -5.39052    -5.47198  0.00125861
        9627    -5.38744    -5.47197  0.00125851
        9628    -5.38459    -5.47196  0.00125841
        9629    -5.38201    -5.47195  0.00125832
        9630     -5.3799    -5.47194  0.00125822
        9631    -5.37786    -5.47193  0.00125813
        9632    -5.37545    -5.47192  0.00125804
        9633    -5.37393    -5.47191  0.00125795
        9634    -5.37288     -5.4719  0.00125786
        9635    -5.37187    -5.47189  0.00125777
        9636    -5.37106    -5.47188  0.00125769
        9637    -5.37077    -5.47187   0.0012576
        9638    -5.37085    -5.47186  0.00125751
        9639     -5.3713    -5.47185  0.00125743
        9640    -5.37211    -5.47184  0.00125734
        9641    -5.37313    -5.47183  0.00125725
        9642    -5.37508    -5.47182  0.00125716
        9643    -5.37674    -5.47181  0.00125707
        9644    -5.37898     -5.4718  0.00125697
        9645    -5.38057    -5.47179  0.00125688
        9646    -5.38374    -5.47178  0.00125678
        9647    -5.38679    -5.47177  0.00125668
        9648    -5.38878    -5.47176  0.00125658
        9649    -5.39134    -5.47175  0.00125648
        9650    -5.39442    -5.47175  0.00125637
        9651    -5.39753    -5.47174  0.00125627
        9652    -5.40065    -5.47173  0.00125616
        9653    -5.40373    -5.47172  0.00125605
        9654    -5.40675    -5.47172  0.00125594
        9655    -5.41028    -5.47171  0.00125582
        9656    -5.41339     -5.4717  0.00125571
        9657    -5.41636     -5.4717  0.00125559
        9658      -5.419    -5.47169  0.00125547
        9659    -5.42102    -5.47169  0.00125535
        9660    -5.42359    -5.47168  0.00125523
        9661     -5.4255    -5.47168  0.00125511
        9662    -5.42735    -5.47167  0.00125499
        9663    -5.42883    -5.47167  0.00125487
        9664    -5.43039    -5.47167  0.00125475
        9665    -5.43143    -5.47166  0.00125462
        9666    -5.43256    -5.47166   0.0012545
        9667    -5.43303    -5.47165  0.00125438
        9668    -5.43361    -5.47165  0.00125425
        9669     -5.4343    -5.47165  0.00125413
        9670    -5.43423    -5.47164  0.00125401
        9671    -5.43446    -5.47164  0.00125388
        9672     -5.4341    -5.47163  0.00125376
        9673    -5.43378    -5.47163  0.00125363
        9674    -5.43351    -5.47163  0.00125351
        9675    -5.43331    -5.47162  0.00125339
        9676     -5.4326    -5.47162  0.00125326
        9677    -5.43185    -5.47161  0.00125314
        9678    -5.43107    -5.47161  0.00125302
        9679    -5.42968     -5.4716   0.0012529
        9680    -5.42891     -5.4716  0.00125278
        9681    -5.42816     -5.4716  0.00125265
        9682    -5.42745    -5.47159  0.00125253
        9683    -5.42693    -5.47159  0.00125241
        9684    -5.42678    -5.47158  0.00125229
        9685    -5.42609    -5.47158  0.00125217
        9686    -5.42592    -5.47157  0.00125205
        9687    -5.42538    -5.47157  0.00125193
        9688    -5.42492    -5.47156  0.00125181
        9689      -5.425    -5.47156  0.00125169
        9690    -5.42501    -5.47155  0.00125157
        9691    -5.42571    -5.47155  0.00125145
        9692    -5.42604    -5.47154  0.00125133
        9693    -5.42585    -5.47154  0.00125121
        9694    -5.42588    -5.47153  0.00125109
        9695    -5.42688    -5.47153  0.00125097
        9696    -5.42704    -5.47153  0.00125085
        9697    -5.42754    -5.47152  0.00125073
        9698    -5.42794    -5.47152  0.00125061
        9699    -5.42851    -5.47151  0.00125049
        9700    -5.42941    -5.47151  0.00125036
        9701     -5.4303     -5.4715  0.00125024
        9702    -5.43043     -5.4715  0.00125012
        9703    -5.43099     -5.4715     0.00125
        9704    -5.43166    -5.47149  0.00124988
        9705    -5.43227    -5.47149  0.00124976
        9706    -5.43297    -5.47148  0.00124963
        9707    -5.43343    -5.47148  0.00124951
        9708    -5.43425    -5.47148  0.00124939
        9709    -5.43435    -5.47147  0.00124926
        9710    -5.43462    -5.47147  0.00124914
        9711    -5.43461    -5.47146  0.00124902
        9712    -5.43415    -5.47146   0.0012489
        9713    -5.43353    -5.47146  0.00124877
        9714    -5.43335    -5.47145  0.00124865
        9715     -5.4321    -5.47145  0.00124853
        9716    -5.43082    -5.47144  0.00124841
        9717    -5.42937    -5.47144  0.00124829
        9718    -5.42805    -5.47144  0.00124817
        9719    -5.42656    -5.47143  0.00124805
        9720    -5.42505    -5.47143  0.00124793
        9721    -5.42308    -5.47142  0.00124781
        9722    -5.42111    -5.47142  0.00124769
        9723    -5.41885    -5.47141  0.00124757
        9724    -5.41662     -5.4714  0.00124746
        9725    -5.41428     -5.4714  0.00124734
        9726    -5.41185    -5.47139  0.00124723
        9727    -5.40935    -5.47139  0.00124712
        9728    -5.40664    -5.47138  0.00124701
        9729     -5.4033    -5.47137   0.0012469
        9730    -5.40055    -5.47137  0.00124679
        9731    -5.39795    -5.47136  0.00124669
        9732    -5.39539    -5.47135  0.00124658
        9733    -5.39347    -5.47134  0.00124648
        9734    -5.39102    -5.47133  0.00124638
        9735    -5.38879    -5.47133  0.00124628
        9736    -5.38651    -5.47132  0.00124618
        9737    -5.38449    -5.47131  0.00124609
        9738    -5.38197     -5.4713  0.00124599
        9739    -5.38033    -5.47129   0.0012459
        9740    -5.37806    -5.47128  0.00124581
        9741    -5.37637    -5.47127  0.00124572
        9742    -5.37481    -5.47126  0.00124563
        9743    -5.37382    -5.47125  0.00124554
        9744    -5.37263    -5.47124  0.00124546
        9745    -5.37065    -5.47123  0.00124537
        9746    -5.36953    -5.47122  0.00124529
        9747    -5.36834    -5.47121  0.00124521
        9748    -5.36783     -5.4712  0.00124512
        9749    -5.36662    -5.47119  0.00124504
        9750    -5.36592    -5.47118  0.00124496
        9751    -5.36524    -5.47117  0.00124488
        9752    -5.36414    -5.47115   0.0012448
        9753    -5.36351    -5.47114  0.00124472
        9754    -5.36271    -5.47113  0.00124464
        9755    -5.36161    -5.47112  0.00124457
        9756    -5.36109    -5.47111  0.00124449
        9757    -5.35949     -5.4711  0.00124442
        9758    -5.35892    -5.47109  0.00124434
        9759    -5.35832    -5.47108  0.00124427
        9760    -5.35724    -5.47106  0.00124419
        9761    -5.35674    -5.47105  0.00124412
        9762    -5.35606    -5.47104  0.00124405
        9763    -5.35491    -5.47103  0.00124398
        9764    -5.35389    -5.47102  0.00124391
        9765    -5.35226      -5.471  0.00124384
        9766     -5.3511    -5.47099  0.00124378
        9767    -5.35055    -5.47098  0.00124371
        9768    -5.35018    -5.47097  0.00124364
        9769    -5.34908    -5.47095  0.00124358
        9770    -5.34802    -5.47094  0.00124352
        9771    -5.34702    -5.47093  0.00124345
        9772    -5.34622    -5.47092  0.00124339
        9773    -5.34549     -5.4709  0.00124333
        9774    -5.34529    -5.47089  0.00124327
        9775    -5.34472    -5.47088  0.00124321
        9776    -5.34438    -5.47087  0.00124315
        9777    -5.34367    -5.47085  0.00124309
        9778    -5.34351    -5.47084  0.00124303
        9779    -5.34313    -5.47083  0.00124297
        9780    -5.34284    -5.47081  0.00124291
        9781    -5.34249     -5.4708  0.00124286
        9782    -5.34253    -5.47079   0.0012428
        9783    -5.34234    -5.47077  0.00124274
        9784    -5.34254    -5.47076  0.00124268
        9785     -5.3428    -5.47075  0.00124262
        9786    -5.34329    -5.47073  0.00124257
        9787    -5.34384    -5.47072  0.00124251
        9788    -5.34459    -5.47071  0.00124245
        9789     -5.3448     -5.4707  0.00124239
        9790    -5.34566    -5.47068  0.00124233
        9791    -5.34581    -5.47067  0.00124226
        9792    -5.34616    -5.47066   0.0012422
        9793    -5.34701    -5.47064  0.00124214
        9794    -5.34805    -5.47063  0.00124208
        9795      -5.349    -5.47062  0.00124201
        9796    -5.34908    -5.47061  0.00124195
        9797    -5.34967     -5.4706  0.00124188
        9798    -5.35062    -5.47058  0.00124181
        9799    -5.35162    -5.47057  0.00124175
        9800    -5.35253    -5.47056  0.00124168
        9801    -5.35382    -5.47055  0.00124161
        9802    -5.35503    -5.47053  0.00124154
        9803    -5.35631    -5.47052  0.00124147
        9804    -5.35721    -5.47051  0.00124139
        9805    -5.35864     -5.4705  0.00124132
        9806    -5.35985    -5.47049  0.00124124
        9807    -5.36128    -5.47048  0.00124117
        9808    -5.36293    -5.47047  0.00124109
        9809    -5.36465    -5.47046  0.00124101
        9810    -5.36627    -5.47045  0.00124093
        9811    -5.36779    -5.47044  0.00124085
        9812    -5.37024    -5.47042  0.00124076
        9813    -5.37241    -5.47041  0.00124068
        9814    -5.37383    -5.47041  0.00124059
        9815    -5.37507     -5.4704   0.0012405
        9816    -5.37673    -5.47039  0.00124041
        9817    -5.37819    -5.47038  0.00124032
        9818    -5.37956    -5.47037  0.00124023
        9819      -5.381    -5.47036  0.00124013
        9820    -5.38262    -5.47035  0.00124004
        9821    -5.38396    -5.47034  0.00123995
        9822    -5.38516    -5.47033  0.00123985
        9823     -5.3862    -5.47032  0.00123975
        9824    -5.38723    -5.47031  0.00123966
        9825    -5.38808    -5.47031  0.00123956
        9826    -5.38861     -5.4703  0.00123946
        9827    -5.38911    -5.47029  0.00123936
        9828     -5.3893    -5.47028  0.00123926
        9829    -5.38962    -5.47027  0.00123916
        9830    -5.38934    -5.47026  0.00123906
        9831    -5.38876    -5.47026  0.00123897
        9832    -5.38837    -5.47025  0.00123887
        9833    -5.38773    -5.47024  0.00123877
        9834    -5.38715    -5.47023  0.00123867
        9835    -5.38623    -5.47022  0.00123858
        9836    -5.38527    -5.47021  0.00123848
        9837    -5.38431    -5.47021  0.00123839
        9838    -5.38338     -5.4702  0.00123829
        9839    -5.38297    -5.47019   0.0012382
        9840    -5.38219    -5.47018   0.0012381
        9841    -5.38155    -5.47017  0.00123801
        9842     -5.3815    -5.47016  0.00123792
        9843     -5.3815    -5.47015  0.00123782
        9844    -5.38216    -5.47014  0.00123773
        9845    -5.38233    -5.47013  0.00123764
        9846    -5.38352    -5.47013  0.00123754
        9847    -5.38456    -5.47012  0.00123745
        9848    -5.38563    -5.47011  0.00123735
        9849    -5.38795     -5.4701  0.00123725
        9850    -5.38989    -5.47009  0.00123716
        9851    -5.39251    -5.47008  0.00123706
        9852    -5.39462    -5.47008  0.00123695
        9853    -5.39759    -5.47007  0.00123685
        9854    -5.40126    -5.47006  0.00123674
        9855    -5.40504    -5.47006  0.00123664
        9856    -5.40968    -5.47005  0.00123653
        9857    -5.41516    -5.47004  0.00123641
        9858    -5.42071    -5.47004   0.0012363
        9859    -5.42662    -5.47003  0.00123618
        9860    -5.43316    -5.47003  0.00123606
        9861    -5.43955    -5.47003  0.00123594
        9862    -5.44606    -5.47002  0.00123582
        9863    -5.45251    -5.47002  0.00123569
        9864    -5.45915    -5.47002  0.00123557
        9865    -5.46625    -5.47002  0.00123544
        9866    -5.47392    -5.47002  0.00123532
        9867    -5.48151    -5.47002  0.00123519
        9868    -5.48883    -5.47002  0.00123507
        9869    -5.49599    -5.47003  0.00123495
        9870    -5.50293    -5.47003  0.00123483
        9871    -5.50978    -5.47003  0.00123471
        9872    -5.51695    -5.47004  0.00123459
        9873     -5.5235    -5.47005  0.00123448
        9874    -5.52984    -5.47005  0.00123437
        9875     -5.5364    -5.47006  0.00123426
        9876    -5.54286    -5.47007  0.00123416
        9877    -5.54903    -5.47007  0.00123406
        9878    -5.55414    -5.47008  0.00123396
        9879    -5.55954    -5.47009  0.00123387
        9880    -5.56399     -5.4701  0.00123378
        9881    -5.56825    -5.47011   0.0012337
        9882    -5.57291    -5.47012  0.00123362
        9883    -5.57615    -5.47013  0.00123354
        9884    -5.57933    -5.47014  0.00123346
        9885    -5.58261    -5.47015  0.00123339
        9886    -5.58568    -5.47017  0.00123332
        9887    -5.58794    -5.47018  0.00123325
        9888    -5.59032    -5.47019  0.00123319
        9889    -5.59221     -5.4702  0.00123313
        9890    -5.59347    -5.47021  0.00123307
        9891    -5.59412    -5.47023    0.001233
        9892    -5.59538    -5.47024  0.00123294
        9893     -5.5956    -5.47025  0.00123289
        9894    -5.59615    -5.47026  0.00123283
        9895    -5.59676    -5.47028  0.00123277
        9896    -5.59653    -5.47029  0.00123271
        9897    -5.59653     -5.4703  0.00123265
        9898    -5.59587    -5.47032  0.00123259
        9899    -5.59502    -5.47033  0.00123253
        9900    -5.59369    -5.47034  0.00123247
        9901    -5.59249    -5.47035  0.00123241
        9902    -5.59098    -5.47037  0.00123234
        9903    -5.58963    -5.47038  0.00123228
        9904    -5.58753    -5.47039  0.00123221
        9905     -5.5856     -5.4704  0.00123214
        9906    -5.58339    -5.47041  0.00123207
        9907     -5.5809    -5.47042  0.00123199
        9908    -5.57875    -5.47043  0.00123192
        9909    -5.57601    -5.47045  0.00123184
        9910    -5.57329    -5.47046  0.00123176
        9911    -5.57135    -5.47047  0.00123168
        9912    -5.56912    -5.47048  0.00123159
        9913    -5.56629    -5.47049  0.00123151
        9914    -5.56361    -5.47049  0.00123142
        9915    -5.56002     -5.4705  0.00123133
        9916    -5.55687    -5.47051  0.00123123
        9917     -5.5534    -5.47052  0.00123114
        9918    -5.55019    -5.47053  0.00123104
        9919    -5.54605    -5.47054  0.00123094
        9920    -5.54186    -5.47054  0.00123084
        9921    -5.53792    -5.47055  0.00123073
        9922    -5.53347    -5.47056  0.00123062
        9923    -5.52897    -5.47056  0.00123051
        9924     -5.5241    -5.47057   0.0012304
        9925    -5.51933    -5.47057  0.00123029
        9926    -5.51405    -5.47058  0.00123017
        9927    -5.50842    -5.47058  0.00123005
        9928    -5.50319    -5.47058  0.00122993
        9929    -5.49763    -5.47059  0.00122981
        9930    -5.49144    -5.47059  0.00122969
        9931    -5.48509    -5.47059  0.00122957
        9932     -5.4792    -5.47059  0.00122944
        9933    -5.47304    -5.47059  0.00122932
        9934    -5.46632    -5.47059   0.0012292
        9935    -5.45997    -5.47059  0.00122907
        9936    -5.45266    -5.47059  0.00122895
        9937    -5.44592    -5.47059  0.00122883
        9938    -5.43949    -5.47058  0.00122871
        9939    -5.43263    -5.47058  0.00122859
        9940    -5.42614    -5.47057  0.00122848
        9941    -5.41974    -5.47057  0.00122836
        9942    -5.41347    -5.47056  0.00122825
        9943    -5.40705    -5.47056  0.00122815
        9944    -5.40052    -5.47055  0.00122804
        9945    -5.39496    -5.47054  0.00122794
        9946    -5.38936    -5.47053  0.00122785
        9947    -5.38435    -5.47053  0.00122776
        9948    -5.37921    -5.47052  0.00122767
        9949    -5.37471    -5.47051  0.00122758
        9950    -5.37044     -5.4705   0.0012275
        9951    -5.36642    -5.47049  0.00122742
        9952      -5.363    -5.47048  0.00122734
        9953    -5.36018    -5.47046  0.00122727
        9954    -5.35785    -5.47045   0.0012272
        9955    -5.35572    -5.47044  0.00122713
        9956    -5.35381    -5.47043  0.00122706
        9957    -5.35275    -5.47042    0.001227
        9958    -5.35255    -5.47041  0.00122693
        9959    -5.35261    -5.47039  0.00122686
        9960    -5.35295    -5.47038   0.0012268
        9961    -5.35462    -5.47037  0.00122673
        9962    -5.35657    -5.47036  0.00122666
        9963    -5.35939    -5.47035  0.00122659
        9964    -5.36232    -5.47034  0.00122651
        9965    -5.36565    -5.47033  0.00122643
        9966    -5.36979    -5.47032  0.00122635
        9967    -5.37473    -5.47031  0.00122627
        9968    -5.37982     -5.4703  0.00122618
        9969    -5.38502    -5.47029  0.00122608
        9970    -5.39074    -5.47028  0.00122599
        9971    -5.39663    -5.47027  0.00122589
        9972    -5.40278    -5.47027  0.00122578
        9973    -5.40942    -5.47026  0.00122567
        9974    -5.41636    -5.47026  0.00122556
        9975    -5.42335    -5.47025  0.00122545
        9976     -5.4302    -5.47025  0.00122533
        9977    -5.43697    -5.47024  0.00122522
        9978    -5.44361    -5.47024   0.0012251
        9979    -5.45034    -5.47024  0.00122497
        9980    -5.45635    -5.47024  0.00122485
        9981    -5.46233    -5.47024  0.00122473
        9982    -5.46822    -5.47024  0.00122461
        9983    -5.47338    -5.47024  0.00122448
        9984     -5.4782    -5.47024  0.00122436
        9985    -5.48203    -5.47024  0.00122424
        9986    -5.48561    -5.47024  0.00122412
        9987    -5.48859    -5.47024    0.001224
        9988    -5.49065    -5.47024  0.00122388
        9989    -5.49268    -5.47025  0.00122376
        9990    -5.49362    -5.47025  0.00122364
        9991    -5.49378    -5.47025  0.00122352
        9992    -5.49344    -5.47025   0.0012234
        9993    -5.49203    -5.47026  0.00122327
        9994    -5.49061    -5.47026  0.00122315
        9995    -5.48845    -5.47026  0.00122303
        9996     -5.4859    -5.47026  0.00122291
        9997    -5.48267    -5.47026  0.00122279
        9998    -5.47866    -5.47026  0.00122267
        9999    -5.47453    -5.47026  0.00122255
       10000    -5.47062    -5.47026  0.00122242
