#     BLOCK:   ACTUAL_P:     P_AVE:       ERROR:
           1    -5.33257    -5.33257           0
           2    -5.33017    -5.33137  0.00084596
           3    -5.32626    -5.32967  0.00149963
           4    -5.32084    -5.32746   0.0022179
           5     -5.3139    -5.32475  0.00300618
           6    -5.30543    -5.32153  0.00386204
           7    -5.29543     -5.3178  0.00478225
           8     -5.2839    -5.31356  0.00576388
           9    -5.27082    -5.30881  0.00680447
          10    -5.25617    -5.30355  0.00790202
          11    -5.23995    -5.29777  0.00905491
          12    -5.22214    -5.29147   0.0102619
          13    -5.20223     -5.2846    0.011542
          14    -5.18118    -5.27721   0.0128663
          15    -5.15846     -5.2693   0.0142374
          16    -5.13311    -5.26079   0.0156869
          17    -5.10653    -5.25171   0.0171894
          18    -5.07797    -5.24206   0.0187496
          19    -5.04812    -5.23185   0.0203525
          20    -5.01599    -5.22106   0.0220115
          21    -4.98226    -5.20969   0.0237195
          22    -4.94617    -5.19771    0.025487
          23    -4.90888    -5.18515   0.0272978
          24    -4.86844    -5.17195   0.0291763
          25    -4.82623    -5.15813   0.0311143
          26    -4.78247    -5.14368   0.0331027
          27    -4.73589    -5.12857   0.0351537
          28    -4.68765    -5.11283   0.0372587
          29    -4.63675    -5.09641   0.0394249
          30    -4.58386    -5.07933   0.0416484
          31    -4.52893    -5.06157   0.0439266
          32    -4.47119    -5.04312   0.0462664
          33     -4.4113    -5.02398    0.048665
          34    -4.34897    -5.00412   0.0511231
          35    -4.28488    -4.98357   0.0536338
          36    -4.21827    -4.96231   0.0561993
          37    -4.14861    -4.94032   0.0588262
          38    -4.07633    -4.91759   0.0615154
          39    -4.00117    -4.89409   0.0642695
          40    -3.92284    -4.86981   0.0670929
          41    -3.84229    -4.84474   0.0699807
          42      -3.759    -4.81889   0.0729331
          43    -3.67346    -4.79226    0.075946
          44    -3.58517    -4.76482   0.0790197
          45    -3.49485     -4.7366   0.0821489
          46    -3.40109    -4.70757   0.0853393
          47    -3.30558    -4.67774   0.0885836
          48    -3.20766    -4.64711   0.0918801
          49     -3.1069    -4.61568     0.09523
          50    -3.00288    -4.58342   0.0986371
          51    -2.89689    -4.55035    0.102096
          52    -2.78855    -4.51647    0.105605
          53    -2.67702    -4.48177    0.109167
          54    -2.56459    -4.44626    0.112771
          55    -2.44949    -4.40996    0.116417
          56    -2.33333    -4.37287    0.120099
          57    -2.21653    -4.33504    0.123807
          58    -2.09639    -4.29645    0.127547
          59    -1.97625    -4.25712    0.131308
          60    -1.85462    -4.21708    0.135087
          61     -1.7327    -4.17635    0.138876
          62     -1.6095    -4.13495    0.142674
          63    -1.48574     -4.0929    0.146475
          64    -1.36333    -4.05025    0.150268
          65    -1.24057    -4.00703    0.154047
          66    -1.11794    -3.96325     0.15781
          67   -0.995904    -3.91896     0.16155
          68   -0.873709    -3.87418    0.165265
          69   -0.753741    -3.82896    0.168944
          70   -0.634523    -3.78332    0.172584
          71   -0.516986    -3.73732    0.176178
          72   -0.401321    -3.69098    0.179721
          73   -0.287721    -3.64436    0.183206
          74   -0.174687    -3.59748    0.186633
          75  -0.0640866    -3.55036    0.189998
          76   0.0429397    -3.50308    0.193291
          77    0.147423    -3.45567    0.196509
          78    0.249435    -3.40817    0.199649
          79    0.349052    -3.36061    0.202707
          80    0.444909    -3.31304    0.205679
          81    0.538295     -3.2655    0.208563
          82    0.628098    -3.21801    0.211356
          83    0.714171    -3.17064    0.214053
          84      0.7971     -3.1234    0.216654
          85    0.877236    -3.07634    0.219158
          86    0.952291    -3.02949    0.221559
          87     1.02264    -2.98292    0.223855
          88     1.08987    -2.93663    0.226045
          89     1.15222    -2.89069    0.228126
          90     1.21107    -2.84512    0.230098
          91     1.26565    -2.79994    0.231962
          92     1.31475    -2.75522    0.233712
          93     1.36028    -2.71097    0.235352
          94     1.40157    -2.66722    0.236879
          95     1.43938    -2.62399    0.238298
          96     1.47212    -2.58132    0.239605
          97     1.50183    -2.53923    0.240804
          98     1.52793    -2.49772    0.241897
          99     1.55033    -2.45684    0.242884
         100     1.56899    -2.41658    0.243769
         101     1.58389    -2.37697    0.244552
         102     1.59549    -2.33802    0.245236
         103     1.60427    -2.29975    0.245824
         104     1.61122    -2.26214     0.24632
         105     1.61538    -2.22521    0.246727
         106     1.61872    -2.18895     0.24705
         107     1.61834    -2.15337     0.24729
         108     1.61717    -2.11846    0.247452
         109     1.61423    -2.08421     0.24754
         110     1.61098    -2.05062    0.247559
         111     1.60713    -2.01767    0.247512
         112     1.60146    -1.98535    0.247403
         113     1.59558    -1.95366    0.247234
         114     1.59013    -1.92258    0.247012
         115     1.58455    -1.89208     0.24674
         116     1.57918    -1.86215    0.246421
         117     1.57366    -1.83279    0.246058
         118     1.56879    -1.80396    0.245656
         119     1.56295    -1.77567    0.245215
         120     1.55787    -1.74789     0.24474
         121     1.55263    -1.72061    0.244233
         122     1.54869    -1.69381    0.243697
         123     1.54534    -1.66748    0.243134
         124     1.54184     -1.6416    0.242547
         125      1.5382    -1.61616    0.241937
         126     1.53487    -1.59115    0.241306
         127     1.53206    -1.56656    0.240656
         128      1.5295    -1.54237    0.239988
         129     1.52741    -1.51857    0.239305
         130     1.52551    -1.49516    0.238607
         131     1.52423    -1.47211    0.237896
         132     1.52235    -1.44942    0.237173
         133     1.52151    -1.42709    0.236439
         134     1.51903     -1.4051    0.235695
         135     1.51731    -1.38345    0.234941
         136     1.51631    -1.36213    0.234179
         137     1.51553    -1.34113    0.233409
         138     1.51376    -1.32044    0.232633
         139     1.51268    -1.30006    0.231851
         140     1.51155    -1.27997    0.231063
         141     1.50919    -1.26019    0.230269
         142     1.50727     -1.2407    0.229471
         143     1.50605     -1.2215    0.228669
         144     1.50385    -1.20257    0.227863
         145     1.50165    -1.18392    0.227053
         146     1.50018    -1.16554    0.226241
         147     1.49824    -1.14741    0.225426
         148     1.49683    -1.12955     0.22461
         149      1.4957    -1.11193    0.223793
         150     1.49439    -1.09455    0.222974
         151     1.49265    -1.07742    0.222155
         152     1.49121    -1.06052    0.221335
         153     1.48983    -1.04385    0.220515
         154     1.48778    -1.02741    0.219695
         155     1.48623     -1.0112    0.218876
         156     1.48518   -0.995193    0.218057
         157     1.48435     -0.9794    0.217239
         158     1.48299   -0.963815    0.216422
         159     1.48156   -0.948436    0.215607
         160     1.48026   -0.933256    0.214793
         161     1.47881   -0.918275    0.213981
         162     1.47647   -0.903492     0.21317
         163     1.47368   -0.888908    0.212361
         164     1.47066   -0.874521    0.211552
         165     1.46835   -0.860321    0.210746
         166     1.46556    -0.84631    0.209942
         167      1.4613   -0.832492    0.209139
         168     1.45752   -0.818861    0.208338
         169     1.45329   -0.805416    0.207539
         170     1.44935   -0.792153    0.206741
         171     1.44574   -0.779066    0.205946
         172     1.44205   -0.766152    0.205153
         173     1.43857   -0.753408    0.204363
         174     1.43442   -0.740835    0.203575
         175     1.43111   -0.728424    0.202789
         176     1.42751   -0.716174    0.202007
         177     1.42417   -0.704082    0.201227
         178     1.42046   -0.692146     0.20045
         179     1.41861   -0.680354    0.199677
         180     1.41652   -0.668705    0.198907
         181     1.41521   -0.657191    0.198141
         182     1.41497   -0.645806    0.197379
         183     1.41414   -0.634549    0.196621
         184     1.41421   -0.623415    0.195868
         185     1.41637   -0.612389    0.195119
         186     1.41824   -0.601472    0.194375
         187     1.42149   -0.590654    0.193637
         188     1.42465   -0.579934    0.192903
         189     1.42818   -0.569309    0.192175
         190     1.43204   -0.558775    0.191452
         191     1.43714   -0.548326    0.190735
         192     1.44271   -0.537956    0.190023
         193     1.44772   -0.527667    0.189317
         194     1.45381   -0.517453    0.188616
         195     1.46113   -0.507307    0.187921
         196     1.46817   -0.497228    0.187233
         197     1.47464   -0.487218     0.18655
         198     1.48166   -0.477275    0.185872
         199     1.48796   -0.467399    0.185201
         200     1.49421   -0.457591    0.184534
         201     1.50081   -0.447848    0.183873
         202     1.50675   -0.438171    0.183217
         203     1.51245   -0.428563    0.182566
         204      1.5181    -0.41902    0.181921
         205     1.52365   -0.409544     0.18128
         206     1.52858   -0.400135    0.180644
         207     1.53332   -0.390795    0.180013
         208     1.53759   -0.381524    0.179386
         209     1.54136   -0.372323    0.178763
         210     1.54483   -0.363194    0.178145
         211     1.54723    -0.35414    0.177531
         212     1.54999   -0.345158     0.17692
         213      1.5509   -0.336257    0.176313
         214     1.55088   -0.327438     0.17571
         215     1.55062   -0.318703     0.17511
         216     1.54889   -0.310057    0.174512
         217     1.54732   -0.301497    0.173918
         218     1.54492   -0.293028    0.173326
         219     1.54212   -0.284648    0.172737
         220     1.53794   -0.276363    0.172151
         221     1.53209    -0.26818    0.171566
         222     1.52648   -0.260096    0.170983
         223     1.51915   -0.252118    0.170403
         224     1.51107   -0.244246    0.169824
         225     1.50125   -0.236489    0.169246
         226     1.49067   -0.228846     0.16867
         227     1.47981   -0.221319    0.168094
         228     1.46824   -0.213909     0.16752
         229     1.45502   -0.206621    0.166947
         230      1.4407   -0.199459    0.166375
         231      1.4263   -0.192421    0.165804
         232     1.41119   -0.185509    0.165233
         233     1.39424   -0.178729    0.164663
         234     1.37677   -0.172081    0.164093
         235     1.35912   -0.165565    0.163524
         236     1.34117   -0.159181    0.162956
         237     1.32327   -0.152926    0.162389
         238     1.30555   -0.146798    0.161822
         239     1.28789   -0.140795    0.161256
         240     1.27062   -0.134914    0.160691
         241     1.25314   -0.129154    0.160128
         242     1.23603   -0.123513    0.159565
         243      1.2189   -0.117989    0.159004
         244     1.20328   -0.112574    0.158445
         245     1.18756   -0.107267    0.157887
         246     1.17324   -0.102062    0.157331
         247     1.15868  -0.0969576    0.156777
         248     1.14538  -0.0919482    0.156225
         249     1.13336  -0.0870273    0.155675
         250     1.12215  -0.0821906    0.155127
         251     1.11201  -0.0774328    0.154582
         252     1.10197  -0.0727526    0.154039
         253     1.09203  -0.0681487    0.153499
         254     1.08433  -0.0636114    0.152962
         255     1.07764  -0.0591359    0.152428
         256     1.07099  -0.0547214    0.151896
         257      1.0653  -0.0503633    0.151368
         258     1.05933  -0.0460622    0.150842
         259      1.0545  -0.0418129    0.150319
         260     1.05052  -0.0376116      0.1498
         261     1.04711  -0.0334556    0.149284
         262     1.04375  -0.0293441    0.148771
         263     1.04209  -0.0252703    0.148261
         264      1.0404  -0.0212336    0.147754
         265     1.03937  -0.0172314    0.147251
         266     1.03872  -0.0132616    0.146751
         267     1.03794  -0.0093245    0.146254
         268     1.03724 -0.00541942     0.14576
         269     1.03682 -0.00154492     0.14527
         270     1.03667  0.00230031    0.144783
         271     1.03723  0.00611924    0.144299
         272     1.03729  0.00991029    0.143818
         273     1.03778   0.0136754     0.14334
         274     1.03918   0.0174181    0.142866
         275     1.04026   0.0211375    0.142395
         276     1.04127   0.0248337    0.141927
         277     1.04314   0.0285098    0.141462
         278     1.04516   0.0321669    0.141001
         279     1.04756   0.0358063    0.140542
         280     1.04987   0.0394279    0.140087
         281     1.05088   0.0430274    0.139635
         282     1.05277    0.046608    0.139185
         283     1.05458   0.0501698    0.138739
         284     1.05705   0.0537151    0.138296
         285     1.06043   0.0572474    0.137856
         286     1.06376   0.0607667    0.137419
         287     1.06707    0.064273    0.136985
         288     1.07109   0.0677689    0.136554
         289     1.07464   0.0712528    0.136126
         290     1.07821   0.0747251      0.1357
         291     1.08208   0.0781868    0.135278
         292     1.08625   0.0816391    0.134859
         293      1.0917   0.0850864    0.134443
         294      1.0963   0.0885259     0.13403
         295     1.10196   0.0919613    0.133619
         296     1.10776   0.0953931    0.133212
         297     1.11467    0.098825    0.132808
         298     1.12148    0.102257    0.132406
         299     1.12771    0.105686    0.132008
         300     1.13507    0.109118    0.131612
         301     1.14379    0.112555     0.13122
         302     1.15314    0.116001    0.130831
         303      1.1619    0.119452    0.130444
         304     1.17007    0.122908    0.130061
         305     1.17955    0.126373    0.129681
         306     1.18936    0.129847    0.129304
         307     1.19876    0.133328    0.128929
         308      1.2094    0.136822    0.128558
         309     1.21909    0.140325     0.12819
         310     1.22973    0.143839    0.127824
         311     1.24081    0.147366    0.127462
         312     1.25231    0.150908    0.127103
         313     1.26298    0.154461    0.126746
         314     1.27522     0.15803    0.126393
         315     1.28708    0.161614    0.126042
         316     1.29902    0.165214    0.125695
         317     1.31031    0.168826     0.12535
         318     1.32189    0.172452    0.125008
         319     1.33375    0.176092     0.12467
         320     1.34614    0.179749    0.124334
         321     1.35785    0.183419       0.124
         322     1.36888      0.1871     0.12367
         323     1.38043    0.190795    0.123342
         324     1.39204    0.194502    0.123017
         325     1.40418    0.198224    0.122695
         326     1.41615     0.20196    0.122376
         327     1.42866    0.205712    0.122059
         328     1.44004    0.209475    0.121745
         329     1.45268    0.213254    0.121433
         330     1.46418    0.217044    0.121124
         331     1.47693    0.220851    0.120818
         332     1.48876     0.22467    0.120515
         333     1.50132    0.228504    0.120214
         334      1.5129    0.232349    0.119915
         335     1.52564     0.23621    0.119619
         336     1.53804    0.240084    0.119326
         337     1.55054    0.243973    0.119035
         338     1.56237    0.247873    0.118747
         339     1.57515    0.251789    0.118461
         340     1.58665    0.255715    0.118178
         341     1.59777     0.25965    0.117897
         342     1.60916    0.263596    0.117618
         343     1.61858    0.267547    0.117342
         344     1.62791    0.271501    0.117067
         345     1.63658    0.275458    0.116795
         346     1.64381    0.279413    0.116524
         347     1.65073    0.283365    0.116255
         348     1.65706    0.287312    0.115988
         349     1.66346    0.291255    0.115723
         350     1.66772    0.295188    0.115459
         351     1.67196     0.29911    0.115197
         352     1.67398    0.303016    0.114936
         353     1.67618    0.306906    0.114676
         354     1.67637    0.310775    0.114417
         355     1.67551    0.314619    0.114159
         356      1.6743    0.318438    0.113903
         357     1.67132    0.322228    0.113647
         358      1.6673    0.325985    0.113391
         359     1.66227    0.329707    0.113136
         360     1.65649    0.333393    0.112882
         361     1.64977    0.337039    0.112628
         362     1.64238    0.340645    0.112375
         363     1.63438    0.344209    0.112122
         364     1.62485    0.347727    0.111869
         365     1.61506      0.3512    0.111616
         366     1.60434    0.354623    0.111364
         367     1.59324    0.357998    0.111112
         368     1.58062    0.361321    0.110859
         369     1.56873    0.364593    0.110607
         370     1.55594    0.367813    0.110355
         371     1.54305     0.37098    0.110103
         372     1.52988    0.374096    0.109851
         373     1.51651    0.377159    0.109599
         374     1.50324    0.380169    0.109348
         375     1.48941    0.383127    0.109096
         376     1.47604    0.386034    0.108845
         377     1.46344    0.388892    0.108594
         378     1.44949    0.391698    0.108342
         379     1.43617    0.394454    0.108092
         380     1.42328    0.397161    0.107841
         381     1.41039     0.39982    0.107591
         382     1.39753    0.402432    0.107341
         383      1.3845    0.404996    0.107091
         384     1.37206    0.407515    0.106842
         385     1.35999    0.409989    0.106593
         386     1.34928    0.412422    0.106345
         387     1.33805    0.414814    0.106097
         388     1.32751    0.417166    0.105849
         389     1.31768    0.419481    0.105603
         390     1.30812     0.42176    0.105356
         391     1.29957    0.424005    0.105111
         392     1.29085    0.426216    0.104866
         393     1.28318    0.428397    0.104622
         394     1.27589    0.430548    0.104378
         395     1.26948    0.432672    0.104136
         396     1.26324    0.434769    0.103894
         397     1.25771    0.436842    0.103653
         398     1.25241    0.438891    0.103413
         399     1.24812    0.440919    0.103173
         400     1.24508     0.44293    0.102935
         401     1.24357    0.444926    0.102698
         402     1.24241     0.44691    0.102461
         403     1.24209    0.448883    0.102226
         404     1.24238    0.450847    0.101992
         405     1.24304    0.452803    0.101759
         406     1.24552    0.454756    0.101527
         407     1.24835    0.456706    0.101296
         408     1.25248    0.458656    0.101067
         409     1.25641    0.460607    0.100839
         410     1.26106    0.462559    0.100611
         411     1.26684    0.464516    0.100386
         412     1.27297    0.466478    0.100161
         413     1.27934    0.468446   0.0999381
         414     1.28683    0.470423   0.0997162
         415     1.29413    0.472408   0.0994957
         416     1.30231    0.474403   0.0992765
         417     1.31031    0.476407   0.0990587
         418     1.31775     0.47842   0.0988421
         419     1.32501    0.480441   0.0986269
         420     1.33076    0.482465   0.0984128
         421     1.33731    0.484496      0.0982
         422     1.34288     0.48653   0.0979884
         423      1.3486    0.488568   0.0977779
         424     1.35346    0.490608   0.0975686
         425     1.35766    0.492648   0.0973603
         426     1.36118    0.494687   0.0971531
         427     1.36429    0.496723    0.096947
         428     1.36699    0.498756   0.0967418
         429     1.36888    0.500785   0.0965375
         430     1.37024    0.502807   0.0963342
         431     1.37045     0.50482   0.0961317
         432      1.3708    0.506824   0.0959301
         433     1.37114     0.50882   0.0957293
         434     1.37111    0.510807   0.0955293
         435     1.37176    0.512787   0.0953302
         436     1.37175    0.514757   0.0951319
         437     1.37213    0.516719   0.0949345
         438     1.37227    0.518672   0.0947378
         439     1.37369     0.52062    0.094542
         440     1.37525    0.522562   0.0943471
         441     1.37722      0.5245   0.0941531
         442      1.3799    0.526435     0.09396
         443     1.38281    0.528368   0.0937677
         444     1.38572    0.530299   0.0935764
         445      1.3896     0.53223   0.0933861
         446     1.39346    0.534161   0.0931966
         447       1.398    0.536094   0.0930082
         448     1.40272    0.538028   0.0928207
         449     1.40877    0.539968   0.0926342
         450     1.41466    0.541911   0.0924488
         451     1.42084     0.54386   0.0922643
         452     1.42796    0.545816   0.0920809
         453     1.43429    0.547777   0.0918985
         454     1.44123    0.549745   0.0917172
         455       1.448     0.55172   0.0915368
         456      1.4548      0.5537   0.0913575
         457     1.46134    0.555686   0.0911792
         458     1.46829    0.557679   0.0910019
         459     1.47513    0.559677   0.0908256
         460     1.48183    0.561682   0.0906503
         461     1.48787    0.563691   0.0904759
         462     1.49394    0.565705   0.0903025
         463     1.49879     0.56772   0.0901299
         464     1.50481     0.56974   0.0899583
         465      1.5098    0.571761   0.0897875
         466      1.5142    0.573784   0.0896176
         467     1.51799    0.575806   0.0894485
         468     1.52162    0.577827   0.0892802
         469     1.52576    0.579848   0.0891127
         470     1.52918    0.581868    0.088946
         471     1.53234    0.583886   0.0887801
         472     1.53447      0.5859   0.0886148
         473     1.53603    0.587908   0.0884502
         474     1.53651     0.58991   0.0882863
         475     1.53685    0.591903   0.0881229
         476     1.53656    0.593888   0.0879601
         477     1.53564    0.595862   0.0877979
         478     1.53362    0.597824   0.0876361
         479     1.53148    0.599773   0.0874748
         480     1.52901    0.601709    0.087314
         481     1.52531    0.603629   0.0871536
         482     1.52163    0.605534   0.0869936
         483     1.51683     0.60742   0.0868339
         484     1.51148    0.609288   0.0866746
         485     1.50688    0.611139   0.0865157
         486     1.50144    0.612971    0.086357
         487     1.49646    0.614785   0.0861988
         488     1.49252    0.616584   0.0860409
         489     1.48757    0.618365   0.0858834
         490     1.48314     0.62013   0.0857262
         491     1.47887    0.621879   0.0855695
         492      1.4753    0.623613   0.0854131
         493      1.4718    0.625334   0.0852572
         494      1.4699    0.627043   0.0851018
         495     1.46918    0.628745   0.0849468
         496     1.46825    0.630437   0.0847924
         497     1.46789    0.632122   0.0846386
         498     1.46837    0.633801   0.0844853
         499     1.46997    0.635477   0.0843326
         500     1.47198     0.63715   0.0841805
         501     1.47491    0.638822   0.0840291
         502     1.47924    0.640496   0.0838784
         503     1.48354    0.642172   0.0837284
         504     1.48972    0.643854   0.0835791
         505     1.49682    0.645543   0.0834307
         506     1.50554    0.647243   0.0832831
         507     1.51465    0.648954   0.0831364
         508     1.52387    0.650676   0.0829906
         509     1.53366    0.652411   0.0828457
         510      1.5442    0.654159   0.0827017
         511     1.55618    0.655924   0.0825587
         512     1.56904    0.657708   0.0824167
         513       1.582     0.65951   0.0822757
         514     1.59524     0.66133   0.0821358
         515     1.60939    0.663171   0.0819969
         516     1.62318    0.665031   0.0818591
         517       1.637    0.666911   0.0817224
         518     1.65294    0.668815   0.0815868
         519     1.66827    0.670741   0.0814523
         520     1.68387    0.672689    0.081319
         521     1.69918    0.674659   0.0811867
         522     1.71318    0.676649   0.0810556
         523     1.72771    0.678658   0.0809255
         524     1.74248    0.680689   0.0807965
         525      1.7572    0.682739   0.0806687
         526     1.77063    0.684807   0.0805418
         527     1.78419    0.686894    0.080416
         528     1.79736    0.688997   0.0802912
         529     1.81038    0.691117   0.0801674
         530     1.82276    0.693252   0.0800446
         531     1.83545    0.695403   0.0799227
         532     1.84726    0.697568   0.0798018
         533     1.85938    0.699748   0.0796818
         534     1.87037     0.70194   0.0795628
         535     1.87999    0.704142   0.0794445
         536     1.88944    0.706353   0.0793271
         537     1.89942    0.708575   0.0792105
         538     1.90897    0.710806   0.0790946
         539     1.91782    0.713045   0.0789796
         540     1.92666    0.715293   0.0788653
         541     1.93353    0.717545   0.0787517
         542     1.94079    0.719802   0.0786387
         543     1.94722    0.722062   0.0785264
         544     1.95251    0.724324   0.0784146
         545     1.95733    0.726586   0.0783033
         546     1.96164    0.728848   0.0781926
         547     1.96466    0.731108   0.0780823
         548     1.96683    0.733363   0.0779723
         549     1.96835    0.735612   0.0778628
         550     1.96869    0.737854   0.0777535
         551     1.96855    0.740088   0.0776444
         552     1.96693     0.74231   0.0775356
         553     1.96454     0.74452   0.0774268
         554     1.96112    0.746716   0.0773182
         555     1.95786    0.748899   0.0772097
         556     1.95286    0.751064   0.0771012
         557     1.94684    0.753211   0.0769927
         558     1.93957    0.755337    0.076884
         559     1.93084     0.75744   0.0767752
         560     1.92091    0.759517   0.0766662
         561     1.91077    0.761569    0.076557
         562     1.89975    0.763595   0.0764476
         563     1.88836    0.765593   0.0763379
         564     1.87592    0.767561    0.076228
         565     1.86297      0.7695   0.0761177
         566     1.84905    0.771407   0.0760071
         567     1.83399    0.773281   0.0758961
         568     1.81854    0.775122   0.0757848
         569     1.80204    0.776926   0.0756731
         570     1.78572    0.778696   0.0755611
         571     1.76842     0.78043   0.0754486
         572     1.75117    0.782127   0.0753358
         573     1.73374    0.783787   0.0752226
         574     1.71545     0.78541   0.0751091
         575     1.69658    0.786995   0.0749952
         576     1.67765    0.788541   0.0748809
         577     1.65891     0.79005   0.0747663
         578     1.63895    0.791518   0.0746514
         579     1.61898    0.792948   0.0745361
         580     1.59855    0.794337   0.0744206
         581     1.57741    0.795684   0.0743047
         582     1.55678    0.796992   0.0741885
         583     1.53619     0.79826   0.0740721
         584     1.51491    0.799487   0.0739554
         585     1.49317    0.800673   0.0738385
         586     1.47098    0.801817   0.0737214
         587     1.44905    0.802919    0.073604
         588     1.42715    0.803981   0.0734865
         589     1.40526    0.805002   0.0733688
         590     1.38267    0.805981    0.073251
         591     1.36083     0.80692   0.0731331
         592     1.33879    0.807818   0.0730151
         593     1.31584    0.808675    0.072897
         594     1.29298     0.80949   0.0727788
         595     1.26999    0.810264   0.0726606
         596     1.24644    0.810996   0.0725424
         597     1.22285    0.811686   0.0724241
         598     1.19953    0.812335   0.0723059
         599     1.17677    0.812943   0.0721878
         600     1.15369    0.813511   0.0720697
         601     1.13109    0.814039   0.0719517
         602     1.10856    0.814529   0.0718339
         603     1.08643    0.814979   0.0717161
         604      1.0643    0.815392   0.0715986
         605     1.04345    0.815769   0.0714812
         606     1.02229     0.81611   0.0713641
         607     1.00353    0.816419   0.0712472
         608    0.985324    0.816697   0.0711306
         609    0.967501    0.816944   0.0710142
         610    0.951325    0.817164   0.0708981
         611    0.935403    0.817358   0.0707823
         612    0.921226    0.817528   0.0706669
         613    0.907386    0.817674   0.0705518
         614    0.894875      0.8178    0.070437
         615    0.883469    0.817907   0.0703225
         616     0.87318    0.817997   0.0702084
         617    0.864008    0.818071   0.0700947
         618     0.85498    0.818131   0.0699813
         619    0.847768    0.818179   0.0698682
         620    0.841868    0.818217   0.0697556
         621    0.835319    0.818244   0.0696432
         622     0.83121    0.818265   0.0695313
         623    0.828053    0.818281   0.0694197
         624    0.826279    0.818294   0.0693084
         625     0.82487    0.818304   0.0691975
         626    0.824248    0.818314    0.069087
         627    0.825311    0.818325   0.0689768
         628    0.824867    0.818335    0.068867
         629    0.826457    0.818348   0.0687575
         630    0.827374    0.818363   0.0686483
         631    0.829237     0.81838   0.0685395
         632    0.831745    0.818401   0.0684311
         633    0.834355    0.818426    0.068323
         634    0.837976    0.818457   0.0682152
         635    0.841595    0.818493   0.0681078
         636    0.845649    0.818536   0.0680008
         637    0.850338    0.818586    0.067894
         638    0.854666    0.818643   0.0677876
         639    0.858123    0.818704   0.0676816
         640     0.86237    0.818773   0.0675759
         641    0.866668    0.818847   0.0674705
         642     0.87124    0.818929   0.0673654
         643    0.875832    0.819018   0.0672607
         644    0.879953    0.819112   0.0671563
         645     0.88335    0.819212   0.0670523
         646    0.888666    0.819319   0.0669486
         647    0.893962    0.819435   0.0668452
         648    0.898504    0.819557   0.0667422
         649    0.903249    0.819686   0.0666395
         650    0.907702    0.819821   0.0665371
         651     0.91256    0.819963    0.066435
         652    0.915639     0.82011   0.0663333
         653    0.918842    0.820261   0.0662319
         654    0.922146    0.820417   0.0661308
         655    0.924561    0.820576     0.06603
         656     0.92823     0.82074   0.0659296
         657    0.931926     0.82091   0.0658294
         658    0.935381    0.821083   0.0657296
         659    0.937614     0.82126   0.0656301
         660    0.939574     0.82144   0.0655309
         661    0.941968    0.821622    0.065432
         662    0.944074    0.821807   0.0653334
         663    0.945176    0.821993   0.0652352
         664    0.946489     0.82218   0.0651372
         665    0.947549    0.822369   0.0650395
         666    0.947899    0.822557   0.0649421
         667    0.949018    0.822747    0.064845
         668    0.949977    0.822938   0.0647483
         669    0.950341    0.823128   0.0646517
         670    0.950397    0.823318   0.0645555
         671    0.951157    0.823508   0.0644596
         672    0.951707    0.823699    0.064364
         673    0.952098     0.82389   0.0642686
         674      0.9531    0.824082   0.0641735
         675    0.954274    0.824275   0.0640788
         676    0.955662    0.824469   0.0639843
         677    0.956337    0.824664     0.06389
         678    0.956812    0.824859   0.0637961
         679    0.959274    0.825057   0.0637025
         680    0.961337    0.825257   0.0636091
         681    0.963254     0.82546    0.063516
         682    0.965032    0.825664   0.0634232
         683    0.967872    0.825872   0.0633307
         684    0.970806    0.826084   0.0632385
         685    0.974548    0.826301   0.0631465
         686    0.978594    0.826523   0.0630549
         687    0.983164    0.826751   0.0629635
         688    0.988954    0.826987   0.0628724
         689    0.994488     0.82723   0.0627816
         690    0.999011    0.827479   0.0626911
         691     1.00393    0.827734   0.0626009
         692     1.00969    0.827997    0.062511
         693     1.01528    0.828268   0.0624214
         694     1.02067    0.828545   0.0623321
         695     1.02629    0.828829    0.062243
         696     1.03113     0.82912   0.0621543
         697     1.03612    0.829417   0.0620658
         698     1.04168    0.829721   0.0619776
         699     1.04707    0.830032   0.0618898
         700       1.052    0.830349   0.0618022
         701     1.05691    0.830672   0.0617148
         702     1.06082       0.831   0.0616278
         703     1.06563    0.831334    0.061541
         704      1.0689    0.831671   0.0614545
         705     1.07158    0.832012   0.0613683
         706     1.07488    0.832356   0.0612824
         707     1.07709    0.832702   0.0611967
         708      1.0799    0.833051   0.0611112
         709     1.08188    0.833402    0.061026
         710     1.08352    0.833754   0.0609411
         711     1.08411    0.834106   0.0608564
         712     1.08513    0.834459   0.0607719
         713     1.08492     0.83481   0.0606877
         714      1.0847     0.83516   0.0606037
         715     1.08429    0.835509     0.06052
         716     1.08516    0.835857   0.0604365
         717      1.0847    0.836204   0.0603532
         718     1.08392    0.836549   0.0602701
         719      1.0836    0.836893   0.0601872
         720     1.08354    0.837235   0.0601046
         721      1.0828    0.837576   0.0600222
         722     1.08265    0.837916   0.0599401
         723      1.0824    0.838254   0.0598581
         724     1.08258    0.838591   0.0597764
         725     1.08297    0.838928   0.0596949
         726     1.08362    0.839265   0.0596136
         727      1.0843    0.839602   0.0595326
         728     1.08529     0.83994   0.0594517
         729     1.08685    0.840278   0.0593712
         730     1.08876    0.840619   0.0592908
         731     1.09103    0.840961   0.0592107
         732      1.0939    0.841307   0.0591308
         733     1.09666    0.841655   0.0590512
         734     1.10004    0.842007   0.0589718
         735     1.10402    0.842364   0.0588926
         736     1.10788    0.842725   0.0588137
         737      1.1128    0.843091    0.058735
         738     1.11757    0.843463   0.0586566
         739     1.12265    0.843841   0.0585785
         740       1.128    0.844225   0.0585006
         741     1.13384    0.844616   0.0584229
         742     1.13893    0.845012   0.0583455
         743     1.14491    0.845416   0.0582684
         744     1.15076    0.845826   0.0581915
         745     1.15693    0.846244   0.0581149
         746     1.16288    0.846668   0.0580386
         747     1.16926      0.8471   0.0579625
         748     1.17552    0.847539   0.0578866
         749     1.18161    0.847985   0.0578111
         750     1.18672    0.848437   0.0577358
         751     1.19176    0.848894   0.0576607
         752     1.19712    0.849357   0.0575859
         753      1.2013    0.849825   0.0575113
         754     1.20518    0.850296    0.057437
         755     1.20799     0.85077   0.0573628
         756     1.20989    0.851245   0.0572889
         757     1.21179    0.851721   0.0572152
         758     1.21294    0.852197   0.0571417
         759     1.21281    0.852673   0.0570684
         760     1.21212    0.853146   0.0569953
         761     1.20938    0.853614   0.0569223
         762     1.20824    0.854079   0.0568495
         763     1.20532    0.854539   0.0567769
         764     1.20043    0.854992   0.0567044
         765     1.19578    0.855438    0.056632
         766     1.19118    0.855876   0.0565597
         767     1.18527    0.856305   0.0564876
         768     1.17883    0.856725   0.0564156
         769     1.17267    0.857136   0.0563438
         770     1.16473    0.857536    0.056272
         771     1.15773    0.857925   0.0562004
         772     1.15057    0.858304   0.0561289
         773     1.14335    0.858673   0.0560575
         774      1.1359    0.859031   0.0559862
         775     1.12903    0.859379    0.055915
         776     1.12136    0.859717    0.055844
         777     1.11441    0.860045   0.0557731
         778     1.10823    0.860364   0.0557023
         779     1.10119    0.860673   0.0556317
         780     1.09597    0.860975   0.0555612
         781     1.09067    0.861269   0.0554908
         782     1.08603    0.861556   0.0554206
         783      1.0811    0.861836   0.0553505
         784     1.07733    0.862111   0.0552806
         785     1.07375    0.862381   0.0552108
         786     1.07034    0.862646   0.0551412
         787     1.06734    0.862906   0.0550718
         788     1.06472    0.863162   0.0550025
         789     1.06294    0.863415   0.0549333
         790     1.06029    0.863664   0.0548644
         791     1.05819     0.86391   0.0547956
         792     1.05732    0.864154   0.0547269
         793     1.05646    0.864397   0.0546584
         794     1.05558    0.864638   0.0545901
         795     1.05392    0.864876    0.054522
         796     1.05314    0.865112    0.054454
         797     1.05272    0.865348   0.0543862
         798     1.05239    0.865582   0.0543185
         799     1.05259    0.865816   0.0542511
         800     1.05185    0.866049   0.0541837
         801     1.05158     0.86628   0.0541166
         802     1.05102    0.866511   0.0540496
         803     1.05012    0.866739   0.0539828
         804     1.04934    0.866966   0.0539161
         805      1.0496    0.867193   0.0538496
         806     1.04918    0.867419   0.0537833
         807     1.04876    0.867644   0.0537171
         808      1.0471    0.867866   0.0536511
         809     1.04611    0.868086   0.0535852
         810     1.04431    0.868304   0.0535195
         811     1.04217    0.868518   0.0534539
         812     1.03966    0.868729   0.0533885
         813     1.03653    0.868935   0.0533233
         814     1.03206    0.869136   0.0532581
         815     1.02816    0.869331   0.0531931
         816     1.02462    0.869521   0.0531283
         817     1.02071    0.869706   0.0530636
         818     1.01525    0.869884    0.052999
         819     1.01018    0.870055   0.0529346
         820     1.00482     0.87022   0.0528703
         821    0.998474    0.870376   0.0528061
         822    0.992611    0.870525   0.0527421
         823    0.986305    0.870665   0.0526782
         824    0.980075    0.870798   0.0526144
         825    0.973472    0.870923   0.0525508
         826     0.96701    0.871039   0.0524873
         827    0.960483    0.871147   0.0524239
         828    0.953678    0.871247   0.0523607
         829    0.946621    0.871338   0.0522976
         830    0.939574     0.87142   0.0522347
         831    0.932554    0.871493   0.0521719
         832     0.92582    0.871559   0.0521092
         833    0.919145    0.871616   0.0520467
         834    0.912294    0.871665   0.0519843
         835    0.906239    0.871706   0.0519221
         836     0.90026     0.87174     0.05186
         837    0.893152    0.871766    0.051798
         838    0.887077    0.871784   0.0517362
         839    0.880342    0.871794   0.0516746
         840    0.873184    0.871796    0.051613
         841      0.8668     0.87179   0.0515517
         842    0.860219    0.871776   0.0514904
         843    0.854398    0.871756   0.0514294
         844    0.848364    0.871728   0.0513684
         845    0.842595    0.871693   0.0513077
         846    0.836604    0.871652    0.051247
         847    0.830631    0.871603   0.0511866
         848    0.825157    0.871549   0.0511262
         849    0.819224    0.871487    0.051066
         850    0.813321    0.871419    0.051006
         851    0.806975    0.871343   0.0509461
         852    0.801405    0.871261   0.0508864
         853    0.795663    0.871172   0.0508268
         854    0.790249    0.871077   0.0507674
         855    0.784224    0.870976   0.0507081
         856     0.77833    0.870868    0.050649
         857    0.773075    0.870753     0.05059
         858    0.768246    0.870634   0.0505312
         859     0.76387     0.87051   0.0504725
         860    0.759252     0.87038    0.050414
         861    0.755153    0.870247   0.0503556
         862    0.750152    0.870107   0.0502974
         863    0.746204    0.869964   0.0502393
         864    0.742614    0.869816   0.0501814
         865    0.739891    0.869666   0.0501236
         866    0.737342    0.869513    0.050066
         867    0.734985    0.869358   0.0500085
         868    0.733323    0.869201   0.0499511
         869    0.732614    0.869044   0.0498939
         870    0.731914    0.868887   0.0498368
         871    0.732676     0.86873   0.0497798
         872     0.73323    0.868575   0.0497229
         873    0.734302    0.868421   0.0496662
         874    0.735661    0.868269   0.0496096
         875    0.737309    0.868119   0.0495532
         876    0.738763    0.867972   0.0494968
         877    0.741229    0.867827   0.0494406
         878    0.745183    0.867688   0.0493845
         879    0.749415    0.867553   0.0493285
         880    0.753196    0.867423   0.0492726
         881    0.758684      0.8673   0.0492168
         882    0.764665    0.867183   0.0491611
         883    0.771132    0.867074   0.0491056
         884    0.777349    0.866973   0.0490501
         885    0.784265    0.866879   0.0489948
         886    0.791867    0.866795   0.0489396
         887    0.798214    0.866718   0.0488845
         888    0.806904     0.86665   0.0488295
         889    0.816239    0.866593   0.0487746
         890    0.825485    0.866547   0.0487198
         891    0.834143    0.866511   0.0486651
         892    0.843164    0.866485   0.0486106
         893    0.853264     0.86647   0.0485561
         894    0.863468    0.866467   0.0485018
         895    0.874249    0.866475   0.0484476
         896    0.884878    0.866496   0.0483936
         897    0.896553    0.866529   0.0483396
         898    0.908307    0.866576   0.0482858
         899    0.920617    0.866636   0.0482322
         900    0.933244     0.86671   0.0481786
         901    0.945221    0.866797   0.0481252
         902    0.958481    0.866899    0.048072
         903    0.971339    0.867014   0.0480189
         904    0.984527    0.867144   0.0479659
         905     0.99878     0.86729   0.0479132
         906     1.01266     0.86745   0.0478605
         907     1.02738    0.867627   0.0478081
         908     1.04296     0.86782   0.0477558
         909      1.0587     0.86803   0.0477038
         910     1.07532    0.868257   0.0476519
         911     1.09165    0.868503   0.0476002
         912     1.10819    0.868766   0.0475487
         913     1.12544    0.869047   0.0474975
         914     1.14342    0.869347   0.0474465
         915     1.16287    0.869668   0.0473957
         916     1.18213    0.870009   0.0473452
         917      1.2017     0.87037   0.0472949
         918     1.22137    0.870753    0.047245
         919     1.24141    0.871156   0.0471953
         920     1.26303    0.871582   0.0471459
         921     1.28553    0.872032   0.0470969
         922     1.30845    0.872505   0.0470481
         923     1.33205    0.873003   0.0469998
         924     1.35632    0.873526   0.0469519
         925     1.38105    0.874075   0.0469043
         926     1.40623    0.874649   0.0468572
         927     1.43232    0.875251   0.0468105
         928      1.4598    0.875881   0.0467643
         929     1.48743    0.876539   0.0467186
         930     1.51445    0.877225   0.0466734
         931     1.54177    0.877939   0.0466287
         932     1.57029    0.878682   0.0465846
         933     1.59993    0.879455   0.0465411
         934      1.6294    0.880258   0.0464982
         935     1.65857     0.88109   0.0464559
         936     1.68829    0.881952   0.0464143
         937     1.71744    0.882844   0.0463733
         938     1.74708    0.883765    0.046333
         939     1.77606    0.884716   0.0462934
         940      1.8054    0.885695   0.0462545
         941     1.83418    0.886703   0.0462163
         942     1.86101    0.887737   0.0461789
         943     1.88615    0.888796    0.046142
         944     1.91037    0.889878   0.0461058
         945     1.93274    0.890982   0.0460702
         946     1.95307    0.892105   0.0460352
         947     1.97166    0.893245   0.0460007
         948      1.9881    0.894399   0.0459667
         949     2.00295    0.895568   0.0459331
         950     2.01511    0.896746   0.0458999
         951     2.02449    0.897932   0.0458669
         952     2.03098    0.899122   0.0458342
         953     2.03475    0.900314   0.0458016
         954     2.03601    0.901504    0.045769
         955     2.03399     0.90269   0.0457365
         956      2.0292    0.903868   0.0457038
         957     2.02237    0.905037    0.045671
         958     2.01211    0.906193   0.0456379
         959     1.99921    0.907332   0.0456046
         960     1.98378    0.908454   0.0455708
         961     1.96594    0.909554   0.0455367
         962     1.94656    0.910632   0.0455021
         963     1.92484    0.911685   0.0454671
         964     1.90075    0.912711   0.0454315
         965     1.87523    0.913709   0.0453953
         966     1.84873    0.914677   0.0453587
         967     1.82125    0.915614   0.0453214
         968     1.79235     0.91652   0.0452837
         969     1.76225    0.917393   0.0452454
         970     1.73123    0.918232   0.0452065
         971     1.70096    0.919038   0.0451671
         972     1.67049    0.919811   0.0451273
         973     1.64003    0.920551    0.045087
         974     1.61075     0.92126   0.0450462
         975      1.5826    0.921938   0.0450051
         976     1.55455    0.922586   0.0449637
         977     1.52697    0.923205   0.0449219
         978      1.5005    0.923795   0.0448799
         979      1.4757    0.924359   0.0448376
         980     1.45076    0.924896    0.044795
         981     1.42816    0.925409   0.0447523
         982     1.40746      0.9259   0.0447094
         983     1.38753    0.926369   0.0446664
         984     1.36935     0.92682   0.0446233
         985     1.35246    0.927252   0.0445801
         986     1.33786    0.927668   0.0445368
         987     1.32433     0.92807   0.0444935
         988     1.31308     0.92846   0.0444502
         989     1.30217    0.928838   0.0444068
         990     1.29351    0.929206   0.0443635
         991      1.2861    0.929566   0.0443202
         992     1.27944    0.929919   0.0442769
         993      1.2749    0.930266   0.0442337
         994     1.27244     0.93061   0.0441905
         995     1.27102    0.930953   0.0441474
         996     1.27106    0.931294   0.0441044
         997     1.27151    0.931635   0.0440615
         998     1.27298    0.931977   0.0440187
         999     1.27513    0.932321    0.043976
        1000     1.27906    0.932668   0.0439334
        1001      1.2832    0.933018   0.0438909
        1002     1.28793    0.933372   0.0438485
        1003     1.29335    0.933731   0.0438063
        1004     1.29933    0.934095   0.0437641
        1005     1.30456    0.934464   0.0437221
        1006     1.31036    0.934837   0.0436803
        1007     1.31566    0.935215   0.0436385
        1008     1.32107    0.935598   0.0435969
        1009     1.32652    0.935986   0.0435554
        1010     1.33071    0.936376   0.0435141
        1011     1.33551    0.936771   0.0434728
        1012     1.33968    0.937169   0.0434317
        1013     1.34392    0.937571   0.0433907
        1014     1.34725    0.937975   0.0433498
        1015     1.35066    0.938382    0.043309
        1016      1.3537     0.93879   0.0432683
        1017     1.35664    0.939201   0.0432277
        1018     1.35812    0.939613   0.0431872
        1019     1.35989    0.940025   0.0431467
        1020     1.36156    0.940438   0.0431064
        1021     1.36252    0.940852   0.0430662
        1022     1.36503    0.941267    0.043026
        1023     1.36704    0.941683    0.042986
        1024     1.36963    0.942101   0.0429461
        1025     1.37219    0.942521   0.0429062
        1026     1.37626    0.942943   0.0428665
        1027     1.37978    0.943369   0.0428268
        1028     1.38475    0.943798   0.0427873
        1029     1.39079    0.944232    0.042748
        1030     1.39746    0.944672   0.0427087
        1031      1.4053    0.945119   0.0426696
        1032     1.41386    0.945573   0.0426307
        1033     1.42388    0.946036   0.0425919
        1034     1.43487    0.946509   0.0425534
        1035     1.44585    0.946992    0.042515
        1036     1.45798    0.947485   0.0424768
        1037      1.4712     0.94799   0.0424389
        1038     1.48568    0.948508   0.0424011
        1039     1.50085     0.94904   0.0423637
        1040     1.51612    0.949585   0.0423264
        1041     1.53211    0.950144   0.0422895
        1042     1.54844    0.950719   0.0422528
        1043     1.56499    0.951308   0.0422164
        1044     1.58161    0.951911   0.0421803
        1045     1.59671    0.952528   0.0421444
        1046     1.61305     0.95316   0.0421089
        1047     1.62856    0.953805   0.0420736
        1048     1.64383    0.954463   0.0420386
        1049      1.6585    0.955134   0.0420039
        1050     1.67293    0.955818   0.0419694
        1051     1.68533    0.956512   0.0419352
        1052     1.69658    0.957216   0.0419013
        1053     1.70781    0.957928   0.0418675
        1054     1.71802     0.95865    0.041834
        1055     1.72788    0.959379   0.0418007
        1056     1.73642    0.960115   0.0417676
        1057     1.74315    0.960855   0.0417347
        1058     1.74882      0.9616   0.0417019
        1059     1.75345    0.962348   0.0416692
        1060      1.7571    0.963098   0.0416366
        1061     1.75911    0.963848   0.0416041
        1062     1.76194    0.964599   0.0415718
        1063     1.76254     0.96535   0.0415394
        1064     1.76364      0.9661   0.0415072
        1065     1.76389    0.966849   0.0414749
        1066     1.76407    0.967597   0.0414428
        1067     1.76284    0.968343   0.0414106
        1068     1.76146    0.969085   0.0413785
        1069     1.75905    0.969824   0.0413464
        1070     1.75709     0.97056   0.0413143
        1071     1.75565    0.971293   0.0412822
        1072     1.75236    0.972022   0.0412502
        1073      1.7494    0.972746   0.0412181
        1074     1.74705    0.973467    0.041186
        1075     1.74483    0.974185   0.0411539
        1076     1.74203    0.974898   0.0411219
        1077     1.73959    0.975608   0.0410898
        1078     1.73703    0.976315   0.0410578
        1079     1.73408    0.977017   0.0410257
        1080     1.73096    0.977715   0.0409937
        1081     1.72693    0.978408   0.0409616
        1082     1.72292    0.979096   0.0409295
        1083     1.71795    0.979778   0.0408974
        1084      1.7139    0.980456   0.0408653
        1085     1.70932    0.981127   0.0408332
        1086     1.70489    0.981794    0.040801
        1087     1.69939    0.982454   0.0407688
        1088     1.69353    0.983107   0.0407366
        1089       1.688    0.983755   0.0407043
        1090     1.68206    0.984395    0.040672
        1091     1.67425    0.985028   0.0406397
        1092     1.66672    0.985652   0.0406072
        1093     1.65875    0.986268   0.0405748
        1094     1.65056    0.986875   0.0405422
        1095     1.64236    0.987474   0.0405096
        1096     1.63368    0.988063   0.0404769
        1097     1.62425    0.988643   0.0404442
        1098     1.61407    0.989213   0.0404114
        1099     1.60337    0.989772   0.0403785
        1100     1.59237    0.990319   0.0403455
        1101     1.57963    0.990855   0.0403124
        1102      1.5673    0.991378   0.0402792
        1103     1.55464    0.991888   0.0402459
        1104      1.5407    0.992386   0.0402125
        1105      1.5274     0.99287    0.040179
        1106      1.5128     0.99334   0.0401455
        1107     1.49714    0.993795   0.0401118
        1108     1.48187    0.994235    0.040078
        1109     1.46483     0.99466   0.0400441
        1110     1.44771    0.995068   0.0400101
        1111     1.43101     0.99546    0.039976
        1112     1.41279    0.995836   0.0399418
        1113     1.39381    0.996193   0.0399075
        1114     1.37528    0.996533   0.0398732
        1115     1.35554    0.996855   0.0398387
        1116     1.33606    0.997159   0.0398042
        1117     1.31542    0.997444   0.0397696
        1118     1.29534    0.997711   0.0397349
        1119     1.27368    0.997957   0.0397001
        1120     1.25168    0.998184   0.0396653
        1121     1.23011    0.998391   0.0396305
        1122      1.2083    0.998578   0.0395956
        1123     1.18532    0.998744   0.0395607
        1124     1.16364    0.998891   0.0395258
        1125     1.14065    0.999017   0.0394908
        1126     1.11763    0.999122   0.0394559
        1127     1.09487    0.999207    0.039421
        1128     1.07268    0.999272   0.0393861
        1129     1.05016    0.999317   0.0393512
        1130     1.02881    0.999344   0.0393164
        1131     1.00727    0.999351   0.0392817
        1132    0.986077    0.999339    0.039247
        1133    0.964584    0.999308   0.0392123
        1134    0.944543     0.99926   0.0391778
        1135    0.924817    0.999194   0.0391433
        1136    0.905713    0.999112    0.039109
        1137    0.885854    0.999012   0.0390747
        1138    0.867712    0.998897   0.0390405
        1139    0.850871    0.998767   0.0390065
        1140    0.834668    0.998623   0.0389725
        1141    0.819164    0.998466   0.0389387
        1142    0.805136    0.998297   0.0389049
        1143    0.791436    0.998116   0.0388713
        1144     0.77956    0.997924   0.0388378
        1145    0.768833    0.997724   0.0388044
        1146    0.759544    0.997517   0.0387711
        1147    0.751494    0.997302   0.0387379
        1148    0.745209    0.997082   0.0387048
        1149    0.739521    0.996858   0.0386717
        1150    0.735427    0.996631   0.0386388
        1151    0.731514    0.996401   0.0386059
        1152    0.729249    0.996169   0.0385731
        1153    0.729622    0.995938   0.0385403
        1154     0.73073    0.995708   0.0385076
        1155    0.732823     0.99548   0.0384749
        1156    0.736877    0.995256   0.0384423
        1157    0.742421    0.995038   0.0384097
        1158    0.748971    0.994825   0.0383771
        1159    0.757489    0.994621   0.0383446
        1160    0.767727    0.994425    0.038312
        1161    0.779188     0.99424   0.0382794
        1162    0.791371    0.994065   0.0382469
        1163    0.805936    0.993903   0.0382144
        1164    0.822609    0.993756   0.0381818
        1165    0.838943    0.993623   0.0381493
        1166    0.857059    0.993506   0.0381167
        1167    0.876663    0.993406   0.0380842
        1168     0.89697    0.993323   0.0380517
        1169    0.919836    0.993261   0.0380192
        1170    0.942534    0.993217   0.0379867
        1171    0.966432    0.993194   0.0379543
        1172    0.990233    0.993192   0.0379219
        1173     1.01504     0.99321   0.0378896
        1174     1.04219    0.993252   0.0378573
        1175      1.0694    0.993317   0.0378252
        1176     1.09655    0.993405   0.0377931
        1177     1.12374    0.993516   0.0377611
        1178     1.15132    0.993649   0.0377293
        1179     1.17891    0.993807   0.0376977
        1180     1.20683    0.993987   0.0376661
        1181     1.23372     0.99419   0.0376348
        1182     1.25967    0.994415   0.0376036
        1183     1.28618    0.994661   0.0375726
        1184     1.31142    0.994929   0.0375419
        1185      1.3352    0.995216   0.0375113
        1186     1.35786    0.995522   0.0374809
        1187     1.38018    0.995846   0.0374507
        1188     1.40082    0.996187   0.0374208
        1189     1.42082    0.996544    0.037391
        1190     1.43814    0.996915   0.0373614
        1191      1.4536    0.997298    0.037332
        1192     1.46639    0.997692   0.0373028
        1193     1.47811    0.998095   0.0372737
        1194     1.48748    0.998505   0.0372447
        1195     1.49495     0.99892   0.0372158
        1196     1.50001    0.999339   0.0371871
        1197     1.50292     0.99976   0.0371584
        1198     1.50395     1.00018   0.0371298
        1199     1.50292      1.0006   0.0371012
        1200     1.49869     1.00101   0.0370726
        1201     1.49355     1.00142    0.037044
        1202     1.48639     1.00183   0.0370154
        1203     1.47785     1.00222   0.0369867
        1204     1.46784     1.00261    0.036958
        1205       1.457     1.00299   0.0369293
        1206     1.44454     1.00335   0.0369004
        1207     1.43161     1.00371   0.0368716
        1208     1.41671     1.00405   0.0368426
        1209     1.40195     1.00438   0.0368136
        1210     1.38631      1.0047   0.0367846
        1211     1.37093       1.005   0.0367554
        1212     1.35527     1.00529   0.0367262
        1213     1.33998     1.00556    0.036697
        1214      1.3245     1.00583   0.0366677
        1215      1.3097     1.00608   0.0366384
        1216     1.29596     1.00631    0.036609
        1217     1.28222     1.00654   0.0365797
        1218     1.26932     1.00676   0.0365503
        1219      1.2576     1.00696   0.0365209
        1220     1.24644     1.00716   0.0364914
        1221     1.23713     1.00735    0.036462
        1222     1.22853     1.00753   0.0364327
        1223     1.22191      1.0077   0.0364033
        1224     1.21585     1.00787   0.0363739
        1225     1.21185     1.00804   0.0363446
        1226      1.2087      1.0082   0.0363154
        1227     1.20642     1.00837   0.0362861
        1228     1.20571     1.00853   0.0362569
        1229     1.20679     1.00869   0.0362278
        1230      1.2089     1.00885   0.0361987
        1231     1.21198     1.00901   0.0361697
        1232     1.21646     1.00918   0.0361407
        1233     1.22251     1.00936   0.0361118
        1234     1.22931     1.00953    0.036083
        1235     1.23774     1.00972   0.0360542
        1236     1.24626     1.00991   0.0360256
        1237      1.2555     1.01011    0.035997
        1238     1.26535     1.01032   0.0359685
        1239      1.2762     1.01053   0.0359401
        1240     1.28675     1.01075   0.0359118
        1241     1.29691     1.01098   0.0358836
        1242     1.30829     1.01122   0.0358555
        1243     1.32034     1.01147   0.0358276
        1244     1.33227     1.01173   0.0357997
        1245     1.34428       1.012   0.0357719
        1246     1.35539     1.01227   0.0357443
        1247     1.36653     1.01256   0.0357167
        1248     1.37745     1.01285   0.0356893
        1249     1.38985     1.01315    0.035662
        1250     1.40159     1.01346   0.0356348
        1251     1.41291     1.01378   0.0356078
        1252     1.42554     1.01411   0.0355809
        1253     1.43831     1.01445   0.0355541
        1254     1.45004      1.0148   0.0355274
        1255     1.46173     1.01515   0.0355009
        1256     1.47366     1.01552   0.0354745
        1257      1.4868     1.01589   0.0354483
        1258     1.50021     1.01628   0.0354222
        1259     1.51366     1.01667   0.0353963
        1260     1.52715     1.01708   0.0353705
        1261     1.54113     1.01749   0.0353449
        1262     1.55536     1.01792   0.0353194
        1263     1.57002     1.01836   0.0352942
        1264     1.58388      1.0188   0.0352691
        1265     1.59905     1.01926   0.0352442
        1266     1.61378     1.01973   0.0352195
        1267     1.62752     1.02021   0.0351949
        1268     1.64259      1.0207   0.0351706
        1269     1.65699      1.0212   0.0351465
        1270     1.67111     1.02171   0.0351225
        1271      1.6851     1.02224   0.0350988
        1272     1.69816     1.02277   0.0350752
        1273     1.71139     1.02331   0.0350518
        1274     1.72327     1.02386   0.0350286
        1275     1.73468     1.02442   0.0350056
        1276     1.74506     1.02498   0.0349827
        1277     1.75483     1.02555     0.03496
        1278      1.7632     1.02613   0.0349374
        1279     1.77062     1.02671   0.0349149
        1280     1.77752      1.0273   0.0348926
        1281     1.78412     1.02789   0.0348703
        1282     1.78848     1.02848   0.0348482
        1283     1.79181     1.02908   0.0348261
        1284     1.79506     1.02967   0.0348041
        1285     1.79732     1.03027   0.0347821
        1286      1.7986     1.03087   0.0347602
        1287     1.79921     1.03147   0.0347383
        1288     1.79751     1.03206   0.0347164
        1289     1.79669     1.03265   0.0346946
        1290     1.79514     1.03324   0.0346727
        1291     1.79151     1.03383   0.0346508
        1292     1.78805     1.03442   0.0346289
        1293     1.78366       1.035    0.034607
        1294     1.77914     1.03557    0.034585
        1295     1.77461     1.03614    0.034563
        1296     1.76943     1.03671    0.034541
        1297     1.76372     1.03727   0.0345189
        1298     1.75853     1.03782   0.0344968
        1299     1.75371     1.03837   0.0344746
        1300     1.74936     1.03892   0.0344524
        1301     1.74459     1.03946   0.0344302
        1302     1.74071        1.04    0.034408
        1303     1.73729     1.04054   0.0343858
        1304     1.73416     1.04107   0.0343635
        1305      1.7321      1.0416   0.0343412
        1306     1.73118     1.04213    0.034319
        1307     1.73117     1.04265   0.0342968
        1308     1.73117     1.04318   0.0342746
        1309     1.73167     1.04371   0.0342525
        1310     1.73246     1.04423   0.0342304
        1311      1.7345     1.04476   0.0342083
        1312     1.73733     1.04529   0.0341863
        1313     1.74047     1.04582   0.0341644
        1314     1.74488     1.04635   0.0341425
        1315     1.75005     1.04688   0.0341207
        1316     1.75598     1.04742   0.0340991
        1317     1.76265     1.04796   0.0340775
        1318     1.77003     1.04851    0.034056
        1319     1.77859     1.04907   0.0340347
        1320     1.78662     1.04962   0.0340135
        1321     1.79624     1.05019   0.0339925
        1322     1.80575     1.05076   0.0339716
        1323     1.81656     1.05134   0.0339508
        1324     1.82742     1.05193   0.0339302
        1325     1.83904     1.05252   0.0339098
        1326     1.85112     1.05312   0.0338896
        1327     1.86339     1.05373   0.0338696
        1328     1.87652     1.05435   0.0338497
        1329     1.88928     1.05498   0.0338301
        1330     1.90256     1.05562   0.0338106
        1331     1.91583     1.05626   0.0337914
        1332     1.92952     1.05692   0.0337724
        1333     1.94356     1.05759   0.0337536
        1334     1.95668     1.05826    0.033735
        1335      1.9705     1.05894   0.0337167
        1336     1.98421     1.05964   0.0336986
        1337     1.99772     1.06034   0.0336807
        1338     2.01095     1.06105    0.033663
        1339     2.02356     1.06177   0.0336455
        1340     2.03545     1.06249   0.0336283
        1341     2.04723     1.06323   0.0336112
        1342     2.05929     1.06397   0.0335944
        1343     2.06982     1.06472   0.0335777
        1344     2.07897     1.06547   0.0335612
        1345     2.08734     1.06623   0.0335448
        1346     2.09509       1.067   0.0335286
        1347      2.1014     1.06777   0.0335125
        1348     2.10594     1.06854   0.0334965
        1349     2.10984     1.06931   0.0334806
        1350     2.11183     1.07008   0.0334647
        1351     2.11283     1.07085   0.0334488
        1352     2.11233     1.07162   0.0334329
        1353     2.11029     1.07239    0.033417
        1354     2.10624     1.07315   0.0334011
        1355     2.10091     1.07391    0.033385
        1356     2.09457     1.07466   0.0333689
        1357     2.08582     1.07541   0.0333526
        1358     2.07545     1.07615   0.0333362
        1359     2.06473     1.07687   0.0333196
        1360     2.05207     1.07759   0.0333028
        1361     2.03947      1.0783   0.0332858
        1362     2.02488     1.07899   0.0332687
        1363     2.00961     1.07967   0.0332513
        1364     1.99352     1.08034   0.0332336
        1365     1.97745       1.081   0.0332158
        1366     1.96055     1.08165   0.0331977
        1367      1.9422     1.08228   0.0331794
        1368     1.92372     1.08289   0.0331608
        1369     1.90542     1.08349   0.0331421
        1370     1.88717     1.08408   0.0331231
        1371     1.86857     1.08465   0.0331038
        1372      1.8492     1.08521   0.0330844
        1373      1.8301     1.08575   0.0330647
        1374      1.8106     1.08628   0.0330449
        1375     1.79243     1.08679   0.0330248
        1376     1.77443     1.08729   0.0330046
        1377     1.75639     1.08778   0.0329842
        1378     1.73859     1.08825   0.0329637
        1379     1.72104     1.08871    0.032943
        1380     1.70305     1.08915   0.0329221
        1381     1.68559     1.08958   0.0329011
        1382     1.66843        1.09     0.03288
        1383     1.65159     1.09041   0.0328587
        1384     1.63508      1.0908   0.0328373
        1385     1.61844     1.09118   0.0328158
        1386     1.60358     1.09155   0.0327942
        1387     1.58766     1.09191   0.0327725
        1388     1.57332     1.09226   0.0327507
        1389      1.5589     1.09259   0.0327289
        1390      1.5449     1.09292    0.032707
        1391     1.53012     1.09323    0.032685
        1392     1.51747     1.09354   0.0326629
        1393     1.50503     1.09383   0.0326408
        1394     1.49258     1.09412   0.0326186
        1395     1.48011      1.0944   0.0325964
        1396     1.46956     1.09467   0.0325742
        1397     1.45924     1.09493   0.0325519
        1398     1.44914     1.09518   0.0325296
        1399     1.43876     1.09543   0.0325073
        1400     1.42906     1.09566   0.0324849
        1401     1.42024      1.0959   0.0324626
        1402     1.41157     1.09612   0.0324402
        1403     1.40323     1.09634   0.0324178
        1404     1.39471     1.09655   0.0323954
        1405     1.38644     1.09676    0.032373
        1406      1.3791     1.09696   0.0323506
        1407      1.3719     1.09715   0.0323282
        1408     1.36408     1.09734   0.0323058
        1409     1.35654     1.09753   0.0322834
        1410     1.34946     1.09771    0.032261
        1411     1.34206     1.09788   0.0322386
        1412     1.33405     1.09805   0.0322162
        1413     1.32633     1.09821   0.0321938
        1414     1.31839     1.09836   0.0321714
        1415     1.31044     1.09851    0.032149
        1416     1.30244     1.09866   0.0321267
        1417     1.29389      1.0988   0.0321043
        1418     1.28479     1.09893   0.0320819
        1419     1.27586     1.09905   0.0320595
        1420     1.26663     1.09917   0.0320372
        1421     1.25664     1.09928   0.0320148
        1422     1.24642     1.09938   0.0319925
        1423     1.23647     1.09948   0.0319701
        1424     1.22638     1.09957   0.0319478
        1425     1.21621     1.09965   0.0319255
        1426     1.20578     1.09973   0.0319032
        1427     1.19494     1.09979   0.0318809
        1428     1.18399     1.09985   0.0318586
        1429     1.17301      1.0999   0.0318364
        1430     1.16305     1.09995   0.0318142
        1431     1.15371     1.09998   0.0317919
        1432     1.14433     1.10002   0.0317698
        1433      1.1357     1.10004   0.0317476
        1434     1.12789     1.10006   0.0317255
        1435     1.12023     1.10007   0.0317034
        1436     1.11324     1.10008   0.0316813
        1437     1.10696     1.10009   0.0316592
        1438     1.10141     1.10009   0.0316372
        1439      1.0966     1.10009   0.0316152
        1440     1.09253     1.10008   0.0315933
        1441     1.08944     1.10007   0.0315714
        1442     1.08729     1.10007   0.0315495
        1443     1.08607     1.10006   0.0315276
        1444     1.08523     1.10005   0.0315058
        1445     1.08449     1.10003    0.031484
        1446     1.08428     1.10002   0.0314622
        1447     1.08523     1.10001   0.0314405
        1448     1.08584         1.1   0.0314187
        1449     1.08628     1.09999   0.0313971
        1450     1.08717     1.09999   0.0313754
        1451     1.08894     1.09998   0.0313538
        1452     1.09054     1.09997   0.0313322
        1453     1.09213     1.09997   0.0313106
        1454     1.09292     1.09996   0.0312891
        1455     1.09452     1.09996   0.0312676
        1456     1.09567     1.09995   0.0312461
        1457     1.09607     1.09995   0.0312247
        1458     1.09711     1.09995   0.0312033
        1459     1.09683     1.09995   0.0311819
        1460     1.09712     1.09995   0.0311605
        1461     1.09674     1.09994   0.0311392
        1462     1.09616     1.09994   0.0311179
        1463     1.09367     1.09994   0.0310966
        1464     1.09167     1.09993   0.0310754
        1465     1.08849     1.09992   0.0310542
        1466     1.08531     1.09991    0.031033
        1467     1.08192      1.0999   0.0310118
        1468     1.07857     1.09989   0.0309907
        1469     1.07454     1.09987   0.0309696
        1470     1.06938     1.09985   0.0309486
        1471     1.06457     1.09982   0.0309275
        1472     1.05939      1.0998   0.0309065
        1473     1.05414     1.09977   0.0308856
        1474     1.04764     1.09973   0.0308646
        1475     1.04137     1.09969   0.0308437
        1476     1.03514     1.09965   0.0308229
        1477     1.02851      1.0996    0.030802
        1478     1.02105     1.09955   0.0307812
        1479     1.01452     1.09949   0.0307605
        1480     1.00824     1.09943   0.0307398
        1481     1.00156     1.09936   0.0307191
        1482     0.99502     1.09929   0.0306984
        1483    0.989177     1.09922   0.0306778
        1484    0.982181     1.09914   0.0306572
        1485    0.976032     1.09905   0.0306367
        1486     0.97057     1.09897   0.0306162
        1487    0.965874     1.09888   0.0305958
        1488    0.962026     1.09879   0.0305753
        1489     0.95959     1.09869   0.0305549
        1490    0.956724      1.0986   0.0305346
        1491    0.954227      1.0985   0.0305143
        1492    0.952898      1.0984    0.030494
        1493    0.952809     1.09831   0.0304737
        1494    0.953544     1.09821   0.0304535
        1495    0.956131     1.09811   0.0304332
        1496    0.959655     1.09802    0.030413
        1497    0.964159     1.09793   0.0303928
        1498    0.971112     1.09785   0.0303727
        1499    0.978117     1.09777   0.0303525
        1500    0.986858     1.09769   0.0303324
        1501     0.99731     1.09763   0.0303122
        1502     1.00799     1.09757   0.0302921
        1503     1.02029     1.09752    0.030272
        1504     1.03291     1.09747   0.0302519
        1505     1.04674     1.09744   0.0302318
        1506     1.06189     1.09741   0.0302118
        1507     1.07799      1.0974   0.0301917
        1508     1.09442      1.0974   0.0301717
        1509     1.11127     1.09741   0.0301517
        1510     1.12909     1.09743   0.0301317
        1511      1.1458     1.09746   0.0301118
        1512     1.16243     1.09751   0.0300919
        1513     1.17859     1.09756   0.0300721
        1514     1.19509     1.09762   0.0300523
        1515     1.21012      1.0977   0.0300325
        1516     1.22499     1.09778   0.0300129
        1517     1.24009     1.09788   0.0299932
        1518     1.25365     1.09798   0.0299736
        1519     1.26611     1.09809   0.0299541
        1520     1.27815     1.09821   0.0299346
        1521     1.28903     1.09833   0.0299152
        1522     1.29925     1.09846   0.0298959
        1523     1.30882      1.0986   0.0298765
        1524     1.31731     1.09875   0.0298573
        1525     1.32454     1.09889   0.0298381
        1526     1.33129     1.09905   0.0298189
        1527     1.33763      1.0992   0.0297998
        1528     1.34363     1.09936   0.0297807
        1529     1.34866     1.09953   0.0297617
        1530     1.35374     1.09969   0.0297427
        1531     1.35727     1.09986   0.0297237
        1532     1.36074     1.10003   0.0297048
        1533     1.36445      1.1002    0.029686
        1534     1.36774     1.10038   0.0296671
        1535      1.3711     1.10055   0.0296483
        1536     1.37458     1.10073   0.0296295
        1537     1.37723     1.10091   0.0296108
        1538     1.38027     1.10109   0.0295921
        1539     1.38394     1.10128   0.0295735
        1540     1.38632     1.10146   0.0295548
        1541     1.39006     1.10165   0.0295363
        1542     1.39155     1.10184   0.0295177
        1543      1.3944     1.10203   0.0294992
        1544     1.39717     1.10222   0.0294807
        1545     1.39985     1.10241   0.0294622
        1546     1.40198      1.1026   0.0294438
        1547     1.40501      1.1028   0.0294254
        1548     1.40679       1.103   0.0294071
        1549     1.40927     1.10319   0.0293888
        1550     1.41175     1.10339   0.0293705
        1551     1.41401     1.10359   0.0293522
        1552     1.41657      1.1038    0.029334
        1553     1.41873       1.104   0.0293158
        1554     1.42124      1.1042   0.0292977
        1555     1.42413     1.10441   0.0292795
        1556     1.42743     1.10462   0.0292615
        1557     1.43044     1.10482   0.0292434
        1558     1.43319     1.10504   0.0292254
        1559     1.43689     1.10525   0.0292074
        1560     1.44013     1.10546   0.0291895
        1561     1.44434     1.10568   0.0291716
        1562     1.44713      1.1059   0.0291537
        1563     1.45187     1.10612   0.0291359
        1564     1.45736     1.10634   0.0291182
        1565     1.46239     1.10657   0.0291005
        1566     1.46765      1.1068   0.0290828
        1567     1.47339     1.10704   0.0290652
        1568      1.4786     1.10727   0.0290476
        1569     1.48448     1.10751   0.0290301
        1570      1.4905     1.10776   0.0290126
        1571     1.49544       1.108   0.0289952
        1572     1.50071     1.10825   0.0289778
        1573      1.5065     1.10851   0.0289605
        1574     1.51327     1.10877   0.0289433
        1575     1.52002     1.10903   0.0289261
        1576      1.5267     1.10929   0.0289089
        1577     1.53306     1.10956   0.0288918
        1578     1.53905     1.10983   0.0288748
        1579     1.54512     1.11011   0.0288578
        1580     1.55077     1.11039   0.0288409
        1581     1.55621     1.11067   0.0288241
        1582     1.56143     1.11095   0.0288072
        1583      1.5664     1.11124   0.0287905
        1584     1.57112     1.11153   0.0287738
        1585     1.57582     1.11182   0.0287571
        1586     1.58025     1.11212   0.0287405
        1587      1.5844     1.11242   0.0287239
        1588     1.58827     1.11272   0.0287074
        1589     1.59187     1.11302   0.0286909
        1590     1.59471     1.11332   0.0286745
        1591     1.59726     1.11363   0.0286581
        1592     1.59903     1.11393   0.0286417
        1593     1.60146     1.11424   0.0286253
        1594     1.60332     1.11454    0.028609
        1595     1.60485     1.11485   0.0285927
        1596     1.60577     1.11516   0.0285765
        1597     1.60702     1.11547   0.0285602
        1598     1.60736     1.11577    0.028544
        1599     1.60747     1.11608   0.0285278
        1600     1.60709     1.11639   0.0285117
        1601     1.60569     1.11669   0.0284955
        1602     1.60349       1.117   0.0284793
        1603     1.60094      1.1173   0.0284631
        1604     1.59753      1.1176    0.028447
        1605     1.59447      1.1179   0.0284308
        1606     1.59006     1.11819   0.0284146
        1607     1.58551     1.11848   0.0283984
        1608     1.58039     1.11877   0.0283822
        1609     1.57447     1.11905    0.028366
        1610     1.56805     1.11933   0.0283497
        1611     1.56191     1.11961   0.0283335
        1612      1.5537     1.11987   0.0283172
        1613     1.54592     1.12014   0.0283009
        1614     1.53793      1.1204   0.0282845
        1615     1.53053     1.12065   0.0282681
        1616      1.5226      1.1209   0.0282517
        1617     1.51544     1.12114   0.0282353
        1618     1.50768     1.12138   0.0282189
        1619     1.49965     1.12162   0.0282024
        1620     1.49236     1.12185   0.0281859
        1621     1.48615     1.12207   0.0281694
        1622     1.47962     1.12229   0.0281529
        1623     1.47355     1.12251   0.0281364
        1624     1.46798     1.12272   0.0281199
        1625     1.46321     1.12293   0.0281034
        1626     1.45853     1.12314   0.0280869
        1627     1.45447     1.12334   0.0280703
        1628     1.45129     1.12354   0.0280538
        1629     1.44901     1.12374   0.0280373
        1630     1.44788     1.12394   0.0280208
        1631     1.44696     1.12414   0.0280043
        1632     1.44698     1.12434   0.0279879
        1633     1.44723     1.12453   0.0279714
        1634     1.44842     1.12473    0.027955
        1635     1.44983     1.12493   0.0279386
        1636     1.45145     1.12513   0.0279223
        1637     1.45472     1.12533   0.0279059
        1638     1.45816     1.12553   0.0278896
        1639     1.46272     1.12574   0.0278734
        1640      1.4674     1.12595   0.0278571
        1641     1.47336     1.12616    0.027841
        1642     1.48031     1.12638   0.0278249
        1643      1.4865      1.1266   0.0278088
        1644     1.49307     1.12682   0.0277928
        1645     1.49993     1.12705   0.0277768
        1646     1.50749     1.12728   0.0277609
        1647     1.51491     1.12751    0.027745
        1648     1.52186     1.12775   0.0277292
        1649     1.52895     1.12799   0.0277135
        1650     1.53608     1.12824   0.0276978
        1651     1.54216     1.12849   0.0276821
        1652      1.5483     1.12875   0.0276665
        1653     1.55414       1.129    0.027651
        1654     1.55814     1.12926   0.0276355
        1655     1.56286     1.12953     0.02762
        1656     1.56629     1.12979   0.0276046
        1657     1.56934     1.13005   0.0275892
        1658     1.57194     1.13032   0.0275739
        1659     1.57311     1.13059   0.0275586
        1660     1.57235     1.13085   0.0275432
        1661     1.57182     1.13112   0.0275279
        1662     1.57008     1.13138   0.0275126
        1663     1.56765     1.13165   0.0274974
        1664     1.56434     1.13191   0.0274821
        1665     1.55971     1.13216   0.0274668
        1666     1.55309     1.13242   0.0274514
        1667     1.54649     1.13266   0.0274361
        1668     1.54021     1.13291   0.0274207
        1669     1.53311     1.13315   0.0274053
        1670     1.52504     1.13338   0.0273899
        1671     1.51703     1.13361   0.0273745
        1672     1.50842     1.13384   0.0273591
        1673     1.49951     1.13405   0.0273436
        1674     1.49037     1.13427   0.0273281
        1675     1.48033     1.13447   0.0273125
        1676      1.4716     1.13468    0.027297
        1677     1.46181     1.13487   0.0272814
        1678     1.45174     1.13506   0.0272658
        1679     1.44188     1.13524   0.0272502
        1680     1.43276     1.13542   0.0272345
        1681     1.42368     1.13559   0.0272189
        1682     1.41417     1.13576   0.0272032
        1683     1.40499     1.13592   0.0271875
        1684     1.39541     1.13607   0.0271718
        1685     1.38595     1.13622   0.0271561
        1686     1.37636     1.13636   0.0271403
        1687     1.36739      1.1365   0.0271246
        1688     1.35856     1.13663   0.0271088
        1689     1.34989     1.13676   0.0270931
        1690     1.34113     1.13688   0.0270773
        1691     1.33229     1.13699   0.0270615
        1692     1.32436      1.1371   0.0270458
        1693     1.31588     1.13721     0.02703
        1694     1.30806     1.13731   0.0270142
        1695      1.3014     1.13741   0.0269985
        1696      1.2942      1.1375   0.0269827
        1697     1.28697     1.13759    0.026967
        1698     1.27921     1.13767   0.0269512
        1699     1.27166     1.13775   0.0269355
        1700     1.26481     1.13782   0.0269197
        1701     1.25793     1.13789    0.026904
        1702     1.25103     1.13796   0.0268883
        1703      1.2451     1.13802   0.0268725
        1704     1.23845     1.13808   0.0268568
        1705     1.23327     1.13814   0.0268411
        1706      1.2286     1.13819   0.0268255
        1707     1.22495     1.13824   0.0268098
        1708     1.22112     1.13829   0.0267941
        1709     1.21667     1.13834   0.0267785
        1710     1.21377     1.13838   0.0267629
        1711     1.21078     1.13842   0.0267473
        1712     1.20771     1.13846   0.0267317
        1713     1.20532      1.1385   0.0267161
        1714     1.20317     1.13854   0.0267005
        1715     1.20055     1.13858    0.026685
        1716      1.1999     1.13861   0.0266695
        1717     1.19885     1.13865    0.026654
        1718     1.19959     1.13868   0.0266385
        1719     1.20119     1.13872    0.026623
        1720     1.20342     1.13876   0.0266076
        1721     1.20582      1.1388   0.0265921
        1722     1.20841     1.13884   0.0265767
        1723     1.21142     1.13888   0.0265613
        1724     1.21534     1.13892   0.0265459
        1725     1.21941     1.13897   0.0265306
        1726     1.22507     1.13902   0.0265153
        1727     1.23081     1.13907      0.0265
        1728     1.23659     1.13913   0.0264847
        1729     1.24426     1.13919   0.0264695
        1730     1.25182     1.13925   0.0264542
        1731     1.25892     1.13932    0.026439
        1732     1.26692      1.1394   0.0264239
        1733     1.27423     1.13948   0.0264087
        1734     1.28148     1.13956   0.0263936
        1735     1.28853     1.13964   0.0263786
        1736     1.29549     1.13973   0.0263635
        1737     1.30248     1.13983   0.0263485
        1738     1.30865     1.13992   0.0263335
        1739     1.31438     1.14002   0.0263186
        1740     1.31862     1.14013   0.0263037
        1741     1.32224     1.14023   0.0262888
        1742     1.32373     1.14034   0.0262739
        1743     1.32546     1.14044    0.026259
        1744      1.3274     1.14055   0.0262442
        1745     1.32785     1.14066   0.0262294
        1746     1.32587     1.14076   0.0262146
        1747     1.32339     1.14087   0.0261998
        1748     1.32094     1.14097    0.026185
        1749     1.31735     1.14107   0.0261702
        1750     1.31244     1.14117   0.0261554
        1751      1.3077     1.14126   0.0261407
        1752     1.30104     1.14136   0.0261259
        1753     1.29396     1.14144   0.0261111
        1754     1.28628     1.14153   0.0260964
        1755     1.27784      1.1416   0.0260816
        1756     1.26869     1.14168   0.0260669
        1757     1.25987     1.14174   0.0260521
        1758     1.25071     1.14181   0.0260374
        1759     1.24031     1.14186   0.0260226
        1760      1.2309     1.14191   0.0260079
        1761     1.22109     1.14196   0.0259932
        1762     1.21144       1.142   0.0259784
        1763     1.20031     1.14203   0.0259637
        1764     1.18993     1.14206    0.025949
        1765      1.1806     1.14208   0.0259343
        1766     1.17047     1.14209   0.0259197
        1767     1.16078      1.1421    0.025905
        1768     1.15089     1.14211   0.0258903
        1769     1.14131     1.14211   0.0258757
        1770     1.13284      1.1421   0.0258611
        1771     1.12409     1.14209   0.0258465
        1772      1.1163     1.14208   0.0258319
        1773      1.1093     1.14206   0.0258173
        1774     1.10311     1.14204   0.0258028
        1775     1.09684     1.14201   0.0257883
        1776      1.0922     1.14199   0.0257738
        1777     1.08779     1.14195   0.0257593
        1778     1.08365     1.14192   0.0257448
        1779     1.08053     1.14189   0.0257304
        1780     1.07751     1.14185   0.0257159
        1781     1.07653     1.14181   0.0257015
        1782     1.07642     1.14178   0.0256871
        1783      1.0772     1.14174   0.0256727
        1784      1.0784     1.14171   0.0256584
        1785     1.08075     1.14167    0.025644
        1786     1.08476     1.14164   0.0256297
        1787     1.08946     1.14161   0.0256154
        1788     1.09532     1.14159    0.025601
        1789      1.1009     1.14156   0.0255867
        1790     1.10788     1.14154   0.0255725
        1791     1.11623     1.14153   0.0255582
        1792     1.12401     1.14152   0.0255439
        1793     1.13311     1.14151   0.0255297
        1794     1.14301     1.14152   0.0255154
        1795     1.15417     1.14152   0.0255012
        1796     1.16605     1.14154    0.025487
        1797     1.17837     1.14156   0.0254729
        1798     1.19108     1.14158   0.0254587
        1799     1.20508     1.14162   0.0254446
        1800      1.2184     1.14166   0.0254305
        1801      1.2324     1.14171   0.0254164
        1802     1.24729     1.14177   0.0254024
        1803     1.26227     1.14184   0.0253884
        1804     1.27776     1.14191   0.0253744
        1805     1.29346       1.142   0.0253605
        1806     1.31004     1.14209   0.0253466
        1807     1.32551     1.14219   0.0253328
        1808     1.34175      1.1423    0.025319
        1809     1.35727     1.14242   0.0253053
        1810     1.37369     1.14255   0.0252917
        1811     1.39074     1.14269   0.0252781
        1812     1.40692     1.14283   0.0252645
        1813     1.42222     1.14299   0.0252511
        1814     1.43754     1.14315   0.0252377
        1815     1.45264     1.14332   0.0252243
        1816     1.46748      1.1435   0.0252111
        1817     1.48155     1.14368   0.0251979
        1818     1.49678     1.14388   0.0251848
        1819     1.50999     1.14408   0.0251717
        1820      1.5236     1.14429   0.0251588
        1821      1.5371      1.1445   0.0251459
        1822     1.55096     1.14473   0.0251331
        1823     1.56301     1.14496   0.0251203
        1824     1.57492     1.14519   0.0251077
        1825     1.58668     1.14543   0.0250951
        1826     1.59806     1.14568   0.0250826
        1827      1.6088     1.14593   0.0250701
        1828     1.61963     1.14619   0.0250577
        1829     1.63004     1.14646   0.0250454
        1830     1.63934     1.14673   0.0250332
        1831     1.64847       1.147    0.025021
        1832     1.65767     1.14728   0.0250089
        1833     1.66551     1.14756   0.0249969
        1834      1.6739     1.14785   0.0249849
        1835     1.68142     1.14814    0.024973
        1836      1.6895     1.14844   0.0249611
        1837     1.69598     1.14873   0.0249493
        1838     1.70207     1.14904   0.0249375
        1839     1.70823     1.14934   0.0249258
        1840     1.71472     1.14965   0.0249142
        1841     1.72032     1.14996   0.0249026
        1842     1.72503     1.15027    0.024891
        1843     1.72908     1.15058   0.0248795
        1844     1.73343      1.1509    0.024868
        1845     1.73662     1.15122   0.0248565
        1846     1.73961     1.15153   0.0248451
        1847     1.74237     1.15185   0.0248337
        1848     1.74514     1.15218   0.0248224
        1849     1.74742      1.1525    0.024811
        1850     1.74822     1.15282   0.0247997
        1851     1.74874     1.15314   0.0247884
        1852     1.74966     1.15346   0.0247771
        1853     1.74858     1.15379   0.0247658
        1854     1.74788     1.15411   0.0247545
        1855     1.74587     1.15442   0.0247432
        1856     1.74253     1.15474   0.0247319
        1857     1.73979     1.15506   0.0247206
        1858     1.73621     1.15537   0.0247093
        1859     1.73228     1.15568    0.024698
        1860     1.72824     1.15599   0.0246866
        1861     1.72293     1.15629   0.0246752
        1862     1.71804     1.15659   0.0246638
        1863      1.7117     1.15689   0.0246524
        1864     1.70491     1.15719   0.0246409
        1865     1.69773     1.15748   0.0246294
        1866     1.69093     1.15776   0.0246178
        1867     1.68337     1.15804   0.0246063
        1868     1.67587     1.15832   0.0245947
        1869       1.668     1.15859    0.024583
        1870     1.65938     1.15886   0.0245713
        1871     1.65178     1.15912   0.0245596
        1872     1.64504     1.15938   0.0245479
        1873     1.63757     1.15964   0.0245361
        1874     1.62972     1.15989   0.0245243
        1875     1.62301     1.16014   0.0245124
        1876     1.61755     1.16038   0.0245006
        1877     1.61221     1.16062   0.0244887
        1878     1.60781     1.16086   0.0244768
        1879     1.60347     1.16109   0.0244649
        1880     1.59951     1.16133    0.024453
        1881     1.59696     1.16156   0.0244411
        1882     1.59613     1.16179   0.0244292
        1883     1.59684     1.16202   0.0244173
        1884     1.59842     1.16225   0.0244055
        1885     1.60041     1.16249   0.0243936
        1886     1.60359     1.16272   0.0243818
        1887     1.60843     1.16296   0.0243701
        1888     1.61375     1.16319   0.0243583
        1889     1.62002     1.16344   0.0243466
        1890     1.62746     1.16368    0.024335
        1891      1.6365     1.16393   0.0243234
        1892     1.64687     1.16419   0.0243119
        1893     1.65704     1.16445   0.0243004
        1894     1.66936     1.16471   0.0242891
        1895     1.68275     1.16499   0.0242778
        1896     1.69567     1.16527   0.0242666
        1897     1.70967     1.16555   0.0242555
        1898     1.72463     1.16585   0.0242445
        1899     1.73944     1.16615   0.0242336
        1900     1.75491     1.16646   0.0242228
        1901     1.76943     1.16678   0.0242122
        1902     1.78428      1.1671   0.0242016
        1903     1.79883     1.16743   0.0241912
        1904     1.81244     1.16777   0.0241809
        1905     1.82638     1.16812   0.0241706
        1906     1.83979     1.16847   0.0241605
        1907     1.85228     1.16883   0.0241505
        1908     1.86255     1.16919   0.0241406
        1909     1.87262     1.16956   0.0241308
        1910     1.88123     1.16993    0.024121
        1911     1.88803     1.17031   0.0241113
        1912     1.89323     1.17069   0.0241017
        1913     1.89798     1.17107   0.0240921
        1914     1.90058     1.17145   0.0240825
        1915     1.90198     1.17183   0.0240729
        1916     1.90244     1.17221   0.0240634
        1917     1.90125     1.17259   0.0240538
        1918     1.89847     1.17297   0.0240443
        1919     1.89364     1.17335   0.0240347
        1920     1.88875     1.17372    0.024025
        1921     1.88243     1.17409   0.0240154
        1922     1.87424     1.17445   0.0240056
        1923     1.86643     1.17481   0.0239959
        1924     1.85762     1.17517    0.023986
        1925     1.84715     1.17552   0.0239761
        1926     1.83557     1.17586   0.0239661
        1927     1.82319      1.1762    0.023956
        1928     1.80982     1.17652   0.0239458
        1929     1.79649     1.17685   0.0239356
        1930     1.78227     1.17716   0.0239252
        1931     1.76722     1.17746   0.0239148
        1932     1.75282     1.17776   0.0239043
        1933     1.73695     1.17805   0.0238936
        1934     1.72059     1.17833   0.0238829
        1935     1.70404      1.1786   0.0238721
        1936     1.68802     1.17887   0.0238613
        1937     1.67017     1.17912   0.0238503
        1938     1.65171     1.17936   0.0238392
        1939     1.63266      1.1796   0.0238281
        1940     1.61449     1.17982   0.0238169
        1941     1.59531     1.18004   0.0238055
        1942      1.5761     1.18024   0.0237942
        1943     1.55617     1.18043   0.0237827
        1944     1.53675     1.18062   0.0237712
        1945     1.51667     1.18079   0.0237596
        1946     1.49716     1.18095   0.0237479
        1947     1.47755     1.18111   0.0237362
        1948     1.45787     1.18125   0.0237245
        1949     1.43696     1.18138   0.0237127
        1950      1.4168      1.1815   0.0237008
        1951     1.39721     1.18161   0.0236889
        1952     1.37726     1.18171    0.023677
        1953     1.35727      1.1818    0.023665
        1954     1.33776     1.18188   0.0236531
        1955     1.31808     1.18195   0.0236411
        1956     1.29901     1.18201    0.023629
        1957     1.28134     1.18206    0.023617
        1958     1.26343      1.1821    0.023605
        1959     1.24704     1.18213    0.023593
        1960     1.23102     1.18216    0.023581
        1961     1.21471     1.18218   0.0235689
        1962     1.19792     1.18218   0.0235569
        1963     1.18312     1.18218   0.0235449
        1964     1.16938     1.18218   0.0235329
        1965     1.15604     1.18216    0.023521
        1966     1.14434     1.18215    0.023509
        1967     1.13311     1.18212   0.0234971
        1968     1.12311     1.18209   0.0234851
        1969     1.11338     1.18206   0.0234732
        1970     1.10517     1.18202   0.0234614
        1971     1.09872     1.18197   0.0234495
        1972     1.09188     1.18193   0.0234377
        1973     1.08705     1.18188   0.0234258
        1974     1.08279     1.18183    0.023414
        1975     1.08077     1.18178   0.0234022
        1976     1.07905     1.18173   0.0233904
        1977     1.07809     1.18167   0.0233786
        1978     1.07834     1.18162   0.0233669
        1979     1.07905     1.18157   0.0233551
        1980      1.0809     1.18152   0.0233434
        1981     1.08384     1.18147   0.0233317
        1982     1.08735     1.18142   0.0233199
        1983     1.09137     1.18138   0.0233082
        1984     1.09609     1.18133   0.0232965
        1985      1.1012     1.18129   0.0232848
        1986     1.10712     1.18126   0.0232731
        1987     1.11451     1.18122   0.0232614
        1988     1.12208     1.18119   0.0232498
        1989     1.12929     1.18117   0.0232381
        1990     1.13752     1.18115   0.0232264
        1991     1.14501     1.18113   0.0232148
        1992     1.15337     1.18111   0.0232031
        1993     1.16132      1.1811   0.0231915
        1994     1.16953      1.1811   0.0231798
        1995     1.17794      1.1811   0.0231682
        1996     1.18574      1.1811   0.0231566
        1997     1.19362      1.1811    0.023145
        1998       1.202     1.18112   0.0231334
        1999     1.20915     1.18113   0.0231219
        2000     1.21672     1.18115   0.0231103
        2001     1.22395     1.18117   0.0230988
        2002     1.23082     1.18119   0.0230872
        2003     1.23682     1.18122   0.0230757
        2004      1.2422     1.18125   0.0230642
        2005     1.24887     1.18129   0.0230528
        2006     1.25443     1.18132   0.0230413
        2007     1.25889     1.18136   0.0230299
        2008     1.26397      1.1814   0.0230184
        2009     1.26777     1.18144    0.023007
        2010       1.272     1.18149   0.0229956
        2011     1.27624     1.18154   0.0229842
        2012      1.2798     1.18159   0.0229728
        2013     1.28248     1.18164   0.0229615
        2014     1.28531     1.18169   0.0229501
        2015     1.28786     1.18174   0.0229388
        2016      1.2914     1.18179   0.0229275
        2017     1.29525     1.18185   0.0229162
        2018     1.29852     1.18191   0.0229049
        2019     1.30173     1.18197   0.0228936
        2020     1.30496     1.18203   0.0228824
        2021     1.30944     1.18209   0.0228712
        2022     1.31451     1.18216   0.0228599
        2023     1.31948     1.18222   0.0228487
        2024     1.32489      1.1823   0.0228376
        2025      1.3298     1.18237   0.0228264
        2026     1.33593     1.18244   0.0228153
        2027     1.34258     1.18252   0.0228041
        2028     1.35001     1.18261    0.022793
        2029       1.358     1.18269    0.022782
        2030     1.36654     1.18278   0.0227709
        2031     1.37516     1.18288   0.0227599
        2032     1.38457     1.18298   0.0227489
        2033     1.39476     1.18308    0.022738
        2034     1.40499     1.18319   0.0227271
        2035     1.41645      1.1833   0.0227162
        2036     1.42788     1.18342   0.0227053
        2037     1.43974     1.18355   0.0226945
        2038     1.45151     1.18368   0.0226838
        2039     1.46385     1.18382   0.0226731
        2040     1.47695     1.18396   0.0226624
        2041     1.49028     1.18411   0.0226518
        2042     1.50329     1.18427   0.0226413
        2043     1.51687     1.18443   0.0226308
        2044     1.53049      1.1846   0.0226203
        2045     1.54383     1.18478     0.02261
        2046     1.55706     1.18496   0.0225996
        2047     1.57034     1.18515   0.0225894
        2048     1.58338     1.18534   0.0225792
        2049     1.59586     1.18554   0.0225691
        2050     1.60819     1.18575    0.022559
        2051     1.62104     1.18596    0.022549
        2052     1.63241     1.18618    0.022539
        2053     1.64203      1.1864   0.0225292
        2054     1.65199     1.18663   0.0225193
        2055     1.66107     1.18686   0.0225096
        2056      1.6697     1.18709   0.0224998
        2057     1.67739     1.18733   0.0224902
        2058     1.68435     1.18757   0.0224805
        2059     1.69131     1.18782   0.0224709
        2060     1.69658     1.18806   0.0224614
        2061     1.70187     1.18831   0.0224519
        2062     1.70624     1.18856   0.0224424
        2063     1.70996     1.18882   0.0224329
        2064     1.71331     1.18907   0.0224235
        2065     1.71563     1.18933   0.0224141
        2066     1.71793     1.18958   0.0224047
        2067     1.71908     1.18984   0.0223953
        2068     1.72012     1.19009    0.022386
        2069     1.72016     1.19035   0.0223766
        2070     1.72095     1.19061   0.0223673
        2071     1.72163     1.19086   0.0223579
        2072     1.72228     1.19112   0.0223486
        2073     1.72249     1.19138   0.0223393
        2074     1.72283     1.19163     0.02233
        2075      1.7241     1.19189   0.0223207
        2076     1.72566     1.19215   0.0223115
        2077     1.72707      1.1924   0.0223022
        2078      1.7289     1.19266    0.022293
        2079     1.73168     1.19292   0.0222837
        2080     1.73474     1.19318   0.0222746
        2081     1.73834     1.19344   0.0222654
        2082     1.74228     1.19371   0.0222563
        2083      1.7468     1.19397   0.0222472
        2084     1.75216     1.19424   0.0222381
        2085      1.7581     1.19451   0.0222291
        2086     1.76364     1.19478   0.0222201
        2087     1.77065     1.19506   0.0222112
        2088     1.77764     1.19534   0.0222023
        2089     1.78552     1.19562   0.0221934
        2090     1.79347     1.19591   0.0221847
        2091     1.80021      1.1962   0.0221759
        2092     1.80899     1.19649   0.0221673
        2093     1.81802     1.19679   0.0221587
        2094      1.8267     1.19709   0.0221501
        2095     1.83465     1.19739   0.0221416
        2096     1.84224      1.1977   0.0221332
        2097     1.84908     1.19801   0.0221248
        2098     1.85528     1.19832   0.0221165
        2099     1.86169     1.19864   0.0221082
        2100     1.86676     1.19896      0.0221
        2101     1.87085     1.19928   0.0220918
        2102     1.87365      1.1996   0.0220836
        2103     1.87508     1.19992   0.0220755
        2104     1.87559     1.20024   0.0220673
        2105     1.87513     1.20056   0.0220591
        2106     1.87369     1.20088    0.022051
        2107     1.87082      1.2012   0.0220428
        2108       1.867     1.20151   0.0220346
        2109     1.86133     1.20183   0.0220264
        2110     1.85483     1.20214   0.0220181
        2111     1.84806     1.20244   0.0220098
        2112     1.84013     1.20274   0.0220015
        2113     1.83161     1.20304   0.0219931
        2114     1.82166     1.20334   0.0219846
        2115     1.81109     1.20362   0.0219761
        2116      1.8005      1.2039   0.0219675
        2117     1.78975     1.20418   0.0219589
        2118     1.77849     1.20445   0.0219502
        2119     1.76681     1.20472   0.0219414
        2120     1.75484     1.20498   0.0219326
        2121      1.7429     1.20523   0.0219237
        2122     1.73208     1.20548   0.0219148
        2123     1.72103     1.20572   0.0219058
        2124     1.71056     1.20596   0.0218968
        2125     1.69957     1.20619   0.0218877
        2126     1.68934     1.20642   0.0218786
        2127     1.67995     1.20664   0.0218695
        2128     1.67243     1.20686   0.0218603
        2129     1.66445     1.20708   0.0218511
        2130     1.65726     1.20729   0.0218418
        2131     1.65043      1.2075   0.0218326
        2132     1.64472      1.2077   0.0218233
        2133     1.64014      1.2079    0.021814
        2134     1.63696      1.2081   0.0218047
        2135     1.63444      1.2083   0.0217954
        2136     1.63258      1.2085   0.0217861
        2137     1.63207      1.2087   0.0217768
        2138      1.6324      1.2089   0.0217676
        2139     1.63253      1.2091   0.0217583
        2140     1.63315     1.20929    0.021749
        2141     1.63441     1.20949   0.0217398
        2142     1.63791     1.20969   0.0217305
        2143     1.64093     1.20989   0.0217213
        2144     1.64433      1.2101   0.0217121
        2145      1.6473      1.2103    0.021703
        2146     1.65166     1.21051   0.0216938
        2147     1.65565     1.21071   0.0216847
        2148     1.66013     1.21092   0.0216756
        2149     1.66407     1.21113   0.0216666
        2150      1.6686     1.21135   0.0216575
        2151     1.67269     1.21156   0.0216485
        2152     1.67654     1.21178   0.0216396
        2153     1.67915     1.21199   0.0216306
        2154     1.68171     1.21221   0.0216216
        2155     1.68373     1.21243   0.0216127
        2156     1.68593     1.21265   0.0216038
        2157     1.68857     1.21287   0.0215949
        2158     1.69096     1.21309   0.0215861
        2159     1.69239     1.21332   0.0215772
        2160     1.69411     1.21354   0.0215684
        2161     1.69568     1.21376   0.0215595
        2162     1.69667     1.21398   0.0215507
        2163     1.69736     1.21421   0.0215419
        2164      1.6985     1.21443   0.0215331
        2165     1.69942     1.21466   0.0215243
        2166     1.70014     1.21488   0.0215156
        2167     1.70142      1.2151   0.0215068
        2168     1.70278     1.21533   0.0214981
        2169     1.70328     1.21555   0.0214893
        2170     1.70484     1.21578   0.0214806
        2171     1.70602     1.21601   0.0214719
        2172     1.70729     1.21623   0.0214632
        2173     1.70911     1.21646   0.0214545
        2174     1.71025     1.21669   0.0214459
        2175      1.7114     1.21691   0.0214372
        2176     1.71252     1.21714   0.0214286
        2177      1.7143     1.21737   0.0214199
        2178     1.71548      1.2176   0.0214113
        2179     1.71697     1.21783   0.0214027
        2180     1.71849     1.21806   0.0213941
        2181     1.71902     1.21829   0.0213856
        2182     1.71972     1.21852    0.021377
        2183     1.71955     1.21875   0.0213684
        2184     1.71897     1.21897   0.0213599
        2185      1.7184      1.2192   0.0213513
        2186     1.71804     1.21943   0.0213428
        2187     1.71593     1.21966   0.0213342
        2188     1.71346     1.21988   0.0213257
        2189     1.71038     1.22011   0.0213171
        2190     1.70691     1.22033   0.0213085
        2191     1.70254     1.22055   0.0212999
        2192     1.69798     1.22077   0.0212913
        2193      1.6925     1.22098   0.0212827
        2194     1.68515      1.2212   0.0212741
        2195     1.67714      1.2214   0.0212654
        2196     1.66968     1.22161   0.0212567
        2197     1.66086     1.22181    0.021248
        2198     1.65168       1.222   0.0212392
        2199     1.64266     1.22219   0.0212304
        2200     1.63188     1.22238   0.0212216
        2201     1.62181     1.22256   0.0212127
        2202     1.60983     1.22274   0.0212038
        2203     1.59863     1.22291   0.0211948
        2204     1.58658     1.22307   0.0211859
        2205     1.57541     1.22323   0.0211769
        2206     1.56323     1.22339   0.0211678
        2207     1.55011     1.22353   0.0211588
        2208     1.53705     1.22368   0.0211496
        2209     1.52411     1.22381   0.0211405
        2210     1.51132     1.22394   0.0211313
        2211     1.49753     1.22407   0.0211221
        2212     1.48472     1.22418   0.0211129
        2213     1.47195      1.2243   0.0211037
        2214     1.45953      1.2244   0.0210944
        2215     1.44652      1.2245   0.0210851
        2216     1.43392      1.2246   0.0210758
        2217     1.42105     1.22469   0.0210665
        2218     1.40889     1.22477   0.0210572
        2219     1.39748     1.22485   0.0210478
        2220     1.38612     1.22492   0.0210385
        2221     1.37433     1.22499   0.0210291
        2222     1.36287     1.22505   0.0210197
        2223     1.35199     1.22511   0.0210104
        2224     1.34193     1.22516    0.021001
        2225     1.33175     1.22521   0.0209916
        2226     1.32144     1.22525   0.0209822
        2227     1.31245     1.22529   0.0209728
        2228     1.30334     1.22532   0.0209634
        2229     1.29409     1.22535   0.0209541
        2230     1.28641     1.22538   0.0209447
        2231     1.27858     1.22541   0.0209353
        2232     1.27135     1.22543   0.0209259
        2233     1.26374     1.22544   0.0209166
        2234     1.25792     1.22546   0.0209072
        2235     1.25148     1.22547   0.0208979
        2236     1.24469     1.22548   0.0208885
        2237     1.23898     1.22548   0.0208792
        2238     1.23342     1.22549   0.0208699
        2239     1.22874     1.22549   0.0208605
        2240     1.22353     1.22549   0.0208512
        2241     1.21998     1.22549   0.0208419
        2242     1.21668     1.22548   0.0208326
        2243     1.21344     1.22548   0.0208233
        2244     1.21125     1.22547   0.0208141
        2245      1.2092     1.22546   0.0208048
        2246     1.20829     1.22546   0.0207955
        2247     1.20834     1.22545   0.0207863
        2248     1.20771     1.22544    0.020777
        2249     1.20886     1.22543   0.0207678
        2250      1.2099     1.22543   0.0207586
        2251     1.21233     1.22542   0.0207493
        2252     1.21595     1.22542   0.0207401
        2253     1.22079     1.22541   0.0207309
        2254     1.22641     1.22541   0.0207217
        2255     1.23306     1.22542   0.0207125
        2256     1.24174     1.22543   0.0207034
        2257     1.25076     1.22544   0.0206942
        2258     1.26132     1.22545    0.020685
        2259     1.27293     1.22547   0.0206759
        2260     1.28509      1.2255   0.0206667
        2261      1.2985     1.22553   0.0206576
        2262     1.31335     1.22557   0.0206485
        2263     1.32792     1.22562   0.0206395
        2264     1.34431     1.22567   0.0206304
        2265     1.36053     1.22573   0.0206214
        2266     1.37844      1.2258   0.0206124
        2267     1.39578     1.22587   0.0206034
        2268     1.41513     1.22595   0.0205945
        2269     1.43303     1.22604   0.0205856
        2270     1.45226     1.22614   0.0205768
        2271     1.47224     1.22625    0.020568
        2272     1.49265     1.22637   0.0205593
        2273     1.51241      1.2265   0.0205507
        2274     1.53238     1.22663   0.0205421
        2275     1.55272     1.22677   0.0205335
        2276     1.57235     1.22693   0.0205251
        2277      1.5919     1.22709   0.0205167
        2278     1.61032     1.22725   0.0205084
        2279     1.62921     1.22743   0.0205001
        2280     1.64727     1.22761    0.020492
        2281     1.66443     1.22781   0.0204839
        2282      1.6811       1.228   0.0204759
        2283     1.69671     1.22821   0.0204679
        2284     1.71194     1.22842   0.0204601
        2285     1.72577     1.22864   0.0204523
        2286     1.73836     1.22886   0.0204445
        2287     1.75017     1.22909   0.0204369
        2288     1.76139     1.22932   0.0204293
        2289     1.77004     1.22956   0.0204217
        2290       1.779      1.2298   0.0204142
        2291      1.7863     1.23004   0.0204067
        2292     1.79263     1.23029   0.0203993
        2293     1.79677     1.23053   0.0203919
        2294     1.80159     1.23078   0.0203845
        2295     1.80418     1.23103   0.0203772
        2296     1.80478     1.23128   0.0203698
        2297     1.80386     1.23153   0.0203625
        2298     1.80335     1.23178   0.0203552
        2299     1.80014     1.23203   0.0203478
        2300     1.79618     1.23227   0.0203404
        2301     1.79101     1.23252    0.020333
        2302     1.78445     1.23276   0.0203256
        2303      1.7768     1.23299   0.0203182
        2304     1.76811     1.23323   0.0203107
        2305     1.75945     1.23345   0.0203031
        2306     1.74875     1.23368   0.0202956
        2307      1.7378      1.2339    0.020288
        2308     1.72696     1.23411   0.0202803
        2309      1.7147     1.23432   0.0202726
        2310     1.70258     1.23452   0.0202648
        2311     1.68981     1.23472    0.020257
        2312     1.67749     1.23491   0.0202491
        2313     1.66457     1.23509   0.0202412
        2314     1.65168     1.23527   0.0202333
        2315     1.64065     1.23545   0.0202253
        2316     1.62992     1.23562   0.0202173
        2317     1.61962     1.23579   0.0202092
        2318      1.6096     1.23595   0.0202012
        2319     1.60023      1.2361   0.0201931
        2320     1.59228     1.23626    0.020185
        2321     1.58509     1.23641   0.0201768
        2322     1.57943     1.23656   0.0201687
        2323     1.57411      1.2367   0.0201605
        2324     1.57083     1.23684   0.0201523
        2325     1.56835     1.23699   0.0201442
        2326     1.56666     1.23713    0.020136
        2327      1.5662     1.23727   0.0201279
        2328     1.56617     1.23741   0.0201197
        2329     1.56747     1.23755   0.0201116
        2330     1.56978      1.2377   0.0201034
        2331     1.57157     1.23784   0.0200953
        2332     1.57492     1.23798   0.0200872
        2333       1.579     1.23813   0.0200792
        2334     1.58299     1.23828   0.0200711
        2335     1.58704     1.23843   0.0200631
        2336     1.59129     1.23858    0.020055
        2337      1.5954     1.23873    0.020047
        2338     1.60002     1.23888   0.0200391
        2339      1.6048     1.23904   0.0200311
        2340     1.61014      1.2392   0.0200232
        2341     1.61405     1.23936   0.0200153
        2342     1.61862     1.23952   0.0200074
        2343     1.62186     1.23969   0.0199995
        2344     1.62493     1.23985   0.0199916
        2345     1.62825     1.24002   0.0199838
        2346      1.6301     1.24018    0.019976
        2347     1.63164     1.24035   0.0199682
        2348     1.63213     1.24052   0.0199603
        2349     1.63225     1.24068   0.0199525
        2350     1.63225     1.24085   0.0199448
        2351     1.63188     1.24101    0.019937
        2352     1.63042     1.24118   0.0199292
        2353      1.6286     1.24135   0.0199214
        2354     1.62623     1.24151   0.0199136
        2355     1.62286     1.24167   0.0199058
        2356     1.61925     1.24183    0.019898
        2357     1.61498     1.24199   0.0198902
        2358     1.61061     1.24215   0.0198824
        2359     1.60574      1.2423   0.0198745
        2360     1.60069     1.24245   0.0198667
        2361     1.59654      1.2426   0.0198588
        2362     1.59121     1.24275    0.019851
        2363     1.58603     1.24289   0.0198431
        2364      1.5828     1.24304   0.0198352
        2365       1.579     1.24318   0.0198274
        2366     1.57523     1.24332   0.0198195
        2367     1.57211     1.24346   0.0198116
        2368     1.56952      1.2436   0.0198037
        2369     1.56855     1.24373   0.0197958
        2370      1.5686     1.24387   0.0197879
        2371     1.57002     1.24401   0.0197801
        2372     1.57268     1.24415   0.0197722
        2373     1.57571     1.24429   0.0197644
        2374      1.5809     1.24443   0.0197566
        2375     1.58663     1.24457   0.0197488
        2376     1.59464     1.24472    0.019741
        2377     1.60427     1.24487   0.0197333
        2378      1.6153     1.24503   0.0197256
        2379     1.62847     1.24519    0.019718
        2380      1.6428     1.24536   0.0197104
        2381     1.65946     1.24553   0.0197029
        2382     1.67744     1.24571   0.0196954
        2383     1.69665      1.2459   0.0196881
        2384     1.71723      1.2461   0.0196808
        2385     1.73807      1.2463   0.0196736
        2386     1.76167     1.24652   0.0196666
        2387     1.78566     1.24675   0.0196596
        2388     1.80934     1.24698   0.0196528
        2389     1.83441     1.24723   0.0196461
        2390     1.85941     1.24748   0.0196396
        2391     1.88429     1.24775   0.0196332
        2392     1.90877     1.24803   0.0196269
        2393     1.93331     1.24831   0.0196208
        2394     1.95618     1.24861   0.0196148
        2395      1.9776     1.24891    0.019609
        2396     1.99806     1.24923   0.0196033
        2397     2.01711     1.24955   0.0195978
        2398     2.03385     1.24987   0.0195923
        2399     2.04864     1.25021    0.019587
        2400     2.06164     1.25054   0.0195817
        2401     2.07232     1.25089   0.0195766
        2402     2.08021     1.25123   0.0195715
        2403     2.08608     1.25158   0.0195664
        2404     2.09073     1.25193   0.0195614
        2405     2.09355     1.25228   0.0195564
        2406     2.09538     1.25263   0.0195514
        2407      2.0952     1.25298   0.0195464
        2408     2.09363     1.25333   0.0195414
        2409     2.09036     1.25367   0.0195364
        2410     2.08652     1.25402   0.0195313
        2411     2.08106     1.25436   0.0195262
        2412     2.07535      1.2547   0.0195211
        2413     2.06855     1.25504   0.0195159
        2414       2.062     1.25538   0.0195107
        2415     2.05437     1.25571   0.0195054
        2416     2.04721     1.25603   0.0195001
        2417     2.03917     1.25636   0.0194947
        2418     2.03175     1.25668   0.0194893
        2419     2.02432       1.257   0.0194838
        2420     2.01692     1.25731   0.0194783
        2421     2.00911     1.25762   0.0194727
        2422      2.0019     1.25793   0.0194671
        2423     1.99459     1.25823   0.0194615
        2424      1.9867     1.25853   0.0194558
        2425     1.97994     1.25883     0.01945
        2426     1.97285     1.25912   0.0194442
        2427     1.96591     1.25942   0.0194384
        2428     1.95911      1.2597   0.0194325
        2429     1.95289     1.25999   0.0194266
        2430       1.947     1.26027   0.0194207
        2431     1.94091     1.26055   0.0194147
        2432     1.93434     1.26083   0.0194087
        2433     1.92749      1.2611   0.0194026
        2434     1.92176     1.26137   0.0193966
        2435     1.91493     1.26164   0.0193905
        2436     1.90839     1.26191   0.0193843
        2437     1.90115     1.26217   0.0193781
        2438     1.89412     1.26243   0.0193719
        2439      1.8863     1.26269   0.0193657
        2440     1.87863     1.26294   0.0193594
        2441     1.87012     1.26319   0.0193531
        2442     1.86126     1.26343   0.0193467
        2443     1.85179     1.26367   0.0193403
        2444     1.84245     1.26391   0.0193338
        2445     1.83255     1.26414   0.0193273
        2446     1.82235     1.26437   0.0193207
        2447     1.81165     1.26459   0.0193141
        2448     1.80026     1.26481   0.0193075
        2449     1.78994     1.26503   0.0193008
        2450     1.77929     1.26524    0.019294
        2451      1.7679     1.26544   0.0192873
        2452     1.75728     1.26564   0.0192804
        2453     1.74702     1.26584   0.0192736
        2454     1.73645     1.26603   0.0192667
        2455     1.72564     1.26622   0.0192597
        2456     1.71583      1.2664   0.0192528
        2457     1.70635     1.26658   0.0192458
        2458     1.69723     1.26675   0.0192387
        2459     1.68897     1.26693   0.0192317
        2460     1.68111     1.26709   0.0192246
        2461     1.67317     1.26726   0.0192175
        2462     1.66562     1.26742   0.0192104
        2463     1.65871     1.26758   0.0192032
        2464     1.65192     1.26774   0.0191961
        2465     1.64619     1.26789   0.0191889
        2466     1.64078     1.26804   0.0191817
        2467     1.63517     1.26819   0.0191745
        2468     1.62957     1.26834   0.0191673
        2469     1.62467     1.26848   0.0191601
        2470     1.61949     1.26862   0.0191528
        2471     1.61543     1.26876   0.0191456
        2472     1.61055      1.2689   0.0191384
        2473     1.60579     1.26904   0.0191311
        2474     1.60114     1.26917   0.0191238
        2475     1.59683      1.2693   0.0191166
        2476     1.59188     1.26943   0.0191093
        2477     1.58846     1.26956    0.019102
        2478     1.58417     1.26969   0.0190947
        2479     1.58023     1.26982   0.0190874
        2480      1.5764     1.26994   0.0190801
        2481      1.5727     1.27006   0.0190728
        2482     1.56891     1.27018   0.0190655
        2483     1.56505      1.2703   0.0190582
        2484     1.56161     1.27042   0.0190509
        2485     1.55767     1.27053   0.0190436
        2486     1.55493     1.27065   0.0190363
        2487     1.55244     1.27076    0.019029
        2488     1.54998     1.27087   0.0190217
        2489     1.54783     1.27098   0.0190143
        2490     1.54646      1.2711    0.019007
        2491     1.54543     1.27121   0.0189997
        2492     1.54448     1.27131   0.0189924
        2493     1.54364     1.27142   0.0189851
        2494     1.54385     1.27153   0.0189778
        2495     1.54369     1.27164   0.0189705
        2496     1.54459     1.27175   0.0189632
        2497     1.54461     1.27186   0.0189559
        2498     1.54542     1.27197   0.0189487
        2499     1.54605     1.27208   0.0189414
        2500     1.54815     1.27219   0.0189342
        2501     1.54977      1.2723   0.0189269
        2502     1.55233     1.27241   0.0189197
        2503      1.5541     1.27253   0.0189125
        2504     1.55674     1.27264   0.0189052
        2505     1.55874     1.27275    0.018898
        2506     1.56056     1.27287   0.0188908
        2507     1.56333     1.27298   0.0188837
        2508     1.56605      1.2731   0.0188765
        2509     1.56889     1.27322   0.0188693
        2510      1.5706     1.27334   0.0188622
        2511     1.57207     1.27346   0.0188551
        2512     1.57301     1.27358   0.0188479
        2513     1.57383      1.2737   0.0188408
        2514     1.57494     1.27382   0.0188337
        2515     1.57556     1.27394   0.0188266
        2516     1.57514     1.27406   0.0188195
        2517     1.57411     1.27417   0.0188124
        2518     1.57265     1.27429   0.0188053
        2519     1.57045     1.27441   0.0187982
        2520     1.56748     1.27453   0.0187911
        2521     1.56321     1.27464    0.018784
        2522     1.55832     1.27475   0.0187769
        2523     1.55256     1.27486   0.0187698
        2524     1.54566     1.27497   0.0187626
        2525     1.53786     1.27508   0.0187555
        2526     1.52988     1.27518   0.0187483
        2527     1.52102     1.27527   0.0187412
        2528     1.51058     1.27537    0.018734
        2529     1.50004     1.27546   0.0187268
        2530     1.48945     1.27554   0.0187196
        2531     1.47695     1.27562   0.0187123
        2532     1.46357     1.27569   0.0187051
        2533     1.45012     1.27576   0.0186978
        2534     1.43643     1.27583   0.0186906
        2535     1.42164     1.27588   0.0186833
        2536     1.40682     1.27594    0.018676
        2537     1.39158     1.27598   0.0186687
        2538     1.37556     1.27602   0.0186614
        2539     1.36077     1.27605   0.0186541
        2540      1.3459     1.27608   0.0186467
        2541     1.33152      1.2761   0.0186394
        2542     1.31799     1.27612   0.0186321
        2543      1.3037     1.27613   0.0186248
        2544      1.2902     1.27614   0.0186174
        2545     1.27757     1.27614   0.0186101
        2546     1.26542     1.27613   0.0186028
        2547     1.25405     1.27612   0.0185955
        2548     1.24473     1.27611   0.0185882
        2549      1.2351     1.27609   0.0185809
        2550     1.22668     1.27608   0.0185737
        2551     1.21924     1.27605   0.0185664
        2552     1.21283     1.27603   0.0185591
        2553     1.20747       1.276   0.0185519
        2554     1.20246     1.27597   0.0185446
        2555     1.19902     1.27594   0.0185374
        2556     1.19619     1.27591   0.0185302
        2557     1.19542     1.27588    0.018523
        2558     1.19526     1.27585   0.0185157
        2559     1.19643     1.27582   0.0185085
        2560     1.19843     1.27579   0.0185013
        2561     1.20173     1.27576   0.0184941
        2562      1.2068     1.27573   0.0184869
        2563     1.21168     1.27571   0.0184797
        2564     1.21852     1.27568   0.0184725
        2565      1.2256     1.27566   0.0184653
        2566     1.23337     1.27565   0.0184582
        2567     1.24203     1.27563    0.018451
        2568     1.25228     1.27563   0.0184438
        2569     1.26359     1.27562   0.0184366
        2570     1.27519     1.27562   0.0184294
        2571     1.28727     1.27563   0.0184223
        2572     1.30004     1.27563   0.0184151
        2573     1.31343     1.27565    0.018408
        2574      1.3274     1.27567   0.0184008
        2575     1.34236      1.2757   0.0183937
        2576     1.35756     1.27573   0.0183866
        2577     1.37365     1.27577   0.0183795
        2578     1.38915     1.27581   0.0183724
        2579     1.40543     1.27586   0.0183653
        2580     1.42196     1.27592   0.0183583
        2581     1.43893     1.27598   0.0183513
        2582     1.45557     1.27605   0.0183443
        2583     1.47231     1.27612   0.0183374
        2584     1.48936     1.27621   0.0183305
        2585     1.50642      1.2763   0.0183236
        2586      1.5232     1.27639   0.0183168
        2587      1.5404     1.27649     0.01831
        2588     1.55796      1.2766   0.0183032
        2589     1.57514     1.27672   0.0182965
        2590     1.59165     1.27684   0.0182899
        2591     1.60769     1.27697   0.0182832
        2592     1.62373      1.2771   0.0182767
        2593     1.63947     1.27724   0.0182702
        2594     1.65441     1.27739   0.0182637
        2595     1.66947     1.27754   0.0182573
        2596      1.6839     1.27769   0.0182509
        2597     1.69839     1.27786   0.0182446
        2598     1.71265     1.27802   0.0182384
        2599     1.72593      1.2782   0.0182322
        2600     1.73818     1.27837    0.018226
        2601     1.75057     1.27855   0.0182199
        2602     1.76161     1.27874   0.0182138
        2603     1.77223     1.27893   0.0182078
        2604     1.78285     1.27912   0.0182019
        2605     1.79127     1.27932   0.0181959
        2606     1.79985     1.27952   0.0181901
        2607      1.8083     1.27972   0.0181842
        2608     1.81587     1.27993   0.0181784
        2609     1.82107     1.28014   0.0181726
        2610      1.8258     1.28034   0.0181669
        2611     1.82979     1.28055   0.0181611
        2612     1.83351     1.28077   0.0181554
        2613      1.8355     1.28098   0.0181497
        2614     1.83672     1.28119    0.018144
        2615     1.83643      1.2814   0.0181383
        2616      1.8366     1.28162   0.0181326
        2617     1.83409     1.28183   0.0181269
        2618     1.83088     1.28204   0.0181212
        2619     1.82748     1.28224   0.0181155
        2620     1.82249     1.28245   0.0181097
        2621     1.81716     1.28266    0.018104
        2622     1.81061     1.28286   0.0180982
        2623     1.80384     1.28305   0.0180924
        2624     1.79573     1.28325   0.0180865
        2625     1.78732     1.28344   0.0180807
        2626     1.77818     1.28363   0.0180748
        2627     1.76889     1.28382   0.0180688
        2628     1.76046       1.284   0.0180629
        2629      1.7508     1.28417   0.0180569
        2630     1.74072     1.28435   0.0180508
        2631     1.73025     1.28452   0.0180448
        2632     1.71996     1.28468   0.0180387
        2633     1.70965     1.28484   0.0180325
        2634     1.69937       1.285   0.0180264
        2635     1.68966     1.28516   0.0180202
        2636     1.68006     1.28531    0.018014
        2637     1.67062     1.28545   0.0180077
        2638     1.66136     1.28559   0.0180015
        2639     1.65232     1.28573   0.0179952
        2640     1.64205     1.28587   0.0179889
        2641     1.63323       1.286   0.0179826
        2642     1.62467     1.28613   0.0179762
        2643     1.61564     1.28625   0.0179698
        2644     1.60761     1.28637   0.0179634
        2645     1.59985     1.28649    0.017957
        2646     1.59116     1.28661   0.0179506
        2647     1.58466     1.28672   0.0179442
        2648     1.57748     1.28683   0.0179378
        2649     1.57153     1.28694   0.0179313
        2650     1.56465     1.28704   0.0179249
        2651     1.55803     1.28714   0.0179184
        2652     1.55242     1.28724   0.0179119
        2653     1.54732     1.28734   0.0179054
        2654     1.54155     1.28744   0.0178989
        2655     1.53607     1.28753   0.0178924
        2656     1.53161     1.28762   0.0178859
        2657     1.52724     1.28771   0.0178794
        2658     1.52247      1.2878   0.0178729
        2659     1.51901     1.28789   0.0178664
        2660     1.51591     1.28797   0.0178599
        2661     1.51319     1.28806   0.0178534
        2662     1.51061     1.28814   0.0178469
        2663     1.50939     1.28823   0.0178404
        2664     1.50785     1.28831   0.0178339
        2665     1.50622     1.28839   0.0178274
        2666     1.50547     1.28847   0.0178209
        2667     1.50388     1.28855   0.0178144
        2668     1.50313     1.28863   0.0178079
        2669     1.50293     1.28871   0.0178014
        2670     1.50325     1.28879   0.0177949
        2671     1.50405     1.28887   0.0177884
        2672     1.50453     1.28895   0.0177819
        2673     1.50534     1.28904   0.0177755
        2674     1.50642     1.28912    0.017769
        2675     1.50743      1.2892   0.0177625
        2676     1.50804     1.28928   0.0177561
        2677      1.5084     1.28936   0.0177497
        2678     1.50818     1.28944   0.0177432
        2679     1.50824     1.28953   0.0177368
        2680     1.50678     1.28961   0.0177303
        2681     1.50518     1.28969   0.0177239
        2682     1.50309     1.28977   0.0177175
        2683     1.49947     1.28984   0.0177111
        2684     1.49546     1.28992   0.0177046
        2685     1.49076        1.29   0.0176982
        2686     1.48411     1.29007   0.0176917
        2687     1.47693     1.29014   0.0176853
        2688     1.46849      1.2902   0.0176788
        2689     1.45974     1.29027   0.0176724
        2690     1.44974     1.29033   0.0176659
        2691     1.43923     1.29038   0.0176594
        2692     1.42683     1.29043   0.0176529
        2693     1.41378     1.29048   0.0176464
        2694     1.39994     1.29052   0.0176399
        2695     1.38561     1.29055   0.0176334
        2696     1.37091     1.29058   0.0176269
        2697      1.3564     1.29061   0.0176204
        2698     1.34101     1.29063   0.0176139
        2699     1.32484     1.29064   0.0176074
        2700      1.3085     1.29065   0.0176008
        2701     1.29163     1.29065   0.0175943
        2702     1.27604     1.29064   0.0175878
        2703     1.25944     1.29063   0.0175813
        2704     1.24364     1.29061   0.0175748
        2705     1.22804     1.29059   0.0175683
        2706       1.213     1.29056   0.0175619
        2707     1.19862     1.29053   0.0175554
        2708     1.18549     1.29049    0.017549
        2709     1.17274     1.29044   0.0175425
        2710     1.16143      1.2904   0.0175361
        2711      1.1502     1.29035   0.0175297
        2712     1.14032     1.29029   0.0175234
        2713     1.13189     1.29023    0.017517
        2714     1.12519     1.29017   0.0175107
        2715     1.12005     1.29011   0.0175043
        2716     1.11555     1.29004    0.017498
        2717     1.11319     1.28998   0.0174917
        2718     1.11203     1.28991   0.0174854
        2719      1.1121     1.28985    0.017479
        2720     1.11414     1.28978   0.0174727
        2721     1.11696     1.28972   0.0174664
        2722     1.12103     1.28966   0.0174601
        2723     1.12611      1.2896   0.0174538
        2724     1.13362     1.28954   0.0174475
        2725     1.14182     1.28949   0.0174412
        2726     1.15309     1.28944   0.0174349
        2727     1.16471     1.28939   0.0174285
        2728     1.17731     1.28935   0.0174222
        2729     1.19203     1.28931   0.0174158
        2730     1.20682     1.28928   0.0174095
        2731     1.22228     1.28926   0.0174031
        2732     1.23877     1.28924   0.0173968
        2733      1.2559     1.28923   0.0173904
        2734     1.27448     1.28922    0.017384
        2735     1.29193     1.28922   0.0173777
        2736     1.30953     1.28923   0.0173713
        2737     1.32833     1.28925    0.017365
        2738      1.3467     1.28927   0.0173587
        2739     1.36473     1.28929   0.0173524
        2740     1.38202     1.28933   0.0173461
        2741     1.39869     1.28937   0.0173398
        2742     1.41484     1.28941   0.0173335
        2743     1.43037     1.28947   0.0173273
        2744     1.44473     1.28952    0.017321
        2745     1.45736     1.28958   0.0173148
        2746     1.46847     1.28965   0.0173087
        2747      1.4795     1.28972   0.0173025
        2748     1.48949     1.28979   0.0172964
        2749     1.49896     1.28987   0.0172902
        2750     1.50699     1.28994   0.0172841
        2751      1.5151     1.29003    0.017278
        2752     1.52096     1.29011    0.017272
        2753     1.52706      1.2902   0.0172659
        2754     1.53158     1.29028   0.0172599
        2755     1.53581     1.29037   0.0172538
        2756     1.53937     1.29046   0.0172478
        2757     1.54333     1.29056   0.0172418
        2758     1.54681     1.29065   0.0172358
        2759     1.54941     1.29074   0.0172298
        2760     1.55242     1.29084   0.0172238
        2761     1.55542     1.29093   0.0172178
        2762     1.55871     1.29103   0.0172119
        2763     1.56211     1.29113   0.0172059
        2764     1.56613     1.29123      0.0172
        2765      1.5696     1.29133   0.0171941
        2766      1.5728     1.29143   0.0171881
        2767     1.57646     1.29153   0.0171822
        2768     1.58035     1.29164   0.0171764
        2769     1.58543     1.29174   0.0171705
        2770     1.59076     1.29185   0.0171646
        2771     1.59583     1.29196   0.0171588
        2772     1.60114     1.29207   0.0171529
        2773     1.60641     1.29219   0.0171471
        2774     1.61238      1.2923   0.0171413
        2775      1.6178     1.29242   0.0171356
        2776     1.62364     1.29254   0.0171298
        2777     1.62986     1.29266   0.0171241
        2778     1.63549     1.29278   0.0171184
        2779     1.64195     1.29291   0.0171127
        2780      1.6485     1.29304    0.017107
        2781     1.65511     1.29317   0.0171013
        2782     1.66176      1.2933   0.0170957
        2783      1.6689     1.29343   0.0170901
        2784     1.67604     1.29357   0.0170845
        2785     1.68289     1.29371   0.0170789
        2786     1.68871     1.29385   0.0170734
        2787      1.6954       1.294   0.0170679
        2788     1.70126     1.29414   0.0170624
        2789     1.70768     1.29429   0.0170569
        2790     1.71394     1.29444   0.0170514
        2791     1.71976     1.29459    0.017046
        2792     1.72488     1.29475   0.0170406
        2793     1.73071      1.2949   0.0170352
        2794     1.73651     1.29506   0.0170299
        2795     1.74105     1.29522   0.0170245
        2796     1.74577     1.29538   0.0170192
        2797     1.74991     1.29555   0.0170139
        2798     1.75347     1.29571   0.0170086
        2799     1.75716     1.29587   0.0170033
        2800     1.76049     1.29604    0.016998
        2801     1.76272     1.29621   0.0169928
        2802     1.76506     1.29637   0.0169876
        2803     1.76679     1.29654   0.0169823
        2804     1.76862     1.29671   0.0169771
        2805     1.77009     1.29688   0.0169719
        2806     1.77193     1.29705   0.0169667
        2807     1.77221     1.29722   0.0169615
        2808     1.77313     1.29739   0.0169563
        2809     1.77373     1.29756   0.0169511
        2810     1.77283     1.29773   0.0169459
        2811     1.77383      1.2979   0.0169407
        2812     1.77241     1.29806   0.0169355
        2813     1.77124     1.29823   0.0169304
        2814     1.76964      1.2984   0.0169252
        2815     1.76761     1.29857     0.01692
        2816     1.76544     1.29873   0.0169148
        2817     1.76387      1.2989   0.0169096
        2818     1.76125     1.29906   0.0169044
        2819      1.7588     1.29922   0.0168992
        2820     1.75631     1.29939    0.016894
        2821     1.75403     1.29955   0.0168887
        2822     1.75177     1.29971   0.0168835
        2823     1.74955     1.29987   0.0168783
        2824     1.74714     1.30003    0.016873
        2825     1.74456     1.30018   0.0168678
        2826     1.74256     1.30034   0.0168626
        2827     1.74164      1.3005   0.0168573
        2828     1.74038     1.30065   0.0168521
        2829     1.73901     1.30081   0.0168468
        2830     1.73805     1.30096   0.0168416
        2831     1.73725     1.30111   0.0168363
        2832     1.73641     1.30127   0.0168311
        2833     1.73624     1.30142   0.0168259
        2834     1.73579     1.30158   0.0168206
        2835     1.73555     1.30173   0.0168154
        2836     1.73578     1.30188   0.0168102
        2837     1.73454     1.30203   0.0168049
        2838     1.73497     1.30219   0.0167997
        2839      1.7354     1.30234   0.0167945
        2840     1.73655     1.30249   0.0167892
        2841     1.73795     1.30265    0.016784
        2842     1.73959      1.3028   0.0167788
        2843     1.74125     1.30295   0.0167736
        2844     1.74291     1.30311   0.0167685
        2845     1.74532     1.30326   0.0167633
        2846     1.74846     1.30342   0.0167581
        2847     1.75088     1.30358    0.016753
        2848     1.75333     1.30373   0.0167478
        2849     1.75602     1.30389   0.0167427
        2850     1.75898     1.30405   0.0167376
        2851     1.76268     1.30421   0.0167325
        2852     1.76663     1.30438   0.0167274
        2853     1.77108     1.30454   0.0167224
        2854     1.77578      1.3047   0.0167173
        2855     1.78026     1.30487   0.0167123
        2856     1.78595     1.30504   0.0167073
        2857     1.79068     1.30521   0.0167023
        2858     1.79638     1.30538   0.0166973
        2859     1.80161     1.30556   0.0166924
        2860     1.80635     1.30573   0.0166875
        2861     1.81301     1.30591   0.0166826
        2862     1.81894     1.30609   0.0166777
        2863     1.82508     1.30627   0.0166729
        2864     1.83167     1.30645   0.0166681
        2865     1.83798     1.30664   0.0166633
        2866     1.84568     1.30683   0.0166585
        2867     1.85426     1.30702   0.0166538
        2868     1.86202     1.30721   0.0166491
        2869     1.86967     1.30741   0.0166445
        2870     1.87717      1.3076   0.0166399
        2871     1.88499     1.30781   0.0166353
        2872     1.89308     1.30801   0.0166307
        2873     1.90093     1.30822   0.0166262
        2874     1.90851     1.30842   0.0166218
        2875     1.91599     1.30864   0.0166173
        2876     1.92359     1.30885   0.0166129
        2877     1.93125     1.30907   0.0166086
        2878     1.93842     1.30928   0.0166042
        2879     1.94506     1.30951   0.0165999
        2880     1.95278     1.30973   0.0165957
        2881     1.95887     1.30995   0.0165914
        2882     1.96495     1.31018   0.0165872
        2883        1.97     1.31041   0.0165831
        2884     1.97466     1.31064   0.0165789
        2885     1.97766     1.31087   0.0165748
        2886     1.98087      1.3111   0.0165707
        2887     1.98302     1.31134   0.0165666
        2888     1.98476     1.31157   0.0165625
        2889     1.98508      1.3118   0.0165584
        2890      1.9844     1.31204   0.0165543
        2891      1.9822     1.31227   0.0165502
        2892     1.97989      1.3125   0.0165461
        2893     1.97624     1.31273   0.0165419
        2894     1.97145     1.31296   0.0165378
        2895     1.96578     1.31318   0.0165336
        2896     1.95776      1.3134   0.0165294
        2897     1.94932     1.31362   0.0165251
        2898     1.93906     1.31384   0.0165209
        2899     1.92891     1.31405   0.0165165
        2900     1.91772     1.31426   0.0165121
        2901     1.90553     1.31446   0.0165077
        2902     1.89239     1.31466   0.0165032
        2903     1.87764     1.31486   0.0164987
        2904     1.86351     1.31505   0.0164941
        2905     1.84718     1.31523   0.0164894
        2906      1.8309     1.31541   0.0164847
        2907     1.81401     1.31558   0.0164799
        2908     1.79636     1.31574   0.0164751
        2909     1.77778      1.3159   0.0164702
        2910     1.75883     1.31605   0.0164652
        2911     1.73983      1.3162   0.0164602
        2912     1.72037     1.31634   0.0164551
        2913     1.70101     1.31647     0.01645
        2914      1.6811      1.3166   0.0164448
        2915     1.66191     1.31671   0.0164396
        2916     1.64256     1.31683   0.0164344
        2917      1.6231     1.31693   0.0164291
        2918     1.60481     1.31703   0.0164237
        2919     1.58558     1.31712   0.0164184
        2920     1.56692     1.31721    0.016413
        2921      1.5484     1.31729   0.0164075
        2922     1.53082     1.31736   0.0164021
        2923     1.51373     1.31743   0.0163966
        2924     1.49721     1.31749   0.0163911
        2925     1.48154     1.31754   0.0163856
        2926     1.46605     1.31759   0.0163801
        2927     1.45127     1.31764   0.0163746
        2928     1.43773     1.31768    0.016369
        2929     1.42498     1.31772   0.0163635
        2930     1.41236     1.31775   0.0163579
        2931     1.40061     1.31778   0.0163524
        2932     1.39049      1.3178   0.0163468
        2933     1.38083     1.31782   0.0163412
        2934     1.37357     1.31784   0.0163357
        2935     1.36681     1.31786   0.0163301
        2936     1.36057     1.31787   0.0163246
        2937     1.35559     1.31789    0.016319
        2938     1.35138      1.3179   0.0163135
        2939     1.34748     1.31791   0.0163079
        2940     1.34435     1.31792   0.0163024
        2941     1.34248     1.31793   0.0162968
        2942     1.34258     1.31793   0.0162913
        2943     1.34273     1.31794   0.0162858
        2944     1.34458     1.31795   0.0162802
        2945     1.34694     1.31796   0.0162747
        2946     1.34976     1.31797   0.0162692
        2947      1.3545     1.31799   0.0162637
        2948     1.36063       1.318   0.0162582
        2949     1.36791     1.31802   0.0162527
        2950     1.37534     1.31804   0.0162472
        2951     1.38362     1.31806   0.0162417
        2952      1.3925     1.31808   0.0162362
        2953     1.40219     1.31811   0.0162307
        2954     1.41314     1.31814   0.0162253
        2955     1.42412     1.31818   0.0162198
        2956     1.43631     1.31822   0.0162144
        2957     1.44943     1.31826   0.0162089
        2958     1.46297     1.31831   0.0162035
        2959     1.47665     1.31837   0.0161982
        2960     1.49139     1.31843   0.0161928
        2961     1.50521     1.31849   0.0161874
        2962     1.52047     1.31856   0.0161821
        2963     1.53664     1.31863   0.0161768
        2964      1.5534     1.31871   0.0161716
        2965     1.56975     1.31879   0.0161663
        2966     1.58704     1.31888   0.0161611
        2967     1.60472     1.31898    0.016156
        2968     1.62127     1.31908   0.0161508
        2969     1.63805     1.31919   0.0161458
        2970     1.65571      1.3193   0.0161407
        2971     1.67294     1.31942   0.0161357
        2972     1.68917     1.31955   0.0161308
        2973     1.70456     1.31968   0.0161259
        2974     1.72048     1.31981    0.016121
        2975     1.73539     1.31995   0.0161162
        2976     1.75042      1.3201   0.0161114
        2977     1.76452     1.32024   0.0161067
        2978     1.77667      1.3204    0.016102
        2979     1.78897     1.32056   0.0160974
        2980     1.79967     1.32072   0.0160928
        2981     1.80969     1.32088   0.0160882
        2982     1.81898     1.32105   0.0160837
        2983     1.82727     1.32122   0.0160792
        2984      1.8355     1.32139   0.0160748
        2985     1.84245     1.32156   0.0160703
        2986     1.84837     1.32174   0.0160659
        2987     1.85254     1.32192   0.0160615
        2988     1.85642      1.3221   0.0160571
        2989      1.8586     1.32228   0.0160528
        2990     1.86007     1.32246   0.0160484
        2991     1.86042     1.32264    0.016044
        2992     1.85968     1.32282   0.0160397
        2993      1.8589     1.32299   0.0160353
        2994     1.85742     1.32317    0.016031
        2995     1.85436     1.32335   0.0160266
        2996     1.85123     1.32353   0.0160222
        2997      1.8491      1.3237   0.0160178
        2998     1.84539     1.32388   0.0160134
        2999     1.84091     1.32405    0.016009
        3000     1.83694     1.32422   0.0160046
        3001      1.8326     1.32439   0.0160001
        3002     1.82842     1.32456   0.0159957
        3003     1.82423     1.32472   0.0159912
        3004     1.81909     1.32489   0.0159868
        3005     1.81448     1.32505   0.0159823
        3006     1.80969     1.32521   0.0159778
        3007     1.80569     1.32537   0.0159733
        3008     1.80172     1.32553   0.0159687
        3009     1.79775     1.32569   0.0159642
        3010     1.79326     1.32584   0.0159596
        3011      1.7889       1.326   0.0159551
        3012     1.78507     1.32615   0.0159505
        3013     1.77977      1.3263   0.0159459
        3014      1.7751     1.32645   0.0159413
        3015     1.76974     1.32659   0.0159367
        3016     1.76364     1.32674   0.0159321
        3017     1.75743     1.32688   0.0159275
        3018     1.75033     1.32702   0.0159228
        3019     1.74253     1.32716   0.0159181
        3020     1.73425      1.3273   0.0159134
        3021      1.7245     1.32743   0.0159087
        3022     1.71451     1.32755    0.015904
        3023      1.7038     1.32768   0.0158992
        3024     1.69244      1.3278   0.0158944
        3025     1.67998     1.32792   0.0158895
        3026     1.66747     1.32803   0.0158847
        3027     1.65403     1.32814   0.0158798
        3028     1.64047     1.32824   0.0158749
        3029     1.62639     1.32834     0.01587
        3030     1.61216     1.32843    0.015865
        3031     1.59857     1.32852     0.01586
        3032     1.58428      1.3286    0.015855
        3033     1.57009     1.32868     0.01585
        3034     1.55634     1.32876   0.0158449
        3035     1.54259     1.32883   0.0158399
        3036     1.52942      1.3289   0.0158348
        3037     1.51685     1.32896   0.0158297
        3038     1.50399     1.32902   0.0158246
        3039     1.49231     1.32907   0.0158195
        3040     1.48063     1.32912   0.0158144
        3041     1.47018     1.32917   0.0158092
        3042     1.45979     1.32921   0.0158041
        3043     1.45065     1.32925   0.0157989
        3044      1.4411     1.32929   0.0157938
        3045      1.4321     1.32932   0.0157886
        3046      1.4234     1.32935   0.0157835
        3047     1.41572     1.32938   0.0157783
        3048     1.40881      1.3294   0.0157732
        3049     1.40217     1.32943    0.015768
        3050     1.39555     1.32945   0.0157629
        3051     1.39013     1.32947   0.0157577
        3052     1.38541     1.32949   0.0157526
        3053     1.38065      1.3295   0.0157474
        3054     1.37605     1.32952   0.0157423
        3055     1.37208     1.32953   0.0157371
        3056     1.36822     1.32955    0.015732
        3057     1.36443     1.32956   0.0157268
        3058      1.3614     1.32957   0.0157217
        3059      1.3586     1.32958   0.0157166
        3060     1.35601     1.32959   0.0157114
        3061     1.35286     1.32959   0.0157063
        3062     1.35031      1.3296   0.0157012
        3063     1.34832     1.32961    0.015696
        3064     1.34636     1.32961   0.0156909
        3065     1.34367     1.32962   0.0156858
        3066     1.34118     1.32962   0.0156807
        3067     1.33908     1.32962   0.0156756
        3068     1.33712     1.32963   0.0156705
        3069     1.33404     1.32963   0.0156654
        3070     1.33152     1.32963   0.0156603
        3071     1.32834     1.32963   0.0156552
        3072     1.32496     1.32963   0.0156501
        3073     1.32162     1.32962    0.015645
        3074     1.31808     1.32962   0.0156399
        3075     1.31412     1.32962   0.0156348
        3076     1.30998     1.32961   0.0156297
        3077     1.30595      1.3296   0.0156246
        3078     1.30156     1.32959   0.0156196
        3079     1.29734     1.32958   0.0156145
        3080      1.2931     1.32957   0.0156094
        3081     1.28913     1.32956   0.0156044
        3082     1.28525     1.32954   0.0155993
        3083     1.28079     1.32953   0.0155943
        3084      1.2763     1.32951   0.0155892
        3085     1.27282     1.32949   0.0155842
        3086     1.26967     1.32947   0.0155791
        3087     1.26741     1.32945   0.0155741
        3088      1.2649     1.32943   0.0155691
        3089     1.26245     1.32941    0.015564
        3090     1.26107     1.32939    0.015559
        3091     1.26059     1.32936    0.015554
        3092     1.26105     1.32934    0.015549
        3093     1.26178     1.32932    0.015544
        3094     1.26379      1.3293    0.015539
        3095     1.26591     1.32928    0.015534
        3096     1.26936     1.32926    0.015529
        3097     1.27322     1.32924   0.0155239
        3098     1.27823     1.32922   0.0155189
        3099     1.28414     1.32921   0.0155139
        3100     1.29073      1.3292   0.0155089
        3101     1.29847     1.32919   0.0155039
        3102     1.30713     1.32918   0.0154989
        3103     1.31667     1.32918    0.015494
        3104     1.32661     1.32918    0.015489
        3105     1.33811     1.32918    0.015484
        3106     1.35067     1.32919    0.015479
        3107       1.364      1.3292    0.015474
        3108     1.37709     1.32921    0.015469
        3109     1.39112     1.32923   0.0154641
        3110     1.40625     1.32926   0.0154591
        3111     1.42197     1.32929   0.0154542
        3112     1.43797     1.32932   0.0154493
        3113     1.45444     1.32936   0.0154444
        3114     1.47153     1.32941   0.0154395
        3115     1.48823     1.32946   0.0154346
        3116     1.50592     1.32952   0.0154297
        3117     1.52429     1.32958   0.0154249
        3118     1.54254     1.32965   0.0154201
        3119     1.56086     1.32972   0.0154154
        3120     1.57845      1.3298   0.0154106
        3121      1.5962     1.32989   0.0154059
        3122     1.61405     1.32998   0.0154012
        3123     1.63195     1.33007   0.0153966
        3124     1.64911     1.33017    0.015392
        3125     1.66572     1.33028   0.0153875
        3126     1.68245      1.3304    0.015383
        3127     1.69925     1.33051   0.0153785
        3128     1.71513     1.33064   0.0153741
        3129     1.73027     1.33076   0.0153697
        3130     1.74465      1.3309   0.0153654
        3131     1.75945     1.33103   0.0153611
        3132      1.7732     1.33117   0.0153568
        3133     1.78613     1.33132   0.0153526
        3134     1.79848     1.33147   0.0153484
        3135     1.81215     1.33162   0.0153443
        3136     1.82379     1.33178   0.0153402
        3137     1.83436     1.33194   0.0153361
        3138     1.84461      1.3321   0.0153321
        3139     1.85455     1.33227   0.0153281
        3140     1.86323     1.33244   0.0153242
        3141     1.87166     1.33261   0.0153203
        3142     1.88081     1.33278   0.0153164
        3143     1.88904     1.33296   0.0153125
        3144     1.89637     1.33314   0.0153087
        3145     1.90238     1.33332   0.0153049
        3146     1.90925      1.3335   0.0153011
        3147      1.9151     1.33369   0.0152974
        3148     1.92117     1.33388   0.0152937
        3149     1.92629     1.33406     0.01529
        3150     1.93123     1.33425   0.0152863
        3151     1.93769     1.33444   0.0152827
        3152     1.94354     1.33464    0.015279
        3153     1.94882     1.33483   0.0152754
        3154     1.95355     1.33503   0.0152718
        3155     1.95824     1.33523   0.0152683
        3156     1.96362     1.33543   0.0152647
        3157     1.96852     1.33563   0.0152612
        3158     1.97366     1.33583   0.0152577
        3159     1.97883     1.33603   0.0152542
        3160     1.98377     1.33624   0.0152508
        3161      1.9902     1.33644   0.0152474
        3162     1.99399     1.33665    0.015244
        3163      2.0007     1.33686   0.0152406
        3164     2.00623     1.33707   0.0152373
        3165     2.01129     1.33729   0.0152339
        3166     2.01754      1.3375   0.0152306
        3167     2.02306     1.33772   0.0152274
        3168     2.02783     1.33794   0.0152241
        3169     2.03328     1.33815   0.0152209
        3170     2.03817     1.33838   0.0152177
        3171     2.04346      1.3386   0.0152145
        3172     2.04911     1.33882   0.0152114
        3173     2.05438     1.33905   0.0152082
        3174     2.05876     1.33927   0.0152051
        3175     2.06246      1.3395   0.0152021
        3176     2.06615     1.33973    0.015199
        3177     2.06982     1.33996   0.0151959
        3178     2.07317     1.34019   0.0151929
        3179     2.07664     1.34042   0.0151899
        3180     2.07897     1.34065   0.0151869
        3181     2.08157     1.34089   0.0151839
        3182     2.08363     1.34112   0.0151809
        3183     2.08464     1.34135    0.015178
        3184     2.08499     1.34159    0.015175
        3185     2.08488     1.34182    0.015172
        3186     2.08423     1.34205   0.0151691
        3187     2.08201     1.34229   0.0151661
        3188      2.0801     1.34252   0.0151631
        3189     2.07627     1.34275   0.0151601
        3190     2.07192     1.34298    0.015157
        3191      2.0663      1.3432    0.015154
        3192     2.06011     1.34343   0.0151509
        3193     2.05286     1.34365   0.0151478
        3194     2.04434     1.34387   0.0151446
        3195     2.03384     1.34409   0.0151414
        3196     2.02311      1.3443   0.0151382
        3197     2.01174     1.34451   0.0151349
        3198     1.99885     1.34471   0.0151315
        3199     1.98479     1.34491   0.0151281
        3200     1.97112     1.34511   0.0151247
        3201     1.95724      1.3453   0.0151212
        3202     1.94279     1.34549   0.0151176
        3203     1.92793     1.34567    0.015114
        3204     1.91372     1.34584   0.0151103
        3205      1.8991     1.34602   0.0151065
        3206      1.8844     1.34619   0.0151028
        3207     1.87022     1.34635   0.0150989
        3208     1.85615     1.34651   0.0150951
        3209      1.8432     1.34666   0.0150912
        3210     1.83047     1.34681   0.0150872
        3211     1.81821     1.34696   0.0150832
        3212     1.80571      1.3471   0.0150792
        3213      1.7944     1.34724   0.0150752
        3214     1.78304     1.34738   0.0150711
        3215     1.77255     1.34751    0.015067
        3216     1.76242     1.34764   0.0150628
        3217     1.75258     1.34776   0.0150587
        3218     1.74201     1.34789   0.0150545
        3219     1.73162     1.34801   0.0150503
        3220     1.72258     1.34812   0.0150461
        3221     1.71385     1.34824   0.0150418
        3222     1.70471     1.34835   0.0150376
        3223     1.69583     1.34845   0.0150333
        3224     1.68601     1.34856    0.015029
        3225     1.67764     1.34866   0.0150247
        3226     1.66713     1.34876   0.0150203
        3227     1.65835     1.34886    0.015016
        3228     1.64917     1.34895   0.0150116
        3229     1.63986     1.34904   0.0150073
        3230     1.63096     1.34913   0.0150029
        3231     1.62202     1.34921   0.0149985
        3232     1.61384     1.34929    0.014994
        3233     1.60551     1.34937   0.0149896
        3234      1.5978     1.34945   0.0149852
        3235     1.59102     1.34952   0.0149807
        3236     1.58379      1.3496   0.0149763
        3237      1.5776     1.34967   0.0149718
        3238      1.5718     1.34973   0.0149673
        3239     1.56739      1.3498   0.0149629
        3240     1.56323     1.34987   0.0149584
        3241      1.5596     1.34993   0.0149539
        3242     1.55608        1.35   0.0149494
        3243     1.55365     1.35006    0.014945
        3244     1.55284     1.35012   0.0149405
        3245     1.55247     1.35018    0.014936
        3246     1.55256     1.35025   0.0149315
        3247     1.55482     1.35031   0.0149271
        3248     1.55782     1.35037   0.0149226
        3249     1.56251     1.35044   0.0149182
        3250     1.56673      1.3505   0.0149137
        3251     1.57191     1.35057   0.0149093
        3252     1.57924     1.35064   0.0149049
        3253     1.58748     1.35072   0.0149005
        3254     1.59611     1.35079   0.0148961
        3255     1.60533     1.35087   0.0148917
        3256     1.61557     1.35095   0.0148874
        3257     1.62651     1.35104    0.014883
        3258     1.63784     1.35112   0.0148787
        3259     1.64996     1.35122   0.0148744
        3260     1.66254     1.35131   0.0148702
        3261     1.67571     1.35141    0.014866
        3262      1.6889     1.35151   0.0148618
        3263     1.70293     1.35162   0.0148576
        3264     1.71579     1.35173   0.0148535
        3265     1.72926     1.35185   0.0148494
        3266     1.74274     1.35197   0.0148453
        3267     1.75563     1.35209   0.0148413
        3268     1.76755     1.35222   0.0148373
        3269      1.7791     1.35235   0.0148333
        3270     1.78968     1.35248   0.0148294
        3271     1.80038     1.35262   0.0148255
        3272      1.8094     1.35276   0.0148216
        3273     1.81687      1.3529   0.0148178
        3274     1.82368     1.35305   0.0148139
        3275     1.82925     1.35319   0.0148101
        3276     1.83279     1.35334   0.0148063
        3277     1.83545     1.35348   0.0148025
        3278     1.83694     1.35363   0.0147987
        3279     1.83723     1.35378    0.014795
        3280     1.83607     1.35393   0.0147912
        3281     1.83322     1.35407   0.0147874
        3282     1.82891     1.35422   0.0147836
        3283     1.82439     1.35436   0.0147798
        3284     1.81706      1.3545    0.014776
        3285     1.80864     1.35464   0.0147721
        3286     1.79898     1.35477   0.0147682
        3287     1.78791     1.35491   0.0147643
        3288     1.77624     1.35503   0.0147604
        3289     1.76217     1.35516   0.0147564
        3290     1.74893     1.35528   0.0147524
        3291     1.73425     1.35539   0.0147484
        3292       1.719      1.3555   0.0147443
        3293      1.7033     1.35561   0.0147402
        3294      1.6878     1.35571   0.0147361
        3295     1.67265     1.35581   0.0147319
        3296     1.65632      1.3559   0.0147278
        3297     1.64066     1.35598   0.0147235
        3298     1.62439     1.35607   0.0147193
        3299     1.61006     1.35614    0.014715
        3300     1.59639     1.35622   0.0147108
        3301     1.58257     1.35628   0.0147065
        3302     1.57042     1.35635   0.0147022
        3303     1.55912     1.35641   0.0146978
        3304      1.5495     1.35647   0.0146935
        3305      1.5412     1.35652   0.0146892
        3306     1.53312     1.35658   0.0146848
        3307     1.52725     1.35663   0.0146805
        3308     1.52296     1.35668   0.0146761
        3309     1.51981     1.35673   0.0146718
        3310     1.51904     1.35678   0.0146674
        3311      1.5202     1.35683   0.0146631
        3312     1.52231     1.35688   0.0146587
        3313     1.52634     1.35693   0.0146544
        3314     1.53177     1.35698   0.0146501
        3315     1.53854     1.35704   0.0146457
        3316     1.54731     1.35709   0.0146414
        3317       1.558     1.35715   0.0146371
        3318     1.56979     1.35722   0.0146329
        3319     1.58233     1.35729   0.0146286
        3320     1.59597     1.35736   0.0146244
        3321     1.61154     1.35743   0.0146202
        3322     1.62769     1.35752    0.014616
        3323     1.64498      1.3576   0.0146119
        3324     1.66181     1.35769   0.0146078
        3325     1.67923     1.35779   0.0146037
        3326      1.6973     1.35789   0.0145997
        3327     1.71514       1.358   0.0145957
        3328     1.73163     1.35811   0.0145917
        3329     1.74854     1.35823   0.0145878
        3330     1.76477     1.35835   0.0145839
        3331     1.78042     1.35848   0.0145801
        3332     1.79633     1.35861   0.0145763
        3333     1.81094     1.35875   0.0145726
        3334     1.82417     1.35888   0.0145689
        3335     1.83617     1.35903   0.0145652
        3336     1.84833     1.35917   0.0145616
        3337     1.85842     1.35932    0.014558
        3338     1.86762     1.35948   0.0145544
        3339     1.87518     1.35963   0.0145509
        3340     1.88182     1.35979   0.0145474
        3341     1.88777     1.35995   0.0145439
        3342     1.89233      1.3601   0.0145404
        3343     1.89552     1.36026   0.0145369
        3344     1.89906     1.36043   0.0145335
        3345     1.90104     1.36059     0.01453
        3346     1.90128     1.36075   0.0145266
        3347     1.90054     1.36091   0.0145231
        3348     1.89912     1.36107   0.0145197
        3349     1.89585     1.36123   0.0145162
        3350     1.89201     1.36139   0.0145128
        3351      1.8886     1.36155   0.0145093
        3352     1.88352      1.3617   0.0145058
        3353     1.87754     1.36186   0.0145023
        3354     1.87097     1.36201   0.0144987
        3355     1.86484     1.36216   0.0144952
        3356      1.8575     1.36231   0.0144916
        3357        1.85     1.36245    0.014488
        3358     1.84262     1.36259   0.0144844
        3359     1.83397     1.36273   0.0144808
        3360     1.82605     1.36287   0.0144772
        3361     1.81675     1.36301   0.0144735
        3362     1.80828     1.36314   0.0144698
        3363     1.80022     1.36327   0.0144661
        3364     1.79192      1.3634   0.0144623
        3365     1.78292     1.36352   0.0144586
        3366     1.77329     1.36364   0.0144548
        3367     1.76523     1.36376    0.014451
        3368     1.75759     1.36388   0.0144472
        3369     1.74945     1.36399   0.0144433
        3370     1.74132     1.36411   0.0144395
        3371     1.73446     1.36422   0.0144356
        3372     1.72697     1.36432   0.0144317
        3373     1.72032     1.36443   0.0144278
        3374     1.71455     1.36453   0.0144239
        3375     1.70871     1.36463     0.01442
        3376     1.70354     1.36474   0.0144161
        3377     1.69835     1.36483   0.0144122
        3378     1.69386     1.36493   0.0144082
        3379     1.68961     1.36503   0.0144043
        3380     1.68656     1.36512   0.0144003
        3381     1.68351     1.36522   0.0143964
        3382     1.68093     1.36531   0.0143924
        3383     1.67906      1.3654   0.0143885
        3384     1.67718     1.36549   0.0143845
        3385     1.67549     1.36559   0.0143806
        3386     1.67495     1.36568   0.0143766
        3387     1.67458     1.36577   0.0143726
        3388     1.67458     1.36586   0.0143687
        3389      1.6742     1.36595   0.0143647
        3390      1.6751     1.36604   0.0143608
        3391     1.67604     1.36613   0.0143568
        3392     1.67722     1.36623   0.0143529
        3393     1.67786     1.36632    0.014349
        3394     1.67939     1.36641    0.014345
        3395     1.68077      1.3665   0.0143411
        3396     1.68268      1.3666   0.0143372
        3397     1.68411     1.36669   0.0143333
        3398     1.68572     1.36678   0.0143294
        3399     1.68648     1.36688   0.0143255
        3400     1.68874     1.36697   0.0143216
        3401     1.68932     1.36707   0.0143177
        3402      1.6896     1.36716   0.0143138
        3403     1.68975     1.36726   0.0143099
        3404     1.68923     1.36735    0.014306
        3405     1.68943     1.36744   0.0143021
        3406     1.68836     1.36754   0.0142982
        3407     1.68476     1.36763   0.0142943
        3408     1.68148     1.36772   0.0142904
        3409     1.67799     1.36782   0.0142865
        3410     1.67377     1.36791   0.0142826
        3411     1.66879     1.36799   0.0142787
        3412     1.66303     1.36808   0.0142748
        3413      1.6572     1.36816   0.0142708
        3414     1.65032     1.36825   0.0142669
        3415     1.64194     1.36833   0.0142629
        3416     1.63373      1.3684    0.014259
        3417      1.6243     1.36848    0.014255
        3418     1.61342     1.36855    0.014251
        3419     1.60188     1.36862    0.014247
        3420     1.58972     1.36868    0.014243
        3421     1.57821     1.36875    0.014239
        3422     1.56575      1.3688   0.0142349
        3423     1.55265     1.36886   0.0142309
        3424     1.53876     1.36891   0.0142268
        3425     1.52561     1.36895   0.0142227
        3426     1.51256     1.36899   0.0142186
        3427     1.49948     1.36903   0.0142145
        3428     1.48573     1.36907   0.0142104
        3429     1.47238      1.3691   0.0142063
        3430     1.45951     1.36912   0.0142022
        3431     1.44673     1.36915   0.0141981
        3432     1.43436     1.36916   0.0141939
        3433     1.42224     1.36918   0.0141898
        3434     1.41092     1.36919   0.0141857
        3435     1.39951      1.3692   0.0141816
        3436     1.38925     1.36921   0.0141774
        3437     1.38021     1.36921   0.0141733
        3438     1.37122     1.36921   0.0141692
        3439     1.36375     1.36921   0.0141651
        3440     1.35758     1.36921   0.0141609
        3441     1.35176      1.3692   0.0141568
        3442     1.34583     1.36919   0.0141527
        3443      1.3417     1.36919   0.0141486
        3444     1.33791     1.36918   0.0141445
        3445     1.33471     1.36917   0.0141404
        3446     1.33301     1.36916   0.0141363
        3447      1.3328     1.36915   0.0141322
        3448     1.33188     1.36913   0.0141281
        3449     1.33309     1.36912    0.014124
        3450     1.33302     1.36911   0.0141199
        3451     1.33429      1.3691   0.0141158
        3452     1.33708     1.36909   0.0141118
        3453     1.33967     1.36909   0.0141077
        3454     1.34248     1.36908   0.0141036
        3455     1.34595     1.36907   0.0140995
        3456     1.34955     1.36907   0.0140954
        3457     1.35322     1.36906   0.0140914
        3458     1.35766     1.36906   0.0140873
        3459      1.3628     1.36906   0.0140832
        3460     1.36643     1.36906   0.0140791
        3461     1.37067     1.36906   0.0140751
        3462     1.37594     1.36906    0.014071
        3463     1.38052     1.36906   0.0140669
        3464     1.38556     1.36907   0.0140629
        3465     1.39003     1.36907   0.0140588
        3466      1.3951     1.36908   0.0140548
        3467     1.39997     1.36909   0.0140507
        3468     1.40483      1.3691   0.0140467
        3469     1.40913     1.36911   0.0140426
        3470     1.41234     1.36912   0.0140386
        3471     1.41559     1.36914   0.0140345
        3472     1.41833     1.36915   0.0140305
        3473     1.42074     1.36917   0.0140265
        3474     1.42253     1.36918   0.0140224
        3475     1.42361      1.3692   0.0140184
        3476     1.42371     1.36921   0.0140144
        3477     1.42326     1.36923   0.0140104
        3478     1.42148     1.36924   0.0140064
        3479     1.41954     1.36926   0.0140023
        3480     1.41647     1.36927   0.0139983
        3481     1.41248     1.36928   0.0139943
        3482      1.4071     1.36929   0.0139903
        3483     1.40033      1.3693   0.0139863
        3484     1.39243     1.36931   0.0139823
        3485      1.3844     1.36931   0.0139783
        3486     1.37531     1.36932   0.0139742
        3487     1.36594     1.36931   0.0139702
        3488     1.35611     1.36931   0.0139662
        3489     1.34516      1.3693   0.0139622
        3490     1.33316     1.36929   0.0139582
        3491     1.32164     1.36928   0.0139542
        3492     1.30898     1.36926   0.0139503
        3493     1.29624     1.36924   0.0139463
        3494     1.28445     1.36922   0.0139423
        3495     1.27104     1.36919   0.0139383
        3496     1.25825     1.36916   0.0139344
        3497     1.24495     1.36912   0.0139305
        3498     1.23241     1.36908   0.0139265
        3499     1.21877     1.36904   0.0139226
        3500     1.20599     1.36899   0.0139187
        3501     1.19318     1.36894   0.0139148
        3502     1.18109     1.36889    0.013911
        3503     1.16904     1.36883   0.0139071
        3504     1.15755     1.36877   0.0139033
        3505     1.14616     1.36871   0.0138994
        3506     1.13513     1.36864   0.0138956
        3507     1.12521     1.36857   0.0138919
        3508     1.11543      1.3685   0.0138881
        3509      1.1058     1.36843   0.0138843
        3510      1.0956     1.36835   0.0138806
        3511     1.08748     1.36827   0.0138769
        3512     1.07928     1.36819   0.0138732
        3513        1.07      1.3681   0.0138695
        3514     1.06182     1.36801   0.0138658
        3515     1.05473     1.36792   0.0138621
        3516     1.04774     1.36783   0.0138585
        3517     1.04061     1.36774   0.0138549
        3518     1.03403     1.36765   0.0138512
        3519      1.0287     1.36755   0.0138476
        3520     1.02294     1.36745   0.0138441
        3521     1.01694     1.36735   0.0138405
        3522     1.01167     1.36725   0.0138369
        3523     1.00684     1.36715   0.0138334
        3524     1.00197     1.36704   0.0138298
        3525    0.997269     1.36694   0.0138263
        3526    0.992231     1.36683   0.0138228
        3527    0.988033     1.36673   0.0138193
        3528    0.983209     1.36662   0.0138158
        3529    0.979418     1.36651   0.0138123
        3530    0.975674      1.3664   0.0138089
        3531    0.970988     1.36628   0.0138054
        3532    0.966302     1.36617    0.013802
        3533    0.961349     1.36606   0.0137985
        3534    0.956105     1.36594   0.0137951
        3535    0.950308     1.36582   0.0137917
        3536    0.945864      1.3657   0.0137883
        3537    0.940592     1.36558   0.0137849
        3538    0.935192     1.36546   0.0137816
        3539    0.929167     1.36534   0.0137782
        3540    0.923707     1.36521   0.0137749
        3541     0.91784     1.36509   0.0137716
        3542     0.91228     1.36496   0.0137683
        3543    0.906299     1.36483    0.013765
        3544     0.90037      1.3647   0.0137618
        3545    0.893768     1.36457   0.0137585
        3546    0.887216     1.36443   0.0137553
        3547    0.880479      1.3643   0.0137521
        3548    0.873556     1.36416   0.0137489
        3549    0.867898     1.36402   0.0137458
        3550    0.860872     1.36388   0.0137426
        3551    0.853939     1.36373   0.0137395
        3552    0.847114     1.36359   0.0137364
        3553    0.838976     1.36344   0.0137333
        3554    0.831242     1.36329   0.0137303
        3555    0.823223     1.36314   0.0137273
        3556    0.816166     1.36298   0.0137243
        3557    0.808432     1.36283   0.0137213
        3558    0.801278     1.36267   0.0137183
        3559    0.793314     1.36251   0.0137154
        3560    0.786289     1.36235   0.0137125
        3561    0.780032     1.36219   0.0137096
        3562    0.774127     1.36202   0.0137068
        3563    0.767925     1.36185    0.013704
        3564    0.762701     1.36169   0.0137011
        3565    0.757801     1.36152   0.0136984
        3566    0.753533     1.36135   0.0136956
        3567    0.750919     1.36117   0.0136928
        3568    0.748327       1.361     0.01369
        3569    0.746293     1.36083   0.0136873
        3570    0.744617     1.36066   0.0136845
        3571    0.745015     1.36049   0.0136818
        3572    0.746548     1.36031    0.013679
        3573    0.748269     1.36014   0.0136763
        3574    0.750668     1.35997   0.0136735
        3575    0.753746      1.3598   0.0136708
        3576    0.758218     1.35963    0.013668
        3577    0.763826     1.35947   0.0136652
        3578    0.769344      1.3593   0.0136623
        3579    0.775707     1.35914   0.0136595
        3580    0.783614     1.35898   0.0136566
        3581    0.792307     1.35882   0.0136537
        3582    0.801752     1.35866   0.0136508
        3583    0.811913     1.35851   0.0136478
        3584     0.82227     1.35836   0.0136449
        3585    0.833993     1.35822   0.0136418
        3586    0.846083     1.35807   0.0136388
        3587    0.859228     1.35793   0.0136357
        3588     0.87219      1.3578   0.0136326
        3589    0.885661     1.35767   0.0136294
        3590     0.89985     1.35754   0.0136262
        3591    0.914249     1.35742    0.013623
        3592    0.929548      1.3573   0.0136197
        3593    0.944524     1.35718   0.0136164
        3594    0.960596     1.35707    0.013613
        3595    0.976779     1.35697   0.0136097
        3596    0.993053     1.35686   0.0136062
        3597     1.01036     1.35677   0.0136028
        3598     1.02747     1.35668   0.0135993
        3599     1.04533     1.35659   0.0135958
        3600     1.06199     1.35651   0.0135923
        3601      1.0796     1.35643   0.0135887
        3602     1.09718     1.35636   0.0135852
        3603     1.11518     1.35629   0.0135816
        3604     1.13359     1.35623   0.0135779
        3605     1.15191     1.35617   0.0135743
        3606      1.1701     1.35612   0.0135706
        3607     1.18864     1.35608   0.0135669
        3608     1.20725     1.35604   0.0135632
        3609     1.22543       1.356   0.0135595
        3610     1.24509     1.35597   0.0135558
        3611     1.26404     1.35594   0.0135521
        3612     1.28297     1.35592   0.0135483
        3613      1.3021     1.35591   0.0135446
        3614     1.32045      1.3559   0.0135408
        3615     1.33895     1.35589   0.0135371
        3616     1.35735     1.35589   0.0135334
        3617     1.37539      1.3559   0.0135296
        3618     1.39328     1.35591   0.0135259
        3619     1.41077     1.35592   0.0135222
        3620     1.42833     1.35594   0.0135184
        3621     1.44617     1.35597   0.0135147
        3622     1.46332       1.356    0.013511
        3623     1.48097     1.35603   0.0135073
        3624      1.4984     1.35607   0.0135037
        3625     1.51535     1.35612      0.0135
        3626     1.53205     1.35617   0.0134964
        3627     1.54776     1.35622   0.0134928
        3628     1.56369     1.35628   0.0134892
        3629      1.5791     1.35634   0.0134856
        3630     1.59301      1.3564    0.013482
        3631      1.6083     1.35647   0.0134785
        3632     1.62302     1.35654    0.013475
        3633     1.63787     1.35662   0.0134715
        3634      1.6521      1.3567    0.013468
        3635     1.66544     1.35679   0.0134646
        3636     1.67808     1.35688   0.0134612
        3637     1.69021     1.35697   0.0134578
        3638     1.70322     1.35706   0.0134544
        3639     1.71584     1.35716   0.0134511
        3640     1.72752     1.35726   0.0134478
        3641     1.73745     1.35737   0.0134445
        3642     1.74651     1.35748   0.0134412
        3643     1.75436     1.35758    0.013438
        3644      1.7614     1.35769   0.0134348
        3645     1.76728     1.35781   0.0134315
        3646     1.77191     1.35792   0.0134283
        3647     1.77543     1.35804   0.0134251
        3648     1.77729     1.35815    0.013422
        3649      1.7774     1.35827   0.0134188
        3650     1.77545     1.35838   0.0134156
        3651     1.77284     1.35849   0.0134124
        3652     1.76809     1.35861   0.0134092
        3653     1.76165     1.35872    0.013406
        3654     1.75401     1.35882   0.0134027
        3655      1.7447     1.35893   0.0133995
        3656     1.73354     1.35903   0.0133962
        3657     1.72153     1.35913   0.0133929
        3658     1.70708     1.35923   0.0133896
        3659     1.69172     1.35932   0.0133862
        3660     1.67413      1.3594   0.0133829
        3661     1.65635     1.35948   0.0133794
        3662     1.63709     1.35956    0.013376
        3663     1.61745     1.35963   0.0133725
        3664     1.59663     1.35969    0.013369
        3665     1.57528     1.35975   0.0133655
        3666     1.55426     1.35981    0.013362
        3667     1.53328     1.35985   0.0133584
        3668     1.51151      1.3599   0.0133548
        3669     1.49031     1.35993   0.0133513
        3670     1.46865     1.35996   0.0133476
        3671     1.44665     1.35998    0.013344
        3672     1.42565        1.36   0.0133404
        3673     1.40602     1.36001   0.0133368
        3674     1.38691     1.36002   0.0133332
        3675     1.36891     1.36002   0.0133295
        3676     1.35139     1.36002   0.0133259
        3677     1.33515     1.36002   0.0133223
        3678     1.31978        1.36   0.0133187
        3679     1.30608     1.35999   0.0133151
        3680     1.29362     1.35997   0.0133114
        3681     1.28219     1.35995   0.0133078
        3682     1.27208     1.35993   0.0133043
        3683     1.26379      1.3599   0.0133007
        3684     1.25686     1.35987   0.0132971
        3685     1.25106     1.35984   0.0132935
        3686     1.24688     1.35981   0.0132899
        3687     1.24407     1.35978   0.0132864
        3688     1.24238     1.35975   0.0132828
        3689     1.24083     1.35972   0.0132792
        3690     1.24229     1.35968   0.0132757
        3691     1.24503     1.35965   0.0132721
        3692     1.24806     1.35962   0.0132686
        3693     1.25229     1.35959    0.013265
        3694     1.25696     1.35957   0.0132614
        3695      1.2637     1.35954   0.0132579
        3696     1.27196     1.35952   0.0132543
        3697     1.28071      1.3595   0.0132507
        3698     1.29013     1.35948   0.0132472
        3699     1.30014     1.35946   0.0132436
        3700     1.31089     1.35945     0.01324
        3701     1.32254     1.35944   0.0132365
        3702     1.33501     1.35943   0.0132329
        3703      1.3482     1.35943   0.0132293
        3704     1.36178     1.35943   0.0132257
        3705      1.3759     1.35943   0.0132222
        3706     1.39046     1.35944   0.0132186
        3707     1.40369     1.35945    0.013215
        3708     1.41792     1.35947   0.0132115
        3709     1.43184     1.35949   0.0132079
        3710     1.44587     1.35951   0.0132044
        3711     1.45823     1.35954   0.0132009
        3712     1.47127     1.35957   0.0131973
        3713     1.48443      1.3596   0.0131938
        3714     1.49742     1.35964   0.0131903
        3715     1.50922     1.35968   0.0131868
        3716     1.52049     1.35972   0.0131834
        3717     1.53072     1.35977   0.0131799
        3718     1.54108     1.35982   0.0131764
        3719     1.55104     1.35987    0.013173
        3720      1.5594     1.35992   0.0131696
        3721     1.56828     1.35998   0.0131662
        3722     1.57602     1.36004   0.0131627
        3723     1.58283      1.3601   0.0131593
        3724     1.58899     1.36016    0.013156
        3725     1.59497     1.36022   0.0131526
        3726     1.60057     1.36029   0.0131492
        3727     1.60437     1.36035   0.0131458
        3728      1.6081     1.36042   0.0131425
        3729     1.61254     1.36049   0.0131391
        3730     1.61629     1.36055   0.0131358
        3731     1.61869     1.36062   0.0131324
        3732     1.62151     1.36069   0.0131291
        3733      1.6236     1.36076   0.0131258
        3734     1.62601     1.36083   0.0131225
        3735      1.6276     1.36091   0.0131191
        3736     1.63013     1.36098   0.0131158
        3737     1.63271     1.36105   0.0131125
        3738     1.63539     1.36112   0.0131092
        3739     1.63726      1.3612   0.0131059
        3740     1.63911     1.36127   0.0131026
        3741     1.64288     1.36135   0.0130993
        3742       1.645     1.36142   0.0130961
        3743     1.64836      1.3615   0.0130928
        3744     1.65224     1.36158   0.0130895
        3745     1.65472     1.36166   0.0130863
        3746     1.65889     1.36174    0.013083
        3747     1.66304     1.36182   0.0130798
        3748     1.66761      1.3619   0.0130765
        3749     1.67206     1.36198   0.0130733
        3750     1.67778     1.36206   0.0130701
        3751     1.68348     1.36215   0.0130669
        3752     1.68789     1.36224   0.0130637
        3753     1.69189     1.36232   0.0130605
        3754     1.69612     1.36241   0.0130573
        3755     1.69929      1.3625   0.0130542
        3756     1.70252     1.36259    0.013051
        3757     1.70547     1.36269   0.0130478
        3758     1.70759     1.36278   0.0130447
        3759      1.7088     1.36287   0.0130415
        3760     1.70951     1.36296   0.0130384
        3761      1.7094     1.36305   0.0130353
        3762     1.70842     1.36315   0.0130321
        3763     1.70701     1.36324    0.013029
        3764     1.70464     1.36333   0.0130258
        3765      1.7008     1.36342   0.0130227
        3766     1.69475      1.3635   0.0130195
        3767     1.68912     1.36359   0.0130163
        3768     1.68225     1.36368   0.0130132
        3769     1.67463     1.36376     0.01301
        3770     1.66603     1.36384   0.0130068
        3771       1.657     1.36392   0.0130036
        3772     1.64636     1.36399   0.0130003
        3773     1.63418     1.36406   0.0129971
        3774     1.62174     1.36413   0.0129938
        3775     1.60839      1.3642   0.0129905
        3776     1.59544     1.36426   0.0129872
        3777     1.58179     1.36431   0.0129839
        3778     1.56705     1.36437   0.0129806
        3779     1.55231     1.36442   0.0129773
        3780      1.5372     1.36446   0.0129739
        3781     1.52282     1.36451   0.0129705
        3782     1.50881     1.36454   0.0129672
        3783     1.49529     1.36458   0.0129638
        3784     1.48117     1.36461   0.0129604
        3785     1.46683     1.36464    0.012957
        3786     1.45407     1.36466   0.0129536
        3787     1.44203     1.36468   0.0129502
        3788     1.43081      1.3647   0.0129468
        3789     1.42075     1.36471   0.0129434
        3790     1.41094     1.36472     0.01294
        3791     1.40171     1.36473   0.0129366
        3792     1.39525     1.36474   0.0129332
        3793     1.38871     1.36475   0.0129297
        3794      1.3833     1.36475   0.0129263
        3795     1.37948     1.36476   0.0129229
        3796     1.37725     1.36476   0.0129195
        3797     1.37509     1.36476   0.0129161
        3798     1.37368     1.36477   0.0129127
        3799     1.37411     1.36477   0.0129093
        3800     1.37534     1.36477   0.0129059
        3801     1.37675     1.36477   0.0129025
        3802     1.37917     1.36478   0.0128991
        3803     1.38174     1.36478   0.0128957
        3804     1.38428     1.36479   0.0128924
        3805     1.38663     1.36479    0.012889
        3806     1.38935      1.3648   0.0128856
        3807      1.3913     1.36481   0.0128822
        3808     1.39279     1.36481   0.0128788
        3809     1.39413     1.36482   0.0128754
        3810     1.39541     1.36483   0.0128721
        3811      1.3941     1.36484   0.0128687
        3812     1.39271     1.36484   0.0128653
        3813     1.38947     1.36485   0.0128619
        3814     1.38479     1.36486   0.0128586
        3815     1.37983     1.36486   0.0128552
        3816     1.37362     1.36486   0.0128518
        3817     1.36618     1.36486   0.0128485
        3818     1.35707     1.36486   0.0128451
        3819     1.34685     1.36486   0.0128417
        3820     1.33683     1.36485   0.0128384
        3821     1.32568     1.36484    0.012835
        3822     1.31307     1.36483   0.0128317
        3823     1.30109     1.36481   0.0128283
        3824     1.28798     1.36479    0.012825
        3825     1.27489     1.36476   0.0128217
        3826     1.26079     1.36474   0.0128183
        3827      1.2473     1.36471    0.012815
        3828     1.23483     1.36467   0.0128117
        3829     1.22211     1.36464   0.0128084
        3830     1.21025      1.3646   0.0128052
        3831     1.19818     1.36455   0.0128019
        3832     1.18821     1.36451   0.0127986
        3833     1.17851     1.36446   0.0127954
        3834     1.17013     1.36441   0.0127921
        3835     1.16245     1.36435   0.0127889
        3836     1.15648      1.3643   0.0127857
        3837     1.15107     1.36424   0.0127825
        3838     1.14817     1.36419   0.0127793
        3839     1.14613     1.36413   0.0127761
        3840     1.14616     1.36407   0.0127729
        3841     1.14707     1.36402   0.0127697
        3842     1.14932     1.36396   0.0127665
        3843     1.15289     1.36391   0.0127633
        3844     1.15775     1.36385   0.0127601
        3845     1.16388      1.3638   0.0127568
        3846      1.1705     1.36375   0.0127536
        3847     1.17902      1.3637   0.0127504
        3848     1.18722     1.36366   0.0127472
        3849     1.19721     1.36361   0.0127439
        3850     1.20868     1.36357   0.0127407
        3851     1.22086     1.36354   0.0127374
        3852     1.23487      1.3635   0.0127342
        3853     1.24848     1.36347   0.0127309
        3854     1.26353     1.36345   0.0127276
        3855       1.279     1.36343   0.0127243
        3856     1.29455     1.36341   0.0127211
        3857     1.31084     1.36339   0.0127178
        3858     1.32801     1.36339   0.0127145
        3859     1.34526     1.36338   0.0127112
        3860     1.36275     1.36338   0.0127079
        3861     1.38134     1.36339   0.0127046
        3862     1.39929     1.36339   0.0127013
        3863     1.41649     1.36341    0.012698
        3864      1.4341     1.36343   0.0126948
        3865     1.45105     1.36345   0.0126915
        3866     1.46826     1.36348   0.0126882
        3867     1.48517     1.36351    0.012685
        3868     1.50173     1.36354   0.0126818
        3869     1.51788     1.36358   0.0126785
        3870      1.5331     1.36363   0.0126753
        3871     1.54855     1.36367   0.0126722
        3872     1.56348     1.36373    0.012669
        3873     1.57833     1.36378   0.0126658
        3874     1.59214     1.36384   0.0126627
        3875     1.60488      1.3639   0.0126596
        3876     1.61726     1.36397   0.0126565
        3877     1.62881     1.36404   0.0126534
        3878     1.63975     1.36411   0.0126504
        3879     1.65058     1.36418   0.0126473
        3880     1.66129     1.36426   0.0126443
        3881     1.67068     1.36434   0.0126413
        3882     1.67877     1.36442   0.0126383
        3883       1.687      1.3645   0.0126353
        3884     1.69513     1.36459   0.0126323
        3885     1.70221     1.36467   0.0126294
        3886     1.70848     1.36476   0.0126264
        3887      1.7142     1.36485   0.0126235
        3888      1.7196     1.36494   0.0126206
        3889      1.7242     1.36504   0.0126177
        3890     1.72849     1.36513   0.0126148
        3891     1.73295     1.36522   0.0126119
        3892      1.7354     1.36532    0.012609
        3893     1.73874     1.36541   0.0126061
        3894     1.74056     1.36551   0.0126033
        3895     1.74204     1.36561   0.0126004
        3896      1.7432      1.3657   0.0125975
        3897     1.74353      1.3658   0.0125947
        3898     1.74303      1.3659   0.0125918
        3899     1.74194     1.36599    0.012589
        3900      1.7405     1.36609   0.0125861
        3901     1.73893     1.36619   0.0125832
        3902     1.73676     1.36628   0.0125804
        3903     1.73303     1.36637   0.0125775
        3904     1.72894     1.36647   0.0125746
        3905     1.72402     1.36656   0.0125717
        3906     1.71949     1.36665   0.0125688
        3907     1.71391     1.36674   0.0125659
        3908     1.70732     1.36683    0.012563
        3909     1.70045     1.36691   0.0125601
        3910     1.69312     1.36699   0.0125572
        3911     1.68582     1.36708   0.0125542
        3912     1.67813     1.36716   0.0125513
        3913      1.6696     1.36723   0.0125483
        3914     1.66077     1.36731   0.0125453
        3915     1.65169     1.36738   0.0125423
        3916     1.64242     1.36745   0.0125393
        3917     1.63349     1.36752   0.0125363
        3918     1.62376     1.36758   0.0125333
        3919     1.61423     1.36765   0.0125302
        3920     1.60353     1.36771   0.0125272
        3921     1.59434     1.36776   0.0125241
        3922     1.58528     1.36782    0.012521
        3923     1.57637     1.36787    0.012518
        3924     1.56767     1.36792   0.0125149
        3925     1.55991     1.36797   0.0125118
        3926     1.55121     1.36802   0.0125087
        3927     1.54374     1.36806   0.0125056
        3928     1.53608     1.36811   0.0125025
        3929     1.52848     1.36815   0.0124994
        3930     1.52141     1.36819   0.0124962
        3931     1.51513     1.36822   0.0124931
        3932     1.50842     1.36826     0.01249
        3933     1.50223     1.36829   0.0124869
        3934     1.49606     1.36833   0.0124837
        3935     1.49063     1.36836   0.0124806
        3936     1.48518     1.36839   0.0124775
        3937     1.47947     1.36842   0.0124743
        3938     1.47442     1.36844   0.0124712
        3939     1.46979     1.36847    0.012468
        3940      1.4646     1.36849   0.0124649
        3941     1.46001     1.36852   0.0124618
        3942     1.45627     1.36854   0.0124586
        3943     1.45238     1.36856   0.0124555
        3944     1.44858     1.36858   0.0124523
        3945     1.44439      1.3686   0.0124492
        3946     1.44027     1.36862    0.012446
        3947     1.43597     1.36863   0.0124429
        3948     1.43174     1.36865   0.0124398
        3949     1.42781     1.36867   0.0124366
        3950     1.42466     1.36868   0.0124335
        3951     1.42108     1.36869   0.0124303
        3952     1.41756     1.36871   0.0124272
        3953     1.41338     1.36872   0.0124241
        3954     1.40924     1.36873   0.0124209
        3955     1.40516     1.36874   0.0124178
        3956     1.40135     1.36874   0.0124147
        3957     1.39807     1.36875   0.0124115
        3958     1.39433     1.36876   0.0124084
        3959     1.39085     1.36876   0.0124053
        3960     1.38713     1.36877   0.0124021
        3961     1.38341     1.36877    0.012399
        3962     1.37895     1.36877   0.0123959
        3963     1.37686     1.36878   0.0123927
        3964     1.37278     1.36878   0.0123896
        3965      1.3696     1.36878   0.0123865
        3966      1.3661     1.36878   0.0123834
        3967     1.36177     1.36878   0.0123802
        3968     1.35781     1.36877   0.0123771
        3969     1.35324     1.36877    0.012374
        3970     1.34902     1.36876   0.0123709
        3971      1.3449     1.36876   0.0123678
        3972     1.34015     1.36875   0.0123647
        3973     1.33551     1.36874   0.0123615
        3974     1.33025     1.36873   0.0123584
        3975      1.3251     1.36872   0.0123553
        3976     1.31935     1.36871   0.0123522
        3977     1.31448      1.3687   0.0123491
        3978     1.30952     1.36868    0.012346
        3979     1.30452     1.36866   0.0123429
        3980      1.2995     1.36865   0.0123399
        3981     1.29424     1.36863   0.0123368
        3982     1.28854     1.36861   0.0123337
        3983     1.28412     1.36859   0.0123306
        3984      1.2786     1.36856   0.0123275
        3985     1.27418     1.36854   0.0123245
        3986      1.2685     1.36852   0.0123214
        3987     1.26352     1.36849   0.0123183
        3988     1.25877     1.36846   0.0123153
        3989     1.25478     1.36843   0.0123122
        3990     1.25156      1.3684   0.0123092
        3991     1.24793     1.36837   0.0123061
        3992     1.24463     1.36834   0.0123031
        3993     1.24263     1.36831      0.0123
        3994     1.24025     1.36828    0.012297
        3995     1.23846     1.36825    0.012294
        3996     1.23629     1.36821   0.0122909
        3997     1.23471     1.36818   0.0122879
        3998     1.23369     1.36815   0.0122849
        3999     1.23275     1.36811   0.0122819
        4000     1.23236     1.36808   0.0122788
        4001     1.23202     1.36804   0.0122758
        4002     1.23171     1.36801   0.0122728
        4003     1.23215     1.36798   0.0122698
        4004     1.23333     1.36794   0.0122668
        4005     1.23427     1.36791   0.0122637
        4006     1.23544     1.36788   0.0122607
        4007     1.23564     1.36784   0.0122577
        4008     1.23799     1.36781   0.0122547
        4009     1.23983     1.36778   0.0122517
        4010     1.24214     1.36775   0.0122487
        4011     1.24393     1.36772   0.0122456
        4012      1.2464     1.36769   0.0122426
        4013     1.24906     1.36766   0.0122396
        4014     1.25188     1.36763   0.0122366
        4015     1.25532      1.3676   0.0122336
        4016     1.25838     1.36757   0.0122306
        4017      1.2615     1.36755   0.0122276
        4018     1.26487     1.36752   0.0122245
        4019     1.26795      1.3675   0.0122215
        4020     1.27046     1.36747   0.0122185
        4021     1.27427     1.36745   0.0122155
        4022     1.27643     1.36743   0.0122125
        4023     1.27933      1.3674   0.0122095
        4024     1.28221     1.36738   0.0122064
        4025     1.28362     1.36736   0.0122034
        4026     1.28573     1.36734   0.0122004
        4027      1.2869     1.36732   0.0121974
        4028     1.28766      1.3673   0.0121944
        4029     1.28808     1.36728   0.0121914
        4030     1.28994     1.36726   0.0121884
        4031     1.29168     1.36725   0.0121854
        4032     1.29317     1.36723   0.0121823
        4033     1.29527     1.36721   0.0121793
        4034     1.29836     1.36719   0.0121763
        4035     1.30186     1.36718   0.0121733
        4036     1.30542     1.36716   0.0121703
        4037      1.3094     1.36715   0.0121673
        4038     1.31607     1.36713   0.0121643
        4039     1.32264     1.36712   0.0121613
        4040      1.3304     1.36711   0.0121583
        4041     1.33941     1.36711   0.0121553
        4042     1.34993      1.3671   0.0121523
        4043     1.36177      1.3671   0.0121493
        4044     1.37539      1.3671   0.0121463
        4045     1.38983     1.36711   0.0121433
        4046     1.40504     1.36712   0.0121403
        4047     1.42242     1.36713   0.0121373
        4048     1.44022     1.36715   0.0121343
        4049     1.45931     1.36717   0.0121313
        4050     1.47911      1.3672   0.0121284
        4051     1.50001     1.36723   0.0121254
        4052     1.52164     1.36727   0.0121225
        4053     1.54386     1.36731   0.0121196
        4054       1.567     1.36736   0.0121167
        4055     1.58995     1.36742   0.0121138
        4056     1.61302     1.36748    0.012111
        4057     1.63556     1.36755   0.0121082
        4058      1.6586     1.36762   0.0121054
        4059     1.68074     1.36769   0.0121027
        4060      1.7035     1.36778      0.0121
        4061     1.72476     1.36786   0.0120973
        4062     1.74458     1.36796   0.0120947
        4063     1.76301     1.36805   0.0120921
        4064     1.78015     1.36816   0.0120895
        4065     1.79653     1.36826    0.012087
        4066     1.81107     1.36837   0.0120845
        4067     1.82434     1.36848   0.0120821
        4068     1.83502      1.3686   0.0120797
        4069     1.84424     1.36871   0.0120773
        4070     1.85119     1.36883   0.0120749
        4071      1.8563     1.36895   0.0120725
        4072     1.85955     1.36907   0.0120701
        4073     1.86069     1.36919   0.0120678
        4074     1.85998     1.36931   0.0120654
        4075     1.85674     1.36943   0.0120631
        4076     1.85128     1.36955   0.0120607
        4077     1.84464     1.36967   0.0120583
        4078     1.83572     1.36978   0.0120559
        4079     1.82488     1.36989   0.0120534
        4080     1.81297        1.37    0.012051
        4081     1.79917     1.37011   0.0120485
        4082     1.78411     1.37021   0.0120459
        4083      1.7682     1.37031   0.0120434
        4084     1.75135      1.3704   0.0120408
        4085     1.73349     1.37049   0.0120382
        4086     1.71429     1.37057   0.0120355
        4087     1.69464     1.37065   0.0120328
        4088     1.67542     1.37073   0.0120301
        4089     1.65558      1.3708   0.0120274
        4090      1.6367     1.37086   0.0120246
        4091       1.617     1.37092   0.0120218
        4092     1.59781     1.37098    0.012019
        4093     1.57949     1.37103   0.0120162
        4094     1.56166     1.37108   0.0120133
        4095     1.54417     1.37112   0.0120105
        4096     1.52761     1.37116   0.0120076
        4097     1.51131     1.37119   0.0120047
        4098      1.4963     1.37122   0.0120018
        4099     1.48216     1.37125   0.0119989
        4100     1.46892     1.37127    0.011996
        4101     1.45637     1.37129   0.0119931
        4102     1.44475     1.37131   0.0119902
        4103     1.43384     1.37133   0.0119873
        4104     1.42291     1.37134   0.0119844
        4105     1.41435     1.37135   0.0119815
        4106     1.40645     1.37136   0.0119786
        4107     1.39917     1.37136   0.0119757
        4108     1.39296     1.37137   0.0119727
        4109       1.388     1.37137   0.0119698
        4110     1.38377     1.37138   0.0119669
        4111     1.37971     1.37138    0.011964
        4112     1.37648     1.37138   0.0119611
        4113     1.37329     1.37138   0.0119582
        4114     1.37033     1.37138   0.0119553
        4115     1.36751     1.37138   0.0119524
        4116     1.36574     1.37138   0.0119495
        4117       1.364     1.37138   0.0119466
        4118     1.36245     1.37137   0.0119437
        4119     1.36106     1.37137   0.0119408
        4120     1.36026     1.37137   0.0119379
        4121     1.36001     1.37136    0.011935
        4122     1.35837     1.37136   0.0119321
        4123     1.35723     1.37136   0.0119292
        4124      1.3561     1.37135   0.0119263
        4125     1.35524     1.37135   0.0119234
        4126     1.35343     1.37135   0.0119205
        4127     1.35286     1.37134   0.0119176
        4128     1.35164     1.37134   0.0119147
        4129     1.35148     1.37133   0.0119119
        4130     1.35121     1.37133    0.011909
        4131     1.35039     1.37132   0.0119061
        4132     1.35002     1.37132   0.0119032
        4133     1.35088     1.37131   0.0119003
        4134     1.35155     1.37131   0.0118975
        4135      1.3521      1.3713   0.0118946
        4136     1.35327      1.3713   0.0118917
        4137     1.35488     1.37129   0.0118888
        4138     1.35721     1.37129    0.011886
        4139     1.35908     1.37129   0.0118831
        4140     1.36174     1.37129   0.0118802
        4141     1.36571     1.37128   0.0118773
        4142     1.37052     1.37128   0.0118745
        4143     1.37548     1.37129   0.0118716
        4144     1.38037     1.37129   0.0118687
        4145     1.38665     1.37129   0.0118659
        4146     1.39337      1.3713    0.011863
        4147     1.40151      1.3713   0.0118602
        4148     1.41011     1.37131   0.0118573
        4149     1.41916     1.37132   0.0118545
        4150     1.42915     1.37134   0.0118516
        4151     1.43984     1.37136   0.0118488
        4152     1.45095     1.37137   0.0118459
        4153     1.46321      1.3714   0.0118431
        4154     1.47633     1.37142   0.0118403
        4155     1.48836     1.37145   0.0118375
        4156     1.50287     1.37148   0.0118346
        4157     1.51716     1.37152   0.0118319
        4158     1.53237     1.37156   0.0118291
        4159     1.54651      1.3716   0.0118263
        4160     1.56239     1.37164   0.0118235
        4161     1.57801     1.37169   0.0118208
        4162     1.59424     1.37175   0.0118181
        4163     1.60952      1.3718   0.0118154
        4164      1.6252     1.37186   0.0118127
        4165     1.64118     1.37193   0.0118101
        4166     1.65685       1.372   0.0118074
        4167     1.67137     1.37207   0.0118048
        4168      1.6856     1.37214   0.0118022
        4169     1.69919     1.37222   0.0117996
        4170     1.71202      1.3723   0.0117971
        4171     1.72375     1.37239   0.0117946
        4172     1.73406     1.37248   0.0117921
        4173     1.74286     1.37256   0.0117896
        4174     1.75248     1.37266   0.0117871
        4175     1.75902     1.37275   0.0117846
        4176     1.76606     1.37284   0.0117822
        4177     1.77115     1.37294   0.0117797
        4178     1.77476     1.37303   0.0117773
        4179     1.77714     1.37313   0.0117749
        4180     1.77854     1.37323   0.0117725
        4181      1.7785     1.37332   0.0117701
        4182     1.77755     1.37342   0.0117676
        4183     1.77524     1.37352   0.0117652
        4184     1.77165     1.37361   0.0117628
        4185     1.76755     1.37371   0.0117604
        4186      1.7623      1.3738   0.0117579
        4187     1.75716     1.37389   0.0117555
        4188     1.74983     1.37398    0.011753
        4189     1.74229     1.37407   0.0117505
        4190     1.73488     1.37415    0.011748
        4191     1.72696     1.37424   0.0117455
        4192     1.71837     1.37432    0.011743
        4193     1.70823      1.3744   0.0117405
        4194     1.69854     1.37448   0.0117379
        4195     1.68866     1.37455   0.0117354
        4196     1.67864     1.37462   0.0117328
        4197     1.66785     1.37469   0.0117302
        4198      1.6585     1.37476   0.0117276
        4199     1.64873     1.37483    0.011725
        4200     1.63908     1.37489   0.0117224
        4201     1.63007     1.37495   0.0117198
        4202     1.62079     1.37501   0.0117171
        4203     1.61125     1.37507   0.0117145
        4204     1.60295     1.37512   0.0117118
        4205      1.5947     1.37517   0.0117091
        4206      1.5865     1.37522   0.0117065
        4207     1.57862     1.37527   0.0117038
        4208     1.57105     1.37532   0.0117011
        4209     1.56403     1.37536   0.0116984
        4210     1.55706     1.37541   0.0116957
        4211     1.55108     1.37545    0.011693
        4212     1.54486     1.37549   0.0116903
        4213     1.53811     1.37553   0.0116876
        4214     1.53152     1.37556   0.0116849
        4215     1.52527      1.3756   0.0116821
        4216     1.51953     1.37563   0.0116794
        4217     1.51353     1.37567   0.0116767
        4218     1.50743      1.3757    0.011674
        4219     1.50139     1.37573   0.0116712
        4220     1.49388     1.37575   0.0116685
        4221     1.48699     1.37578   0.0116658
        4222     1.47895     1.37581    0.011663
        4223     1.47113     1.37583   0.0116603
        4224     1.46151     1.37585   0.0116576
        4225     1.45291     1.37587   0.0116548
        4226     1.44333     1.37588   0.0116521
        4227     1.43321      1.3759   0.0116493
        4228     1.42152     1.37591   0.0116466
        4229     1.41016     1.37591   0.0116438
        4230     1.39717     1.37592   0.0116411
        4231     1.38326     1.37592   0.0116383
        4232     1.36892     1.37592   0.0116356
        4233     1.35248     1.37591   0.0116328
        4234     1.33539      1.3759   0.0116301
        4235     1.31771     1.37589   0.0116273
        4236     1.29948     1.37587   0.0116246
        4237     1.28051     1.37585   0.0116219
        4238     1.26112     1.37582   0.0116192
        4239      1.2409     1.37579   0.0116165
        4240     1.21945     1.37575   0.0116138
        4241     1.19757     1.37571   0.0116111
        4242     1.17512     1.37567   0.0116085
        4243     1.15317     1.37561   0.0116059
        4244     1.13132     1.37556   0.0116033
        4245     1.10919     1.37549   0.0116007
        4246     1.08713     1.37542   0.0115982
        4247     1.06547     1.37535   0.0115957
        4248     1.04407     1.37527   0.0115932
        4249     1.02303     1.37519   0.0115908
        4250     1.00219      1.3751   0.0115884
        4251    0.982861     1.37501    0.011586
        4252    0.962467     1.37491   0.0115837
        4253      0.9435     1.37481   0.0115814
        4254    0.925313     1.37471   0.0115792
        4255    0.907981      1.3746    0.011577
        4256    0.891325     1.37448   0.0115748
        4257    0.875645     1.37437   0.0115727
        4258     0.86195     1.37425   0.0115706
        4259    0.848847     1.37412   0.0115685
        4260    0.836614       1.374   0.0115665
        4261    0.825281     1.37387   0.0115645
        4262    0.815591     1.37374   0.0115625
        4263    0.808281      1.3736   0.0115606
        4264    0.799751     1.37347   0.0115587
        4265    0.793616     1.37333   0.0115568
        4266    0.786984      1.3732   0.0115549
        4267    0.783217     1.37306    0.011553
        4268    0.780614     1.37292   0.0115511
        4269    0.779398     1.37278   0.0115492
        4270    0.778337     1.37264   0.0115474
        4271    0.778851      1.3725   0.0115455
        4272    0.780907     1.37236   0.0115436
        4273    0.783261     1.37223   0.0115418
        4274    0.786597     1.37209   0.0115399
        4275    0.790874     1.37195    0.011538
        4276    0.796289     1.37182   0.0115361
        4277    0.801829     1.37168   0.0115341
        4278    0.808891     1.37155   0.0115322
        4279    0.817184     1.37142   0.0115302
        4280    0.825217      1.3713   0.0115282
        4281    0.834384     1.37117   0.0115262
        4282    0.844159     1.37105   0.0115242
        4283    0.854732     1.37093   0.0115221
        4284    0.865099     1.37081     0.01152
        4285     0.87666     1.37069   0.0115179
        4286    0.888173     1.37058   0.0115158
        4287    0.901282     1.37047   0.0115136
        4288    0.914511     1.37036   0.0115114
        4289    0.926383     1.37026   0.0115092
        4290    0.939283     1.37016    0.011507
        4291    0.952226     1.37006   0.0115047
        4292    0.965674     1.36997   0.0115024
        4293    0.980092     1.36988   0.0115001
        4294    0.994022     1.36979   0.0114977
        4295     1.00866     1.36971   0.0114954
        4296     1.02256     1.36963    0.011493
        4297     1.03789     1.36955   0.0114906
        4298     1.05368     1.36948   0.0114881
        4299     1.06993     1.36941   0.0114857
        4300       1.084     1.36934   0.0114832
        4301     1.09974     1.36928   0.0114807
        4302     1.11572     1.36922   0.0114782
        4303     1.13194     1.36916   0.0114756
        4304     1.14793     1.36911   0.0114731
        4305     1.16441     1.36906   0.0114705
        4306     1.18187     1.36902   0.0114679
        4307     1.19936     1.36898   0.0114653
        4308     1.21664     1.36895   0.0114627
        4309     1.23515     1.36891   0.0114601
        4310     1.25345     1.36889   0.0114575
        4311     1.27154     1.36886   0.0114548
        4312     1.29038     1.36885   0.0114522
        4313     1.31022     1.36883   0.0114496
        4314     1.32913     1.36882   0.0114469
        4315     1.34807     1.36882   0.0114443
        4316      1.3675     1.36882   0.0114416
        4317     1.38718     1.36882    0.011439
        4318     1.40829     1.36883   0.0114363
        4319      1.4289     1.36885   0.0114337
        4320     1.44922     1.36886    0.011431
        4321     1.46995     1.36889   0.0114284
        4322     1.49034     1.36892   0.0114258
        4323     1.51108     1.36895   0.0114232
        4324     1.53165     1.36899   0.0114206
        4325     1.55225     1.36903   0.0114181
        4326     1.57379     1.36908   0.0114155
        4327     1.59429     1.36913    0.011413
        4328     1.61538     1.36919   0.0114105
        4329      1.6358     1.36925    0.011408
        4330     1.65619     1.36931   0.0114056
        4331     1.67648     1.36938   0.0114032
        4332      1.6966     1.36946   0.0114008
        4333      1.7155     1.36954   0.0113985
        4334     1.73381     1.36962   0.0113961
        4335      1.7517     1.36971   0.0113938
        4336     1.76884      1.3698   0.0113916
        4337      1.7849      1.3699   0.0113894
        4338      1.7998        1.37   0.0113872
        4339     1.81466      1.3701    0.011385
        4340     1.82844     1.37021   0.0113829
        4341     1.84085     1.37031   0.0113808
        4342     1.85182     1.37043   0.0113787
        4343     1.86129     1.37054   0.0113766
        4344      1.8702     1.37065   0.0113746
        4345      1.8773     1.37077   0.0113726
        4346     1.88282     1.37089   0.0113706
        4347     1.88723     1.37101   0.0113686
        4348     1.88982     1.37113   0.0113666
        4349     1.89204     1.37125   0.0113646
        4350     1.89297     1.37137   0.0113626
        4351     1.89215     1.37149   0.0113606
        4352     1.89108     1.37161   0.0113587
        4353     1.88814     1.37172   0.0113567
        4354     1.88386     1.37184   0.0113547
        4355      1.8776     1.37196   0.0113527
        4356     1.87208     1.37207   0.0113506
        4357      1.8652     1.37219   0.0113486
        4358     1.85801      1.3723   0.0113465
        4359     1.84915     1.37241   0.0113445
        4360     1.84013     1.37251   0.0113424
        4361     1.83055     1.37262   0.0113402
        4362     1.82001     1.37272   0.0113381
        4363     1.80904     1.37282    0.011336
        4364     1.79747     1.37292   0.0113338
        4365      1.7856     1.37301   0.0113316
        4366     1.77349      1.3731   0.0113293
        4367     1.76143     1.37319   0.0113271
        4368     1.75018     1.37328   0.0113248
        4369     1.73785     1.37336   0.0113226
        4370      1.7257     1.37344   0.0113202
        4371     1.71352     1.37352   0.0113179
        4372     1.70134      1.3736   0.0113156
        4373     1.68897     1.37367   0.0113132
        4374     1.67643     1.37374   0.0113109
        4375       1.664      1.3738   0.0113085
        4376     1.65173     1.37387   0.0113061
        4377     1.64038     1.37393   0.0113036
        4378     1.62807     1.37399   0.0113012
        4379     1.61701     1.37404   0.0112988
        4380     1.60679      1.3741   0.0112963
        4381     1.59672     1.37415   0.0112938
        4382     1.58736      1.3742   0.0112914
        4383     1.57707     1.37424   0.0112889
        4384     1.56856     1.37429   0.0112864
        4385     1.56021     1.37433   0.0112839
        4386     1.55281     1.37437   0.0112814
        4387     1.54592     1.37441   0.0112789
        4388     1.53984     1.37445   0.0112764
        4389     1.53487     1.37448   0.0112739
        4390     1.53106     1.37452   0.0112714
        4391     1.52772     1.37455   0.0112689
        4392     1.52608     1.37459   0.0112663
        4393      1.5245     1.37462   0.0112638
        4394     1.52394     1.37466   0.0112613
        4395     1.52586     1.37469   0.0112588
        4396     1.52809     1.37472   0.0112563
        4397     1.53062     1.37476   0.0112538
        4398      1.5344      1.3748   0.0112513
        4399     1.53915     1.37483   0.0112488
        4400     1.54532     1.37487   0.0112463
        4401     1.55188     1.37491   0.0112438
        4402     1.55974     1.37495   0.0112414
        4403     1.56834       1.375   0.0112389
        4404     1.57808     1.37504   0.0112364
        4405     1.58694     1.37509    0.011234
        4406     1.59724     1.37514   0.0112315
        4407      1.6079      1.3752   0.0112291
        4408     1.61809     1.37525   0.0112267
        4409      1.6289     1.37531   0.0112243
        4410     1.64021     1.37537   0.0112219
        4411     1.65141     1.37543   0.0112196
        4412     1.66238      1.3755   0.0112172
        4413     1.67253     1.37556   0.0112149
        4414     1.68174     1.37563   0.0112125
        4415     1.69109      1.3757   0.0112102
        4416     1.69929     1.37578   0.0112079
        4417     1.70696     1.37585   0.0112056
        4418     1.71402     1.37593   0.0112034
        4419     1.71991     1.37601   0.0112011
        4420     1.72505     1.37609   0.0111988
        4421     1.72915     1.37617   0.0111966
        4422     1.73218     1.37625   0.0111944
        4423     1.73412     1.37633   0.0111921
        4424     1.73494     1.37641   0.0111899
        4425     1.73514     1.37649   0.0111876
        4426     1.73399     1.37657   0.0111854
        4427     1.73152     1.37665   0.0111832
        4428      1.7275     1.37673   0.0111809
        4429     1.72294     1.37681   0.0111787
        4430     1.71618     1.37688   0.0111764
        4431      1.7087     1.37696   0.0111741
        4432     1.70054     1.37703   0.0111719
        4433     1.69245      1.3771   0.0111696
        4434     1.68328     1.37717   0.0111673
        4435     1.67329     1.37724   0.0111649
        4436     1.66204      1.3773   0.0111626
        4437     1.65052     1.37737   0.0111603
        4438     1.63755     1.37742   0.0111579
        4439     1.62532     1.37748   0.0111555
        4440     1.61144     1.37753   0.0111531
        4441     1.59665     1.37758   0.0111507
        4442     1.58146     1.37763   0.0111483
        4443     1.56612     1.37767   0.0111459
        4444     1.54969     1.37771   0.0111435
        4445     1.53337     1.37774    0.011141
        4446      1.5167     1.37778   0.0111385
        4447     1.49803      1.3778   0.0111361
        4448     1.47978     1.37783   0.0111336
        4449     1.46053     1.37784   0.0111311
        4450     1.44033     1.37786   0.0111286
        4451     1.42039     1.37787   0.0111261
        4452     1.39932     1.37787   0.0111236
        4453     1.37837     1.37787   0.0111211
        4454     1.35614     1.37787   0.0111186
        4455     1.33484     1.37786   0.0111161
        4456     1.31262     1.37784   0.0111136
        4457     1.29073     1.37782   0.0111112
        4458       1.269      1.3778   0.0111087
        4459      1.2475     1.37777   0.0111062
        4460     1.22486     1.37774   0.0111038
        4461     1.20427      1.3777   0.0111014
        4462     1.18243     1.37765    0.011099
        4463     1.16064      1.3776   0.0110966
        4464     1.13943     1.37755   0.0110942
        4465     1.11864     1.37749   0.0110919
        4466     1.09882     1.37743   0.0110896
        4467     1.07932     1.37736   0.0110873
        4468     1.06044     1.37729   0.0110851
        4469     1.04225     1.37722   0.0110828
        4470     1.02504     1.37714   0.0110806
        4471     1.00814     1.37706   0.0110785
        4472    0.991848     1.37697   0.0110763
        4473    0.976695     1.37688   0.0110742
        4474    0.962479     1.37679   0.0110721
        4475     0.94972     1.37669   0.0110701
        4476    0.936524     1.37659    0.011068
        4477    0.926048     1.37649    0.011066
        4478    0.916154     1.37639    0.011064
        4479    0.907821     1.37629    0.011062
        4480    0.900099     1.37618   0.0110601
        4481    0.893472     1.37607   0.0110581
        4482    0.887947     1.37596   0.0110562
        4483    0.884002     1.37585   0.0110543
        4484    0.880188     1.37574   0.0110524
        4485    0.878182     1.37563   0.0110505
        4486     0.87676     1.37552   0.0110486
        4487    0.876621     1.37541   0.0110467
        4488    0.877496      1.3753   0.0110448
        4489    0.878629     1.37519   0.0110429
        4490    0.880708     1.37508   0.0110409
        4491    0.884413     1.37497    0.011039
        4492     0.88874     1.37486   0.0110371
        4493    0.894604     1.37475   0.0110352
        4494     0.90051     1.37465   0.0110332
        4495    0.907368     1.37454   0.0110312
        4496    0.915609     1.37444   0.0110293
        4497    0.923974     1.37434   0.0110273
        4498    0.932177     1.37424   0.0110253
        4499    0.940161     1.37415   0.0110232
        4500    0.949563     1.37405   0.0110212
        4501    0.959617     1.37396   0.0110191
        4502    0.969805     1.37387    0.011017
        4503    0.979848     1.37378   0.0110149
        4504     0.99092      1.3737   0.0110128
        4505     1.00227     1.37362   0.0110107
        4506     1.01437     1.37354   0.0110085
        4507     1.02598     1.37346   0.0110064
        4508     1.03808     1.37338   0.0110042
        4509     1.05041     1.37331    0.011002
        4510     1.06345     1.37324   0.0109997
        4511     1.07673     1.37318   0.0109975
        4512     1.09026     1.37312   0.0109952
        4513     1.10307     1.37306    0.010993
        4514     1.11712       1.373   0.0109907
        4515     1.13095     1.37295   0.0109884
        4516     1.14555      1.3729    0.010986
        4517     1.15996     1.37285   0.0109837
        4518     1.17491      1.3728   0.0109814
        4519     1.18945     1.37276    0.010979
        4520     1.20452     1.37273   0.0109766
        4521     1.22087     1.37269   0.0109743
        4522     1.23606     1.37266   0.0109719
        4523     1.25179     1.37264   0.0109695
        4524     1.26852     1.37261   0.0109671
        4525     1.28623     1.37259   0.0109647
        4526     1.30323     1.37258   0.0109623
        4527      1.3207     1.37257   0.0109599
        4528     1.33885     1.37256   0.0109574
        4529     1.35621     1.37256    0.010955
        4530     1.37396     1.37256   0.0109526
        4531     1.39159     1.37256   0.0109502
        4532     1.40954     1.37257   0.0109478
        4533     1.42656     1.37258   0.0109454
        4534     1.44454      1.3726    0.010943
        4535     1.46248     1.37262   0.0109406
        4536     1.48009     1.37264   0.0109382
        4537     1.49781     1.37267   0.0109358
        4538      1.5151      1.3727   0.0109334
        4539      1.5324     1.37273   0.0109311
        4540     1.54943     1.37277   0.0109287
        4541     1.56566     1.37282   0.0109264
        4542       1.582     1.37286   0.0109241
        4543      1.5977     1.37291   0.0109218
        4544     1.61294     1.37296   0.0109195
        4545     1.62698     1.37302   0.0109173
        4546      1.6417     1.37308    0.010915
        4547     1.65637     1.37314   0.0109128
        4548     1.66951     1.37321   0.0109106
        4549     1.68304     1.37327   0.0109084
        4550     1.69527     1.37335   0.0109063
        4551     1.70739     1.37342   0.0109041
        4552     1.71892      1.3735    0.010902
        4553     1.72962     1.37357   0.0108999
        4554     1.73928     1.37365   0.0108978
        4555     1.74861     1.37374   0.0108957
        4556     1.75787     1.37382   0.0108936
        4557     1.76636     1.37391   0.0108916
        4558     1.77408     1.37399   0.0108895
        4559     1.78107     1.37408   0.0108875
        4560      1.7878     1.37417   0.0108855
        4561     1.79356     1.37427   0.0108835
        4562     1.80004     1.37436   0.0108815
        4563     1.80508     1.37445   0.0108795
        4564     1.80963     1.37455   0.0108776
        4565     1.81343     1.37465   0.0108756
        4566     1.81623     1.37474   0.0108737
        4567     1.81874     1.37484   0.0108717
        4568     1.82164     1.37494   0.0108698
        4569     1.82395     1.37504   0.0108679
        4570     1.82586     1.37513   0.0108659
        4571      1.8264     1.37523    0.010864
        4572       1.826     1.37533   0.0108621
        4573     1.82487     1.37543   0.0108601
        4574     1.82372     1.37553   0.0108582
        4575     1.82178     1.37563   0.0108563
        4576     1.81831     1.37572   0.0108543
        4577      1.8138     1.37582   0.0108524
        4578      1.8092     1.37591   0.0108504
        4579     1.80331     1.37601   0.0108484
        4580      1.7971      1.3761   0.0108465
        4581     1.78988     1.37619   0.0108445
        4582      1.7824     1.37628   0.0108425
        4583     1.77375     1.37636   0.0108405
        4584     1.76468     1.37645   0.0108384
        4585     1.75503     1.37653   0.0108364
        4586     1.74557     1.37661   0.0108343
        4587     1.73541     1.37669   0.0108322
        4588     1.72461     1.37677   0.0108301
        4589     1.71277     1.37684    0.010828
        4590     1.70141     1.37691   0.0108259
        4591     1.68962     1.37698   0.0108237
        4592     1.67676     1.37704   0.0108216
        4593     1.66506     1.37711   0.0108194
        4594     1.65361     1.37717   0.0108172
        4595     1.64126     1.37722    0.010815
        4596     1.62951     1.37728   0.0108128
        4597     1.61768     1.37733   0.0108106
        4598     1.60627     1.37738   0.0108083
        4599      1.5946     1.37743   0.0108061
        4600     1.58365     1.37747   0.0108038
        4601     1.57246     1.37751   0.0108016
        4602     1.56249     1.37755   0.0107993
        4603     1.55227     1.37759    0.010797
        4604       1.543     1.37763   0.0107947
        4605     1.53322     1.37766   0.0107925
        4606     1.52337     1.37769   0.0107902
        4607     1.51392     1.37772   0.0107879
        4608     1.50432     1.37775   0.0107855
        4609     1.49526     1.37778   0.0107832
        4610     1.48643      1.3778   0.0107809
        4611      1.4773     1.37782   0.0107786
        4612     1.46829     1.37784   0.0107763
        4613     1.45933     1.37786    0.010774
        4614     1.44963     1.37787   0.0107716
        4615     1.44009     1.37789   0.0107693
        4616     1.42873      1.3779    0.010767
        4617     1.41791     1.37791   0.0107647
        4618     1.40589     1.37791   0.0107623
        4619      1.3936     1.37792     0.01076
        4620     1.38223     1.37792   0.0107577
        4621     1.36913     1.37792   0.0107553
        4622     1.35431     1.37791    0.010753
        4623      1.3402      1.3779   0.0107507
        4624     1.32516     1.37789   0.0107484
        4625     1.31117     1.37788   0.0107461
        4626     1.29541     1.37786   0.0107438
        4627     1.28015     1.37784   0.0107415
        4628     1.26449     1.37781   0.0107392
        4629     1.24879     1.37779   0.0107369
        4630     1.23313     1.37775   0.0107346
        4631     1.21739     1.37772   0.0107323
        4632     1.20092     1.37768   0.0107301
        4633     1.18576     1.37764   0.0107279
        4634     1.17197      1.3776   0.0107256
        4635     1.15771     1.37755   0.0107234
        4636     1.14376      1.3775   0.0107212
        4637     1.12993     1.37744   0.0107191
        4638     1.11747     1.37739   0.0107169
        4639     1.10568     1.37733   0.0107147
        4640      1.0953     1.37727   0.0107126
        4641     1.08491     1.37721   0.0107105
        4642     1.07571     1.37714   0.0107084
        4643     1.06747     1.37707   0.0107063
        4644      1.0597     1.37701   0.0107042
        4645     1.05217     1.37694   0.0107021
        4646     1.04583     1.37686      0.0107
        4647      1.0402     1.37679    0.010698
        4648      1.0353     1.37672   0.0106959
        4649     1.03041     1.37664   0.0106939
        4650     1.02699     1.37657   0.0106919
        4651      1.0253     1.37649   0.0106898
        4652     1.02295     1.37642   0.0106878
        4653     1.02213     1.37634   0.0106858
        4654      1.0224     1.37627   0.0106837
        4655     1.02185     1.37619   0.0106817
        4656     1.02244     1.37611   0.0106797
        4657     1.02493     1.37604   0.0106777
        4658     1.02886     1.37596   0.0106756
        4659     1.03305     1.37589   0.0106736
        4660     1.03873     1.37582   0.0106716
        4661      1.0447     1.37575   0.0106695
        4662     1.05218     1.37568   0.0106674
        4663     1.06021     1.37561   0.0106654
        4664     1.06997     1.37554   0.0106633
        4665     1.07953     1.37548   0.0106612
        4666     1.09103     1.37542   0.0106591
        4667     1.10299     1.37536   0.0106569
        4668     1.11561     1.37531   0.0106548
        4669      1.1298     1.37525   0.0106527
        4670     1.14428      1.3752   0.0106505
        4671     1.15899     1.37516   0.0106483
        4672     1.17577     1.37511   0.0106461
        4673     1.19189     1.37508   0.0106439
        4674     1.20895     1.37504   0.0106417
        4675     1.22733     1.37501   0.0106395
        4676     1.24524     1.37498   0.0106372
        4677     1.26308     1.37496    0.010635
        4678     1.28049     1.37494   0.0106327
        4679     1.29811     1.37492   0.0106305
        4680     1.31584     1.37491   0.0106282
        4681     1.33361      1.3749   0.0106259
        4682     1.34988     1.37489   0.0106237
        4683     1.36605     1.37489   0.0106214
        4684     1.38303     1.37489   0.0106191
        4685     1.39861      1.3749   0.0106169
        4686     1.41447     1.37491   0.0106146
        4687     1.42962     1.37492   0.0106123
        4688     1.44385     1.37493   0.0106101
        4689     1.45838     1.37495   0.0106078
        4690      1.4723     1.37497   0.0106056
        4691     1.48541     1.37499   0.0106034
        4692     1.49802     1.37502   0.0106011
        4693     1.51118     1.37505   0.0105989
        4694     1.52401     1.37508   0.0105967
        4695     1.53661     1.37512   0.0105945
        4696     1.54979     1.37515   0.0105923
        4697     1.56316     1.37519   0.0105901
        4698     1.57659     1.37524    0.010588
        4699     1.59042     1.37528   0.0105858
        4700     1.60521     1.37533   0.0105837
        4701     1.61984     1.37538   0.0105816
        4702     1.63561     1.37544   0.0105794
        4703     1.65233      1.3755   0.0105774
        4704     1.67007     1.37556   0.0105753
        4705     1.68861     1.37563   0.0105733
        4706     1.70752      1.3757   0.0105712
        4707     1.72656     1.37577   0.0105693
        4708     1.74767     1.37585   0.0105673
        4709     1.76866     1.37593   0.0105654
        4710     1.79119     1.37602   0.0105635
        4711     1.81497     1.37612   0.0105617
        4712     1.83776     1.37621   0.0105599
        4713     1.86165     1.37632   0.0105582
        4714     1.88606     1.37642   0.0105565
        4715     1.91159     1.37654   0.0105549
        4716     1.93763     1.37666   0.0105533
        4717      1.9633     1.37678   0.0105518
        4718     1.98869     1.37691   0.0105503
        4719     2.01434     1.37705    0.010549
        4720     2.03888     1.37719   0.0105477
        4721     2.06306     1.37733   0.0105464
        4722     2.08718     1.37748   0.0105453
        4723     2.10935     1.37764   0.0105442
        4724      2.1306      1.3778   0.0105432
        4725     2.15123     1.37796   0.0105422
        4726     2.17008     1.37813   0.0105413
        4727     2.18702      1.3783   0.0105405
        4728     2.20237     1.37847   0.0105397
        4729     2.21602     1.37865   0.0105389
        4730     2.22664     1.37883   0.0105382
        4731     2.23513     1.37901   0.0105375
        4732     2.24166     1.37919   0.0105369
        4733     2.24571     1.37938   0.0105363
        4734     2.24824     1.37956   0.0105356
        4735     2.24804     1.37974    0.010535
        4736     2.24586     1.37993   0.0105344
        4737     2.24102     1.38011   0.0105337
        4738     2.23405     1.38029    0.010533
        4739     2.22575     1.38047   0.0105323
        4740     2.21475     1.38064   0.0105316
        4741     2.20283     1.38082   0.0105308
        4742     2.18886     1.38099   0.0105299
        4743      2.1732     1.38115    0.010529
        4744     2.15594     1.38132   0.0105281
        4745     2.13646     1.38148   0.0105271
        4746     2.11607     1.38163    0.010526
        4747     2.09415     1.38178   0.0105248
        4748     2.07103     1.38193   0.0105236
        4749     2.04706     1.38207   0.0105223
        4750     2.02256      1.3822    0.010521
        4751     1.99619     1.38233   0.0105196
        4752      1.9697     1.38245   0.0105181
        4753     1.94199     1.38257   0.0105165
        4754     1.91361     1.38268   0.0105149
        4755     1.88441     1.38279   0.0105132
        4756      1.8542     1.38289   0.0105115
        4757     1.82404     1.38298   0.0105097
        4758     1.79446     1.38307   0.0105078
        4759     1.76507     1.38315   0.0105059
        4760     1.73448     1.38322    0.010504
        4761     1.70277     1.38329    0.010502
        4762     1.67216     1.38335      0.0105
        4763     1.64154      1.3834   0.0104979
        4764     1.60977     1.38345   0.0104958
        4765     1.57931     1.38349   0.0104937
        4766     1.54834     1.38353   0.0104915
        4767     1.51837     1.38355   0.0104894
        4768     1.48852     1.38358   0.0104872
        4769      1.4591     1.38359    0.010485
        4770     1.42997      1.3836   0.0104828
        4771     1.40143     1.38361   0.0104806
        4772     1.37334      1.3836   0.0104784
        4773     1.34697      1.3836   0.0104762
        4774     1.32098     1.38358    0.010474
        4775     1.29591     1.38356   0.0104719
        4776      1.2721     1.38354   0.0104697
        4777     1.24913     1.38351   0.0104675
        4778     1.22781     1.38348   0.0104654
        4779     1.20747     1.38344   0.0104633
        4780     1.18843      1.3834   0.0104612
        4781     1.17003     1.38336   0.0104591
        4782     1.15329     1.38331    0.010457
        4783      1.1385     1.38326   0.0104549
        4784     1.12523      1.3832   0.0104529
        4785     1.11376     1.38315   0.0104509
        4786     1.10315     1.38309   0.0104488
        4787     1.09368     1.38303   0.0104468
        4788     1.08729     1.38297   0.0104448
        4789     1.08256      1.3829   0.0104428
        4790     1.07829     1.38284   0.0104408
        4791     1.07663     1.38278   0.0104389
        4792      1.0764     1.38271   0.0104369
        4793     1.07804     1.38265   0.0104349
        4794     1.07987     1.38259   0.0104329
        4795     1.08401     1.38252   0.0104309
        4796     1.08923     1.38246   0.0104289
        4797     1.09621      1.3824   0.0104269
        4798     1.10515     1.38235   0.0104249
        4799     1.11502     1.38229   0.0104229
        4800     1.12723     1.38224   0.0104209
        4801      1.1388     1.38219   0.0104188
        4802     1.15329     1.38214   0.0104167
        4803     1.16845     1.38209   0.0104147
        4804     1.18539     1.38205   0.0104126
        4805     1.20236     1.38202   0.0104105
        4806     1.22118     1.38198   0.0104084
        4807     1.24007     1.38195   0.0104062
        4808     1.26085     1.38193   0.0104041
        4809     1.28053     1.38191    0.010402
        4810     1.30142     1.38189   0.0103998
        4811      1.3222     1.38188   0.0103977
        4812     1.34348     1.38187   0.0103955
        4813      1.3649     1.38187   0.0103933
        4814     1.38757     1.38187   0.0103912
        4815      1.4092     1.38187    0.010389
        4816     1.43065     1.38188   0.0103869
        4817     1.45204      1.3819   0.0103847
        4818     1.47256     1.38192   0.0103826
        4819     1.49259     1.38194   0.0103805
        4820     1.51252     1.38197   0.0103784
        4821     1.53153       1.382   0.0103762
        4822     1.55028     1.38203   0.0103742
        4823     1.56795     1.38207   0.0103721
        4824     1.58474     1.38211     0.01037
        4825     1.59987     1.38216    0.010368
        4826     1.61423     1.38221   0.0103659
        4827     1.62852     1.38226   0.0103639
        4828     1.64052     1.38231   0.0103619
        4829     1.65239     1.38237   0.0103599
        4830     1.66241     1.38242   0.0103579
        4831     1.67202     1.38248   0.0103559
        4832     1.68048     1.38255    0.010354
        4833     1.68781     1.38261    0.010352
        4834     1.69304     1.38267   0.0103501
        4835     1.69785     1.38274   0.0103482
        4836     1.70155      1.3828   0.0103462
        4837     1.70416     1.38287   0.0103443
        4838     1.70521     1.38294   0.0103424
        4839     1.70545       1.383   0.0103405
        4840     1.70444     1.38307   0.0103385
        4841     1.70291     1.38314   0.0103366
        4842     1.70043      1.3832   0.0103347
        4843     1.69629     1.38327   0.0103327
        4844     1.69174     1.38333   0.0103308
        4845     1.68657     1.38339   0.0103289
        4846     1.68008     1.38345   0.0103269
        4847     1.67328     1.38351    0.010325
        4848     1.66522     1.38357    0.010323
        4849     1.65664     1.38363    0.010321
        4850     1.64637     1.38368    0.010319
        4851     1.63635     1.38373    0.010317
        4852     1.62586     1.38378    0.010315
        4853     1.61467     1.38383    0.010313
        4854     1.60254     1.38388    0.010311
        4855     1.58922     1.38392    0.010309
        4856     1.57568     1.38396   0.0103069
        4857     1.56118       1.384   0.0103048
        4858      1.5457     1.38403   0.0103028
        4859     1.53067     1.38406   0.0103007
        4860      1.5144     1.38409   0.0102986
        4861     1.49736     1.38411   0.0102965
        4862     1.47978     1.38413   0.0102944
        4863     1.46045     1.38414   0.0102923
        4864      1.4401     1.38416   0.0102902
        4865     1.41944     1.38416   0.0102881
        4866     1.39827     1.38417    0.010286
        4867     1.37563     1.38416   0.0102839
        4868     1.35373     1.38416   0.0102818
        4869      1.3307     1.38415   0.0102797
        4870     1.30681     1.38413   0.0102776
        4871     1.28262     1.38411   0.0102755
        4872     1.25747     1.38408   0.0102734
        4873     1.23217     1.38405   0.0102713
        4874     1.20727     1.38402   0.0102693
        4875     1.18119     1.38398   0.0102673
        4876     1.15401     1.38393   0.0102653
        4877     1.12847     1.38388   0.0102633
        4878     1.10179     1.38382   0.0102614
        4879     1.07527     1.38375   0.0102594
        4880     1.04924     1.38369   0.0102576
        4881     1.02453     1.38361   0.0102557
        4882    0.999282     1.38353   0.0102539
        4883    0.974803     1.38345   0.0102522
        4884    0.950449     1.38336   0.0102505
        4885    0.926776     1.38327   0.0102488
        4886    0.904338     1.38317   0.0102472
        4887    0.882234     1.38307   0.0102456
        4888    0.861729     1.38296    0.010244
        4889    0.841915     1.38285   0.0102425
        4890    0.823794     1.38274   0.0102411
        4891    0.805955     1.38262   0.0102397
        4892    0.789398      1.3825   0.0102383
        4893    0.774385     1.38237    0.010237
        4894     0.76021     1.38225   0.0102357
        4895     0.74688     1.38212   0.0102344
        4896    0.735115     1.38198   0.0102331
        4897    0.724671     1.38185   0.0102319
        4898    0.714089     1.38171   0.0102308
        4899    0.704794     1.38157   0.0102296
        4900     0.69676     1.38143   0.0102285
        4901    0.690199     1.38129   0.0102274
        4902    0.684111     1.38115   0.0102263
        4903    0.677969     1.38101   0.0102252
        4904    0.674135     1.38086   0.0102241
        4905    0.670398     1.38072    0.010223
        4906    0.667911     1.38057    0.010222
        4907    0.666139     1.38043    0.010221
        4908     0.66503     1.38028   0.0102199
        4909    0.664776     1.38014   0.0102189
        4910     0.66364     1.37999   0.0102178
        4911    0.663501     1.37984   0.0102168
        4912    0.664557      1.3797   0.0102157
        4913     0.66628     1.37955   0.0102147
        4914    0.668155     1.37941   0.0102136
        4915    0.670388     1.37926   0.0102126
        4916    0.672949     1.37912   0.0102115
        4917    0.676532     1.37898   0.0102104
        4918    0.679186     1.37884   0.0102094
        4919    0.682337     1.37869   0.0102083
        4920    0.685485     1.37855   0.0102072
        4921    0.689336     1.37841    0.010206
        4922     0.69243     1.37827   0.0102049
        4923    0.697638     1.37814   0.0102038
        4924    0.702786       1.378   0.0102026
        4925    0.706902     1.37786   0.0102015
        4926    0.711417     1.37773   0.0102003
        4927    0.715599     1.37759   0.0101991
        4928    0.720158     1.37746   0.0101979
        4929    0.724847     1.37733   0.0101967
        4930    0.730383      1.3772   0.0101955
        4931    0.736522     1.37707   0.0101942
        4932     0.74109     1.37694    0.010193
        4933     0.74698     1.37681   0.0101917
        4934     0.75299     1.37668   0.0101904
        4935    0.758891     1.37656   0.0101892
        4936    0.765416     1.37643   0.0101878
        4937      0.7709     1.37631   0.0101865
        4938    0.777531     1.37619   0.0101852
        4939    0.783892     1.37607   0.0101838
        4940    0.790973     1.37595   0.0101824
        4941    0.797364     1.37583   0.0101811
        4942     0.80479     1.37572   0.0101797
        4943    0.812562      1.3756   0.0101782
        4944    0.820724     1.37549   0.0101768
        4945    0.829313     1.37538   0.0101753
        4946    0.837647     1.37527   0.0101739
        4947    0.847206     1.37517   0.0101724
        4948    0.857063     1.37506   0.0101708
        4949    0.868689     1.37496   0.0101693
        4950    0.879466     1.37486   0.0101677
        4951    0.891099     1.37476   0.0101662
        4952    0.902398     1.37467   0.0101646
        4953    0.915773     1.37457   0.0101629
        4954    0.930265     1.37448   0.0101613
        4955    0.944665      1.3744   0.0101596
        4956    0.960645     1.37431   0.0101579
        4957    0.976259     1.37423   0.0101561
        4958    0.992685     1.37416   0.0101544
        4959     1.00941     1.37408   0.0101526
        4960     1.02664     1.37401   0.0101508
        4961     1.04361     1.37395    0.010149
        4962     1.06146     1.37388   0.0101471
        4963     1.08015     1.37382   0.0101453
        4964     1.09866     1.37377   0.0101434
        4965     1.11691     1.37372   0.0101414
        4966     1.13606     1.37367   0.0101395
        4967     1.15556     1.37363   0.0101376
        4968     1.17509     1.37359   0.0101356
        4969     1.19482     1.37355   0.0101336
        4970     1.21421     1.37352   0.0101316
        4971     1.23342     1.37349   0.0101296
        4972     1.25214     1.37346   0.0101276
        4973     1.27005     1.37344   0.0101256
        4974     1.28806     1.37343   0.0101236
        4975     1.30538     1.37341   0.0101216
        4976      1.3217      1.3734   0.0101195
        4977     1.33816      1.3734   0.0101175
        4978     1.35302     1.37339   0.0101155
        4979     1.36744     1.37339   0.0101135
        4980     1.38062     1.37339   0.0101114
        4981     1.39351      1.3734   0.0101094
        4982     1.40605      1.3734   0.0101074
        4983     1.41749     1.37341   0.0101053
        4984     1.42901     1.37342   0.0101033
        4985     1.43866     1.37344   0.0101013
        4986     1.44762     1.37345   0.0100993
        4987     1.45587     1.37347   0.0100973
        4988     1.46293     1.37348   0.0100953
        4989     1.46951      1.3735   0.0100933
        4990     1.47441     1.37352   0.0100913
        4991      1.4786     1.37355   0.0100893
        4992      1.4823     1.37357   0.0100873
        4993      1.4841     1.37359   0.0100853
        4994     1.48616     1.37361   0.0100833
        4995     1.48705     1.37363   0.0100813
        4996     1.48728     1.37366   0.0100793
        4997     1.48637     1.37368   0.0100773
        4998     1.48289      1.3737   0.0100753
        4999     1.47952     1.37372   0.0100733
        5000     1.47555     1.37374   0.0100713
        5001     1.47125     1.37376   0.0100693
        5002     1.46567     1.37378   0.0100673
        5003     1.45957      1.3738   0.0100653
        5004     1.45297     1.37381   0.0100633
        5005     1.44543     1.37383   0.0100613
        5006       1.437     1.37384   0.0100593
        5007     1.42745     1.37385   0.0100573
        5008     1.41804     1.37386   0.0100553
        5009     1.40738     1.37387   0.0100533
        5010     1.39598     1.37387   0.0100513
        5011     1.38463     1.37387   0.0100493
        5012     1.37336     1.37387   0.0100473
        5013     1.36201     1.37387   0.0100453
        5014     1.34966     1.37387   0.0100433
        5015     1.33758     1.37386   0.0100413
        5016     1.32607     1.37385   0.0100393
        5017     1.31351     1.37384   0.0100373
        5018     1.30044     1.37382   0.0100353
        5019     1.28813     1.37381   0.0100333
        5020     1.27591     1.37379   0.0100313
        5021     1.26289     1.37376   0.0100294
        5022     1.25082     1.37374   0.0100274
        5023     1.23877     1.37371   0.0100254
        5024     1.22682     1.37368   0.0100235
        5025     1.21549     1.37365   0.0100215
        5026     1.20411     1.37362   0.0100196
        5027     1.19368     1.37358   0.0100177
        5028     1.18424     1.37355   0.0100158
        5029     1.17511     1.37351   0.0100138
        5030      1.1668     1.37346   0.0100119
        5031     1.15956     1.37342     0.01001
        5032     1.15149     1.37338   0.0100081
        5033     1.14452     1.37333   0.0100063
        5034     1.13842     1.37329   0.0100044
        5035     1.13318     1.37324   0.0100025
        5036     1.12809     1.37319   0.0100006
        5037     1.12432     1.37314  0.00999878
        5038     1.12162     1.37309  0.00999692
        5039     1.11853     1.37304  0.00999506
        5040      1.1155     1.37299  0.00999321
        5041     1.11347     1.37294  0.00999136
        5042     1.11242     1.37289  0.00998951
        5043     1.11182     1.37283  0.00998766
        5044     1.11188     1.37278  0.00998582
        5045     1.11162     1.37273  0.00998397
        5046     1.11125     1.37268  0.00998213
        5047     1.11169     1.37263  0.00998029
        5048     1.11195     1.37257  0.00997844
        5049     1.11273     1.37252   0.0099766
        5050     1.11329     1.37247  0.00997475
        5051     1.11409     1.37242  0.00997291
        5052     1.11583     1.37237  0.00997107
        5053     1.11826     1.37232  0.00996922
        5054     1.11969     1.37227  0.00996737
        5055     1.12108     1.37222  0.00996552
        5056     1.12363     1.37217  0.00996368
        5057     1.12662     1.37212  0.00996182
        5058     1.12958     1.37207  0.00995997
        5059     1.13324     1.37203  0.00995811
        5060      1.1369     1.37198  0.00995625
        5061     1.14107     1.37194  0.00995439
        5062     1.14527     1.37189  0.00995252
        5063     1.15025     1.37185  0.00995065
        5064     1.15387      1.3718  0.00994878
        5065     1.15808     1.37176  0.00994691
        5066     1.16289     1.37172  0.00994503
        5067     1.16905     1.37168  0.00994315
        5068     1.17513     1.37164  0.00994126
        5069     1.18164      1.3716  0.00993937
        5070     1.18833     1.37157  0.00993748
        5071     1.19595     1.37153  0.00993558
        5072     1.20378      1.3715  0.00993367
        5073     1.21132     1.37147  0.00993176
        5074     1.21931     1.37144  0.00992985
        5075     1.22821     1.37141  0.00992794
        5076     1.23752     1.37138  0.00992602
        5077     1.24749     1.37136  0.00992409
        5078     1.25856     1.37134  0.00992216
        5079        1.27     1.37132  0.00992023
        5080     1.28106      1.3713  0.00991829
        5081     1.29292     1.37128  0.00991635
        5082     1.30458     1.37127  0.00991441
        5083       1.317     1.37126  0.00991246
        5084     1.32917     1.37125  0.00991052
        5085     1.34204     1.37125  0.00990857
        5086     1.35486     1.37124  0.00990662
        5087     1.36715     1.37124  0.00990467
        5088     1.37983     1.37124  0.00990273
        5089      1.3929     1.37125  0.00990078
        5090     1.40635     1.37126  0.00989884
        5091     1.41896     1.37126   0.0098969
        5092     1.43289     1.37128  0.00989496
        5093     1.44597     1.37129  0.00989303
        5094     1.45915     1.37131  0.00989111
        5095     1.47244     1.37133  0.00988918
        5096     1.48606     1.37135  0.00988727
        5097     1.49953     1.37138  0.00988536
        5098     1.51405      1.3714  0.00988346
        5099     1.52838     1.37143  0.00988157
        5100     1.54325     1.37147  0.00987969
        5101     1.55647      1.3715  0.00987782
        5102     1.57089     1.37154  0.00987596
        5103     1.58577     1.37159  0.00987412
        5104     1.60011     1.37163  0.00987228
        5105     1.61411     1.37168  0.00987046
        5106     1.62797     1.37173  0.00986866
        5107     1.64115     1.37178  0.00986687
        5108     1.65481     1.37184  0.00986509
        5109     1.66793     1.37189  0.00986333
        5110     1.68045     1.37195  0.00986158
        5111     1.69303     1.37202  0.00985985
        5112     1.70514     1.37208  0.00985814
        5113     1.71672     1.37215  0.00985644
        5114     1.72747     1.37222  0.00985476
        5115     1.73854     1.37229  0.00985309
        5116     1.74868     1.37236  0.00985144
        5117     1.75714     1.37244  0.00984981
        5118     1.76484     1.37252  0.00984818
        5119     1.77247     1.37259  0.00984657
        5120     1.77881     1.37267  0.00984496
        5121     1.78434     1.37275  0.00984337
        5122      1.7888     1.37284  0.00984178
        5123     1.79292     1.37292   0.0098402
        5124     1.79648       1.373  0.00983863
        5125     1.79877     1.37308  0.00983706
        5126     1.80126     1.37317  0.00983549
        5127     1.80252     1.37325  0.00983393
        5128     1.80211     1.37333  0.00983237
        5129     1.80126     1.37342  0.00983081
        5130     1.79953      1.3735  0.00982924
        5131     1.79791     1.37358  0.00982767
        5132     1.79547     1.37367   0.0098261
        5133     1.79225     1.37375  0.00982453
        5134     1.78875     1.37383  0.00982295
        5135     1.78477     1.37391  0.00982136
        5136     1.78008     1.37399  0.00981977
        5137     1.77567     1.37407  0.00981817
        5138     1.77036     1.37414  0.00981656
        5139     1.76464     1.37422  0.00981494
        5140     1.75851     1.37429  0.00981332
        5141     1.75201     1.37437  0.00981168
        5142      1.7456     1.37444  0.00981004
        5143     1.73834     1.37451  0.00980839
        5144     1.73121     1.37458  0.00980673
        5145     1.72252     1.37465  0.00980505
        5146     1.71326     1.37471  0.00980337
        5147     1.70439     1.37478  0.00980167
        5148     1.69547     1.37484  0.00979997
        5149     1.68601      1.3749  0.00979825
        5150     1.67655     1.37496  0.00979652
        5151     1.66637     1.37501  0.00979478
        5152     1.65624     1.37507  0.00979304
        5153      1.6462     1.37512  0.00979128
        5154     1.63556     1.37517  0.00978951
        5155     1.62509     1.37522  0.00978773
        5156     1.61486     1.37527  0.00978594
        5157     1.60394     1.37531  0.00978414
        5158     1.59408     1.37535  0.00978234
        5159     1.58365     1.37539  0.00978052
        5160     1.57367     1.37543   0.0097787
        5161     1.56397     1.37547  0.00977688
        5162     1.55555      1.3755  0.00977505
        5163     1.54656     1.37554  0.00977321
        5164     1.53777     1.37557  0.00977137
        5165     1.53017      1.3756  0.00976952
        5166      1.5231     1.37563  0.00976767
        5167     1.51635     1.37565  0.00976582
        5168     1.50922     1.37568  0.00976396
        5169      1.5039     1.37571  0.00976211
        5170     1.49873     1.37573  0.00976025
        5171     1.49466     1.37575  0.00975839
        5172        1.49     1.37577  0.00975653
        5173      1.4874      1.3758  0.00975466
        5174     1.48418     1.37582   0.0097528
        5175     1.48177     1.37584  0.00975094
        5176     1.48038     1.37586  0.00974907
        5177     1.47996     1.37588  0.00974721
        5178     1.47952      1.3759  0.00974535
        5179     1.47925     1.37592  0.00974349
        5180     1.47837     1.37594  0.00974163
        5181     1.47951     1.37596  0.00973977
        5182     1.48019     1.37598  0.00973791
        5183     1.48207       1.376  0.00973605
        5184     1.48343     1.37602   0.0097342
        5185     1.48494     1.37604  0.00973234
        5186     1.48634     1.37606  0.00973049
        5187     1.48879     1.37608  0.00972864
        5188      1.4906      1.3761  0.00972679
        5189     1.49294     1.37613  0.00972494
        5190     1.49508     1.37615  0.00972309
        5191     1.49652     1.37617  0.00972125
        5192     1.49845      1.3762   0.0097194
        5193     1.50063     1.37622  0.00971756
        5194     1.50303     1.37624  0.00971572
        5195     1.50469     1.37627  0.00971388
        5196      1.5068     1.37629  0.00971204
        5197     1.50861     1.37632  0.00971021
        5198     1.51036     1.37635  0.00970837
        5199     1.51177     1.37637  0.00970654
        5200     1.51354      1.3764  0.00970471
        5201     1.51469     1.37643  0.00970288
        5202      1.5159     1.37645  0.00970105
        5203     1.51713     1.37648  0.00969923
        5204     1.51786     1.37651   0.0096974
        5205     1.51855     1.37653  0.00969558
        5206     1.51865     1.37656  0.00969375
        5207     1.51911     1.37659  0.00969193
        5208     1.51842     1.37662  0.00969011
        5209      1.5168     1.37664  0.00968828
        5210     1.51516     1.37667  0.00968646
        5211     1.51227     1.37669  0.00968464
        5212     1.50979     1.37672  0.00968281
        5213     1.50626     1.37675  0.00968099
        5214     1.50262     1.37677  0.00967916
        5215      1.4979     1.37679  0.00967733
        5216     1.49282     1.37681   0.0096755
        5217     1.48714     1.37684  0.00967367
        5218     1.48137     1.37686  0.00967184
        5219     1.47528     1.37687     0.00967
        5220     1.46866     1.37689  0.00966817
        5221     1.46083     1.37691  0.00966633
        5222     1.45303     1.37692  0.00966449
        5223     1.44435     1.37694  0.00966265
        5224     1.43557     1.37695   0.0096608
        5225     1.42648     1.37696  0.00965896
        5226     1.41693     1.37696  0.00965711
        5227     1.40768     1.37697  0.00965527
        5228     1.39687     1.37697  0.00965342
        5229     1.38673     1.37698  0.00965158
        5230     1.37682     1.37698  0.00964973
        5231     1.36697     1.37697  0.00964789
        5232     1.35698     1.37697  0.00964604
        5233     1.34666     1.37696   0.0096442
        5234     1.33725     1.37696  0.00964236
        5235      1.3271     1.37695  0.00964052
        5236      1.3184     1.37694  0.00963869
        5237     1.30972     1.37692  0.00963686
        5238     1.30133     1.37691  0.00963503
        5239     1.29419     1.37689   0.0096332
        5240     1.28614     1.37688  0.00963138
        5241     1.27863     1.37686  0.00962956
        5242      1.2714     1.37684  0.00962774
        5243     1.26469     1.37682  0.00962593
        5244       1.258     1.37679  0.00962412
        5245     1.25156     1.37677  0.00962232
        5246     1.24535     1.37674  0.00962052
        5247     1.23912     1.37672  0.00961872
        5248     1.23332     1.37669  0.00961692
        5249     1.22819     1.37666  0.00961513
        5250     1.22226     1.37663  0.00961335
        5251     1.21745      1.3766  0.00961156
        5252     1.21279     1.37657  0.00960978
        5253     1.20778     1.37654  0.00960801
        5254     1.20313     1.37651  0.00960624
        5255     1.19765     1.37647  0.00960447
        5256     1.19299     1.37644   0.0096027
        5257     1.18844      1.3764  0.00960094
        5258     1.18399     1.37636  0.00959919
        5259     1.18059     1.37633  0.00959744
        5260     1.17678     1.37629  0.00959569
        5261     1.17181     1.37625  0.00959394
        5262     1.16735     1.37621   0.0095922
        5263     1.16337     1.37617  0.00959046
        5264     1.15862     1.37613  0.00958873
        5265     1.15379     1.37609    0.009587
        5266     1.14908     1.37604  0.00958528
        5267     1.14418       1.376  0.00958356
        5268     1.13953     1.37595  0.00958184
        5269     1.13386     1.37591  0.00958014
        5270     1.12832     1.37586  0.00957843
        5271     1.12261     1.37581  0.00957674
        5272     1.11596     1.37576  0.00957505
        5273     1.10927     1.37571  0.00957336
        5274     1.10202     1.37566  0.00957169
        5275     1.09322     1.37561  0.00957003
        5276     1.08452     1.37555  0.00956837
        5277     1.07519      1.3755  0.00956673
        5278     1.06548     1.37544  0.00956509
        5279     1.05492     1.37538  0.00956347
        5280     1.04425     1.37531  0.00956187
        5281     1.03304     1.37525  0.00956028
        5282     1.02014     1.37518   0.0095587
        5283     1.00851     1.37511  0.00955715
        5284    0.995818     1.37504  0.00955561
        5285    0.982152     1.37497  0.00955409
        5286    0.968088     1.37489  0.00955259
        5287    0.954939     1.37481  0.00955112
        5288    0.940401     1.37473  0.00954966
        5289    0.927951     1.37464  0.00954823
        5290    0.914569     1.37456  0.00954682
        5291    0.901805     1.37447  0.00954544
        5292      0.8888     1.37438  0.00954407
        5293    0.876615     1.37428  0.00954273
        5294     0.86607     1.37419  0.00954141
        5295    0.857008     1.37409  0.00954011
        5296    0.848314     1.37399  0.00953883
        5297    0.839582     1.37389  0.00953756
        5298    0.832329     1.37379  0.00953631
        5299      0.8271     1.37368  0.00953506
        5300    0.821787     1.37358  0.00953383
        5301    0.817884     1.37347  0.00953261
        5302    0.814714     1.37337   0.0095314
        5303    0.813517     1.37326  0.00953018
        5304    0.812878     1.37316  0.00952897
        5305     0.81403     1.37305  0.00952776
        5306    0.816755     1.37295  0.00952654
        5307    0.819622     1.37284  0.00952532
        5308    0.825528     1.37274  0.00952408
        5309    0.832309     1.37264  0.00952283
        5310    0.840215     1.37254  0.00952156
        5311    0.849724     1.37244  0.00952028
        5312    0.860343     1.37234  0.00951898
        5313    0.872783     1.37225  0.00951765
        5314    0.886548     1.37216   0.0095163
        5315    0.900168     1.37207  0.00951492
        5316    0.915539     1.37198  0.00951352
        5317     0.93263      1.3719  0.00951209
        5318    0.951879     1.37182  0.00951063
        5319    0.972035     1.37175  0.00950914
        5320    0.992327     1.37167  0.00950762
        5321     1.01438     1.37161  0.00950607
        5322     1.03716     1.37154  0.00950449
        5323     1.06059     1.37149  0.00950288
        5324     1.08506     1.37143  0.00950125
        5325     1.10976     1.37138  0.00949959
        5326      1.1353     1.37134  0.00949791
        5327     1.16158      1.3713  0.00949621
        5328      1.1875     1.37126  0.00949449
        5329     1.21485     1.37124  0.00949275
        5330     1.24253     1.37121    0.009491
        5331     1.26895     1.37119  0.00948924
        5332     1.29516     1.37118  0.00948747
        5333     1.32123     1.37117   0.0094857
        5334     1.34772     1.37116  0.00948392
        5335      1.3723     1.37116  0.00948214
        5336     1.39649     1.37117  0.00948037
        5337     1.41941     1.37118   0.0094786
        5338     1.44116     1.37119  0.00947683
        5339     1.46111     1.37121  0.00947507
        5340     1.48035     1.37123  0.00947332
        5341     1.49877     1.37125  0.00947157
        5342     1.51507     1.37128  0.00946984
        5343     1.52943     1.37131  0.00946811
        5344     1.54181     1.37134   0.0094664
        5345      1.5529     1.37137  0.00946469
        5346     1.56243     1.37141  0.00946298
        5347      1.5702     1.37145  0.00946129
        5348     1.57647     1.37149  0.00945959
        5349     1.58008     1.37152  0.00945791
        5350     1.58181     1.37156  0.00945622
        5351     1.58173      1.3716  0.00945453
        5352     1.58087     1.37164  0.00945285
        5353     1.57789     1.37168  0.00945116
        5354     1.57336     1.37172  0.00944947
        5355     1.56834     1.37176  0.00944778
        5356      1.5627     1.37179  0.00944608
        5357     1.55655     1.37183  0.00944438
        5358     1.54832     1.37186  0.00944268
        5359     1.53838     1.37189  0.00944096
        5360     1.52901     1.37192  0.00943925
        5361     1.51915     1.37195  0.00943753
        5362     1.50867     1.37197   0.0094358
        5363      1.4982       1.372  0.00943407
        5364     1.48784     1.37202  0.00943234
        5365     1.47774     1.37204   0.0094306
        5366     1.46777     1.37205  0.00942886
        5367     1.45803     1.37207  0.00942712
        5368     1.44766     1.37208  0.00942537
        5369     1.43796      1.3721  0.00942362
        5370     1.42852     1.37211  0.00942187
        5371     1.41916     1.37212  0.00942012
        5372     1.41113     1.37212  0.00941837
        5373     1.40424     1.37213  0.00941662
        5374     1.39755     1.37213  0.00941487
        5375     1.39177     1.37214  0.00941312
        5376     1.38716     1.37214  0.00941137
        5377     1.38248     1.37214  0.00940962
        5378     1.37915     1.37214  0.00940787
        5379      1.3757     1.37214  0.00940612
        5380     1.37353     1.37214  0.00940437
        5381     1.37137     1.37214  0.00940263
        5382      1.3694     1.37214  0.00940088
        5383     1.36829     1.37214  0.00939913
        5384       1.367     1.37214  0.00939739
        5385     1.36668     1.37214  0.00939564
        5386     1.36652     1.37214   0.0093939
        5387     1.36575     1.37214  0.00939215
        5388     1.36454     1.37214  0.00939041
        5389     1.36403     1.37214  0.00938867
        5390     1.36275     1.37213  0.00938693
        5391     1.36279     1.37213  0.00938519
        5392     1.36197     1.37213  0.00938344
        5393     1.36121     1.37213  0.00938171
        5394     1.35929     1.37213  0.00937997
        5395     1.35811     1.37212  0.00937823
        5396     1.35671     1.37212  0.00937649
        5397     1.35434     1.37212  0.00937475
        5398     1.35175     1.37211  0.00937302
        5399     1.34869     1.37211  0.00937128
        5400     1.34566      1.3721  0.00936955
        5401     1.34265      1.3721  0.00936782
        5402     1.33994     1.37209  0.00936608
        5403     1.33657     1.37209  0.00936435
        5404     1.33328     1.37208  0.00936262
        5405     1.33081     1.37207  0.00936089
        5406     1.32724     1.37206  0.00935916
        5407     1.32381     1.37205  0.00935744
        5408     1.31981     1.37205  0.00935571
        5409     1.31671     1.37203  0.00935399
        5410     1.31259     1.37202  0.00935227
        5411     1.30916     1.37201  0.00935054
        5412     1.30571       1.372  0.00934883
        5413     1.30152     1.37199  0.00934711
        5414     1.29661     1.37197  0.00934539
        5415      1.2929     1.37196  0.00934368
        5416     1.28967     1.37194  0.00934196
        5417      1.2857     1.37193  0.00934025
        5418     1.28121     1.37191  0.00933854
        5419     1.27642     1.37189  0.00933684
        5420      1.2725     1.37187  0.00933513
        5421     1.26819     1.37186  0.00933343
        5422     1.26319     1.37184  0.00933173
        5423     1.25841     1.37181  0.00933003
        5424     1.25304     1.37179  0.00932834
        5425     1.24724     1.37177  0.00932665
        5426     1.24143     1.37175  0.00932496
        5427     1.23431     1.37172  0.00932328
        5428     1.22679     1.37169   0.0093216
        5429     1.21854     1.37167  0.00931992
        5430     1.20951     1.37164  0.00931825
        5431      1.1999      1.3716  0.00931659
        5432      1.1897     1.37157  0.00931494
        5433     1.17913     1.37153  0.00931329
        5434     1.16798      1.3715  0.00931165
        5435     1.15485     1.37146  0.00931002
        5436     1.14124     1.37142  0.00930841
        5437     1.12628     1.37137   0.0093068
        5438       1.112     1.37132  0.00930521
        5439     1.09659     1.37127  0.00930364
        5440      1.0814     1.37122  0.00930208
        5441     1.06586     1.37116  0.00930054
        5442      1.0501      1.3711  0.00929902
        5443       1.035     1.37104  0.00929752
        5444     1.02025     1.37098  0.00929603
        5445     1.00672     1.37091  0.00929457
        5446    0.992131     1.37084  0.00929312
        5447    0.979037     1.37077  0.00929169
        5448    0.966841     1.37069  0.00929028
        5449    0.955413     1.37062  0.00928889
        5450    0.945578     1.37054  0.00928751
        5451    0.936939     1.37046  0.00928615
        5452    0.929331     1.37038   0.0092848
        5453    0.923053      1.3703  0.00928346
        5454    0.918151     1.37022  0.00928213
        5455    0.914178     1.37013   0.0092808
        5456    0.912118     1.37005  0.00927948
        5457    0.910771     1.36996  0.00927816
        5458    0.911103     1.36988  0.00927684
        5459    0.912379      1.3698  0.00927552
        5460    0.916266     1.36971  0.00927419
        5461    0.920573     1.36963  0.00927286
        5462    0.927671     1.36955  0.00927152
        5463    0.935592     1.36947  0.00927016
        5464    0.944532     1.36939  0.00926879
        5465    0.954437     1.36932   0.0092674
        5466    0.966455     1.36924    0.009266
        5467    0.979081     1.36917  0.00926458
        5468    0.992971      1.3691  0.00926314
        5469     1.00758     1.36904  0.00926168
        5470     1.02163     1.36897  0.00926021
        5471      1.0377     1.36891  0.00925871
        5472     1.05427     1.36885   0.0092572
        5473     1.07175      1.3688  0.00925567
        5474     1.08982     1.36875  0.00925412
        5475     1.10889      1.3687  0.00925255
        5476     1.12768     1.36866  0.00925096
        5477     1.14705     1.36862  0.00924936
        5478     1.16623     1.36858  0.00924775
        5479     1.18609     1.36855  0.00924612
        5480     1.20607     1.36852  0.00924448
        5481     1.22659     1.36849  0.00924283
        5482     1.24636     1.36847  0.00924117
        5483     1.26629     1.36845  0.00923951
        5484     1.28631     1.36844  0.00923783
        5485     1.30563     1.36842  0.00923616
        5486     1.32468     1.36842  0.00923448
        5487     1.34317     1.36841  0.00923279
        5488     1.36131     1.36841  0.00923111
        5489     1.37905     1.36841  0.00922943
        5490     1.39733     1.36842  0.00922775
        5491     1.41469     1.36843  0.00922607
        5492     1.43134     1.36844   0.0092244
        5493     1.44776     1.36845  0.00922273
        5494     1.46346     1.36847  0.00922107
        5495      1.4801     1.36849  0.00921941
        5496     1.49528     1.36851  0.00921777
        5497      1.5097     1.36854  0.00921613
        5498     1.52383     1.36857  0.00921449
        5499     1.53692      1.3686  0.00921287
        5500      1.5499     1.36863  0.00921125
        5501     1.56227     1.36867  0.00920964
        5502     1.57348      1.3687  0.00920805
        5503     1.58444     1.36874  0.00920646
        5504     1.59366     1.36878  0.00920487
        5505     1.60203     1.36883   0.0092033
        5506     1.61091     1.36887  0.00920173
        5507     1.61855     1.36891  0.00920017
        5508     1.62536     1.36896  0.00919862
        5509     1.63029     1.36901  0.00919707
        5510     1.63425     1.36906  0.00919553
        5511     1.63671     1.36911  0.00919399
        5512     1.63664     1.36915  0.00919245
        5513     1.63594      1.3692  0.00919091
        5514     1.63388     1.36925  0.00918937
        5515     1.63045      1.3693  0.00918782
        5516      1.6264     1.36934  0.00918628
        5517     1.62202     1.36939  0.00918473
        5518      1.6159     1.36943  0.00918317
        5519     1.60741     1.36948  0.00918161
        5520     1.59858     1.36952  0.00918004
        5521     1.58805     1.36956  0.00917846
        5522     1.57764      1.3696  0.00917688
        5523      1.5653     1.36963  0.00917528
        5524     1.55214     1.36966  0.00917368
        5525     1.53924      1.3697  0.00917207
        5526     1.52604     1.36972  0.00917046
        5527     1.51265     1.36975  0.00916883
        5528     1.49945     1.36977   0.0091672
        5529     1.48656     1.36979  0.00916557
        5530     1.47385     1.36981  0.00916393
        5531     1.46142     1.36983  0.00916229
        5532     1.44861     1.36984  0.00916065
        5533      1.4372     1.36986    0.009159
        5534     1.42554     1.36987  0.00915735
        5535     1.41367     1.36987   0.0091557
        5536     1.40329     1.36988  0.00915405
        5537     1.39346     1.36988  0.00915239
        5538     1.38366     1.36989  0.00915074
        5539     1.37486     1.36989  0.00914909
        5540     1.36676     1.36989  0.00914744
        5541      1.3586     1.36989  0.00914579
        5542     1.35104     1.36988  0.00914414
        5543     1.34377     1.36988  0.00914249
        5544     1.33721     1.36987  0.00914084
        5545     1.32982     1.36986   0.0091392
        5546     1.32226     1.36986  0.00913755
        5547     1.31518     1.36985  0.00913591
        5548     1.30873     1.36983  0.00913427
        5549     1.30142     1.36982  0.00913263
        5550     1.29365     1.36981    0.009131
        5551     1.28587     1.36979  0.00912936
        5552     1.27826     1.36978  0.00912774
        5553     1.26984     1.36976  0.00912611
        5554     1.26132     1.36974  0.00912449
        5555     1.25319     1.36972  0.00912287
        5556     1.24352      1.3697  0.00912125
        5557     1.23404     1.36967  0.00911965
        5558     1.22431     1.36965  0.00911804
        5559     1.21509     1.36962  0.00911644
        5560     1.20479     1.36959  0.00911485
        5561      1.1949     1.36956  0.00911327
        5562     1.18504     1.36952  0.00911169
        5563     1.17601     1.36949  0.00911012
        5564     1.16597     1.36945  0.00910855
        5565     1.15644     1.36941    0.009107
        5566     1.14704     1.36937  0.00910545
        5567      1.1376     1.36933  0.00910391
        5568     1.12866     1.36929  0.00910238
        5569     1.12102     1.36924  0.00910085
        5570     1.11399      1.3692  0.00909933
        5571     1.10787     1.36915  0.00909782
        5572     1.10219      1.3691  0.00909631
        5573     1.09673     1.36905  0.00909481
        5574     1.09271       1.369  0.00909332
        5575     1.08844     1.36895  0.00909183
        5576     1.08653      1.3689  0.00909034
        5577     1.08505     1.36885  0.00908885
        5578       1.083      1.3688  0.00908736
        5579     1.08227     1.36875  0.00908588
        5580     1.08257      1.3687   0.0090844
        5581     1.08264     1.36865  0.00908291
        5582     1.08315      1.3686  0.00908143
        5583     1.08405     1.36855  0.00907995
        5584     1.08599      1.3685  0.00907846
        5585     1.08747     1.36844  0.00907697
        5586     1.08866     1.36839  0.00907549
        5587     1.09144     1.36835    0.009074
        5588     1.09285      1.3683  0.00907251
        5589     1.09427     1.36825  0.00907102
        5590     1.09517      1.3682  0.00906953
        5591     1.09669     1.36815  0.00906804
        5592     1.09856      1.3681  0.00906654
        5593     1.09975     1.36805  0.00906505
        5594     1.10049     1.36801  0.00906355
        5595     1.10146     1.36796  0.00906206
        5596     1.10214     1.36791  0.00906056
        5597     1.10278     1.36786  0.00905907
        5598     1.10336     1.36782  0.00905757
        5599     1.10339     1.36777  0.00905608
        5600     1.10265     1.36772  0.00905459
        5601     1.10137     1.36767  0.00905309
        5602     1.10007     1.36763   0.0090516
        5603     1.09924     1.36758  0.00905012
        5604     1.09746     1.36753  0.00904863
        5605     1.09598     1.36748  0.00904714
        5606     1.09385     1.36743  0.00904566
        5607     1.09183     1.36738  0.00904418
        5608     1.09093     1.36733   0.0090427
        5609     1.08854     1.36728  0.00904123
        5610     1.08615     1.36723  0.00903976
        5611     1.08403     1.36718  0.00903828
        5612     1.08223     1.36713  0.00903682
        5613     1.08007     1.36708  0.00903535
        5614     1.07832     1.36703  0.00903389
        5615     1.07774     1.36698  0.00903243
        5616     1.07693     1.36693  0.00903097
        5617     1.07666     1.36688  0.00902951
        5618     1.07651     1.36682  0.00902805
        5619     1.07627     1.36677  0.00902659
        5620     1.07673     1.36672  0.00902513
        5621     1.07744     1.36667  0.00902367
        5622     1.07943     1.36662  0.00902221
        5623      1.0813     1.36657  0.00902075
        5624     1.08358     1.36652  0.00901928
        5625     1.08632     1.36647  0.00901782
        5626     1.09054     1.36642  0.00901635
        5627      1.0953     1.36637  0.00901488
        5628     1.10114     1.36632   0.0090134
        5629     1.10786     1.36628  0.00901191
        5630     1.11476     1.36623  0.00901042
        5631     1.12284     1.36619  0.00900893
        5632     1.13187     1.36615  0.00900742
        5633     1.14164     1.36611  0.00900591
        5634     1.15287     1.36607  0.00900439
        5635     1.16509     1.36603  0.00900287
        5636     1.17803       1.366  0.00900133
        5637     1.19169     1.36597  0.00899979
        5638     1.20555     1.36594  0.00899824
        5639     1.22223     1.36592  0.00899668
        5640     1.23902     1.36589  0.00899511
        5641     1.25634     1.36587  0.00899353
        5642     1.27413     1.36586  0.00899196
        5643     1.29351     1.36584  0.00899037
        5644     1.31341     1.36584  0.00898878
        5645     1.33326     1.36583  0.00898719
        5646     1.35342     1.36583   0.0089856
        5647     1.37376     1.36583  0.00898401
        5648      1.3944     1.36583  0.00898242
        5649     1.41544     1.36584  0.00898084
        5650     1.43577     1.36586  0.00897925
        5651     1.45477     1.36587  0.00897768
        5652     1.47493     1.36589  0.00897611
        5653     1.49346     1.36591  0.00897455
        5654     1.51071     1.36594    0.008973
        5655     1.52677     1.36597  0.00897146
        5656     1.54321       1.366  0.00896993
        5657     1.55799     1.36603  0.00896841
        5658     1.57075     1.36607  0.00896689
        5659     1.58166     1.36611  0.00896539
        5660     1.59185     1.36615   0.0089639
        5661     1.59982     1.36619  0.00896241
        5662     1.60747     1.36623  0.00896093
        5663     1.61359     1.36627  0.00895945
        5664     1.61818     1.36632  0.00895798
        5665     1.62152     1.36636  0.00895651
        5666     1.62388     1.36641  0.00895504
        5667     1.62414     1.36645  0.00895358
        5668     1.62285      1.3665  0.00895211
        5669     1.62108     1.36654  0.00895065
        5670     1.61845     1.36659  0.00894918
        5671     1.61411     1.36663  0.00894771
        5672     1.60843     1.36668  0.00894623
        5673      1.6025     1.36672  0.00894475
        5674     1.59548     1.36676  0.00894327
        5675     1.58873      1.3668  0.00894178
        5676     1.58066     1.36683  0.00894028
        5677     1.57336     1.36687  0.00893878
        5678     1.56572     1.36691  0.00893727
        5679     1.55787     1.36694  0.00893576
        5680     1.55039     1.36697  0.00893425
        5681     1.54338       1.367  0.00893273
        5682     1.53622     1.36703  0.00893121
        5683      1.5297     1.36706  0.00892968
        5684     1.52365     1.36709  0.00892815
        5685     1.51743     1.36711  0.00892662
        5686     1.51179     1.36714  0.00892509
        5687      1.5068     1.36716  0.00892355
        5688     1.50272     1.36719  0.00892202
        5689     1.49982     1.36721  0.00892048
        5690     1.49741     1.36723  0.00891894
        5691     1.49453     1.36726   0.0089174
        5692     1.49312     1.36728  0.00891586
        5693     1.49317      1.3673  0.00891432
        5694     1.49373     1.36732  0.00891278
        5695     1.49454     1.36735  0.00891125
        5696     1.49631     1.36737  0.00890971
        5697     1.49853     1.36739  0.00890818
        5698     1.50166     1.36741  0.00890664
        5699     1.50519     1.36744  0.00890511
        5700     1.50958     1.36746  0.00890359
        5701     1.51504     1.36749  0.00890206
        5702     1.52104     1.36752  0.00890054
        5703     1.52731     1.36754  0.00889903
        5704     1.53356     1.36757  0.00889751
        5705     1.54073      1.3676  0.00889601
        5706     1.54804     1.36764   0.0088945
        5707     1.55691     1.36767  0.00889301
        5708     1.56583      1.3677  0.00889152
        5709     1.57381     1.36774  0.00889003
        5710     1.58249     1.36778  0.00888855
        5711     1.59135     1.36782  0.00888708
        5712     1.60033     1.36786  0.00888562
        5713     1.60917      1.3679  0.00888417
        5714     1.61879     1.36794  0.00888272
        5715     1.62769     1.36799  0.00888128
        5716     1.63657     1.36804  0.00887985
        5717      1.6461     1.36808  0.00887843
        5718      1.6548     1.36813  0.00887702
        5719     1.66384     1.36819  0.00887562
        5720     1.67294     1.36824  0.00887423
        5721     1.68133     1.36829  0.00887285
        5722     1.68875     1.36835  0.00887147
        5723     1.69659     1.36841  0.00887011
        5724     1.70411     1.36847  0.00886875
        5725       1.712     1.36853  0.00886741
        5726     1.71853     1.36859  0.00886607
        5727     1.72537     1.36865  0.00886474
        5728     1.73106     1.36871  0.00886342
        5729     1.73725     1.36878   0.0088621
        5730     1.74224     1.36884   0.0088608
        5731     1.74698     1.36891   0.0088595
        5732      1.7505     1.36898   0.0088582
        5733     1.75447     1.36904  0.00885691
        5734     1.75672     1.36911  0.00885562
        5735     1.75894     1.36918  0.00885434
        5736     1.76016     1.36925  0.00885306
        5737     1.76183     1.36931  0.00885178
        5738     1.76253     1.36938   0.0088505
        5739     1.76321     1.36945  0.00884923
        5740     1.76318     1.36952  0.00884795
        5741     1.76244     1.36959  0.00884667
        5742     1.76223     1.36966   0.0088454
        5743     1.76112     1.36973  0.00884412
        5744      1.7589     1.36979  0.00884284
        5745     1.75753     1.36986  0.00884156
        5746     1.75607     1.36993  0.00884027
        5747     1.75335     1.36999  0.00883899
        5748     1.75038     1.37006   0.0088377
        5749     1.74672     1.37013   0.0088364
        5750     1.74385     1.37019  0.00883511
        5751     1.74036     1.37026   0.0088338
        5752     1.73677     1.37032   0.0088325
        5753     1.73289     1.37038  0.00883119
        5754     1.72947     1.37044  0.00882987
        5755     1.72605     1.37051  0.00882856
        5756     1.72217     1.37057  0.00882723
        5757     1.71833     1.37063  0.00882591
        5758     1.71431     1.37069  0.00882458
        5759     1.71034     1.37075  0.00882324
        5760     1.70691     1.37081   0.0088219
        5761     1.70399     1.37086  0.00882056
        5762     1.70014     1.37092  0.00881921
        5763     1.69701     1.37098  0.00881787
        5764     1.69362     1.37103  0.00881651
        5765     1.69017     1.37109  0.00881516
        5766     1.68688     1.37114   0.0088138
        5767     1.68277      1.3712  0.00881244
        5768       1.679     1.37125  0.00881107
        5769     1.67533      1.3713   0.0088097
        5770     1.67149     1.37135  0.00880833
        5771     1.66748     1.37141  0.00880695
        5772     1.66259     1.37146  0.00880557
        5773     1.65826     1.37151  0.00880418
        5774     1.65356     1.37156  0.00880279
        5775     1.64828      1.3716   0.0088014
        5776     1.64388     1.37165      0.0088
        5777     1.63802      1.3717   0.0087986
        5778     1.63266     1.37174  0.00879719
        5779     1.62833     1.37179  0.00879578
        5780      1.6234     1.37183  0.00879437
        5781     1.61913     1.37187  0.00879295
        5782     1.61484     1.37191  0.00879153
        5783     1.61108     1.37196  0.00879011
        5784     1.60739       1.372  0.00878868
        5785     1.60358     1.37204  0.00878726
        5786     1.60065     1.37208  0.00878583
        5787     1.59839     1.37211  0.00878439
        5788     1.59584     1.37215  0.00878296
        5789     1.59494     1.37219  0.00878153
        5790     1.59352     1.37223   0.0087801
        5791      1.5928     1.37227  0.00877866
        5792     1.59274     1.37231  0.00877723
        5793     1.59286     1.37234   0.0087758
        5794     1.59337     1.37238  0.00877436
        5795     1.59376     1.37242  0.00877293
        5796     1.59544     1.37246   0.0087715
        5797     1.59692      1.3725  0.00877008
        5798     1.59865     1.37254  0.00876865
        5799     1.60085     1.37258  0.00876723
        5800     1.60298     1.37262  0.00876581
        5801     1.60549     1.37266  0.00876439
        5802     1.60836      1.3727  0.00876297
        5803     1.61107     1.37274  0.00876156
        5804     1.61409     1.37278  0.00876015
        5805     1.61666     1.37282  0.00875874
        5806     1.61901     1.37286  0.00875733
        5807     1.62137     1.37291  0.00875593
        5808     1.62395     1.37295  0.00875453
        5809     1.62725     1.37299  0.00875313
        5810     1.63003     1.37304  0.00875173
        5811      1.6318     1.37308  0.00875034
        5812     1.63375     1.37313  0.00874895
        5813      1.6366     1.37317  0.00874756
        5814     1.63816     1.37322  0.00874618
        5815     1.64057     1.37326  0.00874479
        5816     1.64284     1.37331  0.00874341
        5817     1.64424     1.37336  0.00874203
        5818     1.64594      1.3734  0.00874066
        5819     1.64767     1.37345  0.00873928
        5820      1.6482      1.3735  0.00873791
        5821     1.64944     1.37355  0.00873654
        5822     1.65066     1.37359  0.00873516
        5823     1.65039     1.37364  0.00873379
        5824     1.65103     1.37369  0.00873242
        5825     1.65091     1.37374  0.00873105
        5826     1.65124     1.37378  0.00872969
        5827     1.65107     1.37383  0.00872832
        5828     1.64947     1.37388  0.00872695
        5829     1.64816     1.37393  0.00872558
        5830     1.64672     1.37397  0.00872421
        5831     1.64543     1.37402  0.00872283
        5832     1.64532     1.37407  0.00872146
        5833     1.64406     1.37411  0.00872009
        5834     1.64269     1.37416  0.00871872
        5835     1.64128      1.3742  0.00871734
        5836     1.64087     1.37425  0.00871597
        5837     1.64108      1.3743   0.0087146
        5838     1.64053     1.37434  0.00871322
        5839     1.64123     1.37439  0.00871185
        5840     1.64252     1.37443  0.00871048
        5841     1.64495     1.37448  0.00870911
        5842     1.64762     1.37453  0.00870775
        5843     1.65203     1.37457  0.00870639
        5844     1.65605     1.37462  0.00870503
        5845     1.66211     1.37467  0.00870368
        5846     1.66784     1.37472  0.00870233
        5847     1.67516     1.37477    0.008701
        5848     1.68313     1.37482  0.00869967
        5849     1.69268     1.37488  0.00869835
        5850     1.70211     1.37493  0.00869704
        5851     1.71237     1.37499  0.00869575
        5852      1.7234     1.37505  0.00869447
        5853     1.73565     1.37511   0.0086932
        5854     1.74786     1.37518  0.00869195
        5855     1.76141     1.37524  0.00869071
        5856     1.77431     1.37531   0.0086895
        5857     1.78915     1.37538   0.0086883
        5858     1.80391     1.37546  0.00868713
        5859     1.81828     1.37553  0.00868597
        5860      1.8329     1.37561  0.00868484
        5861     1.84818     1.37569  0.00868373
        5862     1.86402     1.37577  0.00868265
        5863     1.87819     1.37586  0.00868159
        5864     1.89349     1.37595  0.00868056
        5865     1.90839     1.37604  0.00867956
        5866     1.92354     1.37613  0.00867858
        5867     1.93791     1.37623  0.00867763
        5868     1.95238     1.37632   0.0086767
        5869     1.96641     1.37643  0.00867581
        5870     1.97969     1.37653  0.00867494
        5871     1.99289     1.37663   0.0086741
        5872     2.00476     1.37674  0.00867328
        5873     2.01597     1.37685  0.00867248
        5874     2.02672     1.37696  0.00867171
        5875     2.03723     1.37707  0.00867097
        5876     2.04627     1.37719  0.00867024
        5877     2.05456      1.3773  0.00866953
        5878     2.06233     1.37742  0.00866884
        5879      2.0691     1.37754  0.00866816
        5880     2.07513     1.37765   0.0086675
        5881     2.08067     1.37777  0.00866685
        5882     2.08575     1.37789  0.00866621
        5883     2.09015     1.37801  0.00866558
        5884     2.09345     1.37814  0.00866496
        5885     2.09591     1.37826  0.00866435
        5886     2.09806     1.37838  0.00866374
        5887     2.09923      1.3785  0.00866313
        5888     2.09995     1.37863  0.00866253
        5889     2.10099     1.37875  0.00866193
        5890     2.10144     1.37887  0.00866133
        5891     2.10133     1.37899  0.00866072
        5892     2.10168     1.37912  0.00866012
        5893     2.10157     1.37924  0.00865952
        5894      2.1008     1.37936  0.00865892
        5895     2.10011     1.37948  0.00865831
        5896     2.09978     1.37961   0.0086577
        5897     2.09958     1.37973   0.0086571
        5898     2.09858     1.37985  0.00865649
        5899     2.09775     1.37997  0.00865587
        5900     2.09735     1.38009  0.00865526
        5901     2.09688     1.38021  0.00865465
        5902      2.0954     1.38034  0.00865403
        5903     2.09482     1.38046  0.00865341
        5904      2.0937     1.38058  0.00865279
        5905     2.09299      1.3807  0.00865216
        5906     2.09221     1.38082  0.00865154
        5907     2.09086     1.38094  0.00865091
        5908     2.08918     1.38106  0.00865027
        5909     2.08763     1.38118  0.00864964
        5910     2.08574      1.3813  0.00864899
        5911      2.0835     1.38142  0.00864835
        5912     2.08186     1.38153  0.00864769
        5913     2.07914     1.38165  0.00864704
        5914     2.07679     1.38177  0.00864637
        5915     2.07505     1.38189  0.00864571
        5916     2.07247       1.382  0.00864503
        5917     2.07027     1.38212  0.00864435
        5918     2.06723     1.38224  0.00864367
        5919     2.06434     1.38235  0.00864298
        5920      2.0616     1.38247  0.00864228
        5921     2.05755     1.38258  0.00864157
        5922     2.05556     1.38269  0.00864086
        5923     2.05275     1.38281  0.00864014
        5924     2.04958     1.38292  0.00863942
        5925     2.04629     1.38303  0.00863868
        5926     2.04309     1.38314  0.00863794
        5927     2.03924     1.38325  0.00863719
        5928     2.03569     1.38336  0.00863644
        5929     2.03144     1.38347  0.00863567
        5930     2.02695     1.38358   0.0086349
        5931     2.02242     1.38369  0.00863412
        5932     2.01709      1.3838  0.00863332
        5933     2.01212      1.3839  0.00863251
        5934     2.00678     1.38401   0.0086317
        5935       2.001     1.38411  0.00863087
        5936     1.99404     1.38421  0.00863003
        5937     1.98707     1.38432  0.00862917
        5938     1.97982     1.38442   0.0086283
        5939     1.97176     1.38451  0.00862741
        5940     1.96385     1.38461  0.00862651
        5941     1.95486     1.38471  0.00862559
        5942     1.94524      1.3848  0.00862466
        5943     1.93548     1.38489  0.00862371
        5944     1.92362     1.38499  0.00862273
        5945     1.91158     1.38507  0.00862174
        5946     1.89937     1.38516  0.00862072
        5947     1.88627     1.38524  0.00861968
        5948     1.87228     1.38533  0.00861862
        5949     1.85814     1.38541  0.00861754
        5950     1.84362     1.38548  0.00861643
        5951     1.82754     1.38556  0.00861531
        5952     1.81184     1.38563  0.00861416
        5953      1.7956      1.3857  0.00861299
        5954     1.77837     1.38576  0.00861179
        5955     1.75972     1.38583  0.00861057
        5956     1.74136     1.38589  0.00860934
        5957     1.72264     1.38594  0.00860808
        5958     1.70432       1.386   0.0086068
        5959      1.6843     1.38605   0.0086055
        5960     1.66457     1.38609  0.00860418
        5961     1.64568     1.38614  0.00860285
        5962     1.62624     1.38618   0.0086015
        5963     1.60658     1.38621  0.00860014
        5964     1.58699     1.38625  0.00859876
        5965      1.5678     1.38628  0.00859737
        5966     1.54883     1.38631  0.00859597
        5967     1.52872     1.38633  0.00859457
        5968     1.50969     1.38635  0.00859315
        5969     1.49109     1.38637  0.00859173
        5970      1.4742     1.38638   0.0085903
        5971      1.4574     1.38639  0.00858887
        5972     1.44169      1.3864  0.00858744
        5973     1.42642     1.38641    0.008586
        5974     1.41236     1.38641  0.00858457
        5975     1.39811     1.38642  0.00858313
        5976     1.38564     1.38642   0.0085817
        5977     1.37378     1.38641  0.00858026
        5978      1.3621     1.38641  0.00857883
        5979     1.35206      1.3864  0.00857739
        5980     1.34248      1.3864  0.00857596
        5981     1.33411     1.38639  0.00857453
        5982     1.32648     1.38638  0.00857311
        5983     1.32032     1.38637  0.00857168
        5984     1.31492     1.38636  0.00857026
        5985     1.31003     1.38634  0.00856883
        5986      1.3059     1.38633  0.00856741
        5987     1.30299     1.38632  0.00856599
        5988     1.30201      1.3863  0.00856457
        5989     1.30174     1.38629  0.00856315
        5990     1.30239     1.38627  0.00856174
        5991     1.30393     1.38626  0.00856032
        5992     1.30608     1.38625   0.0085589
        5993     1.30832     1.38623  0.00855748
        5994     1.31106     1.38622  0.00855606
        5995     1.31594     1.38621  0.00855464
        5996     1.32024      1.3862  0.00855322
        5997     1.32579     1.38619   0.0085518
        5998     1.33181     1.38618  0.00855038
        5999     1.33747     1.38617  0.00854896
        6000     1.34362     1.38616  0.00854754
        6001     1.35089     1.38616  0.00854612
        6002     1.35795     1.38615   0.0085447
        6003      1.3642     1.38615  0.00854327
        6004     1.37071     1.38615  0.00854185
        6005     1.37712     1.38614  0.00854043
        6006     1.38112     1.38614  0.00853901
        6007     1.38596     1.38614  0.00853758
        6008     1.39078     1.38614  0.00853616
        6009     1.39353     1.38615  0.00853474
        6010     1.39483     1.38615  0.00853332
        6011     1.39624     1.38615   0.0085319
        6012     1.39622     1.38615  0.00853048
        6013     1.39614     1.38615  0.00852907
        6014     1.39376     1.38615  0.00852765
        6015     1.38974     1.38615  0.00852623
        6016     1.38382     1.38615  0.00852481
        6017     1.37717     1.38615   0.0085234
        6018     1.36858     1.38615  0.00852198
        6019     1.35782     1.38614  0.00852057
        6020     1.34638     1.38614  0.00851915
        6021     1.33356     1.38613  0.00851774
        6022     1.31967     1.38612  0.00851634
        6023     1.30431      1.3861  0.00851493
        6024     1.28778     1.38609  0.00851353
        6025     1.27019     1.38607  0.00851214
        6026     1.25236     1.38605  0.00851076
        6027      1.2327     1.38602  0.00850939
        6028     1.21253     1.38599  0.00850802
        6029     1.19172     1.38596  0.00850667
        6030     1.16991     1.38592  0.00850534
        6031     1.14817     1.38589  0.00850402
        6032     1.12661     1.38584  0.00850272
        6033     1.10511      1.3858  0.00850143
        6034     1.08282     1.38575  0.00850017
        6035     1.06103     1.38569  0.00849894
        6036      1.0389     1.38563  0.00849772
        6037     1.01821     1.38557  0.00849653
        6038    0.997131     1.38551  0.00849537
        6039    0.976235     1.38544  0.00849423
        6040    0.955373     1.38537  0.00849312
        6041    0.935349      1.3853  0.00849205
        6042    0.916247     1.38522  0.00849099
        6043    0.897901     1.38514  0.00848997
        6044    0.880388     1.38505  0.00848898
        6045    0.863297     1.38497  0.00848801
        6046    0.847653     1.38488  0.00848707
        6047    0.832798     1.38479  0.00848616
        6048     0.81879     1.38469  0.00848527
        6049    0.805928      1.3846  0.00848441
        6050    0.794508      1.3845  0.00848357
        6051    0.784579      1.3844  0.00848275
        6052    0.776663      1.3843  0.00848194
        6053     0.76984      1.3842  0.00848115
        6054    0.764144      1.3841  0.00848036
        6055    0.759847     1.38399  0.00847959
        6056     0.75553     1.38389  0.00847882
        6057    0.753857     1.38379  0.00847806
        6058    0.753159     1.38368   0.0084773
        6059    0.754169     1.38358  0.00847654
        6060    0.756887     1.38347  0.00847577
        6061    0.761786     1.38337  0.00847499
        6062    0.767405     1.38327   0.0084742
        6063    0.774203     1.38317   0.0084734
        6064    0.782876     1.38307  0.00847258
        6065    0.792419     1.38297  0.00847175
        6066    0.803746     1.38288  0.00847089
        6067    0.815832     1.38278  0.00847001
        6068    0.830055     1.38269   0.0084691
        6069    0.844419     1.38261  0.00846817
        6070    0.860282     1.38252  0.00846721
        6071     0.87827     1.38244  0.00846622
        6072    0.894431     1.38236  0.00846521
        6073    0.912271     1.38228  0.00846417
        6074    0.930954      1.3822   0.0084631
        6075    0.950597     1.38213  0.00846201
        6076    0.969878     1.38206  0.00846089
        6077    0.989875       1.382  0.00845974
        6078     1.01046     1.38194  0.00845857
        6079     1.03054     1.38188  0.00845738
        6080        1.05     1.38183  0.00845616
        6081     1.06896     1.38178  0.00845493
        6082     1.08753     1.38173  0.00845368
        6083      1.1061     1.38168  0.00845241
        6084     1.12431     1.38164  0.00845113
        6085     1.14063      1.3816  0.00844983
        6086      1.1569     1.38156  0.00844852
        6087     1.17232     1.38153   0.0084472
        6088     1.18756      1.3815  0.00844588
        6089     1.20112     1.38147  0.00844454
        6090     1.21368     1.38144   0.0084432
        6091     1.22595     1.38141  0.00844185
        6092     1.23717     1.38139   0.0084405
        6093     1.24688     1.38137  0.00843914
        6094     1.25555     1.38135  0.00843778
        6095     1.26392     1.38133  0.00843642
        6096      1.2701     1.38131  0.00843506
        6097     1.27676     1.38129  0.00843369
        6098     1.28202     1.38128  0.00843232
        6099     1.28567     1.38126  0.00843096
        6100     1.28922     1.38125  0.00842959
        6101     1.29151     1.38123  0.00842822
        6102     1.29306     1.38122  0.00842685
        6103     1.29393      1.3812  0.00842548
        6104     1.29343     1.38119  0.00842411
        6105     1.29307     1.38117  0.00842274
        6106      1.2924     1.38116  0.00842138
        6107     1.29049     1.38114  0.00842001
        6108     1.28857     1.38113  0.00841865
        6109     1.28668     1.38111  0.00841728
        6110     1.28363      1.3811  0.00841592
        6111     1.28135     1.38108  0.00841456
        6112     1.27674     1.38106   0.0084132
        6113     1.27246     1.38105  0.00841184
        6114     1.26801     1.38103  0.00841049
        6115     1.26341     1.38101  0.00840913
        6116     1.25818     1.38099  0.00840778
        6117     1.25256     1.38097  0.00840643
        6118     1.24679     1.38095  0.00840509
        6119      1.2404     1.38092  0.00840375
        6120     1.23339      1.3809  0.00840241
        6121     1.22602     1.38087  0.00840107
        6122     1.21806     1.38085  0.00839974
        6123     1.21097     1.38082  0.00839842
        6124     1.20214     1.38079   0.0083971
        6125     1.19257     1.38076  0.00839578
        6126     1.18348     1.38073  0.00839447
        6127     1.17518     1.38069  0.00839317
        6128     1.16651     1.38066  0.00839187
        6129     1.15801     1.38062  0.00839058
        6130     1.14927     1.38058   0.0083893
        6131     1.14131     1.38055  0.00838802
        6132     1.13179      1.3805  0.00838675
        6133     1.12321     1.38046  0.00838549
        6134     1.11515     1.38042  0.00838423
        6135     1.10769     1.38038  0.00838298
        6136      1.0997     1.38033  0.00838174
        6137     1.09294     1.38028  0.00838051
        6138     1.08651     1.38023  0.00837928
        6139     1.08121     1.38019  0.00837806
        6140     1.07589     1.38014  0.00837684
        6141     1.07159     1.38009  0.00837562
        6142     1.06882     1.38004  0.00837441
        6143     1.06621     1.37998  0.00837321
        6144     1.06426     1.37993    0.008372
        6145     1.06398     1.37988   0.0083708
        6146     1.06491     1.37983  0.00836959
        6147     1.06635     1.37978  0.00836839
        6148     1.06856     1.37973  0.00836718
        6149     1.07201     1.37968  0.00836597
        6150      1.0772     1.37963  0.00836475
        6151     1.08193     1.37958  0.00836353
        6152     1.08861     1.37953  0.00836231
        6153     1.09551     1.37949  0.00836107
        6154     1.10334     1.37944  0.00835984
        6155     1.11252      1.3794  0.00835859
        6156     1.12205     1.37936  0.00835734
        6157      1.1326     1.37932  0.00835608
        6158     1.14434     1.37928  0.00835481
        6159     1.15601     1.37924  0.00835353
        6160       1.168     1.37921  0.00835224
        6161     1.18169     1.37918  0.00835095
        6162     1.19554     1.37915  0.00834965
        6163     1.20971     1.37912  0.00834834
        6164     1.22338     1.37909  0.00834702
        6165     1.23717     1.37907   0.0083457
        6166     1.25171     1.37905  0.00834437
        6167     1.26545     1.37903  0.00834304
        6168     1.27974     1.37902   0.0083417
        6169     1.29375       1.379  0.00834036
        6170     1.30642     1.37899  0.00833902
        6171     1.31862     1.37898  0.00833767
        6172     1.33073     1.37897  0.00833632
        6173     1.34219     1.37897  0.00833497
        6174      1.3529     1.37896  0.00833363
        6175     1.36232     1.37896  0.00833228
        6176     1.37134     1.37896  0.00833093
        6177     1.37963     1.37896  0.00832958
        6178     1.38693     1.37896  0.00832823
        6179     1.39267     1.37896  0.00832688
        6180     1.39708     1.37897  0.00832554
        6181      1.4006     1.37897  0.00832419
        6182     1.40343     1.37897  0.00832284
        6183     1.40508     1.37898   0.0083215
        6184     1.40505     1.37898  0.00832015
        6185     1.40359     1.37899  0.00831881
        6186     1.40188     1.37899  0.00831747
        6187     1.39824     1.37899  0.00831612
        6188      1.3934     1.37899  0.00831478
        6189     1.38738       1.379  0.00831344
        6190     1.38043       1.379  0.00831209
        6191     1.37158     1.37899  0.00831075
        6192     1.36255     1.37899  0.00830941
        6193     1.35214     1.37899  0.00830807
        6194     1.34061     1.37898  0.00830673
        6195     1.32845     1.37897  0.00830539
        6196     1.31521     1.37896  0.00830406
        6197     1.30017     1.37895  0.00830273
        6198     1.28455     1.37894   0.0083014
        6199     1.26765     1.37892  0.00830008
        6200     1.24973      1.3789  0.00829877
        6201     1.23177     1.37887  0.00829747
        6202     1.21163     1.37885  0.00829617
        6203     1.19103     1.37882  0.00829489
        6204     1.16928     1.37878  0.00829362
        6205      1.1464     1.37874  0.00829237
        6206     1.12341      1.3787  0.00829113
        6207     1.09892     1.37866  0.00828992
        6208     1.07395     1.37861  0.00828873
        6209     1.04808     1.37856  0.00828757
        6210     1.02163      1.3785  0.00828643
        6211    0.995178     1.37844  0.00828533
        6212    0.968084     1.37837  0.00828426
        6213     0.93997      1.3783  0.00828322
        6214    0.911908     1.37822  0.00828223
        6215    0.883295     1.37815  0.00828128
        6216    0.855448     1.37806  0.00828038
        6217    0.827782     1.37797  0.00827952
        6218    0.800426     1.37788  0.00827871
        6219    0.773756     1.37778  0.00827795
        6220    0.747184     1.37768  0.00827724
        6221    0.722046     1.37758  0.00827658
        6222    0.697029     1.37747  0.00827597
        6223    0.672979     1.37735  0.00827541
        6224    0.650023     1.37724  0.00827491
        6225    0.628752     1.37712  0.00827445
        6226    0.607835     1.37699  0.00827405
        6227    0.589535     1.37687  0.00827368
        6228     0.57178     1.37674  0.00827337
        6229    0.555853      1.3766  0.00827309
        6230    0.541827     1.37647  0.00827284
        6231    0.529524     1.37634  0.00827263
        6232    0.518753      1.3762  0.00827245
        6233    0.510517     1.37606  0.00827229
        6234    0.503166     1.37592  0.00827215
        6235    0.498404     1.37578  0.00827202
        6236    0.495527     1.37564  0.00827189
        6237    0.495016      1.3755  0.00827177
        6238    0.495663     1.37535  0.00827165
        6239    0.499379     1.37521  0.00827151
        6240    0.503731     1.37507  0.00827137
        6241    0.510143     1.37494   0.0082712
        6242    0.518102      1.3748  0.00827102
        6243    0.529012     1.37466   0.0082708
        6244    0.539456     1.37453  0.00827056
        6245    0.552038      1.3744  0.00827028
        6246    0.566461     1.37427  0.00826997
        6247    0.582911     1.37414  0.00826962
        6248    0.600369     1.37402  0.00826922
        6249    0.619012      1.3739  0.00826878
        6250    0.639739     1.37378  0.00826829
        6251    0.661759     1.37367  0.00826775
        6252    0.684528     1.37356  0.00826717
        6253    0.707731     1.37345  0.00826653
        6254    0.733224     1.37335  0.00826584
        6255    0.760695     1.37325   0.0082651
        6256    0.787663     1.37315  0.00826431
        6257    0.816457     1.37307  0.00826347
        6258    0.845796     1.37298  0.00826258
        6259     0.87512      1.3729  0.00826164
        6260    0.905792     1.37283  0.00826066
        6261    0.937488     1.37276  0.00825963
        6262    0.968676     1.37269  0.00825856
        6263     1.00094     1.37263  0.00825746
        6264       1.033     1.37258  0.00825632
        6265     1.06522     1.37253  0.00825514
        6266      1.0975     1.37249  0.00825394
        6267     1.12975     1.37245  0.00825272
        6268     1.16112     1.37241  0.00825147
        6269     1.19294     1.37239   0.0082502
        6270     1.22438     1.37236  0.00824892
        6271     1.25506     1.37234  0.00824763
        6272     1.28463     1.37233  0.00824632
        6273     1.31462     1.37232  0.00824501
        6274     1.34325     1.37232   0.0082437
        6275     1.37108     1.37232  0.00824239
        6276     1.39753     1.37232  0.00824108
        6277     1.42293     1.37233  0.00823977
        6278     1.44669     1.37234  0.00823846
        6279     1.46845     1.37235  0.00823717
        6280     1.48979     1.37237  0.00823587
        6281     1.50892      1.3724  0.00823459
        6282     1.52576     1.37242  0.00823332
        6283     1.54094     1.37245  0.00823205
        6284     1.55417     1.37248  0.00823079
        6285     1.56563     1.37251  0.00822954
        6286     1.57456     1.37254  0.00822829
        6287     1.58143     1.37257  0.00822705
        6288     1.58696     1.37261  0.00822581
        6289     1.59044     1.37264  0.00822458
        6290     1.59142     1.37267  0.00822334
        6291     1.59067     1.37271  0.00822211
        6292     1.58824     1.37274  0.00822087
        6293     1.58398     1.37278  0.00821964
        6294     1.57725     1.37281   0.0082184
        6295      1.5691     1.37284  0.00821715
        6296     1.55918     1.37287   0.0082159
        6297     1.54785      1.3729  0.00821464
        6298     1.53547     1.37292  0.00821338
        6299     1.52291     1.37295  0.00821211
        6300     1.50887     1.37297  0.00821083
        6301     1.49371     1.37299  0.00820955
        6302     1.47737     1.37301  0.00820826
        6303     1.46069     1.37302  0.00820697
        6304     1.44336     1.37303  0.00820568
        6305     1.42552     1.37304  0.00820438
        6306      1.4085     1.37304  0.00820308
        6307     1.39078     1.37305  0.00820178
        6308     1.37369     1.37305  0.00820048
        6309     1.35663     1.37304  0.00819918
        6310     1.33997     1.37304  0.00819789
        6311     1.32383     1.37303  0.00819659
        6312     1.30856     1.37302   0.0081953
        6313     1.29402     1.37301  0.00819401
        6314      1.2803     1.37299  0.00819273
        6315     1.26774     1.37298  0.00819144
        6316     1.25544     1.37296  0.00819017
        6317     1.24491     1.37294   0.0081889
        6318       1.235     1.37292  0.00818763
        6319     1.22625     1.37289  0.00818637
        6320     1.21965     1.37287  0.00818511
        6321     1.21282     1.37284  0.00818385
        6322     1.20723     1.37282   0.0081826
        6323     1.20408     1.37279  0.00818135
        6324     1.20217     1.37276   0.0081801
        6325     1.20078     1.37274  0.00817885
        6326     1.20061     1.37271   0.0081776
        6327     1.20165     1.37268  0.00817636
        6328     1.20338     1.37266  0.00817511
        6329     1.20649     1.37263  0.00817386
        6330     1.21095      1.3726  0.00817261
        6331     1.21672     1.37258  0.00817135
        6332     1.22279     1.37256   0.0081701
        6333     1.23008     1.37253  0.00816884
        6334     1.23879     1.37251  0.00816758
        6335     1.24886     1.37249  0.00816631
        6336     1.25929     1.37247  0.00816504
        6337     1.27099     1.37246  0.00816377
        6338     1.28224     1.37244  0.00816249
        6339     1.29466     1.37243  0.00816121
        6340     1.30798     1.37242  0.00815993
        6341     1.32191     1.37241  0.00815865
        6342     1.33591     1.37241  0.00815737
        6343     1.35044     1.37241  0.00815608
        6344     1.36615      1.3724  0.00815479
        6345     1.38181     1.37241  0.00815351
        6346     1.39832     1.37241  0.00815223
        6347     1.41539     1.37242  0.00815094
        6348     1.43227     1.37243  0.00814967
        6349     1.44865     1.37244  0.00814839
        6350     1.46545     1.37245  0.00814712
        6351      1.4826     1.37247  0.00814586
        6352     1.49981     1.37249   0.0081446
        6353     1.51702     1.37251  0.00814335
        6354     1.53394     1.37254  0.00814211
        6355     1.55096     1.37257  0.00814087
        6356     1.56732      1.3726  0.00813965
        6357      1.5839     1.37263  0.00813844
        6358      1.5992     1.37267  0.00813724
        6359     1.61484      1.3727  0.00813605
        6360     1.63075     1.37274  0.00813487
        6361     1.64542     1.37279   0.0081337
        6362     1.66025     1.37283  0.00813255
        6363     1.67397     1.37288  0.00813141
        6364     1.68701     1.37293  0.00813028
        6365     1.69908     1.37298  0.00812916
        6366      1.7104     1.37303  0.00812806
        6367     1.72115     1.37309  0.00812697
        6368     1.73204     1.37314  0.00812589
        6369     1.74089      1.3732  0.00812482
        6370      1.7496     1.37326  0.00812376
        6371     1.75697     1.37332   0.0081227
        6372     1.76302     1.37338  0.00812166
        6373     1.76918     1.37344  0.00812062
        6374     1.77429     1.37351  0.00811959
        6375     1.77837     1.37357  0.00811857
        6376     1.78242     1.37364  0.00811755
        6377     1.78504      1.3737  0.00811653
        6378     1.78797     1.37376  0.00811552
        6379     1.78885     1.37383  0.00811451
        6380     1.78896     1.37389  0.00811349
        6381     1.78859     1.37396  0.00811248
        6382     1.78878     1.37402  0.00811147
        6383     1.78793     1.37409  0.00811046
        6384     1.78634     1.37415  0.00810945
        6385      1.7853     1.37422  0.00810843
        6386     1.78418     1.37428  0.00810742
        6387      1.7833     1.37435   0.0081064
        6388     1.78249     1.37441  0.00810538
        6389     1.78209     1.37447  0.00810437
        6390     1.78192     1.37454  0.00810335
        6391     1.78183      1.3746  0.00810233
        6392     1.78262     1.37467  0.00810132
        6393     1.78364     1.37473   0.0081003
        6394      1.7852     1.37479  0.00809929
        6395     1.78737     1.37486  0.00809828
        6396     1.78948     1.37492  0.00809727
        6397     1.79254     1.37499  0.00809627
        6398     1.79613     1.37505  0.00809527
        6399     1.80028     1.37512  0.00809428
        6400     1.80598     1.37519  0.00809329
        6401     1.81302     1.37526  0.00809232
        6402     1.82068     1.37533  0.00809135
        6403      1.8292      1.3754   0.0080904
        6404     1.83882     1.37547  0.00808946
        6405     1.84902     1.37554  0.00808854
        6406     1.85976     1.37562  0.00808763
        6407     1.87148      1.3757  0.00808673
        6408     1.88314     1.37578  0.00808586
        6409     1.89563     1.37586  0.00808501
        6410     1.90813     1.37594  0.00808417
        6411     1.92197     1.37602  0.00808336
        6412     1.93558     1.37611  0.00808257
        6413     1.94931      1.3762   0.0080818
        6414     1.96324     1.37629  0.00808106
        6415     1.97722     1.37639  0.00808034
        6416     1.99085     1.37648  0.00807965
        6417     2.00322     1.37658  0.00807898
        6418      2.0161     1.37668  0.00807834
        6419     2.02739     1.37678  0.00807772
        6420     2.03765     1.37688  0.00807711
        6421     2.04648     1.37699  0.00807653
        6422     2.05349     1.37709  0.00807596
        6423        2.06      1.3772   0.0080754
        6424     2.06519     1.37731  0.00807485
        6425     2.06847     1.37741  0.00807431
        6426     2.06978     1.37752  0.00807378
        6427      2.0686     1.37763  0.00807324
        6428      2.0678     1.37774  0.00807269
        6429     2.06378     1.37784  0.00807214
        6430     2.05777     1.37795  0.00807158
        6431     2.05031     1.37805    0.008071
        6432     2.04075     1.37816  0.00807041
        6433     2.03013     1.37826  0.00806979
        6434     2.01809     1.37836  0.00806915
        6435     2.00473     1.37846  0.00806848
        6436     1.98994     1.37855  0.00806778
        6437     1.97406     1.37864  0.00806706
        6438       1.957     1.37873  0.00806631
        6439     1.94032     1.37882  0.00806553
        6440     1.92198      1.3789  0.00806472
        6441     1.90353     1.37899  0.00806388
        6442     1.88438     1.37906  0.00806301
        6443     1.86414     1.37914  0.00806211
        6444     1.84435     1.37921  0.00806118
        6445     1.82488     1.37928  0.00806022
        6446      1.8046     1.37935  0.00805924
        6447     1.78455     1.37941  0.00805824
        6448     1.76434     1.37947  0.00805721
        6449     1.74403     1.37953  0.00805616
        6450      1.7244     1.37958  0.00805509
        6451     1.70575     1.37963    0.008054
        6452     1.68694     1.37968  0.00805289
        6453     1.66922     1.37972  0.00805177
        6454     1.65047     1.37976  0.00805063
        6455     1.63267      1.3798  0.00804948
        6456     1.61513     1.37984  0.00804831
        6457     1.59812     1.37987  0.00804714
        6458     1.58194     1.37991  0.00804595
        6459     1.56637     1.37993  0.00804476
        6460      1.5512     1.37996  0.00804356
        6461     1.53692     1.37998  0.00804235
        6462      1.5243     1.38001  0.00804113
        6463     1.51164     1.38003  0.00803992
        6464      1.4997     1.38005  0.00803869
        6465     1.48822     1.38006  0.00803747
        6466     1.47794     1.38008  0.00803624
        6467     1.46787     1.38009  0.00803501
        6468     1.45826      1.3801  0.00803377
        6469     1.44955     1.38011  0.00803254
        6470     1.44245     1.38012   0.0080313
        6471     1.43523     1.38013  0.00803007
        6472     1.42858     1.38014  0.00802883
        6473     1.42221     1.38015  0.00802759
        6474     1.41607     1.38015  0.00802635
        6475     1.41084     1.38016  0.00802512
        6476     1.40596     1.38016  0.00802388
        6477     1.40138     1.38016  0.00802264
        6478     1.39608     1.38017   0.0080214
        6479     1.39144     1.38017  0.00802016
        6480     1.38644     1.38017  0.00801893
        6481     1.38149     1.38017  0.00801769
        6482     1.37801     1.38017  0.00801645
        6483     1.37377     1.38017  0.00801521
        6484     1.36946     1.38017  0.00801398
        6485     1.36529     1.38016  0.00801274
        6486     1.36026     1.38016  0.00801151
        6487     1.35604     1.38016  0.00801027
        6488     1.35118     1.38015  0.00800904
        6489     1.34638     1.38015  0.00800781
        6490     1.34166     1.38014  0.00800658
        6491     1.33605     1.38013  0.00800535
        6492     1.33004     1.38013  0.00800412
        6493     1.32436     1.38012  0.00800289
        6494     1.31928     1.38011  0.00800166
        6495     1.31311      1.3801  0.00800044
        6496     1.30733     1.38009  0.00799921
        6497     1.30097     1.38008  0.00799799
        6498     1.29526     1.38006  0.00799677
        6499     1.28851     1.38005  0.00799555
        6500     1.28146     1.38003  0.00799434
        6501     1.27507     1.38002  0.00799312
        6502     1.26885        1.38  0.00799191
        6503     1.26136     1.37998   0.0079907
        6504     1.25428     1.37996   0.0079895
        6505     1.24783     1.37994   0.0079883
        6506     1.24153     1.37992   0.0079871
        6507     1.23294      1.3799   0.0079859
        6508     1.22591     1.37987  0.00798471
        6509     1.21922     1.37985  0.00798352
        6510     1.21262     1.37982  0.00798234
        6511     1.20538      1.3798  0.00798116
        6512     1.19772     1.37977  0.00797998
        6513     1.19036     1.37974  0.00797881
        6514     1.18235     1.37971  0.00797764
        6515     1.17415     1.37968  0.00797648
        6516     1.16458     1.37965  0.00797532
        6517     1.15607     1.37961  0.00797417
        6518      1.1479     1.37958  0.00797303
        6519     1.13867     1.37954  0.00797189
        6520     1.12938      1.3795  0.00797076
        6521     1.12078     1.37946  0.00796964
        6522     1.11245     1.37942  0.00796852
        6523     1.10373     1.37938  0.00796741
        6524     1.09418     1.37933  0.00796631
        6525     1.08605     1.37929  0.00796521
        6526     1.07819     1.37924  0.00796413
        6527     1.06949      1.3792  0.00796305
        6528     1.06266     1.37915  0.00796198
        6529     1.05562      1.3791  0.00796091
        6530     1.04915     1.37905  0.00795985
        6531      1.0443       1.379   0.0079588
        6532      1.0392     1.37894  0.00795775
        6533     1.03586     1.37889   0.0079567
        6534     1.03192     1.37884  0.00795566
        6535      1.0296     1.37878  0.00795463
        6536     1.02847     1.37873  0.00795359
        6537     1.02759     1.37868  0.00795255
        6538     1.02821     1.37862  0.00795152
        6539     1.03035     1.37857  0.00795048
        6540     1.03327     1.37852  0.00794944
        6541     1.03699     1.37847   0.0079484
        6542     1.04222     1.37841  0.00794735
        6543     1.04749     1.37836  0.00794629
        6544     1.05447     1.37831  0.00794523
        6545     1.06214     1.37827  0.00794417
        6546     1.07095     1.37822  0.00794309
        6547     1.08061     1.37817  0.00794201
        6548      1.0901     1.37813  0.00794092
        6549     1.10104     1.37809  0.00793982
        6550     1.11241     1.37805  0.00793871
        6551     1.12439     1.37801  0.00793759
        6552     1.13692     1.37797  0.00793647
        6553      1.1509     1.37794  0.00793533
        6554     1.16458      1.3779  0.00793419
        6555     1.17912     1.37787  0.00793303
        6556     1.19373     1.37785  0.00793187
        6557     1.20861     1.37782  0.00793071
        6558     1.22251      1.3778  0.00792953
        6559     1.23804     1.37777  0.00792835
        6560     1.25347     1.37776  0.00792717
        6561     1.26852     1.37774  0.00792598
        6562     1.28293     1.37772  0.00792478
        6563     1.29834     1.37771  0.00792358
        6564      1.3128      1.3777  0.00792238
        6565     1.32843     1.37769  0.00792118
        6566     1.34352     1.37769  0.00791997
        6567     1.35826     1.37769  0.00791877
        6568      1.3738     1.37769  0.00791756
        6569     1.38913     1.37769  0.00791636
        6570     1.40395     1.37769  0.00791515
        6571     1.41842      1.3777  0.00791395
        6572     1.43248     1.37771  0.00791275
        6573     1.44579     1.37772  0.00791155
        6574     1.45827     1.37773  0.00791036
        6575     1.47029     1.37774  0.00790917
        6576     1.48104     1.37776  0.00790798
        6577     1.49162     1.37778   0.0079068
        6578     1.50072     1.37779  0.00790562
        6579     1.50872     1.37781  0.00790444
        6580     1.51602     1.37784  0.00790327
        6581     1.52228     1.37786   0.0079021
        6582     1.52672     1.37788  0.00790093
        6583     1.52975      1.3779  0.00789976
        6584     1.53133     1.37793   0.0078986
        6585     1.53144     1.37795  0.00789743
        6586     1.53007     1.37797  0.00789627
        6587     1.52652       1.378   0.0078951
        6588     1.52178     1.37802  0.00789393
        6589     1.51593     1.37804  0.00789276
        6590     1.50952     1.37806  0.00789159
        6591     1.50121     1.37808  0.00789042
        6592      1.4916     1.37809  0.00788924
        6593     1.48155     1.37811  0.00788806
        6594     1.47074     1.37812  0.00788687
        6595     1.45883     1.37814  0.00788569
        6596     1.44745     1.37815   0.0078845
        6597     1.43483     1.37816  0.00788331
        6598     1.42308     1.37816  0.00788212
        6599     1.41116     1.37817  0.00788092
        6600     1.40021     1.37817  0.00787973
        6601     1.38869     1.37817  0.00787854
        6602     1.37846     1.37817  0.00787734
        6603     1.36795     1.37817  0.00787615
        6604     1.35828     1.37817  0.00787496
        6605     1.35003     1.37816  0.00787377
        6606     1.34234     1.37816  0.00787258
        6607     1.33651     1.37815  0.00787139
        6608     1.33164     1.37814   0.0078702
        6609     1.32755     1.37814  0.00786901
        6610     1.32525     1.37813  0.00786783
        6611     1.32403     1.37812  0.00786664
        6612     1.32416     1.37811  0.00786545
        6613     1.32562      1.3781  0.00786427
        6614      1.3284      1.3781  0.00786308
        6615     1.33175     1.37809   0.0078619
        6616     1.33729     1.37808  0.00786071
        6617     1.34427     1.37808  0.00785953
        6618      1.3514     1.37807  0.00785834
        6619     1.36101     1.37807  0.00785715
        6620     1.37133     1.37807  0.00785597
        6621     1.38177     1.37807  0.00785478
        6622     1.39271     1.37807  0.00785359
        6623     1.40428     1.37808  0.00785241
        6624     1.41684     1.37808  0.00785122
        6625     1.42881     1.37809  0.00785004
        6626     1.44128      1.3781  0.00784886
        6627     1.45435     1.37811  0.00784769
        6628     1.46741     1.37813  0.00784652
        6629     1.48056     1.37814  0.00784535
        6630     1.49343     1.37816  0.00784418
        6631     1.50589     1.37818  0.00784302
        6632     1.51782      1.3782  0.00784187
        6633     1.52814     1.37822  0.00784072
        6634     1.53817     1.37825  0.00783958
        6635     1.54759     1.37827  0.00783844
        6636     1.55533      1.3783   0.0078373
        6637     1.56251     1.37833  0.00783617
        6638     1.56884     1.37835  0.00783504
        6639     1.57472     1.37838  0.00783392
        6640     1.57963     1.37841  0.00783279
        6641     1.58186     1.37844  0.00783168
        6642     1.58356     1.37848  0.00783056
        6643     1.58374     1.37851  0.00782944
        6644     1.58219     1.37854  0.00782832
        6645      1.5801     1.37857   0.0078272
        6646     1.57654      1.3786  0.00782608
        6647     1.57155     1.37863  0.00782496
        6648     1.56564     1.37865  0.00782383
        6649     1.55839     1.37868   0.0078227
        6650     1.55057     1.37871  0.00782157
        6651     1.54176     1.37873  0.00782043
        6652     1.53154     1.37875  0.00781929
        6653     1.52045     1.37878  0.00781814
        6654     1.50906      1.3788  0.00781699
        6655     1.49574     1.37881  0.00781584
        6656     1.48273     1.37883  0.00781468
        6657     1.46868     1.37884  0.00781351
        6658     1.45438     1.37885  0.00781235
        6659     1.43965     1.37886  0.00781118
        6660     1.42484     1.37887  0.00781001
        6661     1.40927     1.37887  0.00780884
        6662     1.39448     1.37888  0.00780767
        6663     1.37983     1.37888   0.0078065
        6664     1.36418     1.37887  0.00780533
        6665     1.34883     1.37887  0.00780416
        6666     1.33287     1.37886  0.00780299
        6667     1.31855     1.37885  0.00780182
        6668     1.30426     1.37884  0.00780066
        6669     1.28934     1.37883   0.0077995
        6670     1.27531     1.37881  0.00779835
        6671     1.26222      1.3788   0.0077972
        6672     1.24941     1.37878  0.00779606
        6673     1.23766     1.37876  0.00779492
        6674     1.22558     1.37873  0.00779378
        6675     1.21513     1.37871  0.00779265
        6676     1.20564     1.37868  0.00779153
        6677     1.19593     1.37866  0.00779041
        6678     1.18699     1.37863   0.0077893
        6679     1.17861      1.3786  0.00778819
        6680     1.17103     1.37857  0.00778708
        6681     1.16379     1.37853  0.00778598
        6682      1.1576      1.3785  0.00778489
        6683      1.1527     1.37847   0.0077838
        6684     1.14859     1.37843  0.00778271
        6685     1.14502      1.3784  0.00778162
        6686     1.14219     1.37836  0.00778054
        6687     1.14055     1.37833  0.00777946
        6688     1.13911     1.37829  0.00777838
        6689     1.13757     1.37825   0.0077773
        6690     1.13783     1.37822  0.00777622
        6691     1.13813     1.37818  0.00777514
        6692     1.13915     1.37815  0.00777406
        6693      1.1406     1.37811  0.00777298
        6694     1.14266     1.37808   0.0077719
        6695      1.1443     1.37804  0.00777081
        6696     1.14763     1.37801  0.00776973
        6697      1.1497     1.37797  0.00776864
        6698     1.15288     1.37794  0.00776756
        6699     1.15565     1.37791  0.00776647
        6700     1.15846     1.37787  0.00776538
        6701     1.16077     1.37784  0.00776429
        6702     1.16349     1.37781  0.00776319
        6703     1.16634     1.37778   0.0077621
        6704     1.16904     1.37775    0.007761
        6705     1.17131     1.37772  0.00775991
        6706     1.17287     1.37769  0.00775881
        6707     1.17488     1.37765  0.00775771
        6708     1.17662     1.37762  0.00775661
        6709     1.17876      1.3776  0.00775551
        6710     1.17937     1.37757  0.00775442
        6711     1.17988     1.37754  0.00775332
        6712     1.17979     1.37751  0.00775222
        6713     1.17982     1.37748  0.00775112
        6714     1.18021     1.37745  0.00775002
        6715     1.17904     1.37742  0.00774892
        6716     1.17801     1.37739  0.00774782
        6717     1.17666     1.37736  0.00774673
        6718     1.17453     1.37733  0.00774563
        6719     1.17237      1.3773  0.00774454
        6720     1.16998     1.37727  0.00774345
        6721     1.16741     1.37724  0.00774236
        6722     1.16399      1.3772  0.00774127
        6723     1.16144     1.37717  0.00774019
        6724     1.15937     1.37714  0.00773911
        6725     1.15662     1.37711  0.00773802
        6726     1.15376     1.37707  0.00773695
        6727     1.15157     1.37704  0.00773587
        6728     1.14918     1.37701  0.00773479
        6729     1.14689     1.37697  0.00773372
        6730     1.14575     1.37694  0.00773265
        6731     1.14464      1.3769  0.00773157
        6732     1.14484     1.37687   0.0077305
        6733     1.14519     1.37683  0.00772943
        6734     1.14675      1.3768  0.00772836
        6735     1.14861     1.37677  0.00772728
        6736     1.15202     1.37673  0.00772621
        6737     1.15608      1.3767  0.00772513
        6738     1.16083     1.37667  0.00772405
        6739     1.16606     1.37664  0.00772297
        6740     1.17228     1.37661  0.00772188
        6741     1.17949     1.37658  0.00772079
        6742     1.18818     1.37655   0.0077197
        6743     1.19763     1.37652   0.0077186
        6744      1.2078      1.3765   0.0077175
        6745      1.2189     1.37647  0.00771639
        6746     1.23114     1.37645  0.00771527
        6747     1.24372     1.37643  0.00771415
        6748      1.2573     1.37642  0.00771303
        6749     1.27179      1.3764   0.0077119
        6750     1.28733     1.37639  0.00771077
        6751     1.30333     1.37638  0.00770964
        6752     1.31872     1.37637   0.0077085
        6753     1.33431     1.37636  0.00770736
        6754     1.35047     1.37636  0.00770622
        6755      1.3668     1.37636  0.00770508
        6756     1.38218     1.37636  0.00770394
        6757     1.39887     1.37636   0.0077028
        6758     1.41407     1.37637  0.00770166
        6759     1.42811     1.37637  0.00770053
        6760     1.44204     1.37638  0.00769939
        6761     1.45402     1.37639  0.00769826
        6762     1.46634     1.37641  0.00769714
        6763     1.47718     1.37642  0.00769601
        6764     1.48618     1.37644  0.00769489
        6765     1.49303     1.37646  0.00769378
        6766     1.49908     1.37647  0.00769266
        6767     1.50331     1.37649  0.00769155
        6768     1.50617     1.37651  0.00769043
        6769     1.50644     1.37653  0.00768932
        6770     1.50606     1.37655  0.00768821
        6771     1.50385     1.37657   0.0076871
        6772     1.49962     1.37659  0.00768598
        6773     1.49441     1.37661  0.00768487
        6774     1.48759     1.37662  0.00768375
        6775     1.47976     1.37664  0.00768263
        6776      1.4708     1.37665  0.00768151
        6777     1.46135     1.37666  0.00768039
        6778     1.45057     1.37667  0.00767926
        6779     1.43914     1.37668  0.00767813
        6780     1.42673     1.37669  0.00767701
        6781     1.41447      1.3767  0.00767588
        6782     1.40206      1.3767  0.00767474
        6783     1.38845      1.3767  0.00767361
        6784     1.37647      1.3767  0.00767248
        6785     1.36433      1.3767  0.00767135
        6786     1.35316      1.3767  0.00767022
        6787     1.34235     1.37669  0.00766909
        6788     1.33179     1.37668  0.00766797
        6789     1.32254     1.37668  0.00766684
        6790     1.31373     1.37667  0.00766572
        6791     1.30616     1.37666   0.0076646
        6792     1.29867     1.37665  0.00766348
        6793     1.29348     1.37663  0.00766236
        6794      1.2894     1.37662  0.00766124
        6795     1.28526     1.37661  0.00766012
        6796     1.28344     1.37659  0.00765901
        6797     1.28322     1.37658   0.0076579
        6798     1.28385     1.37657  0.00765678
        6799     1.28528     1.37655  0.00765567
        6800     1.28819     1.37654  0.00765455
        6801     1.29109     1.37653  0.00765344
        6802     1.29488     1.37651  0.00765232
        6803     1.29947      1.3765   0.0076512
        6804     1.30555     1.37649  0.00765009
        6805     1.31278     1.37648  0.00764897
        6806     1.31966     1.37648  0.00764785
        6807     1.32757     1.37647  0.00764673
        6808     1.33571     1.37646  0.00764561
        6809     1.34474     1.37646  0.00764449
        6810     1.35363     1.37645  0.00764336
        6811     1.36281     1.37645  0.00764224
        6812     1.37224     1.37645  0.00764112
        6813     1.38186     1.37645     0.00764
        6814     1.39188     1.37645  0.00763888
        6815     1.40154     1.37646  0.00763776
        6816     1.41201     1.37646  0.00763664
        6817     1.42182     1.37647  0.00763552
        6818     1.43167     1.37648  0.00763441
        6819     1.44202     1.37649  0.00763329
        6820     1.45141      1.3765  0.00763218
        6821     1.46126     1.37651  0.00763107
        6822     1.47109     1.37653  0.00762997
        6823     1.48135     1.37654  0.00762886
        6824     1.49132     1.37656  0.00762776
        6825     1.50097     1.37658  0.00762667
        6826     1.51124      1.3766  0.00762558
        6827      1.5202     1.37662  0.00762449
        6828     1.52976     1.37664  0.00762341
        6829     1.53964     1.37666  0.00762233
        6830     1.54911     1.37669  0.00762125
        6831     1.55814     1.37671  0.00762018
        6832     1.56696     1.37674  0.00761912
        6833     1.57506     1.37677  0.00761806
        6834     1.58291      1.3768    0.007617
        6835     1.59145     1.37683  0.00761595
        6836     1.59849     1.37687  0.00761491
        6837     1.60594      1.3769  0.00761387
        6838     1.61331     1.37693  0.00761283
        6839      1.6201     1.37697   0.0076118
        6840     1.62632     1.37701  0.00761078
        6841     1.63194     1.37704  0.00760976
        6842     1.63723     1.37708  0.00760874
        6843     1.64241     1.37712  0.00760773
        6844     1.64772     1.37716  0.00760672
        6845     1.65223      1.3772  0.00760571
        6846      1.6569     1.37724  0.00760471
        6847      1.6615     1.37728  0.00760371
        6848     1.66532     1.37732  0.00760272
        6849     1.66984     1.37737  0.00760173
        6850     1.67267     1.37741  0.00760074
        6851      1.6755     1.37745  0.00759976
        6852     1.67862      1.3775  0.00759878
        6853     1.68133     1.37754   0.0075978
        6854     1.68341     1.37759  0.00759682
        6855      1.6861     1.37763  0.00759584
        6856     1.68945     1.37768  0.00759487
        6857     1.69179     1.37772   0.0075939
        6858     1.69486     1.37777  0.00759294
        6859     1.69702     1.37782  0.00759197
        6860     1.69879     1.37786  0.00759101
        6861     1.70093     1.37791  0.00759005
        6862     1.70398     1.37796  0.00758909
        6863     1.70703       1.378  0.00758814
        6864     1.71013     1.37805  0.00758719
        6865     1.71404      1.3781  0.00758624
        6866     1.71812     1.37815   0.0075853
        6867     1.72216      1.3782  0.00758436
        6868     1.72719     1.37825  0.00758342
        6869     1.73277      1.3783  0.00758249
        6870     1.73824     1.37836  0.00758157
        6871     1.74437     1.37841  0.00758065
        6872     1.75263     1.37846  0.00757975
        6873     1.76091     1.37852  0.00757885
        6874     1.76995     1.37858  0.00757796
        6875     1.78027     1.37863  0.00757708
        6876     1.79117     1.37869  0.00757622
        6877     1.80217     1.37876  0.00757537
        6878       1.814     1.37882  0.00757453
        6879     1.82809     1.37889  0.00757371
        6880     1.84155     1.37895  0.00757291
        6881     1.85578     1.37902  0.00757212
        6882     1.87076     1.37909  0.00757136
        6883     1.88716     1.37917  0.00757062
        6884     1.90372     1.37924  0.00756991
        6885     1.92085     1.37932  0.00756921
        6886     1.93945      1.3794  0.00756855
        6887     1.95822     1.37949  0.00756792
        6888     1.97658     1.37957  0.00756732
        6889     1.99492     1.37966  0.00756675
        6890     2.01408     1.37976  0.00756621
        6891     2.03347     1.37985   0.0075657
        6892     2.05199     1.37995  0.00756524
        6893     2.07093     1.38005   0.0075648
        6894     2.08919     1.38015   0.0075644
        6895     2.10661     1.38026  0.00756404
        6896     2.12348     1.38036  0.00756371
        6897     2.13962     1.38047  0.00756342
        6898     2.15413     1.38059  0.00756315
        6899      2.1675      1.3807  0.00756292
        6900     2.17858     1.38082   0.0075627
        6901     2.18834     1.38093  0.00756251
        6902     2.19657     1.38105  0.00756234
        6903     2.20186     1.38117  0.00756218
        6904     2.20499     1.38129  0.00756203
        6905     2.20603     1.38141  0.00756187
        6906      2.2034     1.38153  0.00756171
        6907     2.19844     1.38165  0.00756155
        6908     2.19062     1.38176  0.00756136
        6909     2.17969     1.38188  0.00756114
        6910      2.1669     1.38199   0.0075609
        6911     2.14993      1.3821  0.00756063
        6912     2.13085     1.38221  0.00756031
        6913     2.10914     1.38232  0.00755995
        6914      2.0867     1.38242  0.00755954
        6915      2.0621     1.38252  0.00755908
        6916     2.03515     1.38261  0.00755858
        6917     2.00685      1.3827  0.00755803
        6918     1.97822     1.38279  0.00755742
        6919     1.94811     1.38287  0.00755677
        6920     1.91777     1.38295  0.00755608
        6921     1.88696     1.38302  0.00755534
        6922     1.85642     1.38309  0.00755455
        6923      1.8254     1.38315  0.00755373
        6924     1.79578     1.38321  0.00755288
        6925     1.76701     1.38327  0.00755199
        6926     1.73851     1.38332  0.00755107
        6927     1.71065     1.38337  0.00755013
        6928     1.68424     1.38341  0.00754917
        6929     1.65913     1.38345  0.00754818
        6930     1.63441     1.38348  0.00754718
        6931     1.61061     1.38352  0.00754616
        6932     1.58896     1.38355  0.00754513
        6933     1.56853     1.38357  0.00754409
        6934     1.54908      1.3836  0.00754304
        6935     1.53132     1.38362  0.00754198
        6936      1.5138     1.38364  0.00754092
        6937     1.49796     1.38365  0.00753985
        6938     1.48231     1.38367  0.00753878
        6939     1.46754     1.38368   0.0075377
        6940     1.45385     1.38369  0.00753662
        6941     1.44191      1.3837  0.00753554
        6942     1.43071     1.38371  0.00753446
        6943     1.42019     1.38371  0.00753337
        6944     1.41149     1.38372  0.00753229
        6945     1.40382     1.38372  0.00753121
        6946      1.3959     1.38372  0.00753012
        6947      1.3891     1.38372  0.00752904
        6948     1.38215     1.38372  0.00752795
        6949     1.37594     1.38372  0.00752687
        6950     1.36991     1.38372  0.00752579
        6951      1.3647     1.38371  0.00752471
        6952     1.35929     1.38371  0.00752362
        6953     1.35456     1.38371  0.00752254
        6954     1.34975      1.3837  0.00752146
        6955     1.34552      1.3837  0.00752038
        6956     1.34159     1.38369   0.0075193
        6957     1.33743     1.38368  0.00751823
        6958     1.33277     1.38368  0.00751715
        6959     1.32784     1.38367  0.00751607
        6960     1.32407     1.38366    0.007515
        6961     1.31881     1.38365  0.00751393
        6962     1.31448     1.38364  0.00751285
        6963     1.31014     1.38363  0.00751178
        6964     1.30558     1.38362  0.00751071
        6965     1.30155     1.38361  0.00750964
        6966     1.29689     1.38359  0.00750857
        6967     1.29236     1.38358  0.00750751
        6968     1.28826     1.38357  0.00750644
        6969     1.28512     1.38355  0.00750538
        6970     1.28083     1.38354  0.00750432
        6971     1.27761     1.38352  0.00750326
        6972     1.27431     1.38351   0.0075022
        6973     1.27195     1.38349  0.00750114
        6974     1.27032     1.38348  0.00750008
        6975     1.26901     1.38346  0.00749902
        6976     1.26755     1.38344  0.00749796
        6977     1.26792     1.38343  0.00749691
        6978     1.26845     1.38341  0.00749585
        6979     1.27014     1.38339   0.0074948
        6980      1.2725     1.38338  0.00749374
        6981     1.27532     1.38336  0.00749268
        6982     1.27858     1.38335  0.00749162
        6983     1.28276     1.38333  0.00749056
        6984     1.28711     1.38332   0.0074895
        6985     1.29235     1.38331  0.00748844
        6986     1.29914     1.38329  0.00748738
        6987     1.30576     1.38328  0.00748632
        6988     1.31239     1.38327  0.00748525
        6989     1.32091     1.38326  0.00748419
        6990     1.32861     1.38326  0.00748312
        6991     1.33636     1.38325  0.00748205
        6992     1.34457     1.38324  0.00748099
        6993     1.35243     1.38324  0.00747992
        6994     1.36106     1.38324  0.00747885
        6995     1.36941     1.38323  0.00747778
        6996     1.37834     1.38323  0.00747671
        6997     1.38655     1.38323  0.00747564
        6998     1.39443     1.38324  0.00747457
        6999     1.40166     1.38324  0.00747351
        7000     1.40813     1.38324  0.00747244
        7001     1.41497     1.38325  0.00747137
        7002      1.4209     1.38325  0.00747031
        7003     1.42584     1.38326  0.00746924
        7004      1.4295     1.38326  0.00746818
        7005     1.43229     1.38327  0.00746712
        7006      1.4349     1.38328  0.00746606
        7007     1.43608     1.38329  0.00746499
        7008     1.43653     1.38329  0.00746393
        7009     1.43623      1.3833  0.00746287
        7010     1.43421     1.38331  0.00746181
        7011     1.43144     1.38332  0.00746075
        7012     1.42793     1.38332  0.00745969
        7013     1.42369     1.38333  0.00745863
        7014     1.41757     1.38333  0.00745756
        7015     1.41079     1.38334   0.0074565
        7016     1.40341     1.38334  0.00745544
        7017     1.39453     1.38334  0.00745438
        7018      1.3854     1.38334  0.00745332
        7019     1.37562     1.38334  0.00745225
        7020     1.36574     1.38334  0.00745119
        7021     1.35441     1.38333  0.00745013
        7022     1.34266     1.38333  0.00744907
        7023      1.3306     1.38332  0.00744802
        7024     1.31903     1.38331  0.00744696
        7025     1.30758      1.3833  0.00744591
        7026     1.29539     1.38329  0.00744486
        7027      1.2847     1.38327  0.00744382
        7028     1.27251     1.38326  0.00744277
        7029     1.26179     1.38324  0.00744173
        7030     1.25071     1.38322   0.0074407
        7031     1.24033      1.3832  0.00743967
        7032     1.23076     1.38318  0.00743864
        7033     1.22158     1.38316  0.00743762
        7034     1.21338     1.38313   0.0074366
        7035      1.2067     1.38311  0.00743559
        7036     1.20017     1.38308  0.00743458
        7037     1.19338     1.38305  0.00743357
        7038     1.18831     1.38303  0.00743256
        7039     1.18501       1.383  0.00743156
        7040      1.1828     1.38297  0.00743056
        7041     1.18171     1.38294  0.00742956
        7042     1.18128     1.38291  0.00742856
        7043     1.18201     1.38288  0.00742756
        7044     1.18343     1.38286  0.00742656
        7045     1.18649     1.38283  0.00742556
        7046     1.19141      1.3828  0.00742455
        7047     1.19674     1.38277  0.00742355
        7048     1.20244     1.38275  0.00742254
        7049     1.20992     1.38272  0.00742152
        7050     1.21793      1.3827  0.00742051
        7051      1.2269     1.38268  0.00741949
        7052     1.23774     1.38266  0.00741847
        7053     1.24869     1.38264  0.00741744
        7054     1.26088     1.38262  0.00741641
        7055     1.27377     1.38261  0.00741537
        7056     1.28726     1.38259  0.00741433
        7057     1.30008     1.38258  0.00741329
        7058     1.31431     1.38257  0.00741225
        7059     1.32913     1.38256   0.0074112
        7060     1.34397     1.38256  0.00741015
        7061     1.35922     1.38256   0.0074091
        7062     1.37429     1.38255  0.00740806
        7063     1.38958     1.38256  0.00740701
        7064     1.40427     1.38256  0.00740596
        7065     1.41849     1.38256  0.00740491
        7066     1.43336     1.38257  0.00740387
        7067     1.44733     1.38258  0.00740283
        7068     1.46102     1.38259  0.00740179
        7069     1.47363      1.3826  0.00740075
        7070     1.48508     1.38262  0.00739972
        7071     1.49647     1.38263  0.00739869
        7072     1.50678     1.38265  0.00739766
        7073     1.51643     1.38267  0.00739664
        7074     1.52486     1.38269  0.00739562
        7075     1.53277     1.38271  0.00739461
        7076     1.53916     1.38273   0.0073936
        7077     1.54497     1.38276  0.00739259
        7078     1.54876     1.38278  0.00739158
        7079     1.55272      1.3828  0.00739058
        7080     1.55492     1.38283  0.00738957
        7081     1.55663     1.38285  0.00738857
        7082     1.55766     1.38288  0.00738757
        7083     1.55831      1.3829  0.00738657
        7084     1.55673     1.38293  0.00738556
        7085     1.55493     1.38295  0.00738456
        7086       1.553     1.38298  0.00738356
        7087     1.55007       1.383  0.00738255
        7088     1.54577     1.38302  0.00738155
        7089     1.54259     1.38305  0.00738054
        7090     1.53847     1.38307  0.00737953
        7091     1.53398     1.38309  0.00737852
        7092     1.52993     1.38311  0.00737751
        7093     1.52544     1.38313   0.0073765
        7094     1.52107     1.38315  0.00737548
        7095     1.51712     1.38317  0.00737447
        7096     1.51486     1.38319  0.00737345
        7097     1.51193      1.3832  0.00737244
        7098     1.50862     1.38322  0.00737142
        7099     1.50664     1.38324   0.0073704
        7100     1.50458     1.38326  0.00736938
        7101     1.50246     1.38327  0.00736836
        7102     1.50149     1.38329  0.00736734
        7103     1.50025     1.38331  0.00736633
        7104     1.50041     1.38332  0.00736531
        7105     1.50125     1.38334  0.00736429
        7106     1.50204     1.38336  0.00736327
        7107     1.50302     1.38337  0.00736226
        7108      1.5049     1.38339  0.00736124
        7109     1.50645     1.38341  0.00736022
        7110     1.50862     1.38342  0.00735921
        7111     1.51188     1.38344   0.0073582
        7112     1.51476     1.38346  0.00735719
        7113     1.51844     1.38348  0.00735618
        7114     1.52146      1.3835  0.00735517
        7115     1.52547     1.38352  0.00735416
        7116     1.52947     1.38354  0.00735316
        7117     1.53466     1.38356  0.00735215
        7118      1.5393     1.38358  0.00735115
        7119     1.54361     1.38361  0.00735016
        7120     1.54828     1.38363  0.00734916
        7121     1.55256     1.38365  0.00734817
        7122     1.55689     1.38368  0.00734717
        7123     1.56222      1.3837  0.00734619
        7124     1.56609     1.38373   0.0073452
        7125     1.57016     1.38375  0.00734421
        7126     1.57441     1.38378  0.00734323
        7127     1.57857     1.38381  0.00734225
        7128     1.58335     1.38384  0.00734128
        7129     1.58728     1.38386   0.0073403
        7130     1.59082     1.38389  0.00733933
        7131     1.59565     1.38392  0.00733836
        7132     1.60032     1.38395  0.00733739
        7133     1.60434     1.38398  0.00733643
        7134     1.60819     1.38402  0.00733547
        7135     1.61114     1.38405  0.00733451
        7136     1.61393     1.38408  0.00733355
        7137     1.61775     1.38411   0.0073326
        7138     1.62093     1.38415  0.00733165
        7139     1.62396     1.38418   0.0073307
        7140     1.62683     1.38421  0.00732975
        7141     1.63005     1.38425   0.0073288
        7142     1.63264     1.38428  0.00732786
        7143     1.63437     1.38432  0.00732692
        7144     1.63644     1.38435  0.00732598
        7145     1.63815     1.38439  0.00732504
        7146     1.64019     1.38442   0.0073241
        7147     1.64186     1.38446  0.00732316
        7148     1.64315      1.3845  0.00732223
        7149     1.64428     1.38453  0.00732129
        7150     1.64526     1.38457  0.00732036
        7151     1.64679     1.38461  0.00731943
        7152     1.64669     1.38464   0.0073185
        7153     1.64688     1.38468  0.00731757
        7154     1.64734     1.38472  0.00731664
        7155     1.64782     1.38475  0.00731571
        7156     1.64781     1.38479  0.00731478
        7157     1.64729     1.38483  0.00731385
        7158     1.64671     1.38486  0.00731292
        7159     1.64606      1.3849  0.00731199
        7160     1.64434     1.38494  0.00731105
        7161     1.64273     1.38497  0.00731012
        7162     1.64022     1.38501  0.00730919
        7163     1.63873     1.38504  0.00730825
        7164     1.63629     1.38508  0.00730732
        7165     1.63263     1.38511  0.00730638
        7166     1.62895     1.38515  0.00730544
        7167     1.62497     1.38518   0.0073045
        7168     1.61923     1.38521  0.00730355
        7169     1.61435     1.38524   0.0073026
        7170     1.60793     1.38528  0.00730165
        7171     1.60115     1.38531  0.00730069
        7172     1.59354     1.38533  0.00729973
        7173     1.58559     1.38536  0.00729877
        7174     1.57754     1.38539   0.0072978
        7175      1.5687     1.38541  0.00729683
        7176     1.55859     1.38544  0.00729585
        7177     1.54847     1.38546  0.00729487
        7178     1.53812     1.38548  0.00729388
        7179      1.5271      1.3855  0.00729289
        7180      1.5157     1.38552   0.0072919
        7181     1.50421     1.38554   0.0072909
        7182     1.49198     1.38555   0.0072899
        7183     1.47931     1.38556   0.0072889
        7184     1.46649     1.38558   0.0072879
        7185     1.45385     1.38559  0.00728689
        7186     1.44073     1.38559  0.00728588
        7187     1.42841      1.3856  0.00728487
        7188       1.416      1.3856  0.00728385
        7189     1.40381     1.38561  0.00728284
        7190      1.3929     1.38561  0.00728183
        7191     1.38164     1.38561  0.00728082
        7192     1.37131      1.3856   0.0072798
        7193     1.36055      1.3856  0.00727879
        7194     1.35038      1.3856  0.00727778
        7195      1.3411     1.38559  0.00727677
        7196     1.33278     1.38558  0.00727577
        7197     1.32596     1.38557  0.00727476
        7198     1.31924     1.38557  0.00727375
        7199     1.31267     1.38556  0.00727275
        7200      1.3075     1.38554  0.00727175
        7201      1.3023     1.38553  0.00727075
        7202     1.29928     1.38552  0.00726975
        7203     1.29653     1.38551  0.00726875
        7204     1.29573      1.3855  0.00726775
        7205     1.29595     1.38548  0.00726675
        7206     1.29716     1.38547  0.00726576
        7207     1.29887     1.38546  0.00726476
        7208      1.3025     1.38545  0.00726376
        7209     1.30657     1.38544  0.00726276
        7210     1.31105     1.38543  0.00726176
        7211     1.31637     1.38542  0.00726076
        7212     1.32294     1.38541  0.00725976
        7213     1.32926      1.3854  0.00725875
        7214     1.33693     1.38539  0.00725775
        7215      1.3449     1.38539  0.00725675
        7216     1.35284     1.38538  0.00725574
        7217     1.36233     1.38538  0.00725474
        7218     1.37062     1.38538  0.00725373
        7219     1.38023     1.38538  0.00725273
        7220      1.3896     1.38538  0.00725172
        7221     1.39838     1.38538  0.00725072
        7222     1.40764     1.38538  0.00724972
        7223     1.41581     1.38539  0.00724872
        7224     1.42423     1.38539  0.00724771
        7225     1.43206      1.3854  0.00724671
        7226      1.4387     1.38541  0.00724571
        7227      1.4443     1.38541  0.00724472
        7228     1.44951     1.38542  0.00724372
        7229     1.45353     1.38543  0.00724272
        7230     1.45703     1.38544  0.00724173
        7231     1.45924     1.38545  0.00724073
        7232     1.46064     1.38546  0.00723974
        7233     1.46074     1.38547  0.00723875
        7234     1.45979     1.38548  0.00723775
        7235      1.4576     1.38549  0.00723676
        7236     1.45469      1.3855  0.00723577
        7237     1.45066     1.38551  0.00723477
        7238     1.44581     1.38552  0.00723378
        7239     1.44048     1.38553  0.00723278
        7240     1.43452     1.38554  0.00723179
        7241     1.42827     1.38554  0.00723079
        7242     1.42137     1.38555  0.00722979
        7243     1.41389     1.38555   0.0072288
        7244      1.4074     1.38555   0.0072278
        7245     1.40004     1.38556   0.0072268
        7246     1.39239     1.38556   0.0072258
        7247     1.38524     1.38556  0.00722481
        7248     1.37721     1.38555  0.00722381
        7249     1.37005     1.38555  0.00722281
        7250     1.36282     1.38555  0.00722182
        7251     1.35556     1.38555  0.00722082
        7252     1.34926     1.38554  0.00721983
        7253     1.34271     1.38553  0.00721884
        7254     1.33642     1.38553  0.00721784
        7255     1.33012     1.38552  0.00721685
        7256     1.32332     1.38551  0.00721586
        7257     1.31793      1.3855  0.00721488
        7258      1.3125     1.38549  0.00721389
        7259       1.307     1.38548   0.0072129
        7260     1.30165     1.38547  0.00721192
        7261      1.2957     1.38546  0.00721094
        7262     1.29105     1.38544  0.00720996
        7263     1.28554     1.38543  0.00720898
        7264     1.28058     1.38542    0.007208
        7265     1.27591      1.3854  0.00720702
        7266      1.2713     1.38539  0.00720605
        7267      1.2665     1.38537  0.00720507
        7268     1.26198     1.38535   0.0072041
        7269     1.25679     1.38533  0.00720313
        7270     1.25238     1.38532  0.00720217
        7271     1.24826      1.3853   0.0072012
        7272     1.24399     1.38528  0.00720024
        7273     1.23931     1.38526  0.00719927
        7274     1.23545     1.38524  0.00719831
        7275     1.23099     1.38522  0.00719735
        7276     1.22738     1.38519   0.0071964
        7277     1.22344     1.38517  0.00719544
        7278     1.21967     1.38515  0.00719449
        7279     1.21632     1.38513  0.00719354
        7280     1.21389      1.3851  0.00719259
        7281     1.21121     1.38508  0.00719164
        7282     1.20731     1.38505   0.0071907
        7283     1.20463     1.38503  0.00718975
        7284     1.20246       1.385  0.00718881
        7285     1.20034     1.38498  0.00718787
        7286     1.19875     1.38495  0.00718692
        7287     1.19722     1.38493  0.00718598
        7288     1.19601      1.3849  0.00718505
        7289      1.1956     1.38488  0.00718411
        7290     1.19528     1.38485  0.00718317
        7291     1.19601     1.38482  0.00718223
        7292     1.19659      1.3848  0.00718129
        7293     1.19821     1.38477  0.00718035
        7294     1.19896     1.38475  0.00717941
        7295     1.20123     1.38472  0.00717847
        7296     1.20308      1.3847  0.00717753
        7297     1.20547     1.38467  0.00717659
        7298     1.20789     1.38465  0.00717565
        7299     1.21034     1.38462   0.0071747
        7300     1.21327      1.3846  0.00717376
        7301      1.2164     1.38458  0.00717281
        7302     1.21948     1.38456  0.00717187
        7303     1.22272     1.38453  0.00717092
        7304     1.22608     1.38451  0.00716997
        7305     1.22927     1.38449  0.00716902
        7306     1.23251     1.38447  0.00716807
        7307     1.23576     1.38445  0.00716712
        7308     1.23921     1.38443  0.00716616
        7309     1.24235     1.38441  0.00716521
        7310     1.24561     1.38439  0.00716426
        7311     1.24824     1.38437   0.0071633
        7312     1.25164     1.38435  0.00716234
        7313      1.2541     1.38434  0.00716139
        7314     1.25704     1.38432  0.00716043
        7315      1.2597      1.3843  0.00715947
        7316     1.26111     1.38428  0.00715851
        7317     1.26173     1.38427  0.00715755
        7318     1.26324     1.38425  0.00715659
        7319     1.26371     1.38424  0.00715563
        7320     1.26387     1.38422  0.00715468
        7321     1.26397      1.3842  0.00715372
        7322     1.26402     1.38419  0.00715276
        7323     1.26405     1.38417   0.0071518
        7324     1.26407     1.38415  0.00715084
        7325     1.26316     1.38414  0.00714989
        7326      1.2623     1.38412  0.00714893
        7327     1.26128      1.3841  0.00714797
        7328     1.26085     1.38409  0.00714702
        7329      1.2596     1.38407  0.00714606
        7330      1.2578     1.38405  0.00714511
        7331     1.25669     1.38403  0.00714415
        7332     1.25484     1.38402   0.0071432
        7333     1.25324       1.384  0.00714225
        7334     1.25215     1.38398   0.0071413
        7335     1.25134     1.38396  0.00714035
        7336     1.25034     1.38395   0.0071394
        7337     1.24869     1.38393  0.00713845
        7338     1.24709     1.38391   0.0071375
        7339       1.247     1.38389  0.00713655
        7340     1.24697     1.38387   0.0071356
        7341     1.24579     1.38385  0.00713466
        7342     1.24562     1.38383  0.00713371
        7343     1.24454     1.38381  0.00713276
        7344     1.24278     1.38379  0.00713182
        7345     1.24249     1.38378  0.00713087
        7346     1.24223     1.38376  0.00712993
        7347     1.24199     1.38374  0.00712898
        7348      1.2408     1.38372  0.00712804
        7349     1.23939      1.3837   0.0071271
        7350      1.2392     1.38368  0.00712616
        7351     1.23854     1.38366  0.00712521
        7352     1.23767     1.38364  0.00712427
        7353     1.23657     1.38362  0.00712333
        7354     1.23527      1.3836  0.00712239
        7355     1.23473     1.38358  0.00712145
        7356     1.23449     1.38356  0.00712051
        7357     1.23357     1.38354  0.00711957
        7358     1.23321     1.38352  0.00711864
        7359     1.23294      1.3835   0.0071177
        7360     1.23275     1.38348  0.00711676
        7361     1.23268     1.38346  0.00711582
        7362     1.23321     1.38344  0.00711489
        7363     1.23387     1.38342  0.00711395
        7364     1.23421     1.38339  0.00711301
        7365     1.23495     1.38337  0.00711207
        7366      1.2354     1.38335  0.00711114
        7367      1.2363     1.38333   0.0071102
        7368     1.23694     1.38331  0.00710926
        7369      1.2388      1.3833  0.00710832
        7370     1.24045     1.38328  0.00710739
        7371     1.24263     1.38326  0.00710645
        7372     1.24514     1.38324  0.00710551
        7373     1.24824     1.38322  0.00710457
        7374     1.25123      1.3832  0.00710363
        7375      1.2544     1.38318  0.00710269
        7376     1.25826     1.38317  0.00710174
        7377     1.26284     1.38315   0.0071008
        7378     1.26769     1.38314  0.00709985
        7379     1.27285     1.38312  0.00709891
        7380      1.2781     1.38311  0.00709796
        7381     1.28494     1.38309  0.00709701
        7382     1.29122     1.38308  0.00709606
        7383      1.2989     1.38307  0.00709511
        7384     1.30728     1.38306  0.00709415
        7385     1.31568     1.38305   0.0070932
        7386     1.32532     1.38304  0.00709224
        7387       1.335     1.38304  0.00709129
        7388      1.3469     1.38303  0.00709033
        7389      1.3591     1.38303  0.00708937
        7390     1.37257     1.38303  0.00708841
        7391     1.38658     1.38303  0.00708745
        7392     1.40182     1.38303  0.00708649
        7393     1.41778     1.38303  0.00708554
        7394     1.43347     1.38304  0.00708458
        7395     1.44954     1.38305  0.00708363
        7396     1.46689     1.38306  0.00708268
        7397     1.48425     1.38307  0.00708174
        7398     1.50248     1.38309   0.0070808
        7399     1.52099     1.38311  0.00707986
        7400     1.54015     1.38313  0.00707894
        7401     1.55936     1.38315  0.00707802
        7402     1.57774     1.38318  0.00707712
        7403     1.59636     1.38321  0.00707622
        7404     1.61411     1.38324  0.00707533
        7405     1.63179     1.38327  0.00707446
        7406     1.64805     1.38331  0.00707359
        7407     1.66394     1.38335  0.00707274
        7408     1.67835     1.38339  0.00707189
        7409     1.69236     1.38343  0.00707106
        7410     1.70488     1.38347  0.00707024
        7411     1.71605     1.38352  0.00706943
        7412     1.72603     1.38356  0.00706863
        7413     1.73405     1.38361  0.00706783
        7414     1.74053     1.38366  0.00706704
        7415     1.74545     1.38371  0.00706626
        7416     1.74931     1.38376  0.00706548
        7417     1.75115     1.38381   0.0070647
        7418     1.75175     1.38386  0.00706392
        7419     1.75115     1.38391  0.00706314
        7420     1.74919     1.38395  0.00706236
        7421     1.74595       1.384  0.00706158
        7422     1.74128     1.38405  0.00706079
        7423     1.73576      1.3841     0.00706
        7424     1.72902     1.38415   0.0070592
        7425     1.72116     1.38419  0.00705839
        7426     1.71277     1.38424  0.00705758
        7427     1.70398     1.38428  0.00705676
        7428      1.6944     1.38432  0.00705594
        7429     1.68464     1.38436   0.0070551
        7430     1.67503      1.3844  0.00705426
        7431     1.66377     1.38444  0.00705341
        7432     1.65337     1.38447  0.00705256
        7433     1.64297     1.38451  0.00705169
        7434     1.63267     1.38454  0.00705082
        7435     1.62282     1.38457  0.00704995
        7436     1.61206      1.3846  0.00704907
        7437     1.60265     1.38463  0.00704818
        7438     1.59398     1.38466  0.00704729
        7439     1.58516     1.38469  0.00704639
        7440     1.57771     1.38471  0.00704549
        7441       1.571     1.38474  0.00704459
        7442     1.56413     1.38476  0.00704369
        7443     1.55814     1.38479  0.00704278
        7444     1.55332     1.38481  0.00704187
        7445     1.54998     1.38483  0.00704096
        7446     1.54767     1.38485  0.00704005
        7447     1.54667     1.38488  0.00703913
        7448     1.54605      1.3849  0.00703822
        7449     1.54702     1.38492  0.00703731
        7450     1.54913     1.38494   0.0070364
        7451     1.55308     1.38496  0.00703549
        7452     1.55671     1.38499  0.00703459
        7453     1.56241     1.38501  0.00703368
        7454     1.56821     1.38503  0.00703278
        7455      1.5748     1.38506  0.00703188
        7456     1.58382     1.38509  0.00703099
        7457     1.59306     1.38511   0.0070301
        7458     1.60268     1.38514  0.00702922
        7459      1.6143     1.38517  0.00702835
        7460     1.62473     1.38521  0.00702748
        7461     1.63724     1.38524  0.00702662
        7462     1.65032     1.38528  0.00702577
        7463     1.66338     1.38531  0.00702492
        7464     1.67658     1.38535  0.00702409
        7465     1.69103     1.38539  0.00702327
        7466     1.70494     1.38544  0.00702246
        7467     1.71941     1.38548  0.00702166
        7468     1.73411     1.38553  0.00702088
        7469     1.74821     1.38558   0.0070201
        7470     1.76185     1.38563  0.00701934
        7471     1.77615     1.38568   0.0070186
        7472     1.78884     1.38573  0.00701787
        7473     1.80176     1.38579  0.00701715
        7474     1.81385     1.38585  0.00701644
        7475     1.82503      1.3859  0.00701575
        7476     1.83571     1.38596  0.00701507
        7477     1.84677     1.38603   0.0070144
        7478     1.85599     1.38609  0.00701375
        7479       1.865     1.38615   0.0070131
        7480      1.8716     1.38622  0.00701246
        7481     1.87718     1.38628  0.00701183
        7482     1.88221     1.38635  0.00701121
        7483      1.8862     1.38642  0.00701059
        7484     1.88937     1.38648  0.00700998
        7485     1.89175     1.38655  0.00700937
        7486     1.89262     1.38662  0.00700875
        7487      1.8925     1.38669  0.00700814
        7488     1.89119     1.38675  0.00700753
        7489     1.88872     1.38682  0.00700692
        7490     1.88636     1.38689   0.0070063
        7491     1.88345     1.38695  0.00700568
        7492     1.87907     1.38702  0.00700505
        7493     1.87354     1.38708  0.00700442
        7494     1.86861     1.38715  0.00700378
        7495     1.86244     1.38721  0.00700313
        7496     1.85579     1.38727  0.00700247
        7497     1.84899     1.38734  0.00700181
        7498     1.84209      1.3874  0.00700114
        7499     1.83443     1.38746  0.00700046
        7500     1.82654     1.38752  0.00699977
        7501     1.81896     1.38757  0.00699907
        7502     1.81051     1.38763  0.00699837
        7503     1.80124     1.38768  0.00699765
        7504     1.79334     1.38774  0.00699693
        7505     1.78489     1.38779   0.0069962
        7506     1.77616     1.38784  0.00699546
        7507     1.76691     1.38789  0.00699471
        7508     1.75857     1.38794  0.00699395
        7509     1.74994     1.38799  0.00699318
        7510     1.74099     1.38804  0.00699241
        7511     1.73196     1.38808  0.00699163
        7512     1.72353     1.38813  0.00699084
        7513     1.71497     1.38817  0.00699005
        7514     1.70625     1.38821  0.00698924
        7515     1.69686     1.38826  0.00698843
        7516     1.68703      1.3883  0.00698762
        7517     1.67796     1.38833  0.00698679
        7518     1.66771     1.38837  0.00698596
        7519     1.65797     1.38841  0.00698513
        7520     1.64804     1.38844  0.00698428
        7521     1.63698     1.38847  0.00698343
        7522      1.6258     1.38851  0.00698258
        7523     1.61574     1.38854  0.00698171
        7524     1.60519     1.38856  0.00698084
        7525     1.59493     1.38859  0.00697997
        7526     1.58431     1.38862  0.00697909
        7527     1.57462     1.38864  0.00697821
        7528     1.56425     1.38867  0.00697732
        7529      1.5545     1.38869  0.00697643
        7530     1.54545     1.38871  0.00697553
        7531     1.53716     1.38873  0.00697463
        7532     1.52972     1.38875  0.00697373
        7533     1.52271     1.38877  0.00697283
        7534     1.51593     1.38878  0.00697193
        7535      1.5104      1.3888  0.00697102
        7536     1.50543     1.38881  0.00697011
        7537     1.50081     1.38883   0.0069692
        7538     1.49751     1.38884  0.00696829
        7539     1.49506     1.38886  0.00696738
        7540     1.49345     1.38887  0.00696647
        7541     1.49244     1.38888  0.00696556
        7542       1.492      1.3889  0.00696465
        7543     1.49284     1.38891  0.00696374
        7544     1.49395     1.38893  0.00696283
        7545     1.49627     1.38894  0.00696192
        7546     1.49879     1.38896  0.00696102
        7547     1.50172     1.38897  0.00696011
        7548     1.50598     1.38899  0.00695921
        7549      1.5108       1.389   0.0069583
        7550     1.51614     1.38902   0.0069574
        7551     1.52147     1.38904   0.0069565
        7552     1.52747     1.38905  0.00695561
        7553     1.53338     1.38907  0.00695471
        7554     1.53961     1.38909  0.00695382
        7555     1.54638     1.38911  0.00695293
        7556     1.55315     1.38914  0.00695204
        7557     1.56108     1.38916  0.00695116
        7558     1.56917     1.38918  0.00695028
        7559     1.57712     1.38921  0.00694941
        7560      1.5849     1.38923  0.00694854
        7561     1.59292     1.38926  0.00694767
        7562     1.60092     1.38929  0.00694681
        7563     1.60833     1.38932  0.00694595
        7564     1.61536     1.38935  0.00694509
        7565     1.62242     1.38938  0.00694424
        7566     1.62874     1.38941   0.0069434
        7567     1.63591     1.38944  0.00694256
        7568     1.64219     1.38948  0.00694172
        7569     1.64726     1.38951  0.00694089
        7570     1.65175     1.38954  0.00694006
        7571      1.6575     1.38958  0.00693923
        7572     1.66201     1.38962  0.00693841
        7573      1.6647     1.38965  0.00693759
        7574     1.66692     1.38969  0.00693677
        7575     1.66736     1.38973  0.00693595
        7576     1.66665     1.38976  0.00693513
        7577     1.66566      1.3898  0.00693431
        7578     1.66237     1.38983  0.00693349
        7579     1.65864     1.38987  0.00693266
        7580     1.65392      1.3899  0.00693184
        7581     1.64552     1.38994    0.006931
        7582     1.63655     1.38997  0.00693017
        7583     1.62676        1.39  0.00692932
        7584     1.61473     1.39003  0.00692847
        7585     1.60193     1.39006  0.00692761
        7586     1.58795     1.39009  0.00692675
        7587     1.57215     1.39011  0.00692588
        7588     1.55488     1.39013    0.006925
        7589     1.53626     1.39015  0.00692411
        7590     1.51595     1.39017  0.00692322
        7591     1.49602     1.39018  0.00692232
        7592     1.47424     1.39019  0.00692142
        7593     1.45389      1.3902  0.00692051
        7594     1.43202     1.39021  0.00691961
        7595     1.41121     1.39021  0.00691869
        7596     1.38947     1.39021  0.00691778
        7597     1.36767     1.39021  0.00691687
        7598     1.34622      1.3902  0.00691597
        7599      1.3243     1.39019  0.00691506
        7600     1.30397     1.39018  0.00691416
        7601     1.28439     1.39017  0.00691327
        7602     1.26495     1.39015  0.00691238
        7603      1.2472     1.39013  0.00691149
        7604     1.23147     1.39011  0.00691061
        7605      1.2159     1.39009  0.00690974
        7606     1.20176     1.39006  0.00690888
        7607     1.18837     1.39004  0.00690802
        7608      1.1765     1.39001  0.00690717
        7609     1.16617     1.38998  0.00690633
        7610     1.15763     1.38995  0.00690549
        7611     1.15065     1.38992  0.00690465
        7612      1.1433     1.38988  0.00690382
        7613     1.13798     1.38985  0.00690299
        7614      1.1337     1.38982  0.00690217
        7615     1.13091     1.38978  0.00690134
        7616     1.12886     1.38975  0.00690052
        7617     1.13014     1.38971   0.0068997
        7618     1.13182     1.38968  0.00689888
        7619     1.13362     1.38965  0.00689806
        7620      1.1374     1.38961  0.00689723
        7621     1.14093     1.38958   0.0068964
        7622     1.14488     1.38955  0.00689557
        7623     1.15013     1.38952  0.00689474
        7624     1.15614     1.38949   0.0068939
        7625     1.16356     1.38946  0.00689306
        7626     1.17136     1.38943  0.00689222
        7627     1.17972      1.3894  0.00689137
        7628     1.18832     1.38938  0.00689052
        7629     1.19854     1.38935  0.00688966
        7630     1.20791     1.38933   0.0068888
        7631     1.21782      1.3893  0.00688793
        7632      1.2282     1.38928  0.00688706
        7633     1.23851     1.38926  0.00688619
        7634     1.24967     1.38924  0.00688531
        7635      1.2597     1.38923  0.00688443
        7636     1.27024     1.38921  0.00688354
        7637     1.28101      1.3892  0.00688266
        7638     1.29149     1.38919  0.00688177
        7639     1.30141     1.38917  0.00688088
        7640      1.3117     1.38916  0.00687998
        7641     1.32184     1.38915  0.00687909
        7642     1.33205     1.38915  0.00687819
        7643     1.34183     1.38914  0.00687729
        7644     1.35091     1.38914   0.0068764
        7645     1.35951     1.38913   0.0068755
        7646     1.36785     1.38913   0.0068746
        7647     1.37664     1.38913   0.0068737
        7648     1.38465     1.38913   0.0068728
        7649     1.39211     1.38913   0.0068719
        7650     1.39971     1.38913  0.00687101
        7651     1.40721     1.38913  0.00687011
        7652     1.41457     1.38913  0.00686921
        7653     1.42083     1.38914  0.00686831
        7654     1.42693     1.38914  0.00686742
        7655     1.43286     1.38915  0.00686652
        7656     1.43788     1.38916  0.00686563
        7657     1.44296     1.38916  0.00686474
        7658     1.44712     1.38917  0.00686384
        7659     1.45084     1.38918  0.00686295
        7660     1.45508     1.38919  0.00686206
        7661     1.45794      1.3892  0.00686117
        7662     1.46133     1.38921  0.00686028
        7663     1.46335     1.38922   0.0068594
        7664      1.4657     1.38923  0.00685851
        7665     1.46743     1.38924  0.00685762
        7666     1.46929     1.38925  0.00685673
        7667     1.46984     1.38926  0.00685585
        7668     1.47056     1.38927  0.00685496
        7669     1.47074     1.38928  0.00685408
        7670      1.4716     1.38929  0.00685319
        7671     1.47122      1.3893  0.00685231
        7672      1.4708     1.38931  0.00685142
        7673     1.46988     1.38932  0.00685054
        7674     1.46939     1.38933  0.00684965
        7675     1.46909     1.38934  0.00684877
        7676     1.46751     1.38935  0.00684788
        7677     1.46582     1.38936    0.006847
        7678     1.46352     1.38937  0.00684611
        7679     1.46055     1.38938  0.00684523
        7680     1.45737     1.38939  0.00684434
        7681      1.4532      1.3894  0.00684346
        7682     1.44874      1.3894  0.00684257
        7683     1.44394     1.38941  0.00684168
        7684      1.4383     1.38942  0.00684079
        7685     1.43229     1.38942  0.00683991
        7686     1.42614     1.38943  0.00683902
        7687     1.41816     1.38943  0.00683813
        7688     1.41055     1.38944  0.00683724
        7689     1.40214     1.38944  0.00683635
        7690     1.39272     1.38944  0.00683546
        7691     1.38309     1.38944  0.00683457
        7692     1.37308     1.38943  0.00683369
        7693     1.36327     1.38943   0.0068328
        7694     1.35278     1.38943  0.00683191
        7695     1.34244     1.38942  0.00683103
        7696     1.33187     1.38941  0.00683014
        7697     1.32118      1.3894  0.00682926
        7698     1.31168     1.38939  0.00682838
        7699     1.30227     1.38938   0.0068275
        7700     1.29282     1.38937  0.00682663
        7701     1.28365     1.38936  0.00682576
        7702     1.27558     1.38934  0.00682489
        7703     1.26748     1.38933  0.00682402
        7704     1.26062     1.38931  0.00682315
        7705      1.2548     1.38929  0.00682229
        7706     1.24983     1.38927  0.00682143
        7707     1.24599     1.38925  0.00682057
        7708     1.24352     1.38924  0.00681971
        7709     1.24146     1.38922  0.00681885
        7710     1.23933      1.3892    0.006818
        7711      1.2395     1.38918  0.00681714
        7712     1.24049     1.38916  0.00681628
        7713      1.2413     1.38914  0.00681543
        7714     1.24258     1.38912  0.00681457
        7715     1.24498      1.3891  0.00681371
        7716     1.24892     1.38908  0.00681285
        7717     1.25309     1.38907  0.00681199
        7718      1.2574     1.38905  0.00681113
        7719     1.26127     1.38903  0.00681027
        7720     1.26556     1.38902  0.00680941
        7721     1.27136       1.389  0.00680854
        7722     1.27593     1.38899  0.00680767
        7723     1.27965     1.38897  0.00680681
        7724      1.2829     1.38896  0.00680594
        7725     1.28655     1.38895  0.00680507
        7726     1.29002     1.38893   0.0068042
        7727      1.2935     1.38892  0.00680333
        7728     1.29571     1.38891  0.00680246
        7729     1.29756      1.3889  0.00680159
        7730      1.2988     1.38888  0.00680072
        7731     1.29963     1.38887  0.00679986
        7732     1.29958     1.38886  0.00679899
        7733     1.29868     1.38885  0.00679812
        7734     1.29743     1.38884  0.00679725
        7735     1.29567     1.38883  0.00679638
        7736      1.2932     1.38881  0.00679551
        7737     1.28987      1.3888  0.00679465
        7738     1.28699     1.38879  0.00679378
        7739     1.28368     1.38877  0.00679292
        7740     1.28006     1.38876  0.00679205
        7741     1.27696     1.38875  0.00679119
        7742     1.27327     1.38873  0.00679033
        7743     1.27008     1.38872  0.00678947
        7744     1.26748      1.3887  0.00678861
        7745     1.26532     1.38868  0.00678775
        7746     1.26369     1.38867   0.0067869
        7747      1.2629     1.38865  0.00678604
        7748     1.26228     1.38863  0.00678518
        7749     1.26309     1.38862  0.00678433
        7750     1.26489      1.3886  0.00678347
        7751     1.26767     1.38859  0.00678261
        7752     1.27003     1.38857  0.00678176
        7753     1.27362     1.38856   0.0067809
        7754     1.27821     1.38854  0.00678004
        7755     1.28279     1.38853  0.00677918
        7756     1.28782     1.38852  0.00677832
        7757     1.29373      1.3885  0.00677745
        7758     1.30143     1.38849  0.00677659
        7759     1.30917     1.38848  0.00677572
        7760     1.31763     1.38847  0.00677486
        7761     1.32624     1.38847  0.00677399
        7762     1.33542     1.38846  0.00677312
        7763     1.34485     1.38845  0.00677225
        7764     1.35399     1.38845  0.00677138
        7765       1.363     1.38845  0.00677051
        7766     1.37132     1.38844  0.00676964
        7767     1.38009     1.38844  0.00676876
        7768     1.38972     1.38844  0.00676789
        7769     1.39797     1.38844  0.00676702
        7770     1.40526     1.38845  0.00676615
        7771     1.41369     1.38845  0.00676528
        7772     1.42129     1.38845  0.00676441
        7773     1.42894     1.38846  0.00676354
        7774     1.43587     1.38846  0.00676268
        7775     1.44131     1.38847  0.00676181
        7776      1.4481     1.38848  0.00676094
        7777     1.45354     1.38849  0.00676008
        7778     1.45856      1.3885  0.00675922
        7779     1.46286     1.38851  0.00675835
        7780     1.46641     1.38852  0.00675749
        7781     1.46918     1.38853  0.00675663
        7782     1.47066     1.38854  0.00675577
        7783     1.47179     1.38855  0.00675491
        7784     1.47231     1.38856  0.00675405
        7785      1.4722     1.38857   0.0067532
        7786     1.47098     1.38858  0.00675234
        7787     1.46793     1.38859  0.00675148
        7788     1.46452      1.3886  0.00675062
        7789     1.46003     1.38861  0.00674976
        7790      1.4545     1.38862   0.0067489
        7791     1.44795     1.38862  0.00674803
        7792     1.43996     1.38863  0.00674717
        7793      1.4325     1.38864  0.00674631
        7794     1.42467     1.38864  0.00674544
        7795     1.41629     1.38864  0.00674458
        7796     1.40696     1.38865  0.00674371
        7797     1.39675     1.38865  0.00674285
        7798     1.38623     1.38865  0.00674198
        7799     1.37572     1.38865  0.00674112
        7800      1.3658     1.38864  0.00674026
        7801     1.35509     1.38864  0.00673939
        7802     1.34466     1.38863  0.00673853
        7803     1.33411     1.38863  0.00673767
        7804     1.32375     1.38862  0.00673681
        7805     1.31465     1.38861  0.00673596
        7806     1.30542      1.3886   0.0067351
        7807     1.29662     1.38859  0.00673425
        7808     1.28929     1.38857   0.0067334
        7809     1.28155     1.38856  0.00673255
        7810     1.27467     1.38855  0.00673171
        7811     1.26798     1.38853  0.00673086
        7812       1.262     1.38851  0.00673002
        7813     1.25772      1.3885  0.00672918
        7814     1.25399     1.38848  0.00672834
        7815     1.25035     1.38846   0.0067275
        7816     1.24825     1.38844  0.00672667
        7817       1.247     1.38843  0.00672583
        7818     1.24613     1.38841  0.00672499
        7819      1.2454     1.38839  0.00672416
        7820     1.24626     1.38837  0.00672332
        7821     1.24799     1.38835  0.00672249
        7822     1.25131     1.38834  0.00672165
        7823     1.25428     1.38832  0.00672081
        7824     1.25835      1.3883  0.00671997
        7825     1.26325     1.38829  0.00671914
        7826     1.26922     1.38827  0.00671829
        7827     1.27647     1.38826  0.00671745
        7828     1.28403     1.38824  0.00671661
        7829     1.29259     1.38823  0.00671576
        7830     1.30164     1.38822  0.00671491
        7831     1.31163     1.38821  0.00671406
        7832     1.32205      1.3882  0.00671321
        7833     1.33287     1.38819  0.00671235
        7834      1.3438     1.38819   0.0067115
        7835     1.35625     1.38818  0.00671064
        7836     1.36872     1.38818  0.00670979
        7837     1.38117     1.38818  0.00670893
        7838     1.39451     1.38818  0.00670808
        7839     1.40845     1.38819  0.00670722
        7840     1.42294     1.38819  0.00670637
        7841     1.43768      1.3882  0.00670552
        7842     1.45142      1.3882  0.00670467
        7843     1.46625     1.38821  0.00670382
        7844      1.4819     1.38823  0.00670297
        7845     1.49735     1.38824  0.00670213
        7846     1.51159     1.38826   0.0067013
        7847     1.52555     1.38827  0.00670047
        7848     1.54038     1.38829  0.00669964
        7849     1.55461     1.38831  0.00669882
        7850     1.56965     1.38834  0.00669801
        7851     1.58453     1.38836   0.0066972
        7852     1.59802     1.38839   0.0066964
        7853     1.61107     1.38842  0.00669561
        7854     1.62512     1.38845  0.00669482
        7855     1.63776     1.38848  0.00669405
        7856      1.6519     1.38851  0.00669328
        7857     1.66513     1.38855  0.00669252
        7858      1.6782     1.38858  0.00669177
        7859     1.69088     1.38862  0.00669103
        7860     1.70391     1.38866   0.0066903
        7861     1.71682      1.3887  0.00668958
        7862     1.72893     1.38875  0.00668887
        7863     1.74121     1.38879  0.00668816
        7864     1.75369     1.38884  0.00668748
        7865     1.76492     1.38889   0.0066868
        7866     1.77806     1.38894  0.00668613
        7867     1.79047     1.38899  0.00668547
        7868     1.80264     1.38904  0.00668483
        7869     1.81456     1.38909   0.0066842
        7870      1.8272     1.38915  0.00668358
        7871     1.83983     1.38921  0.00668298
        7872     1.85195     1.38927  0.00668239
        7873     1.86403     1.38933  0.00668181
        7874     1.87628     1.38939  0.00668125
        7875     1.88797     1.38945   0.0066807
        7876     1.89978     1.38952  0.00668017
        7877     1.91169     1.38958  0.00667965
        7878     1.92415     1.38965  0.00667914
        7879     1.93568     1.38972  0.00667866
        7880     1.94698     1.38979  0.00667818
        7881     1.95874     1.38986  0.00667773
        7882     1.96997     1.38994  0.00667728
        7883     1.98017     1.39001  0.00667686
        7884     1.99053     1.39009  0.00667644
        7885     2.00007     1.39016  0.00667605
        7886     2.00974     1.39024  0.00667566
        7887     2.01857     1.39032  0.00667529
        7888     2.02704      1.3904  0.00667493
        7889     2.03492     1.39048  0.00667459
        7890     2.04245     1.39057  0.00667425
        7891     2.05085     1.39065  0.00667393
        7892     2.05941     1.39074  0.00667362
        7893     2.06623     1.39082  0.00667333
        7894     2.07276     1.39091  0.00667304
        7895     2.07879     1.39099  0.00667276
        7896     2.08529     1.39108   0.0066725
        7897     2.09157     1.39117  0.00667224
        7898     2.09741     1.39126    0.006672
        7899     2.10306     1.39135  0.00667176
        7900     2.10852     1.39144  0.00667153
        7901     2.11381     1.39153  0.00667132
        7902     2.11917     1.39163  0.00667111
        7903      2.1241     1.39172  0.00667091
        7904     2.12859     1.39181  0.00667071
        7905      2.1331     1.39191  0.00667053
        7906     2.13687       1.392  0.00667035
        7907     2.14059     1.39209  0.00667018
        7908     2.14324     1.39219  0.00667001
        7909     2.14622     1.39228  0.00666985
        7910     2.14921     1.39238  0.00666969
        7911     2.15143     1.39248  0.00666954
        7912     2.15306     1.39257  0.00666939
        7913     2.15328     1.39267  0.00666924
        7914     2.15298     1.39276  0.00666909
        7915     2.15161     1.39286  0.00666894
        7916     2.14957     1.39296  0.00666878
        7917     2.14657     1.39305  0.00666862
        7918     2.14325     1.39315  0.00666845
        7919     2.13861     1.39324  0.00666827
        7920     2.13286     1.39333  0.00666808
        7921     2.12597     1.39343  0.00666788
        7922     2.11768     1.39352  0.00666766
        7923     2.10826     1.39361  0.00666743
        7924     2.09819      1.3937  0.00666719
        7925     2.08658     1.39378  0.00666692
        7926      2.0749     1.39387  0.00666663
        7927     2.06204     1.39395  0.00666632
        7928     2.04784     1.39404  0.00666599
        7929     2.03265     1.39412  0.00666564
        7930     2.01656      1.3942  0.00666526
        7931     1.99995     1.39427  0.00666486
        7932      1.9839     1.39435  0.00666443
        7933     1.96709     1.39442  0.00666398
        7934     1.95063     1.39449  0.00666351
        7935     1.93342     1.39456  0.00666302
        7936     1.91656     1.39462   0.0066625
        7937     1.89993     1.39469  0.00666197
        7938     1.88364     1.39475  0.00666141
        7939     1.86802     1.39481  0.00666084
        7940     1.85268     1.39486  0.00666025
        7941     1.83819     1.39492  0.00665964
        7942     1.82461     1.39497  0.00665903
        7943     1.81126     1.39503  0.00665839
        7944     1.79892     1.39508  0.00665775
        7945     1.78688     1.39513  0.00665709
        7946     1.77514     1.39518  0.00665643
        7947     1.76468     1.39522  0.00665575
        7948     1.75524     1.39527  0.00665507
        7949      1.7475     1.39531  0.00665438
        7950     1.73926     1.39535  0.00665368
        7951     1.73217      1.3954  0.00665298
        7952     1.72544     1.39544  0.00665227
        7953     1.71972     1.39548  0.00665156
        7954     1.71447     1.39552  0.00665085
        7955      1.7096     1.39556  0.00665013
        7956     1.70384      1.3956  0.00664941
        7957     1.69999     1.39564  0.00664868
        7958     1.69484     1.39567  0.00664795
        7959     1.68999     1.39571  0.00664722
        7960     1.68583     1.39575  0.00664648
        7961     1.68085     1.39578  0.00664575
        7962     1.67592     1.39582    0.006645
        7963     1.67025     1.39585  0.00664426
        7964     1.66402     1.39589  0.00664351
        7965     1.65812     1.39592  0.00664276
        7966     1.65179     1.39595    0.006642
        7967      1.6445     1.39598  0.00664124
        7968     1.63669     1.39601  0.00664048
        7969     1.62859     1.39604  0.00663971
        7970     1.62018     1.39607  0.00663893
        7971     1.61193      1.3961  0.00663816
        7972     1.60243     1.39612  0.00663737
        7973     1.59264     1.39615  0.00663659
        7974     1.58212     1.39617   0.0066358
        7975     1.57212     1.39619    0.006635
        7976     1.56075     1.39621   0.0066342
        7977     1.54906     1.39623   0.0066334
        7978     1.53686     1.39625  0.00663259
        7979     1.52471     1.39627  0.00663178
        7980     1.51343     1.39628  0.00663096
        7981      1.5014     1.39629  0.00663014
        7982     1.48896     1.39631  0.00662932
        7983     1.47644     1.39632   0.0066285
        7984     1.46513     1.39632  0.00662768
        7985     1.45344     1.39633  0.00662685
        7986      1.4424     1.39634  0.00662602
        7987     1.43113     1.39634  0.00662519
        7988     1.42092     1.39634  0.00662437
        7989     1.41134     1.39635  0.00662354
        7990     1.40317     1.39635  0.00662271
        7991     1.39501     1.39635  0.00662188
        7992     1.38762     1.39635  0.00662105
        7993     1.38128     1.39634  0.00662022
        7994       1.376     1.39634  0.00661939
        7995     1.37106     1.39634  0.00661857
        7996     1.36622     1.39633  0.00661774
        7997     1.36219     1.39633  0.00661691
        7998     1.35919     1.39633  0.00661609
        7999     1.35841     1.39632  0.00661526
        8000     1.35741     1.39632  0.00661444
        8001     1.35734     1.39631  0.00661361
        8002     1.35744     1.39631  0.00661279
        8003     1.35888      1.3963  0.00661196
        8004     1.36039      1.3963  0.00661114
        8005     1.36242     1.39629  0.00661032
        8006     1.36515     1.39629  0.00660949
        8007     1.36782     1.39629  0.00660867
        8008      1.3711     1.39628  0.00660784
        8009     1.37519     1.39628  0.00660702
        8010     1.37909     1.39628  0.00660619
        8011     1.38397     1.39628  0.00660537
        8012     1.38883     1.39628  0.00660454
        8013     1.39364     1.39627  0.00660372
        8014      1.3991     1.39628   0.0066029
        8015     1.40375     1.39628  0.00660207
        8016     1.40998     1.39628  0.00660125
        8017     1.41537     1.39628  0.00660043
        8018     1.42112     1.39628   0.0065996
        8019     1.42722     1.39629  0.00659878
        8020     1.43294     1.39629  0.00659796
        8021     1.43876      1.3963  0.00659714
        8022     1.44443      1.3963  0.00659632
        8023     1.45043     1.39631   0.0065955
        8024     1.45794     1.39632  0.00659468
        8025     1.46409     1.39633  0.00659387
        8026     1.47028     1.39634  0.00659305
        8027     1.47627     1.39635  0.00659224
        8028     1.48227     1.39636  0.00659143
        8029     1.48874     1.39637  0.00659061
        8030     1.49467     1.39638  0.00658981
        8031     1.50147     1.39639    0.006589
        8032     1.50742     1.39641  0.00658819
        8033      1.5127     1.39642  0.00658739
        8034     1.51822     1.39644  0.00658659
        8035     1.52464     1.39645  0.00658578
        8036     1.53093     1.39647  0.00658499
        8037     1.53509     1.39649  0.00658419
        8038     1.53851      1.3965  0.00658339
        8039      1.5416     1.39652   0.0065826
        8040     1.54429     1.39654  0.00658181
        8041     1.54604     1.39656  0.00658101
        8042     1.54752     1.39658  0.00658022
        8043     1.54844      1.3966  0.00657943
        8044     1.54806     1.39662  0.00657864
        8045     1.54684     1.39663  0.00657785
        8046     1.54404     1.39665  0.00657706
        8047     1.54186     1.39667  0.00657627
        8048     1.53864     1.39669  0.00657547
        8049     1.53346      1.3967  0.00657468
        8050     1.52808     1.39672  0.00657388
        8051     1.52256     1.39674  0.00657308
        8052     1.51651     1.39675  0.00657228
        8053     1.51004     1.39677  0.00657148
        8054     1.50325     1.39678  0.00657068
        8055     1.49624     1.39679  0.00656988
        8056     1.48913      1.3968  0.00656907
        8057     1.48177     1.39681  0.00656826
        8058     1.47379     1.39682  0.00656745
        8059     1.46698     1.39683  0.00656665
        8060     1.46069     1.39684  0.00656584
        8061       1.455     1.39685  0.00656502
        8062     1.44901     1.39685  0.00656421
        8063     1.44444     1.39686   0.0065634
        8064     1.43942     1.39686  0.00656259
        8065     1.43515     1.39687  0.00656178
        8066     1.43094     1.39687  0.00656097
        8067       1.427     1.39688  0.00656015
        8068     1.42404     1.39688  0.00655934
        8069     1.42178     1.39688  0.00655853
        8070     1.41969     1.39689  0.00655772
        8071     1.41844     1.39689  0.00655691
        8072     1.41797     1.39689  0.00655609
        8073     1.41674     1.39689  0.00655528
        8074     1.41612      1.3969  0.00655447
        8075     1.41531      1.3969  0.00655366
        8076     1.41421      1.3969  0.00655285
        8077     1.41223      1.3969  0.00655204
        8078     1.41025      1.3969  0.00655123
        8079     1.40816     1.39691  0.00655042
        8080     1.40588     1.39691  0.00654961
        8081     1.40306     1.39691  0.00654879
        8082     1.39987     1.39691  0.00654798
        8083     1.39597     1.39691  0.00654717
        8084      1.3918     1.39691  0.00654636
        8085      1.3863     1.39691  0.00654555
        8086     1.37968      1.3969  0.00654475
        8087     1.37262      1.3969  0.00654394
        8088     1.36437      1.3969  0.00654313
        8089     1.35467     1.39689  0.00654232
        8090     1.34449     1.39689  0.00654152
        8091      1.3336     1.39688  0.00654071
        8092     1.32107     1.39687  0.00653991
        8093     1.30668     1.39686  0.00653911
        8094     1.29291     1.39684  0.00653832
        8095     1.27789     1.39683  0.00653753
        8096     1.26171     1.39681  0.00653674
        8097      1.2454     1.39679  0.00653596
        8098     1.22859     1.39677  0.00653519
        8099     1.21162     1.39675  0.00653442
        8100     1.19411     1.39673  0.00653366
        8101     1.17738      1.3967  0.00653291
        8102     1.16058     1.39667  0.00653217
        8103     1.14336     1.39664  0.00653144
        8104     1.12583      1.3966  0.00653072
        8105     1.10931     1.39657  0.00653001
        8106     1.09223     1.39653  0.00652931
        8107     1.07614     1.39649  0.00652862
        8108     1.06044     1.39645  0.00652795
        8109     1.04545     1.39641  0.00652729
        8110     1.03104     1.39636  0.00652664
        8111     1.01729     1.39632    0.006526
        8112     1.00524     1.39627  0.00652538
        8113    0.993745     1.39622  0.00652476
        8114    0.983123     1.39617  0.00652415
        8115    0.974385     1.39611  0.00652356
        8116     0.96685     1.39606  0.00652297
        8117    0.960793     1.39601  0.00652238
        8118    0.955274     1.39595  0.00652181
        8119    0.951272      1.3959  0.00652123
        8120    0.949034     1.39584  0.00652066
        8121    0.947352     1.39579  0.00652009
        8122    0.947179     1.39573  0.00651952
        8123     0.94753     1.39568  0.00651896
        8124    0.950307     1.39562  0.00651838
        8125    0.954277     1.39557  0.00651781
        8126    0.958677     1.39552  0.00651723
        8127    0.964422     1.39546  0.00651664
        8128    0.972186     1.39541  0.00651605
        8129    0.980713     1.39536  0.00651545
        8130    0.989225     1.39531  0.00651484
        8131    0.999104     1.39526  0.00651422
        8132      1.0098     1.39521  0.00651359
        8133     1.02174     1.39517  0.00651295
        8134     1.03316     1.39512   0.0065123
        8135     1.04639     1.39508  0.00651164
        8136     1.05994     1.39504  0.00651097
        8137     1.07324       1.395  0.00651029
        8138      1.0872     1.39496   0.0065096
        8139     1.10223     1.39493   0.0065089
        8140     1.11802     1.39489  0.00650819
        8141     1.13281     1.39486  0.00650747
        8142     1.14801     1.39483  0.00650674
        8143      1.1633      1.3948    0.006506
        8144     1.17813     1.39477  0.00650526
        8145     1.19343     1.39475  0.00650451
        8146      1.2089     1.39473  0.00650375
        8147     1.22447     1.39471  0.00650298
        8148      1.2401     1.39469  0.00650221
        8149     1.25454     1.39467  0.00650144
        8150     1.26918     1.39465  0.00650066
        8151      1.2835     1.39464  0.00649988
        8152     1.29698     1.39463  0.00649909
        8153      1.3098     1.39462   0.0064983
        8154     1.32266     1.39461  0.00649751
        8155     1.33527      1.3946  0.00649672
        8156     1.34736      1.3946  0.00649592
        8157     1.35791     1.39459  0.00649513
        8158     1.36883     1.39459  0.00649433
        8159     1.37767     1.39459  0.00649354
        8160     1.38729     1.39459  0.00649274
        8161     1.39646     1.39459  0.00649195
        8162     1.40419     1.39459  0.00649115
        8163     1.41143     1.39459  0.00649036
        8164     1.41695     1.39459  0.00648956
        8165     1.42291     1.39459  0.00648877
        8166     1.42786      1.3946  0.00648798
        8167     1.43301      1.3946  0.00648718
        8168     1.43691     1.39461  0.00648639
        8169     1.43958     1.39461   0.0064856
        8170     1.44176     1.39462  0.00648481
        8171     1.44301     1.39463  0.00648402
        8172     1.44334     1.39463  0.00648323
        8173     1.44305     1.39464  0.00648244
        8174     1.44242     1.39464  0.00648164
        8175     1.44174     1.39465  0.00648085
        8176     1.44058     1.39466  0.00648006
        8177     1.43878     1.39466  0.00647927
        8178     1.43638     1.39467  0.00647848
        8179     1.43395     1.39467  0.00647769
        8180     1.43034     1.39467   0.0064769
        8181      1.4266     1.39468  0.00647611
        8182     1.42398     1.39468  0.00647532
        8183     1.42137     1.39469  0.00647453
        8184     1.41786     1.39469  0.00647374
        8185     1.41498     1.39469  0.00647295
        8186     1.41253     1.39469  0.00647216
        8187     1.41011      1.3947  0.00647137
        8188     1.40897      1.3947  0.00647058
        8189     1.40748      1.3947  0.00646979
        8190     1.40664      1.3947    0.006469
        8191      1.4053      1.3947  0.00646821
        8192     1.40468      1.3947  0.00646742
        8193     1.40458      1.3947  0.00646663
        8194     1.40549      1.3947  0.00646584
        8195     1.40791     1.39471  0.00646505
        8196      1.4099     1.39471  0.00646427
        8197     1.41315     1.39471  0.00646348
        8198     1.41619     1.39471  0.00646269
        8199     1.41974     1.39472   0.0064619
        8200     1.42352     1.39472  0.00646111
        8201     1.42725     1.39472  0.00646033
        8202     1.43137     1.39473  0.00645954
        8203     1.43681     1.39473  0.00645876
        8204     1.44181     1.39474  0.00645797
        8205     1.44729     1.39475  0.00645719
        8206     1.45271     1.39475   0.0064564
        8207     1.45801     1.39476  0.00645562
        8208     1.46408     1.39477  0.00645484
        8209      1.4699     1.39478  0.00645406
        8210     1.47613     1.39479  0.00645328
        8211     1.48125      1.3948  0.00645251
        8212     1.48739     1.39481  0.00645173
        8213      1.4928     1.39482  0.00645096
        8214     1.49743     1.39483  0.00645018
        8215     1.50172     1.39485  0.00644941
        8216     1.50586     1.39486  0.00644864
        8217     1.50911     1.39487  0.00644787
        8218     1.51239     1.39489   0.0064471
        8219     1.51544      1.3949  0.00644633
        8220     1.51777     1.39492  0.00644557
        8221      1.5196     1.39493   0.0064448
        8222     1.52069     1.39495  0.00644403
        8223     1.52129     1.39496  0.00644327
        8224     1.52211     1.39498   0.0064425
        8225     1.52244       1.395  0.00644174
        8226     1.52181     1.39501  0.00644097
        8227     1.52098     1.39503  0.00644021
        8228     1.51923     1.39504  0.00643944
        8229     1.51706     1.39506  0.00643868
        8230       1.515     1.39507  0.00643791
        8231     1.51209     1.39508  0.00643715
        8232     1.50861      1.3951  0.00643638
        8233     1.50554     1.39511  0.00643561
        8234      1.5022     1.39512  0.00643484
        8235     1.49861     1.39514  0.00643407
        8236     1.49456     1.39515   0.0064333
        8237     1.49031     1.39516  0.00643253
        8238     1.48517     1.39517  0.00643176
        8239     1.48134     1.39518  0.00643099
        8240     1.47619     1.39519  0.00643022
        8241     1.47191      1.3952  0.00642944
        8242     1.46684     1.39521  0.00642867
        8243     1.46148     1.39522  0.00642789
        8244     1.45633     1.39523  0.00642712
        8245     1.45069     1.39523  0.00642634
        8246     1.44553     1.39524  0.00642557
        8247      1.4404     1.39524  0.00642479
        8248      1.4358     1.39525  0.00642401
        8249     1.43197     1.39525  0.00642324
        8250     1.42725     1.39526  0.00642246
        8251     1.42335     1.39526  0.00642168
        8252     1.41931     1.39526   0.0064209
        8253     1.41468     1.39527  0.00642013
        8254     1.41018     1.39527  0.00641935
        8255     1.40585     1.39527  0.00641857
        8256     1.40241     1.39527  0.00641779
        8257     1.39894     1.39527  0.00641702
        8258     1.39544     1.39527  0.00641624
        8259     1.39241     1.39527  0.00641546
        8260     1.38963     1.39527  0.00641469
        8261     1.38616     1.39527  0.00641391
        8262     1.38393     1.39527  0.00641313
        8263     1.38128     1.39527  0.00641236
        8264     1.37917     1.39526  0.00641158
        8265     1.37737     1.39526  0.00641081
        8266     1.37637     1.39526  0.00641003
        8267     1.37545     1.39526  0.00640926
        8268     1.37531     1.39525  0.00640848
        8269     1.37474     1.39525  0.00640771
        8270     1.37445     1.39525  0.00640693
        8271     1.37417     1.39525  0.00640616
        8272     1.37482     1.39524  0.00640538
        8273     1.37563     1.39524  0.00640461
        8274     1.37632     1.39524  0.00640384
        8275     1.37779     1.39524  0.00640306
        8276     1.37877     1.39524  0.00640229
        8277     1.37991     1.39523  0.00640152
        8278     1.38066     1.39523  0.00640074
        8279     1.38095     1.39523  0.00639997
        8280     1.38092     1.39523   0.0063992
        8281     1.38029     1.39523  0.00639843
        8282     1.37992     1.39522  0.00639765
        8283     1.37857     1.39522  0.00639688
        8284     1.37665     1.39522  0.00639611
        8285     1.37387     1.39522  0.00639534
        8286     1.37095     1.39521  0.00639457
        8287     1.36664     1.39521   0.0063938
        8288     1.36241     1.39521  0.00639303
        8289     1.35753      1.3952  0.00639226
        8290     1.35182      1.3952  0.00639149
        8291     1.34532     1.39519  0.00639072
        8292     1.33856     1.39518  0.00638995
        8293     1.33115     1.39518  0.00638919
        8294     1.32485     1.39517  0.00638842
        8295     1.31735     1.39516  0.00638766
        8296     1.30994     1.39515   0.0063869
        8297     1.30153     1.39514  0.00638614
        8298     1.29365     1.39513  0.00638538
        8299     1.28617     1.39511  0.00638462
        8300     1.27893      1.3951  0.00638387
        8301     1.27154     1.39508  0.00638312
        8302     1.26456     1.39507  0.00638237
        8303     1.25853     1.39505  0.00638162
        8304     1.25254     1.39503  0.00638087
        8305     1.24738     1.39502  0.00638013
        8306     1.24188       1.395  0.00637939
        8307     1.23774     1.39498  0.00637865
        8308     1.23451     1.39496  0.00637791
        8309     1.23146     1.39494  0.00637717
        8310     1.22837     1.39492  0.00637644
        8311     1.22762      1.3949   0.0063757
        8312     1.22633     1.39488  0.00637497
        8313     1.22616     1.39486  0.00637423
        8314     1.22708     1.39484   0.0063735
        8315     1.22763     1.39482  0.00637276
        8316     1.22897      1.3948  0.00637203
        8317     1.23108     1.39478  0.00637129
        8318     1.23391     1.39476  0.00637056
        8319     1.23647     1.39474  0.00636982
        8320     1.24041     1.39472  0.00636908
        8321       1.244      1.3947  0.00636834
        8322     1.24816     1.39469   0.0063676
        8323     1.25334     1.39467  0.00636686
        8324      1.2583     1.39465  0.00636611
        8325     1.26371     1.39464  0.00636537
        8326     1.26882     1.39462  0.00636462
        8327      1.2736     1.39461  0.00636387
        8328     1.27921     1.39459  0.00636313
        8329      1.2849     1.39458  0.00636237
        8330     1.29086     1.39457  0.00636162
        8331     1.29636     1.39456  0.00636087
        8332     1.30182     1.39455  0.00636012
        8333     1.30699     1.39453  0.00635936
        8334     1.31255     1.39452  0.00635861
        8335     1.31798     1.39452  0.00635785
        8336     1.32278     1.39451  0.00635709
        8337     1.32812      1.3945  0.00635634
        8338     1.33277     1.39449  0.00635558
        8339     1.33742     1.39448  0.00635482
        8340     1.34182     1.39448  0.00635406
        8341      1.3457     1.39447   0.0063533
        8342     1.35001     1.39447  0.00635254
        8343     1.35354     1.39446  0.00635178
        8344     1.35629     1.39446  0.00635102
        8345     1.36018     1.39445  0.00635026
        8346      1.3633     1.39445   0.0063495
        8347     1.36541     1.39445  0.00634874
        8348     1.36701     1.39444  0.00634798
        8349     1.36838     1.39444  0.00634722
        8350     1.37025     1.39444  0.00634647
        8351     1.37123     1.39443  0.00634571
        8352      1.3723     1.39443  0.00634495
        8353     1.37472     1.39443  0.00634419
        8354     1.37538     1.39443  0.00634343
        8355     1.37675     1.39443  0.00634267
        8356     1.37765     1.39442  0.00634191
        8357     1.37859     1.39442  0.00634115
        8358     1.37985     1.39442  0.00634039
        8359     1.38023     1.39442  0.00633964
        8360     1.38072     1.39442  0.00633888
        8361     1.38252     1.39441  0.00633812
        8362     1.38417     1.39441  0.00633736
        8363     1.38614     1.39441   0.0063366
        8364     1.38767     1.39441  0.00633585
        8365      1.3887     1.39441  0.00633509
        8366     1.39063     1.39441  0.00633433
        8367     1.39194     1.39441  0.00633357
        8368     1.39302     1.39441  0.00633282
        8369     1.39379     1.39441  0.00633206
        8370      1.3939     1.39441   0.0063313
        8371     1.39471     1.39441  0.00633055
        8372     1.39346     1.39441  0.00632979
        8373     1.39149     1.39441  0.00632904
        8374      1.3892     1.39441  0.00632828
        8375     1.38532     1.39441  0.00632752
        8376      1.3812     1.39441  0.00632677
        8377      1.3768      1.3944  0.00632601
        8378     1.37089      1.3944  0.00632526
        8379     1.36392      1.3944  0.00632451
        8380     1.35686     1.39439  0.00632375
        8381     1.34877     1.39439    0.006323
        8382     1.33849     1.39438  0.00632225
        8383     1.32848     1.39437   0.0063215
        8384     1.31639     1.39436  0.00632075
        8385     1.30376     1.39435  0.00632001
        8386     1.29043     1.39434  0.00631927
        8387     1.27675     1.39433  0.00631853
        8388     1.26232     1.39431   0.0063178
        8389     1.24727     1.39429  0.00631707
        8390      1.2324     1.39427  0.00631634
        8391     1.21711     1.39425  0.00631563
        8392     1.20148     1.39423  0.00631492
        8393     1.18657     1.39421  0.00631421
        8394     1.17104     1.39418  0.00631352
        8395     1.15616     1.39415  0.00631283
        8396     1.14104     1.39412  0.00631215
        8397     1.12673     1.39409  0.00631148
        8398     1.11185     1.39405  0.00631081
        8399     1.09861     1.39402  0.00631016
        8400     1.08491     1.39398  0.00630952
        8401     1.07175     1.39394  0.00630888
        8402     1.05917      1.3939  0.00630826
        8403     1.04743     1.39386  0.00630764
        8404     1.03583     1.39382  0.00630703
        8405     1.02559     1.39378  0.00630644
        8406     1.01648     1.39373  0.00630585
        8407     1.00705     1.39369  0.00630526
        8408    0.998237     1.39364  0.00630469
        8409    0.990513     1.39359  0.00630412
        8410    0.983365     1.39354  0.00630356
        8411     0.97627     1.39349  0.00630301
        8412    0.970387     1.39344  0.00630246
        8413    0.964459     1.39339  0.00630191
        8414    0.958906     1.39334  0.00630138
        8415    0.953661     1.39329  0.00630084
        8416    0.949376     1.39323  0.00630032
        8417    0.944533     1.39318  0.00629979
        8418    0.940266     1.39313  0.00629928
        8419    0.936498     1.39307  0.00629876
        8420    0.932439     1.39302  0.00629825
        8421    0.928262     1.39296  0.00629774
        8422    0.923663     1.39291  0.00629724
        8423    0.919071     1.39285  0.00629675
        8424    0.913954     1.39279  0.00629626
        8425    0.908041     1.39274  0.00629577
        8426    0.901793     1.39268  0.00629529
        8427    0.895922     1.39262  0.00629482
        8428    0.889467     1.39256  0.00629436
        8429    0.882686      1.3925   0.0062939
        8430    0.875611     1.39244  0.00629345
        8431      0.8678     1.39238  0.00629302
        8432    0.860281     1.39231  0.00629259
        8433    0.853121     1.39225  0.00629216
        8434    0.844959     1.39218  0.00629175
        8435    0.837091     1.39212  0.00629135
        8436    0.829376     1.39205  0.00629096
        8437    0.822642     1.39198  0.00629058
        8438    0.816037     1.39192   0.0062902
        8439    0.809438     1.39185  0.00628983
        8440    0.803923     1.39178  0.00628947
        8441    0.799366     1.39171  0.00628912
        8442    0.795164     1.39164  0.00628877
        8443    0.790943     1.39157  0.00628843
        8444    0.787776     1.39149  0.00628809
        8445    0.786488     1.39142  0.00628776
        8446    0.785724     1.39135  0.00628742
        8447    0.786535     1.39128  0.00628708
        8448    0.788993     1.39121  0.00628674
        8449    0.793646     1.39114   0.0062864
        8450    0.799101     1.39107  0.00628604
        8451    0.806118       1.391  0.00628568
        8452    0.814731     1.39093  0.00628531
        8453    0.825433     1.39086  0.00628492
        8454    0.838461      1.3908  0.00628452
        8455    0.852115     1.39073   0.0062841
        8456     0.86732     1.39067  0.00628366
        8457    0.884267     1.39061   0.0062832
        8458    0.901431     1.39055  0.00628272
        8459    0.920891      1.3905  0.00628223
        8460    0.941812     1.39045  0.00628171
        8461    0.963818     1.39039  0.00628117
        8462     0.98747     1.39035   0.0062806
        8463     1.01091      1.3903  0.00628002
        8464     1.03514     1.39026  0.00627942
        8465     1.05995     1.39022   0.0062788
        8466     1.08536     1.39019  0.00627816
        8467     1.11088     1.39015  0.00627751
        8468     1.13435     1.39012  0.00627684
        8469     1.15722     1.39009  0.00627616
        8470      1.1795     1.39007  0.00627547
        8471     1.20024     1.39005  0.00627476
        8472     1.22069     1.39003  0.00627406
        8473     1.23923     1.39001  0.00627334
        8474     1.25644     1.38999  0.00627262
        8475     1.27245     1.38998   0.0062719
        8476     1.28624     1.38997  0.00627117
        8477     1.29824     1.38996  0.00627044
        8478     1.30846     1.38995   0.0062697
        8479     1.31695     1.38994  0.00626897
        8480     1.32304     1.38993  0.00626824
        8481     1.32827     1.38992   0.0062675
        8482     1.33251     1.38992  0.00626677
        8483     1.33493     1.38991  0.00626603
        8484     1.33613      1.3899   0.0062653
        8485     1.33649      1.3899  0.00626456
        8486      1.3359     1.38989  0.00626383
        8487       1.334     1.38988  0.00626309
        8488     1.33162     1.38988  0.00626236
        8489     1.32789     1.38987  0.00626162
        8490     1.32363     1.38986  0.00626089
        8491     1.32058     1.38985  0.00626016
        8492     1.31519     1.38985  0.00625943
        8493     1.31061     1.38984   0.0062587
        8494     1.30519     1.38983  0.00625797
        8495     1.29968     1.38982  0.00625724
        8496     1.29408      1.3898  0.00625651
        8497     1.28741     1.38979  0.00625579
        8498     1.28064     1.38978  0.00625507
        8499     1.27424     1.38977  0.00625435
        8500     1.26699     1.38975  0.00625363
        8501     1.25817     1.38974  0.00625291
        8502     1.25017     1.38972   0.0062522
        8503     1.24156      1.3897  0.00625149
        8504     1.23379     1.38968  0.00625078
        8505     1.22541     1.38966  0.00625007
        8506     1.21622     1.38964  0.00624937
        8507     1.20697     1.38962  0.00624867
        8508     1.19696      1.3896  0.00624798
        8509     1.18649     1.38958  0.00624729
        8510     1.17585     1.38955  0.00624661
        8511     1.16583     1.38953  0.00624593
        8512     1.15576      1.3895  0.00624526
        8513     1.14523     1.38947  0.00624459
        8514     1.13456     1.38944  0.00624393
        8515     1.12383     1.38941  0.00624327
        8516      1.1136     1.38938  0.00624262
        8517     1.10442     1.38934  0.00624198
        8518     1.09588     1.38931  0.00624134
        8519     1.08733     1.38927  0.00624071
        8520     1.07956     1.38924  0.00624008
        8521     1.07167      1.3892  0.00623946
        8522     1.06517     1.38916  0.00623884
        8523     1.05889     1.38912  0.00623823
        8524     1.05336     1.38908  0.00623763
        8525      1.0491     1.38904  0.00623702
        8526     1.04493       1.389  0.00623642
        8527     1.04135     1.38896  0.00623582
        8528     1.03886     1.38892  0.00623523
        8529     1.03772     1.38888  0.00623463
        8530     1.03673     1.38884  0.00623404
        8531     1.03684      1.3888  0.00623344
        8532     1.03805     1.38876  0.00623285
        8533     1.04035     1.38871  0.00623225
        8534     1.04302     1.38867  0.00623165
        8535     1.04628     1.38863  0.00623105
        8536     1.05058     1.38859  0.00623045
        8537     1.05617     1.38856  0.00622984
        8538     1.06229     1.38852  0.00622923
        8539     1.06942     1.38848  0.00622861
        8540     1.07679     1.38844  0.00622799
        8541     1.08415     1.38841  0.00622736
        8542     1.09269     1.38837  0.00622673
        8543     1.10236     1.38834  0.00622609
        8544     1.11266     1.38831  0.00622544
        8545     1.12306     1.38828  0.00622479
        8546     1.13402     1.38825  0.00622413
        8547     1.14668     1.38822  0.00622347
        8548     1.15885     1.38819   0.0062228
        8549     1.17093     1.38817  0.00622212
        8550     1.18383     1.38814  0.00622144
        8551     1.19628     1.38812  0.00622075
        8552     1.20989      1.3881  0.00622006
        8553     1.22434     1.38808  0.00621936
        8554     1.23833     1.38806  0.00621866
        8555     1.25177     1.38805  0.00621796
        8556     1.26527     1.38803  0.00621725
        8557     1.27826     1.38802  0.00621653
        8558     1.29063     1.38801  0.00621582
        8559     1.30251       1.388   0.0062151
        8560     1.31402     1.38799  0.00621438
        8561     1.32532     1.38798  0.00621366
        8562     1.33652     1.38798  0.00621293
        8563     1.34586     1.38797  0.00621221
        8564     1.35445     1.38797  0.00621149
        8565     1.36124     1.38796  0.00621076
        8566     1.36689     1.38796  0.00621004
        8567     1.37184     1.38796  0.00620931
        8568     1.37556     1.38796  0.00620859
        8569     1.37779     1.38796  0.00620786
        8570     1.37852     1.38796  0.00620714
        8571     1.37825     1.38795  0.00620641
        8572       1.377     1.38795  0.00620569
        8573     1.37433     1.38795  0.00620497
        8574     1.37101     1.38795  0.00620424
        8575     1.36712     1.38795  0.00620352
        8576     1.36152     1.38794   0.0062028
        8577     1.35456     1.38794  0.00620208
        8578     1.34679     1.38794  0.00620135
        8579     1.33857     1.38793  0.00620063
        8580     1.32976     1.38792  0.00619992
        8581     1.31998     1.38791   0.0061992
        8582     1.31005     1.38791  0.00619848
        8583      1.3008      1.3879  0.00619777
        8584     1.29113     1.38788  0.00619706
        8585     1.28185     1.38787  0.00619635
        8586     1.27112     1.38786  0.00619564
        8587     1.26145     1.38784  0.00619494
        8588      1.2517     1.38783  0.00619424
        8589     1.24193     1.38781  0.00619354
        8590     1.23294     1.38779  0.00619284
        8591     1.22429     1.38777  0.00619215
        8592     1.21675     1.38775  0.00619146
        8593     1.20868     1.38773  0.00619078
        8594     1.20083     1.38771   0.0061901
        8595     1.19394     1.38769  0.00618942
        8596     1.18779     1.38767  0.00618874
        8597     1.18167     1.38764  0.00618807
        8598      1.1751     1.38762   0.0061874
        8599     1.16977     1.38759  0.00618673
        8600     1.16519     1.38757  0.00618606
        8601     1.16183     1.38754   0.0061854
        8602     1.15823     1.38751  0.00618474
        8603     1.15511     1.38749  0.00618408
        8604     1.15293     1.38746  0.00618342
        8605     1.15022     1.38743  0.00618276
        8606     1.14887      1.3874  0.00618211
        8607     1.14815     1.38738  0.00618145
        8608     1.14731     1.38735  0.00618079
        8609     1.14582     1.38732  0.00618014
        8610      1.1456     1.38729  0.00617949
        8611     1.14539     1.38726  0.00617883
        8612     1.14589     1.38724  0.00617818
        8613     1.14562     1.38721  0.00617752
        8614      1.1455     1.38718  0.00617687
        8615     1.14574     1.38715  0.00617622
        8616     1.14604     1.38712  0.00617556
        8617      1.1454      1.3871  0.00617491
        8618     1.14643     1.38707  0.00617426
        8619     1.14666     1.38704  0.00617361
        8620     1.14726     1.38701  0.00617295
        8621     1.14794     1.38698   0.0061723
        8622     1.14817     1.38696  0.00617164
        8623     1.14765     1.38693  0.00617099
        8624     1.14707      1.3869  0.00617034
        8625     1.14663     1.38687  0.00616969
        8626     1.14507     1.38684  0.00616903
        8627     1.14357     1.38682  0.00616838
        8628     1.14113     1.38679  0.00616773
        8629     1.13892     1.38676  0.00616709
        8630     1.13453     1.38673  0.00616644
        8631     1.13082      1.3867   0.0061658
        8632      1.1261     1.38667  0.00616516
        8633     1.12134     1.38664  0.00616452
        8634     1.11628     1.38661  0.00616389
        8635     1.10998     1.38658  0.00616325
        8636     1.10365     1.38654  0.00616263
        8637     1.09707     1.38651  0.00616201
        8638     1.08979     1.38648  0.00616139
        8639     1.08182     1.38644  0.00616078
        8640     1.07369      1.3864  0.00616017
        8641     1.06544     1.38637  0.00615957
        8642     1.05663     1.38633  0.00615897
        8643     1.04731     1.38629  0.00615839
        8644     1.03827     1.38625   0.0061578
        8645     1.02861     1.38621  0.00615723
        8646     1.01937     1.38617  0.00615667
        8647     1.00989     1.38612  0.00615611
        8648     1.00098     1.38608  0.00615556
        8649    0.991529     1.38603  0.00615501
        8650    0.982825     1.38599  0.00615448
        8651    0.973748     1.38594  0.00615395
        8652    0.966313     1.38589  0.00615343
        8653    0.958675     1.38584  0.00615292
        8654    0.951155     1.38579  0.00615241
        8655    0.945022     1.38574  0.00615191
        8656    0.939864     1.38569  0.00615142
        8657    0.934765     1.38563  0.00615093
        8658    0.931453     1.38558  0.00615044
        8659    0.927791     1.38553  0.00614996
        8660    0.925004     1.38548  0.00614948
        8661    0.923823     1.38542    0.006149
        8662    0.922795     1.38537  0.00614852
        8663    0.922629     1.38532  0.00614804
        8664    0.924258     1.38526  0.00614756
        8665    0.925476     1.38521  0.00614708
        8666    0.928163     1.38516   0.0061466
        8667    0.931304      1.3851  0.00614611
        8668    0.935072     1.38505  0.00614562
        8669    0.939159       1.385  0.00614513
        8670    0.944215     1.38495  0.00614463
        8671    0.950643      1.3849  0.00614413
        8672    0.956922     1.38485  0.00614362
        8673    0.963937      1.3848   0.0061431
        8674    0.970166     1.38475  0.00614258
        8675     0.97674     1.38471  0.00614205
        8676    0.981652     1.38466  0.00614152
        8677    0.988686     1.38462  0.00614098
        8678    0.994893     1.38457  0.00614044
        8679     1.00117     1.38453  0.00613989
        8680     1.00723     1.38448  0.00613933
        8681     1.01302     1.38444  0.00613878
        8682     1.01825      1.3844  0.00613821
        8683     1.02434     1.38436  0.00613765
        8684     1.02909     1.38432  0.00613708
        8685     1.03345     1.38428   0.0061365
        8686     1.03717     1.38424  0.00613593
        8687     1.04144      1.3842  0.00613535
        8688     1.04459     1.38416  0.00613477
        8689     1.04638     1.38412  0.00613418
        8690     1.04829     1.38408   0.0061336
        8691     1.05057     1.38404  0.00613301
        8692     1.05181       1.384  0.00613243
        8693     1.05326     1.38396  0.00613184
        8694     1.05423     1.38393  0.00613125
        8695     1.05501     1.38389  0.00613066
        8696     1.05614     1.38385  0.00613007
        8697     1.05645     1.38381  0.00612948
        8698     1.05769     1.38378  0.00612889
        8699     1.05797     1.38374   0.0061283
        8700     1.05831      1.3837  0.00612771
        8701     1.05876     1.38366  0.00612712
        8702     1.05937     1.38363  0.00612653
        8703     1.05969     1.38359  0.00612594
        8704     1.06121     1.38355  0.00612535
        8705     1.06179     1.38352  0.00612476
        8706     1.06387     1.38348  0.00612416
        8707      1.0665     1.38344  0.00612357
        8708      1.0685     1.38341  0.00612297
        8709      1.0718     1.38337  0.00612237
        8710     1.07496     1.38334  0.00612177
        8711     1.07847      1.3833  0.00612117
        8712     1.08352     1.38327  0.00612056
        8713     1.08746     1.38323  0.00611996
        8714     1.09172      1.3832  0.00611935
        8715     1.09677     1.38317  0.00611873
        8716     1.10162     1.38313  0.00611811
        8717     1.10673      1.3831   0.0061175
        8718     1.11185     1.38307  0.00611687
        8719     1.11791     1.38304  0.00611625
        8720     1.12441     1.38301  0.00611562
        8721     1.13036     1.38298  0.00611498
        8722     1.13647     1.38295  0.00611435
        8723     1.14222     1.38293  0.00611371
        8724     1.14784      1.3829  0.00611307
        8725     1.15523     1.38287  0.00611242
        8726      1.1622     1.38285  0.00611178
        8727     1.16848     1.38282  0.00611112
        8728     1.17478      1.3828  0.00611047
        8729     1.18034     1.38278  0.00610981
        8730     1.18683     1.38275  0.00610916
        8731     1.19326     1.38273   0.0061085
        8732     1.19959     1.38271  0.00610783
        8733     1.20579     1.38269  0.00610717
        8734     1.21184     1.38267   0.0061065
        8735     1.21793     1.38265  0.00610583
        8736     1.22404     1.38263  0.00610516
        8737     1.23012     1.38262  0.00610448
        8738     1.23446      1.3826  0.00610381
        8739     1.23942     1.38258  0.00610313
        8740       1.244     1.38257  0.00610245
        8741      1.2477     1.38255  0.00610177
        8742     1.25144     1.38254  0.00610109
        8743     1.25495     1.38252  0.00610041
        8744     1.25748     1.38251  0.00609973
        8745     1.26023     1.38249  0.00609905
        8746     1.26219     1.38248  0.00609837
        8747     1.26387     1.38247  0.00609769
        8748     1.26428     1.38245  0.00609701
        8749     1.26489     1.38244  0.00609632
        8750     1.26426     1.38243  0.00609564
        8751     1.26386     1.38241  0.00609496
        8752     1.26299      1.3824  0.00609428
        8753     1.26122     1.38238   0.0060936
        8754     1.25907     1.38237  0.00609292
        8755     1.25636     1.38236  0.00609224
        8756     1.25386     1.38234  0.00609156
        8757     1.25115     1.38233  0.00609088
        8758     1.24759     1.38231  0.00609021
        8759     1.24421      1.3823  0.00608953
        8760     1.24085     1.38228  0.00608886
        8761     1.23759     1.38226  0.00608819
        8762     1.23498     1.38225  0.00608752
        8763     1.23311     1.38223  0.00608685
        8764     1.23061     1.38221  0.00608618
        8765       1.229     1.38219  0.00608551
        8766     1.22812     1.38218  0.00608484
        8767     1.22828     1.38216  0.00608417
        8768     1.22785     1.38214   0.0060835
        8769     1.22811     1.38212  0.00608283
        8770     1.22815     1.38211  0.00608216
        8771     1.22996     1.38209  0.00608149
        8772     1.23212     1.38207  0.00608083
        8773     1.23613     1.38206  0.00608015
        8774     1.24227     1.38204  0.00607948
        8775     1.24816     1.38202  0.00607881
        8776     1.25502     1.38201  0.00607813
        8777     1.26265       1.382  0.00607746
        8778      1.2713     1.38198  0.00607678
        8779     1.28072     1.38197   0.0060761
        8780     1.29069     1.38196  0.00607541
        8781     1.30168     1.38195  0.00607473
        8782     1.31466     1.38194  0.00607404
        8783     1.32839     1.38194  0.00607335
        8784     1.34238     1.38193  0.00607266
        8785      1.3571     1.38193  0.00607197
        8786     1.37467     1.38193  0.00607128
        8787     1.39242     1.38193  0.00607059
        8788     1.41151     1.38193   0.0060699
        8789      1.4302     1.38194  0.00606921
        8790     1.45013     1.38195  0.00606853
        8791     1.47101     1.38196  0.00606784
        8792     1.49229     1.38197  0.00606717
        8793     1.51414     1.38199   0.0060665
        8794       1.536       1.382  0.00606583
        8795       1.559     1.38202  0.00606518
        8796     1.58235     1.38205  0.00606453
        8797     1.60593     1.38207  0.00606389
        8798      1.6299      1.3821  0.00606327
        8799      1.6532     1.38213  0.00606266
        8800     1.67717     1.38216  0.00606206
        8801     1.70074      1.3822  0.00606148
        8802     1.72404     1.38224  0.00606092
        8803     1.74696     1.38228  0.00606037
        8804     1.76938     1.38232  0.00605984
        8805     1.79097     1.38237  0.00605933
        8806     1.81183     1.38242  0.00605884
        8807     1.83235     1.38247  0.00605837
        8808     1.85145     1.38252  0.00605791
        8809     1.86879     1.38258  0.00605748
        8810     1.88595     1.38264  0.00605706
        8811     1.90164      1.3827  0.00605666
        8812     1.91553     1.38276  0.00605627
        8813     1.92874     1.38282   0.0060559
        8814     1.94001     1.38288  0.00605554
        8815     1.94999     1.38295   0.0060552
        8816     1.95839     1.38301  0.00605486
        8817     1.96517     1.38308  0.00605454
        8818     1.97031     1.38314  0.00605422
        8819     1.97426     1.38321   0.0060539
        8820     1.97508     1.38328  0.00605359
        8821     1.97472     1.38334  0.00605327
        8822      1.9727     1.38341  0.00605295
        8823     1.96905     1.38348  0.00605263
        8824     1.96355     1.38354   0.0060523
        8825     1.95674     1.38361  0.00605197
        8826     1.94915     1.38367  0.00605162
        8827     1.93988     1.38374  0.00605126
        8828     1.92803      1.3838  0.00605089
        8829     1.91634     1.38386  0.00605051
        8830     1.90416     1.38392  0.00605011
        8831     1.89037     1.38397  0.00604969
        8832     1.87554     1.38403  0.00604926
        8833     1.86027     1.38408  0.00604882
        8834     1.84343     1.38414  0.00604836
        8835     1.82586     1.38419  0.00604788
        8836     1.80717     1.38423  0.00604739
        8837     1.78868     1.38428  0.00604688
        8838     1.76975     1.38432  0.00604635
        8839     1.74978     1.38436  0.00604581
        8840     1.72983      1.3844  0.00604525
        8841     1.70878     1.38444  0.00604468
        8842     1.68843     1.38447  0.00604409
        8843     1.66887     1.38451  0.00604349
        8844     1.64993     1.38454  0.00604288
        8845     1.63052     1.38456  0.00604226
        8846     1.61142     1.38459  0.00604163
        8847     1.59175     1.38461    0.006041
        8848     1.57351     1.38463  0.00604035
        8849     1.55603     1.38465   0.0060397
        8850      1.5384     1.38467  0.00603904
        8851     1.52141     1.38469  0.00603838
        8852     1.50534      1.3847  0.00603771
        8853     1.48974     1.38471  0.00603704
        8854     1.47513     1.38472  0.00603637
        8855      1.4608     1.38473  0.00603569
        8856     1.44799     1.38474  0.00603502
        8857     1.43599     1.38474  0.00603434
        8858     1.42455     1.38475  0.00603366
        8859     1.41416     1.38475  0.00603298
        8860     1.40457     1.38475   0.0060323
        8861     1.39504     1.38476  0.00603162
        8862     1.38748     1.38476  0.00603094
        8863     1.38043     1.38475  0.00603026
        8864     1.37241     1.38475  0.00602958
        8865     1.36628     1.38475   0.0060289
        8866     1.36055     1.38475  0.00602822
        8867      1.3559     1.38475  0.00602754
        8868     1.35181     1.38474  0.00602686
        8869     1.34799     1.38474  0.00602618
        8870      1.3451     1.38473   0.0060255
        8871      1.3419     1.38473  0.00602483
        8872     1.33856     1.38472  0.00602415
        8873     1.33623     1.38472  0.00602347
        8874     1.33367     1.38471   0.0060228
        8875     1.33129     1.38471  0.00602212
        8876     1.32881      1.3847  0.00602145
        8877     1.32762     1.38469  0.00602077
        8878     1.32551     1.38469   0.0060201
        8879      1.3234     1.38468  0.00601942
        8880     1.32149     1.38467  0.00601875
        8881     1.32001     1.38467  0.00601808
        8882     1.31698     1.38466   0.0060174
        8883     1.31457     1.38465  0.00601673
        8884     1.31275     1.38464  0.00601606
        8885     1.30984     1.38463  0.00601539
        8886     1.30801     1.38462  0.00601472
        8887     1.30558     1.38462  0.00601405
        8888     1.30353     1.38461  0.00601338
        8889     1.30092      1.3846  0.00601271
        8890     1.29825     1.38459  0.00601204
        8891     1.29603     1.38458  0.00601137
        8892     1.29359     1.38457  0.00601071
        8893     1.29048     1.38456  0.00601004
        8894     1.28795     1.38455  0.00600937
        8895     1.28581     1.38453  0.00600871
        8896     1.28385     1.38452  0.00600804
        8897     1.28189     1.38451  0.00600738
        8898      1.2807      1.3845  0.00600671
        8899     1.27962     1.38449  0.00600605
        8900      1.2782     1.38448  0.00600539
        8901     1.27769     1.38446  0.00600473
        8902      1.2779     1.38445  0.00600406
        8903     1.27767     1.38444   0.0060034
        8904     1.27848     1.38443  0.00600274
        8905      1.2806     1.38442  0.00600208
        8906     1.28286     1.38441  0.00600141
        8907     1.28553     1.38439  0.00600075
        8908     1.28912     1.38438  0.00600008
        8909     1.29293     1.38437  0.00599942
        8910     1.29746     1.38436  0.00599875
        8911     1.30294     1.38435  0.00599809
        8912     1.30941     1.38435  0.00599742
        8913     1.31636     1.38434  0.00599675
        8914     1.32405     1.38433  0.00599608
        8915     1.33318     1.38433  0.00599541
        8916      1.3423     1.38432  0.00599474
        8917     1.35236     1.38432  0.00599407
        8918     1.36309     1.38432   0.0059934
        8919       1.374     1.38431  0.00599273
        8920     1.38599     1.38431  0.00599206
        8921     1.39857     1.38432  0.00599139
        8922     1.41191     1.38432  0.00599071
        8923     1.42574     1.38432  0.00599005
        8924     1.43973     1.38433  0.00598938
        8925     1.45384     1.38434  0.00598871
        8926     1.46847     1.38435  0.00598805
        8927     1.48425     1.38436  0.00598739
        8928     1.49871     1.38437  0.00598673
        8929     1.51366     1.38439  0.00598608
        8930     1.52782      1.3844  0.00598543
        8931     1.54252     1.38442  0.00598478
        8932     1.55694     1.38444  0.00598415
        8933     1.57096     1.38446  0.00598351
        8934     1.58425     1.38448  0.00598288
        8935     1.59717     1.38451  0.00598226
        8936     1.60963     1.38453  0.00598165
        8937     1.62055     1.38456  0.00598103
        8938     1.63152     1.38458  0.00598043
        8939     1.64103     1.38461  0.00597983
        8940     1.65018     1.38464  0.00597923
        8941     1.65772     1.38467  0.00597864
        8942     1.66382     1.38471  0.00597806
        8943     1.66893     1.38474  0.00597747
        8944     1.67303     1.38477  0.00597689
        8945     1.67585      1.3848  0.00597631
        8946     1.67716     1.38483  0.00597573
        8947      1.6765     1.38487  0.00597515
        8948     1.67462      1.3849  0.00597457
        8949     1.67205     1.38493  0.00597399
        8950     1.66813     1.38496  0.00597341
        8951     1.66364     1.38499  0.00597282
        8952     1.65746     1.38502  0.00597223
        8953     1.65112     1.38505  0.00597164
        8954     1.64446     1.38508  0.00597104
        8955     1.63518     1.38511  0.00597044
        8956     1.62649     1.38514  0.00596984
        8957     1.61681     1.38516  0.00596922
        8958     1.60696     1.38519  0.00596861
        8959     1.59679     1.38521  0.00596799
        8960     1.58638     1.38523  0.00596737
        8961     1.57557     1.38526  0.00596674
        8962     1.56493     1.38528  0.00596611
        8963     1.55454     1.38529  0.00596547
        8964      1.5435     1.38531  0.00596483
        8965     1.53307     1.38533  0.00596419
        8966      1.5238     1.38534  0.00596354
        8967     1.51478     1.38536   0.0059629
        8968      1.5051     1.38537  0.00596225
        8969     1.49577     1.38538  0.00596159
        8970     1.48563      1.3854  0.00596094
        8971     1.47736     1.38541  0.00596028
        8972     1.46955     1.38542  0.00595963
        8973       1.462     1.38542  0.00595897
        8974     1.45522     1.38543  0.00595831
        8975     1.44924     1.38544  0.00595765
        8976     1.44383     1.38545  0.00595699
        8977     1.43927     1.38545  0.00595633
        8978     1.43534     1.38546  0.00595567
        8979     1.43132     1.38546  0.00595501
        8980     1.42772     1.38547  0.00595435
        8981     1.42576     1.38547  0.00595369
        8982     1.42375     1.38548  0.00595302
        8983      1.4234     1.38548  0.00595236
        8984     1.42231     1.38548   0.0059517
        8985     1.42239     1.38549  0.00595104
        8986     1.42294     1.38549  0.00595038
        8987     1.42467      1.3855  0.00594972
        8988     1.42709      1.3855  0.00594906
        8989     1.43066     1.38551   0.0059484
        8990     1.43418     1.38551  0.00594774
        8991      1.4381     1.38552  0.00594708
        8992     1.44358     1.38552  0.00594642
        8993     1.44845     1.38553  0.00594577
        8994     1.45433     1.38554  0.00594511
        8995     1.46096     1.38555  0.00594446
        8996     1.46923     1.38556   0.0059438
        8997     1.47644     1.38557  0.00594315
        8998     1.48517     1.38558   0.0059425
        8999     1.49318     1.38559  0.00594185
        9000     1.50136      1.3856  0.00594121
        9001     1.50962     1.38562  0.00594056
        9002     1.51786     1.38563  0.00593992
        9003     1.52623     1.38565  0.00593928
        9004     1.53439     1.38566  0.00593864
        9005     1.54198     1.38568  0.00593801
        9006     1.54891      1.3857  0.00593738
        9007     1.55603     1.38572  0.00593675
        9008      1.5618     1.38574  0.00593612
        9009     1.56754     1.38576   0.0059355
        9010     1.57197     1.38578  0.00593487
        9011     1.57594      1.3858  0.00593425
        9012     1.57891     1.38582  0.00593363
        9013     1.58054     1.38584  0.00593301
        9014     1.58222     1.38586   0.0059324
        9015     1.58103     1.38589  0.00593178
        9016     1.57931     1.38591  0.00593116
        9017     1.57538     1.38593  0.00593054
        9018     1.57091     1.38595  0.00592992
        9019     1.56446     1.38597  0.00592929
        9020     1.55654     1.38599  0.00592866
        9021     1.54742       1.386  0.00592803
        9022      1.5386     1.38602   0.0059274
        9023     1.52775     1.38604  0.00592676
        9024     1.51564     1.38605  0.00592613
        9025     1.50262     1.38606  0.00592548
        9026      1.4895     1.38608  0.00592484
        9027     1.47589     1.38609  0.00592419
        9028     1.46118     1.38609  0.00592354
        9029     1.44619      1.3861  0.00592289
        9030     1.43105     1.38611  0.00592223
        9031     1.41466     1.38611  0.00592158
        9032     1.39832     1.38611  0.00592092
        9033     1.38215     1.38611  0.00592027
        9034     1.36577     1.38611  0.00591961
        9035     1.34976      1.3861  0.00591896
        9036      1.3342      1.3861  0.00591831
        9037     1.31871     1.38609  0.00591766
        9038      1.3036     1.38608  0.00591701
        9039     1.28846     1.38607  0.00591636
        9040     1.27457     1.38606  0.00591572
        9041     1.26149     1.38604  0.00591508
        9042      1.2488     1.38603  0.00591445
        9043     1.23631     1.38601  0.00591382
        9044     1.22453     1.38599  0.00591319
        9045     1.21375     1.38598  0.00591257
        9046     1.20351     1.38596  0.00591195
        9047     1.19408     1.38593  0.00591133
        9048     1.18524     1.38591  0.00591072
        9049     1.17749     1.38589  0.00591011
        9050     1.17038     1.38587  0.00590951
        9051      1.1656     1.38584  0.00590891
        9052     1.16076     1.38582   0.0059083
        9053     1.15734     1.38579  0.00590771
        9054     1.15439     1.38577  0.00590711
        9055     1.15264     1.38574  0.00590651
        9056     1.15211     1.38571  0.00590592
        9057      1.1533     1.38569  0.00590532
        9058     1.15429     1.38566  0.00590472
        9059     1.15608     1.38564  0.00590413
        9060     1.15986     1.38561  0.00590353
        9061     1.16325     1.38559  0.00590293
        9062      1.1677     1.38556  0.00590232
        9063     1.17394     1.38554  0.00590172
        9064     1.18101     1.38552  0.00590111
        9065     1.18938      1.3855   0.0059005
        9066     1.19832     1.38548  0.00589989
        9067     1.20879     1.38546  0.00589927
        9068     1.22099     1.38544  0.00589864
        9069     1.23347     1.38542  0.00589802
        9070     1.24665     1.38541  0.00589739
        9071     1.26049     1.38539  0.00589675
        9072      1.2759     1.38538  0.00589612
        9073     1.29234     1.38537  0.00589547
        9074     1.30924     1.38536  0.00589483
        9075     1.32726     1.38536  0.00589418
        9076     1.34509     1.38535  0.00589354
        9077     1.36336     1.38535  0.00589289
        9078     1.38244     1.38535  0.00589224
        9079       1.401     1.38535  0.00589159
        9080     1.41966     1.38535  0.00589094
        9081     1.43781     1.38536   0.0058903
        9082     1.45628     1.38537  0.00588965
        9083     1.47518     1.38538  0.00588901
        9084     1.49318     1.38539  0.00588838
        9085     1.51087      1.3854  0.00588774
        9086     1.52717     1.38542  0.00588712
        9087     1.54317     1.38544   0.0058865
        9088     1.55827     1.38545  0.00588588
        9089     1.57286     1.38548  0.00588527
        9090     1.58636      1.3855  0.00588466
        9091     1.59797     1.38552  0.00588406
        9092     1.60835     1.38555  0.00588346
        9093     1.61744     1.38557  0.00588287
        9094     1.62617      1.3856  0.00588228
        9095     1.63331     1.38562   0.0058817
        9096     1.63836     1.38565  0.00588112
        9097     1.64231     1.38568  0.00588054
        9098     1.64419     1.38571  0.00587996
        9099     1.64597     1.38574  0.00587939
        9100     1.64577     1.38577  0.00587881
        9101     1.64436     1.38579  0.00587823
        9102     1.64132     1.38582  0.00587765
        9103      1.6377     1.38585  0.00587707
        9104     1.63308     1.38588  0.00587649
        9105     1.62852      1.3859  0.00587591
        9106     1.62241     1.38593  0.00587532
        9107     1.61627     1.38596  0.00587473
        9108     1.60899     1.38598  0.00587413
        9109      1.6009       1.386  0.00587354
        9110     1.59207     1.38603  0.00587293
        9111     1.58331     1.38605  0.00587233
        9112      1.5742     1.38607  0.00587172
        9113      1.5636     1.38609  0.00587111
        9114     1.55398     1.38611  0.00587049
        9115      1.5437     1.38612  0.00586988
        9116     1.53352     1.38614  0.00586925
        9117     1.52397     1.38615  0.00586863
        9118     1.51316     1.38617    0.005868
        9119      1.5023     1.38618  0.00586737
        9120      1.4919     1.38619  0.00586674
        9121     1.48149      1.3862  0.00586611
        9122     1.47133     1.38621  0.00586547
        9123     1.46117     1.38622  0.00586483
        9124     1.45007     1.38623   0.0058642
        9125     1.43946     1.38623  0.00586356
        9126      1.4296     1.38624  0.00586292
        9127     1.41952     1.38624  0.00586227
        9128     1.40924     1.38624  0.00586163
        9129     1.39852     1.38625  0.00586099
        9130     1.38857     1.38625  0.00586035
        9131     1.37868     1.38625  0.00585971
        9132     1.36889     1.38624  0.00585907
        9133     1.35944     1.38624  0.00585842
        9134     1.34964     1.38624  0.00585778
        9135     1.34002     1.38623  0.00585715
        9136     1.33059     1.38623  0.00585651
        9137     1.32142     1.38622  0.00585587
        9138     1.31277     1.38621  0.00585524
        9139     1.30398      1.3862   0.0058546
        9140     1.29583     1.38619  0.00585397
        9141     1.28835     1.38618  0.00585334
        9142     1.28139     1.38617  0.00585271
        9143     1.27474     1.38616  0.00585208
        9144     1.26895     1.38614  0.00585146
        9145     1.26336     1.38613  0.00585083
        9146     1.25899     1.38612  0.00585021
        9147     1.25518      1.3861  0.00584959
        9148      1.2522     1.38609  0.00584897
        9149     1.24987     1.38607  0.00584835
        9150      1.2492     1.38606  0.00584773
        9151     1.24975     1.38604  0.00584711
        9152     1.25034     1.38603  0.00584649
        9153     1.25196     1.38601  0.00584586
        9154      1.2556       1.386  0.00584524
        9155     1.25886     1.38599  0.00584462
        9156     1.26368     1.38597    0.005844
        9157     1.26955     1.38596  0.00584337
        9158     1.27672     1.38595  0.00584275
        9159     1.28467     1.38594  0.00584212
        9160     1.29363     1.38593  0.00584149
        9161     1.30401     1.38592  0.00584086
        9162     1.31483     1.38591  0.00584023
        9163     1.32722      1.3859  0.00583959
        9164      1.3404      1.3859  0.00583896
        9165     1.35382     1.38589  0.00583832
        9166     1.36789     1.38589  0.00583769
        9167     1.38347     1.38589  0.00583705
        9168     1.39831     1.38589  0.00583641
        9169     1.41353      1.3859  0.00583578
        9170     1.42998      1.3859  0.00583514
        9171      1.4454     1.38591  0.00583451
        9172     1.46135     1.38592  0.00583388
        9173     1.47677     1.38593  0.00583325
        9174     1.49226     1.38594  0.00583263
        9175     1.50796     1.38595  0.00583201
        9176     1.52374     1.38597  0.00583139
        9177     1.53829     1.38598  0.00583078
        9178      1.5527       1.386  0.00583017
        9179     1.56565     1.38602  0.00582957
        9180     1.57847     1.38604  0.00582897
        9181     1.59035     1.38606  0.00582838
        9182     1.59948     1.38609  0.00582779
        9183     1.60891     1.38611  0.00582721
        9184     1.61687     1.38614  0.00582663
        9185     1.62327     1.38616  0.00582605
        9186     1.62805     1.38619  0.00582548
        9187     1.63115     1.38622   0.0058249
        9188     1.63349     1.38624  0.00582433
        9189     1.63503     1.38627  0.00582376
        9190     1.63529      1.3863  0.00582319
        9191      1.6328     1.38632  0.00582262
        9192     1.62926     1.38635  0.00582204
        9193     1.62375     1.38638  0.00582147
        9194       1.617      1.3864  0.00582089
        9195     1.60862     1.38642  0.00582031
        9196     1.59961     1.38645  0.00581972
        9197     1.58862     1.38647  0.00581913
        9198     1.57695     1.38649  0.00581853
        9199     1.56349     1.38651  0.00581793
        9200     1.54909     1.38653  0.00581733
        9201     1.53411     1.38654  0.00581672
        9202     1.51867     1.38656   0.0058161
        9203     1.50243     1.38657  0.00581548
        9204     1.48552     1.38658  0.00581486
        9205     1.46929     1.38659  0.00581424
        9206     1.45316      1.3866  0.00581361
        9207      1.4363      1.3866  0.00581298
        9208     1.41934     1.38661  0.00581235
        9209     1.40289     1.38661  0.00581172
        9210      1.3866     1.38661  0.00581109
        9211      1.3706     1.38661  0.00581046
        9212     1.35622      1.3866  0.00580983
        9213     1.34237      1.3866   0.0058092
        9214     1.32987     1.38659  0.00580857
        9215     1.31763     1.38658  0.00580795
        9216     1.30671     1.38658  0.00580732
        9217     1.29717     1.38657   0.0058067
        9218     1.28839     1.38656  0.00580608
        9219     1.28162     1.38654  0.00580546
        9220       1.275     1.38653  0.00580485
        9221      1.2705     1.38652  0.00580423
        9222     1.26695     1.38651  0.00580361
        9223     1.26463     1.38649    0.005803
        9224     1.26426     1.38648  0.00580239
        9225     1.26466     1.38647  0.00580177
        9226     1.26821     1.38645  0.00580116
        9227     1.27202     1.38644  0.00580054
        9228      1.2775     1.38643  0.00579993
        9229     1.28484     1.38642  0.00579931
        9230     1.29376     1.38641  0.00579869
        9231       1.303      1.3864  0.00579807
        9232     1.31271     1.38639  0.00579744
        9233     1.32403     1.38639  0.00579682
        9234      1.3366     1.38638   0.0057962
        9235     1.35057     1.38638  0.00579557
        9236     1.36437     1.38637  0.00579494
        9237     1.37957     1.38637  0.00579431
        9238     1.39484     1.38637  0.00579369
        9239     1.41146     1.38638  0.00579306
        9240     1.42714     1.38638  0.00579244
        9241     1.44366     1.38639  0.00579181
        9242     1.46013      1.3864  0.00579119
        9243     1.47665      1.3864  0.00579057
        9244     1.49257     1.38642  0.00578996
        9245     1.50824     1.38643  0.00578935
        9246     1.52301     1.38644  0.00578874
        9247       1.537     1.38646  0.00578814
        9248     1.54885     1.38648  0.00578754
        9249     1.56086      1.3865  0.00578694
        9250     1.57218     1.38652  0.00578635
        9251     1.58055     1.38654  0.00578576
        9252     1.58828     1.38656  0.00578518
        9253     1.59456     1.38658   0.0057846
        9254     1.59959     1.38661  0.00578402
        9255     1.60403     1.38663  0.00578344
        9256     1.60568     1.38665  0.00578286
        9257     1.60646     1.38668  0.00578229
        9258     1.60564      1.3867  0.00578171
        9259     1.60226     1.38672  0.00578113
        9260     1.59804     1.38675  0.00578056
        9261     1.59254     1.38677  0.00577997
        9262     1.58483     1.38679  0.00577939
        9263     1.57618     1.38681   0.0057788
        9264     1.56594     1.38683  0.00577821
        9265     1.55442     1.38685  0.00577762
        9266     1.54218     1.38686  0.00577702
        9267     1.52834     1.38688  0.00577641
        9268     1.51373     1.38689  0.00577581
        9269     1.49819     1.38691  0.00577519
        9270     1.48206     1.38692  0.00577458
        9271      1.4647     1.38692  0.00577396
        9272      1.4467     1.38693  0.00577335
        9273     1.42767     1.38693  0.00577272
        9274      1.4089     1.38694   0.0057721
        9275     1.39001     1.38694  0.00577148
        9276     1.37084     1.38694  0.00577086
        9277     1.35172     1.38693  0.00577024
        9278     1.33201     1.38693  0.00576962
        9279     1.31252     1.38692    0.005769
        9280     1.29284     1.38691  0.00576839
        9281     1.27352      1.3869  0.00576778
        9282     1.25391     1.38688  0.00576718
        9283     1.23505     1.38686  0.00576658
        9284     1.21484     1.38685  0.00576599
        9285     1.19646     1.38683   0.0057654
        9286     1.17877      1.3868  0.00576483
        9287     1.16087     1.38678  0.00576426
        9288     1.14426     1.38675  0.00576369
        9289     1.12803     1.38673  0.00576314
        9290     1.11223      1.3867   0.0057626
        9291     1.09762     1.38666  0.00576206
        9292      1.0833     1.38663  0.00576153
        9293     1.06955      1.3866  0.00576101
        9294     1.05689     1.38656   0.0057605
        9295      1.0456     1.38653     0.00576
        9296     1.03547     1.38649   0.0057595
        9297     1.02558     1.38645  0.00575902
        9298     1.01716     1.38641  0.00575853
        9299     1.00951     1.38637  0.00575806
        9300     1.00336     1.38633  0.00575759
        9301    0.997536     1.38629  0.00575712
        9302    0.994191     1.38624  0.00575665
        9303    0.990427      1.3862  0.00575619
        9304    0.987672     1.38616  0.00575573
        9305    0.986616     1.38612  0.00575527
        9306    0.986016     1.38607  0.00575482
        9307    0.985332     1.38603  0.00575436
        9308    0.986418     1.38599   0.0057539
        9309    0.987506     1.38594  0.00575344
        9310    0.989461      1.3859  0.00575298
        9311    0.991691     1.38586  0.00575252
        9312    0.994797     1.38582  0.00575206
        9313    0.998653     1.38577  0.00575159
        9314     1.00312     1.38573  0.00575112
        9315     1.00757     1.38569  0.00575064
        9316     1.01163     1.38565  0.00575017
        9317     1.01468     1.38561  0.00574969
        9318     1.01803     1.38557   0.0057492
        9319     1.02058     1.38553  0.00574872
        9320     1.02151      1.3855  0.00574824
        9321     1.02192     1.38546  0.00574775
        9322     1.02248     1.38542  0.00574727
        9323     1.02167     1.38538  0.00574678
        9324     1.02091     1.38534   0.0057463
        9325     1.01829      1.3853  0.00574582
        9326     1.01478     1.38526  0.00574534
        9327     1.00996     1.38522  0.00574487
        9328     1.00486     1.38518  0.00574439
        9329    0.999587     1.38514  0.00574393
        9330    0.992825      1.3851  0.00574347
        9331    0.986643     1.38505  0.00574301
        9332    0.979757     1.38501  0.00574256
        9333    0.972824     1.38497  0.00574211
        9334    0.965309     1.38492  0.00574167
        9335    0.959089     1.38488  0.00574124
        9336    0.952429     1.38483  0.00574081
        9337    0.946961     1.38478  0.00574039
        9338    0.943589     1.38473  0.00573997
        9339    0.939592     1.38469  0.00573955
        9340    0.937288     1.38464  0.00573914
        9341    0.937292     1.38459  0.00573872
        9342    0.938267     1.38454  0.00573831
        9343    0.940535      1.3845  0.00573789
        9344    0.943668     1.38445  0.00573747
        9345    0.949619      1.3844  0.00573704
        9346    0.956453     1.38436  0.00573661
        9347    0.964129     1.38431  0.00573617
        9348    0.975222     1.38427  0.00573573
        9349    0.986508     1.38423  0.00573527
        9350     1.00051     1.38418  0.00573481
        9351     1.01514     1.38414  0.00573433
        9352     1.03047     1.38411  0.00573384
        9353     1.04561     1.38407  0.00573334
        9354     1.06179     1.38404  0.00573283
        9355     1.07883       1.384  0.00573231
        9356     1.09556     1.38397  0.00573178
        9357     1.11325     1.38394  0.00573124
        9358     1.13004     1.38392  0.00573069
        9359     1.14722     1.38389  0.00573014
        9360     1.16348     1.38387  0.00572957
        9361     1.17991     1.38385    0.005729
        9362     1.19524     1.38383  0.00572843
        9363     1.20967     1.38381  0.00572784
        9364     1.22295     1.38379  0.00572726
        9365     1.23557     1.38377  0.00572667
        9366     1.24754     1.38376  0.00572608
        9367     1.25963     1.38375  0.00572548
        9368     1.27045     1.38373  0.00572488
        9369     1.28054     1.38372  0.00572428
        9370      1.2909     1.38371  0.00572368
        9371     1.30086      1.3837  0.00572307
        9372     1.30926      1.3837  0.00572247
        9373     1.31807     1.38369  0.00572186
        9374     1.32584     1.38368  0.00572126
        9375     1.33476     1.38368  0.00572065
        9376      1.3417     1.38367  0.00572004
        9377     1.34928     1.38367  0.00571943
        9378     1.35651     1.38367  0.00571882
        9379     1.36312     1.38367  0.00571821
        9380     1.36882     1.38366   0.0057176
        9381     1.37547     1.38366  0.00571699
        9382     1.38038     1.38366  0.00571638
        9383     1.38567     1.38366  0.00571578
        9384     1.38959     1.38366  0.00571517
        9385     1.39355     1.38366  0.00571456
        9386     1.39654     1.38367  0.00571395
        9387     1.39876     1.38367  0.00571334
        9388     1.39921     1.38367  0.00571273
        9389     1.39885     1.38367  0.00571212
        9390     1.39886     1.38367  0.00571152
        9391     1.39732     1.38367  0.00571091
        9392     1.39567     1.38367   0.0057103
        9393      1.3937     1.38368  0.00570969
        9394     1.39022     1.38368  0.00570908
        9395     1.38478     1.38368  0.00570848
        9396     1.38054     1.38368  0.00570787
        9397     1.37416     1.38368  0.00570726
        9398     1.36785     1.38367  0.00570665
        9399     1.36046     1.38367  0.00570605
        9400     1.35273     1.38367  0.00570544
        9401     1.34496     1.38366  0.00570484
        9402     1.33574     1.38366  0.00570423
        9403     1.32632     1.38365  0.00570363
        9404     1.31697     1.38365  0.00570303
        9405     1.30677     1.38364  0.00570243
        9406     1.29624     1.38363  0.00570183
        9407     1.28565     1.38362  0.00570123
        9408      1.2753     1.38361  0.00570064
        9409     1.26304     1.38359  0.00570004
        9410     1.25182     1.38358  0.00569946
        9411     1.24072     1.38356  0.00569887
        9412     1.23003     1.38355  0.00569829
        9413     1.21979     1.38353  0.00569771
        9414     1.20863     1.38351  0.00569713
        9415     1.19685     1.38349  0.00569656
        9416     1.18594     1.38347    0.005696
        9417     1.17526     1.38345  0.00569544
        9418     1.16463     1.38343  0.00569488
        9419     1.15363      1.3834  0.00569433
        9420     1.14377     1.38338  0.00569378
        9421     1.13367     1.38335  0.00569324
        9422      1.1246     1.38332   0.0056927
        9423     1.11661     1.38329  0.00569216
        9424     1.10951     1.38326  0.00569163
        9425     1.10215     1.38323  0.00569111
        9426     1.09601      1.3832  0.00569059
        9427     1.09111     1.38317  0.00569007
        9428     1.08725     1.38314  0.00568955
        9429     1.08394     1.38311  0.00568904
        9430     1.08097     1.38308  0.00568852
        9431     1.07856     1.38305  0.00568801
        9432     1.07743     1.38301   0.0056875
        9433     1.07683     1.38298  0.00568699
        9434     1.07674     1.38295  0.00568648
        9435      1.0776     1.38292  0.00568597
        9436     1.07962     1.38288  0.00568546
        9437     1.08081     1.38285  0.00568494
        9438     1.08332     1.38282  0.00568443
        9439     1.08635     1.38279  0.00568392
        9440     1.09082     1.38276   0.0056834
        9441     1.09548     1.38273  0.00568288
        9442     1.10028      1.3827  0.00568235
        9443     1.10516     1.38267  0.00568183
        9444     1.11058     1.38264   0.0056813
        9445     1.11551     1.38261  0.00568077
        9446     1.12114     1.38258  0.00568023
        9447     1.12719     1.38256   0.0056797
        9448      1.1346     1.38253  0.00567916
        9449     1.14022      1.3825  0.00567861
        9450     1.14645     1.38248  0.00567807
        9451      1.1528     1.38246  0.00567752
        9452     1.15928     1.38243  0.00567697
        9453     1.16541     1.38241  0.00567641
        9454     1.17264     1.38239  0.00567586
        9455     1.18001     1.38237   0.0056753
        9456     1.18682     1.38234  0.00567473
        9457     1.19356     1.38232  0.00567417
        9458     1.20121     1.38231   0.0056736
        9459      1.2088     1.38229  0.00567303
        9460     1.21659     1.38227  0.00567246
        9461     1.22362     1.38225  0.00567188
        9462      1.2318     1.38224  0.00567131
        9463     1.24066     1.38222  0.00567073
        9464     1.24921     1.38221  0.00567015
        9465     1.25865     1.38219  0.00566956
        9466     1.26749     1.38218  0.00566898
        9467     1.27668     1.38217  0.00566839
        9468     1.28522     1.38216   0.0056678
        9469     1.29522     1.38215  0.00566721
        9470     1.30473     1.38214  0.00566661
        9471     1.31345     1.38214  0.00566602
        9472     1.32348     1.38213  0.00566543
        9473      1.3326     1.38213  0.00566483
        9474     1.34101     1.38212  0.00566423
        9475     1.34862     1.38212  0.00566364
        9476     1.35682     1.38211  0.00566304
        9477     1.36434     1.38211  0.00566244
        9478     1.37112     1.38211  0.00566185
        9479     1.37733     1.38211  0.00566125
        9480     1.38291     1.38211  0.00566065
        9481     1.38707     1.38211  0.00566005
        9482     1.39073     1.38211  0.00565946
        9483     1.39384     1.38211  0.00565886
        9484     1.39684     1.38212  0.00565826
        9485     1.39872     1.38212  0.00565767
        9486       1.399     1.38212  0.00565707
        9487     1.39958     1.38212  0.00565648
        9488     1.39901     1.38212  0.00565588
        9489     1.39707     1.38212  0.00565528
        9490     1.39403     1.38213  0.00565469
        9491     1.39087     1.38213  0.00565409
        9492     1.38622     1.38213   0.0056535
        9493     1.38085     1.38213   0.0056529
        9494     1.37531     1.38213  0.00565231
        9495     1.36872     1.38212  0.00565171
        9496     1.36165     1.38212  0.00565112
        9497     1.35347     1.38212  0.00565052
        9498     1.34597     1.38212  0.00564993
        9499     1.33803     1.38211  0.00564934
        9500     1.33024     1.38211  0.00564874
        9501     1.32244      1.3821  0.00564815
        9502     1.31498     1.38209  0.00564756
        9503     1.30841     1.38208  0.00564697
        9504     1.30016     1.38208  0.00564639
        9505     1.29296     1.38207   0.0056458
        9506     1.28661     1.38206  0.00564521
        9507      1.2807     1.38205  0.00564463
        9508     1.27502     1.38203  0.00564405
        9509      1.2696     1.38202  0.00564347
        9510     1.26449     1.38201  0.00564289
        9511     1.26016       1.382  0.00564231
        9512     1.25615     1.38198  0.00564173
        9513     1.25246     1.38197  0.00564115
        9514     1.24982     1.38196  0.00564058
        9515     1.24749     1.38194     0.00564
        9516     1.24643     1.38193  0.00563943
        9517     1.24542     1.38191  0.00563885
        9518     1.24564      1.3819  0.00563828
        9519     1.24539     1.38189  0.00563771
        9520     1.24729     1.38187  0.00563713
        9521     1.24841     1.38186  0.00563656
        9522     1.25043     1.38184  0.00563598
        9523     1.25113     1.38183  0.00563541
        9524     1.25385     1.38182  0.00563483
        9525     1.25663      1.3818  0.00563425
        9526     1.25919     1.38179  0.00563368
        9527     1.26147     1.38178   0.0056331
        9528     1.26418     1.38177  0.00563252
        9529     1.26725     1.38175  0.00563194
        9530     1.27136     1.38174  0.00563137
        9531     1.27477     1.38173  0.00563079
        9532     1.27792     1.38172  0.00563021
        9533     1.28148     1.38171  0.00562962
        9534     1.28586      1.3817  0.00562904
        9535     1.28861     1.38169  0.00562846
        9536     1.29136     1.38168  0.00562788
        9537     1.29382     1.38167   0.0056273
        9538     1.29666     1.38166  0.00562671
        9539     1.29885     1.38165  0.00562613
        9540     1.29988     1.38164  0.00562555
        9541     1.30066     1.38164  0.00562496
        9542     1.30066     1.38163  0.00562438
        9543     1.30059     1.38162   0.0056238
        9544     1.29918     1.38161  0.00562322
        9545      1.2974      1.3816  0.00562263
        9546     1.29497     1.38159  0.00562205
        9547     1.29236     1.38158  0.00562147
        9548     1.28886     1.38157  0.00562089
        9549     1.28494     1.38156  0.00562031
        9550     1.27989     1.38155  0.00561973
        9551     1.27422     1.38154  0.00561916
        9552     1.26868     1.38153  0.00561858
        9553     1.26234     1.38152    0.005618
        9554     1.25526      1.3815  0.00561743
        9555     1.24772     1.38149  0.00561686
        9556      1.2398     1.38147  0.00561629
        9557     1.23131     1.38146  0.00561573
        9558     1.22281     1.38144  0.00561517
        9559     1.21342     1.38142  0.00561461
        9560     1.20394     1.38141  0.00561405
        9561      1.1947     1.38139   0.0056135
        9562      1.1853     1.38137  0.00561295
        9563     1.17751     1.38134   0.0056124
        9564     1.16853     1.38132  0.00561186
        9565     1.16036      1.3813  0.00561132
        9566     1.15286     1.38128  0.00561078
        9567     1.14609     1.38125  0.00561025
        9568      1.1399     1.38123  0.00560972
        9569     1.13436      1.3812  0.00560919
        9570      1.1288     1.38117  0.00560867
        9571     1.12449     1.38115  0.00560815
        9572     1.12197     1.38112  0.00560763
        9573     1.12008     1.38109  0.00560711
        9574     1.11935     1.38107  0.00560659
        9575     1.11837     1.38104  0.00560607
        9576     1.11815     1.38101  0.00560555
        9577     1.11991     1.38098  0.00560503
        9578     1.12271     1.38096  0.00560451
        9579     1.12609     1.38093  0.00560399
        9580     1.13151      1.3809  0.00560346
        9581     1.13704     1.38088  0.00560294
        9582     1.14365     1.38085  0.00560241
        9583     1.15159     1.38083  0.00560187
        9584     1.16061     1.38081  0.00560134
        9585     1.17045     1.38078   0.0056008
        9586     1.18183     1.38076  0.00560025
        9587     1.19375     1.38074   0.0055997
        9588     1.20693     1.38073  0.00559914
        9589     1.22013     1.38071  0.00559859
        9590     1.23476     1.38069  0.00559802
        9591     1.25054     1.38068  0.00559746
        9592     1.26767     1.38067  0.00559688
        9593     1.28515     1.38066  0.00559631
        9594     1.30291     1.38065  0.00559573
        9595     1.32187     1.38064  0.00559515
        9596     1.34173     1.38064  0.00559457
        9597     1.36193     1.38064  0.00559399
        9598      1.3836     1.38064  0.00559341
        9599     1.40473     1.38064  0.00559282
        9600     1.42644     1.38065  0.00559224
        9601     1.44792     1.38065  0.00559166
        9602     1.47004     1.38066  0.00559109
        9603     1.49196     1.38067  0.00559052
        9604     1.51505     1.38069  0.00558996
        9605     1.53653      1.3807   0.0055894
        9606     1.55728     1.38072  0.00558885
        9607     1.57838     1.38074   0.0055883
        9608     1.59951     1.38077  0.00558777
        9609     1.61889     1.38079  0.00558724
        9610     1.63834     1.38082  0.00558672
        9611     1.65661     1.38085  0.00558621
        9612     1.67482     1.38088  0.00558572
        9613     1.69147     1.38091  0.00558523
        9614     1.70821     1.38094  0.00558475
        9615     1.72357     1.38098  0.00558429
        9616     1.73827     1.38102  0.00558383
        9617     1.75135     1.38105  0.00558338
        9618      1.7638     1.38109  0.00558294
        9619      1.7754     1.38114  0.00558251
        9620     1.78598     1.38118  0.00558209
        9621     1.79606     1.38122  0.00558168
        9622     1.80621     1.38126  0.00558127
        9623     1.81507     1.38131  0.00558087
        9624     1.82343     1.38136  0.00558048
        9625     1.83162      1.3814   0.0055801
        9626     1.83926     1.38145  0.00557972
        9627     1.84692      1.3815  0.00557935
        9628     1.85394     1.38155  0.00557899
        9629     1.86114      1.3816  0.00557863
        9630     1.86906     1.38165  0.00557828
        9631      1.8768      1.3817  0.00557794
        9632     1.88442     1.38175   0.0055776
        9633     1.89243      1.3818  0.00557728
        9634     1.90039     1.38186  0.00557696
        9635      1.9083     1.38191  0.00557665
        9636     1.91569     1.38197  0.00557634
        9637     1.92399     1.38202  0.00557605
        9638     1.93295     1.38208  0.00557576
        9639     1.94156     1.38214  0.00557549
        9640     1.95075      1.3822  0.00557522
        9641     1.96024     1.38226  0.00557496
        9642     1.96924     1.38232  0.00557472
        9643      1.9784     1.38238  0.00557448
        9644     1.98694     1.38244  0.00557426
        9645     1.99527     1.38251  0.00557404
        9646     2.00378     1.38257  0.00557384
        9647     2.01239     1.38264  0.00557364
        9648     2.01983      1.3827  0.00557345
        9649     2.02722     1.38277  0.00557328
        9650     2.03301     1.38284  0.00557311
        9651     2.03884     1.38291  0.00557294
        9652     2.04292     1.38297  0.00557279
        9653     2.04686     1.38304  0.00557263
        9654     2.05012     1.38311  0.00557248
        9655     2.05214     1.38318  0.00557234
        9656     2.05261     1.38325  0.00557219
        9657     2.05219     1.38332  0.00557204
        9658     2.05107     1.38339   0.0055719
        9659     2.04942     1.38346  0.00557175
        9660     2.04553     1.38353  0.00557159
        9661      2.0403     1.38359  0.00557143
        9662     2.03371     1.38366  0.00557126
        9663     2.02645     1.38373  0.00557108
        9664     2.01754     1.38379  0.00557089
        9665     2.00649     1.38386  0.00557069
        9666     1.99449     1.38392  0.00557047
        9667     1.98131     1.38398  0.00557023
        9668     1.96602     1.38404  0.00556998
        9669     1.94959      1.3841  0.00556971
        9670     1.93158     1.38416  0.00556943
        9671     1.91252     1.38421  0.00556912
        9672     1.89222     1.38427  0.00556879
        9673     1.87074     1.38432  0.00556844
        9674      1.8479     1.38436  0.00556807
        9675     1.82427     1.38441  0.00556768
        9676     1.79943     1.38445  0.00556727
        9677     1.77421     1.38449  0.00556684
        9678     1.74868     1.38453  0.00556639
        9679     1.72173     1.38456  0.00556593
        9680     1.69418      1.3846  0.00556544
        9681     1.66539     1.38463  0.00556495
        9682     1.63713     1.38465  0.00556443
        9683     1.60926     1.38468  0.00556391
        9684     1.57946      1.3847  0.00556337
        9685     1.55022     1.38471  0.00556282
        9686     1.52163     1.38473  0.00556226
        9687     1.49232     1.38474   0.0055617
        9688     1.46332     1.38475  0.00556113
        9689     1.43401     1.38475  0.00556056
        9690      1.4054     1.38475  0.00555999
        9691     1.37613     1.38475  0.00555941
        9692     1.34771     1.38475  0.00555884
        9693      1.3207     1.38474  0.00555827
        9694     1.29346     1.38473  0.00555771
        9695     1.26654     1.38472  0.00555715
        9696      1.2405     1.38471  0.00555659
        9697     1.21514     1.38469  0.00555605
        9698     1.19076     1.38467  0.00555551
        9699     1.16743     1.38465  0.00555498
        9700     1.14495     1.38462  0.00555446
        9701     1.12266     1.38459  0.00555396
        9702     1.10132     1.38456  0.00555346
        9703     1.08172     1.38453  0.00555298
        9704     1.06244      1.3845   0.0055525
        9705     1.04353     1.38446  0.00555204
        9706     1.02647     1.38443  0.00555159
        9707     1.01082     1.38439  0.00555116
        9708    0.995638     1.38435  0.00555073
        9709    0.982148     1.38431  0.00555031
        9710    0.969651     1.38427   0.0055499
        9711    0.958641     1.38422   0.0055495
        9712    0.949602     1.38418  0.00554911
        9713    0.941331     1.38413  0.00554873
        9714    0.934308     1.38408  0.00554835
        9715    0.929236     1.38404  0.00554798
        9716    0.924658     1.38399  0.00554761
        9717    0.921033     1.38394  0.00554724
        9718    0.918573      1.3839  0.00554688
        9719    0.917241     1.38385  0.00554652
        9720    0.917237      1.3838  0.00554615
        9721    0.917793     1.38375  0.00554579
        9722    0.919579      1.3837  0.00554542
        9723    0.921816     1.38366  0.00554506
        9724    0.925886     1.38361  0.00554469
        9725    0.930286     1.38356  0.00554431
        9726    0.935436     1.38352  0.00554393
        9727     0.94151     1.38347  0.00554355
        9728    0.948202     1.38343  0.00554316
        9729    0.954481     1.38338  0.00554277
        9730    0.962688     1.38334  0.00554237
        9731    0.970114      1.3833  0.00554196
        9732      0.9779     1.38325  0.00554155
        9733    0.986712     1.38321  0.00554113
        9734    0.996493     1.38317   0.0055407
        9735     1.00599     1.38314  0.00554027
        9736     1.01565      1.3831  0.00553983
        9737     1.02542     1.38306  0.00553938
        9738     1.03528     1.38303  0.00553892
        9739     1.04447     1.38299  0.00553846
        9740     1.05345     1.38296    0.005538
        9741     1.06269     1.38292  0.00553753
        9742     1.07242     1.38289  0.00553705
        9743     1.08265     1.38286  0.00553657
        9744     1.09216     1.38283  0.00553608
        9745     1.10264      1.3828  0.00553559
        9746     1.11289     1.38277  0.00553509
        9747     1.12221     1.38275  0.00553459
        9748     1.13228     1.38272  0.00553408
        9749     1.14191      1.3827  0.00553357
        9750      1.1516     1.38267  0.00553305
        9751     1.16207     1.38265  0.00553253
        9752     1.17263     1.38263    0.005532
        9753     1.18206     1.38261  0.00553147
        9754     1.19278     1.38259  0.00553094
        9755     1.20335     1.38257   0.0055304
        9756     1.21354     1.38255  0.00552986
        9757     1.22382     1.38254  0.00552932
        9758     1.23347     1.38252  0.00552878
        9759     1.24466     1.38251  0.00552823
        9760     1.25546      1.3825  0.00552768
        9761     1.26681     1.38248  0.00552712
        9762      1.2792     1.38247  0.00552657
        9763     1.28996     1.38246  0.00552601
        9764     1.30124     1.38245  0.00552545
        9765     1.31231     1.38245  0.00552489
        9766     1.32411     1.38244  0.00552433
        9767     1.33469     1.38244  0.00552376
        9768     1.34571     1.38243   0.0055232
        9769     1.35666     1.38243  0.00552263
        9770     1.36725     1.38243  0.00552207
        9771     1.37842     1.38243   0.0055215
        9772     1.38915     1.38243  0.00552094
        9773     1.39913     1.38243  0.00552037
        9774     1.40952     1.38243  0.00551981
        9775     1.41857     1.38244  0.00551925
        9776     1.42813     1.38244  0.00551868
        9777     1.43621     1.38245  0.00551812
        9778     1.44489     1.38245  0.00551756
        9779      1.4529     1.38246    0.005517
        9780     1.45921     1.38247  0.00551644
        9781     1.46495     1.38248  0.00551588
        9782     1.47029     1.38249  0.00551533
        9783     1.47495      1.3825  0.00551477
        9784     1.47694     1.38251  0.00551422
        9785     1.47889     1.38252  0.00551366
        9786     1.47909     1.38253  0.00551311
        9787     1.47921     1.38254  0.00551255
        9788     1.47759     1.38254    0.005512
        9789     1.47546     1.38255  0.00551144
        9790     1.47309     1.38256  0.00551089
        9791     1.46934     1.38257  0.00551033
        9792     1.46451     1.38258  0.00550978
        9793     1.45844     1.38259  0.00550922
        9794      1.4517      1.3826  0.00550866
        9795     1.44438      1.3826   0.0055081
        9796     1.43681     1.38261  0.00550754
        9797     1.42909     1.38261  0.00550698
        9798     1.42181     1.38262  0.00550642
        9799     1.41336     1.38262  0.00550586
        9800     1.40577     1.38262   0.0055053
        9801     1.39767     1.38262  0.00550474
        9802     1.38913     1.38262  0.00550418
        9803     1.38166     1.38262  0.00550362
        9804     1.37314     1.38262  0.00550305
        9805     1.36505     1.38262  0.00550249
        9806     1.35671     1.38262  0.00550193
        9807     1.35004     1.38262  0.00550137
        9808     1.34264     1.38261  0.00550081
        9809     1.33596     1.38261  0.00550025
        9810       1.329      1.3826   0.0054997
        9811      1.3215     1.38259  0.00549914
        9812     1.31438     1.38259  0.00549858
        9813     1.30783     1.38258  0.00549803
        9814     1.30156     1.38257  0.00549747
        9815     1.29502     1.38256  0.00549692
        9816     1.28865     1.38255  0.00549637
        9817     1.28164     1.38254  0.00549582
        9818     1.27514     1.38253  0.00549527
        9819     1.26812     1.38252  0.00549472
        9820     1.26052     1.38251  0.00549418
        9821     1.25276     1.38249  0.00549363
        9822     1.24409     1.38248  0.00549309
        9823      1.2359     1.38247  0.00549255
        9824     1.22698     1.38245  0.00549202
        9825     1.21729     1.38243  0.00549148
        9826     1.20734     1.38242  0.00549095
        9827     1.19616      1.3824  0.00549043
        9828     1.18499     1.38238  0.00548991
        9829     1.17386     1.38236  0.00548939
        9830     1.16259     1.38233  0.00548888
        9831     1.15003     1.38231  0.00548837
        9832     1.13697     1.38228  0.00548787
        9833     1.12423     1.38226  0.00548737
        9834     1.11165     1.38223  0.00548688
        9835     1.09931      1.3822   0.0054864
        9836      1.0866     1.38217  0.00548593
        9837     1.07433     1.38214  0.00548546
        9838     1.06235     1.38211    0.005485
        9839     1.04982     1.38207  0.00548454
        9840      1.0385     1.38204   0.0054841
        9841     1.02753       1.382  0.00548366
        9842     1.01725     1.38197  0.00548322
        9843     1.00799     1.38193   0.0054828
        9844    0.999584     1.38189  0.00548238
        9845    0.992121     1.38185  0.00548197
        9846    0.985671     1.38181  0.00548156
        9847    0.979583     1.38177  0.00548115
        9848    0.975367     1.38173  0.00548075
        9849    0.971883     1.38169  0.00548035
        9850    0.969903     1.38164  0.00547996
        9851    0.969471      1.3816  0.00547956
        9852    0.970621     1.38156  0.00547916
        9853    0.972419     1.38152  0.00547876
        9854    0.976577     1.38148  0.00547836
        9855    0.981421     1.38144  0.00547796
        9856    0.988639      1.3814  0.00547754
        9857    0.996785     1.38136  0.00547713
        9858     1.00608     1.38132   0.0054767
        9859     1.01603     1.38128  0.00547627
        9860     1.02804     1.38125  0.00547584
        9861     1.04112     1.38121  0.00547539
        9862     1.05496     1.38118  0.00547493
        9863        1.07     1.38115  0.00547447
        9864     1.08593     1.38112    0.005474
        9865     1.10316     1.38109  0.00547351
        9866     1.12187     1.38106  0.00547302
        9867     1.14173     1.38104  0.00547252
        9868     1.16267     1.38102  0.00547201
        9869     1.18555       1.381  0.00547149
        9870     1.20716     1.38098  0.00547097
        9871     1.22909     1.38096  0.00547044
        9872      1.2515     1.38095   0.0054699
        9873     1.27574     1.38094  0.00546935
        9874     1.29956     1.38093  0.00546881
        9875     1.32409     1.38093  0.00546825
        9876     1.34802     1.38092   0.0054677
        9877     1.37201     1.38092  0.00546715
        9878     1.39527     1.38092   0.0054666
        9879      1.4194     1.38093  0.00546604
        9880     1.44314     1.38093  0.00546549
        9881     1.46668     1.38094  0.00546495
        9882     1.49091     1.38095  0.00546441
        9883     1.51388     1.38097  0.00546387
        9884     1.53601     1.38098  0.00546334
        9885     1.55848       1.381  0.00546282
        9886     1.58103     1.38102   0.0054623
        9887     1.60338     1.38104  0.00546179
        9888     1.62456     1.38107   0.0054613
        9889     1.64575      1.3811  0.00546081
        9890     1.66623     1.38112  0.00546033
        9891     1.68624     1.38115  0.00545987
        9892     1.70552     1.38119  0.00545942
        9893     1.72432     1.38122  0.00545897
        9894     1.74216     1.38126  0.00545854
        9895     1.76025      1.3813  0.00545813
        9896     1.77738     1.38134  0.00545772
        9897      1.7943     1.38138  0.00545733
        9898     1.81052     1.38142  0.00545695
        9899     1.82773     1.38147  0.00545659
        9900     1.84378     1.38151  0.00545624
        9901     1.85842     1.38156   0.0054559
        9902     1.87285     1.38161  0.00545557
        9903     1.88734     1.38166  0.00545526
        9904      1.9009     1.38172  0.00545496
        9905     1.91425     1.38177  0.00545467
        9906     1.92692     1.38182   0.0054544
        9907     1.93986     1.38188  0.00545414
        9908     1.95185     1.38194   0.0054539
        9909     1.96362       1.382  0.00545366
        9910     1.97418     1.38206  0.00545344
        9911     1.98449     1.38212  0.00545323
        9912     1.99525     1.38218  0.00545303
        9913     2.00427     1.38224  0.00545284
        9914     2.01321     1.38231  0.00545266
        9915      2.0211     1.38237  0.00545249
        9916     2.02958     1.38244  0.00545233
        9917     2.03646      1.3825  0.00545218
        9918     2.04244     1.38257  0.00545204
        9919     2.04796     1.38263   0.0054519
        9920     2.05202      1.3827  0.00545177
        9921     2.05579     1.38277  0.00545164
        9922     2.05948     1.38284  0.00545152
        9923     2.06208     1.38291   0.0054514
        9924     2.06307     1.38298  0.00545128
        9925     2.06484     1.38304  0.00545116
        9926     2.06494     1.38311  0.00545105
        9927     2.06408     1.38318  0.00545093
        9928     2.06174     1.38325  0.00545081
        9929     2.05863     1.38332  0.00545068
        9930     2.05472     1.38339  0.00545055
        9931     2.04979     1.38345  0.00545042
        9932     2.04358     1.38352  0.00545027
        9933      2.0361     1.38358  0.00545012
        9934     2.02808     1.38365  0.00544996
        9935     2.01906     1.38371  0.00544979
        9936     2.00859     1.38378   0.0054496
        9937     1.99717     1.38384   0.0054494
        9938     1.98436      1.3839  0.00544919
        9939     1.97117     1.38396  0.00544896
        9940     1.95787     1.38402  0.00544872
        9941      1.9438     1.38407  0.00544846
        9942     1.92877     1.38413  0.00544819
        9943     1.91258     1.38418   0.0054479
        9944     1.89577     1.38423  0.00544759
        9945     1.87888     1.38428  0.00544727
        9946     1.86027     1.38433  0.00544694
        9947     1.84288     1.38437  0.00544658
        9948     1.82436     1.38442  0.00544622
        9949     1.80501     1.38446  0.00544583
        9950     1.78582      1.3845  0.00544543
        9951     1.76637     1.38454  0.00544502
        9952     1.74719     1.38458   0.0054446
        9953     1.72686     1.38461  0.00544416
        9954     1.70735     1.38464  0.00544371
        9955     1.68751     1.38467  0.00544325
        9956     1.66784      1.3847  0.00544277
        9957     1.64693     1.38473  0.00544229
        9958     1.62722     1.38475   0.0054418
        9959     1.60753     1.38477   0.0054413
        9960     1.58767      1.3848  0.00544079
        9961      1.5674     1.38481  0.00544028
        9962     1.54772     1.38483  0.00543975
        9963     1.52817     1.38484  0.00543923
        9964     1.50832     1.38486   0.0054387
        9965     1.48888     1.38487  0.00543816
        9966     1.46967     1.38488  0.00543762
        9967     1.45022     1.38488  0.00543708
        9968     1.43176     1.38489  0.00543654
        9969      1.4129     1.38489  0.00543599
        9970     1.39534     1.38489  0.00543545
        9971     1.37792     1.38489   0.0054349
        9972     1.36092     1.38489  0.00543436
        9973     1.34414     1.38488  0.00543381
        9974     1.32786     1.38488  0.00543327
        9975     1.31214     1.38487  0.00543273
        9976     1.29656     1.38486  0.00543219
        9977     1.28211     1.38485  0.00543166
        9978     1.26912     1.38484  0.00543113
        9979     1.25644     1.38483   0.0054306
        9980     1.24461     1.38481  0.00543007
        9981     1.23276      1.3848  0.00542955
        9982     1.22359     1.38478  0.00542903
        9983     1.21479     1.38476  0.00542851
        9984     1.20642     1.38475    0.005428
        9985      1.1993     1.38473  0.00542749
        9986      1.1947     1.38471  0.00542698
        9987     1.19028     1.38469  0.00542647
        9988     1.18806     1.38467  0.00542596
        9989     1.18691     1.38465  0.00542545
        9990     1.18762     1.38463  0.00542495
        9991     1.19073     1.38461  0.00542444
        9992     1.19438     1.38459  0.00542393
        9993     1.20126     1.38457  0.00542342
        9994     1.20973     1.38456   0.0054229
        9995     1.21958     1.38454  0.00542238
        9996     1.23108     1.38452  0.00542186
        9997     1.24398     1.38451  0.00542134
        9998     1.25948      1.3845  0.00542081
        9999     1.27684     1.38449  0.00542028
       10000     1.29505     1.38448  0.00541975
